timestamp,open,high,low,close,volume
2024-06-13 22:00:00,0.01192290,0.01208390,0.01171790,0.01190450,13058869.57795460
2024-06-14 02:00:00,0.01190450,0.01205660,0.01162250,0.01186700,16211731.00096750
2024-06-14 06:00:00,0.01186700,0.01218730,0.01184820,0.01206630,13375973.37004100
2024-06-14 10:00:00,0.01206630,0.01226530,0.01189950,0.01207390,18011212.41345000
2024-06-14 14:00:00,0.01207390,0.01214670,0.01135690,0.01146960,27072069.66011690
2024-06-14 18:00:00,0.01146960,0.01150200,0.01058780,0.01085970,46966464.38538030
2024-06-14 22:00:00,0.01085970,0.01183730,0.01083920,0.01137360,30858029.60424940
2024-06-15 02:00:00,0.01137360,0.01180000,0.01132700,0.01171200,13583216.87323610
2024-06-15 06:00:00,0.01171200,0.01217820,0.01169080,0.01190970,21538013.08933960
2024-06-15 10:00:00,0.01190970,0.01210230,0.01183590,0.01199190,13253652.80060730
2024-06-15 14:00:00,0.01199190,0.01227990,0.01192910,0.01213360,20009410.90127280
2024-06-15 18:00:00,0.01213360,0.01224690,0.01161210,0.01181890,21130318.72992120
2024-06-15 22:00:00,0.01181890,0.01192110,0.01166330,0.01184520,10113056.19856940
2024-06-16 02:00:00,0.01184520,0.01188770,0.01156510,0.01162480,11771729.18666490
2024-06-16 06:00:00,0.01162480,0.01205920,0.01144510,0.01194130,17159512.34332390
2024-06-16 10:00:00,0.01194130,0.01209260,0.01182090,0.01190950,13152146.82379970
2024-06-16 14:00:00,0.01190950,0.01225740,0.01179390,0.01202550,17465132.02662010
2024-06-16 18:00:00,0.01202550,0.01240660,0.01197870,0.01226730,21954477.22800390
2024-06-16 22:00:00,0.01226730,0.01244930,0.01202910,0.01230560,17278651.69922790
2024-06-17 02:00:00,0.01230560,0.01241980,0.01182900,0.01191610,20504575.50094330
2024-06-17 06:00:00,0.01191610,0.01201800,0.01163300,0.01173480,16718723.83725950
2024-06-17 10:00:00,0.01173480,0.01178760,0.01133960,0.01161010,23030833.26968590
2024-06-17 14:00:00,0.01161010,0.01166060,0.01116280,0.01119940,22237467.38086910
2024-06-17 18:00:00,0.01119940,0.01179890,0.01070000,0.01157970,34295369.05404140
2024-06-17 22:00:00,0.01157970,0.01160120,0.01112930,0.01116110,18928403.16510170
2024-06-18 02:00:00,0.01116110,0.01124500,0.00962190,0.01056960,57218692.50015630
2024-06-18 06:00:00,0.01056960,0.01081030,0.01044170,0.01062050,21345870.99055130
2024-06-18 10:00:00,0.01062050,0.01084800,0.01037600,0.01055730,20565351.16719720
2024-06-18 14:00:00,0.01055730,0.01068260,0.01005520,0.01053980,39636945.52333560
2024-06-18 18:00:00,0.01053980,0.01058530,0.01014630,0.01044410,22109485.70159300
2024-06-18 22:00:00,0.01044410,0.01108050,0.01034340,0.01096390,22995572.25225040
2024-06-19 02:00:00,0.01096390,0.01159380,0.01076360,0.01145820,29535514.36247060
2024-06-19 06:00:00,0.01145820,0.01185860,0.01143500,0.01167230,25036643.00083900
2024-06-19 10:00:00,0.01167230,0.01169830,0.01126510,0.01138820,26564913.23788870
2024-06-19 14:00:00,0.01138820,0.01143380,0.01104320,0.01126960,20435343.98982740
2024-06-19 18:00:00,0.01126960,0.01189080,0.01124410,0.01163580,24691959.86438650
2024-06-19 22:00:00,0.01163580,0.01177660,0.01129230,0.01134460,16818999.63691380
2024-06-20 02:00:00,0.01134460,0.01151030,0.01108970,0.01137710,19433673.02299360
2024-06-20 06:00:00,0.01137710,0.01198310,0.01126450,0.01196420,22603285.17854510
2024-06-20 10:00:00,0.01196420,0.01223750,0.01167000,0.01204820,25882708.40717600
2024-06-20 14:00:00,0.01204820,0.01215210,0.01113200,0.01123090,39844237.77289620
2024-06-20 18:00:00,0.01123090,0.01136440,0.01087000,0.01130290,25532123.66039610
2024-06-20 22:00:00,0.01130290,0.01136240,0.01095670,0.01099130,12405854.70068580
2024-06-21 02:00:00,0.01099130,0.01120110,0.01077190,0.01095340,19358974.14696600
2024-06-21 06:00:00,0.01095340,0.01116260,0.01066130,0.01077500,15384759.78765310
2024-06-21 10:00:00,0.01077500,0.01135660,0.01055710,0.01126010,29804315.70164480
2024-06-21 14:00:00,0.01126010,0.01158880,0.01094590,0.01130480,33179019.75015670
2024-06-21 18:00:00,0.01130480,0.01164220,0.01111330,0.01160310,24308714.44789340
2024-06-21 22:00:00,0.01160310,0.01171990,0.01134440,0.01140590,14515755.21111690
2024-06-22 02:00:00,0.01140590,0.01162560,0.01124930,0.01147250,14509617.04048050
2024-06-22 06:00:00,0.01147250,0.01153210,0.01130200,0.01132940,12676217.63122000
2024-06-22 10:00:00,0.01132940,0.01137420,0.01117250,0.01135570,13272521.69209210
2024-06-22 14:00:00,0.01135570,0.01152610,0.01127530,0.01150410,12513007.37515380
2024-06-22 18:00:00,0.01150410,0.01158620,0.01140000,0.01151790,11999679.72115990
2024-06-22 22:00:00,0.01151790,0.01163430,0.01140590,0.01141600,11797049.99774990
2024-06-23 02:00:00,0.01141600,0.01184190,0.01137050,0.01175290,17484595.30647970
2024-06-23 06:00:00,0.01175290,0.01182970,0.01169680,0.01174680,11060132.12296520
2024-06-23 10:00:00,0.01174680,0.01178270,0.01146490,0.01157280,14046584.49743590
2024-06-23 14:00:00,0.01157280,0.01163020,0.01119200,0.01123280,18315450.98555780
2024-06-23 18:00:00,0.01123280,0.01126380,0.01103350,0.01117830,16455573.89347420
2024-06-23 22:00:00,0.01117830,0.01118130,0.01082380,0.01090880,20133671.40844070
2024-06-24 02:00:00,0.01090880,0.01105370,0.01060240,0.01086930,18549464.30770100
2024-06-24 06:00:00,0.01086930,0.01088950,0.01037250,0.01045890,22985315.11294380
2024-06-24 10:00:00,0.01045890,0.01080540,0.00995610,0.01070410,39024810.56747590
2024-06-24 14:00:00,0.01070410,0.01089320,0.01051940,0.01062890,19609542.21761160
2024-06-24 18:00:00,0.01062890,0.01108220,0.01057200,0.01072080,24859852.37418500
2024-06-24 22:00:00,0.01072080,0.01132420,0.01064080,0.01129080,23753664.48573780
2024-06-25 02:00:00,0.01129080,0.01200980,0.01126380,0.01190260,24844218.62800330
2024-06-25 06:00:00,0.01190260,0.01191940,0.01158580,0.01159840,21456816.47297110
2024-06-25 10:00:00,0.01159840,0.01210580,0.01155330,0.01193230,26895052.97276540
2024-06-25 14:00:00,0.01193230,0.01287010,0.01183590,0.01272420,45438894.55838150
2024-06-25 18:00:00,0.01272420,0.01304420,0.01254600,0.01283170,34824947.30889520
2024-06-25 22:00:00,0.01283170,0.01292580,0.01262400,0.01284570,18742303.88152450
2024-06-26 02:00:00,0.01284570,0.01345270,0.01270020,0.01294160,27610280.94936480
2024-06-26 06:00:00,0.01294160,0.01302320,0.01236090,0.01280330,28369923.21653840
2024-06-26 10:00:00,0.01280330,0.01281230,0.01235330,0.01250160,22763184.14093720
2024-06-26 14:00:00,0.01250160,0.01269860,0.01232720,0.01248350,20827901.78222220
2024-06-26 18:00:00,0.01248350,0.01260820,0.01211320,0.01260410,23758215.96698010
2024-06-26 22:00:00,0.01260410,0.01266450,0.01242260,0.01253600,12554504.44527630
2024-06-27 02:00:00,0.01253600,0.01273260,0.01238240,0.01268360,17583736.62925200
2024-06-27 06:00:00,0.01268360,0.01269610,0.01212420,0.01224970,19838404.00446740
2024-06-27 10:00:00,0.01224970,0.01248060,0.01218020,0.01219440,19177328.72722610
2024-06-27 14:00:00,0.01219440,0.01268120,0.01217670,0.01233220,32684131.78102940
2024-06-27 18:00:00,0.01233220,0.01241040,0.01215980,0.01220430,14891597.50490420
2024-06-27 22:00:00,0.01220430,0.01263900,0.01219810,0.01259220,12686822.39913710
2024-06-28 02:00:00,0.01259220,0.01264330,0.01222030,0.01237740,18505786.66448840
2024-06-28 06:00:00,0.01237740,0.01248140,0.01207700,0.01222650,13646033.05962970
2024-06-28 10:00:00,0.01222650,0.01246970,0.01216470,0.01243040,12120734.00200260
2024-06-28 14:00:00,0.01243040,0.01255570,0.01212740,0.01236260,25177625.24970250
2024-06-28 18:00:00,0.01236260,0.01241190,0.01161100,0.01163520,28257624.22004380
2024-06-28 22:00:00,0.01163520,0.01179320,0.01137560,0.01157590,16982604.24817950
2024-06-29 02:00:00,0.01157590,0.01180260,0.01156600,0.01168750,12874721.61695640
2024-06-29 06:00:00,0.01168750,0.01182980,0.01156150,0.01174770,10640497.38292520
2024-06-29 10:00:00,0.01174770,0.01184760,0.01167480,0.01177020,10010061.93452620
2024-06-29 14:00:00,0.01177020,0.01181470,0.01160980,0.01172680,11123250.79928870
2024-06-29 18:00:00,0.01172680,0.01173690,0.01142740,0.01155230,10242099.73451390
2024-06-29 22:00:00,0.01155230,0.01158700,0.01126000,0.01130630,11443793.96029750
2024-06-30 02:00:00,0.01130630,0.01142750,0.01098710,0.01102440,18059423.94685390
2024-06-30 06:00:00,0.01102440,0.01132370,0.01082380,0.01123710,21208812.70160120
2024-06-30 10:00:00,0.01123710,0.01139140,0.01113050,0.01124020,13205106.95401720
2024-06-30 14:00:00,0.01124020,0.01151650,0.01114040,0.01145540,14436524.35957770
2024-06-30 18:00:00,0.01145540,0.01164400,0.01126340,0.01161330,16928648.06986890
2024-06-30 22:00:00,0.01161330,0.01192350,0.01137760,0.01192350,16935394.40580120
2024-07-01 02:00:00,0.01192350,0.01216950,0.01174630,0.01201960,19453515.02726220
2024-07-01 06:00:00,0.01201960,0.01207680,0.01180170,0.01184310,11817522.51332050
2024-07-01 10:00:00,0.01184310,0.01185830,0.01133770,0.01141350,20196002.09509220
2024-07-01 14:00:00,0.01141350,0.01164250,0.01131330,0.01147750,20985646.54152000
2024-07-01 18:00:00,0.01147750,0.01171650,0.01145640,0.01163510,15146623.16553800
2024-07-01 22:00:00,0.01163510,0.01168840,0.01135740,0.01142170,11952358.56891600
2024-07-02 02:00:00,0.01142170,0.01158780,0.01133180,0.01152510,9933266.11143700
2024-07-02 06:00:00,0.01152510,0.01163430,0.01143490,0.01148510,11720342.46028180
2024-07-02 10:00:00,0.01148510,0.01155870,0.01137290,0.01151750,11016426.81297850
2024-07-02 14:00:00,0.01151750,0.01162890,0.01102760,0.01113390,24319549.82161300
2024-07-02 18:00:00,0.01113390,0.01127910,0.01097130,0.01120240,17656172.31925950
2024-07-02 22:00:00,0.01120240,0.01137260,0.01118390,0.01131680,7326871.14146700
2024-07-03 02:00:00,0.01131680,0.01134020,0.01060590,0.01089360,21491856.20207790
2024-07-03 06:00:00,0.01089360,0.01090990,0.01071280,0.01079660,11125831.88356110
2024-07-03 10:00:00,0.01079660,0.01085950,0.01035290,0.01050420,29698897.60806040
2024-07-03 14:00:00,0.01050420,0.01050450,0.01012530,0.01027870,28794160.49533940
2024-07-03 18:00:00,0.01027870,0.01035260,0.00996690,0.01003130,25956472.30972470
2024-07-03 22:00:00,0.01003130,0.01030180,0.01002980,0.01024310,16847915.74453900
2024-07-04 02:00:00,0.01024310,0.01036580,0.00923120,0.00978900,55507246.84657530
2024-07-04 06:00:00,0.00978900,0.00978830,0.00936120,0.00941570,19912040.58394900
2024-07-04 10:00:00,0.00941570,0.00972930,0.00936700,0.00959690,27264851.58284320
2024-07-04 14:00:00,0.00959690,0.00961830,0.00902000,0.00953910,41642259.41167410
2024-07-04 18:00:00,0.00953910,0.00966700,0.00943920,0.00944910,23242770.82210890
2024-07-04 22:00:00,0.00944910,0.00960580,0.00882560,0.00892390,24377378.20019240
2024-07-05 02:00:00,0.00892390,0.00898120,0.00768250,0.00789820,104311400.56535940
2024-07-05 06:00:00,0.00789820,0.00840280,0.00763000,0.00810730,49457806.33643420
2024-07-05 10:00:00,0.00810730,0.00852480,0.00769160,0.00845040,34844232.75012540
2024-07-05 14:00:00,0.00845040,0.00885680,0.00817670,0.00878190,42384892.71825740
2024-07-05 18:00:00,0.00878190,0.00917330,0.00867440,0.00897230,36621256.79532130
2024-07-05 22:00:00,0.00897230,0.00902350,0.00883050,0.00888130,14677192.05212120
2024-07-06 02:00:00,0.00888130,0.00929340,0.00870280,0.00887720,29448783.91644004
2024-07-06 06:00:00,0.00887720,0.00924410,0.00873110,0.00917950,16967259.01135180
2024-07-06 10:00:00,0.00917950,0.00921490,0.00897230,0.00907880,18409223.83393430
2024-07-06 14:00:00,0.00907880,0.00932770,0.00894140,0.00921630,19696264.11096060
2024-07-06 18:00:00,0.00921630,0.00983190,0.00917070,0.00976580,26245941.47022890
2024-07-06 22:00:00,0.00976580,0.00989730,0.00969270,0.00972710,13348017.52312970
2024-07-07 02:00:00,0.00972710,0.00973450,0.00943830,0.00954310,18389595.74528950
2024-07-07 06:00:00,0.00954310,0.00956160,0.00907310,0.00916280,31935475.52312140
2024-07-07 10:00:00,0.00916280,0.00932030,0.00913180,0.00920000,21687254.90702830
2024-07-07 14:00:00,0.00920000,0.00930920,0.00871430,0.00886810,37461706.79536160
2024-07-07 18:00:00,0.00886810,0.00905250,0.00881700,0.00892010,19785830.28857490
2024-07-07 22:00:00,0.00892010,0.00894970,0.00833390,0.00840490,28363998.88366400
2024-07-08 02:00:00,0.00840490,0.00846530,0.00774650,0.00824450,65391553.85566780
2024-07-08 06:00:00,0.00824450,0.00852260,0.00818740,0.00836610,32924759.55900100
2024-07-08 10:00:00,0.00836610,0.00920990,0.00833560,0.00890810,67903633.85368830
2024-07-08 14:00:00,0.00890810,0.00926450,0.00846660,0.00885560,92655929.51071480
2024-07-08 18:00:00,0.00885560,0.00948310,0.00875250,0.00938060,42324251.17867050
2024-07-08 22:00:00,0.00938060,0.00951350,0.00912660,0.00914300,26924856.87751670
2024-07-09 02:00:00,0.00914300,0.00957200,0.00904900,0.00953910,29555770.29699150
2024-07-09 06:00:00,0.00953910,0.00956190,0.00921820,0.00925010,25157179.51736370
2024-07-09 10:00:00,0.00925010,0.00945070,0.00896410,0.00905520,33533917.52031451
2024-07-09 14:00:00,0.00905520,0.00933290,0.00889510,0.00905320,35426871.47431390
2024-07-09 18:00:00,0.00905320,0.00914920,0.00889110,0.00904770,20251501.32037100
2024-07-09 22:00:00,0.00904770,0.00912460,0.00890410,0.00907900,16631748.47460330
2024-07-10 02:00:00,0.00907900,0.00910110,0.00876000,0.00909360,19554679.97604060
2024-07-10 06:00:00,0.00909360,0.00943940,0.00908480,0.00925850,29002677.20049320
2024-07-10 10:00:00,0.00925850,0.00928720,0.00907590,0.00916230,20027736.31136360
2024-07-10 14:00:00,0.00916230,0.00937190,0.00898170,0.00929240,33310454.78355310
2024-07-10 18:00:00,0.00929240,0.00939350,0.00915200,0.00917780,15073102.06120730
2024-07-10 22:00:00,0.00917780,0.00922370,0.00900770,0.00919460,13550956.39348760
2024-07-11 02:00:00,0.00919460,0.00927980,0.00898740,0.00907710,19847686.33760800
2024-07-11 06:00:00,0.00907710,0.00935480,0.00904670,0.00930390,19458870.16895370
2024-07-11 10:00:00,0.00930390,0.00947810,0.00920430,0.00939730,24832969.56901590
2024-07-11 14:00:00,0.00939730,0.00976470,0.00908410,0.00914970,55598111.48408340
2024-07-11 18:00:00,0.00914970,0.00922250,0.00902150,0.00909220,21515285.92873130
2024-07-11 22:00:00,0.00909220,0.00911010,0.00880010,0.00889430,21406270.35047030
2024-07-12 02:00:00,0.00889430,0.00897480,0.00867220,0.00880900,20870400.82277380
2024-07-12 06:00:00,0.00880900,0.00882690,0.00850260,0.00866510,22379389.59424240
2024-07-12 10:00:00,0.00866510,0.00869100,0.00827740,0.00836160,28762747.40025440
2024-07-12 14:00:00,0.00836160,0.00890080,0.00835340,0.00888360,30007730.29305630
2024-07-12 18:00:00,0.00888360,0.00893230,0.00871460,0.00871940,20150830.94959900
2024-07-12 22:00:00,0.00871940,0.00873370,0.00856590,0.00868160,13893093.68156630
2024-07-13 02:00:00,0.00868160,0.00884150,0.00863870,0.00876590,13946455.27730510
2024-07-13 06:00:00,0.00876590,0.00892520,0.00875720,0.00882940,15159165.10665110
2024-07-13 10:00:00,0.00882940,0.00885950,0.00861990,0.00870240,21122603.54099720
2024-07-13 14:00:00,0.00870240,0.00879670,0.00851000,0.00865100,19274351.10111320
2024-07-13 18:00:00,0.00865100,0.00874190,0.00856500,0.00868390,14518972.75932720
2024-07-13 22:00:00,0.00868390,0.00888280,0.00845730,0.00868590,21269232.66742490
2024-07-14 02:00:00,0.00868590,0.00904350,0.00864560,0.00895260,25742138.04425900
2024-07-14 06:00:00,0.00895260,0.00914990,0.00893460,0.00900380,23831016.69286980
2024-07-14 10:00:00,0.00900380,0.00915990,0.00891560,0.00897210,23527175.74766220
2024-07-14 14:00:00,0.00897210,0.00897850,0.00859070,0.00871120,26558788.81280030
2024-07-14 18:00:00,0.00871120,0.00877140,0.00867000,0.00873730,14161170.75016000
2024-07-14 22:00:00,0.00873730,0.00935130,0.00872230,0.00920180,36126793.70604740
2024-07-15 02:00:00,0.00920180,0.00985090,0.00913610,0.00971680,52735209.36013770
2024-07-15 06:00:00,0.00971680,0.00978330,0.00950730,0.00971380,28441342.28148520
2024-07-15 10:00:00,0.00971380,0.00978140,0.00937210,0.00948680,28504403.04202080
2024-07-15 14:00:00,0.00948680,0.00979310,0.00948170,0.00970170,32851383.25722670
2024-07-15 18:00:00,0.00970170,0.01078640,0.00962820,0.01059200,70599941.69861799
2024-07-15 22:00:00,0.01059200,0.01145980,0.01056450,0.01132390,56100114.70815950
2024-07-16 02:00:00,0.01132390,0.01272690,0.01131570,0.01228630,74740492.57307190
2024-07-16 06:00:00,0.01228630,0.01254420,0.01151460,0.01157110,88594590.57011721
2024-07-16 10:00:00,0.01157110,0.01225420,0.01114480,0.01207850,74937857.73196870
2024-07-16 14:00:00,0.01207850,0.01240000,0.01158820,0.01230330,63604337.99416650
2024-07-16 18:00:00,0.01230330,0.01264760,0.01194720,0.01243070,70403304.06737730
2024-07-16 22:00:00,0.01243070,0.01255550,0.01201420,0.01237410,36365849.80716680
2024-07-17 02:00:00,0.01237410,0.01289520,0.01225510,0.01244580,47753225.83496930
2024-07-17 06:00:00,0.01244580,0.01264720,0.01232460,0.01233660,33358958.10575220
2024-07-17 10:00:00,0.01233660,0.01241830,0.01181000,0.01198430,58090151.91888990
2024-07-17 14:00:00,0.01198430,0.01209500,0.01171750,0.01187250,40830696.37501730
2024-07-17 18:00:00,0.01187250,0.01199590,0.01152470,0.01193230,35061603.15348170
2024-07-17 22:00:00,0.01193230,0.01197970,0.01163980,0.01168500,20993988.35063840
2024-07-18 02:00:00,0.01168500,0.01203480,0.01165030,0.01189310,28127825.04265780
2024-07-18 06:00:00,0.01189310,0.01201880,0.01171800,0.01188390,29478568.99657520
2024-07-18 10:00:00,0.01188390,0.01222380,0.01176510,0.01188000,35843193.88797680
2024-07-18 14:00:00,0.01188000,0.01222870,0.01153650,0.01155280,42919484.38489050
2024-07-18 18:00:00,0.01155280,0.01161790,0.01122980,0.01129590,34319579.20916870
2024-07-18 22:00:00,0.01129590,0.01174950,0.01126050,0.01164490,20225430.93167120
2024-07-19 02:00:00,0.01164490,0.01170480,0.01138510,0.01168110,22044760.62877910
2024-07-19 06:00:00,0.01168110,0.01179930,0.01143200,0.01145570,25404547.49651170
2024-07-19 10:00:00,0.01145570,0.01156270,0.01129050,0.01145330,27847230.93989970
2024-07-19 14:00:00,0.01145330,0.01210910,0.01140010,0.01196510,43526076.32965700
2024-07-19 18:00:00,0.01196510,0.01302840,0.01196090,0.01296970,56513715.98159900
2024-07-19 22:00:00,0.01296970,0.01299150,0.01258670,0.01269380,30059990.73189060
2024-07-20 02:00:00,0.01269380,0.01276170,0.01198940,0.01216560,38659616.43327870
2024-07-20 06:00:00,0.01216560,0.01233140,0.01212490,0.01217130,20424395.27213080
2024-07-20 10:00:00,0.01217130,0.01224050,0.01201250,0.01207220,19715813.75838450
2024-07-20 14:00:00,0.01207220,0.01229140,0.01191360,0.01229140,22750215.92578700
2024-07-20 18:00:00,0.01229140,0.01252220,0.01217550,0.01223130,33351647.32817460
2024-07-20 22:00:00,0.01223130,0.01235990,0.01210990,0.01220840,16691047.17244460
2024-07-21 02:00:00,0.01220840,0.01231350,0.01211580,0.01219840,13074030.28011660
2024-07-21 06:00:00,0.01219840,0.01222030,0.01179390,0.01198620,21719762.11068950
2024-07-21 10:00:00,0.01198620,0.01217360,0.01198620,0.01212090,15507034.09708150
2024-07-21 14:00:00,0.01212090,0.01228740,0.01193480,0.01216570,22861269.82848730
2024-07-21 18:00:00,0.01216570,0.01240270,0.01155600,0.01217680,56038735.30820560
2024-07-21 22:00:00,0.01217680,0.01273710,0.01214300,0.01249540,35805111.78365520
2024-07-22 02:00:00,0.01249540,0.01267730,0.01227400,0.01232770,23461374.81048310
2024-07-22 06:00:00,0.01232770,0.01235590,0.01200000,0.01202290,20495291.20860490
2024-07-22 10:00:00,0.01202290,0.01226840,0.01196460,0.01224590,17148138.68569990
2024-07-22 14:00:00,0.01224590,0.01240990,0.01198840,0.01214110,24749588.69070440
2024-07-22 18:00:00,0.01214110,0.01234720,0.01204050,0.01233920,16786178.91163890
2024-07-22 22:00:00,0.01233920,0.01235930,0.01171670,0.01188210,26635414.79646900
2024-07-23 02:00:00,0.01188210,0.01233310,0.01186690,0.01215560,23430327.49837410
2024-07-23 06:00:00,0.01215560,0.01218990,0.01160220,0.01173050,31602059.29423430
2024-07-23 10:00:00,0.01173050,0.01230780,0.01170220,0.01207340,37795311.08027140
2024-07-23 14:00:00,0.01207340,0.01224930,0.01170500,0.01200640,40723470.36290670
2024-07-23 18:00:00,0.01200640,0.01224460,0.01167620,0.01213660,36178167.67699090
2024-07-23 22:00:00,0.01213660,0.01274340,0.01210950,0.01253450,51596927.40397770
2024-07-24 02:00:00,0.01253450,0.01276220,0.01205220,0.01219850,36032241.13819650
2024-07-24 06:00:00,0.01219850,0.01221000,0.01197860,0.01219320,18853778.34444550
2024-07-24 10:00:00,0.01219320,0.01283980,0.01215120,0.01256710,39936947.59972560
2024-07-24 14:00:00,0.01256710,0.01315570,0.01244300,0.01258440,58786472.02080900
2024-07-24 18:00:00,0.01258440,0.01275600,0.01220830,0.01224440,39622348.96390040
2024-07-24 22:00:00,0.01224440,0.01237250,0.01202320,0.01220350,25048552.91222110
2024-07-25 02:00:00,0.01220350,0.01226760,0.01160970,0.01173860,41903077.02863040
2024-07-25 06:00:00,0.01173860,0.01188110,0.01157130,0.01173300,24130371.52028730
2024-07-25 10:00:00,0.01173300,0.01216730,0.01164210,0.01169820,30227579.03577610
2024-07-25 14:00:00,0.01169820,0.01185200,0.01121120,0.01176620,44969237.06531790
2024-07-25 18:00:00,0.01176620,0.01186780,0.01111150,0.01128470,30809044.95085360
2024-07-25 22:00:00,0.01128470,0.01162510,0.01083310,0.01147460,39317691.89692690
2024-07-26 02:00:00,0.01147460,0.01206440,0.01140130,0.01177910,31382322.63970740
2024-07-26 06:00:00,0.01177910,0.01198960,0.01175440,0.01178630,22144383.89326390
2024-07-26 10:00:00,0.01178630,0.01193900,0.01173730,0.01191000,17637290.16155760
2024-07-26 14:00:00,0.01191000,0.01204500,0.01176990,0.01194070,28498596.43412890
2024-07-26 18:00:00,0.01194070,0.01211790,0.01185730,0.01203190,21720723.45507050
2024-07-26 22:00:00,0.01203190,0.01209910,0.01189930,0.01202360,16398011.80833040
2024-07-27 02:00:00,0.01202360,0.01203580,0.01187230,0.01191570,13201106.31896160
2024-07-27 06:00:00,0.01191570,0.01216260,0.01190480,0.01207860,18068410.21511600
2024-07-27 10:00:00,0.01207860,0.01215160,0.01201140,0.01207300,16405681.71489300
2024-07-27 14:00:00,0.01207300,0.01247830,0.01197230,0.01209130,40190924.00009290
2024-07-27 18:00:00,0.01209130,0.01212490,0.01170630,0.01191490,31339192.38340230
2024-07-27 22:00:00,0.01191490,0.01216480,0.01158230,0.01190330,34484840.17960520
2024-07-28 02:00:00,0.01190330,0.01196810,0.01173860,0.01179330,17597588.50822970
2024-07-28 06:00:00,0.01179330,0.01181430,0.01157250,0.01176670,18841245.20227320
2024-07-28 10:00:00,0.01176670,0.01187830,0.01166620,0.01179740,14619436.49095650
2024-07-28 14:00:00,0.01179740,0.01186330,0.01164340,0.01170420,15420733.64748240
2024-07-28 18:00:00,0.01170420,0.01184030,0.01165560,0.01172760,11151074.59295280
2024-07-28 22:00:00,0.01172760,0.01175430,0.01153520,0.01173960,14991724.73997430
2024-07-29 02:00:00,0.01173960,0.01224810,0.01169500,0.01210800,28777579.90656560
2024-07-29 06:00:00,0.01210800,0.01225880,0.01203950,0.01220180,18694486.43452970
2024-07-29 10:00:00,0.01220180,0.01241720,0.01216100,0.01219770,23965177.04891250
2024-07-29 14:00:00,0.01219770,0.01228520,0.01177890,0.01186570,34596903.05228300
2024-07-29 18:00:00,0.01186570,0.01195120,0.01169390,0.01191460,21291643.58761000
2024-07-29 22:00:00,0.01191460,0.01207500,0.01176500,0.01178790,18833830.66602100
2024-07-30 02:00:00,0.01178790,0.01202480,0.01166290,0.01183210,20061756.93917450
2024-07-30 06:00:00,0.01183210,0.01191960,0.01173740,0.01188520,12141749.19059620
2024-07-30 10:00:00,0.01188520,0.01193910,0.01165140,0.01170450,18357410.33855690
2024-07-30 14:00:00,0.01170450,0.01174950,0.01141320,0.01158660,27827833.29713080
2024-07-30 18:00:00,0.01158660,0.01163530,0.01116000,0.01122540,25921387.96943850
2024-07-30 22:00:00,0.01122540,0.01133740,0.01103000,0.01130130,18263646.95084560
2024-07-31 02:00:00,0.01130130,0.01142090,0.01118910,0.01135480,16676270.09082450
2024-07-31 06:00:00,0.01135480,0.01151720,0.01111200,0.01136440,21710500.74922460
2024-07-31 10:00:00,0.01136440,0.01142510,0.01125070,0.01134560,13669772.40462360
2024-07-31 14:00:00,0.01134560,0.01163530,0.01132280,0.01144770,22349519.54169740
2024-07-31 18:00:00,0.01144770,0.01156440,0.01108510,0.01114360,26672909.12808360
2024-07-31 22:00:00,0.01114360,0.01120460,0.01086650,0.01104560,26318468.91805450
2024-08-01 02:00:00,0.01104560,0.01114410,0.01091000,0.01093340,17899317.66267270
2024-08-01 06:00:00,0.01093340,0.01095940,0.01039170,0.01052770,32552024.20020720
2024-08-01 10:00:00,0.01052770,0.01063210,0.01039190,0.01047040,18423562.09570080
2024-08-01 14:00:00,0.01047040,0.01067380,0.00993520,0.01014130,45503692.87706400
2024-08-01 18:00:00,0.01014130,0.01018950,0.00973530,0.01004020,42450136.36991540
2024-08-01 22:00:00,0.01004020,0.01063160,0.01001980,0.01051660,30724142.32634000
2024-08-02 02:00:00,0.01051660,0.01059990,0.01013430,0.01030110,21517432.57910220
2024-08-02 06:00:00,0.01030110,0.01032500,0.00988110,0.01000930,21762226.53882280
2024-08-02 10:00:00,0.01000930,0.01028840,0.00990160,0.01017140,20676213.04914360
2024-08-02 14:00:00,0.01017140,0.01057430,0.00945700,0.00978300,53026063.21118770
2024-08-02 18:00:00,0.00978300,0.00996160,0.00952470,0.00967000,26303576.67726050
2024-08-02 22:00:00,0.00967000,0.00981040,0.00922550,0.00932590,34689372.03472660
2024-08-03 02:00:00,0.00932590,0.00942670,0.00888570,0.00933100,30330997.96616540
2024-08-03 06:00:00,0.00933100,0.00951430,0.00924660,0.00945070,19884212.72449370
2024-08-03 10:00:00,0.00945070,0.00944950,0.00929790,0.00940930,19791047.33192440
2024-08-03 14:00:00,0.00940930,0.00954180,0.00887750,0.00892910,33366073.40857900
2024-08-03 18:00:00,0.00892910,0.00896360,0.00835300,0.00836410,49784448.95500780
2024-08-03 22:00:00,0.00836410,0.00868950,0.00828510,0.00861650,26667472.84614610
2024-08-04 02:00:00,0.00861650,0.00875400,0.00854200,0.00862840,15927577.08968410
2024-08-04 06:00:00,0.00862840,0.00866160,0.00825540,0.00828440,22142307.62243850
2024-08-04 10:00:00,0.00828440,0.00862020,0.00813440,0.00853000,26479522.97676980
2024-08-04 14:00:00,0.00853000,0.00876460,0.00796640,0.00797920,39978022.84730900
2024-08-04 18:00:00,0.00797920,0.00847010,0.00766070,0.00838840,57442320.31671980
2024-08-04 22:00:00,0.00838840,0.00852740,0.00804240,0.00809270,28534251.37684780
2024-08-05 02:00:00,0.00809270,0.00825020,0.00688020,0.00702850,124669087.04355530
2024-08-05 06:00:00,0.00702850,0.00718090,0.00603970,0.00683630,126330842.09069130
2024-08-05 10:00:00,0.00683630,0.00687120,0.00585080,0.00618910,73979016.60763881
2024-08-05 14:00:00,0.00618910,0.00718380,0.00595700,0.00715960,125609715.71287450
2024-08-05 18:00:00,0.00715960,0.00760840,0.00696770,0.00708010,57197043.54961400
2024-08-05 22:00:00,0.00708010,0.00733760,0.00702820,0.00703870,27742721.90197970
2024-08-06 02:00:00,0.00703870,0.00782810,0.00702460,0.00766530,37712356.63433630
2024-08-06 06:00:00,0.00766530,0.00817690,0.00761710,0.00802890,141495505.13384280
2024-08-06 10:00:00,0.00802890,0.00802820,0.00758500,0.00764440,38834570.83729520
2024-08-06 14:00:00,0.00764440,0.00798840,0.00747500,0.00787800,53416467.88033150
2024-08-06 18:00:00,0.00787800,0.00810400,0.00782050,0.00787820,34895149.39026040
2024-08-06 22:00:00,0.00787820,0.00806870,0.00769220,0.00773600,26340051.46055130
2024-08-07 02:00:00,0.00773600,0.00805610,0.00757550,0.00799950,35063898.27782310
2024-08-07 06:00:00,0.00799950,0.00836670,0.00794680,0.00804870,44145563.81414296
2024-08-07 10:00:00,0.00804870,0.00837820,0.00800040,0.00803200,45394781.76635781
2024-08-07 14:00:00,0.00803200,0.00824790,0.00760560,0.00778620,66396396.09759828
2024-08-07 18:00:00,0.00778620,0.00783960,0.00741820,0.00748380,39999402.08748298
2024-08-07 22:00:00,0.00748380,0.00764220,0.00725920,0.00736540,30533148.49473567
2024-08-08 02:00:00,0.00736540,0.00794610,0.00718760,0.00775800,37722360.87597444
2024-08-08 06:00:00,0.00775800,0.00788720,0.00771510,0.00771620,22273998.36564720
2024-08-08 10:00:00,0.00771620,0.00790860,0.00771290,0.00784530,21588392.70571600
2024-08-08 14:00:00,0.00784530,0.00826780,0.00780230,0.00812310,48058089.59541520
2024-08-08 18:00:00,0.00812310,0.00841130,0.00809230,0.00819380,33466404.12574680
2024-08-08 22:00:00,0.00819380,0.00888260,0.00818640,0.00876180,40827937.67582220
2024-08-09 02:00:00,0.00876180,0.00898810,0.00860410,0.00873330,32691018.14555400
2024-08-09 06:00:00,0.00873330,0.00880550,0.00848850,0.00872520,25909195.85880210
2024-08-09 10:00:00,0.00872520,0.00881210,0.00846230,0.00855120,28309242.82230080
2024-08-09 14:00:00,0.00855120,0.00872320,0.00831040,0.00834780,37628382.95621430
2024-08-09 18:00:00,0.00834780,0.00848070,0.00831290,0.00844330,21715091.89667590
2024-08-09 22:00:00,0.00844330,0.00853620,0.00831880,0.00851590,20009436.99527870
2024-08-10 02:00:00,0.00851590,0.00869990,0.00837630,0.00841030,18050980.57616330
2024-08-10 06:00:00,0.00841030,0.00846800,0.00827350,0.00846040,13702771.18919670
2024-08-10 10:00:00,0.00846040,0.00851770,0.00837920,0.00850400,13389355.25912480
2024-08-10 14:00:00,0.00850400,0.00852480,0.00830270,0.00836130,18390225.94448670
2024-08-10 18:00:00,0.00836130,0.00848790,0.00832820,0.00843550,21277097.83608420
2024-08-10 22:00:00,0.00843550,0.00849580,0.00838010,0.00842790,10981885.29039730
2024-08-11 02:00:00,0.00842790,0.00876680,0.00839850,0.00872620,20868190.32648960
2024-08-11 06:00:00,0.00872620,0.00876400,0.00855500,0.00862590,18140639.15685830
2024-08-11 10:00:00,0.00862590,0.00877550,0.00840200,0.00844260,27982612.53002300
2024-08-11 14:00:00,0.00844260,0.00846180,0.00799200,0.00803400,33493219.31568970
2024-08-11 18:00:00,0.00803400,0.00812370,0.00783990,0.00784260,25922040.26740820
2024-08-11 22:00:00,0.00784260,0.00785600,0.00764880,0.00771800,30127049.46849960
2024-08-12 02:00:00,0.00771800,0.00794590,0.00770230,0.00782990,21517642.01896770
2024-08-12 06:00:00,0.00782990,0.00804760,0.00770880,0.00801450,20695480.85049680
2024-08-12 10:00:00,0.00801450,0.00848960,0.00801460,0.00847530,39677515.63288470
2024-08-12 14:00:00,0.00847530,0.00849390,0.00790700,0.00825490,61404821.37165780
2024-08-12 18:00:00,0.00825490,0.00831660,0.00795640,0.00800470,25361276.02149710
2024-08-12 22:00:00,0.00800470,0.00830960,0.00795280,0.00822450,22290124.08769160
2024-08-13 02:00:00,0.00822450,0.00836510,0.00796060,0.00800480,20374177.61462350
2024-08-13 06:00:00,0.00800480,0.00812510,0.00791150,0.00804250,18030978.46172130
2024-08-13 10:00:00,0.00804250,0.00806130,0.00788860,0.00803760,18761182.06777940
2024-08-13 14:00:00,0.00803760,0.00814830,0.00797420,0.00803790,23313184.31373750
2024-08-13 18:00:00,0.00803790,0.00836990,0.00802660,0.00814880,32936528.49850100
2024-08-13 22:00:00,0.00814880,0.00827480,0.00810330,0.00818010,14210268.97014920
2024-08-14 02:00:00,0.00818010,0.00825110,0.00809090,0.00816480,15994431.45003680
2024-08-14 06:00:00,0.00816480,0.00823900,0.00810550,0.00820530,17790855.74401300
2024-08-14 10:00:00,0.00820530,0.00832770,0.00814680,0.00827820,19695288.60169190
2024-08-14 14:00:00,0.00827820,0.00846810,0.00790800,0.00808560,48940088.01722240
2024-08-14 18:00:00,0.00808560,0.00810870,0.00795840,0.00799240,15871665.91003220
2024-08-14 22:00:00,0.00799240,0.00807000,0.00789790,0.00800550,13747054.44118780
2024-08-15 02:00:00,0.00800550,0.00805850,0.00789550,0.00796540,14205072.92653330
2024-08-15 06:00:00,0.00796540,0.00800250,0.00773770,0.00784320,21225161.53892430
2024-08-15 10:00:00,0.00784320,0.00796010,0.00780710,0.00793370,17653022.11690020
2024-08-15 14:00:00,0.00793370,0.00806160,0.00786870,0.00801860,26822791.76211040
2024-08-15 18:00:00,0.00801860,0.00804730,0.00740450,0.00750500,40329100.90551740
2024-08-15 22:00:00,0.00750500,0.00750990,0.00720590,0.00744120,34416191.38655510
2024-08-16 02:00:00,0.00744120,0.00758390,0.00735660,0.00739790,20391598.87351130
2024-08-16 06:00:00,0.00739790,0.00755670,0.00734500,0.00750270,17374125.18676170
2024-08-16 10:00:00,0.00750270,0.00751970,0.00729810,0.00735050,17435295.82259050
2024-08-16 14:00:00,0.00735050,0.00741490,0.00692070,0.00700330,50830574.36695260
2024-08-16 18:00:00,0.00700330,0.00729730,0.00686770,0.00724050,40458480.49203650
2024-08-16 22:00:00,0.00724050,0.00733380,0.00713740,0.00717580,21431635.43654470
2024-08-17 02:00:00,0.00717580,0.00729910,0.00712680,0.00722610,16189519.15639900
2024-08-17 06:00:00,0.00722610,0.00726060,0.00717490,0.00724200,12761201.07023060
2024-08-17 10:00:00,0.00724200,0.00728550,0.00710360,0.00715210,18152639.45889710
2024-08-17 14:00:00,0.00715210,0.00743780,0.00713580,0.00731380,26929416.10948890
2024-08-17 18:00:00,0.00731380,0.00752720,0.00730260,0.00737550,22501538.98866070
2024-08-17 22:00:00,0.00737550,0.00770340,0.00734120,0.00747970,22088113.31429820
2024-08-18 02:00:00,0.00747970,0.00757350,0.00741720,0.00743080,16843632.48794750
2024-08-18 06:00:00,0.00743080,0.00746640,0.00735970,0.00742570,12244124.62827430
2024-08-18 10:00:00,0.00742570,0.00756380,0.00739830,0.00753150,18854220.79271130
2024-08-18 14:00:00,0.00753150,0.00760960,0.00745330,0.00753220,19360493.51991860
2024-08-18 18:00:00,0.00753220,0.00762300,0.00739580,0.00747120,17628569.75150100
2024-08-18 22:00:00,0.00747120,0.00756010,0.00727770,0.00728810,17608447.25949410
2024-08-19 02:00:00,0.00728810,0.00741380,0.00720680,0.00738190,18827935.56276260
2024-08-19 06:00:00,0.00738190,0.00739210,0.00726470,0.00730700,12288197.33696300
2024-08-19 10:00:00,0.00730700,0.00737040,0.00715480,0.00728230,18352756.81174710
2024-08-19 14:00:00,0.00728230,0.00744820,0.00722480,0.00736310,23524191.86466430
2024-08-19 18:00:00,0.00736310,0.00770740,0.00730130,0.00752830,25095553.10649440
2024-08-19 22:00:00,0.00752830,0.00769580,0.00751110,0.00767820,12639875.24993080
2024-08-20 02:00:00,0.00767820,0.00784490,0.00763260,0.00770720,18393251.90342970
2024-08-20 06:00:00,0.00770720,0.00817760,0.00769630,0.00816060,35070139.45354380
2024-08-20 10:00:00,0.00816060,0.00828080,0.00796360,0.00800480,36567526.31740300
2024-08-20 14:00:00,0.00800480,0.00806530,0.00766270,0.00775310,37581589.52248490
2024-08-20 18:00:00,0.00775310,0.00786760,0.00771370,0.00782370,17692294.59289490
2024-08-20 22:00:00,0.00782370,0.00786160,0.00773720,0.00775300,12464276.20284470
2024-08-21 02:00:00,0.00775300,0.00780090,0.00763420,0.00773030,13161746.72991250
2024-08-21 06:00:00,0.00773030,0.00784050,0.00770190,0.00781210,10573812.76303090
2024-08-21 10:00:00,0.00781210,0.00783820,0.00765210,0.00770040,15294438.24671990
2024-08-21 14:00:00,0.00770040,0.00780490,0.00749990,0.00766170,31588082.74021420
2024-08-21 18:00:00,0.00766170,0.00797540,0.00762980,0.00795740,26535738.14760910
2024-08-21 22:00:00,0.00795740,0.00807370,0.00789070,0.00791820,18722842.74692610
2024-08-22 02:00:00,0.00791820,0.00795410,0.00772770,0.00782310,17206267.14190950
2024-08-22 06:00:00,0.00782310,0.00792370,0.00779860,0.00790700,13361549.09071310
2024-08-22 10:00:00,0.00790700,0.00807110,0.00787780,0.00803130,22232092.30269670
2024-08-22 14:00:00,0.00803130,0.00803520,0.00783050,0.00788130,27564010.24977430
2024-08-22 18:00:00,0.00788130,0.00802050,0.00787250,0.00795490,16222601.99431150
2024-08-22 22:00:00,0.00795490,0.00801510,0.00793940,0.00798260,11143037.64683410
2024-08-23 02:00:00,0.00798260,0.00811800,0.00794730,0.00795440,14362609.82299240
2024-08-23 06:00:00,0.00795440,0.00828110,0.00794930,0.00814090,22093413.19112380
2024-08-23 10:00:00,0.00814090,0.00818830,0.00799260,0.00800320,16919073.57422290
2024-08-23 14:00:00,0.00800320,0.00850000,0.00800240,0.00822870,42044352.02081600
2024-08-23 18:00:00,0.00822870,0.00867610,0.00812420,0.00858900,45879357.37239110
2024-08-23 22:00:00,0.00858900,0.00929290,0.00858490,0.00907810,50587912.90761500
2024-08-24 02:00:00,0.00907810,0.00910980,0.00886050,0.00896320,28148718.12572050
2024-08-24 06:00:00,0.00896320,0.00922710,0.00896090,0.00918350,28527987.53456000
2024-08-24 10:00:00,0.00918350,0.00922270,0.00901190,0.00907300,31502585.19522160
2024-08-24 14:00:00,0.00907300,0.00934080,0.00905370,0.00919050,35063073.01021650
2024-08-24 18:00:00,0.00919050,0.00984610,0.00917850,0.00969650,56327450.42814120
2024-08-24 22:00:00,0.00969650,0.00976500,0.00921220,0.00948880,40587790.95655590
2024-08-25 02:00:00,0.00948880,0.00952410,0.00917000,0.00932080,33178395.92232960
2024-08-25 06:00:00,0.00932080,0.00933930,0.00869680,0.00881590,44897385.35342900
2024-08-25 10:00:00,0.00881590,0.00913480,0.00873160,0.00905540,31681439.71691320
2024-08-25 14:00:00,0.00905540,0.00923440,0.00900800,0.00908990,33423907.88030700
2024-08-25 18:00:00,0.00908990,0.00914320,0.00894910,0.00904070,25675284.78256530
2024-08-25 22:00:00,0.00904070,0.00934870,0.00901340,0.00913560,31946312.61072710
2024-08-26 02:00:00,0.00913560,0.00926180,0.00899890,0.00914810,24271908.70360990
2024-08-26 06:00:00,0.00914810,0.00924540,0.00892460,0.00899080,22829100.37172020
2024-08-26 10:00:00,0.00899080,0.00918570,0.00891090,0.00906800,29157239.20115610
2024-08-26 14:00:00,0.00906800,0.00909270,0.00874000,0.00880900,34927683.24290760
2024-08-26 18:00:00,0.00880900,0.00887990,0.00842480,0.00850700,34661859.17498880
2024-08-26 22:00:00,0.00850700,0.00861460,0.00841460,0.00851810,21390090.30538080
2024-08-27 02:00:00,0.00851810,0.00868610,0.00851210,0.00858900,19617259.59120640
2024-08-27 06:00:00,0.00858900,0.00867990,0.00850160,0.00855860,16416794.77055410
2024-08-27 10:00:00,0.00855860,0.00858690,0.00827810,0.00832060,28264473.22036640
2024-08-27 14:00:00,0.00832060,0.00844000,0.00814760,0.00831730,33313753.90328760
2024-08-27 18:00:00,0.00831730,0.00844420,0.00823740,0.00835560,20264795.44984920
2024-08-27 22:00:00,0.00835560,0.00835440,0.00751300,0.00763180,51353966.95911440
2024-08-28 02:00:00,0.00763180,0.00773700,0.00747020,0.00771570,26558319.91194080
2024-08-28 06:00:00,0.00771570,0.00777410,0.00754630,0.00757230,18109156.11922960
2024-08-28 10:00:00,0.00757230,0.00811340,0.00751010,0.00793060,32350610.91988400
2024-08-28 14:00:00,0.00793060,0.00802440,0.00763660,0.00771530,26892386.19100310
2024-08-28 18:00:00,0.00771530,0.00792730,0.00734580,0.00769590,37184605.69543190
2024-08-28 22:00:00,0.00769590,0.00788770,0.00755900,0.00767930,20858773.29334210
2024-08-29 02:00:00,0.00767930,0.00780050,0.00764280,0.00773070,12465674.28515270
2024-08-29 06:00:00,0.00773070,0.00787720,0.00766070,0.00782130,18111078.57320700
2024-08-29 10:00:00,0.00782130,0.00806080,0.00776220,0.00795830,21157224.32118220
2024-08-29 14:00:00,0.00795830,0.00819700,0.00794010,0.00807380,23051251.20197040
2024-08-29 18:00:00,0.00807380,0.00814380,0.00756920,0.00768230,35889348.42140120
2024-08-29 22:00:00,0.00768230,0.00775490,0.00754670,0.00764340,19311954.08392630
2024-08-30 02:00:00,0.00764340,0.00772770,0.00756760,0.00767030,19160767.05271340
2024-08-30 06:00:00,0.00767030,0.00780830,0.00761270,0.00772590,15044859.22587660
2024-08-30 10:00:00,0.00772590,0.00785910,0.00770880,0.00773820,16988094.12530630
2024-08-30 14:00:00,0.00773820,0.00790720,0.00736370,0.00740780,36735127.93681320
2024-08-30 18:00:00,0.00740780,0.00780890,0.00734430,0.00764050,26512436.77252990
2024-08-30 22:00:00,0.00764050,0.00779120,0.00764080,0.00775930,12700762.13748310
2024-08-31 02:00:00,0.00775930,0.00787240,0.00775010,0.00776890,12159147.06447760
2024-08-31 06:00:00,0.00776890,0.00782170,0.00766610,0.00767300,10573181.51522940
2024-08-31 10:00:00,0.00767300,0.00777220,0.00760940,0.00773350,14368348.78335510
2024-08-31 14:00:00,0.00773350,0.00776250,0.00762390,0.00770650,12906863.81954880
2024-08-31 18:00:00,0.00770650,0.00770870,0.00751440,0.00757980,16613286.66988910
2024-08-31 22:00:00,0.00757980,0.00767450,0.00754800,0.00759470,9274135.29435460
2024-09-01 02:00:00,0.00759470,0.00763190,0.00744910,0.00753220,13113281.57746400
2024-09-01 06:00:00,0.00753220,0.00755550,0.00740240,0.00754920,13361875.23444010
2024-09-01 10:00:00,0.00754920,0.00759720,0.00745710,0.00753240,13427101.56925960
2024-09-01 14:00:00,0.00753240,0.00754420,0.00724010,0.00751100,28245929.58918840
2024-09-01 18:00:00,0.00751100,0.00755950,0.00733080,0.00751680,20994821.35197140
2024-09-01 22:00:00,0.00751680,0.00756750,0.00706450,0.00713010,24690129.20658200
2024-09-02 02:00:00,0.00713010,0.00725180,0.00706800,0.00723300,17512891.97432690
2024-09-02 06:00:00,0.00723300,0.00726940,0.00710130,0.00716280,17319911.94660480
2024-09-02 10:00:00,0.00716280,0.00753580,0.00715370,0.00747720,19829217.75393280
2024-09-02 14:00:00,0.00747720,0.00758940,0.00737910,0.00752000,17664350.81470430
2024-09-02 18:00:00,0.00752000,0.00758720,0.00746600,0.00749060,12546302.73203410
2024-09-02 22:00:00,0.00749060,0.00768510,0.00746140,0.00761180,12671045.25650080
2024-09-03 02:00:00,0.00761180,0.00775620,0.00754300,0.00765690,11838634.24500620
2024-09-03 06:00:00,0.00765690,0.00769050,0.00757120,0.00762980,8386261.49633080
2024-09-03 10:00:00,0.00762980,0.00763210,0.00749700,0.00756220,9579580.48422000
2024-09-03 14:00:00,0.00756220,0.00763060,0.00727290,0.00729130,18066164.27370690
2024-09-03 18:00:00,0.00729130,0.00740530,0.00725640,0.00735200,10458717.08327420
2024-09-03 22:00:00,0.00735200,0.00739620,0.00724730,0.00726420,9074356.66311520
2024-09-04 02:00:00,0.00726420,0.00732670,0.00683670,0.00713550,21638253.54083120
2024-09-04 06:00:00,0.00713550,0.00721760,0.00706460,0.00717250,9772378.82780230
2024-09-04 10:00:00,0.00717250,0.00720890,0.00703070,0.00710160,11332601.58819580
2024-09-04 14:00:00,0.00710160,0.00742200,0.00706480,0.00740720,19860595.39939500
2024-09-04 18:00:00,0.00740720,0.00751120,0.00726130,0.00733860,16439693.69475180
2024-09-04 22:00:00,0.00733860,0.00741630,0.00729350,0.00735270,9050154.42947980
2024-09-05 02:00:00,0.00735270,0.00740750,0.00718290,0.00721260,9419307.30724510
2024-09-05 06:00:00,0.00721260,0.00728960,0.00712820,0.00725230,10388497.05147360
2024-09-05 10:00:00,0.00725230,0.00729130,0.00720130,0.00724120,8080052.00650830
2024-09-05 14:00:00,0.00724120,0.00736080,0.00708160,0.00714600,17784988.10869910
2024-09-05 18:00:00,0.00714600,0.00718770,0.00700000,0.00706710,15004290.30221290
2024-09-05 22:00:00,0.00706710,0.00711770,0.00704350,0.00710170,7578865.15868820
2024-09-06 02:00:00,0.00710170,0.00720250,0.00704600,0.00713660,9098233.98516790
2024-09-06 06:00:00,0.00713660,0.00716630,0.00691470,0.00698090,12281818.96738730
2024-09-06 10:00:00,0.00698090,0.00710400,0.00696110,0.00705950,11179521.86303910
2024-09-06 14:00:00,0.00705950,0.00726380,0.00688410,0.00700160,28390315.32900560
2024-09-06 18:00:00,0.00700160,0.00701080,0.00664500,0.00669850,25055368.25054170
2024-09-06 22:00:00,0.00669850,0.00674080,0.00633490,0.00663640,26310938.34695880
2024-09-07 02:00:00,0.00663640,0.00676420,0.00663490,0.00667250,10726378.27670290
2024-09-07 06:00:00,0.00667250,0.00686170,0.00667180,0.00681050,10619262.69871910
2024-09-07 10:00:00,0.00681050,0.00685360,0.00675290,0.00681700,11572306.43225710
2024-09-07 14:00:00,0.00681700,0.00702130,0.00681690,0.00696560,13144183.24803330
2024-09-07 18:00:00,0.00696560,0.00701450,0.00678290,0.00690680,14817167.21499210
2024-09-07 22:00:00,0.00690680,0.00691190,0.00668800,0.00676100,12092364.79520730
2024-09-08 02:00:00,0.00676100,0.00682560,0.00670450,0.00682200,7197435.32915710
2024-09-08 06:00:00,0.00682200,0.00693650,0.00681440,0.00692110,10085717.70770040
2024-09-08 10:00:00,0.00692110,0.00699140,0.00687390,0.00691160,11559297.96519320
2024-09-08 14:00:00,0.00691160,0.00693320,0.00677490,0.00681630,17458527.61434720
2024-09-08 18:00:00,0.00681630,0.00697190,0.00674690,0.00686250,15345018.17587460
2024-09-08 22:00:00,0.00686250,0.00739310,0.00685000,0.00707210,27497868.92321110
2024-09-09 02:00:00,0.00707210,0.00718310,0.00698470,0.00702140,17852145.06815550
2024-09-09 06:00:00,0.00702140,0.00707250,0.00695250,0.00706000,10189105.80145150
2024-09-09 10:00:00,0.00706000,0.00716040,0.00705200,0.00706670,11682098.28940790
2024-09-09 14:00:00,0.00706670,0.00715000,0.00693950,0.00706430,18682256.22095300
2024-09-09 18:00:00,0.00706430,0.00740610,0.00705960,0.00739460,26656355.30952630
2024-09-09 22:00:00,0.00739460,0.00759660,0.00733170,0.00738890,18863047.35643350
2024-09-10 02:00:00,0.00738890,0.00739870,0.00728870,0.00731470,9472092.78965370
2024-09-10 06:00:00,0.00731470,0.00749490,0.00728660,0.00746790,10848536.23501050
2024-09-10 10:00:00,0.00746790,0.00753130,0.00740790,0.00746450,13756227.25573760
2024-09-10 14:00:00,0.00746450,0.00747760,0.00733040,0.00735370,17653174.01541180
2024-09-10 18:00:00,0.00735370,0.00755260,0.00735230,0.00747910,17706541.12820930
2024-09-10 22:00:00,0.00747910,0.00752000,0.00740880,0.00746340,11754404.22198100
2024-09-11 02:00:00,0.00746340,0.00747110,0.00722110,0.00727200,15398787.26616410
2024-09-11 06:00:00,0.00727200,0.00726940,0.00709120,0.00721010,14896574.70652450
2024-09-11 10:00:00,0.00721010,0.00721110,0.00711820,0.00717050,10562635.08812380
2024-09-11 14:00:00,0.00717050,0.00727320,0.00697440,0.00712410,26893939.90988670
2024-09-11 18:00:00,0.00712410,0.00730620,0.00711710,0.00724080,16858752.60376290
2024-09-11 22:00:00,0.00724080,0.00727740,0.00720740,0.00723370,6218974.19787320
2024-09-12 02:00:00,0.00723370,0.00749480,0.00723110,0.00737200,13900927.10974850
2024-09-12 06:00:00,0.00737200,0.00743310,0.00733390,0.00736410,8135000.52617120
2024-09-12 10:00:00,0.00736410,0.00739670,0.00727590,0.00729890,9535569.63728910
2024-09-12 14:00:00,0.00729890,0.00741670,0.00720760,0.00725660,15456123.20232970
2024-09-12 18:00:00,0.00725660,0.00739670,0.00724870,0.00737120,9974064.61463270
2024-09-12 22:00:00,0.00737120,0.00743290,0.00733100,0.00741290,7113236.44123060
2024-09-13 02:00:00,0.00741290,0.00743060,0.00734490,0.00739170,6090102.23809410
2024-09-13 06:00:00,0.00739170,0.00739780,0.00731300,0.00737020,4554193.70170680
2024-09-13 10:00:00,0.00737020,0.00746760,0.00731890,0.00737800,6326047.76243550
2024-09-13 14:00:00,0.00737800,0.00768540,0.00730640,0.00765120,16431645.89349610
2024-09-13 18:00:00,0.00765120,0.00795370,0.00760720,0.00784400,18714010.06138440
2024-09-13 22:00:00,0.00784400,0.00805850,0.00782380,0.00790640,9541136.07162870
2024-09-14 02:00:00,0.00790640,0.00793420,0.00783510,0.00791390,5525218.90833650
2024-09-14 06:00:00,0.00791390,0.00793580,0.00778430,0.00783170,5742930.72768260
2024-09-14 10:00:00,0.00783170,0.00785200,0.00768700,0.00773970,6195501.51629600
2024-09-14 14:00:00,0.00773970,0.00779880,0.00771060,0.00775000,5982478.19084630
2024-09-14 18:00:00,0.00775000,0.00778830,0.00762440,0.00768500,9191066.37367750
2024-09-14 22:00:00,0.00768500,0.00778360,0.00767160,0.00775450,6388885.17750180
2024-09-15 02:00:00,0.00775450,0.00782840,0.00773950,0.00774490,5175217.13090250
2024-09-15 06:00:00,0.00774490,0.00776680,0.00767940,0.00775260,5732404.20871710
2024-09-15 10:00:00,0.00775260,0.00775260,0.00759030,0.00764210,9603257.59317600
2024-09-15 14:00:00,0.00764210,0.00774560,0.00760350,0.00772040,13659197.53598010
2024-09-15 18:00:00,0.00772040,0.00773890,0.00754680,0.00756620,17307803.79495040
2024-09-15 22:00:00,0.00756620,0.00759160,0.00729240,0.00735070,19195813.65693280
2024-09-16 02:00:00,0.00735070,0.00736520,0.00706060,0.00719890,31944373.22949280
2024-09-16 06:00:00,0.00719890,0.00734940,0.00717830,0.00733320,14633034.50762810
2024-09-16 10:00:00,0.00733320,0.00738930,0.00721010,0.00723700,11942657.08473230
2024-09-16 14:00:00,0.00723700,0.00726500,0.00707900,0.00720720,22849224.32788670
2024-09-16 18:00:00,0.00720720,0.00722270,0.00708950,0.00715430,14466126.85546270
2024-09-16 22:00:00,0.00715430,0.00723140,0.00709770,0.00719460,8694842.89597320
2024-09-17 02:00:00,0.00719460,0.00723000,0.00709020,0.00720200,8994800.57455910
2024-09-17 06:00:00,0.00720200,0.00733380,0.00719580,0.00728990,15241065.85649130
2024-09-17 10:00:00,0.00728990,0.00744460,0.00728750,0.00737160,22791440.35979940
2024-09-17 14:00:00,0.00737160,0.00764080,0.00730510,0.00754470,45032938.12994110
2024-09-17 18:00:00,0.00754470,0.00758640,0.00721010,0.00725860,33310737.48984390
2024-09-17 22:00:00,0.00725860,0.00732010,0.00722190,0.00731920,11500182.61624940
2024-09-18 02:00:00,0.00731920,0.00740990,0.00718970,0.00734310,18753881.31622030
2024-09-18 06:00:00,0.00734310,0.00737080,0.00725610,0.00732450,11864580.43628490
2024-09-18 10:00:00,0.00732450,0.00732450,0.00711850,0.00720790,17790398.80944100
2024-09-18 14:00:00,0.00720790,0.00726790,0.00701130,0.00704030,26089126.92737310
2024-09-18 18:00:00,0.00704030,0.00744760,0.00698750,0.00724440,58284953.87151910
2024-09-18 22:00:00,0.00724440,0.00754280,0.00715220,0.00752670,23191628.98837470
2024-09-19 02:00:00,0.00752670,0.00789880,0.00752670,0.00769690,45015889.51501990
2024-09-19 06:00:00,0.00769690,0.00791480,0.00763670,0.00787940,38240596.15745090
2024-09-19 10:00:00,0.00787940,0.00793680,0.00780220,0.00784730,26864715.50578880
2024-09-19 14:00:00,0.00784730,0.00807730,0.00783710,0.00788930,47832758.79932670
2024-09-19 18:00:00,0.00788930,0.00833580,0.00788370,0.00808610,68398837.85190579
2024-09-19 22:00:00,0.00808610,0.00815920,0.00791320,0.00795030,26045336.76086630
2024-09-20 02:00:00,0.00795030,0.00818220,0.00771520,0.00817880,36048000.13945480
2024-09-20 06:00:00,0.00817880,0.00851020,0.00815080,0.00843210,66760765.89384220
2024-09-20 10:00:00,0.00843210,0.00843770,0.00812570,0.00818420,39667336.48820550
2024-09-20 14:00:00,0.00818420,0.00825050,0.00802950,0.00818860,47674306.59292760
2024-09-20 18:00:00,0.00818860,0.00823160,0.00797320,0.00807700,27150453.65211860
2024-09-20 22:00:00,0.00807700,0.00825180,0.00805870,0.00824110,23961965.60288000
2024-09-21 02:00:00,0.00824110,0.00829980,0.00806440,0.00806810,22879853.42608900
2024-09-21 06:00:00,0.00806810,0.00816340,0.00800160,0.00814680,13190013.25567560
2024-09-21 10:00:00,0.00814680,0.00819900,0.00810800,0.00818040,11532653.80447930
2024-09-21 14:00:00,0.00818040,0.00835250,0.00815040,0.00824260,26108596.40871230
2024-09-21 18:00:00,0.00824260,0.00831920,0.00823080,0.00826720,13787034.95659380
2024-09-21 22:00:00,0.00826720,0.00844330,0.00820320,0.00840890,14480618.77189690
2024-09-22 02:00:00,0.00840890,0.00847670,0.00815760,0.00823060,25907189.65021050
2024-09-22 06:00:00,0.00823060,0.00827990,0.00817380,0.00822330,13200150.77186280
2024-09-22 10:00:00,0.00822330,0.00825610,0.00803630,0.00810080,22334522.34118440
2024-09-22 14:00:00,0.00810080,0.00812760,0.00788370,0.00792120,27272983.31379350
2024-09-22 18:00:00,0.00792120,0.00803870,0.00785490,0.00799670,22862634.77524190
2024-09-22 22:00:00,0.00799670,0.00807160,0.00773260,0.00800470,31492096.38636070
2024-09-23 02:00:00,0.00800470,0.00833450,0.00782240,0.00826380,37138143.40177420
2024-09-23 06:00:00,0.00826380,0.00829910,0.00804480,0.00806250,24624565.53942520
2024-09-23 10:00:00,0.00806250,0.00813020,0.00798940,0.00805450,18678790.01660000
2024-09-23 14:00:00,0.00805450,0.00819620,0.00798610,0.00816190,31153387.71029730
2024-09-23 18:00:00,0.00816190,0.00821500,0.00804730,0.00805890,20368088.24687270
2024-09-23 22:00:00,0.00805890,0.00813250,0.00799310,0.00812660,14486832.64757220
2024-09-24 02:00:00,0.00812660,0.00814280,0.00792140,0.00804190,22024270.25506570
2024-09-24 06:00:00,0.00804190,0.00808820,0.00795150,0.00808310,13785700.41124270
2024-09-24 10:00:00,0.00808310,0.00832400,0.00807940,0.00829780,39937286.84120710
2024-09-24 14:00:00,0.00829780,0.00869770,0.00828750,0.00836640,83760012.00364710
2024-09-24 18:00:00,0.00836640,0.00861240,0.00831620,0.00858190,31893358.62811610
2024-09-24 22:00:00,0.00858190,0.00876390,0.00846270,0.00858910,35478941.68183200
2024-09-25 02:00:00,0.00858910,0.00879030,0.00848410,0.00874030,39520794.82192080
2024-09-25 06:00:00,0.00874030,0.00874940,0.00839690,0.00842940,33290527.12959440
2024-09-25 10:00:00,0.00842940,0.00850530,0.00838080,0.00849350,26122562.23381810
2024-09-25 14:00:00,0.00849350,0.00861370,0.00839920,0.00846160,32758403.43690140
2024-09-25 18:00:00,0.00846160,0.00862500,0.00836330,0.00850290,32763915.94022950
2024-09-25 22:00:00,0.00850290,0.00865630,0.00838510,0.00844150,28541877.70832210
2024-09-26 02:00:00,0.00844150,0.00849400,0.00821610,0.00844210,30561994.00474690
2024-09-26 06:00:00,0.00844210,0.00898960,0.00840130,0.00892600,60796864.01356170
2024-09-26 10:00:00,0.00892600,0.00918600,0.00888030,0.00910820,64413657.11985070
2024-09-26 14:00:00,0.00910820,0.00929290,0.00900720,0.00923930,72012435.37453680
2024-09-26 18:00:00,0.00923930,0.00972390,0.00922450,0.00936600,83219197.03442711
2024-09-26 22:00:00,0.00936600,0.00957190,0.00923830,0.00951340,41893632.14369820
2024-09-27 02:00:00,0.00951340,0.00971230,0.00937200,0.00966140,33815933.21770080
2024-09-27 06:00:00,0.00966140,0.01049380,0.00962230,0.01042650,90709752.77505660
2024-09-27 10:00:00,0.01042650,0.01077520,0.01040470,0.01052180,85363754.11698900
2024-09-27 14:00:00,0.01052180,0.01094210,0.01044360,0.01072220,100735106.11832060
2024-09-27 18:00:00,0.01072220,0.01087920,0.01051900,0.01058550,60314550.63485540
2024-09-27 22:00:00,0.01058550,0.01075000,0.01047390,0.01070130,32349234.96280030
2024-09-28 02:00:00,0.01070130,0.01154360,0.01056480,0.01136010,89230517.75054650
2024-09-28 06:00:00,0.01136010,0.01149850,0.01101550,0.01108260,77640493.81431070
2024-09-28 10:00:00,0.01108260,0.01124160,0.01056340,0.01111810,100755061.79022729
2024-09-28 14:00:00,0.01111810,0.01127570,0.01085090,0.01100050,60980850.46689980
2024-09-28 18:00:00,0.01100050,0.01129530,0.01088910,0.01121160,50972322.85769470
2024-09-28 22:00:00,0.01121160,0.01142770,0.01095780,0.01137740,46666807.19505210
2024-09-29 02:00:00,0.01137740,0.01194650,0.01110190,0.01169890,97565275.66810501
2024-09-29 06:00:00,0.01169890,0.01172180,0.01106580,0.01112380,72680833.86793271
2024-09-29 10:00:00,0.01112380,0.01147260,0.01104740,0.01140950,55488602.09300290
2024-09-29 14:00:00,0.01140950,0.01148970,0.01097940,0.01117280,77787106.71993470
2024-09-29 18:00:00,0.01117280,0.01144340,0.01104380,0.01143080,48515004.25442060
2024-09-29 22:00:00,0.01143080,0.01165780,0.01119850,0.01127830,64569591.99701440
2024-09-30 02:00:00,0.01127830,0.01149380,0.01081350,0.01134240,97520091.64792900
2024-09-30 06:00:00,0.01134240,0.01149420,0.01115140,0.01119650,57584149.52904990
2024-09-30 10:00:00,0.01119650,0.01120720,0.01060260,0.01104040,77857764.05094570
2024-09-30 14:00:00,0.01104040,0.01112720,0.01068970,0.01070240,70113645.61499061
2024-09-30 18:00:00,0.01070240,0.01089540,0.01063750,0.01076920,45412874.12745650
2024-09-30 22:00:00,0.01076920,0.01101820,0.01035040,0.01046780,61577529.53762590
2024-10-01 02:00:00,0.01046780,0.01088310,0.01035970,0.01087350,46890406.88241020
2024-10-01 06:00:00,0.01087350,0.01138190,0.01079720,0.01124310,70732029.86949810
2024-10-01 10:00:00,0.01124310,0.01135400,0.01113020,0.01120890,46515090.39848750
2024-10-01 14:00:00,0.01120890,0.01144790,0.01006990,0.01067890,166642745.18116859
2024-10-01 18:00:00,0.01067890,0.01090860,0.00973290,0.00988960,186451004.53979531
2024-10-01 22:00:00,0.00988960,0.00998180,0.00928990,0.00969690,106603319.68443480
2024-10-02 02:00:00,0.00969690,0.01016700,0.00958830,0.00996620,61645151.10395540
2024-10-02 06:00:00,0.00996620,0.01031580,0.00981600,0.01009710,52696261.96319650
2024-10-02 10:00:00,0.01009710,0.01015990,0.00947750,0.00961390,66513705.41895560
2024-10-02 14:00:00,0.00961390,0.00991480,0.00934160,0.00979840,78888774.14881010
2024-10-02 18:00:00,0.00979840,0.01001030,0.00892410,0.00924670,106661283.71442319
2024-10-02 22:00:00,0.00924670,0.00945620,0.00908610,0.00923920,45396563.13227870
2024-10-03 02:00:00,0.00923920,0.00952250,0.00912600,0.00950180,40448040.38895070
2024-10-03 06:00:00,0.00950180,0.00951320,0.00906940,0.00909760,39404999.17155460
2024-10-03 10:00:00,0.00909760,0.00912270,0.00861100,0.00886680,73715240.73345441
2024-10-03 14:00:00,0.00886680,0.00907870,0.00839280,0.00865190,96902644.29954620
2024-10-03 18:00:00,0.00865190,0.00873560,0.00835100,0.00868750,64950783.71815620
2024-10-03 22:00:00,0.00868750,0.00872940,0.00846710,0.00863000,26348521.02311910
2024-10-04 02:00:00,0.00863000,0.00892900,0.00847460,0.00875330,47607911.36190100
2024-10-04 06:00:00,0.00875330,0.00900170,0.00872230,0.00897010,37383198.41333190
2024-10-04 10:00:00,0.00897010,0.00915500,0.00893230,0.00910170,44703240.98500290
2024-10-04 14:00:00,0.00910170,0.00931850,0.00893890,0.00923450,87304928.44230630
2024-10-04 18:00:00,0.00923450,0.00959240,0.00916890,0.00954450,56684985.62627620
2024-10-04 22:00:00,0.00954450,0.00955720,0.00926330,0.00938790,28900153.72715850
2024-10-05 02:00:00,0.00938790,0.00954360,0.00916960,0.00918330,37850939.54747690
2024-10-05 06:00:00,0.00918330,0.00946540,0.00915260,0.00939160,30692588.54241220
2024-10-05 10:00:00,0.00939160,0.00953070,0.00937200,0.00941850,25582834.68894100
2024-10-05 14:00:00,0.00941850,0.00959730,0.00938900,0.00948150,37492155.65847970
2024-10-05 18:00:00,0.00948150,0.00949340,0.00926490,0.00929910,37518106.83346110
2024-10-05 22:00:00,0.00929910,0.00936600,0.00915090,0.00934590,28840124.68887300
2024-10-06 02:00:00,0.00934590,0.00948710,0.00926680,0.00932830,22885371.16411410
2024-10-06 06:00:00,0.00932830,0.00938930,0.00925070,0.00931930,18840872.94110280
2024-10-06 10:00:00,0.00931930,0.00939970,0.00927310,0.00936870,19875258.30571260
2024-10-06 14:00:00,0.00936870,0.01002590,0.00933520,0.00998050,78432206.00245491
2024-10-06 18:00:00,0.00998050,0.01031990,0.00997980,0.01009520,74688607.24749260
2024-10-06 22:00:00,0.01009520,0.01029890,0.00987960,0.01023100,45513994.07994960
2024-10-07 02:00:00,0.01023100,0.01078640,0.01015700,0.01058770,76359498.54955781
2024-10-07 06:00:00,0.01058770,0.01067690,0.01047340,0.01053960,39297077.68215970
2024-10-07 10:00:00,0.01053960,0.01065960,0.01008640,0.01031050,68802237.37072770
2024-10-07 14:00:00,0.01031050,0.01081850,0.01017600,0.01040020,92720024.96988750
2024-10-07 18:00:00,0.01040020,0.01066780,0.01015740,0.01035050,60281363.85904770
2024-10-07 22:00:00,0.01035050,0.01037400,0.00977670,0.00980140,50208321.76342600
2024-10-08 02:00:00,0.00980140,0.01003780,0.00973010,0.00995700,35881260.39863350
2024-10-08 06:00:00,0.00995700,0.01005730,0.00940140,0.00952800,55713896.61176030
2024-10-08 10:00:00,0.00952800,0.00969210,0.00945630,0.00965290,31552519.67118040
2024-10-08 14:00:00,0.00965290,0.00984430,0.00931270,0.00943150,68148673.44932111
2024-10-08 18:00:00,0.00943150,0.00965980,0.00933370,0.00953350,44115926.72931480
2024-10-08 22:00:00,0.00953350,0.00968270,0.00938200,0.00950080,21539200.94622510
2024-10-09 02:00:00,0.00950080,0.00976040,0.00941750,0.00955420,35433313.29153130
2024-10-09 06:00:00,0.00955420,0.00985240,0.00950450,0.00970540,37958071.01503140
2024-10-09 10:00:00,0.00970540,0.00976690,0.00960010,0.00969080,28096613.31171940
2024-10-09 14:00:00,0.00969080,0.00972490,0.00918630,0.00947860,72613573.80379710
2024-10-09 18:00:00,0.00947860,0.00949040,0.00906020,0.00913670,49806067.07087550
2024-10-09 22:00:00,0.00913670,0.00916230,0.00897920,0.00910840,30140672.22162260
2024-10-10 02:00:00,0.00910840,0.00925500,0.00903240,0.00919510,19488696.23299020
2024-10-10 06:00:00,0.00919510,0.00945020,0.00915550,0.00930150,21560995.74934300
2024-10-10 10:00:00,0.00930150,0.00941620,0.00904660,0.00939970,36479833.03157380
2024-10-10 14:00:00,0.00939970,0.00940940,0.00901420,0.00917650,53408870.87246460
2024-10-10 18:00:00,0.00917650,0.00926070,0.00880100,0.00919450,49478870.64534970
2024-10-10 22:00:00,0.00919450,0.00935110,0.00915600,0.00929160,23727726.92180730
2024-10-11 02:00:00,0.00929160,0.00942090,0.00920520,0.00933290,29308884.88925470
2024-10-11 06:00:00,0.00933290,0.00944570,0.00927600,0.00935520,21151471.15822940
2024-10-11 10:00:00,0.00935520,0.00955690,0.00933800,0.00946210,25465828.58513000
2024-10-11 14:00:00,0.00946210,0.00995270,0.00944530,0.00987940,59665073.52764100
2024-10-11 18:00:00,0.00987940,0.00993800,0.00972480,0.00981830,39375665.47995880
2024-10-11 22:00:00,0.00981830,0.00993330,0.00969550,0.00974420,22480143.88538930
2024-10-12 02:00:00,0.00974420,0.01006160,0.00968260,0.00974220,37297149.08037210
2024-10-12 06:00:00,0.00974220,0.00990200,0.00973920,0.00987380,19882254.25496040
2024-10-12 10:00:00,0.00987380,0.01023270,0.00982360,0.01004540,38711654.51482280
2024-10-12 14:00:00,0.01004540,0.01025270,0.00988760,0.00997660,52733386.44648310
2024-10-12 18:00:00,0.00997660,0.01006680,0.00977960,0.00987570,31043917.35095350
2024-10-12 22:00:00,0.00987570,0.01003890,0.00985990,0.00989570,19131184.24787800
2024-10-13 02:00:00,0.00989570,0.00998910,0.00971590,0.00974020,23377880.69618250
2024-10-13 06:00:00,0.00974020,0.00989040,0.00972960,0.00982890,17110738.39713430
2024-10-13 10:00:00,0.00982890,0.00994810,0.00961900,0.00964280,32517808.76588370
2024-10-13 14:00:00,0.00964280,0.00979810,0.00939570,0.00944220,39984074.81631240
2024-10-13 18:00:00,0.00944220,0.00963840,0.00936830,0.00949250,33871463.22275770
2024-10-13 22:00:00,0.00949250,0.00981920,0.00945680,0.00969630,30349254.64100020
2024-10-14 02:00:00,0.00969630,0.01018240,0.00954380,0.01014210,41624552.41217470
2024-10-14 06:00:00,0.01014210,0.01044290,0.01007090,0.01034840,64845315.35871450
2024-10-14 10:00:00,0.01034840,0.01057280,0.01026990,0.01051010,44535694.81927890
2024-10-14 14:00:00,0.01051010,0.01078000,0.01029560,0.01068760,64659999.72249410
2024-10-14 18:00:00,0.01068760,0.01073470,0.01048270,0.01055390,44682029.09627380
2024-10-14 22:00:00,0.01055390,0.01109680,0.01048000,0.01090730,41427332.96546150
2024-10-15 02:00:00,0.01090730,0.01117970,0.01065570,0.01068890,46371752.34979810
2024-10-15 06:00:00,0.01068890,0.01088700,0.01052210,0.01060540,44326323.15118620
2024-10-15 10:00:00,0.01060540,0.01073850,0.01003200,0.01012510,49426010.40259820
2024-10-15 14:00:00,0.01012510,0.01108010,0.01004750,0.01032460,127879181.84252670
2024-10-15 18:00:00,0.01032460,0.01062820,0.01024710,0.01033780,44234496.29064920
2024-10-15 22:00:00,0.01033780,0.01039720,0.01004260,0.01038830,37775880.39313000
2024-10-16 02:00:00,0.01038830,0.01064990,0.01025680,0.01036000,37330072.44074410
2024-10-16 06:00:00,0.01036000,0.01043670,0.01010730,0.01018560,29948742.55640550
2024-10-16 10:00:00,0.01018560,0.01066380,0.01018240,0.01048740,47857518.27844370
2024-10-16 14:00:00,0.01048740,0.01065930,0.01029760,0.01034300,57441141.81679070
2024-10-16 18:00:00,0.01034300,0.01045400,0.01020880,0.01041580,30435310.40483660
2024-10-16 22:00:00,0.01041580,0.01061490,0.01041200,0.01044180,30890716.26694730
2024-10-17 02:00:00,0.01044180,0.01056240,0.01033090,0.01049200,31231884.04862090
2024-10-17 06:00:00,0.01049200,0.01052850,0.01009670,0.01022890,35323257.30764450
2024-10-17 10:00:00,0.01022890,0.01027220,0.00994780,0.00997540,41606848.59296750
2024-10-17 14:00:00,0.00997540,0.01018110,0.00995580,0.01011600,47985290.60856530
2024-10-17 18:00:00,0.01011600,0.01012040,0.00962800,0.00979380,54136758.29743790
2024-10-17 22:00:00,0.00979380,0.00995470,0.00978300,0.00987730,21759675.08844480
2024-10-18 02:00:00,0.00987730,0.01055890,0.00983050,0.01028060,54296283.65911390
2024-10-18 06:00:00,0.01028060,0.01053510,0.01028020,0.01046270,29434920.89714910
2024-10-18 10:00:00,0.01046270,0.01049010,0.01027930,0.01029020,25253311.94791220
2024-10-18 14:00:00,0.01029020,0.01050770,0.01019780,0.01048430,41449899.34464700
2024-10-18 18:00:00,0.01048430,0.01073940,0.01037170,0.01050440,48176513.51587490
2024-10-18 22:00:00,0.01050440,0.01053950,0.01035100,0.01050590,20253535.79404490
2024-10-19 02:00:00,0.01050590,0.01094700,0.01042750,0.01074490,37128204.72080760
2024-10-19 06:00:00,0.01074490,0.01081740,0.01052480,0.01059600,29865783.95120000
2024-10-19 10:00:00,0.01059600,0.01074560,0.01047280,0.01048080,27754743.15708140
2024-10-19 14:00:00,0.01048080,0.01062500,0.01047550,0.01050900,24732406.25406310
2024-10-19 18:00:00,0.01050900,0.01052120,0.01035080,0.01039150,24096878.90348680
2024-10-19 22:00:00,0.01039150,0.01056110,0.01031130,0.01048820,20674883.18901670
2024-10-20 02:00:00,0.01048820,0.01055720,0.01021310,0.01031620,25321897.92177830
2024-10-20 06:00:00,0.01031620,0.01037580,0.01024240,0.01031460,16211696.05156470
2024-10-20 10:00:00,0.01031460,0.01038540,0.01025690,0.01030020,14826804.80924760
2024-10-20 14:00:00,0.01030020,0.01051740,0.01010310,0.01045160,40679872.61700180
2024-10-20 18:00:00,0.01045160,0.01061880,0.01040500,0.01049300,28517511.29953470
2024-10-20 22:00:00,0.01049300,0.01079550,0.01045350,0.01069320,32846949.13458350
2024-10-21 02:00:00,0.01069320,0.01090460,0.01056680,0.01065040,34162077.52317260
2024-10-21 06:00:00,0.01065040,0.01079300,0.01049310,0.01050340,31691801.82628740
2024-10-21 10:00:00,0.01050340,0.01057320,0.01032700,0.01039990,29860150.12499980
2024-10-21 14:00:00,0.01039990,0.01044680,0.01011170,0.01024990,45959944.43852810
2024-10-21 18:00:00,0.01024990,0.01032140,0.01004320,0.01028950,31344606.70192380
2024-10-21 22:00:00,0.01028950,0.01032360,0.01016530,0.01017260,12622735.25883130
2024-10-22 02:00:00,0.01017260,0.01034270,0.01002940,0.01024380,28398398.00920200
2024-10-22 06:00:00,0.01024380,0.01035450,0.01019500,0.01024160,14803093.84075980
2024-10-22 10:00:00,0.01024160,0.01026190,0.01000790,0.01013610,28399858.79573540
2024-10-22 14:00:00,0.01013610,0.01019390,0.00985730,0.01007230,39283635.26747110
2024-10-22 18:00:00,0.01007230,0.01010380,0.00991300,0.01007220,19762137.08004380
2024-10-22 22:00:00,0.01007220,0.01014710,0.01003020,0.01007470,10756502.33376460
2024-10-23 02:00:00,0.01007470,0.01010980,0.00989000,0.00995600,16688053.03881550
2024-10-23 06:00:00,0.00995600,0.01000690,0.00980530,0.00985040,19883455.39416420
2024-10-23 10:00:00,0.00985040,0.00990790,0.00976390,0.00981780,26494785.00180450
2024-10-23 14:00:00,0.00981780,0.00998200,0.00965510,0.00977420,43110072.49422570
2024-10-23 18:00:00,0.00977420,0.00979370,0.00940280,0.00974010,57968656.88087290
2024-10-23 22:00:00,0.00974010,0.00983460,0.00969410,0.00980600,19646370.70967230
2024-10-24 02:00:00,0.00980600,0.01007790,0.00975120,0.00994350,33658247.36374990
2024-10-24 06:00:00,0.00994350,0.01002720,0.00984500,0.00986040,21407526.41491990
2024-10-24 10:00:00,0.00986040,0.00992410,0.00967360,0.00981340,25269539.47078490
2024-10-24 14:00:00,0.00981340,0.00996490,0.00976840,0.00985880,38454836.83868140
2024-10-24 18:00:00,0.00985880,0.00999450,0.00982330,0.00998210,22814839.94588970
2024-10-24 22:00:00,0.00998210,0.01007100,0.00989280,0.00999320,20569663.46289870
2024-10-25 02:00:00,0.00999320,0.01004160,0.00973340,0.00982570,22997367.41642450
2024-10-25 06:00:00,0.00982570,0.00984540,0.00950750,0.00958170,30303968.28470470
2024-10-25 10:00:00,0.00958170,0.00975780,0.00948170,0.00973400,32897681.10454670
2024-10-25 14:00:00,0.00973400,0.00981210,0.00940250,0.00945490,44973131.03816640
2024-10-25 18:00:00,0.00945490,0.00948520,0.00914590,0.00927510,62086487.61708130
2024-10-25 22:00:00,0.00927510,0.00939860,0.00847110,0.00877600,66737669.94536360
2024-10-26 02:00:00,0.00877600,0.00902560,0.00862430,0.00895770,41298484.61134870
2024-10-26 06:00:00,0.00895770,0.00908910,0.00889180,0.00900430,20544855.40449770
2024-10-26 10:00:00,0.00900430,0.00910820,0.00898050,0.00906250,20454900.82603760
2024-10-26 14:00:00,0.00906250,0.00909980,0.00875670,0.00886830,34455858.79136550
2024-10-26 18:00:00,0.00886830,0.00903940,0.00882620,0.00900500,21630982.06108880
2024-10-26 22:00:00,0.00900500,0.00911620,0.00899620,0.00906840,15748158.27866170
2024-10-27 02:00:00,0.00906840,0.00913290,0.00894950,0.00912350,16315548.81216140
2024-10-27 05:00:00,0.00912350,0.00916470,0.00906230,0.00908900,14141193.22522910
2024-10-27 09:00:00,0.00908900,0.00912390,0.00893200,0.00895880,18465048.00288090
2024-10-27 13:00:00,0.00895880,0.00916440,0.00895660,0.00912670,27069443.68847140
2024-10-27 17:00:00,0.00912670,0.00921740,0.00892610,0.00902650,29674261.35688380
2024-10-27 21:00:00,0.00902650,0.00928780,0.00900860,0.00916310,23121520.13147520
2024-10-28 01:00:00,0.00916310,0.00918920,0.00882420,0.00885440,23952413.31275140
2024-10-28 05:00:00,0.00885440,0.00905950,0.00876590,0.00898730,28162319.73223950
2024-10-28 09:00:00,0.00898730,0.00904850,0.00889310,0.00892960,25529868.11327680
2024-10-28 13:00:00,0.00892960,0.00900740,0.00865060,0.00869340,47369039.59116990
2024-10-28 17:00:00,0.00869340,0.00896700,0.00857640,0.00892600,42345409.79303950
2024-10-28 21:00:00,0.00892600,0.00944220,0.00890020,0.00917290,58100695.63317220
2024-10-29 01:00:00,0.00917290,0.00968580,0.00913300,0.00947800,61337891.73348350
2024-10-29 05:00:00,0.00947800,0.00956410,0.00943380,0.00948660,32233474.63795720
2024-10-29 09:00:00,0.00948660,0.00973370,0.00945630,0.00961700,37736784.19868230
2024-10-29 13:00:00,0.00961700,0.00977190,0.00949580,0.00975460,56709144.84528370
2024-10-29 17:00:00,0.00975460,0.00991710,0.00953920,0.00954270,67189562.96935110
2024-10-29 21:00:00,0.00954270,0.00967930,0.00939410,0.00967740,38127323.23612910
2024-10-30 01:00:00,0.00967740,0.00969770,0.00947050,0.00957740,29329485.81067290
2024-10-30 05:00:00,0.00957740,0.00968350,0.00943510,0.00946730,26757989.39632810
2024-10-30 09:00:00,0.00946730,0.00955140,0.00932400,0.00934080,35281500.96587240
2024-10-30 13:00:00,0.00934080,0.01012220,0.00926950,0.00960260,134217626.62148730
2024-10-30 17:00:00,0.00960260,0.00991950,0.00958180,0.00963740,45465099.88403450
2024-10-30 21:00:00,0.00963740,0.00982220,0.00958120,0.00963690,30874122.61027360
2024-10-31 01:00:00,0.00963690,0.00970520,0.00947510,0.00955470,35361447.01271620
2024-10-31 05:00:00,0.00955470,0.00967790,0.00948080,0.00955760,26379719.82508340
2024-10-31 09:00:00,0.00955760,0.00957840,0.00941820,0.00947000,32524743.54271550
2024-10-31 13:00:00,0.00947000,0.00953210,0.00923090,0.00931810,62808076.05228110
2024-10-31 17:00:00,0.00931810,0.00934900,0.00900500,0.00903100,51336261.73704600
2024-10-31 21:00:00,0.00903100,0.00918290,0.00900750,0.00911550,25558260.06944000
2024-11-01 01:00:00,0.00911550,0.00918240,0.00890470,0.00901730,37753343.30626360
2024-11-01 05:00:00,0.00901730,0.00908440,0.00883840,0.00892210,28510952.80908760
2024-11-01 09:00:00,0.00892210,0.00913600,0.00890540,0.00908690,30655356.32855170
2024-11-01 13:00:00,0.00908690,0.00934500,0.00882390,0.00894030,86004099.59392670
2024-11-01 17:00:00,0.00894030,0.00910190,0.00883050,0.00891650,50118319.65327760
2024-11-01 21:00:00,0.00891650,0.00898980,0.00871520,0.00888240,30766359.29449660
2024-11-02 01:00:00,0.00888240,0.00899200,0.00887610,0.00889770,21142475.71754440
2024-11-02 05:00:00,0.00889770,0.00895590,0.00882030,0.00894520,21061349.92802500
2024-11-02 09:00:00,0.00894520,0.00897680,0.00884190,0.00885960,17312212.91898450
2024-11-02 13:00:00,0.00885960,0.00889480,0.00857210,0.00868780,53395168.63861870
2024-11-02 17:00:00,0.00868780,0.00876500,0.00854180,0.00869880,28693707.81429900
2024-11-02 21:00:00,0.00869880,0.00875600,0.00863430,0.00871470,14683536.23459710
2024-11-03 01:00:00,0.00871470,0.00872500,0.00819140,0.00833660,58052593.14238290
2024-11-03 05:00:00,0.00833660,0.00846700,0.00832550,0.00840250,23811395.80052730
2024-11-03 09:00:00,0.00840250,0.00842220,0.00823380,0.00825820,28006330.42517940
2024-11-03 13:00:00,0.00825820,0.00830620,0.00787510,0.00806450,89081081.50097950
2024-11-03 17:00:00,0.00806450,0.00816100,0.00786740,0.00811810,59933437.69159290
2024-11-03 21:00:00,0.00811810,0.00824450,0.00807560,0.00817240,39006216.35126490
2024-11-04 01:00:00,0.00817240,0.00837350,0.00803480,0.00821570,50886426.67608740
2024-11-04 05:00:00,0.00821570,0.00829400,0.00809110,0.00812590,38340319.39567090
2024-11-04 09:00:00,0.00812590,0.00829090,0.00805060,0.00826830,43770219.34900930
2024-11-04 13:00:00,0.00826830,0.00834500,0.00807890,0.00812780,60502813.98312800
2024-11-04 17:00:00,0.00812780,0.00817900,0.00797120,0.00802990,51010728.67366880
2024-11-04 21:00:00,0.00802990,0.00803850,0.00771230,0.00791490,74034858.01686990
2024-11-05 01:00:00,0.00791490,0.00811150,0.00791130,0.00808020,44144538.64968400
2024-11-05 05:00:00,0.00808020,0.00821490,0.00807700,0.00817780,38309931.98803950
2024-11-05 09:00:00,0.00817780,0.00830930,0.00813710,0.00822640,42148276.68414910
2024-11-05 13:00:00,0.00822640,0.00863490,0.00816860,0.00852000,93807849.64053001
2024-11-05 17:00:00,0.00852000,0.00880750,0.00836450,0.00840560,84360055.51474920
2024-11-05 21:00:00,0.00840560,0.00858710,0.00836230,0.00855990,46816785.12371820
2024-11-06 01:00:00,0.00855990,0.00967540,0.00855950,0.00943860,188419926.26754209
2024-11-06 05:00:00,0.00943860,0.00966970,0.00925000,0.00937280,143913950.68400821
2024-11-06 09:00:00,0.00937280,0.00953390,0.00906030,0.00949940,90902666.70572039
2024-11-06 13:00:00,0.00949940,0.00954590,0.00918410,0.00924720,79463895.17057790
2024-11-06 17:00:00,0.00924720,0.00952970,0.00920580,0.00951580,61289739.64497630
2024-11-06 21:00:00,0.00951580,0.01005250,0.00937900,0.00990090,111362666.16655110
2024-11-07 01:00:00,0.00990090,0.01098550,0.00984700,0.01057140,224888437.70809719
2024-11-07 05:00:00,0.01057140,0.01065490,0.01008270,0.01024640,127452844.85971759
2024-11-07 09:00:00,0.01024640,0.01047910,0.01023590,0.01035080,93467363.24617700
2024-11-07 13:00:00,0.01035080,0.01053560,0.01012210,0.01051570,117698941.87696140
2024-11-07 17:00:00,0.01051570,0.01065550,0.01030600,0.01065170,137084334.97410339
2024-11-07 21:00:00,0.01065170,0.01105370,0.01046130,0.01100480,211998950.21249059
2024-11-08 01:00:00,0.01100480,0.01149690,0.01070960,0.01085080,219476426.92713189
2024-11-08 05:00:00,0.01085080,0.01105000,0.01068030,0.01084790,104347195.68054810
2024-11-08 09:00:00,0.01084790,0.01089240,0.01066550,0.01078500,90536295.88520500
2024-11-08 13:00:00,0.01078500,0.01110490,0.01062310,0.01078720,143548807.90406340
2024-11-08 17:00:00,0.01078720,0.01086960,0.01027640,0.01080100,164224022.03562781
2024-11-08 21:00:00,0.01080100,0.01091400,0.01059090,0.01077300,88395779.94886211
2024-11-09 01:00:00,0.01077300,0.01103930,0.01045930,0.01048180,110657264.46490140
2024-11-09 05:00:00,0.01048180,0.01109600,0.01048310,0.01093750,116524156.37681819
2024-11-09 09:00:00,0.01093750,0.01148500,0.01093750,0.01120310,155184509.35155791
2024-11-09 13:00:00,0.01120310,0.01128060,0.01067340,0.01077880,122433036.86117750
2024-11-09 17:00:00,0.01077880,0.01091040,0.01052770,0.01077060,101284522.00480850
2024-11-09 21:00:00,0.01077060,0.01135120,0.01073750,0.01120530,112718720.48959389
2024-11-10 01:00:00,0.01120530,0.01170150,0.01101170,0.01136040,208481278.33930799
2024-11-10 05:00:00,0.01136040,0.01164950,0.01127180,0.01141050,149085929.63685521
2024-11-10 09:00:00,0.01141050,0.01212780,0.01137790,0.01207690,188717368.26832280
2024-11-10 13:00:00,0.01207690,0.01286750,0.01178480,0.01254790,355654055.45886981
2024-11-10 17:00:00,0.01254790,0.01300300,0.01215540,0.01229710,323815066.47826642
2024-11-10 21:00:00,0.01229710,0.01251000,0.01142110,0.01232710,281868853.23879230
2024-11-11 01:00:00,0.01232710,0.01315840,0.01221270,0.01281750,241054034.63429880
2024-11-11 05:00:00,0.01281750,0.01283160,0.01176340,0.01205560,193725202.13717699
2024-11-11 09:00:00,0.01205560,0.01257580,0.01193740,0.01246040,135492833.72584480
2024-11-11 13:00:00,0.01246040,0.01264990,0.01187150,0.01244830,229816972.30450550
2024-11-11 17:00:00,0.01244830,0.01338400,0.01243030,0.01300410,342742257.73363358
2024-11-11 21:00:00,0.01300410,0.01346560,0.01256990,0.01300260,252274606.03519231
2024-11-12 01:00:00,0.01300260,0.01303080,0.01236180,0.01277200,202480787.78814790
2024-11-12 05:00:00,0.01277200,0.01459740,0.01268870,0.01443890,430607762.21728277
2024-11-12 09:00:00,0.01443890,0.01491750,0.01235600,0.01312130,593093686.65903461
2024-11-12 13:00:00,0.01312130,0.01329680,0.01230160,0.01278860,318881602.59452808
2024-11-12 17:00:00,0.01278860,0.01370910,0.01235510,0.01361480,237829399.58152020
2024-11-12 21:00:00,0.01361480,0.01473530,0.01337630,0.01413810,311032150.15498668
2024-11-13 01:00:00,0.01413810,0.01488240,0.01309240,0.01309410,384559836.28798062
2024-11-13 05:00:00,0.01309410,0.01344210,0.01249510,0.01297460,218466613.32207549
2024-11-13 09:00:00,0.01297460,0.01341300,0.01267550,0.01336550,184198551.47001299
2024-11-13 13:00:00,0.01336550,0.01998160,0.01305270,0.01935470,1706743901.01723075
2024-11-13 17:00:00,0.01935470,0.02246370,0.01792050,0.01820550,1749448422.72784281
2024-11-13 21:00:00,0.01820550,0.02150770,0.01769780,0.02082800,776920404.47993445
2024-11-14 01:00:00,0.02082800,0.02594460,0.02044010,0.02361710,1388534601.65623093
2024-11-14 05:00:00,0.02361710,0.02471620,0.02213560,0.02284470,541653571.35333085
2024-11-14 09:00:00,0.02284470,0.02347680,0.02040950,0.02125590,701832704.55410957
2024-11-14 13:00:00,0.02125590,0.02259420,0.02009910,0.02076850,826699228.72053325
2024-11-14 17:00:00,0.02076850,0.02345240,0.02045380,0.02255590,672762378.60983300
2024-11-14 21:00:00,0.02255590,0.02256870,0.02023330,0.02067490,481510333.04559737
2024-11-15 01:00:00,0.02067490,0.02179500,0.02035660,0.02111840,422584322.80375677
2024-11-15 05:00:00,0.02111840,0.02122610,0.01878580,0.01973730,469603116.07940000
2024-11-15 09:00:00,0.01973730,0.02207210,0.01950490,0.02150180,429916905.51003653
2024-11-15 13:00:00,0.02150180,0.02282000,0.02010300,0.02037240,542284484.27815020
2024-11-15 17:00:00,0.02037240,0.02252060,0.02026510,0.02207100,429388361.13471329
2024-11-15 21:00:00,0.02207100,0.02402440,0.02178810,0.02334550,381742124.30340153
2024-11-16 01:00:00,0.02334550,0.02366290,0.02250220,0.02286520,310399129.54111028
2024-11-16 05:00:00,0.02286520,0.02309930,0.02182130,0.02191870,203699553.01738721
2024-11-16 09:00:00,0.02191870,0.02215980,0.02145740,0.02211930,204561055.73690271
2024-11-16 13:00:00,0.02211930,0.02229000,0.02070400,0.02103290,310617670.50414282
2024-11-16 17:00:00,0.02103290,0.02142870,0.02072740,0.02124920,169767507.24347660
2024-11-16 21:00:00,0.02124920,0.02158100,0.02088810,0.02130010,154063808.11962801
2024-11-17 01:00:00,0.02130010,0.02171010,0.01945870,0.02043370,309047082.57545429
2024-11-17 05:00:00,0.02043370,0.02201180,0.02033420,0.02190890,237900494.79762000
2024-11-17 09:00:00,0.02190890,0.02204780,0.02052600,0.02059740,222906946.87698820
2024-11-17 13:00:00,0.02059740,0.02188630,0.02053240,0.02149530,217303513.62124699
2024-11-17 17:00:00,0.02149530,0.02258830,0.02070000,0.02129780,340929982.08684099
2024-11-17 21:00:00,0.02129780,0.02178280,0.02073200,0.02123040,189413713.68062481
2024-11-18 01:00:00,0.02123040,0.02177990,0.02084590,0.02131430,137629993.38945010
2024-11-18 05:00:00,0.02131430,0.02179990,0.02088420,0.02140220,139231265.76088569
2024-11-18 09:00:00,0.02140220,0.02281470,0.02078710,0.02088380,314833145.09683090
2024-11-18 13:00:00,0.02088380,0.02150000,0.02040530,0.02132620,256464262.35461941
2024-11-18 17:00:00,0.02132620,0.02136690,0.01965020,0.02002360,234793584.80465201
2024-11-18 21:00:00,0.02002360,0.02057640,0.01977210,0.02048880,136626774.25004250
2024-11-19 01:00:00,0.02048880,0.02074170,0.02013760,0.02057600,109084498.36649010
2024-11-19 05:00:00,0.02057600,0.02063430,0.01988090,0.02035720,126138499.36043720
2024-11-19 09:00:00,0.02035720,0.02047660,0.01994880,0.02009220,112093289.17639080
2024-11-19 13:00:00,0.02009220,0.02084950,0.01974520,0.02021600,239660310.92329291
2024-11-19 17:00:00,0.02021600,0.02123430,0.02003280,0.02069830,192906893.06180939
2024-11-19 21:00:00,0.02069830,0.02087740,0.01892890,0.01968900,277253771.48036569
2024-11-20 01:00:00,0.01968900,0.01987250,0.01873090,0.01977740,160117587.36847579
2024-11-20 05:00:00,0.01977740,0.02056950,0.01963200,0.02034490,159958501.69625109
2024-11-20 09:00:00,0.02034490,0.02059800,0.01961930,0.01996400,137042981.72789800
2024-11-20 13:00:00,0.01996400,0.02057980,0.01960170,0.01997310,190060012.80613589
2024-11-20 17:00:00,0.01997310,0.02012490,0.01836970,0.01851400,255135699.04703531
2024-11-20 21:00:00,0.01851400,0.01917990,0.01831530,0.01877190,113880794.33159590
2024-11-21 01:00:00,0.01877190,0.01943670,0.01803910,0.01869400,181619031.26068440
2024-11-21 05:00:00,0.01869400,0.01981800,0.01844900,0.01940650,208689241.69697481
2024-11-21 09:00:00,0.01940650,0.01957460,0.01885870,0.01929490,110693444.35336070
2024-11-21 13:00:00,0.01929490,0.02170540,0.01925580,0.02025180,533117748.15386188
2024-11-21 17:00:00,0.02025180,0.02120510,0.02020220,0.02053840,212407880.76243171
2024-11-21 21:00:00,0.02053840,0.02121650,0.02049200,0.02071070,124802522.80275211
2024-11-22 01:00:00,0.02071070,0.02158460,0.01996650,0.02146410,213270097.35372120
2024-11-22 05:00:00,0.02146410,0.02188120,0.02084830,0.02087760,174429145.50973761
2024-11-22 09:00:00,0.02087760,0.02135420,0.02071120,0.02111750,145057500.66659501
2024-11-22 13:00:00,0.02111750,0.02113890,0.02006790,0.02054740,219193922.72777790
2024-11-22 17:00:00,0.02054740,0.02055320,0.01978260,0.02003410,132028439.06781089
2024-11-22 21:00:00,0.02003410,0.02066190,0.01996950,0.02066190,99729964.87252609
2024-11-23 01:00:00,0.02066190,0.02095830,0.01943380,0.02042880,217061392.24471039
2024-11-23 05:00:00,0.02042880,0.02183150,0.02040700,0.02117880,277098817.79018748
2024-11-23 09:00:00,0.02117880,0.02233760,0.02111970,0.02147950,211835883.12684819
2024-11-23 13:00:00,0.02147950,0.02237380,0.02140730,0.02170940,207929025.43606359
2024-11-23 17:00:00,0.02170940,0.02175290,0.02021750,0.02046590,242424085.21700689
2024-11-23 21:00:00,0.02046590,0.02085140,0.02000010,0.02050230,107814074.85503320
2024-11-24 01:00:00,0.02050230,0.02123220,0.02038650,0.02089890,104729244.56587049
2024-11-24 05:00:00,0.02089890,0.02098990,0.02047220,0.02078060,83361049.59645230
2024-11-24 09:00:00,0.02078060,0.02083330,0.01983410,0.01989260,128453495.63217820
2024-11-24 13:00:00,0.01989260,0.02014100,0.01906400,0.01920970,183427520.59303129
2024-11-24 17:00:00,0.01920970,0.01984210,0.01910110,0.01965960,93317700.46272880
2024-11-24 21:00:00,0.01965960,0.02037560,0.01960220,0.02021920,79841708.31761150
2024-11-25 01:00:00,0.02021920,0.02023600,0.01950000,0.02004900,88107986.03887451
2024-11-25 05:00:00,0.02004900,0.02034470,0.01987020,0.02020250,69366843.36301669
2024-11-25 09:00:00,0.02020250,0.02077830,0.02010510,0.02021460,124907521.50861420
2024-11-25 13:00:00,0.02021460,0.02034690,0.01881610,0.01953760,213980027.87740529
2024-11-25 17:00:00,0.01953760,0.01989960,0.01887830,0.01928300,117796560.36688010
2024-11-25 21:00:00,0.01928300,0.01947990,0.01836660,0.01899580,119012989.13396840
2024-11-26 01:00:00,0.01899580,0.01947500,0.01885240,0.01927160,64190336.68930680
2024-11-26 05:00:00,0.01927160,0.01946000,0.01882330,0.01894820,50860469.72630240
2024-11-26 09:00:00,0.01894820,0.01897840,0.01730700,0.01795710,212170119.46651709
2024-11-26 13:00:00,0.01795710,0.01825560,0.01756660,0.01774980,154281075.22357661
2024-11-26 17:00:00,0.01774980,0.01838530,0.01737420,0.01774770,134419713.47038960
2024-11-26 21:00:00,0.01774770,0.01847560,0.01770860,0.01828780,89019408.32539169
2024-11-27 01:00:00,0.01828780,0.01848920,0.01788800,0.01814830,67849240.43139809
2024-11-27 05:00:00,0.01814830,0.01862260,0.01811420,0.01856590,71381730.38244881
2024-11-27 09:00:00,0.01856590,0.01875590,0.01816690,0.01832640,84316692.18504710
2024-11-27 13:00:00,0.01832640,0.01968550,0.01798100,0.01952260,195869634.98315260
2024-11-27 17:00:00,0.01952260,0.02010920,0.01915260,0.01981720,172475334.76163200
2024-11-27 21:00:00,0.01981720,0.02015800,0.01962920,0.01975400,116039771.57222819
2024-11-28 01:00:00,0.01975400,0.02034980,0.01937160,0.01958590,136292626.06585291
2024-11-28 05:00:00,0.01958590,0.02001590,0.01937480,0.01948630,81429611.88947940
2024-11-28 09:00:00,0.01948630,0.01987150,0.01928620,0.01971830,102579891.21476351
2024-11-28 13:00:00,0.01971830,0.01977990,0.01895590,0.01904450,122918826.21991821
2024-11-28 17:00:00,0.01904450,0.01961880,0.01904150,0.01953790,71900911.36042030
2024-11-28 21:00:00,0.01953790,0.01996610,0.01938400,0.01987050,55385286.66559290
2024-11-29 01:00:00,0.01987050,0.02025380,0.01973220,0.02010790,87242983.73110060
2024-11-29 05:00:00,0.02010790,0.02048270,0.01951800,0.01952760,122341741.78662260
2024-11-29 09:00:00,0.01952760,0.02027870,0.01952810,0.02015780,79543761.01402821
2024-11-29 13:00:00,0.02015780,0.02099890,0.02006540,0.02068940,189997005.80163381
2024-11-29 17:00:00,0.02068940,0.02084130,0.02025390,0.02067760,108876232.76502649
2024-11-29 21:00:00,0.02067760,0.02132170,0.02044180,0.02048580,121530834.01294769
2024-11-30 01:00:00,0.02048580,0.02055750,0.02024140,0.02052020,80562764.37593040
2024-11-30 05:00:00,0.02052020,0.02166450,0.02042920,0.02105650,143676210.80018300
2024-11-30 09:00:00,0.02105650,0.02110040,0.02010100,0.02034440,136516129.17841470
2024-11-30 13:00:00,0.02034440,0.02054580,0.02015630,0.02043870,81245202.25078540
2024-11-30 17:00:00,0.02043870,0.02074640,0.02031130,0.02040690,73421376.70555080
2024-11-30 21:00:00,0.02040690,0.02063750,0.02018380,0.02020210,55551746.84284830
2024-12-01 01:00:00,0.02020210,0.02117920,0.02006470,0.02054350,191794063.18492481
2024-12-01 05:00:00,0.02054350,0.02127150,0.02044000,0.02108780,138841308.74353150
2024-12-01 09:00:00,0.02108780,0.02144530,0.02091680,0.02103010,123832781.70013639
2024-12-01 13:00:00,0.02103010,0.02300580,0.02099540,0.02286610,301093769.64485371
2024-12-01 17:00:00,0.02286610,0.02333560,0.02210350,0.02227530,256082190.42632839
2024-12-01 21:00:00,0.02227530,0.02258630,0.02183830,0.02228290,136662106.00913620
2024-12-02 01:00:00,0.02228290,0.02286960,0.02106910,0.02110220,199223208.61103871
2024-12-02 05:00:00,0.02110220,0.02134840,0.02058000,0.02073620,188840727.71983001
2024-12-02 09:00:00,0.02073620,0.02076810,0.01955510,0.02003570,202483886.34552169
2024-12-02 13:00:00,0.02003570,0.02076230,0.01987470,0.02064070,174025845.35154450
2024-12-02 17:00:00,0.02064070,0.02075250,0.01963310,0.02019670,185570492.53685671
2024-12-02 21:00:00,0.02019670,0.02046580,0.02008800,0.02044250,78218264.41983271
2024-12-03 01:00:00,0.02044250,0.02057210,0.02006070,0.02043060,80005607.35109539
2024-12-03 05:00:00,0.02043060,0.02109160,0.02027040,0.02057300,134853594.77431971
2024-12-03 09:00:00,0.02057300,0.02081240,0.02005400,0.02036690,82027539.46699829
2024-12-03 13:00:00,0.02036690,0.02038280,0.01884050,0.01965800,223703202.12383270
2024-12-03 17:00:00,0.01965800,0.01994190,0.01935900,0.01976100,86233143.22104210
2024-12-03 21:00:00,0.01976100,0.02069790,0.01973540,0.02027310,120179114.19477160
2024-12-04 01:00:00,0.02027310,0.02103000,0.02026760,0.02044200,122847994.14000630
2024-12-04 05:00:00,0.02044200,0.02102540,0.02042950,0.02100990,64959062.53828780
2024-12-04 09:00:00,0.02100990,0.02128660,0.02067670,0.02092450,105871841.83865000
2024-12-04 13:00:00,0.02092450,0.02211370,0.02045970,0.02154630,252825881.69672820
2024-12-04 17:00:00,0.02154630,0.02190000,0.02021470,0.02138590,298836376.95952147
2024-12-04 21:00:00,0.02138590,0.02182820,0.02071500,0.02181870,155661796.95652571
2024-12-05 01:00:00,0.02181870,0.02183510,0.02034010,0.02120840,232166023.43674129
2024-12-05 05:00:00,0.02120840,0.02293540,0.02116250,0.02155580,268786009.31084973
2024-12-05 09:00:00,0.02155580,0.02198770,0.02139120,0.02197400,98588834.35177261
2024-12-05 13:00:00,0.02197400,0.02242530,0.02179260,0.02198790,189149733.79677770
2024-12-05 17:00:00,0.02198790,0.02230210,0.02111110,0.02118940,141448800.99541599
2024-12-05 21:00:00,0.02118940,0.02167240,0.02048040,0.02120340,169166196.16572180
2024-12-06 01:00:00,0.02120340,0.02182000,0.02098220,0.02168710,96463754.28326510
2024-12-06 05:00:00,0.02168710,0.02205650,0.02150840,0.02204870,75311990.88364750
2024-12-06 09:00:00,0.02204870,0.02220930,0.02094980,0.02098720,169761497.24731269
2024-12-06 13:00:00,0.02098720,0.02186920,0.02036000,0.02150160,195192022.90191719
2024-12-06 17:00:00,0.02150160,0.02222880,0.02134900,0.02204350,104990382.41934370
2024-12-06 21:00:00,0.02204350,0.02225830,0.02149170,0.02156250,93318284.76410800
2024-12-07 01:00:00,0.02156250,0.02173790,0.02125260,0.02132560,60046816.75449970
2024-12-07 05:00:00,0.02132560,0.02164120,0.02111640,0.02162400,79885553.84865239
2024-12-07 09:00:00,0.02162400,0.02295640,0.02153560,0.02242820,180693315.21108270
2024-12-07 13:00:00,0.02242820,0.02279990,0.02203840,0.02269800,127193036.07225700
2024-12-07 17:00:00,0.02269800,0.02686700,0.02260360,0.02652210,532936466.34191400
2024-12-07 21:00:00,0.02652210,0.02698350,0.02491890,0.02493120,314249856.41400278
2024-12-08 01:00:00,0.02493120,0.02638000,0.02433380,0.02602240,269956880.47977781
2024-12-08 05:00:00,0.02602240,0.02635840,0.02503680,0.02532130,216106429.00923499
2024-12-08 09:00:00,0.02532130,0.02545200,0.02420780,0.02519260,227914927.56500599
2024-12-08 13:00:00,0.02519260,0.02587220,0.02454170,0.02544380,227667747.84754109
2024-12-08 17:00:00,0.02544380,0.02720940,0.02533090,0.02654220,452851103.71276760
2024-12-08 21:00:00,0.02654220,0.02695190,0.02591460,0.02644500,185609597.94659719
2024-12-09 01:00:00,0.02644500,0.02755390,0.02583110,0.02625500,385024127.18229699
2024-12-09 05:00:00,0.02625500,0.02731410,0.02540180,0.02615600,304153888.17840159
2024-12-09 09:00:00,0.02615600,0.02631590,0.02449810,0.02456790,290185270.09646147
2024-12-09 13:00:00,0.02456790,0.02739990,0.02438950,0.02696040,495704135.18342572
2024-12-09 17:00:00,0.02696040,0.02837640,0.02644600,0.02674900,440451214.01025343
2024-12-09 21:00:00,0.02674900,0.02728970,0.02302250,0.02649270,786177974.29540849
2024-12-10 01:00:00,0.02649270,0.02726510,0.02231810,0.02328730,589849726.87041390
2024-12-10 05:00:00,0.02328730,0.02572130,0.02225340,0.02519390,380204825.88573867
2024-12-10 09:00:00,0.02519390,0.02632830,0.02465770,0.02519960,285315003.29945379
2024-12-10 13:00:00,0.02519960,0.02557660,0.02264340,0.02268290,467811643.37159473
2024-12-10 17:00:00,0.02268290,0.02383020,0.02208880,0.02311400,463126862.69252479
2024-12-10 21:00:00,0.02311400,0.02397860,0.02302240,0.02348390,149669653.27364281
2024-12-11 01:00:00,0.02348390,0.02364290,0.02160880,0.02231410,240204245.10582030
2024-12-11 05:00:00,0.02231410,0.02305580,0.02215350,0.02240650,129220971.68539770
2024-12-11 09:00:00,0.02240650,0.02389660,0.02233480,0.02350680,199262652.64016810
2024-12-11 13:00:00,0.02350680,0.02529840,0.02327910,0.02473570,317964635.75661629
2024-12-11 17:00:00,0.02473570,0.02522800,0.02433500,0.02514340,199065352.17134401
2024-12-11 21:00:00,0.02514340,0.02548020,0.02464700,0.02512620,123940970.97007380
2024-12-12 01:00:00,0.02512620,0.02571660,0.02447570,0.02523280,168002556.38909280
2024-12-12 05:00:00,0.02523280,0.02548280,0.02467860,0.02480790,137006887.93033859
2024-12-12 09:00:00,0.02480790,0.02515900,0.02420800,0.02446940,123639626.18382800
2024-12-12 13:00:00,0.02446940,0.02517740,0.02412010,0.02431250,203849203.59295419
2024-12-12 17:00:00,0.02431250,0.02486530,0.02342450,0.02343000,184360699.72145060
2024-12-12 21:00:00,0.02343000,0.02376590,0.02320620,0.02363080,119201594.30007620
2024-12-13 01:00:00,0.02363080,0.02397440,0.02323240,0.02370520,94803970.78657500
2024-12-13 05:00:00,0.02370520,0.02376240,0.02306620,0.02358440,80044361.86661890
2024-12-13 09:00:00,0.02358440,0.02388100,0.02334890,0.02361220,81627963.14290071
2024-12-13 13:00:00,0.02361220,0.02477940,0.02361220,0.02394250,186936307.04938871
2024-12-13 17:00:00,0.02394250,0.02467560,0.02377920,0.02460200,125299510.63487160
2024-12-13 21:00:00,0.02460200,0.02498320,0.02446340,0.02475390,83142990.98569040
2024-12-14 01:00:00,0.02475390,0.02486380,0.02415720,0.02424220,86262747.36487059
2024-12-14 05:00:00,0.02424220,0.02439590,0.02406430,0.02429410,47356713.93715060
2024-12-14 09:00:00,0.02429410,0.02434780,0.02374730,0.02396820,69137346.06422020
2024-12-14 13:00:00,0.02396820,0.02403910,0.02330740,0.02356090,113375245.37090351
2024-12-14 17:00:00,0.02356090,0.02362250,0.02302300,0.02332850,95032092.88352460
2024-12-14 21:00:00,0.02332850,0.02342880,0.02290660,0.02331670,58895298.14406670
2024-12-15 01:00:00,0.02331670,0.02359560,0.02281220,0.02314580,80613378.41952521
2024-12-15 05:00:00,0.02314580,0.02354330,0.02257790,0.02280440,82906396.09191820
2024-12-15 09:00:00,0.02280440,0.02347390,0.02272600,0.02339480,73825513.36657479
2024-12-15 13:00:00,0.02339480,0.02391250,0.02330540,0.02376060,84575991.07587320
2024-12-15 17:00:00,0.02376060,0.02399780,0.02368160,0.02375130,53049148.36613140
2024-12-15 21:00:00,0.02375130,0.02452780,0.02282030,0.02416820,158335166.02561569
2024-12-16 01:00:00,0.02416820,0.02471970,0.02353970,0.02362630,135854347.96378300
2024-12-16 05:00:00,0.02362630,0.02402180,0.02344750,0.02379990,79372978.77079350
2024-12-16 09:00:00,0.02379990,0.02384950,0.02288300,0.02296750,98331115.47735190
2024-12-16 13:00:00,0.02296750,0.02345540,0.02290230,0.02316940,107756712.71618420
2024-12-16 17:00:00,0.02316940,0.02461570,0.02316610,0.02395070,215331995.60860980
2024-12-16 21:00:00,0.02395070,0.02414190,0.02339600,0.02344830,76225320.15018339
2024-12-17 01:00:00,0.02344830,0.02351270,0.02299040,0.02348400,96938945.63655570
2024-12-17 05:00:00,0.02348400,0.02350440,0.02309570,0.02321560,61115475.36632030
2024-12-17 09:00:00,0.02321560,0.02365040,0.02317000,0.02335270,94170328.52277760
2024-12-17 13:00:00,0.02335270,0.02362370,0.02258750,0.02277750,147746281.01898661
2024-12-17 17:00:00,0.02277750,0.02324150,0.02250080,0.02280620,105831470.03052010
2024-12-17 21:00:00,0.02280620,0.02295610,0.02206000,0.02243060,95378712.96086560
2024-12-18 01:00:00,0.02243060,0.02252150,0.02194670,0.02202040,84423131.03541820
2024-12-18 05:00:00,0.02202040,0.02204230,0.02125480,0.02151590,131121606.53755049
2024-12-18 09:00:00,0.02151590,0.02184030,0.02143210,0.02175480,56975463.89956380
2024-12-18 13:00:00,0.02175480,0.02180660,0.02112860,0.02130460,128280226.16308481
2024-12-18 17:00:00,0.02130460,0.02186520,0.02084010,0.02084200,132477298.62195399
2024-12-18 21:00:00,0.02084200,0.02099540,0.01905490,0.01942370,352905670.17201769
2024-12-19 01:00:00,0.01942370,0.01973450,0.01792850,0.01931800,280944620.88300937
2024-12-19 05:00:00,0.01931800,0.01952770,0.01906350,0.01914540,94589623.44898340
2024-12-19 09:00:00,0.01914540,0.01964870,0.01882210,0.01950850,96643615.97395220
2024-12-19 13:00:00,0.01950850,0.01970550,0.01844040,0.01875130,165991829.32428509
2024-12-19 17:00:00,0.01875130,0.01934730,0.01647080,0.01703950,430345948.02329397
2024-12-19 21:00:00,0.01703950,0.01758290,0.01653000,0.01704560,150456909.98836440
2024-12-20 01:00:00,0.01704560,0.01792640,0.01662730,0.01722950,130995971.41934469
2024-12-20 05:00:00,0.01722950,0.01740640,0.01633300,0.01692490,136245474.80849871
2024-12-20 09:00:00,0.01692490,0.01692910,0.01440870,0.01448250,363951118.84736103
2024-12-20 13:00:00,0.01448250,0.01648460,0.01445490,0.01631560,239037902.83290309
2024-12-20 17:00:00,0.01631560,0.01722210,0.01621150,0.01694490,145488338.94193450
2024-12-20 21:00:00,0.01694490,0.01792870,0.01676970,0.01766960,132541131.16555990
2024-12-21 01:00:00,0.01766960,0.01864200,0.01747090,0.01825600,147491829.38621041
2024-12-21 05:00:00,0.01825600,0.01972100,0.01809150,0.01957170,142894339.53391141
2024-12-21 09:00:00,0.01957170,0.01965310,0.01867400,0.01882590,146643383.29469061
2024-12-21 13:00:00,0.01882590,0.01884260,0.01721070,0.01789260,228926581.65915209
2024-12-21 17:00:00,0.01789260,0.01796550,0.01694110,0.01733270,146943985.81597331
2024-12-21 21:00:00,0.01733270,0.01770400,0.01702720,0.01741170,92327049.38209119
2024-12-22 01:00:00,0.01741170,0.01771500,0.01710390,0.01752600,87458055.12615541
2024-12-22 05:00:00,0.01752600,0.01756780,0.01667660,0.01731920,102057447.35291789
2024-12-22 09:00:00,0.01731920,0.01817070,0.01730620,0.01789850,99928662.31191170
2024-12-22 13:00:00,0.01789850,0.01832800,0.01720930,0.01745530,146303756.89200360
2024-12-22 17:00:00,0.01745530,0.01842010,0.01729270,0.01753000,130313997.88359320
2024-12-22 21:00:00,0.01753000,0.01815370,0.01718710,0.01784180,108281186.53927951
2024-12-23 01:00:00,0.01784180,0.01833620,0.01722670,0.01822190,119037554.08872309
2024-12-23 05:00:00,0.01822190,0.01842910,0.01743760,0.01782490,92164853.04682650
2024-12-23 09:00:00,0.01782490,0.01826820,0.01776840,0.01791400,80736697.33705720
2024-12-23 13:00:00,0.01791400,0.01813220,0.01737090,0.01741540,121663842.74215350
2024-12-23 17:00:00,0.01741540,0.01818400,0.01739320,0.01794980,111585072.49607681
2024-12-23 21:00:00,0.01794980,0.01884490,0.01789260,0.01847040,106070690.69129381
2024-12-24 01:00:00,0.01847040,0.01856270,0.01789140,0.01829400,67373217.68899401
2024-12-24 05:00:00,0.01829400,0.01842420,0.01802830,0.01813360,49572091.94887450
2024-12-24 09:00:00,0.01813360,0.01834740,0.01800150,0.01834200,57764822.42605180
2024-12-24 13:00:00,0.01834200,0.01947810,0.01819070,0.01926850,128856815.68594129
2024-12-24 17:00:00,0.01926850,0.01952830,0.01895600,0.01895960,96766860.17187090
2024-12-24 21:00:00,0.01895960,0.01935000,0.01861710,0.01924870,77816675.31702650
2024-12-25 01:00:00,0.01924870,0.01936290,0.01884940,0.01888780,60755569.35422350
2024-12-25 05:00:00,0.01888780,0.01912490,0.01870500,0.01876160,52358774.53985100
2024-12-25 09:00:00,0.01876160,0.01928880,0.01853010,0.01857230,99932170.00486679
2024-12-25 13:00:00,0.01857230,0.01896940,0.01846920,0.01873600,62884564.59354120
2024-12-25 17:00:00,0.01873600,0.01879630,0.01814300,0.01853250,72449364.85494301
2024-12-25 21:00:00,0.01853250,0.01863570,0.01814610,0.01852270,53167739.82327670
2024-12-26 01:00:00,0.01852270,0.01875730,0.01807150,0.01820370,62664528.67292380
2024-12-26 05:00:00,0.01820370,0.01819420,0.01780470,0.01785760,63082947.28562600
2024-12-26 09:00:00,0.01785760,0.01791610,0.01732020,0.01739010,87411789.20101130
2024-12-26 13:00:00,0.01739010,0.01752930,0.01715210,0.01730440,78858823.80942769
2024-12-26 17:00:00,0.01730440,0.01765020,0.01717950,0.01741860,63039985.26285510
2024-12-26 21:00:00,0.01741860,0.01749280,0.01703280,0.01738380,56071288.12900980
2024-12-27 01:00:00,0.01738380,0.01767330,0.01728710,0.01760710,54260366.30547340
2024-12-27 05:00:00,0.01760710,0.01780030,0.01725020,0.01746370,72698628.12824631
2024-12-27 09:00:00,0.01746370,0.01828250,0.01746260,0.01817300,104324673.35647459
2024-12-27 13:00:00,0.01817300,0.01822890,0.01746530,0.01768860,72107385.22084180
2024-12-27 17:00:00,0.01768860,0.01815930,0.01745100,0.01814880,83259324.89529631
2024-12-27 21:00:00,0.01814880,0.01819000,0.01767850,0.01787820,41005334.63311200
2024-12-28 01:00:00,0.01787820,0.01807490,0.01776470,0.01800730,37923704.61597020
2024-12-28 05:00:00,0.01800730,0.01843460,0.01791970,0.01806640,64005943.81433870
2024-12-28 09:00:00,0.01806640,0.01834990,0.01806220,0.01830370,37356754.83239060
2024-12-28 13:00:00,0.01830370,0.01878230,0.01812830,0.01848490,77672003.35313500
2024-12-28 17:00:00,0.01848490,0.01902640,0.01839780,0.01871260,68103914.29386100
2024-12-28 21:00:00,0.01871260,0.01888300,0.01863270,0.01875640,36722167.46752380
2024-12-29 01:00:00,0.01875640,0.01878030,0.01845060,0.01859590,37169205.38120410
2024-12-29 05:00:00,0.01859590,0.01887620,0.01848380,0.01887390,31950128.79992680
2024-12-29 09:00:00,0.01887390,0.01918860,0.01872720,0.01905360,54391673.35967020
2024-12-29 13:00:00,0.01905360,0.01907210,0.01832270,0.01839530,97112301.84432749
2024-12-29 17:00:00,0.01839530,0.01844770,0.01785490,0.01800870,73632221.48047680
2024-12-29 21:00:00,0.01800870,0.01804020,0.01774580,0.01788260,51265934.24074120
2024-12-30 01:00:00,0.01788260,0.01832390,0.01780940,0.01807010,64510027.72036740
2024-12-30 05:00:00,0.01807010,0.01847600,0.01785620,0.01846870,60175818.62386280
2024-12-30 09:00:00,0.01846870,0.01897470,0.01837240,0.01858420,82005356.88324140
2024-12-30 13:00:00,0.01858420,0.01872850,0.01744660,0.01766900,126061603.02661429
2024-12-30 17:00:00,0.01766900,0.01854780,0.01748160,0.01846580,96013678.01484320
2024-12-30 21:00:00,0.01846580,0.01857890,0.01785190,0.01844970,71264031.76474330
2024-12-31 01:00:00,0.01844970,0.01844970,0.01786710,0.01797010,37799475.90826100
2024-12-31 05:00:00,0.01797010,0.01932690,0.01769220,0.01871080,228225510.16882461
2024-12-31 09:00:00,0.01871080,0.02009180,0.01867750,0.01961490,259115673.76048160
2024-12-31 13:00:00,0.01961490,0.02140000,0.01955690,0.02108060,331865987.72395903
2024-12-31 17:00:00,0.02108060,0.02184620,0.02025270,0.02059290,269420015.71204072
2024-12-31 21:00:00,0.02059290,0.02081070,0.01985100,0.01996040,104506656.42372930
2025-01-01 01:00:00,0.01996040,0.02075440,0.01994450,0.02040530,101946890.01888379
2025-01-01 05:00:00,0.02040530,0.02045000,0.01989830,0.02006400,71926232.35976230
2025-01-01 09:00:00,0.02006400,0.02009870,0.01906380,0.01931500,154328638.32578599
2025-01-01 13:00:00,0.01931500,0.01963390,0.01908500,0.01948750,149408030.08620179
2025-01-01 17:00:00,0.01948750,0.01970750,0.01918170,0.01957300,77692143.58298610
2025-01-01 21:00:00,0.01957300,0.01967020,0.01932310,0.01937180,73153475.46969479
2025-01-02 01:00:00,0.01937180,0.01995930,0.01918620,0.01980800,101317659.15972680
2025-01-02 05:00:00,0.01980800,0.02085990,0.01974000,0.02032020,139246024.15035999
2025-01-02 09:00:00,0.02032020,0.02096030,0.02010090,0.02083380,131929628.31628150
2025-01-02 13:00:00,0.02083380,0.02115990,0.02029990,0.02044460,167548316.80038241
2025-01-02 17:00:00,0.02044460,0.02074990,0.02017550,0.02034420,83435354.66768540
2025-01-02 21:00:00,0.02034420,0.02056840,0.02003130,0.02047500,48321177.79412540
2025-01-03 01:00:00,0.02047500,0.02056230,0.02017150,0.02032200,64761520.98372220
2025-01-03 05:00:00,0.02032200,0.02050540,0.02007530,0.02013410,52357891.77915360
2025-01-03 09:00:00,0.02013410,0.02077300,0.02005920,0.02069310,76376628.70193981
2025-01-03 13:00:00,0.02069310,0.02146660,0.02057450,0.02123970,138341729.12616619
2025-01-03 17:00:00,0.02123970,0.02175110,0.02112270,0.02151550,121418309.16562849
2025-01-03 21:00:00,0.02151550,0.02166460,0.02124210,0.02159040,57994789.64183440
2025-01-04 01:00:00,0.02159040,0.02190290,0.02112790,0.02123480,78453152.53023930
2025-01-04 05:00:00,0.02123480,0.02137800,0.02107920,0.02126300,45834224.98198290
2025-01-04 09:00:00,0.02126300,0.02126510,0.02086280,0.02106570,59965700.77477370
2025-01-04 13:00:00,0.02106570,0.02131420,0.02054380,0.02066830,103612692.03154460
2025-01-04 17:00:00,0.02066830,0.02101680,0.02061390,0.02098250,52658172.55934960
2025-01-04 21:00:00,0.02098250,0.02131330,0.02098970,0.02113000,47314851.46665930
2025-01-05 01:00:00,0.02113000,0.02139840,0.02090430,0.02118390,44259978.28529080
2025-01-05 05:00:00,0.02118390,0.02127230,0.02094100,0.02096380,32711450.63049740
2025-01-05 09:00:00,0.02096380,0.02098990,0.02052720,0.02070110,67381575.61879410
2025-01-05 13:00:00,0.02070110,0.02075900,0.02034530,0.02064470,64239955.76202360
2025-01-05 17:00:00,0.02064470,0.02076790,0.02031420,0.02053600,44030158.05162080
2025-01-05 21:00:00,0.02053600,0.02081140,0.02048810,0.02070290,37046720.57880870
2025-01-06 01:00:00,0.02070290,0.02103570,0.02025900,0.02084430,74581405.44433761
2025-01-06 05:00:00,0.02084430,0.02110110,0.02051760,0.02061850,53785226.09864400
2025-01-06 09:00:00,0.02061850,0.02075760,0.02040450,0.02074490,46436802.65469750
2025-01-06 13:00:00,0.02074490,0.02126050,0.02049460,0.02115350,132372435.22141990
2025-01-06 17:00:00,0.02115350,0.02139110,0.02068690,0.02097710,96193058.35142060
2025-01-06 21:00:00,0.02097710,0.02108420,0.02058000,0.02077190,55937728.07525500
2025-01-07 01:00:00,0.02077190,0.02083010,0.02036750,0.02051730,58178773.28609080
2025-01-07 05:00:00,0.02051730,0.02063240,0.02037760,0.02049230,32811268.93631680
2025-01-07 09:00:00,0.02049230,0.02071420,0.02010110,0.02027210,65883504.02031330
2025-01-07 13:00:00,0.02027210,0.02042290,0.01881360,0.01910350,208091485.99350721
2025-01-07 17:00:00,0.01910350,0.01923450,0.01853140,0.01863850,125507239.46343809
2025-01-07 21:00:00,0.01863850,0.01883910,0.01844930,0.01857830,69943162.29340160
2025-01-08 01:00:00,0.01857830,0.01889590,0.01823330,0.01851680,83790044.27339260
2025-01-08 05:00:00,0.01851680,0.01858200,0.01788030,0.01825310,87449152.08691239
2025-01-08 09:00:00,0.01825310,0.01859580,0.01795000,0.01803590,75496558.33113980
2025-01-08 13:00:00,0.01803590,0.01838680,0.01787430,0.01813140,90943189.72549661
2025-01-08 17:00:00,0.01813140,0.01813470,0.01700110,0.01760710,189717245.83284289
2025-01-08 21:00:00,0.01760710,0.01791920,0.01739850,0.01780690,52117977.22776090
2025-01-09 01:00:00,0.01780690,0.01807680,0.01756940,0.01793430,64997681.72330350
2025-01-09 05:00:00,0.01793430,0.01797200,0.01729630,0.01733450,59629443.30772540
2025-01-09 09:00:00,0.01733450,0.01778260,0.01730000,0.01758740,62787572.80823420
2025-01-09 13:00:00,0.01758740,0.01789400,0.01667940,0.01772200,147896301.20145279
2025-01-09 17:00:00,0.01772200,0.01791090,0.01686890,0.01690350,98024143.20904040
2025-01-09 21:00:00,0.01690350,0.01713800,0.01662710,0.01699390,78967338.47708429
2025-01-10 01:00:00,0.01699390,0.01731730,0.01699020,0.01728030,39739489.22746260
2025-01-10 05:00:00,0.01728030,0.01786170,0.01721020,0.01772570,53767192.43465440
2025-01-10 09:00:00,0.01772570,0.01787300,0.01761220,0.01783110,43921541.58300080
2025-01-10 13:00:00,0.01783110,0.01785940,0.01699300,0.01736220,152429387.08538729
2025-01-10 17:00:00,0.01736220,0.01789850,0.01710300,0.01768090,87069491.60375780
2025-01-10 21:00:00,0.01768090,0.01775860,0.01742500,0.01762900,38056512.22255780
2025-01-11 01:00:00,0.01762900,0.01774950,0.01748090,0.01758760,33498021.52368660
2025-01-11 05:00:00,0.01758760,0.01786090,0.01746850,0.01773220,35892864.93381300
2025-01-11 09:00:00,0.01773220,0.01811480,0.01760680,0.01803010,58752205.93059700
2025-01-11 13:00:00,0.01803010,0.01817860,0.01785540,0.01788590,50756429.97131690
2025-01-11 17:00:00,0.01788590,0.01794510,0.01770920,0.01781820,43068892.28372920
2025-01-11 21:00:00,0.01781820,0.01846360,0.01775810,0.01799760,64564531.33241260
2025-01-12 01:00:00,0.01799760,0.01802160,0.01776330,0.01787540,32955477.88872950
2025-01-12 05:00:00,0.01787540,0.01793320,0.01761070,0.01777840,30057988.39225160
2025-01-12 09:00:00,0.01777840,0.01781140,0.01748010,0.01763170,43717559.23610420
2025-01-12 13:00:00,0.01763170,0.01803770,0.01752850,0.01793650,49206011.45032730
2025-01-12 17:00:00,0.01793650,0.01803860,0.01780400,0.01792420,33551311.18485100
2025-01-12 21:00:00,0.01792420,0.01798910,0.01754640,0.01774910,41774103.88338700
2025-01-13 01:00:00,0.01774910,0.01828690,0.01712200,0.01725830,109564957.91848500
2025-01-13 05:00:00,0.01725830,0.01748430,0.01683450,0.01705020,64531807.90190460
2025-01-13 09:00:00,0.01705020,0.01707870,0.01598580,0.01600520,123686863.41063860
2025-01-13 13:00:00,0.01600520,0.01665140,0.01558360,0.01645000,187805866.49399489
2025-01-13 17:00:00,0.01645000,0.01658330,0.01575590,0.01615820,103994673.15268980
2025-01-13 21:00:00,0.01615820,0.01698480,0.01601830,0.01685240,75150390.04667230
2025-01-14 01:00:00,0.01685240,0.01715120,0.01678520,0.01703500,39584641.80582900
2025-01-14 05:00:00,0.01703500,0.01733060,0.01703670,0.01712950,35384432.22743300
2025-01-14 09:00:00,0.01712950,0.01761720,0.01712220,0.01729440,80281548.70382480
2025-01-14 13:00:00,0.01729440,0.01749980,0.01712460,0.01731300,59984037.61194490
2025-01-14 17:00:00,0.01731300,0.01751990,0.01713120,0.01737640,43419445.31814600
2025-01-14 21:00:00,0.01737640,0.01758430,0.01725860,0.01746260,29121272.00578640
2025-01-15 01:00:00,0.01746260,0.01760920,0.01721280,0.01740120,49335255.98159220
2025-01-15 05:00:00,0.01740120,0.01755070,0.01728010,0.01740260,38429204.73908800
2025-01-15 09:00:00,0.01740260,0.01751920,0.01686460,0.01704240,64423632.67250680
2025-01-15 13:00:00,0.01704240,0.01851700,0.01690830,0.01815330,184192362.74114689
2025-01-15 17:00:00,0.01815330,0.01868880,0.01801820,0.01862350,80857384.73041169
2025-01-15 21:00:00,0.01862350,0.01920990,0.01856400,0.01906040,77048453.56824189
2025-01-16 01:00:00,0.01906040,0.01924380,0.01831420,0.01837630,74336740.81879421
2025-01-16 05:00:00,0.01837630,0.01871060,0.01836450,0.01862470,34592584.07330490
2025-01-16 09:00:00,0.01862470,0.01865810,0.01811270,0.01859000,80229529.45982809
2025-01-16 13:00:00,0.01859000,0.01888160,0.01795500,0.01837060,132493196.31483009
2025-01-16 17:00:00,0.01837060,0.01859010,0.01823650,0.01846940,58286695.61469650
2025-01-16 21:00:00,0.01846940,0.01852720,0.01799870,0.01812490,40299475.63861730
2025-01-17 01:00:00,0.01812490,0.01883990,0.01812490,0.01852960,61829867.84661270
2025-01-17 05:00:00,0.01852960,0.01885000,0.01847310,0.01884230,33842574.01811360
2025-01-17 09:00:00,0.01884230,0.02009410,0.01876240,0.01987700,169238437.21394759
2025-01-17 13:00:00,0.01987700,0.02017700,0.01957510,0.01990010,122376558.65678599
2025-01-17 17:00:00,0.01990010,0.02029990,0.01979800,0.02015770,87207635.90924691
2025-01-17 21:00:00,0.02015770,0.02054280,0.02009720,0.02029670,79821418.61289060
2025-01-18 01:00:00,0.02029670,0.02102640,0.01955010,0.01967130,146795774.93178320
2025-01-18 05:00:00,0.01967130,0.01977810,0.01851420,0.01864160,179631224.72826591
2025-01-18 09:00:00,0.01864160,0.01892850,0.01832720,0.01882590,107682880.69192681
2025-01-18 13:00:00,0.01882590,0.01911380,0.01868060,0.01871770,84220850.77298260
2025-01-18 17:00:00,0.01871770,0.01891380,0.01810250,0.01839420,104929339.75129850
2025-01-18 21:00:00,0.01839420,0.01851300,0.01813860,0.01843450,52249892.73188030
2025-01-19 01:00:00,0.01843450,0.01898770,0.01834170,0.01855550,79107703.89479840
2025-01-19 05:00:00,0.01855550,0.01857930,0.01760440,0.01766840,103929728.75200960
2025-01-19 09:00:00,0.01766840,0.01769050,0.01520300,0.01560050,246592745.33181170
2025-01-19 13:00:00,0.01560050,0.01787760,0.01554340,0.01731950,233123593.68873641
2025-01-19 17:00:00,0.01731950,0.01794000,0.01714690,0.01782310,82499785.53311120
2025-01-19 21:00:00,0.01782310,0.01802560,0.01564580,0.01604460,227665551.50055569
2025-01-20 01:00:00,0.01604460,0.01606510,0.01512160,0.01576730,192879603.42016321
2025-01-20 05:00:00,0.01576730,0.01758090,0.01550220,0.01696260,173130584.77296659
2025-01-20 09:00:00,0.01696260,0.01726320,0.01653920,0.01692520,95059229.71823210
2025-01-20 13:00:00,0.01692520,0.01702960,0.01602000,0.01611260,123967859.20103610
2025-01-20 17:00:00,0.01611260,0.01661970,0.01528240,0.01599220,172966041.14661431
2025-01-20 21:00:00,0.01599220,0.01618290,0.01538550,0.01579680,61019133.80006450
2025-01-21 01:00:00,0.01579680,0.01588560,0.01500870,0.01537190,84297228.27179959
2025-01-21 05:00:00,0.01537190,0.01539770,0.01476950,0.01500300,77356911.78574701
2025-01-21 09:00:00,0.01500300,0.01588100,0.01472510,0.01556010,102721023.31235389
2025-01-21 13:00:00,0.01556010,0.01582730,0.01530470,0.01561430,87534148.43769740
2025-01-21 17:00:00,0.01561430,0.01635690,0.01556060,0.01607810,96108804.97688350
2025-01-21 21:00:00,0.01607810,0.01614530,0.01576170,0.01591050,45939630.73083850
2025-01-22 01:00:00,0.01591050,0.01618850,0.01565550,0.01599960,45367042.21819620
2025-01-22 05:00:00,0.01599960,0.01609120,0.01569750,0.01572250,35053330.12670320
2025-01-22 09:00:00,0.01572250,0.01601980,0.01550270,0.01594240,45391675.32283100
2025-01-22 13:00:00,0.01594240,0.01598510,0.01538440,0.01551050,65420659.53006580
2025-01-22 17:00:00,0.01551050,0.01571220,0.01522380,0.01538950,51005075.16931240
2025-01-22 21:00:00,0.01538950,0.01555520,0.01501030,0.01515480,47655107.53355690
2025-01-23 01:00:00,0.01515480,0.01521600,0.01471040,0.01480040,47480338.16260110
2025-01-23 05:00:00,0.01480040,0.01506690,0.01461560,0.01503280,46202638.40719050
2025-01-23 09:00:00,0.01503280,0.01506740,0.01466690,0.01491680,35536172.04875950
2025-01-23 13:00:00,0.01491680,0.01540030,0.01456280,0.01518230,108420781.82491040
2025-01-23 17:00:00,0.01518230,0.01557970,0.01430200,0.01440260,109464737.93671420
2025-01-23 21:00:00,0.01440260,0.01540340,0.01431110,0.01532530,115872870.20982550
2025-01-24 01:00:00,0.01532530,0.01541380,0.01458090,0.01481950,59591329.28056300
2025-01-24 05:00:00,0.01481950,0.01571960,0.01473450,0.01544790,66771297.71711960
2025-01-24 09:00:00,0.01544790,0.01587450,0.01538070,0.01579680,54636847.08172060
2025-01-24 13:00:00,0.01579680,0.01617480,0.01557620,0.01572860,79835415.61459459
2025-01-24 17:00:00,0.01572860,0.01589520,0.01550590,0.01558560,53286402.75352920
2025-01-24 21:00:00,0.01558560,0.01568730,0.01481430,0.01493900,76431381.78706039
2025-01-25 01:00:00,0.01493900,0.01518630,0.01458800,0.01514140,59370321.81763760
2025-01-25 05:00:00,0.01514140,0.01514910,0.01484940,0.01495000,31500116.70648400
2025-01-25 09:00:00,0.01495000,0.01521120,0.01483620,0.01516630,31613031.93777920
2025-01-25 13:00:00,0.01516630,0.01538980,0.01504240,0.01532490,44102149.63293850
2025-01-25 17:00:00,0.01532490,0.01539810,0.01510130,0.01526870,36843682.45845860
2025-01-25 21:00:00,0.01526870,0.01538420,0.01502300,0.01504350,27404754.13884960
2025-01-26 01:00:00,0.01504350,0.01519700,0.01477550,0.01503950,39818377.47701120
2025-01-26 05:00:00,0.01503950,0.01519130,0.01492080,0.01501210,26436035.01618470
2025-01-26 09:00:00,0.01501210,0.01504770,0.01477380,0.01494750,32719719.79796140
2025-01-26 13:00:00,0.01494750,0.01497950,0.01485150,0.01489510,21952527.91078940
2025-01-26 17:00:00,0.01489510,0.01509740,0.01478160,0.01508120,41023149.47068460
2025-01-26 21:00:00,0.01508120,0.01510050,0.01393820,0.01400760,93138564.91367690
2025-01-27 01:00:00,0.01400760,0.01400760,0.01305800,0.01320770,142177814.36174569
2025-01-27 05:00:00,0.01320770,0.01321060,0.01213070,0.01261800,123375183.32683989
2025-01-27 09:00:00,0.01261800,0.01264040,0.01210440,0.01243740,89602987.67367589
2025-01-27 13:00:00,0.01243740,0.01303210,0.01230110,0.01286900,115957955.62735620
2025-01-27 17:00:00,0.01286900,0.01292080,0.01232000,0.01247610,69934246.44771031
2025-01-27 21:00:00,0.01247610,0.01335820,0.01247420,0.01309650,78145357.58835250
2025-01-28 01:00:00,0.01309650,0.01328560,0.01286320,0.01316070,49083123.92042910
2025-01-28 05:00:00,0.01316070,0.01333990,0.01297300,0.01301300,36393709.64712040
2025-01-28 09:00:00,0.01301300,0.01305940,0.01273770,0.01288520,38557301.49508690
2025-01-28 13:00:00,0.01288520,0.01303240,0.01261410,0.01274230,55398632.10309040
2025-01-28 17:00:00,0.01274230,0.01277100,0.01220820,0.01233960,60905668.96759210
2025-01-28 21:00:00,0.01233960,0.01241060,0.01133440,0.01144480,114178811.28064831
2025-01-29 01:00:00,0.01144480,0.01237030,0.01136170,0.01216970,80295436.05470380
2025-01-29 05:00:00,0.01216970,0.01281440,0.01204880,0.01263710,61698321.97731450
2025-01-29 09:00:00,0.01263710,0.01277990,0.01243660,0.01274190,49043156.20585270
2025-01-29 13:00:00,0.01274190,0.01276950,0.01216640,0.01236980,63601046.15541700
2025-01-29 17:00:00,0.01236980,0.01282620,0.01192770,0.01265240,116812264.30062909
2025-01-29 21:00:00,0.01265240,0.01333290,0.01235730,0.01239630,110528836.59139690
2025-01-30 01:00:00,0.01239630,0.01293760,0.01222300,0.01291750,62562906.75010270
2025-01-30 05:00:00,0.01291750,0.01298440,0.01266480,0.01278650,39789565.40427830
2025-01-30 09:00:00,0.01278650,0.01319270,0.01268520,0.01308200,51508778.25314530
2025-01-30 13:00:00,0.01308200,0.01348410,0.01281730,0.01313540,84358915.62378900
2025-01-30 17:00:00,0.01313540,0.01344330,0.01300640,0.01321570,59284228.27877420
2025-01-30 21:00:00,0.01321570,0.01324280,0.01289140,0.01292780,39824444.34447540
2025-01-31 01:00:00,0.01292780,0.01315950,0.01274000,0.01289220,44740885.04973260
2025-01-31 05:00:00,0.01289220,0.01309090,0.01277770,0.01289060,33803052.48361040
2025-01-31 09:00:00,0.01289060,0.01356020,0.01279200,0.01351600,58916985.48915740
2025-01-31 13:00:00,0.01351600,0.01475440,0.01340350,0.01456650,226226232.78238001
2025-01-31 17:00:00,0.01456650,0.01476690,0.01375260,0.01407150,170725126.74623731
2025-01-31 21:00:00,0.01407150,0.01410950,0.01367600,0.01386410,78250710.42423940
2025-02-01 01:00:00,0.01386410,0.01429140,0.01371640,0.01381330,65535914.44845440
2025-02-01 05:00:00,0.01381330,0.01394520,0.01343740,0.01349790,57530783.30926010
2025-02-01 09:00:00,0.01349790,0.01357210,0.01303890,0.01327590,82704725.23934831
2025-02-01 13:00:00,0.01327590,0.01347670,0.01314640,0.01330410,71204747.18588459
2025-02-01 17:00:00,0.01330410,0.01339740,0.01275320,0.01277740,74486227.33488530
2025-02-01 21:00:00,0.01277740,0.01279120,0.01206010,0.01223760,100475515.60393681
2025-02-02 01:00:00,0.01223760,0.01251640,0.01185880,0.01195780,78153061.22971910
2025-02-02 05:00:00,0.01195780,0.01234800,0.01193740,0.01219190,55817242.93062020
2025-02-02 09:00:00,0.01219190,0.01232160,0.01172940,0.01183530,63682437.85663990
2025-02-02 13:00:00,0.01183530,0.01222030,0.01181300,0.01198740,73378071.11239479
2025-02-02 17:00:00,0.01198740,0.01199690,0.01057350,0.01092640,222646034.68275541
2025-02-02 21:00:00,0.01092640,0.01115890,0.01000010,0.01076240,154754842.89613801
2025-02-03 01:00:00,0.01076240,0.01076580,0.00795960,0.00903640,346237607.10599291
2025-02-03 05:00:00,0.00903640,0.00988680,0.00863740,0.00982980,114912178.12541440
2025-02-03 09:00:00,0.00982980,0.00995090,0.00935630,0.00965660,119652208.01576219
2025-02-03 13:00:00,0.00965660,0.01037700,0.00907050,0.01014700,198978406.23894411
2025-02-03 17:00:00,0.01014700,0.01077140,0.01000850,0.01072760,113262429.20224109
2025-02-03 21:00:00,0.01072760,0.01143780,0.01036260,0.01100070,114085725.26294610
2025-02-04 01:00:00,0.01100070,0.01108760,0.01048000,0.01058390,60806956.33519150
2025-02-04 05:00:00,0.01058390,0.01075830,0.00968870,0.00971930,118571113.35443880
2025-02-04 09:00:00,0.00971930,0.01029510,0.00965510,0.01015480,79568539.32756139
2025-02-04 13:00:00,0.01015480,0.01062380,0.01011080,0.01032670,111683321.64566270
2025-02-04 17:00:00,0.01032670,0.01068420,0.01013180,0.01013180,85243193.12257180
2025-02-04 21:00:00,0.01013180,0.01024580,0.00969400,0.01015100,116458566.05289529
2025-02-05 01:00:00,0.01015100,0.01026960,0.00999230,0.01015750,57030973.31780470
2025-02-05 05:00:00,0.01015750,0.01041250,0.01010630,0.01020680,41531805.45134280
2025-02-05 09:00:00,0.01020680,0.01045070,0.01005330,0.01034740,53813086.98651350
2025-02-05 13:00:00,0.01034740,0.01043300,0.01005950,0.01019850,71502896.42035860
2025-02-05 17:00:00,0.01019850,0.01024150,0.00980670,0.01008780,87888661.85621610
2025-02-05 21:00:00,0.01008780,0.01015360,0.00973490,0.01000150,56030176.80137490
2025-02-06 01:00:00,0.01000150,0.01028040,0.00994800,0.01016780,42632708.73290130
2025-02-06 05:00:00,0.01016780,0.01038000,0.01016040,0.01018140,36889815.32305700
2025-02-06 09:00:00,0.01018140,0.01030910,0.00981480,0.00997830,55170739.37887110
2025-02-06 13:00:00,0.00997830,0.01000700,0.00936880,0.00942230,91516959.07037830
2025-02-06 17:00:00,0.00942230,0.00956850,0.00918810,0.00924410,79969171.33216670
2025-02-06 21:00:00,0.00924410,0.00946670,0.00910220,0.00920770,50473985.39140840
2025-02-07 01:00:00,0.00920770,0.00952030,0.00919840,0.00941220,43612703.99800710
2025-02-07 05:00:00,0.00941220,0.00947500,0.00898540,0.00926430,56980296.00379790
2025-02-07 09:00:00,0.00926430,0.00963780,0.00921660,0.00958360,52612901.40149000
2025-02-07 13:00:00,0.00958360,0.00982080,0.00937410,0.00943150,122889636.52233200
2025-02-07 17:00:00,0.00943150,0.00950880,0.00914970,0.00931810,67044586.24327300
2025-02-07 21:00:00,0.00931810,0.00933180,0.00844860,0.00892130,102812876.40365870
2025-02-08 01:00:00,0.00892130,0.00924230,0.00886620,0.00906190,57938257.18129830
2025-02-08 05:00:00,0.00906190,0.00928560,0.00895460,0.00920570,46893241.69164980
2025-02-08 09:00:00,0.00920570,0.00928240,0.00909080,0.00925130,37778993.58033490
2025-02-08 13:00:00,0.00925130,0.00947460,0.00915360,0.00932340,61474193.14121470
2025-02-08 17:00:00,0.00932340,0.00968770,0.00928420,0.00962130,62930830.83847560
2025-02-08 21:00:00,0.00962130,0.00965930,0.00942080,0.00956020,31090084.09581830
2025-02-09 01:00:00,0.00956020,0.00984650,0.00946400,0.00976870,37289066.21511430
2025-02-09 05:00:00,0.00976870,0.00977310,0.00949730,0.00959170,32035992.04480760
2025-02-09 09:00:00,0.00959170,0.00977150,0.00957870,0.00958780,43786859.64241070
2025-02-09 13:00:00,0.00958780,0.00967340,0.00924430,0.00959250,67586282.23160540
2025-02-09 17:00:00,0.00959250,0.00976090,0.00927350,0.00933950,55065327.25804720
2025-02-09 21:00:00,0.00933950,0.00959990,0.00891740,0.00952560,101045837.66497850
2025-02-10 01:00:00,0.00952560,0.00974190,0.00915240,0.00947430,73727766.87989220
2025-02-10 05:00:00,0.00947430,0.00971310,0.00941300,0.00951660,38038913.15763260
2025-02-10 09:00:00,0.00951660,0.00985080,0.00947720,0.00958600,75706010.14542250
2025-02-10 13:00:00,0.00958600,0.00995890,0.00945590,0.00964490,87795659.19993050
2025-02-10 17:00:00,0.00964490,0.00979090,0.00958140,0.00964660,44260896.50709540
2025-02-10 21:00:00,0.00964660,0.00973970,0.00946600,0.00959260,53058846.66498710
2025-02-11 01:00:00,0.00959260,0.01016200,0.00957200,0.00974740,77813722.28134230
2025-02-11 05:00:00,0.00974740,0.01050180,0.00972980,0.01030930,72905500.12518440
2025-02-11 09:00:00,0.01030930,0.01059410,0.01016130,0.01031230,81125524.48600550
2025-02-11 13:00:00,0.01031230,0.01032970,0.00978390,0.01000390,72655557.44334500
2025-02-11 17:00:00,0.01000390,0.01007330,0.00938060,0.00945260,71320635.31709930
2025-02-11 21:00:00,0.00945260,0.00970890,0.00941950,0.00958150,51264488.85099110
2025-02-12 01:00:00,0.00958150,0.00966630,0.00926560,0.00942350,59347058.84716300
2025-02-12 05:00:00,0.00942350,0.00960990,0.00935000,0.00951090,37490683.61774020
2025-02-12 09:00:00,0.00951090,0.00967400,0.00946580,0.00959940,51722333.46093120
2025-02-12 13:00:00,0.00959940,0.00982330,0.00904800,0.00938980,127091873.34570190
2025-02-12 17:00:00,0.00938980,0.00980830,0.00915280,0.00977590,77248453.87636431
2025-02-12 21:00:00,0.00977590,0.01025950,0.00966750,0.01008450,57302234.09095850
2025-02-13 01:00:00,0.01008450,0.01023970,0.01000770,0.01014260,35508439.46496760
2025-02-13 05:00:00,0.01014260,0.01015410,0.00975950,0.00978070,53454049.49216300
2025-02-13 09:00:00,0.00978070,0.00987230,0.00963830,0.00974150,46553298.45194050
2025-02-13 13:00:00,0.00974150,0.00984230,0.00955770,0.00971070,53637129.27184970
2025-02-13 17:00:00,0.00971070,0.00978200,0.00943480,0.00961360,46604246.44934950
2025-02-13 21:00:00,0.00961360,0.00974070,0.00958370,0.00968330,25126343.10565190
2025-02-14 01:00:00,0.00968330,0.00996140,0.00961700,0.00993080,33092170.26278680
2025-02-14 05:00:00,0.00993080,0.00996050,0.00980090,0.00992240,23371139.19216940
2025-02-14 09:00:00,0.00992240,0.01044450,0.00992240,0.01022820,74145002.78287220
2025-02-14 13:00:00,0.01022820,0.01047950,0.01010050,0.01040480,61027880.35003020
2025-02-14 17:00:00,0.01040480,0.01074820,0.01024320,0.01046310,73677193.70280400
2025-02-14 21:00:00,0.01046310,0.01048350,0.01000130,0.01028830,57825440.48745910
2025-02-15 01:00:00,0.01028830,0.01037490,0.01013830,0.01024210,39806157.68453180
2025-02-15 05:00:00,0.01024210,0.01030310,0.01004910,0.01011550,30062470.44343570
2025-02-15 09:00:00,0.01011550,0.01021570,0.00995550,0.01006620,30754800.21307040
2025-02-15 13:00:00,0.01006620,0.01012760,0.00986300,0.00995390,34478322.07197280
2025-02-15 17:00:00,0.00995390,0.01005700,0.00985220,0.00990360,35850843.82438070
2025-02-15 21:00:00,0.00990360,0.00999950,0.00980860,0.00993220,25926916.89488200
2025-02-16 01:00:00,0.00993220,0.01002570,0.00978500,0.00991260,29427421.23435940
2025-02-16 05:00:00,0.00991260,0.01003420,0.00982400,0.00985800,23336003.14648700
2025-02-16 09:00:00,0.00985800,0.01001650,0.00982610,0.01001040,21931326.49503830
2025-02-16 13:00:00,0.01001040,0.01001950,0.00971070,0.00986290,38123396.77757010
2025-02-16 17:00:00,0.00986290,0.00992520,0.00956760,0.00971970,42380508.07384780
2025-02-16 21:00:00,0.00971970,0.00978540,0.00958160,0.00969720,34742324.65832060
2025-02-17 01:00:00,0.00969720,0.00988070,0.00967730,0.00978820,28481984.98615740
2025-02-17 05:00:00,0.00978820,0.00981760,0.00950220,0.00955470,45879246.82585280
2025-02-17 09:00:00,0.00955470,0.00994620,0.00949790,0.00990950,50026441.75551260
2025-02-17 13:00:00,0.00990950,0.01066210,0.00990380,0.01012770,122917019.00095481
2025-02-17 17:00:00,0.01012770,0.01019350,0.00965630,0.00988430,88375222.48048849
2025-02-17 21:00:00,0.00988430,0.01033330,0.00985030,0.01011670,67805461.55932730
2025-02-18 01:00:00,0.01011670,0.01019890,0.00981120,0.00986400,42035581.02208500
2025-02-18 05:00:00,0.00986400,0.00988230,0.00936070,0.00946820,72750792.73941471
2025-02-18 09:00:00,0.00946820,0.00962390,0.00933620,0.00950190,48601185.17412840
2025-02-18 13:00:00,0.00950190,0.00968010,0.00913340,0.00917600,68482086.74493040
2025-02-18 17:00:00,0.00917600,0.00930320,0.00890850,0.00909180,86732606.92193671
2025-02-18 21:00:00,0.00909180,0.00930490,0.00901800,0.00925870,40752583.07459550
2025-02-19 01:00:00,0.00925870,0.00937270,0.00913040,0.00930650,27719270.53928530
2025-02-19 05:00:00,0.00930650,0.00945880,0.00911490,0.00942310,38989600.47666320
2025-02-19 09:00:00,0.00942310,0.00955770,0.00936280,0.00949630,37255395.23171640
2025-02-19 13:00:00,0.00949630,0.00950650,0.00921840,0.00931240,43728957.28253000
2025-02-19 17:00:00,0.00931240,0.00944790,0.00923930,0.00932080,44066722.40212030
2025-02-19 21:00:00,0.00932080,0.00941970,0.00922110,0.00935120,29980165.07484080
2025-02-20 01:00:00,0.00935120,0.00956200,0.00932380,0.00953920,36832486.32109320
2025-02-20 05:00:00,0.00953920,0.00961530,0.00941740,0.00944000,33594139.23998150
2025-02-20 09:00:00,0.00944000,0.00955820,0.00938360,0.00950300,30074947.54541950
2025-02-20 13:00:00,0.00950300,0.00960490,0.00932730,0.00933700,50975863.27030350
2025-02-20 17:00:00,0.00933700,0.00965900,0.00930560,0.00963250,43459220.44631320
2025-02-20 21:00:00,0.00963250,0.00970290,0.00952140,0.00962560,28224350.96157010
2025-02-21 01:00:00,0.00962560,0.00967590,0.00950800,0.00963540,23813785.59904650
2025-02-21 05:00:00,0.00963540,0.00979650,0.00963090,0.00973390,26469250.15692050
2025-02-21 09:00:00,0.00973390,0.01006300,0.00973380,0.00983510,42914112.33008320
2025-02-21 13:00:00,0.00983510,0.01014070,0.00944780,0.00959960,88383669.44376110
2025-02-21 17:00:00,0.00959960,0.00976120,0.00904990,0.00912950,75173648.86456171
2025-02-21 21:00:00,0.00912950,0.00923370,0.00903280,0.00912030,40314856.50439120
2025-02-22 01:00:00,0.00912030,0.00925120,0.00906140,0.00916830,24004760.35377710
2025-02-22 05:00:00,0.00916830,0.00929530,0.00914380,0.00923630,19701301.97825900
2025-02-22 09:00:00,0.00923630,0.00953450,0.00922660,0.00952260,29324397.50032400
2025-02-22 13:00:00,0.00952260,0.00969370,0.00941570,0.00965300,36963745.19360170
2025-02-22 17:00:00,0.00965300,0.00972690,0.00956920,0.00962290,34836848.79524060
2025-02-22 21:00:00,0.00962290,0.00972930,0.00956980,0.00962170,19115420.06956290
2025-02-23 01:00:00,0.00962170,0.00963960,0.00943990,0.00946600,25546935.17760220
2025-02-23 05:00:00,0.00946600,0.00980000,0.00941640,0.00973170,30094391.25430140
2025-02-23 09:00:00,0.00973170,0.00974370,0.00940240,0.00941260,37292762.07254160
2025-02-23 13:00:00,0.00941260,0.00943890,0.00920380,0.00921790,42352318.93923080
2025-02-23 17:00:00,0.00921790,0.00938460,0.00921270,0.00929020,26527759.11590000
2025-02-23 21:00:00,0.00929020,0.00940450,0.00920770,0.00934420,21739871.33186350
2025-02-24 01:00:00,0.00934420,0.00942160,0.00894050,0.00900550,44917716.79278500
2025-02-24 05:00:00,0.00900550,0.00911910,0.00885960,0.00904330,40823942.48954750
2025-02-24 09:00:00,0.00904330,0.00904720,0.00872410,0.00893080,55078372.30337290
2025-02-24 13:00:00,0.00893080,0.00898330,0.00856450,0.00870340,58846102.04883380
2025-02-24 17:00:00,0.00870340,0.00879600,0.00826620,0.00841660,51757921.15452040
2025-02-24 21:00:00,0.00841660,0.00857220,0.00761550,0.00788610,104951673.03158930
2025-02-25 01:00:00,0.00788610,0.00800870,0.00763220,0.00786800,80840290.57273720
2025-02-25 05:00:00,0.00786800,0.00800050,0.00731570,0.00757460,88664116.44066560
2025-02-25 09:00:00,0.00757460,0.00782560,0.00742010,0.00779530,84814860.14769420
2025-02-25 13:00:00,0.00779530,0.00800990,0.00764650,0.00793180,81020443.59057529
2025-02-25 17:00:00,0.00793180,0.00824260,0.00785570,0.00823820,55518259.74058920
2025-02-25 21:00:00,0.00823820,0.00842470,0.00815870,0.00824360,37471326.32975170
2025-02-26 01:00:00,0.00824360,0.00849770,0.00816060,0.00836840,40333019.42085330
2025-02-26 05:00:00,0.00836840,0.00841960,0.00818440,0.00826910,33952207.94478610
2025-02-26 09:00:00,0.00826910,0.00836990,0.00816040,0.00819800,29104545.00031010
2025-02-26 13:00:00,0.00819800,0.00840170,0.00797520,0.00830330,70064042.83107740
2025-02-26 17:00:00,0.00830330,0.00834500,0.00782210,0.00795820,76567641.02229699
2025-02-26 21:00:00,0.00795820,0.00844610,0.00788360,0.00832260,50131990.72887820
2025-02-27 01:00:00,0.00832260,0.00845900,0.00817180,0.00842700,34394345.74716690
2025-02-27 05:00:00,0.00842700,0.00859620,0.00830020,0.00852750,32194597.15314790
2025-02-27 09:00:00,0.00852750,0.00855870,0.00840850,0.00846190,30164779.49484630
2025-02-27 13:00:00,0.00846190,0.00849610,0.00824250,0.00842020,43796612.09124130
2025-02-27 17:00:00,0.00842020,0.00846860,0.00821250,0.00825600,31088402.35080290
2025-02-27 21:00:00,0.00825600,0.00827580,0.00805700,0.00821140,35671636.09799740
2025-02-28 01:00:00,0.00821140,0.00825500,0.00744030,0.00747370,89395951.22163780
2025-02-28 05:00:00,0.00747370,0.00751310,0.00731470,0.00740170,58930374.60757800
2025-02-28 09:00:00,0.00740170,0.00758370,0.00726000,0.00746640,46620696.43176220
2025-02-28 13:00:00,0.00746640,0.00794900,0.00741700,0.00791540,66018777.43028070
2025-02-28 17:00:00,0.00791540,0.00800840,0.00784350,0.00793880,39256334.12631470
2025-02-28 21:00:00,0.00793880,0.00799690,0.00785290,0.00792480,24069221.14444250
2025-03-01 01:00:00,0.00792480,0.00800800,0.00778760,0.00790380,31580145.09105200
2025-03-01 05:00:00,0.00790380,0.00799110,0.00779510,0.00784500,26952600.71910650
2025-03-01 09:00:00,0.00784500,0.00789100,0.00745350,0.00751930,41428319.45748450
2025-03-01 13:00:00,0.00751930,0.00755260,0.00736070,0.00745500,35188353.05191350
2025-03-01 17:00:00,0.00745500,0.00760770,0.00741950,0.00755010,28086077.46326900
2025-03-01 21:00:00,0.00755010,0.00763930,0.00748210,0.00758820,23493320.11269530
2025-03-02 01:00:00,0.00758820,0.00776660,0.00756150,0.00772000,26458796.91608720
2025-03-02 05:00:00,0.00772000,0.00779820,0.00763900,0.00771320,21474792.60421820
2025-03-02 09:00:00,0.00771320,0.00785280,0.00767440,0.00778970,22293232.68299080
2025-03-02 13:00:00,0.00778970,0.00797060,0.00755160,0.00786120,62814138.11836600
2025-03-02 17:00:00,0.00786120,0.00894600,0.00781010,0.00879600,141258619.76376289
2025-03-02 21:00:00,0.00879600,0.00892910,0.00868560,0.00883070,50964804.46655920
2025-03-03 01:00:00,0.00883070,0.00886870,0.00837010,0.00845200,51510399.31213000
2025-03-03 05:00:00,0.00845200,0.00865470,0.00819790,0.00838360,46931163.88499090
2025-03-03 09:00:00,0.00838360,0.00845570,0.00810210,0.00825800,40009579.22382150
2025-03-03 13:00:00,0.00825800,0.00849380,0.00792600,0.00798180,67397892.54992980
2025-03-03 17:00:00,0.00798180,0.00804070,0.00719730,0.00724570,80680694.60851321
2025-03-03 21:00:00,0.00724570,0.00737400,0.00706210,0.00721800,56353737.49019020
2025-03-04 01:00:00,0.00721800,0.00727540,0.00656760,0.00683000,88758006.51161550
2025-03-04 05:00:00,0.00683000,0.00708220,0.00681420,0.00691170,33680785.98841850
2025-03-04 09:00:00,0.00691170,0.00701840,0.00684860,0.00688770,29868335.48793340
2025-03-04 13:00:00,0.00688770,0.00714460,0.00660520,0.00681150,80792481.61102660
2025-03-04 17:00:00,0.00681150,0.00700380,0.00626780,0.00691250,83661465.15434800
2025-03-04 21:00:00,0.00691250,0.00707000,0.00675140,0.00698420,36731646.46940110
2025-03-05 01:00:00,0.00698420,0.00708840,0.00691730,0.00691940,32463713.85689130
2025-03-05 05:00:00,0.00691940,0.00705200,0.00688290,0.00698380,30741813.44699130
2025-03-05 09:00:00,0.00698380,0.00735220,0.00697860,0.00709240,50599674.76990650
2025-03-05 13:00:00,0.00709240,0.00718570,0.00688270,0.00694840,48094926.10724730
2025-03-05 17:00:00,0.00694840,0.00709900,0.00681310,0.00707740,37911359.41677450
2025-03-05 21:00:00,0.00707740,0.00712900,0.00705310,0.00707090,17749991.66319940
2025-03-06 01:00:00,0.00707090,0.00720930,0.00697780,0.00717900,32527228.50637020
2025-03-06 05:00:00,0.00717900,0.00733610,0.00710420,0.00713440,35376602.53880170
2025-03-06 09:00:00,0.00713440,0.00724610,0.00710250,0.00719270,22281226.97526460
2025-03-06 13:00:00,0.00719270,0.00720180,0.00690510,0.00707690,43057923.23318360
2025-03-06 17:00:00,0.00707690,0.00712250,0.00676200,0.00680850,42576552.49269350
2025-03-06 21:00:00,0.00680850,0.00697520,0.00677050,0.00683310,28190867.70700700
2025-03-07 01:00:00,0.00683310,0.00695560,0.00642120,0.00670630,65116194.95146910
2025-03-07 05:00:00,0.00670630,0.00687000,0.00669450,0.00686810,18477563.50242460
2025-03-07 09:00:00,0.00686810,0.00726300,0.00683420,0.00714160,42068368.97331820
2025-03-07 13:00:00,0.00714160,0.00735790,0.00703320,0.00721020,62551721.86019750
2025-03-07 17:00:00,0.00721020,0.00731840,0.00700680,0.00722600,49599186.54980390
2025-03-07 21:00:00,0.00722600,0.00727190,0.00689420,0.00698600,50618605.57404300
2025-03-08 01:00:00,0.00698600,0.00703830,0.00677040,0.00690890,27752862.45743450
2025-03-08 05:00:00,0.00690890,0.00697780,0.00676220,0.00680140,19558897.12424950
2025-03-08 09:00:00,0.00680140,0.00685870,0.00664770,0.00669520,27994105.12005050
2025-03-08 13:00:00,0.00669520,0.00675760,0.00662510,0.00668260,29800918.77204450
2025-03-08 17:00:00,0.00668260,0.00683210,0.00656980,0.00680150,31489829.62169030
2025-03-08 21:00:00,0.00680150,0.00680740,0.00657650,0.00666890,18597087.89671040
2025-03-09 01:00:00,0.00666890,0.00673070,0.00653950,0.00660400,20970488.90375390
2025-03-09 05:00:00,0.00660400,0.00661750,0.00642510,0.00651410,24387956.52594090
2025-03-09 09:00:00,0.00651410,0.00652310,0.00624020,0.00627030,38490677.13153320
2025-03-09 13:00:00,0.00627030,0.00627410,0.00607390,0.00612110,50906217.42005700
2025-03-09 17:00:00,0.00612110,0.00617510,0.00571690,0.00592320,81533761.96820290
2025-03-09 21:00:00,0.00592320,0.00600410,0.00581720,0.00586400,39421227.42739410
2025-03-10 01:00:00,0.00586400,0.00608690,0.00578970,0.00598330,37773942.65542660
2025-03-10 05:00:00,0.00598330,0.00622140,0.00597590,0.00622090,27647819.74356890
2025-03-10 09:00:00,0.00622090,0.00664060,0.00615630,0.00646040,72873522.75299300
2025-03-10 13:00:00,0.00646040,0.00655990,0.00607070,0.00622960,92136131.00099880
2025-03-10 17:00:00,0.00622960,0.00626740,0.00562980,0.00587410,96149007.68457919
2025-03-10 21:00:00,0.00587410,0.00590740,0.00568780,0.00569820,42451689.37047560
2025-03-11 01:00:00,0.00569820,0.00580020,0.00524730,0.00571280,84194007.24033020
2025-03-11 05:00:00,0.00571280,0.00598000,0.00569260,0.00587250,33500729.78746140
2025-03-11 09:00:00,0.00587250,0.00600750,0.00584710,0.00594190,34266736.75125900
2025-03-11 13:00:00,0.00594190,0.00604930,0.00563200,0.00600040,81822047.90658930
2025-03-11 17:00:00,0.00600040,0.00648600,0.00598110,0.00639590,64034193.46749760
2025-03-11 21:00:00,0.00639590,0.00650690,0.00629920,0.00632080,33687002.06365440
2025-03-12 01:00:00,0.00632080,0.00654150,0.00619110,0.00620800,45751175.66030840
2025-03-12 05:00:00,0.00620800,0.00642990,0.00613870,0.00637010,46293192.75172670
2025-03-12 09:00:00,0.00637010,0.00651810,0.00630010,0.00650000,43614522.78034300
2025-03-12 13:00:00,0.00650000,0.00685410,0.00630520,0.00644470,100475849.25921249
2025-03-12 17:00:00,0.00644470,0.00670920,0.00643190,0.00661660,49769204.42603410
2025-03-12 21:00:00,0.00661660,0.00697220,0.00658590,0.00694990,44055705.42621280
2025-03-13 01:00:00,0.00694990,0.00737470,0.00693350,0.00722020,87650892.77026850
2025-03-13 05:00:00,0.00722020,0.00733320,0.00691320,0.00716710,74017630.35975480
2025-03-13 09:00:00,0.00716710,0.00744210,0.00701660,0.00724640,83378410.39948720
2025-03-13 13:00:00,0.00724640,0.00726850,0.00683060,0.00687390,89065830.40468369
2025-03-13 17:00:00,0.00687390,0.00690360,0.00652420,0.00656750,73349644.48744451
2025-03-13 21:00:00,0.00656750,0.00679970,0.00650000,0.00669310,42323699.12157950
2025-03-14 01:00:00,0.00669310,0.00687060,0.00667750,0.00685940,41515796.02572740
2025-03-14 05:00:00,0.00685940,0.00717230,0.00680820,0.00706000,56208255.42869320
2025-03-14 09:00:00,0.00706000,0.00717680,0.00697270,0.00702060,46832804.26426590
2025-03-14 13:00:00,0.00702060,0.00733680,0.00693010,0.00718940,76044715.66292240
2025-03-14 17:00:00,0.00718940,0.00723440,0.00704860,0.00710870,46535943.96024390
2025-03-14 21:00:00,0.00710870,0.00720570,0.00703050,0.00705600,28976481.29613480
2025-03-15 01:00:00,0.00705600,0.00711800,0.00695870,0.00711210,28783737.69250810
2025-03-15 05:00:00,0.00711210,0.00725260,0.00699080,0.00700270,34101581.39735990
2025-03-15 09:00:00,0.00700270,0.00713140,0.00699860,0.00705640,21877748.72415520
2025-03-15 13:00:00,0.00705640,0.00720240,0.00703310,0.00716630,32241537.91282250
2025-03-15 17:00:00,0.00716630,0.00723460,0.00704420,0.00710760,42932465.68390180
2025-03-15 21:00:00,0.00710760,0.00738140,0.00707350,0.00712980,47821579.92608890
2025-03-16 01:00:00,0.00712980,0.00715620,0.00702270,0.00711030,25772495.02773080
2025-03-16 05:00:00,0.00711030,0.00717870,0.00706510,0.00712000,16155117.16545840
2025-03-16 09:00:00,0.00712000,0.00714160,0.00667490,0.00670480,53909587.93568580
2025-03-16 13:00:00,0.00670480,0.00678370,0.00660680,0.00669090,44473752.35837480
2025-03-16 17:00:00,0.00669090,0.00683500,0.00649420,0.00655990,50465453.46767920
2025-03-16 21:00:00,0.00655990,0.00660970,0.00645280,0.00658210,33719356.03341920
2025-03-17 01:00:00,0.00658210,0.00677250,0.00656570,0.00676970,29938355.53759180
2025-03-17 05:00:00,0.00676970,0.00690200,0.00672560,0.00689040,36654926.18860290
2025-03-17 09:00:00,0.00689040,0.00714740,0.00683000,0.00710960,53101792.64914820
2025-03-17 13:00:00,0.00710960,0.00719710,0.00697120,0.00711680,62959689.07272250
2025-03-17 17:00:00,0.00711680,0.00760710,0.00704370,0.00744260,88598748.91169910
2025-03-17 21:00:00,0.00744260,0.00745800,0.00727400,0.00738240,46407750.33306580
2025-03-18 01:00:00,0.00738240,0.00741150,0.00713180,0.00720470,61581017.45429050
2025-03-18 05:00:00,0.00720470,0.00728430,0.00692020,0.00701240,54704329.82334720
2025-03-18 09:00:00,0.00701240,0.00703380,0.00682050,0.00686380,50270202.46871610
2025-03-18 13:00:00,0.00686380,0.00695150,0.00672190,0.00674010,67521826.58608860
2025-03-18 17:00:00,0.00674010,0.00691990,0.00671450,0.00690300,44281308.88388370
2025-03-18 21:00:00,0.00690300,0.00731660,0.00680740,0.00728010,51003335.13193810
2025-03-19 01:00:00,0.00728010,0.00735150,0.00716210,0.00728160,49953098.11079760
2025-03-19 05:00:00,0.00728160,0.00729290,0.00717370,0.00722070,32798964.49618290
2025-03-19 09:00:00,0.00722070,0.00754790,0.00721950,0.00748370,64868403.15345020
2025-03-19 13:00:00,0.00748370,0.00751110,0.00728200,0.00742440,79522818.95034260
2025-03-19 17:00:00,0.00742440,0.00745400,0.00713760,0.00736340,95673700.23219299
2025-03-19 21:00:00,0.00736340,0.00752740,0.00726130,0.00745480,47683456.61694550
2025-03-20 01:00:00,0.00745480,0.00764490,0.00728330,0.00740070,49425417.37848110
2025-03-20 05:00:00,0.00740070,0.00770480,0.00736000,0.00755920,47494084.55544700
2025-03-20 09:00:00,0.00755920,0.00785850,0.00735650,0.00756610,73204505.67827640
2025-03-20 13:00:00,0.00756610,0.00778610,0.00747710,0.00756450,76238199.40526129
2025-03-20 17:00:00,0.00756450,0.00773400,0.00736260,0.00758100,65810828.67860230
2025-03-20 21:00:00,0.00758100,0.00770540,0.00751240,0.00763970,38591752.20416230
2025-03-21 01:00:00,0.00763970,0.00788110,0.00756730,0.00756880,68050711.86257599
2025-03-21 05:00:00,0.00756880,0.00759600,0.00734320,0.00739490,59948959.72073830
2025-03-21 09:00:00,0.00739490,0.00743480,0.00721170,0.00725220,50377677.44466500
2025-03-21 13:00:00,0.00725220,0.00731120,0.00714890,0.00719870,47901775.08438010
2025-03-21 17:00:00,0.00719870,0.00733580,0.00716900,0.00727070,41685515.18241970
2025-03-21 21:00:00,0.00727070,0.00738250,0.00716380,0.00720480,34028582.06159740
2025-03-22 01:00:00,0.00720480,0.00732720,0.00719100,0.00730460,22942539.27702920
2025-03-22 05:00:00,0.00730460,0.00739740,0.00726400,0.00731880,29699279.62231310
2025-03-22 09:00:00,0.00731880,0.00738650,0.00728270,0.00729110,23914242.52317600
2025-03-22 13:00:00,0.00729110,0.00730230,0.00713450,0.00722020,38072441.76665640
2025-03-22 17:00:00,0.00722020,0.00730680,0.00719410,0.00725300,22702999.62332530
2025-03-22 21:00:00,0.00725300,0.00726800,0.00701000,0.00706090,33250056.02614800
2025-03-23 01:00:00,0.00706090,0.00735120,0.00701360,0.00733360,41189586.17389240
2025-03-23 05:00:00,0.00733360,0.00733950,0.00722610,0.00725110,21256785.10287010
2025-03-23 09:00:00,0.00725110,0.00737780,0.00722700,0.00731280,28233900.58228820
2025-03-23 13:00:00,0.00731280,0.00735120,0.00723500,0.00727010,30611322.04028440
2025-03-23 17:00:00,0.00727010,0.00730200,0.00714450,0.00720120,25763949.96777900
2025-03-23 21:00:00,0.00720120,0.00734240,0.00715840,0.00734160,23962720.02091940
2025-03-24 01:00:00,0.00734160,0.00743330,0.00718360,0.00742710,50120478.95477940
2025-03-24 05:00:00,0.00742710,0.00766720,0.00743090,0.00757620,50773885.98876310
2025-03-24 09:00:00,0.00757620,0.00768240,0.00757080,0.00762240,34435203.48281840
2025-03-24 13:00:00,0.00762240,0.00796510,0.00757140,0.00795320,74644408.96520349
2025-03-24 17:00:00,0.00795320,0.00818420,0.00784850,0.00804630,58718260.68282190
2025-03-24 21:00:00,0.00804630,0.00809610,0.00788330,0.00799320,43767558.91670820
2025-03-25 01:00:00,0.00799320,0.00809380,0.00783530,0.00788090,48871768.35268540
2025-03-25 05:00:00,0.00788090,0.00805480,0.00783860,0.00793310,34044355.86551100
2025-03-25 09:00:00,0.00793310,0.00804820,0.00790020,0.00794840,31921381.99644970
2025-03-25 13:00:00,0.00794840,0.00812720,0.00785440,0.00799010,59248690.75138950
2025-03-25 17:00:00,0.00799010,0.00815230,0.00791290,0.00811580,47093600.31719290
2025-03-25 21:00:00,0.00811580,0.00823790,0.00795010,0.00801120,45994837.30408950
2025-03-26 01:00:00,0.00801120,0.00814460,0.00795930,0.00810280,39999014.81622760
2025-03-26 05:00:00,0.00810280,0.00877520,0.00808400,0.00875160,91848307.98194841
2025-03-26 09:00:00,0.00875160,0.00925810,0.00866580,0.00906630,135929531.87542361
2025-03-26 13:00:00,0.00906630,0.00907950,0.00854600,0.00868000,137400298.70000979
2025-03-26 17:00:00,0.00868000,0.00880180,0.00841420,0.00855560,87234088.10593960
2025-03-26 21:00:00,0.00855560,0.00866630,0.00840930,0.00852150,54579049.10097130
2025-03-27 01:00:00,0.00852150,0.00868110,0.00843370,0.00867240,52425871.24651120
2025-03-27 05:00:00,0.00867240,0.00868750,0.00846810,0.00852370,43726943.74775350
2025-03-27 09:00:00,0.00852370,0.00862970,0.00831120,0.00833720,56480907.25303670
2025-03-27 13:00:00,0.00833720,0.00860300,0.00819530,0.00850620,90790203.53590269
2025-03-27 17:00:00,0.00850620,0.00857740,0.00841430,0.00849300,42009200.28900310
2025-03-27 21:00:00,0.00849300,0.00861570,0.00840870,0.00843950,36429175.38206080
2025-03-28 01:00:00,0.00843950,0.00851580,0.00829040,0.00832010,49283824.47144720
2025-03-28 05:00:00,0.00832010,0.00833760,0.00788500,0.00789790,70267306.24863000
2025-03-28 09:00:00,0.00789790,0.00795700,0.00773470,0.00785180,54589095.99286540
2025-03-28 13:00:00,0.00785180,0.00788490,0.00764850,0.00771050,60454640.64139060
2025-03-28 17:00:00,0.00771050,0.00779740,0.00768300,0.00772360,30723883.32940610
2025-03-28 21:00:00,0.00772360,0.00782280,0.00760200,0.00777990,34061495.46421850
2025-03-29 01:00:00,0.00777990,0.00788080,0.00759750,0.00776940,43525355.98772080
2025-03-29 05:00:00,0.00776940,0.00779920,0.00751860,0.00755460,41421920.68042930
2025-03-29 09:00:00,0.00755460,0.00763520,0.00724270,0.00735720,55395340.84811620
2025-03-29 13:00:00,0.00735720,0.00751810,0.00726970,0.00729010,46591649.97025460
2025-03-29 17:00:00,0.00729010,0.00732800,0.00710270,0.00721740,57450677.73833000
2025-03-29 21:00:00,0.00721740,0.00723470,0.00705650,0.00721360,34494286.61952110
2025-03-30 01:00:00,0.00721360,0.00732700,0.00707970,0.00724050,37160571.30056640
2025-03-30 06:00:00,0.00724050,0.00730470,0.00713220,0.00716670,31988854.26859490
2025-03-30 10:00:00,0.00716670,0.00724230,0.00701020,0.00704710,36951003.26149330
2025-03-30 14:00:00,0.00704710,0.00713080,0.00690180,0.00703020,63619265.08873580
2025-03-30 18:00:00,0.00703020,0.00713490,0.00685150,0.00708060,42985912.85995560
2025-03-30 22:00:00,0.00708060,0.00709580,0.00676600,0.00694000,59770046.06113170
2025-03-31 02:00:00,0.00694000,0.00709730,0.00676060,0.00692670,65060684.43996870
2025-03-31 06:00:00,0.00692670,0.00709780,0.00687710,0.00700080,35040278.25328020
2025-03-31 10:00:00,0.00700080,0.00708420,0.00680110,0.00702660,80072515.14685580
2025-03-31 14:00:00,0.00702660,0.00730980,0.00690660,0.00720000,66417844.20167800
2025-03-31 18:00:00,0.00720000,0.00734740,0.00703750,0.00712440,52712364.25280640
2025-03-31 22:00:00,0.00712440,0.00722170,0.00704960,0.00720410,38257732.60008780
2025-04-01 02:00:00,0.00720410,0.00743480,0.00719290,0.00730930,37941598.39646990
2025-04-01 06:00:00,0.00730930,0.00738720,0.00725460,0.00729760,23300675.99191930
2025-04-01 10:00:00,0.00729760,0.00774700,0.00729630,0.00749580,72832793.25069261
2025-04-01 14:00:00,0.00749580,0.00786500,0.00735560,0.00778760,85049668.87593840
2025-04-01 18:00:00,0.00778760,0.00783430,0.00761940,0.00765210,45453318.11148880
2025-04-01 22:00:00,0.00765210,0.00777080,0.00752000,0.00771800,35200528.11368830
2025-04-02 02:00:00,0.00771800,0.00775020,0.00744120,0.00755600,38083787.98663490
2025-04-02 06:00:00,0.00755600,0.00759990,0.00728100,0.00738000,41748345.64951790
2025-04-02 10:00:00,0.00738000,0.00751310,0.00732690,0.00734250,32868018.38174240
2025-04-02 14:00:00,0.00734250,0.00797160,0.00725690,0.00781500,83460472.04390150
2025-04-02 18:00:00,0.00781500,0.00789290,0.00751870,0.00772910,49104858.29170920
2025-04-02 22:00:00,0.00772910,0.00807320,0.00690210,0.00705420,125958316.50398260
2025-04-03 02:00:00,0.00705420,0.00723190,0.00700380,0.00716400,37357002.20148220
2025-04-03 06:00:00,0.00716400,0.00728990,0.00715850,0.00722830,22856462.92577570
2025-04-03 10:00:00,0.00722830,0.00727340,0.00678560,0.00682650,43458444.97570310
2025-04-03 14:00:00,0.00682650,0.00683350,0.00638320,0.00657960,86269305.08505520
2025-04-03 18:00:00,0.00657960,0.00663320,0.00647840,0.00657660,34264568.96607990
2025-04-03 22:00:00,0.00657660,0.00671090,0.00653450,0.00670240,25778188.62257540
2025-04-04 02:00:00,0.00670240,0.00684770,0.00660710,0.00675260,35970666.73202020
2025-04-04 06:00:00,0.00675260,0.00707780,0.00668420,0.00707110,40837528.81683490
2025-04-04 10:00:00,0.00707110,0.00713970,0.00667490,0.00684340,60860549.20798170
2025-04-04 14:00:00,0.00684340,0.00720130,0.00678400,0.00706790,84192466.22821289
2025-04-04 18:00:00,0.00706790,0.00723430,0.00700920,0.00708540,39703781.54616080
2025-04-04 22:00:00,0.00708540,0.00728020,0.00703860,0.00723860,26913918.21812520
2025-04-05 02:00:00,0.00723860,0.00736640,0.00719910,0.00726290,26962111.82088940
2025-04-05 06:00:00,0.00726290,0.00727330,0.00717160,0.00722340,18619491.13855620
2025-04-05 10:00:00,0.00722340,0.00725390,0.00710900,0.00712060,22795960.01751480
2025-04-05 14:00:00,0.00712060,0.00714040,0.00692800,0.00696400,34865554.60699670
2025-04-05 18:00:00,0.00696400,0.00708850,0.00694810,0.00698430,20426084.49116430
2025-04-05 22:00:00,0.00698430,0.00707780,0.00694900,0.00705440,13343313.88467080
2025-04-06 02:00:00,0.00705440,0.00712560,0.00696150,0.00700430,15270331.22750670
2025-04-06 06:00:00,0.00700430,0.00708490,0.00696340,0.00698990,14591133.77189090
2025-04-06 10:00:00,0.00698990,0.00706840,0.00689710,0.00701210,21329753.61462450
2025-04-06 14:00:00,0.00701210,0.00703320,0.00672490,0.00683880,43601251.83804270
2025-04-06 18:00:00,0.00683880,0.00685260,0.00631760,0.00639960,66656429.41868560
2025-04-06 22:00:00,0.00639960,0.00642880,0.00615500,0.00632830,52060516.25899070
2025-04-07 02:00:00,0.00632830,0.00648560,0.00600480,0.00609260,45207032.64744850
2025-04-07 06:00:00,0.00609260,0.00627990,0.00570560,0.00588870,67865802.78621081
2025-04-07 10:00:00,0.00588870,0.00620270,0.00584510,0.00603090,50203096.99190740
2025-04-07 14:00:00,0.00603090,0.00678010,0.00599200,0.00642950,123690029.72489750
2025-04-07 18:00:00,0.00642950,0.00656920,0.00629280,0.00646420,42791096.28649800
2025-04-07 22:00:00,0.00646420,0.00664190,0.00641140,0.00644970,25358239.98645260
2025-04-08 02:00:00,0.00644970,0.00663550,0.00636270,0.00646380,25704039.41106270
2025-04-08 06:00:00,0.00646380,0.00648140,0.00625650,0.00629900,23837775.57277400
2025-04-08 10:00:00,0.00629900,0.00640320,0.00619430,0.00639250,28865347.31269010
2025-04-08 14:00:00,0.00639250,0.00641610,0.00611140,0.00618840,48282984.70929560
2025-04-08 18:00:00,0.00618840,0.00621390,0.00594720,0.00598340,49031643.65391560
2025-04-08 22:00:00,0.00598340,0.00605700,0.00593060,0.00603940,19802479.67271070
2025-04-09 02:00:00,0.00603940,0.00613260,0.00578010,0.00598380,43812386.17277050
2025-04-09 06:00:00,0.00598380,0.00632090,0.00595950,0.00631670,39169010.39055200
2025-04-09 10:00:00,0.00631670,0.00641340,0.00623850,0.00630690,40955495.87095570
2025-04-09 14:00:00,0.00630690,0.00646360,0.00624830,0.00638900,41878019.29256650
2025-04-09 18:00:00,0.00638900,0.00713460,0.00637410,0.00693200,90456782.80788291
2025-04-09 22:00:00,0.00693200,0.00707350,0.00693260,0.00697410,20564902.24655720
2025-04-10 02:00:00,0.00697410,0.00699390,0.00663930,0.00673400,26638854.80624880
2025-04-10 06:00:00,0.00673400,0.00682150,0.00666390,0.00671110,26485463.83819780
2025-04-10 10:00:00,0.00671110,0.00678800,0.00666480,0.00673430,20167778.21802420
2025-04-10 14:00:00,0.00673430,0.00691340,0.00648720,0.00652420,47237902.53082680
2025-04-10 18:00:00,0.00652420,0.00664690,0.00649370,0.00660330,20169959.47375250
2025-04-10 22:00:00,0.00660330,0.00675990,0.00660050,0.00670720,12457729.75099950
2025-04-11 02:00:00,0.00670720,0.00684940,0.00664160,0.00680500,19638846.16265160
2025-04-11 06:00:00,0.00680500,0.00683860,0.00674900,0.00681900,13818876.44534220
2025-04-11 10:00:00,0.00681900,0.00696050,0.00676280,0.00683080,26657544.27180120
2025-04-11 14:00:00,0.00683080,0.00694170,0.00680060,0.00688860,23361478.46001980
2025-04-11 18:00:00,0.00688860,0.00700800,0.00683570,0.00690870,26836658.63179620
2025-04-11 22:00:00,0.00690870,0.00704360,0.00688970,0.00693700,16018895.45229180
2025-04-12 02:00:00,0.00693700,0.00695980,0.00682330,0.00686620,13234431.67691500
2025-04-12 06:00:00,0.00686620,0.00709980,0.00683750,0.00707250,19467741.44966050
2025-04-12 10:00:00,0.00707250,0.00717480,0.00694780,0.00695860,20764616.69695510
2025-04-12 14:00:00,0.00695860,0.00731530,0.00693570,0.00726000,36260804.84965370
2025-04-12 18:00:00,0.00726000,0.00757130,0.00724100,0.00739690,38251741.88390060
2025-04-12 22:00:00,0.00739690,0.00753110,0.00737440,0.00743650,19019025.38577640
2025-04-13 02:00:00,0.00743650,0.00758280,0.00733380,0.00737320,23821473.97820280
2025-04-13 06:00:00,0.00737320,0.00737620,0.00724250,0.00726590,17203645.68362800
2025-04-13 10:00:00,0.00726590,0.00738690,0.00724140,0.00728430,17593983.96755840
2025-04-13 14:00:00,0.00728430,0.00731970,0.00711570,0.00715330,23566392.48619670
2025-04-13 18:00:00,0.00715330,0.00776240,0.00714630,0.00737700,49733000.49823500
2025-04-13 22:00:00,0.00737700,0.00751530,0.00712330,0.00727490,28538362.78592400
2025-04-14 02:00:00,0.00727490,0.00773110,0.00726400,0.00756060,33747650.31732570
2025-04-14 06:00:00,0.00756060,0.00766870,0.00734130,0.00743730,22254635.70844450
2025-04-14 10:00:00,0.00743730,0.00769630,0.00732510,0.00761590,29483959.69093650
2025-04-14 14:00:00,0.00761590,0.00773700,0.00730670,0.00735770,45204746.56253470
2025-04-14 18:00:00,0.00735770,0.00746920,0.00728780,0.00741610,26370406.98748410
2025-04-14 22:00:00,0.00741610,0.00742760,0.00724000,0.00733460,14525119.68339320
2025-04-15 02:00:00,0.00733460,0.00742830,0.00722830,0.00739010,17788445.55525900
2025-04-15 06:00:00,0.00739010,0.00751200,0.00728870,0.00743670,18111958.32241240
2025-04-15 10:00:00,0.00743670,0.00747730,0.00723860,0.00729070,19175298.77214500
2025-04-15 14:00:00,0.00729070,0.00747940,0.00704150,0.00712790,44417425.27994490
2025-04-15 18:00:00,0.00712790,0.00719740,0.00696030,0.00701650,27349270.98831700
2025-04-15 22:00:00,0.00701650,0.00705070,0.00689350,0.00700000,18598268.29833760
2025-04-16 02:00:00,0.00700000,0.00721170,0.00696010,0.00708960,19080226.50768960
2025-04-16 06:00:00,0.00708960,0.00711440,0.00697850,0.00704140,15050404.55804630
2025-04-16 10:00:00,0.00704140,0.00716670,0.00699520,0.00711530,24483103.62436740
2025-04-16 14:00:00,0.00711530,0.00729460,0.00705860,0.00715300,35162074.26793710
2025-04-16 18:00:00,0.00715300,0.00730000,0.00692630,0.00723380,45884525.95244540
2025-04-16 22:00:00,0.00723380,0.00732360,0.00711700,0.00713010,17387150.35215510
2025-04-17 02:00:00,0.00713010,0.00718410,0.00703010,0.00708820,12462638.77650900
2025-04-17 06:00:00,0.00708820,0.00738940,0.00706540,0.00734450,20807249.85327310
2025-04-17 10:00:00,0.00734450,0.00739150,0.00721980,0.00727280,18589926.02920290
2025-04-17 14:00:00,0.00727280,0.00734490,0.00705940,0.00718840,27638792.33547340
2025-04-17 18:00:00,0.00718840,0.00743260,0.00714330,0.00723220,34703549.89321520
2025-04-17 22:00:00,0.00723220,0.00734110,0.00720390,0.00723150,14837965.76949380
2025-04-18 02:00:00,0.00723150,0.00726200,0.00700470,0.00703270,23960722.54840540
2025-04-18 06:00:00,0.00703270,0.00717450,0.00700640,0.00717410,15550050.54232510
2025-04-18 10:00:00,0.00717410,0.00729120,0.00709400,0.00714920,23634781.81034190
2025-04-18 14:00:00,0.00714920,0.00721320,0.00711030,0.00718960,18582945.99029420
2025-04-18 18:00:00,0.00718960,0.00728400,0.00717220,0.00725830,17715196.80928530
2025-04-18 22:00:00,0.00725830,0.00733880,0.00720200,0.00733080,13513625.11167940
2025-04-19 02:00:00,0.00733080,0.00739660,0.00727030,0.00731440,16060209.48409500
2025-04-19 06:00:00,0.00731440,0.00737350,0.00724230,0.00727280,12435410.82157460
2025-04-19 10:00:00,0.00727280,0.00731430,0.00716100,0.00719350,16575047.00461100
2025-04-19 14:00:00,0.00719350,0.00735670,0.00717540,0.00731710,19892606.56407340
2025-04-19 18:00:00,0.00731710,0.00739500,0.00729240,0.00737170,18132508.19566120
2025-04-19 22:00:00,0.00737170,0.00760110,0.00736150,0.00750800,19488316.62362730
2025-04-20 02:00:00,0.00750800,0.00757200,0.00746920,0.00752390,12092696.04708480
2025-04-20 06:00:00,0.00752390,0.00755430,0.00743510,0.00748750,17002024.57888470
2025-04-20 10:00:00,0.00748750,0.00748750,0.00726240,0.00731950,20862787.44365450
2025-04-20 14:00:00,0.00731950,0.00750980,0.00730990,0.00745070,22640711.91108910
2025-04-20 18:00:00,0.00745070,0.00769340,0.00740190,0.00757230,27132450.51533790
2025-04-20 22:00:00,0.00757230,0.00762350,0.00746740,0.00753640,14560570.99725580
2025-04-21 02:00:00,0.00753640,0.00785340,0.00751810,0.00777930,33474746.58641030
2025-04-21 06:00:00,0.00777930,0.00794800,0.00774640,0.00787170,19871965.86799140
2025-04-21 10:00:00,0.00787170,0.00790230,0.00779100,0.00784330,18828487.54022140
2025-04-21 14:00:00,0.00784330,0.00804830,0.00783520,0.00790710,37203008.65663040
2025-04-21 18:00:00,0.00790710,0.00792700,0.00768190,0.00781100,31217070.41323300
2025-04-21 22:00:00,0.00781100,0.00781350,0.00768850,0.00773900,11912904.27643550
2025-04-22 02:00:00,0.00773900,0.00812740,0.00760640,0.00799250,33689395.12349220
2025-04-22 06:00:00,0.00799250,0.00810370,0.00782500,0.00809830,21850827.30878010
2025-04-22 10:00:00,0.00809830,0.00820150,0.00804080,0.00815120,26851665.46603530
2025-04-22 14:00:00,0.00815120,0.00853520,0.00813540,0.00842560,53662427.56392150
2025-04-22 18:00:00,0.00842560,0.00846270,0.00832680,0.00841490,24976872.18354680
2025-04-22 22:00:00,0.00841490,0.00889080,0.00838340,0.00880940,37055566.63638670
2025-04-23 02:00:00,0.00880940,0.00933600,0.00880710,0.00915680,47808039.58059400
2025-04-23 06:00:00,0.00915680,0.00919880,0.00901350,0.00907240,31630415.49800190
2025-04-23 10:00:00,0.00907240,0.00929820,0.00902310,0.00916280,34346633.78640130
2025-04-23 14:00:00,0.00916280,0.00926270,0.00864200,0.00885520,62593156.32782190
2025-04-23 18:00:00,0.00885520,0.00903430,0.00868710,0.00883190,33075893.10306420
2025-04-23 22:00:00,0.00883190,0.00890240,0.00877240,0.00882800,12628637.67941090
2025-04-24 02:00:00,0.00882800,0.00886720,0.00846500,0.00846530,26457931.45754340
2025-04-24 06:00:00,0.00846530,0.00863050,0.00844750,0.00849510,19620755.28044360
2025-04-24 10:00:00,0.00849510,0.00854230,0.00832900,0.00852620,24021785.80482650
2025-04-24 14:00:00,0.00852620,0.00876300,0.00847790,0.00865140,34788044.86809330
2025-04-24 18:00:00,0.00865140,0.00876850,0.00848900,0.00863140,30484477.74523720
2025-04-24 22:00:00,0.00863140,0.00878620,0.00851050,0.00875510,17354766.35620860
2025-04-25 02:00:00,0.00875510,0.00892520,0.00855980,0.00867950,27389120.23562110
2025-04-25 06:00:00,0.00867950,0.00887330,0.00863710,0.00884130,20764946.33864780
2025-04-25 10:00:00,0.00884130,0.00903230,0.00877510,0.00892600,30489564.04435960
2025-04-25 14:00:00,0.00892600,0.00903690,0.00866360,0.00885170,48295355.90445980
2025-04-25 18:00:00,0.00885170,0.00893330,0.00867170,0.00879420,27946882.44428660
2025-04-25 22:00:00,0.00879420,0.00928630,0.00877130,0.00904380,35941923.04861780
2025-04-26 02:00:00,0.00904380,0.00979920,0.00904580,0.00957570,54258707.93952810
2025-04-26 06:00:00,0.00957570,0.00959010,0.00936600,0.00949010,24482124.60441550
2025-04-26 10:00:00,0.00949010,0.00956540,0.00913340,0.00916470,32715750.33252870
2025-04-26 14:00:00,0.00916470,0.00924210,0.00902400,0.00919620,31295861.92150580
2025-04-26 18:00:00,0.00919620,0.00921840,0.00906590,0.00912100,15248118.43855790
2025-04-26 22:00:00,0.00912100,0.00920360,0.00903740,0.00916650,13996577.86320340
2025-04-27 02:00:00,0.00916650,0.00920530,0.00887570,0.00914100,25700741.26718910
2025-04-27 06:00:00,0.00914100,0.00914070,0.00889670,0.00903940,10896005.89289700
2025-04-27 10:00:00,0.00903940,0.00909450,0.00896190,0.00898340,8563075.82027000
2025-04-27 14:00:00,0.00898340,0.00898660,0.00872570,0.00885290,18190710.78477940
2025-04-27 18:00:00,0.00885290,0.00891940,0.00874170,0.00891760,11443693.83200330
2025-04-27 22:00:00,0.00891760,0.00892850,0.00871620,0.00875940,9359171.66805520
2025-04-28 02:00:00,0.00875940,0.00885640,0.00858950,0.00880660,18970401.53130420
2025-04-28 06:00:00,0.00880660,0.00907480,0.00880230,0.00907030,16692531.23738960
2025-04-28 10:00:00,0.00907030,0.00919630,0.00897810,0.00910520,20633074.24025200
2025-04-28 14:00:00,0.00910520,0.00911270,0.00856800,0.00863790,37564467.69952380
2025-04-28 18:00:00,0.00863790,0.00900000,0.00854700,0.00894310,18812899.47120380
2025-04-28 22:00:00,0.00894310,0.00908990,0.00889040,0.00895880,11556103.43442290
2025-04-29 02:00:00,0.00895880,0.00902100,0.00880850,0.00891980,11704125.51092680
2025-04-29 06:00:00,0.00891980,0.00906940,0.00877610,0.00905390,13849240.19203100
2025-04-29 10:00:00,0.00905390,0.00909100,0.00892340,0.00897230,15483558.14430930
2025-04-29 14:00:00,0.00897230,0.00906840,0.00883180,0.00898470,17047418.11263790
2025-04-29 18:00:00,0.00898470,0.00915190,0.00897020,0.00906440,15414630.84056510
2025-04-29 22:00:00,0.00906440,0.00909500,0.00871330,0.00885550,17746073.03045680
2025-04-30 02:00:00,0.00885550,0.00894640,0.00875510,0.00891470,9750015.67015160
2025-04-30 06:00:00,0.00891470,0.00897190,0.00877620,0.00882700,8506792.98232150
2025-04-30 10:00:00,0.00882700,0.00912430,0.00881100,0.00909540,13326030.49581750
2025-04-30 14:00:00,0.00909540,0.00910920,0.00844290,0.00870550,36193957.66309720
2025-04-30 18:00:00,0.00870550,0.00889020,0.00860020,0.00883460,14473808.15683200
2025-04-30 22:00:00,0.00883460,0.00896810,0.00882520,0.00888830,11056127.40968080
2025-05-01 02:00:00,0.00888830,0.00902330,0.00886000,0.00888400,9568492.35507900
2025-05-01 06:00:00,0.00888400,0.00897580,0.00884350,0.00887980,7833814.85740310
2025-05-01 10:00:00,0.00887980,0.00908840,0.00885740,0.00901200,14212914.85335010
2025-05-01 14:00:00,0.00901200,0.00905390,0.00879130,0.00883460,22927679.40631000
2025-05-01 18:00:00,0.00883460,0.00894870,0.00872200,0.00874550,16963481.05372640
2025-05-01 22:00:00,0.00874550,0.00884360,0.00865720,0.00872670,9367844.82651620
2025-05-02 02:00:00,0.00872670,0.00890320,0.00867800,0.00886230,8684698.79563510
2025-05-02 06:00:00,0.00886230,0.00888430,0.00866010,0.00866720,9209440.85967050
2025-05-02 10:00:00,0.00866720,0.00876690,0.00861130,0.00864080,9817046.67865420
2025-05-02 14:00:00,0.00864080,0.00883980,0.00852660,0.00872850,18838728.35566270
2025-05-02 18:00:00,0.00872850,0.00892200,0.00860510,0.00861410,13469172.64773600
2025-05-02 22:00:00,0.00861410,0.00871590,0.00854670,0.00869110,8606280.60892510
2025-05-03 02:00:00,0.00869110,0.00871900,0.00848470,0.00854510,9354221.31826240
2025-05-03 06:00:00,0.00854510,0.00858070,0.00845130,0.00848270,6315456.68799020
2025-05-03 10:00:00,0.00848270,0.00852020,0.00830940,0.00834180,11468706.82274740
2025-05-03 14:00:00,0.00834180,0.00846590,0.00834180,0.00841860,7074181.43729240
2025-05-03 18:00:00,0.00841860,0.00841930,0.00806880,0.00827110,20490272.87758920
2025-05-03 22:00:00,0.00827110,0.00829620,0.00816560,0.00817000,6324200.19219520
2025-05-04 02:00:00,0.00817000,0.00826470,0.00807360,0.00809570,9953094.37066860
2025-05-04 06:00:00,0.00809570,0.00825500,0.00806560,0.00821120,9461613.10534930
2025-05-04 10:00:00,0.00821120,0.00824110,0.00809050,0.00820990,9088585.88981120
2025-05-04 14:00:00,0.00820990,0.00826680,0.00812300,0.00814730,8568011.92674270
2025-05-04 18:00:00,0.00814730,0.00818320,0.00798620,0.00808390,13092132.03172700
2025-05-04 22:00:00,0.00808390,0.00819150,0.00802410,0.00807630,9648101.27500720
2025-05-05 02:00:00,0.00807630,0.00828250,0.00804110,0.00821870,12210718.55412630
2025-05-05 06:00:00,0.00821870,0.00834620,0.00821190,0.00833960,8461958.79688410
2025-05-05 10:00:00,0.00833960,0.00835180,0.00801190,0.00802010,14367768.68450230
2025-05-05 14:00:00,0.00802010,0.00803060,0.00780720,0.00786380,20300241.53165080
2025-05-05 18:00:00,0.00786380,0.00804940,0.00782820,0.00794240,12838391.40425260
2025-05-05 22:00:00,0.00794240,0.00803210,0.00777510,0.00793440,12060111.55672090
2025-05-06 02:00:00,0.00793440,0.00798680,0.00773690,0.00791040,11123318.81792120
2025-05-06 06:00:00,0.00791040,0.00802740,0.00787840,0.00796280,8483556.43911470
2025-05-06 10:00:00,0.00796280,0.00796630,0.00758080,0.00763820,19789261.36403660
2025-05-06 14:00:00,0.00763820,0.00787990,0.00760410,0.00782550,19172847.56080810
2025-05-06 18:00:00,0.00782550,0.00794910,0.00773180,0.00787510,13877950.88418860
2025-05-06 22:00:00,0.00787510,0.00802360,0.00764410,0.00798850,17452620.53490630
2025-05-07 02:00:00,0.00798850,0.00812200,0.00794040,0.00803490,13837101.22141360
2025-05-07 06:00:00,0.00803490,0.00819950,0.00796440,0.00816480,11453526.12120300
2025-05-07 10:00:00,0.00816480,0.00820700,0.00809460,0.00817410,10326588.08712720
2025-05-07 14:00:00,0.00817410,0.00820560,0.00805990,0.00808790,13141660.34356600
2025-05-07 18:00:00,0.00808790,0.00831220,0.00801630,0.00818710,23199663.89486360
2025-05-07 22:00:00,0.00818710,0.00829640,0.00812240,0.00824650,10200994.59843240
2025-05-08 02:00:00,0.00824650,0.00877060,0.00821560,0.00871440,24509238.82001390
2025-05-08 06:00:00,0.00871440,0.00899220,0.00864460,0.00893590,20971872.88469900
2025-05-08 10:00:00,0.00893590,0.00929660,0.00891600,0.00909590,29723089.24628610
2025-05-08 14:00:00,0.00909590,0.01007050,0.00909590,0.00987870,67233771.22780980
2025-05-08 18:00:00,0.00987870,0.01065360,0.00986010,0.01062660,75829323.57884040
2025-05-08 22:00:00,0.01062660,0.01178880,0.01054230,0.01112300,94568415.43235640
2025-05-09 02:00:00,0.01112300,0.01112400,0.01068460,0.01072070,32149479.23008520
2025-05-09 06:00:00,0.01072070,0.01219120,0.01064710,0.01192390,62644896.46760380
2025-05-09 10:00:00,0.01192390,0.01396960,0.01190120,0.01263960,188762296.75635579
2025-05-09 14:00:00,0.01263960,0.01297540,0.01211250,0.01252980,97506296.33797410
2025-05-09 18:00:00,0.01252980,0.01254120,0.01195100,0.01233740,48041311.55220750
2025-05-09 22:00:00,0.01233740,0.01247590,0.01215690,0.01236790,22381979.72313800
2025-05-10 02:00:00,0.01236790,0.01279390,0.01215850,0.01264670,43812163.09513300
2025-05-10 06:00:00,0.01264670,0.01339470,0.01243510,0.01321260,44512751.35026510
2025-05-10 10:00:00,0.01321260,0.01358830,0.01262690,0.01271510,56646903.53398450
2025-05-10 14:00:00,0.01271510,0.01309690,0.01271950,0.01283800,28900478.11908770
2025-05-10 18:00:00,0.01283800,0.01386510,0.01279300,0.01333870,53313615.02661240
2025-05-10 22:00:00,0.01333870,0.01406820,0.01308880,0.01368950,37462223.56862320
2025-05-11 02:00:00,0.01368950,0.01378900,0.01288000,0.01303800,37955753.83508800
2025-05-11 06:00:00,0.01303800,0.01322720,0.01254560,0.01277020,27937625.72198580
2025-05-11 10:00:00,0.01277020,0.01325690,0.01274870,0.01324510,24330512.86472530
2025-05-11 14:00:00,0.01324510,0.01364710,0.01306020,0.01330740,40980398.44125260
2025-05-11 18:00:00,0.01330740,0.01426150,0.01304090,0.01354360,58853331.32991140
2025-05-11 22:00:00,0.01354360,0.01382530,0.01334730,0.01361810,27698883.96144290
2025-05-12 02:00:00,0.01361810,0.01480890,0.01357400,0.01441760,53300687.24550320
2025-05-12 06:00:00,0.01441760,0.01500620,0.01381770,0.01465300,56436722.74990260
2025-05-12 10:00:00,0.01465300,0.01539850,0.01436630,0.01440090,53928907.53727530
2025-05-12 14:00:00,0.01440090,0.01461860,0.01362880,0.01375710,50930328.28047940
2025-05-12 18:00:00,0.01375710,0.01401240,0.01279580,0.01330790,46343239.07822300
2025-05-12 22:00:00,0.01330790,0.01375330,0.01324000,0.01362110,20489908.27367090
2025-05-13 02:00:00,0.01362110,0.01365370,0.01274420,0.01290730,34222979.18575920
2025-05-13 06:00:00,0.01290730,0.01367820,0.01285050,0.01349390,23135605.33568460
2025-05-13 10:00:00,0.01349390,0.01425640,0.01349440,0.01404530,33976700.93662660
2025-05-13 14:00:00,0.01404530,0.01429110,0.01363550,0.01418700,52334524.27091320
2025-05-13 18:00:00,0.01418700,0.01509660,0.01413150,0.01477530,51484355.77353770
2025-05-13 22:00:00,0.01477530,0.01489960,0.01437770,0.01444180,24555057.61736060
2025-05-14 02:00:00,0.01444180,0.01448900,0.01383860,0.01400710,28314542.88486820
2025-05-14 06:00:00,0.01400710,0.01445330,0.01391560,0.01407050,22611535.80277890
2025-05-14 10:00:00,0.01407050,0.01429830,0.01379360,0.01421560,24846160.00555100
2025-05-14 14:00:00,0.01421560,0.01431340,0.01363630,0.01394470,27223477.97390990
2025-05-14 18:00:00,0.01394470,0.01397110,0.01349460,0.01393790,19641283.20752320
2025-05-14 22:00:00,0.01393790,0.01399930,0.01374190,0.01390040,9788823.95948260
2025-05-15 02:00:00,0.01390040,0.01414890,0.01347440,0.01360350,19827697.25964900
2025-05-15 06:00:00,0.01360350,0.01378780,0.01305100,0.01312600,26680702.50673610
2025-05-15 10:00:00,0.01312600,0.01378660,0.01312350,0.01368320,29349976.52053650
2025-05-15 14:00:00,0.01368320,0.01395340,0.01290630,0.01361910,45240961.03281130
2025-05-15 18:00:00,0.01361910,0.01411490,0.01305720,0.01322020,35527095.74674640
2025-05-15 22:00:00,0.01322020,0.01334670,0.01266760,0.01302110,25411987.73369040
2025-05-16 02:00:00,0.01302110,0.01350320,0.01294070,0.01340810,20324463.31383300
2025-05-16 06:00:00,0.01340810,0.01362920,0.01329530,0.01343450,15296928.21289000
2025-05-16 10:00:00,0.01343450,0.01360740,0.01314660,0.01345270,17854315.29482930
2025-05-16 14:00:00,0.01345270,0.01379700,0.01334210,0.01364290,23735514.73983250
2025-05-16 18:00:00,0.01364290,0.01376510,0.01326520,0.01343530,16295807.72793600
2025-05-16 22:00:00,0.01343530,0.01343850,0.01251880,0.01259360,22167349.62349770
2025-05-17 02:00:00,0.01259360,0.01275010,0.01224000,0.01251670,24204564.98876530
2025-05-17 06:00:00,0.01251670,0.01266030,0.01233220,0.01243540,14762214.72631570
2025-05-17 10:00:00,0.01243540,0.01253580,0.01226770,0.01234880,15935041.06049190
2025-05-17 14:00:00,0.01234880,0.01254230,0.01211600,0.01240290,20593206.60528000
2025-05-17 18:00:00,0.01240290,0.01245120,0.01201770,0.01208190,19832212.93044380
2025-05-17 22:00:00,0.01208190,0.01236270,0.01195580,0.01216270,14868307.67732520
2025-05-18 02:00:00,0.01216270,0.01241630,0.01213670,0.01232550,10715299.86712770
2025-05-18 06:00:00,0.01232550,0.01291700,0.01231390,0.01288870,21523011.81727360
2025-05-18 10:00:00,0.01288870,0.01342900,0.01286310,0.01321520,28993202.62753810
2025-05-18 14:00:00,0.01321520,0.01406460,0.01314290,0.01401330,37911046.99543500
2025-05-18 18:00:00,0.01401330,0.01424280,0.01284160,0.01290550,55854185.41367440
2025-05-18 22:00:00,0.01290550,0.01395540,0.01258870,0.01383780,43781971.12736110
2025-05-19 02:00:00,0.01383780,0.01418220,0.01283030,0.01295190,43508861.82320950
2025-05-19 06:00:00,0.01295190,0.01314030,0.01251940,0.01291220,31339407.06511430
2025-05-19 10:00:00,0.01291220,0.01290990,0.01257090,0.01270860,18324425.78580820
2025-05-19 14:00:00,0.01270860,0.01327790,0.01249420,0.01317140,37834373.14243990
2025-05-19 18:00:00,0.01317140,0.01364630,0.01300220,0.01327680,38121176.24772690
2025-05-19 22:00:00,0.01327680,0.01336760,0.01308850,0.01327320,13713483.80032640
2025-05-20 02:00:00,0.01327320,0.01365450,0.01314300,0.01332260,27967397.60214120
2025-05-20 06:00:00,0.01332260,0.01354010,0.01301900,0.01307880,20222021.57723040
2025-05-20 10:00:00,0.01307880,0.01318240,0.01263210,0.01277650,26495927.25770650
2025-05-20 14:00:00,0.01277650,0.01287700,0.01261920,0.01285060,19681625.43685300
2025-05-20 18:00:00,0.01285060,0.01320150,0.01269740,0.01310990,28825961.69777540
2025-05-20 22:00:00,0.01310990,0.01326640,0.01285300,0.01315670,23403848.96414800
2025-05-21 02:00:00,0.01315670,0.01360980,0.01302000,0.01348070,22199865.55185530
2025-05-21 06:00:00,0.01348070,0.01414080,0.01344710,0.01355660,37308161.84238300
2025-05-21 10:00:00,0.01355660,0.01375660,0.01327610,0.01367510,26627767.76724740
2025-05-21 14:00:00,0.01367510,0.01410260,0.01354780,0.01394340,47939604.19019860
2025-05-21 18:00:00,0.01394340,0.01463140,0.01280340,0.01346130,106701211.53050870
2025-05-21 22:00:00,0.01346130,0.01396190,0.01317590,0.01364280,28855615.79847130
2025-05-22 02:00:00,0.01364280,0.01425220,0.01362150,0.01411760,34066985.79547610
2025-05-22 06:00:00,0.01411760,0.01450470,0.01367180,0.01438980,35950264.15921790
2025-05-22 10:00:00,0.01438980,0.01479600,0.01426750,0.01449880,41371821.87368820
2025-05-22 14:00:00,0.01449880,0.01470600,0.01428020,0.01443480,31432381.72091050
2025-05-22 18:00:00,0.01443480,0.01452910,0.01418060,0.01427160,19510773.71736160
2025-05-22 22:00:00,0.01427160,0.01554620,0.01414480,0.01552910,35244557.29105760
2025-05-23 02:00:00,0.01552910,0.01633090,0.01519990,0.01606790,67472000.56770711
2025-05-23 06:00:00,0.01606790,0.01611320,0.01532410,0.01549630,39668473.69104040
2025-05-23 10:00:00,0.01549630,0.01592510,0.01478420,0.01489450,44535775.64691720
2025-05-23 14:00:00,0.01489450,0.01518230,0.01430220,0.01478650,70208817.69181110
2025-05-23 18:00:00,0.01478650,0.01522320,0.01458120,0.01484680,30862212.86589590
2025-05-23 22:00:00,0.01484680,0.01485400,0.01356390,0.01379840,42875619.49305090
2025-05-24 02:00:00,0.01379840,0.01414160,0.01356670,0.01407160,30610080.32156550
2025-05-24 06:00:00,0.01407160,0.01420780,0.01377730,0.01385010,24398925.39447390
2025-05-24 10:00:00,0.01385010,0.01414070,0.01366860,0.01399150,25764540.42221680
2025-05-24 14:00:00,0.01399150,0.01406940,0.01375900,0.01386520,21024072.61635100
2025-05-24 18:00:00,0.01386520,0.01408000,0.01369710,0.01384410,16653109.72551760
2025-05-24 22:00:00,0.01384410,0.01400940,0.01361330,0.01376020,17938534.49676640
2025-05-25 02:00:00,0.01376020,0.01398760,0.01324310,0.01379150,27532457.80643260
2025-05-25 06:00:00,0.01379150,0.01381090,0.01344630,0.01354910,12472365.58444190
2025-05-25 10:00:00,0.01354910,0.01356190,0.01285640,0.01299100,30006994.35136210
2025-05-25 14:00:00,0.01299100,0.01324630,0.01262100,0.01290790,32781460.21223250
2025-05-25 18:00:00,0.01290790,0.01317230,0.01274950,0.01309470,16178463.23868510
2025-05-25 22:00:00,0.01309470,0.01370820,0.01288000,0.01359930,23615111.75710490
2025-05-26 02:00:00,0.01359930,0.01419810,0.01348780,0.01405930,29511743.96590560
2025-05-26 06:00:00,0.01405930,0.01445080,0.01390810,0.01440360,31998960.44054820
2025-05-26 10:00:00,0.01440360,0.01444580,0.01385750,0.01394360,29253327.84260230
2025-05-26 14:00:00,0.01394360,0.01409880,0.01364790,0.01399520,33175381.40654660
2025-05-26 18:00:00,0.01399520,0.01411500,0.01348710,0.01367730,34527706.17332100
2025-05-26 22:00:00,0.01367730,0.01398150,0.01359930,0.01384120,16477386.10500130
2025-05-27 02:00:00,0.01384120,0.01397150,0.01335460,0.01375430,26125593.70382920
2025-05-27 06:00:00,0.01375430,0.01405720,0.01358680,0.01398190,21333150.06519560
2025-05-27 10:00:00,0.01398190,0.01426920,0.01395060,0.01405250,24558069.51556550
2025-05-27 14:00:00,0.01405250,0.01432080,0.01374560,0.01400420,38675062.01660400
2025-05-27 18:00:00,0.01400420,0.01424030,0.01382860,0.01398790,31535623.50253420
2025-05-27 22:00:00,0.01398790,0.01405480,0.01374570,0.01388760,13072829.61597330
2025-05-28 02:00:00,0.01388760,0.01410020,0.01362250,0.01386590,21661321.04608010
2025-05-28 06:00:00,0.01386590,0.01394420,0.01367600,0.01371760,12618282.01978740
2025-05-28 10:00:00,0.01371760,0.01385960,0.01353490,0.01383310,18274300.44389450
2025-05-28 14:00:00,0.01383310,0.01417930,0.01341440,0.01352200,42409903.74553000
2025-05-28 18:00:00,0.01352200,0.01381060,0.01336340,0.01340080,18894465.37194400
2025-05-28 22:00:00,0.01340080,0.01405930,0.01339400,0.01399050,20758273.84560940
2025-05-29 02:00:00,0.01399050,0.01511460,0.01391330,0.01469260,55920149.00058270
2025-05-29 06:00:00,0.01469260,0.01480490,0.01430350,0.01443770,45040910.13075450
2025-05-29 10:00:00,0.01443770,0.01455110,0.01433290,0.01441330,46577629.84350740
2025-05-29 14:00:00,0.01441330,0.01441460,0.01368390,0.01372670,118284429.92487609
2025-05-29 18:00:00,0.01372670,0.01390410,0.01351000,0.01367070,67779469.59151050
2025-05-29 22:00:00,0.01367070,0.01385010,0.01332010,0.01343110,45927696.35903600
2025-05-30 02:00:00,0.01343110,0.01354890,0.01260640,0.01300630,88799696.61576100
2025-05-30 06:00:00,0.01300630,0.01312300,0.01266670,0.01283600,67487406.96496940
2025-05-30 10:00:00,0.01283600,0.01307640,0.01255570,0.01303260,81775019.44808359
2025-05-30 14:00:00,0.01303260,0.01311340,0.01273700,0.01287990,84302567.66049489
2025-05-30 18:00:00,0.01287990,0.01293390,0.01214640,0.01278930,101839746.01020290
2025-05-30 22:00:00,0.01278930,0.01285650,0.01148330,0.01159630,107950757.52764720
2025-05-31 02:00:00,0.01159630,0.01167110,0.01094330,0.01121150,128229271.63135789
2025-05-31 06:00:00,0.01121150,0.01142790,0.01106180,0.01132730,44997742.51185370
2025-05-31 10:00:00,0.01132730,0.01139850,0.01110600,0.01119070,45325042.04888110
2025-05-31 14:00:00,0.01119070,0.01183890,0.01115810,0.01157150,84414296.09473720
2025-05-31 18:00:00,0.01157150,0.01185210,0.01150790,0.01176510,43076245.14796460
2025-05-31 22:00:00,0.01176510,0.01184890,0.01158810,0.01163790,29633671.27197220
2025-06-01 02:00:00,0.01163790,0.01172730,0.01140200,0.01155790,34766628.75518640
2025-06-01 06:00:00,0.01155790,0.01177250,0.01148170,0.01157800,33808117.62043920
2025-06-01 10:00:00,0.01157800,0.01159200,0.01128020,0.01143310,48102662.54946900
2025-06-01 14:00:00,0.01143310,0.01174470,0.01129090,0.01170920,54681604.78476100
2025-06-01 18:00:00,0.01170920,0.01202920,0.01156050,0.01176700,81975220.20863371
2025-06-01 22:00:00,0.01176700,0.01194760,0.01169240,0.01179620,30998546.89186920
2025-06-02 02:00:00,0.01179620,0.01186950,0.01146340,0.01154150,40397045.72224780
2025-06-02 06:00:00,0.01154150,0.01178440,0.01144070,0.01168390,41359988.97455610
2025-06-02 10:00:00,0.01168390,0.01174610,0.01139740,0.01150330,46319503.94513830
2025-06-02 14:00:00,0.01150330,0.01182230,0.01141180,0.01176930,63746550.90541980
2025-06-02 18:00:00,0.01176930,0.01196360,0.01166010,0.01177600,44351058.19451150
2025-06-02 22:00:00,0.01177600,0.01241910,0.01177590,0.01234600,59337584.15062520
2025-06-03 02:00:00,0.01234600,0.01287430,0.01226630,0.01261910,74298233.96128990
2025-06-03 06:00:00,0.01261910,0.01266550,0.01247350,0.01256980,30848854.66241910
2025-06-03 10:00:00,0.01256980,0.01267530,0.01240820,0.01258220,33762604.09245030
2025-06-03 14:00:00,0.01258220,0.01296070,0.01252490,0.01278570,80199112.79043470
2025-06-03 18:00:00,0.01278570,0.01280390,0.01256220,0.01273360,41847538.60441570
2025-06-03 22:00:00,0.01273360,0.01274080,0.01216530,0.01225010,57057395.08265000
2025-06-04 02:00:00,0.01225010,0.01248690,0.01214140,0.01238850,35525403.58416080
2025-06-04 06:00:00,0.01238850,0.01247450,0.01234680,0.01240410,19002924.64311520
2025-06-04 10:00:00,0.01240410,0.01252840,0.01232110,0.01234600,29274303.90288020
2025-06-04 14:00:00,0.01234600,0.01261590,0.01217590,0.01256820,54649223.00235760
2025-06-04 18:00:00,0.01256820,0.01258860,0.01214200,0.01214260,39913515.79376940
2025-06-04 22:00:00,0.01214260,0.01216110,0.01174820,0.01181930,53616424.72607260
2025-06-05 02:00:00,0.01181930,0.01206310,0.01179220,0.01197490,29598422.22114920
2025-06-05 06:00:00,0.01197490,0.01205640,0.01165830,0.01172640,39904047.79491830
2025-06-05 10:00:00,0.01172640,0.01182690,0.01154500,0.01169810,29534042.25224700
2025-06-05 14:00:00,0.01169810,0.01203310,0.01138790,0.01155860,80937577.83284380
2025-06-05 18:00:00,0.01155860,0.01160000,0.01060360,0.01083410,84841120.61562461
2025-06-05 22:00:00,0.01083410,0.01086220,0.01037010,0.01063800,74928990.51758690
2025-06-06 02:00:00,0.01063800,0.01088740,0.01055080,0.01085810,32098219.23971940
2025-06-06 06:00:00,0.01085810,0.01113290,0.01077270,0.01103280,35753184.15127800
2025-06-06 10:00:00,0.01103280,0.01115490,0.01099560,0.01108150,29280022.08706090
2025-06-06 14:00:00,0.01108150,0.01150990,0.01104430,0.01130760,66706799.83202530
2025-06-06 18:00:00,0.01130760,0.01134320,0.01097050,0.01101740,43025769.52342430
2025-06-06 22:00:00,0.01101740,0.01117430,0.01101070,0.01105050,16979882.74951280
2025-06-07 02:00:00,0.01105050,0.01145390,0.01095330,0.01142380,35686308.22248680
2025-06-07 06:00:00,0.01142380,0.01161730,0.01132740,0.01150910,33378504.70326860
2025-06-07 10:00:00,0.01150910,0.01154070,0.01135040,0.01147180,27927368.20439190
2025-06-07 14:00:00,0.01147180,0.01158530,0.01140470,0.01146880,29246177.66434450
2025-06-07 18:00:00,0.01146880,0.01153610,0.01132290,0.01146840,26284092.69126280
2025-06-07 22:00:00,0.01146840,0.01161180,0.01146060,0.01150160,16423424.04072430
2025-06-08 02:00:00,0.01150160,0.01166930,0.01138930,0.01150240,26172928.76231100
2025-06-08 06:00:00,0.01150240,0.01164060,0.01142270,0.01143750,23960753.95109520
2025-06-08 10:00:00,0.01143750,0.01160500,0.01129130,0.01153900,35226924.25076520
2025-06-08 14:00:00,0.01153900,0.01175640,0.01144570,0.01157390,37580985.52546210
2025-06-08 18:00:00,0.01157390,0.01178490,0.01155780,0.01175990,30847460.89886440
2025-06-08 22:00:00,0.01175990,0.01207100,0.01162750,0.01166810,42911770.97754680
2025-06-09 02:00:00,0.01166810,0.01169970,0.01141540,0.01152710,30950256.02541970
2025-06-09 06:00:00,0.01152710,0.01157410,0.01139050,0.01149850,22575525.63624960
2025-06-09 10:00:00,0.01149850,0.01203970,0.01143110,0.01197060,61353470.10797510
2025-06-09 14:00:00,0.01197060,0.01204380,0.01170770,0.01179120,60069785.34145950
2025-06-09 18:00:00,0.01179120,0.01212500,0.01179200,0.01194160,50180212.84208050
2025-06-09 22:00:00,0.01194160,0.01271200,0.01193960,0.01265310,68326911.44592869
2025-06-10 02:00:00,0.01265310,0.01293020,0.01241650,0.01253000,59160047.20531360
2025-06-10 06:00:00,0.01253000,0.01284750,0.01244120,0.01278470,46908074.00400800
2025-06-10 10:00:00,0.01278470,0.01362220,0.01264140,0.01333890,86229140.74895620
2025-06-10 14:00:00,0.01333890,0.01346790,0.01248670,0.01276310,113389784.32733610
2025-06-10 18:00:00,0.01276310,0.01310950,0.01252730,0.01289730,67822038.59388690
2025-06-10 22:00:00,0.01289730,0.01314570,0.01266740,0.01311600,47951539.92823750
2025-06-11 02:00:00,0.01311600,0.01315180,0.01267930,0.01281170,33759704.69126240
2025-06-11 06:00:00,0.01281170,0.01300850,0.01271070,0.01291260,27824790.43180970
2025-06-11 10:00:00,0.01291260,0.01299560,0.01257840,0.01269770,41133769.72190120
2025-06-11 14:00:00,0.01269770,0.01342870,0.01261680,0.01338200,106908412.87584481
2025-06-11 18:00:00,0.01338200,0.01344990,0.01266230,0.01270460,78339192.30816700
2025-06-11 22:00:00,0.01270460,0.01279810,0.01219760,0.01247300,62264335.54859830
2025-06-12 02:00:00,0.01247300,0.01248100,0.01220770,0.01229610,37374298.18444170
2025-06-12 06:00:00,0.01229610,0.01259170,0.01223130,0.01241370,38393822.71351760
2025-06-12 10:00:00,0.01241370,0.01246490,0.01215470,0.01222060,41153461.34666800
2025-06-12 14:00:00,0.01222060,0.01252070,0.01179170,0.01191770,81235410.14994940
2025-06-12 18:00:00,0.01191770,0.01236960,0.01165610,0.01175810,62993722.30811650
2025-06-12 22:00:00,0.01175810,0.01183200,0.01136300,0.01149760,52768383.50927090
2025-06-13 02:00:00,0.01149760,0.01151270,0.01044660,0.01073750,130677842.07643120
2025-06-13 06:00:00,0.01073750,0.01076720,0.01049720,0.01074410,46877664.98557860
2025-06-13 10:00:00,0.01074410,0.01092880,0.01058310,0.01080860,56420054.80999550
2025-06-13 14:00:00,0.01080860,0.01092310,0.01056760,0.01084080,63378149.15482500
2025-06-13 18:00:00,0.01084080,0.01110000,0.01068280,0.01081480,60684355.47311390
2025-06-13 22:00:00,0.01081480,0.01122950,0.01079110,0.01121200,34746924.77739970
2025-06-14 02:00:00,0.01121200,0.01130690,0.01109310,0.01116180,28757306.06040250
2025-06-14 06:00:00,0.01116180,0.01123840,0.01103820,0.01115560,25602923.51214970
2025-06-14 10:00:00,0.01115560,0.01116950,0.01105780,0.01111910,17495404.88295520
2025-06-14 14:00:00,0.01111910,0.01117970,0.01086420,0.01095980,31379468.92133050
2025-06-14 18:00:00,0.01095980,0.01100670,0.01076380,0.01080580,39946109.78656920
2025-06-14 22:00:00,0.01080580,0.01100430,0.01068440,0.01093540,25695847.98999180
2025-06-15 02:00:00,0.01093540,0.01112130,0.01092390,0.01109310,18271417.24578720
2025-06-15 06:00:00,0.01109310,0.01130420,0.01106800,0.01114260,34455711.69950310
2025-06-15 10:00:00,0.01114260,0.01116740,0.01101420,0.01113250,26288842.12855540
2025-06-15 14:00:00,0.01113250,0.01131790,0.01109830,0.01120060,37243094.21620400
2025-06-15 18:00:00,0.01120060,0.01124480,0.01094800,0.01100430,26336331.35282840
2025-06-15 22:00:00,0.01100430,0.01115870,0.01080090,0.01110570,32350695.99177910
2025-06-16 02:00:00,0.01110570,0.01130120,0.01089500,0.01118090,37893213.65153150
2025-06-16 06:00:00,0.01118090,0.01149190,0.01117340,0.01142980,39058210.08725420
2025-06-16 10:00:00,0.01142980,0.01144140,0.01122980,0.01134730,32588426.55750140
2025-06-16 14:00:00,0.01134730,0.01156270,0.01122780,0.01124630,47912658.48904350
2025-06-16 18:00:00,0.01124630,0.01142390,0.01114540,0.01130900,38932638.77576720
2025-06-16 22:00:00,0.01130900,0.01137550,0.01054040,0.01058740,60180548.86701180
2025-06-17 02:00:00,0.01058740,0.01076390,0.01025030,0.01073210,73798773.42069490
2025-06-17 06:00:00,0.01073210,0.01075530,0.01053140,0.01057890,31848605.40179480
2025-06-17 10:00:00,0.01057890,0.01059910,0.01033470,0.01042790,39200594.84194620
2025-06-17 14:00:00,0.01042790,0.01049270,0.00968710,0.00987010,78689318.14769210
2025-06-17 18:00:00,0.00987010,0.01027240,0.00965160,0.01016310,72943665.20612590
2025-06-17 22:00:00,0.01016310,0.01021700,0.01002540,0.01012530,34223268.15983780
2025-06-18 02:00:00,0.01012530,0.01030250,0.01009420,0.01017940,23981630.84529630
2025-06-18 06:00:00,0.01017940,0.01029840,0.01014860,0.01024080,21255562.48202160
2025-06-18 10:00:00,0.01024080,0.01028890,0.00993560,0.01012170,43410876.35636050
2025-06-18 14:00:00,0.01012170,0.01018350,0.00974360,0.01006360,70969723.00916110
2025-06-18 18:00:00,0.01006360,0.01026460,0.00995460,0.01005970,53829668.48962170
2025-06-18 22:00:00,0.01005970,0.01039690,0.00999710,0.01033630,37547454.18360130
2025-06-19 02:00:00,0.01033630,0.01048550,0.01022780,0.01034260,28110425.29787580
2025-06-19 06:00:00,0.01034260,0.01042430,0.01025130,0.01033910,19863475.34284030
2025-06-19 10:00:00,0.01033910,0.01047230,0.01033860,0.01040290,19379727.18135730
2025-06-19 14:00:00,0.01040290,0.01045590,0.01020010,0.01025230,32912523.99467210
2025-06-19 18:00:00,0.01025230,0.01042430,0.01013930,0.01028960,31087861.90964620
2025-06-19 22:00:00,0.01028960,0.01040190,0.01021710,0.01029230,18711076.85769700
2025-06-20 02:00:00,0.01029230,0.01032290,0.01010960,0.01016580,20598496.92078640
2025-06-20 06:00:00,0.01016580,0.01040480,0.01005530,0.01037790,27902683.83469570
2025-06-20 10:00:00,0.01037790,0.01051390,0.01029070,0.01038540,34357973.11996160
2025-06-20 14:00:00,0.01038540,0.01044660,0.00990420,0.00998310,51772547.22891990
2025-06-20 18:00:00,0.00998310,0.00999380,0.00945490,0.00972960,62845131.90152990
2025-06-20 22:00:00,0.00972960,0.00995300,0.00971810,0.00984070,29176438.40405210
2025-06-21 02:00:00,0.00984070,0.01011210,0.00980580,0.01004980,20592445.45680080
2025-06-21 06:00:00,0.01004980,0.01009090,0.00998590,0.01005140,15051422.08244060
2025-06-21 10:00:00,0.01005140,0.01007840,0.00996780,0.00999330,17035435.09514260
2025-06-21 14:00:00,0.00999330,0.01002070,0.00952730,0.00964230,45931121.29341990
2025-06-21 18:00:00,0.00964230,0.00974790,0.00942000,0.00948260,46417983.94103030
2025-06-21 22:00:00,0.00948260,0.00966080,0.00891890,0.00926830,62058543.47298620
2025-06-22 02:00:00,0.00926830,0.00946970,0.00913730,0.00918160,37371582.58495750
2025-06-22 06:00:00,0.00918160,0.00935260,0.00915040,0.00920550,20519629.07833920
2025-06-22 10:00:00,0.00920550,0.00924690,0.00893970,0.00911240,30553367.69334640
2025-06-22 14:00:00,0.00911240,0.00918020,0.00846850,0.00866470,78187894.48398951
2025-06-22 18:00:00,0.00866470,0.00883980,0.00853580,0.00859440,32772268.47254610
2025-06-22 22:00:00,0.00859440,0.00887940,0.00830080,0.00886930,46546771.63611280
2025-06-23 02:00:00,0.00886930,0.00899220,0.00880030,0.00882280,21126436.77226390
2025-06-23 06:00:00,0.00882280,0.00899110,0.00880580,0.00891160,20012086.12714510
2025-06-23 10:00:00,0.00891160,0.00895160,0.00875720,0.00889370,20613803.27722750
2025-06-23 14:00:00,0.00889370,0.00926820,0.00882780,0.00899000,59041195.24466240
2025-06-23 18:00:00,0.00899000,0.00934450,0.00866620,0.00929370,64845624.37473060
2025-06-23 22:00:00,0.00929370,0.01000580,0.00925850,0.00989930,55705561.14331920
2025-06-24 02:00:00,0.00989930,0.00999260,0.00982180,0.00991190,26220570.17968480
2025-06-24 06:00:00,0.00991190,0.01028690,0.00985490,0.00995530,45684151.25075810
2025-06-24 10:00:00,0.00995530,0.01010760,0.00980660,0.00987040,39289061.07154840
2025-06-24 14:00:00,0.00987040,0.01006480,0.00981530,0.00993520,40163324.57853170
2025-06-24 18:00:00,0.00993520,0.01024460,0.00975930,0.00986400,38948878.79493100
2025-06-24 22:00:00,0.00986400,0.01005610,0.00979690,0.01005500,16802572.04115640
2025-06-25 02:00:00,0.01005500,0.01016990,0.00997780,0.01006930,21428976.16282990
2025-06-25 06:00:00,0.01006930,0.01015260,0.00997740,0.01009910,18308949.34187100
2025-06-25 10:00:00,0.01009910,0.01011290,0.00988180,0.01003520,28495004.87964070
2025-06-25 14:00:00,0.01003520,0.01016640,0.00962580,0.00965310,59803099.62809400
2025-06-25 18:00:00,0.00965310,0.00973690,0.00953750,0.00964870,35116837.31979650
2025-06-25 22:00:00,0.00964870,0.00974540,0.00937110,0.00945690,25101778.11475360
2025-06-26 02:00:00,0.00945690,0.00973550,0.00944030,0.00960870,33390929.18088490
2025-06-26 06:00:00,0.00960870,0.00962410,0.00944560,0.00951960,20285604.15558260
2025-06-26 10:00:00,0.00951960,0.00957550,0.00932030,0.00938280,24083797.87216590
2025-06-26 14:00:00,0.00938280,0.00940670,0.00915510,0.00926440,37567375.06733660
2025-06-26 18:00:00,0.00926440,0.00934810,0.00917110,0.00931550,17667632.25606560
2025-06-26 22:00:00,0.00931550,0.00944640,0.00910930,0.00915470,25046871.79042380
2025-06-27 02:00:00,0.00915470,0.00932150,0.00906560,0.00927200,19279360.87033160
2025-06-27 06:00:00,0.00927200,0.00935780,0.00916510,0.00920830,17626774.06877540
2025-06-27 10:00:00,0.00920830,0.00934510,0.00919070,0.00927690,16354823.54108550
2025-06-27 14:00:00,0.00927690,0.00931890,0.00901310,0.00921980,36333641.83768250
2025-06-27 18:00:00,0.00921980,0.00938150,0.00892160,0.00903420,36525380.75297820
2025-06-27 22:00:00,0.00903420,0.00918830,0.00901240,0.00917050,16771255.91416780
2025-06-28 02:00:00,0.00917050,0.00925910,0.00913510,0.00922220,11194358.83562780
2025-06-28 06:00:00,0.00922220,0.00933610,0.00920990,0.00933280,10895932.99561500
2025-06-28 10:00:00,0.00933280,0.00943210,0.00926560,0.00935950,17245817.12396140
2025-06-28 14:00:00,0.00935950,0.00942850,0.00929210,0.00941430,14268620.84574860
2025-06-28 18:00:00,0.00941430,0.00957440,0.00935110,0.00952410,23358680.46645340
2025-06-28 22:00:00,0.00952410,0.00961190,0.00944410,0.00954880,12254867.80798920
2025-06-29 02:00:00,0.00954880,0.00960880,0.00945820,0.00948210,12553350.23754170
2025-06-29 06:00:00,0.00948210,0.00950470,0.00942710,0.00948820,10988986.81997030
2025-06-29 10:00:00,0.00948820,0.00964310,0.00944520,0.00961050,21363741.04998870
2025-06-29 14:00:00,0.00961050,0.00973510,0.00953430,0.00957960,27073093.05876190
2025-06-29 18:00:00,0.00957960,0.00968920,0.00956280,0.00965760,17027257.25570520
2025-06-29 22:00:00,0.00965760,0.01048150,0.00954790,0.01039250,54327453.35795280
2025-06-30 02:00:00,0.01039250,0.01042770,0.01003580,0.01005820,35676751.28567540
2025-06-30 06:00:00,0.01005820,0.01009920,0.00973120,0.00989910,30510962.60425850
2025-06-30 10:00:00,0.00989910,0.00992940,0.00977710,0.00978910,19050856.00418430
2025-06-30 14:00:00,0.00978910,0.00992010,0.00958840,0.00984000,46074200.10027270
2025-06-30 18:00:00,0.00984000,0.00994310,0.00973610,0.00992430,29536080.67294050
2025-06-30 22:00:00,0.00992430,0.00997880,0.00971720,0.00973990,18212475.89276460
2025-07-01 02:00:00,0.00973990,0.00982340,0.00963210,0.00968090,16794745.97083100
2025-07-01 06:00:00,0.00968090,0.00969230,0.00946470,0.00957890,25677458.44675290
2025-07-01 10:00:00,0.00957890,0.00957790,0.00940990,0.00945830,17296265.45831560
2025-07-01 14:00:00,0.00945830,0.00953490,0.00934460,0.00938390,30818479.69674780
2025-07-01 18:00:00,0.00938390,0.00942640,0.00915870,0.00919600,26688153.88658360
2025-07-01 22:00:00,0.00919600,0.00931510,0.00915870,0.00925100,14830604.24120560
2025-07-02 02:00:00,0.00925100,0.00936560,0.00918130,0.00932550,16625731.90973610
2025-07-02 06:00:00,0.00932550,0.00952550,0.00930160,0.00947150,22253280.60162450
2025-07-02 10:00:00,0.00947150,0.00961590,0.00945990,0.00951560,19221140.56354030
2025-07-02 14:00:00,0.00951560,0.00977360,0.00944010,0.00969970,37268655.63299110
2025-07-02 18:00:00,0.00969970,0.01034580,0.00966570,0.01019480,82821932.82513410
2025-07-02 22:00:00,0.01019480,0.01037720,0.01003410,0.01006400,32643596.98161730
2025-07-03 02:00:00,0.01006400,0.01032360,0.01005080,0.01017030,29195842.24197710
2025-07-03 06:00:00,0.01017030,0.01068730,0.01014540,0.01062580,46884462.50379320
2025-07-03 10:00:00,0.01062580,0.01078710,0.01038110,0.01040950,47017696.18348170
2025-07-03 14:00:00,0.01040950,0.01065890,0.00988880,0.00990700,92568503.05772050
2025-07-03 18:00:00,0.00990700,0.01009510,0.00989890,0.01007270,31582137.38490210
2025-07-03 22:00:00,0.01007270,0.01020330,0.01004740,0.01012260,16454604.22069330
2025-07-04 02:00:00,0.01012260,0.01026870,0.00981410,0.00992450,33511526.00000480
2025-07-04 06:00:00,0.00992450,0.00998490,0.00967460,0.00971470,31264873.35641850
2025-07-04 10:00:00,0.00971470,0.00987170,0.00962900,0.00978390,25756576.85352000
2025-07-04 14:00:00,0.00978390,0.00983190,0.00951070,0.00953900,39490107.51648010
2025-07-04 18:00:00,0.00953900,0.00963650,0.00942620,0.00954700,29905841.52830080
2025-07-04 22:00:00,0.00954700,0.00970320,0.00951590,0.00963770,18228923.48091200
2025-07-05 02:00:00,0.00963770,0.00981660,0.00955080,0.00976370,19902663.46154920
2025-07-05 06:00:00,0.00976370,0.00991980,0.00968320,0.00984020,23944028.36552730
2025-07-05 10:00:00,0.00984020,0.00986940,0.00971880,0.00973070,17773224.14084260
2025-07-05 14:00:00,0.00973070,0.00974780,0.00963140,0.00967190,21794546.16869010
2025-07-05 18:00:00,0.00967190,0.00973430,0.00951120,0.00962760,21877368.15808410
2025-07-05 22:00:00,0.00962760,0.00974120,0.00959150,0.00968710,8969877.43138920
2025-07-06 02:00:00,0.00968710,0.00970710,0.00956840,0.00960690,13330016.88531730
2025-07-06 06:00:00,0.00960690,0.00975260,0.00955850,0.00970130,16133778.18830410
2025-07-06 10:00:00,0.00970130,0.00982720,0.00963830,0.00982440,21613154.83434690
2025-07-06 14:00:00,0.00982440,0.01018510,0.00976660,0.01001950,53898395.82216350
2025-07-06 18:00:00,0.01001950,0.01009440,0.00986350,0.00998250,24925587.77335690
2025-07-06 22:00:00,0.00998250,0.01031870,0.00996930,0.01002050,32699308.68291340
2025-07-07 02:00:00,0.01002050,0.01027070,0.00997220,0.01016860,22166593.17086060
2025-07-07 06:00:00,0.01016860,0.01020960,0.00998120,0.01013260,22397601.92341650
2025-07-07 10:00:00,0.01013260,0.01017510,0.00995620,0.00998260,19194810.66870820
2025-07-07 14:00:00,0.00998260,0.01006340,0.00982520,0.00993300,34494012.21614050
2025-07-07 18:00:00,0.00993300,0.01013120,0.00984170,0.00998500,30527220.21449550
2025-07-07 22:00:00,0.00998500,0.00998520,0.00970770,0.00989990,26336277.12202080
2025-07-08 02:00:00,0.00989990,0.00999520,0.00975750,0.00981610,20792558.07492320
2025-07-08 06:00:00,0.00981610,0.00994810,0.00970970,0.00992940,19041809.93848290
2025-07-08 10:00:00,0.00992940,0.01008380,0.00986390,0.00999510,20118059.77592970
2025-07-08 14:00:00,0.00999510,0.01015080,0.00991930,0.00997390,30603063.61919100
2025-07-08 18:00:00,0.00997390,0.01029370,0.00991000,0.01022160,36765101.38221960
2025-07-08 22:00:00,0.01022160,0.01022880,0.01011390,0.01019390,14722199.68936780
2025-07-09 02:00:00,0.01019390,0.01020560,0.01000810,0.01004780,21849623.44436790
2025-07-09 06:00:00,0.01004780,0.01026490,0.01001640,0.01020630,20911503.89870680
2025-07-09 10:00:00,0.01020630,0.01030320,0.01017120,0.01022510,19069355.41131610
2025-07-09 14:00:00,0.01022510,0.01052920,0.01015560,0.01024940,51853222.30672320
2025-07-09 18:00:00,0.01024940,0.01100610,0.01024520,0.01087140,55443007.92562990
2025-07-09 22:00:00,0.01087140,0.01134760,0.01071810,0.01105290,66742026.51993860
2025-07-10 02:00:00,0.01105290,0.01113870,0.01089180,0.01106620,33749063.92889240
2025-07-10 06:00:00,0.01106620,0.01118250,0.01093200,0.01104420,30301879.37567920
2025-07-10 10:00:00,0.01104420,0.01122380,0.01100060,0.01114060,24424695.43348720
2025-07-10 14:00:00,0.01114060,0.01121840,0.01091740,0.01102250,44686252.78477270
2025-07-10 18:00:00,0.01102250,0.01174740,0.01100730,0.01157550,87715485.01597820
2025-07-10 22:00:00,0.01157550,0.01254490,0.01157340,0.01240930,87567741.84742680
2025-07-11 02:00:00,0.01240930,0.01297080,0.01209210,0.01277550,70110025.96117979
2025-07-11 06:00:00,0.01277550,0.01308980,0.01247360,0.01260380,77119364.27396990
2025-07-11 10:00:00,0.01260380,0.01288880,0.01260410,0.01276430,50671461.46565230
2025-07-11 14:00:00,0.01276430,0.01298750,0.01244540,0.01251510,74376739.28411140
2025-07-11 18:00:00,0.01251510,0.01328230,0.01240360,0.01301930,75329274.77464500
2025-07-11 22:00:00,0.01301930,0.01303180,0.01202850,0.01236520,61944718.84522340
2025-07-12 02:00:00,0.01236520,0.01257240,0.01211710,0.01253470,33547510.65543860
2025-07-12 06:00:00,0.01253470,0.01254990,0.01215350,0.01246990,33965363.93829380
2025-07-12 10:00:00,0.01246990,0.01254360,0.01238940,0.01242750,21351521.29179840
2025-07-12 14:00:00,0.01242750,0.01246410,0.01184110,0.01196580,61794359.52526640
2025-07-12 18:00:00,0.01196580,0.01230490,0.01188990,0.01227820,29524814.03297610
2025-07-12 22:00:00,0.01227820,0.01228590,0.01202880,0.01224390,18074864.09641810
2025-07-13 02:00:00,0.01224390,0.01241540,0.01215180,0.01231020,25907571.01839490
2025-07-13 06:00:00,0.01231020,0.01242330,0.01220620,0.01228580,21433196.50105500
2025-07-13 10:00:00,0.01228580,0.01240490,0.01207950,0.01239800,24579322.39395740
2025-07-13 14:00:00,0.01239800,0.01264440,0.01228280,0.01235240,51936638.79516630
2025-07-13 18:00:00,0.01235240,0.01268880,0.01213520,0.01246870,40524680.04851710
2025-07-13 22:00:00,0.01246870,0.01257510,0.01208860,0.01229330,35961193.31638850
2025-07-14 02:00:00,0.01229330,0.01304530,0.01222140,0.01291540,51182500.68060400
2025-07-14 06:00:00,0.01291540,0.01336750,0.01268830,0.01285930,75004435.37824790
2025-07-14 10:00:00,0.01285930,0.01287750,0.01242140,0.01254180,47888202.76877940
2025-07-14 14:00:00,0.01254180,0.01268290,0.01211150,0.01222930,61463537.90371670
2025-07-14 18:00:00,0.01222930,0.01241260,0.01212300,0.01219310,35119947.50847470
2025-07-14 22:00:00,0.01219310,0.01225900,0.01201760,0.01221720,29935601.53912230
2025-07-15 02:00:00,0.01221720,0.01229030,0.01166120,0.01179920,54094620.14492860
2025-07-15 06:00:00,0.01179920,0.01223030,0.01169270,0.01202790,35915486.73909420
2025-07-15 10:00:00,0.01202790,0.01222040,0.01194000,0.01219950,24886053.73800040
2025-07-15 14:00:00,0.01219950,0.01251250,0.01195610,0.01235580,73882870.79485020
2025-07-15 18:00:00,0.01235580,0.01289640,0.01224890,0.01230790,61983288.12573470
2025-07-15 22:00:00,0.01230790,0.01290950,0.01225190,0.01285860,32084480.98613500
2025-07-16 02:00:00,0.01285860,0.01307540,0.01259080,0.01266010,39652094.64495350
2025-07-16 06:00:00,0.01266010,0.01311860,0.01249840,0.01301790,33990203.07256120
2025-07-16 10:00:00,0.01301790,0.01308800,0.01283860,0.01299860,36753236.64438300
2025-07-16 14:00:00,0.01299860,0.01350830,0.01295720,0.01320140,97828094.82493781
2025-07-16 18:00:00,0.01320140,0.01388570,0.01312430,0.01379200,73171508.94962220
2025-07-16 22:00:00,0.01379200,0.01411960,0.01339730,0.01354520,67848980.31157529
2025-07-17 02:00:00,0.01354520,0.01384870,0.01305290,0.01317230,61659564.88939680
2025-07-17 06:00:00,0.01317230,0.01372810,0.01310500,0.01357120,51157047.22920300
2025-07-17 10:00:00,0.01357120,0.01382190,0.01346490,0.01361370,53496328.05219820
2025-07-17 14:00:00,0.01361370,0.01379880,0.01323620,0.01350210,67953559.81641380
2025-07-17 18:00:00,0.01350210,0.01353950,0.01296610,0.01301890,55389474.72847710
2025-07-17 22:00:00,0.01301890,0.01365170,0.01280810,0.01336870,64534577.69029480
2025-07-18 02:00:00,0.01336870,0.01396320,0.01317670,0.01372720,62276821.29626710
2025-07-18 06:00:00,0.01372720,0.01433100,0.01363190,0.01378500,75991755.61159170
2025-07-18 10:00:00,0.01378500,0.01394670,0.01336290,0.01347120,57522179.13762840
2025-07-18 14:00:00,0.01347120,0.01398910,0.01311610,0.01329770,85911721.77468640
2025-07-18 18:00:00,0.01329770,0.01351010,0.01301540,0.01318280,44953863.05742290
2025-07-18 22:00:00,0.01318280,0.01319640,0.01266560,0.01298860,53168145.88308620
2025-07-19 02:00:00,0.01298860,0.01342190,0.01264710,0.01339010,38224210.89619380
2025-07-19 06:00:00,0.01339010,0.01354070,0.01317210,0.01321310,29248076.12619660
2025-07-19 10:00:00,0.01321310,0.01327760,0.01300530,0.01302990,28286079.38485960
2025-07-19 14:00:00,0.01302990,0.01314220,0.01284240,0.01304610,32562962.26600110
2025-07-19 18:00:00,0.01304610,0.01335690,0.01295050,0.01332590,27798155.16312080
2025-07-19 22:00:00,0.01332590,0.01349770,0.01314330,0.01342840,23298874.54026870
2025-07-20 02:00:00,0.01342840,0.01376860,0.01331910,0.01364700,39271505.29293440
2025-07-20 06:00:00,0.01364700,0.01378000,0.01345180,0.01368870,27337856.12727480
2025-07-20 10:00:00,0.01368870,0.01398210,0.01368190,0.01386740,39960297.25912720
2025-07-20 14:00:00,0.01386740,0.01422310,0.01376810,0.01422290,52423716.40599830
2025-07-20 18:00:00,0.01422290,0.01462830,0.01403650,0.01439710,67841638.86422290
2025-07-20 22:00:00,0.01439710,0.01442230,0.01372530,0.01402830,57517211.45783250
2025-07-21 02:00:00,0.01402830,0.01435990,0.01371110,0.01432630,49364701.33707350
2025-07-21 06:00:00,0.01432630,0.01449860,0.01414840,0.01437330,36537345.57341130
2025-07-21 10:00:00,0.01437330,0.01455640,0.01402370,0.01409950,55900010.92934470
2025-07-21 14:00:00,0.01409950,0.01444870,0.01394600,0.01421080,67546712.73421220
2025-07-21 18:00:00,0.01421080,0.01422670,0.01364510,0.01381820,66418894.98297700
2025-07-21 22:00:00,0.01381820,0.01426190,0.01375050,0.01410320,31921634.50561360
2025-07-22 02:00:00,0.01410320,0.01476120,0.01366690,0.01413180,90995694.43451411
2025-07-22 06:00:00,0.01413180,0.01419880,0.01360810,0.01372930,56591203.72256190
2025-07-22 10:00:00,0.01372930,0.01398860,0.01347400,0.01391860,46360894.95307900
2025-07-22 14:00:00,0.01391860,0.01399050,0.01351100,0.01378730,53601922.28873250
2025-07-22 18:00:00,0.01378730,0.01398780,0.01350600,0.01356720,43639447.55072650
2025-07-22 22:00:00,0.01356720,0.01418820,0.01351070,0.01417440,31364484.08998850
2025-07-23 02:00:00,0.01417440,0.01418710,0.01383940,0.01404720,31416870.50411780
2025-07-23 06:00:00,0.01404720,0.01417920,0.01376420,0.01380830,29687298.57027430
2025-07-23 10:00:00,0.01380830,0.01396630,0.01354480,0.01369160,34021386.90701390
2025-07-23 14:00:00,0.01369160,0.01373610,0.01286920,0.01324740,77009843.29539330
2025-07-23 18:00:00,0.01324740,0.01324480,0.01253750,0.01276310,52990028.19657670
2025-07-23 22:00:00,0.01276310,0.01286930,0.01218630,0.01272590,49704726.86112890
2025-07-24 02:00:00,0.01272590,0.01297120,0.01265490,0.01281490,25358855.25614530
2025-07-24 06:00:00,0.01281490,0.01286960,0.01185270,0.01235820,61546087.97675510
2025-07-24 10:00:00,0.01235820,0.01267110,0.01226390,0.01262580,35985354.17963190
2025-07-24 14:00:00,0.01262580,0.01303560,0.01236390,0.01284660,48609775.04156090
2025-07-24 18:00:00,0.01284660,0.01288220,0.01249020,0.01268720,37579160.48506250
2025-07-24 22:00:00,0.01268720,0.01282720,0.01232430,0.01238710,24172525.51616840
2025-07-25 02:00:00,0.01238710,0.01239650,0.01172400,0.01191290,57803278.76774740
2025-07-25 06:00:00,0.01191290,0.01216680,0.01176530,0.01202370,38474802.32423860
2025-07-25 10:00:00,0.01202370,0.01239000,0.01200500,0.01228990,30718305.38181910
2025-07-25 14:00:00,0.01228990,0.01240250,0.01177820,0.01195870,46286078.68517680
2025-07-25 18:00:00,0.01195870,0.01223340,0.01188160,0.01214220,25385102.53502580
2025-07-25 22:00:00,0.01214220,0.01256500,0.01213230,0.01255110,24989488.41158050
2025-07-26 02:00:00,0.01255110,0.01266730,0.01244110,0.01256640,19126146.07136580
2025-07-26 06:00:00,0.01256640,0.01262220,0.01251500,0.01259480,9996989.57901920
2025-07-26 10:00:00,0.01259480,0.01273810,0.01256320,0.01259360,18129579.73221210
2025-07-26 14:00:00,0.01259360,0.01269860,0.01247050,0.01261460,19178966.62530320
2025-07-26 18:00:00,0.01261460,0.01269630,0.01246740,0.01267750,14371862.67174130
2025-07-26 22:00:00,0.01267750,0.01277650,0.01233550,0.01240730,18600379.59437200
2025-07-27 02:00:00,0.01240730,0.01267580,0.01237420,0.01258990,14407971.64723930
2025-07-27 06:00:00,0.01258990,0.01270310,0.01253740,0.01256220,10576054.66647780
2025-07-27 10:00:00,0.01256220,0.01280070,0.01241780,0.01260940,20276139.21283690
2025-07-27 14:00:00,0.01260940,0.01280160,0.01252270,0.01258680,20144574.48473310
2025-07-27 18:00:00,0.01258680,0.01285390,0.01258500,0.01265290,25252694.51854710
2025-07-27 22:00:00,0.01265290,0.01296600,0.01254320,0.01278420,27247277.47900680
2025-07-28 02:00:00,0.01278420,0.01301920,0.01257830,0.01298430,32940488.64044360
2025-07-28 06:00:00,0.01298430,0.01313490,0.01286510,0.01297800,31987980.84352700
2025-07-28 10:00:00,0.01297800,0.01303840,0.01277410,0.01288350,18318681.55511980
2025-07-28 14:00:00,0.01288350,0.01301120,0.01218900,0.01228840,48737786.96910480
2025-07-28 18:00:00,0.01228840,0.01233890,0.01197800,0.01208360,34540232.67443560
2025-07-28 22:00:00,0.01208360,0.01210860,0.01180490,0.01189970,24511418.26964490
2025-07-29 02:00:00,0.01189970,0.01204900,0.01166190,0.01190750,30649335.65097150
2025-07-29 06:00:00,0.01190750,0.01213450,0.01180010,0.01208850,21919355.79226610
2025-07-29 10:00:00,0.01208850,0.01212060,0.01171000,0.01179620,24041789.63471780
2025-07-29 14:00:00,0.01179620,0.01195600,0.01138710,0.01147400,45655224.87582240
2025-07-29 18:00:00,0.01147400,0.01158980,0.01130240,0.01139290,27710232.98907510
2025-07-29 22:00:00,0.01139290,0.01154610,0.01124280,0.01152140,25431459.39362310
2025-07-30 02:00:00,0.01152140,0.01159280,0.01132110,0.01153300,15804046.75023040
2025-07-30 06:00:00,0.01153300,0.01160460,0.01141000,0.01146990,13855249.21705520
2025-07-30 10:00:00,0.01146990,0.01157300,0.01107630,0.01116030,27899375.99484980
2025-07-30 14:00:00,0.01116030,0.01149020,0.01104230,0.01138670,31644010.62345030
2025-07-30 18:00:00,0.01138670,0.01155120,0.01072690,0.01124050,43262412.89157830
2025-07-30 22:00:00,0.01124050,0.01136420,0.01111740,0.01133680,16999346.38495740
2025-07-31 02:00:00,0.01133680,0.01153510,0.01128960,0.01151630,13102091.41438870
2025-07-31 06:00:00,0.01151630,0.01160870,0.01148350,0.01154720,10838909.53512810
2025-07-31 10:00:00,0.01154720,0.01165090,0.01146640,0.01150960,13791065.55177060
2025-07-31 14:00:00,0.01150960,0.01153200,0.01100120,0.01120050,38516173.98433760
2025-07-31 18:00:00,0.01120050,0.01142090,0.01099390,0.01103450,33223744.99801820
2025-07-31 22:00:00,0.01103450,0.01105200,0.01067530,0.01077110,29919337.75970030
2025-08-01 02:00:00,0.01077110,0.01082150,0.01042230,0.01074850,37161399.20873340
2025-08-01 06:00:00,0.01074850,0.01074810,0.01047280,0.01056690,19770626.32797450
2025-08-01 10:00:00,0.01056690,0.01060150,0.01031920,0.01058280,26754574.60193270
2025-08-01 14:00:00,0.01058280,0.01069500,0.01026940,0.01064010,38363169.39729840
2025-08-01 18:00:00,0.01064010,0.01076250,0.01036840,0.01068640,32150004.35458860
2025-08-01 22:00:00,0.01068640,0.01071730,0.01003900,0.01038110,40689769.96899670
2025-08-02 02:00:00,0.01038110,0.01055540,0.01036220,0.01054050,10937798.44769390
2025-08-02 06:00:00,0.01054050,0.01063220,0.01030010,0.01059680,20751521.35014190
2025-08-02 10:00:00,0.01059680,0.01060940,0.01027310,0.01038380,19468587.34339060
2025-08-02 14:00:00,0.01038380,0.01043390,0.01014960,0.01019230,22367156.90544790
2025-08-02 18:00:00,0.01019230,0.01028090,0.00986130,0.01002100,37858719.04615790
2025-08-02 22:00:00,0.01002100,0.01020830,0.01001880,0.01012650,17420944.11997350
2025-08-03 02:00:00,0.01012650,0.01033650,0.00999060,0.01031160,14642223.81475900
2025-08-03 06:00:00,0.01031160,0.01038370,0.01027770,0.01036710,9304846.45981280
2025-08-03 10:00:00,0.01036710,0.01053470,0.01032150,0.01045760,16653703.74365980
2025-08-03 14:00:00,0.01045760,0.01052260,0.01039720,0.01045000,14639884.56459600
2025-08-03 18:00:00,0.01045000,0.01056130,0.01040530,0.01046710,11696933.89514990
2025-08-03 22:00:00,0.01046710,0.01053180,0.01040390,0.01045040,9087635.69076940
2025-08-04 02:00:00,0.01045040,0.01068550,0.01044210,0.01052070,16940075.83989710
2025-08-04 06:00:00,0.01052070,0.01055940,0.01040870,0.01051320,12506346.71860480
2025-08-04 10:00:00,0.01051320,0.01057970,0.01033780,0.01039160,14655536.14513440
2025-08-04 14:00:00,0.01039160,0.01067990,0.01036210,0.01054720,29502926.26555700
2025-08-04 18:00:00,0.01054720,0.01081610,0.01047610,0.01052860,28336114.86869820
2025-08-04 22:00:00,0.01052860,0.01080110,0.01051020,0.01074820,17214722.50375320
2025-08-05 02:00:00,0.01074820,0.01079040,0.01049110,0.01050070,15804349.70932950
2025-08-05 06:00:00,0.01050070,0.01060380,0.01030180,0.01035060,18844516.37058940
2025-08-05 10:00:00,0.01035060,0.01068690,0.01031470,0.01066500,18067455.51698180
2025-08-05 14:00:00,0.01066500,0.01067680,0.01003630,0.01010730,40841798.22739580
2025-08-05 18:00:00,0.01010730,0.01021280,0.01002580,0.01007080,16192683.50412440
2025-08-05 22:00:00,0.01007080,0.01022560,0.00997550,0.01019340,14080531.30413480
2025-08-06 02:00:00,0.01019340,0.01019640,0.00997000,0.01000950,14088559.07040890
2025-08-06 06:00:00,0.01000950,0.01028550,0.00995510,0.01026970,18057598.09157210
2025-08-06 10:00:00,0.01026970,0.01036130,0.01016330,0.01027750,14357792.82820200
2025-08-06 14:00:00,0.01027750,0.01057020,0.01018580,0.01054960,23834227.47343060
2025-08-06 18:00:00,0.01054960,0.01060310,0.01040740,0.01052470,16296998.73671620
2025-08-06 22:00:00,0.01052470,0.01056210,0.01045750,0.01055220,6696635.60766370
2025-08-07 02:00:00,0.01055220,0.01061880,0.01046240,0.01047930,11081057.54840670
2025-08-07 06:00:00,0.01047930,0.01059220,0.01046610,0.01051590,10284440.90462680
2025-08-07 10:00:00,0.01051590,0.01090220,0.01049510,0.01088920,29673648.57280140
2025-08-07 14:00:00,0.01088920,0.01099480,0.01077240,0.01088090,28141560.30962280
2025-08-07 18:00:00,0.01088090,0.01096500,0.01058550,0.01093590,22657797.59247360
2025-08-07 22:00:00,0.01093590,0.01113670,0.01091070,0.01111230,16750351.01557720
2025-08-08 02:00:00,0.01111230,0.01123540,0.01097410,0.01110540,29179796.70597260
2025-08-08 06:00:00,0.01110540,0.01129280,0.01095180,0.01125870,17599672.68933520
2025-08-08 10:00:00,0.01125870,0.01139550,0.01105890,0.01118090,25836649.15253430
2025-08-08 14:00:00,0.01118090,0.01147330,0.01104410,0.01120270,38443970.60713080
2025-08-08 18:00:00,0.01120270,0.01197460,0.01119920,0.01196080,44208280.04624640
2025-08-08 22:00:00,0.01196080,0.01201790,0.01177440,0.01182010,17632065.54105400
2025-08-09 02:00:00,0.01182010,0.01184110,0.01164010,0.01165410,13805743.98263170
2025-08-09 06:00:00,0.01165410,0.01237570,0.01163820,0.01230190,46679181.82041800
2025-08-09 10:00:00,0.01230190,0.01245100,0.01225010,0.01239350,30494126.85578710
2025-08-09 14:00:00,0.01239350,0.01264710,0.01219160,0.01232080,47050179.26249350
2025-08-09 18:00:00,0.01232080,0.01246800,0.01220890,0.01242690,20568033.06823030
2025-08-09 22:00:00,0.01242690,0.01259660,0.01233550,0.01240270,20520353.70548560
2025-08-10 02:00:00,0.01240270,0.01264430,0.01234970,0.01262040,22459413.73577830
2025-08-10 06:00:00,0.01262040,0.01262830,0.01198280,0.01200490,30262136.23479680
2025-08-10 10:00:00,0.01200490,0.01212530,0.01182610,0.01191760,27361177.42561620
2025-08-10 14:00:00,0.01191760,0.01207680,0.01178830,0.01196860,21143366.32516110
2025-08-10 18:00:00,0.01196860,0.01217470,0.01195060,0.01212170,12203042.01390050
2025-08-10 22:00:00,0.01212170,0.01214990,0.01189080,0.01206780,16680405.80090690
2025-08-11 02:00:00,0.01206780,0.01239960,0.01198850,0.01233830,22644241.76189530
2025-08-11 06:00:00,0.01233830,0.01242770,0.01195710,0.01197850,19640605.47493740
2025-08-11 10:00:00,0.01197850,0.01214620,0.01155090,0.01159740,34698361.79597380
2025-08-11 14:00:00,0.01159740,0.01175960,0.01144410,0.01172190,36372561.12125700
2025-08-11 18:00:00,0.01172190,0.01186830,0.01135660,0.01142370,29710317.86772150
2025-08-11 22:00:00,0.01142370,0.01146790,0.01112490,0.01122150,20282300.46541300
2025-08-12 02:00:00,0.01122150,0.01137890,0.01118690,0.01121840,12874391.46924200
2025-08-12 06:00:00,0.01121840,0.01135900,0.01110840,0.01132990,15659360.68069990
2025-08-12 10:00:00,0.01132990,0.01136580,0.01106650,0.01124110,15697352.88727510
2025-08-12 14:00:00,0.01124110,0.01202420,0.01117410,0.01195850,60448212.88841090
2025-08-12 18:00:00,0.01195850,0.01219360,0.01185100,0.01215430,36032293.39013530
2025-08-12 22:00:00,0.01215430,0.01235390,0.01209450,0.01213930,26422777.36263560
2025-08-13 02:00:00,0.01213930,0.01241140,0.01203780,0.01230520,32450883.07172190
2025-08-13 06:00:00,0.01230520,0.01246010,0.01198010,0.01217760,31339291.60861340
2025-08-13 10:00:00,0.01217760,0.01250970,0.01216590,0.01231510,35901929.67602060
2025-08-13 14:00:00,0.01231510,0.01245160,0.01197650,0.01213070,46320537.27096020
2025-08-13 18:00:00,0.01213070,0.01227980,0.01201590,0.01223080,24740197.58116410
2025-08-13 22:00:00,0.01223080,0.01240570,0.01211750,0.01225540,20864544.92934710
2025-08-14 02:00:00,0.01225540,0.01268540,0.01208340,0.01254310,39353937.12880160
2025-08-14 06:00:00,0.01254310,0.01255490,0.01195780,0.01209860,38982049.29456500
2025-08-14 10:00:00,0.01209860,0.01210210,0.01173090,0.01182030,30370419.43307450
2025-08-14 14:00:00,0.01182030,0.01187370,0.01095980,0.01120200,70858405.17055090
2025-08-14 18:00:00,0.01120200,0.01120240,0.01091400,0.01103490,26703202.96752580
2025-08-14 22:00:00,0.01103490,0.01109070,0.01080950,0.01103950,20277035.56112860
2025-08-15 02:00:00,0.01103950,0.01118630,0.01097190,0.01114810,17183667.87921960
2025-08-15 06:00:00,0.01114810,0.01127210,0.01108510,0.01114880,16981696.67584930
2025-08-15 10:00:00,0.01114880,0.01119630,0.01101020,0.01111360,13655795.56489600
2025-08-15 14:00:00,0.01111360,0.01123280,0.01058140,0.01066890,43419470.77366470
2025-08-15 18:00:00,0.01066890,0.01081370,0.01051840,0.01063120,27247219.27753970
2025-08-15 22:00:00,0.01063120,0.01093200,0.01059550,0.01080180,14187089.69343430
2025-08-16 02:00:00,0.01080180,0.01095000,0.01078110,0.01085860,10464073.28294160
2025-08-16 06:00:00,0.01085860,0.01092230,0.01077890,0.01084590,9970095.65616430
2025-08-16 10:00:00,0.01084590,0.01093620,0.01078730,0.01083370,14218231.73550830
2025-08-16 14:00:00,0.01083370,0.01105050,0.01081070,0.01100810,18604598.03035740
2025-08-16 18:00:00,0.01100810,0.01109180,0.01095520,0.01096090,8843562.22091590
2025-08-16 22:00:00,0.01096090,0.01111880,0.01095480,0.01108100,9637150.92644390
2025-08-17 02:00:00,0.01108100,0.01116550,0.01098320,0.01114890,11760957.26470920
2025-08-17 06:00:00,0.01114890,0.01127180,0.01114680,0.01125450,8815173.37280180
2025-08-17 10:00:00,0.01125450,0.01132760,0.01116660,0.01123400,10680712.81550120
2025-08-17 14:00:00,0.01123400,0.01145850,0.01119020,0.01145850,11438619.71056770
2025-08-17 18:00:00,0.01145850,0.01154240,0.01104310,0.01112480,21121816.83550630
2025-08-17 22:00:00,0.01112480,0.01130210,0.01110190,0.01111430,8088392.78491090
2025-08-18 02:00:00,0.01111430,0.01113430,0.01060540,0.01074070,23142038.12926070
2025-08-18 06:00:00,0.01074070,0.01083960,0.01058860,0.01065460,13888452.74428870
2025-08-18 10:00:00,0.01065460,0.01075320,0.01055040,0.01070010,12351447.37126120
2025-08-18 14:00:00,0.01070010,0.01080520,0.01060720,0.01076620,16324019.53173190
2025-08-18 18:00:00,0.01076620,0.01086290,0.01062520,0.01075020,11486821.83870280
2025-08-18 22:00:00,0.01075020,0.01087020,0.01065020,0.01068160,8470605.15177230
2025-08-19 02:00:00,0.01068160,0.01084840,0.01040650,0.01046580,17462399.52143370
2025-08-19 06:00:00,0.01046580,0.01057860,0.01035780,0.01050310,12016554.74694380
2025-08-19 10:00:00,0.01050310,0.01078820,0.01041700,0.01076710,10949110.14275960
2025-08-19 14:00:00,0.01076710,0.01084610,0.01036880,0.01042140,22499429.09636670
2025-08-19 18:00:00,0.01042140,0.01044670,0.01015490,0.01027990,18882443.56346060
2025-08-19 22:00:00,0.01027990,0.01038450,0.01016690,0.01019910,9547476.08375740
2025-08-20 02:00:00,0.01019910,0.01042110,0.01012630,0.01033160,13334969.09978700
2025-08-20 06:00:00,0.01033160,0.01042650,0.01032640,0.01033860,6733269.86898920
2025-08-20 10:00:00,0.01033860,0.01044280,0.01022930,0.01035510,9792907.22359080
2025-08-20 14:00:00,0.01035510,0.01052680,0.01002070,0.01039890,27795166.44494090
2025-08-20 18:00:00,0.01039890,0.01071100,0.01039600,0.01070350,17670963.47581150
2025-08-20 22:00:00,0.01070350,0.01072160,0.01061180,0.01066580,7302129.88621550
2025-08-21 02:00:00,0.01066580,0.01075720,0.01053420,0.01062880,9920589.62225260
2025-08-21 06:00:00,0.01062880,0.01069990,0.01049710,0.01058960,8518349.71519760
2025-08-21 10:00:00,0.01058960,0.01060800,0.01038370,0.01041790,8963995.81492460
2025-08-21 14:00:00,0.01041790,0.01051060,0.01019350,0.01023850,19667187.26288640
2025-08-21 18:00:00,0.01023850,0.01045740,0.01020720,0.01031490,10505367.85505760
2025-08-21 22:00:00,0.01031490,0.01043400,0.01025680,0.01039710,6257189.77138740
2025-08-22 02:00:00,0.01039710,0.01052600,0.01030660,0.01034150,10276596.11860000
2025-08-22 06:00:00,0.01034150,0.01047840,0.01034060,0.01043330,8876855.77054690
2025-08-22 10:00:00,0.01043330,0.01046360,0.01013230,0.01013550,10165244.36070120
2025-08-22 14:00:00,0.01013550,0.01097510,0.00981000,0.01087900,50087094.69986710
2025-08-22 18:00:00,0.01087900,0.01141990,0.01088370,0.01135770,32891087.94535780
2025-08-22 22:00:00,0.01135770,0.01170820,0.01135200,0.01158560,17128563.57225730
2025-08-23 02:00:00,0.01158560,0.01159650,0.01098640,0.01110690,19137778.56488250
2025-08-23 06:00:00,0.01110690,0.01162750,0.01110040,0.01143440,15117949.15893270
2025-08-23 10:00:00,0.01143440,0.01155430,0.01123080,0.01126690,10266589.99469730
2025-08-23 14:00:00,0.01126690,0.01138220,0.01118890,0.01129440,11817460.01011940
2025-08-23 18:00:00,0.01129440,0.01132060,0.01121420,0.01130620,6147159.20912470
2025-08-23 22:00:00,0.01130620,0.01131710,0.01121110,0.01125590,4479533.25624850
2025-08-24 02:00:00,0.01125590,0.01137320,0.01114530,0.01122170,10251223.27111150
2025-08-24 06:00:00,0.01122170,0.01125880,0.01095010,0.01095870,9810524.12978930
2025-08-24 10:00:00,0.01095870,0.01101330,0.01068330,0.01074810,13162258.56009530
2025-08-24 14:00:00,0.01074810,0.01095300,0.01071610,0.01079770,12919344.52028580
2025-08-24 18:00:00,0.01079770,0.01148300,0.01071460,0.01100890,38580027.96656090
2025-08-24 22:00:00,0.01100890,0.01101900,0.01066010,0.01083120,19243927.80995370
2025-08-25 02:00:00,0.01083120,0.01107780,0.01053000,0.01089600,17852176.07415120
2025-08-25 06:00:00,0.01089600,0.01092270,0.01026010,0.01030570,19386968.47541870
2025-08-25 10:00:00,0.01030570,0.01037890,0.01009560,0.01022580,18694080.43472750
2025-08-25 14:00:00,0.01022580,0.01029740,0.01010370,0.01012810,17740230.32042810
2025-08-25 18:00:00,0.01012810,0.01023840,0.00987090,0.00989460,20430805.93770780
2025-08-25 22:00:00,0.00989460,0.00993500,0.00956510,0.00974860,27703898.30230580
2025-08-26 02:00:00,0.00974860,0.00993160,0.00966890,0.00977730,13870978.23575600
2025-08-26 06:00:00,0.00977730,0.00998690,0.00974230,0.00993340,9476517.81866820
2025-08-26 10:00:00,0.00993340,0.01007170,0.00986010,0.00997200,11974836.68486460
2025-08-26 14:00:00,0.00997200,0.01011700,0.00984570,0.00994860,19709914.54546010
2025-08-26 18:00:00,0.00994860,0.01015990,0.00993220,0.01014310,13593497.16196628
2025-08-26 22:00:00,0.01014310,0.01018980,0.01007110,0.01008540,6908805.90140610
2025-08-27 02:00:00,0.01008540,0.01024900,0.00996950,0.01020190,8526858.00904220
2025-08-27 06:00:00,0.01020190,0.01029670,0.01008280,0.01012930,8046427.95024040
2025-08-27 10:00:00,0.01012930,0.01024920,0.01005960,0.01016880,8337445.52967710
2025-08-27 14:00:00,0.01016880,0.01022790,0.01003130,0.01015910,12729679.73486750
2025-08-27 18:00:00,0.01015910,0.01019710,0.00995500,0.01006030,10451474.36078590
2025-08-27 22:00:00,0.01006030,0.01020520,0.00994750,0.01002480,12986838.00368710
2025-08-28 02:00:00,0.01002480,0.01015990,0.00995670,0.01011360,6442839.75591490
2025-08-28 06:00:00,0.01011360,0.01022380,0.01011360,0.01016410,5344699.51425070
2025-08-28 10:00:00,0.01016410,0.01026050,0.01008430,0.01019950,6513545.72588860
2025-08-28 14:00:00,0.01019950,0.01023590,0.01006000,0.01008950,9855563.60948310
2025-08-28 18:00:00,0.01008950,0.01016900,0.00991600,0.00994450,11203119.45513990
2025-08-28 22:00:00,0.00994450,0.01024050,0.00992830,0.01021260,6148622.50324350
2025-08-29 02:00:00,0.01021260,0.01025970,0.01009060,0.01018430,7207391.79254250
2025-08-29 06:00:00,0.01018430,0.01021880,0.00981840,0.00984150,9812898.39902130
2025-08-29 10:00:00,0.00984150,0.00987400,0.00964560,0.00981830,10023193.46045970
2025-08-29 14:00:00,0.00981830,0.01004940,0.00959210,0.00965990,18259050.50414670
2025-08-29 18:00:00,0.00965990,0.00970690,0.00948220,0.00966020,11646690.87707900
2025-08-29 22:00:00,0.00966020,0.00978960,0.00956210,0.00977360,6777960.96495180
2025-08-30 02:00:00,0.00977360,0.01005240,0.00968020,0.01002990,8540662.05898020
2025-08-30 06:00:00,0.01002990,0.01004970,0.00992740,0.01000420,4908976.56745830
2025-08-30 10:00:00,0.01000420,0.01001130,0.00989350,0.00992890,4109964.82627780
2025-08-30 14:00:00,0.00992890,0.00993910,0.00977230,0.00985600,7060906.68244220
2025-08-30 18:00:00,0.00985600,0.00985490,0.00978860,0.00983260,4205647.66668850
2025-08-30 22:00:00,0.00983260,0.00985650,0.00976030,0.00983030,3640881.33167150
2025-08-31 02:00:00,0.00983030,0.01000630,0.00982850,0.00999290,5933398.30732550
2025-08-31 06:00:00,0.00999290,0.00999990,0.00990080,0.00994110,3949475.50442820
2025-08-31 10:00:00,0.00994110,0.00998710,0.00985960,0.00991570,5352654.15522300
2025-08-31 14:00:00,0.00991570,0.00992290,0.00975610,0.00986190,7120447.62414640
2025-08-31 18:00:00,0.00986190,0.00988140,0.00977110,0.00979160,4664796.78155770
2025-08-31 22:00:00,0.00979160,0.00986890,0.00962720,0.00964340,6513137.70850970
2025-09-01 02:00:00,0.00964340,0.00967550,0.00939560,0.00948000,12280715.80172810
2025-09-01 06:00:00,0.00948000,0.00973070,0.00936770,0.00972880,10181029.66983880
2025-09-01 10:00:00,0.00972880,0.00994860,0.00967390,0.00969810,15102120.03076440
2025-09-01 14:00:00,0.00969810,0.00977340,0.00952010,0.00955600,9466026.05087530
2025-09-01 18:00:00,0.00955600,0.00958870,0.00942250,0.00958210,7541862.77201590
2025-09-01 22:00:00,0.00958210,0.00958640,0.00913760,0.00945640,19046526.33859180
2025-09-02 02:00:00,0.00945640,0.00964850,0.00933910,0.00963080,9118578.60703360
2025-09-02 06:00:00,0.00963080,0.00972840,0.00958940,0.00963140,6799996.98423760
2025-09-02 10:00:00,0.00963140,0.00972000,0.00960510,0.00961960,5402574.98007510
2025-09-02 14:00:00,0.00961960,0.00979710,0.00938160,0.00952760,19512698.15405360
2025-09-02 18:00:00,0.00952760,0.00973650,0.00952550,0.00964850,8633772.29421900
2025-09-02 22:00:00,0.00964850,0.00981540,0.00962130,0.00978910,8057669.49275050
2025-09-03 02:00:00,0.00978910,0.00986080,0.00968420,0.00982130,6675081.62787460
2025-09-03 06:00:00,0.00982130,0.00983530,0.00970640,0.00979620,4444658.59180720
2025-09-03 10:00:00,0.00979620,0.00984960,0.00974260,0.00977290,4990291.91013670
2025-09-03 14:00:00,0.00977290,0.00997770,0.00972240,0.00990130,10437834.92555620
2025-09-03 18:00:00,0.00990130,0.00993990,0.00981950,0.00993690,5416145.28346150
2025-09-03 22:00:00,0.00993690,0.01003310,0.00986480,0.00987420,5796772.45109990
2025-09-04 02:00:00,0.00987420,0.00996850,0.00972290,0.00973060,6458712.94882170
2025-09-04 06:00:00,0.00973060,0.00975260,0.00956130,0.00960320,7549014.65835710
2025-09-04 10:00:00,0.00960320,0.00964470,0.00956240,0.00958560,5298714.77097130
2025-09-04 14:00:00,0.00958560,0.00964740,0.00940660,0.00946280,14595166.46425020
2025-09-04 18:00:00,0.00946280,0.00949950,0.00936550,0.00938750,11106432.52773780
2025-09-04 22:00:00,0.00938750,0.00957020,0.00938080,0.00944320,5544954.01949930
2025-09-05 02:00:00,0.00944320,0.00953810,0.00941120,0.00952280,5603952.58226420
2025-09-05 06:00:00,0.00952280,0.00971170,0.00949170,0.00970010,6250439.37894620
2025-09-05 10:00:00,0.00970010,0.00970630,0.00957530,0.00966580,6372357.66140150
2025-09-05 14:00:00,0.00966580,0.00988700,0.00949120,0.00960570,21688147.46356680
2025-09-05 18:00:00,0.00960570,0.00971330,0.00958420,0.00971280,6593338.78676550
2025-09-05 22:00:00,0.00971280,0.00982750,0.00965770,0.00975140,6591631.36039250
2025-09-06 02:00:00,0.00975140,0.00980970,0.00970670,0.00976130,3490815.63425940
2025-09-06 06:00:00,0.00976130,0.00976140,0.00964610,0.00967310,3058651.40296360
2025-09-06 10:00:00,0.00967310,0.00969790,0.00957010,0.00962590,3844413.33756270
2025-09-06 14:00:00,0.00962590,0.00968840,0.00959040,0.00959530,4439708.82172830
2025-09-06 18:00:00,0.00959530,0.00966800,0.00954000,0.00955460,4745670.61992490
2025-09-06 22:00:00,0.00955460,0.00968350,0.00955020,0.00963350,3639427.80631570
2025-09-07 02:00:00,0.00963350,0.00976530,0.00962840,0.00971350,4066730.80956420
2025-09-07 06:00:00,0.00971350,0.00982130,0.00970680,0.00974130,4547681.24749240
2025-09-07 10:00:00,0.00974130,0.00987840,0.00972260,0.00987520,5769434.12206910
2025-09-07 14:00:00,0.00987520,0.00994550,0.00983390,0.00989810,6763003.95575190
2025-09-07 18:00:00,0.00989810,0.00992370,0.00975690,0.00982090,6792108.94152810
2025-09-07 22:00:00,0.00982090,0.00994960,0.00978400,0.00988140,4472370.00014630
2025-09-08 02:00:00,0.00988140,0.01008910,0.00981710,0.00999290,8998994.77958970
2025-09-08 06:00:00,0.00999290,0.01008490,0.00991640,0.01002600,6415113.07880890
2025-09-08 10:00:00,0.01002600,0.01022510,0.01002210,0.01012790,10829487.07669720
2025-09-08 14:00:00,0.01012790,0.01036050,0.01005580,0.01031590,13924193.85304770
2025-09-08 18:00:00,0.01031590,0.01035840,0.01016130,0.01019790,7134061.83945080
2025-09-08 22:00:00,0.01019790,0.01034780,0.01012520,0.01030680,5609363.02700050
2025-09-09 02:00:00,0.01030680,0.01043100,0.01015570,0.01034010,9121706.74236400
2025-09-09 06:00:00,0.01034010,0.01066130,0.01026780,0.01059450,10770145.65598460
2025-09-09 10:00:00,0.01059450,0.01083310,0.01057800,0.01066630,9950171.57712860
2025-09-09 14:00:00,0.01066630,0.01082670,0.01014090,0.01020270,20752018.61144430
2025-09-09 18:00:00,0.01020270,0.01029660,0.01016510,0.01024560,6881811.84346410
2025-09-09 22:00:00,0.01024560,0.01034450,0.01021900,0.01031140,5725522.69941490
2025-09-10 02:00:00,0.01031140,0.01051460,0.01021310,0.01050090,8623519.06644600
2025-09-10 06:00:00,0.01050090,0.01053090,0.01034210,0.01045860,6283008.64948090
2025-09-10 10:00:00,0.01045860,0.01050620,0.01032970,0.01038530,4486186.50787940
2025-09-10 14:00:00,0.01038530,0.01067590,0.01038060,0.01054730,10280200.43032240
2025-09-10 18:00:00,0.01054730,0.01059920,0.01031630,0.01038020,8990021.01815250
2025-09-10 22:00:00,0.01038020,0.01054570,0.01036520,0.01052620,4373878.76010490
2025-09-11 02:00:00,0.01052620,0.01065120,0.01048610,0.01064420,5077992.16285770
2025-09-11 06:00:00,0.01064420,0.01064840,0.01054630,0.01062590,5393904.69547000
2025-09-11 10:00:00,0.01062590,0.01064860,0.01052650,0.01053190,4013010.55656500
2025-09-11 14:00:00,0.01053190,0.01070000,0.01035270,0.01040940,12954429.73661390
2025-09-11 18:00:00,0.01040940,0.01058810,0.01040370,0.01057400,5508772.43359040
2025-09-11 22:00:00,0.01057400,0.01069230,0.01053330,0.01069030,6284061.02254050
2025-09-12 02:00:00,0.01069030,0.01080810,0.01058040,0.01063590,9387367.77589110
2025-09-12 06:00:00,0.01063590,0.01072720,0.01058740,0.01065260,5582594.71508570
2025-09-12 10:00:00,0.01065260,0.01066090,0.01045570,0.01046790,6565430.95837480
2025-09-12 14:00:00,0.01046790,0.01058330,0.01039270,0.01052850,9397393.06516440
2025-09-12 18:00:00,0.01052850,0.01160480,0.01049420,0.01152730,35171543.84451610
2025-09-12 22:00:00,0.01152730,0.01166160,0.01122360,0.01154020,20364780.01863010
2025-09-13 02:00:00,0.01154020,0.01218280,0.01146580,0.01201400,29422530.40520560
2025-09-13 06:00:00,0.01201400,0.01232520,0.01193220,0.01215140,20040610.94911090
2025-09-13 10:00:00,0.01215140,0.01249530,0.01213490,0.01237120,27875146.21714410
2025-09-13 14:00:00,0.01237120,0.01270880,0.01195550,0.01207250,41428295.17031980
2025-09-13 18:00:00,0.01207250,0.01218510,0.01169070,0.01186870,19588300.81882560
2025-09-13 22:00:00,0.01186870,0.01202690,0.01185740,0.01191360,8773039.85137950
2025-09-14 02:00:00,0.01191360,0.01197590,0.01165060,0.01172010,14301598.48122450
2025-09-14 06:00:00,0.01172010,0.01178350,0.01156460,0.01167190,11388457.61131680
2025-09-14 10:00:00,0.01167190,0.01178690,0.01143570,0.01147860,11323095.01647240
2025-09-14 14:00:00,0.01147860,0.01156990,0.01113220,0.01117460,16740340.98552930
2025-09-14 18:00:00,0.01117460,0.01178410,0.01114700,0.01152750,17956186.21772110
2025-09-14 22:00:00,0.01152750,0.01167750,0.01147140,0.01154850,7967266.63960830
2025-09-15 02:00:00,0.01154850,0.01167280,0.01142970,0.01157040,10137046.94102100
2025-09-15 06:00:00,0.01157040,0.01163610,0.01094730,0.01101000,15176747.94418060
2025-09-15 10:00:00,0.01101000,0.01101100,0.01071930,0.01082760,14237073.68249550
2025-09-15 14:00:00,0.01082760,0.01084830,0.01056940,0.01066440,10133243.77492430
2025-09-15 18:00:00,0.01066440,0.01071750,0.01055310,0.01067500,5597920.77222480
2025-09-15 22:00:00,0.01067500,0.01079050,0.01065290,0.01076970,4125609.33024290
2025-09-16 02:00:00,0.01076970,0.01084430,0.01071100,0.01072980,3779107.69741260
2025-09-16 06:00:00,0.01072980,0.01080420,0.01058960,0.01076880,4792232.63520420
2025-09-16 10:00:00,0.01076880,0.01086210,0.01072270,0.01076260,4329080.33376810
2025-09-16 14:00:00,0.01076260,0.01090360,0.01064500,0.01089300,8463926.86997880
2025-09-16 18:00:00,0.01089300,0.01101880,0.01080480,0.01097020,9868250.48834940
2025-09-16 22:00:00,0.01097020,0.01108880,0.01092810,0.01107270,4191769.54044040
2025-09-17 02:00:00,0.01107270,0.01118400,0.01101590,0.01103940,7252359.08426810
2025-09-17 06:00:00,0.01103940,0.01106610,0.01082850,0.01091990,7737925.83442470
2025-09-17 10:00:00,0.01091990,0.01093500,0.01073010,0.01089210,5942104.12990590
2025-09-17 14:00:00,0.01089210,0.01094520,0.01081140,0.01083950,6000614.79235410
2025-09-17 18:00:00,0.01083950,0.01121030,0.01071400,0.01115890,17376865.36221620
2025-09-17 22:00:00,0.01115890,0.01149940,0.01092390,0.01140690,14141875.18808840
2025-09-18 02:00:00,0.01140690,0.01164430,0.01131120,0.01163490,9907455.68539000
2025-09-18 06:00:00,0.01163490,0.01164780,0.01129980,0.01137290,8956472.77758990
2025-09-18 10:00:00,0.01137290,0.01146520,0.01125130,0.01128410,5019959.18309960
2025-09-18 14:00:00,0.01128410,0.01155670,0.01121110,0.01152880,11032716.99054350
2025-09-18 18:00:00,0.01152880,0.01163690,0.01132540,0.01144350,10131318.25041190
2025-09-18 22:00:00,0.01144350,0.01150800,0.01129240,0.01144220,4557932.48948610
2025-09-19 02:00:00,0.01144220,0.01149230,0.01111180,0.01114000,8487390.69135370
2025-09-19 06:00:00,0.01114000,0.01117480,0.01098000,0.01103080,7755198.15955620
2025-09-19 10:00:00,0.01103080,0.01110010,0.01089020,0.01093070,7000555.19162280
2025-09-19 14:00:00,0.01093070,0.01097720,0.01071920,0.01082930,9570840.32614350
2025-09-19 18:00:00,0.01082930,0.01090790,0.01071030,0.01077230,6816922.34433050
2025-09-19 22:00:00,0.01077230,0.01087680,0.01066080,0.01075030,5044043.84158860
2025-09-20 02:00:00,0.01075030,0.01080780,0.01064910,0.01073490,3218715.83983540
2025-09-20 06:00:00,0.01073490,0.01084290,0.01071490,0.01079160,2693026.74951950
2025-09-20 10:00:00,0.01079160,0.01079120,0.01053850,0.01062740,4930758.19445030
2025-09-20 14:00:00,0.01062740,0.01082880,0.01059790,0.01078940,4477727.58630970
2025-09-20 18:00:00,0.01078940,0.01082240,0.01060730,0.01065180,3676905.15315080
2025-09-20 22:00:00,0.01065180,0.01075420,0.01064110,0.01071390,2338006.43111010
2025-09-21 02:00:00,0.01071390,0.01076790,0.01065580,0.01072620,2319532.45371270
2025-09-21 06:00:00,0.01072620,0.01078110,0.01068510,0.01070370,2109500.15587050
2025-09-21 10:00:00,0.01070370,0.01072140,0.01042370,0.01055110,7810560.28772240
2025-09-21 14:00:00,0.01055110,0.01064420,0.01052200,0.01054690,3626697.42617260
2025-09-21 18:00:00,0.01054690,0.01058490,0.01043740,0.01053190,4559755.45783270
2025-09-21 22:00:00,0.01053190,0.01054880,0.01038390,0.01040650,5547131.30487710
2025-09-22 02:00:00,0.01040650,0.01047360,0.00994560,0.01008090,17546365.40391470
2025-09-22 06:00:00,0.01008090,0.01012540,0.00930000,0.00967220,14611795.22439970
2025-09-22 10:00:00,0.00967220,0.00979130,0.00960110,0.00971250,6773011.88618640
2025-09-22 14:00:00,0.00971250,0.00977950,0.00954010,0.00959900,7276098.79039390
2025-09-22 18:00:00,0.00959900,0.00964560,0.00946750,0.00949150,6754978.95886970
2025-09-22 22:00:00,0.00949150,0.00967650,0.00948230,0.00965830,3495244.84673160
2025-09-23 02:00:00,0.00965830,0.00969380,0.00941520,0.00960050,5627271.53004620
2025-09-23 06:00:00,0.00960050,0.00972560,0.00950140,0.00965620,4794871.74947850
2025-09-23 10:00:00,0.00965620,0.00975860,0.00963070,0.00971400,3656746.58303700
2025-09-23 14:00:00,0.00971400,0.00979750,0.00963230,0.00969410,4867068.93040080
2025-09-23 18:00:00,0.00969410,0.00983690,0.00954740,0.00958820,5646689.95901940
2025-09-23 22:00:00,0.00958820,0.00968550,0.00953990,0.00956740,4545779.49213250
2025-09-24 02:00:00,0.00956740,0.00969490,0.00939190,0.00946520,5745657.65654560
2025-09-24 06:00:00,0.00946520,0.00967020,0.00932610,0.00965360,5223790.18783670
2025-09-24 10:00:00,0.00965360,0.00976250,0.00962200,0.00969990,3501986.73199500
2025-09-24 14:00:00,0.00969990,0.00984630,0.00965090,0.00969480,5018160.08511700
2025-09-24 18:00:00,0.00969480,0.00973150,0.00960700,0.00966380,3280465.40946920
2025-09-24 22:00:00,0.00966380,0.00968320,0.00956770,0.00963420,2274174.24306350
2025-09-25 02:00:00,0.00963420,0.00966180,0.00942670,0.00953840,6388485.23127460
2025-09-25 06:00:00,0.00953840,0.00959030,0.00936910,0.00942540,6028303.85164880
2025-09-25 10:00:00,0.00942540,0.00949950,0.00930960,0.00936570,5357284.16778140
2025-09-25 14:00:00,0.00936570,0.00956510,0.00917690,0.00938110,12426738.14680130
2025-09-25 18:00:00,0.00938110,0.00941520,0.00885780,0.00910740,18763433.62300800
2025-09-25 22:00:00,0.00910740,0.00915870,0.00895410,0.00906870,7234135.19221150
2025-09-26 02:00:00,0.00906870,0.00924700,0.00905900,0.00923200,4687740.81198570
2025-09-26 06:00:00,0.00923200,0.00924950,0.00909740,0.00918030,3863011.49792050
2025-09-26 10:00:00,0.00918030,0.00922870,0.00903830,0.00913550,4026186.23178210
2025-09-26 14:00:00,0.00913550,0.00931940,0.00903010,0.00923980,6772316.63447140
2025-09-26 18:00:00,0.00923980,0.00945600,0.00923250,0.00936220,5812930.85047440
2025-09-26 22:00:00,0.00936220,0.00940870,0.00933050,0.00937360,2039387.85254360
2025-09-27 02:00:00,0.00937360,0.00943850,0.00932290,0.00940270,1913352.33698750
2025-09-27 06:00:00,0.00940270,0.00942520,0.00932310,0.00933030,1513279.21121780
2025-09-27 10:00:00,0.00933030,0.00933090,0.00920350,0.00929990,2958466.83414860
2025-09-27 14:00:00,0.00929990,0.00936180,0.00921810,0.00932890,2740985.54170900
2025-09-27 18:00:00,0.00932890,0.00933700,0.00921330,0.00923840,2045867.93658680
2025-09-27 22:00:00,0.00923840,0.00933170,0.00920760,0.00923710,1655915.77536840
2025-09-28 02:00:00,0.00923710,0.00924640,0.00910940,0.00915140,2999699.99847730
2025-09-28 06:00:00,0.00915140,0.00918590,0.00908360,0.00916980,1833066.29230210
2025-09-28 10:00:00,0.00916980,0.00918430,0.00905740,0.00911550,2240023.78577600
2025-09-28 14:00:00,0.00911550,0.00921050,0.00902920,0.00917060,2988252.44882180
2025-09-28 18:00:00,0.00917060,0.00928560,0.00916630,0.00927180,2322917.36101340
2025-09-28 22:00:00,0.00927180,0.00946680,0.00926720,0.00942510,3716573.13290470
2025-09-29 02:00:00,0.00942510,0.00943000,0.00930110,0.00940540,2926583.17907750
2025-09-29 06:00:00,0.00940540,0.00940990,0.00926650,0.00931810,2233785.17670020
2025-09-29 10:00:00,0.00931810,0.00937460,0.00914500,0.00920520,3969176.79349920
2025-09-29 14:00:00,0.00920520,0.00944430,0.00908280,0.00930430,7177249.39492870
2025-09-29 18:00:00,0.00930430,0.00936100,0.00917900,0.00934520,4017972.41097600
2025-09-29 22:00:00,0.00934520,0.00950690,0.00934280,0.00938910,4314391.59032660
2025-09-30 02:00:00,0.00938910,0.00942850,0.00920810,0.00925910,5070401.56479460
2025-09-30 06:00:00,0.00925910,0.00933790,0.00917520,0.00919950,2886774.41203430
2025-09-30 10:00:00,0.00919950,0.00921390,0.00910910,0.00918860,4147266.45363350
2025-09-30 14:00:00,0.00918860,0.00922770,0.00895840,0.00905160,6950859.82884190
2025-09-30 18:00:00,0.00905160,0.00926390,0.00900310,0.00925060,4417397.55688710
2025-09-30 22:00:00,0.00925060,0.00936680,0.00923200,0.00932150,4431983.16636910
2025-10-01 02:00:00,0.00932150,0.00937270,0.00924460,0.00924650,3164275.28963230
2025-10-01 06:00:00,0.00924650,0.00935880,0.00923370,0.00927670,2690383.51517300
2025-10-01 10:00:00,0.00927670,0.00967590,0.00926810,0.00964110,8897356.08101900
2025-10-01 14:00:00,0.00964110,0.00975430,0.00959500,0.00966530,5850022.81587320
2025-10-01 18:00:00,0.00966530,0.00979530,0.00964130,0.00976510,4987553.15885280
2025-10-01 22:00:00,0.00976510,0.00978290,0.00967290,0.00977780,3360420.32225810
2025-10-02 02:00:00,0.00977780,0.01002210,0.00974590,0.00994630,8097713.95031730
2025-10-02 06:00:00,0.00994630,0.01018580,0.00990890,0.01010450,6949755.39181880
2025-10-02 10:00:00,0.01010450,0.01013190,0.00995260,0.00998180,4116080.05651060
2025-10-02 14:00:00,0.00998180,0.01002070,0.00975330,0.00999090,9806965.16096070
2025-10-02 18:00:00,0.00999090,0.01030620,0.00996730,0.01029410,7532822.53382060
2025-10-02 22:00:00,0.01029410,0.01033400,0.01017400,0.01021720,4802616.09439370
2025-10-03 02:00:00,0.01021720,0.01022320,0.00998650,0.01001990,5378706.28471910
2025-10-03 06:00:00,0.01001990,0.01010830,0.00986590,0.00991420,3674287.27133810
2025-10-03 10:00:00,0.00991420,0.00995240,0.00985410,0.00992110,3690304.69956900
2025-10-03 14:00:00,0.00992110,0.01025450,0.00984220,0.01024820,7665826.90340760
2025-10-03 18:00:00,0.01024820,0.01039480,0.00997840,0.01012730,12824717.47735200
2025-10-03 22:00:00,0.01012730,0.01020030,0.01007580,0.01011270,4245462.85987680
2025-10-04 02:00:00,0.01011270,0.01016690,0.00986290,0.00996890,4638989.72444250
2025-10-04 06:00:00,0.00996890,0.01022690,0.00993430,0.01012110,7222313.88534380
2025-10-04 10:00:00,0.01012110,0.01014900,0.00984510,0.00987320,5569131.24587390
2025-10-04 14:00:00,0.00987320,0.00995550,0.00963700,0.00964810,6657943.00857580
2025-10-04 18:00:00,0.00964810,0.00968790,0.00955130,0.00967820,4640119.45955700
2025-10-04 22:00:00,0.00967820,0.00978020,0.00967870,0.00975490,2554240.14261160
2025-10-05 02:00:00,0.00975490,0.01001600,0.00967540,0.00992400,7271573.57106450
2025-10-05 06:00:00,0.00992400,0.01016080,0.00988370,0.01014880,5708512.76027250
2025-10-05 10:00:00,0.01014880,0.01018160,0.00993910,0.01002360,9351738.89318700
2025-10-05 14:00:00,0.01002360,0.01005990,0.00991280,0.01000320,5993949.47283480
2025-10-05 18:00:00,0.01000320,0.01005470,0.00969940,0.00971810,7175078.44053310
2025-10-05 22:00:00,0.00971810,0.00982850,0.00968370,0.00979120,3128498.85710290
2025-10-06 02:00:00,0.00979120,0.00990390,0.00966180,0.00981780,5251342.98291440
2025-10-06 06:00:00,0.00981780,0.00992620,0.00972660,0.00981970,3687056.48612310
2025-10-06 10:00:00,0.00981970,0.01003820,0.00981290,0.00995940,3859920.17565030
2025-10-06 14:00:00,0.00995940,0.01030650,0.00995810,0.01028330,10688619.80637390
2025-10-06 18:00:00,0.01028330,0.01036810,0.01021250,0.01030670,5891406.67372940
2025-10-06 22:00:00,0.01030670,0.01035510,0.01017030,0.01020540,5333292.00589260
2025-10-07 02:00:00,0.01020540,0.01026690,0.01011910,0.01016930,4136692.55160650
2025-10-07 06:00:00,0.01016930,0.01026670,0.00991760,0.00996590,6421445.54375160
2025-10-07 10:00:00,0.00996590,0.01005900,0.00983770,0.01004610,6351957.52505110
2025-10-07 14:00:00,0.01004610,0.01013050,0.00955030,0.00958130,13919104.76497480
2025-10-07 18:00:00,0.00958130,0.00968750,0.00950110,0.00952740,6710660.08583960
2025-10-07 22:00:00,0.00952740,0.00962740,0.00942170,0.00946530,4658377.30977430
2025-10-08 02:00:00,0.00946530,0.00955970,0.00929370,0.00933560,5858927.36400550
2025-10-08 06:00:00,0.00933560,0.00940220,0.00922930,0.00933520,4939240.68238290
2025-10-08 10:00:00,0.00933520,0.00939450,0.00928260,0.00932920,3961773.40653240
2025-10-08 14:00:00,0.00932920,0.00947400,0.00924410,0.00932260,6096505.04599590
2025-10-08 18:00:00,0.00932260,0.00974220,0.00930210,0.00959510,9785879.58357560
2025-10-08 22:00:00,0.00959510,0.00962970,0.00951720,0.00956370,2987018.98885220
2025-10-09 02:00:00,0.00956370,0.00957370,0.00925250,0.00935440,6007492.68539630
2025-10-09 06:00:00,0.00935440,0.00943480,0.00926290,0.00928310,3357662.84264250
2025-10-09 10:00:00,0.00928310,0.00930010,0.00910880,0.00920600,6188575.57975450
2025-10-09 14:00:00,0.00920600,0.00931070,0.00900030,0.00908650,8372300.53351930
2025-10-09 18:00:00,0.00908650,0.00918450,0.00898940,0.00916010,5026399.82702910
2025-10-09 22:00:00,0.00916010,0.00927310,0.00913760,0.00925090,3490501.36244790
2025-10-10 02:00:00,0.00925090,0.00938900,0.00918760,0.00931410,4337502.94176870
2025-10-10 06:00:00,0.00931410,0.00937960,0.00921310,0.00921960,4265380.67222580
2025-10-10 10:00:00,0.00921960,0.00932550,0.00919610,0.00930200,3680191.60984910
2025-10-10 14:00:00,0.00930200,0.00938140,0.00867360,0.00876810,13937942.31690940
2025-10-10 18:00:00,0.00876810,0.00887830,0.00828750,0.00855750,22246774.07454200
2025-10-10 22:00:00,0.00855750,0.00864060,0.00293010,0.00666190,44853852.30944910
2025-10-11 02:00:00,0.00666190,0.00709700,0.00655790,0.00686320,15242636.48792640
2025-10-11 06:00:00,0.00686320,0.00708870,0.00684900,0.00695790,7306125.34730480
2025-10-11 10:00:00,0.00695790,0.00736690,0.00693130,0.00719040,7887109.60640830
2025-10-11 14:00:00,0.00719040,0.00721740,0.00692040,0.00708920,7201892.06679520
2025-10-11 18:00:00,0.00708920,0.00713310,0.00670060,0.00675860,6627535.83933680
2025-10-11 22:00:00,0.00675860,0.00677960,0.00649350,0.00671640,9143041.50210470
2025-10-12 02:00:00,0.00671640,0.00673160,0.00652050,0.00665350,5698027.70276320
2025-10-12 06:00:00,0.00665350,0.00685010,0.00663760,0.00680070,4505838.40175340
2025-10-12 10:00:00,0.00680070,0.00684310,0.00664690,0.00675570,4507349.81657450
2025-10-12 14:00:00,0.00675570,0.00731800,0.00668920,0.00726960,12458336.13256390
2025-10-12 18:00:00,0.00726960,0.00765300,0.00726100,0.00763810,10905525.74517940
2025-10-12 22:00:00,0.00763810,0.00772370,0.00738720,0.00748130,6732210.59574480
2025-10-13 02:00:00,0.00748130,0.00759860,0.00734230,0.00750610,5503744.17764640
2025-10-13 06:00:00,0.00750610,0.00776660,0.00743290,0.00760090,5666224.10984200
2025-10-13 10:00:00,0.00760090,0.00768380,0.00729850,0.00749160,9160426.65926980
2025-10-13 14:00:00,0.00749160,0.00783960,0.00742480,0.00775650,11474549.72378450
2025-10-13 18:00:00,0.00775650,0.00797340,0.00771380,0.00786700,8298228.82244850
2025-10-13 22:00:00,0.00786700,0.00796440,0.00780200,0.00783850,4302538.82979590
2025-10-14 02:00:00,0.00783850,0.00790300,0.00761650,0.00766290,4794063.96118740
2025-10-14 06:00:00,0.00766290,0.00769470,0.00712740,0.00725560,12471578.64508290
2025-10-14 10:00:00,0.00725560,0.00734760,0.00709790,0.00726560,9037291.16472210
2025-10-14 14:00:00,0.00726560,0.00744940,0.00705870,0.00743360,11092660.47924800
2025-10-14 18:00:00,0.00743360,0.00756590,0.00727240,0.00741900,9321208.49789960
2025-10-14 22:00:00,0.00741900,0.00754060,0.00737630,0.00751440,2615666.61517970
2025-10-15 02:00:00,0.00751440,0.00754710,0.00736680,0.00741530,3612915.41769260
2025-10-15 06:00:00,0.00741530,0.00754900,0.00738760,0.00753830,3497174.33846410
2025-10-15 10:00:00,0.00753830,0.00765510,0.00741970,0.00744710,5364310.71643260
2025-10-15 14:00:00,0.00744710,0.00747310,0.00713990,0.00718550,10073431.64343250
2025-10-15 18:00:00,0.00718550,0.00725700,0.00712770,0.00717680,6406705.75411830
2025-10-15 22:00:00,0.00717680,0.00722070,0.00703100,0.00717680,4239114.66230040
2025-10-16 02:00:00,0.00717680,0.00725370,0.00713960,0.00717810,2385295.89328050
2025-10-16 06:00:00,0.00717810,0.00725740,0.00713160,0.00717090,3159421.14181580
2025-10-16 10:00:00,0.00717090,0.00727150,0.00682140,0.00724850,7972131.75786570
2025-10-16 14:00:00,0.00724850,0.00730810,0.00690970,0.00694830,8624853.88502990
2025-10-16 18:00:00,0.00694830,0.00711230,0.00676790,0.00684280,8689116.78113150
2025-10-16 22:00:00,0.00684280,0.00690430,0.00674110,0.00686640,3189669.00319710
2025-10-17 02:00:00,0.00686640,0.00695740,0.00682500,0.00691720,2702648.99471730
2025-10-17 06:00:00,0.00691720,0.00692670,0.00638760,0.00642120,8729766.43493830
2025-10-17 10:00:00,0.00642120,0.00663010,0.00629290,0.00656750,11258872.09475510
2025-10-17 14:00:00,0.00656750,0.00668360,0.00646310,0.00667930,8761237.04003610
2025-10-17 18:00:00,0.00667930,0.00677390,0.00661120,0.00666760,4458364.47908790
2025-10-17 22:00:00,0.00666760,0.00676880,0.00663380,0.00664770,2603581.56627230
2025-10-18 02:00:00,0.00664770,0.00676750,0.00663510,0.00671560,1896930.29425090
2025-10-18 06:00:00,0.00671560,0.00684370,0.00665290,0.00673750,3341234.82166670
2025-10-18 10:00:00,0.00673750,0.00679330,0.00668510,0.00678430,2239570.75225060
2025-10-18 14:00:00,0.00678430,0.00681760,0.00666610,0.00673430,2971344.20505540
2025-10-18 18:00:00,0.00673430,0.00678880,0.00665840,0.00677610,1951711.62120670
2025-10-18 22:00:00,0.00677610,0.00680970,0.00673150,0.00674330,2289771.82367380
2025-10-19 02:00:00,0.00674330,0.00680600,0.00668740,0.00679540,2015929.55885480
2025-10-19 06:00:00,0.00679540,0.00680390,0.00670220,0.00677810,1747635.73068970
2025-10-19 10:00:00,0.00677810,0.00694600,0.00665270,0.00687910,6662231.79239670
2025-10-19 14:00:00,0.00687910,0.00710850,0.00681750,0.00702530,5409511.20690310
2025-10-19 18:00:00,0.00702530,0.00713340,0.00697480,0.00709880,4103205.06859020
2025-10-19 22:00:00,0.00709880,0.00712000,0.00698510,0.00699120,2381395.42555920
2025-10-20 02:00:00,0.00699120,0.00717170,0.00683700,0.00713520,4812470.82876090
2025-10-20 06:00:00,0.00713520,0.00726620,0.00712600,0.00723390,3738411.00092130
2025-10-20 10:00:00,0.00723390,0.00731780,0.00718120,0.00720870,4142376.86102260
2025-10-20 14:00:00,0.00720870,0.00726410,0.00714980,0.00716710,4279879.15252890
2025-10-20 18:00:00,0.00716710,0.00717500,0.00700760,0.00715010,5647273.18313370
2025-10-20 22:00:00,0.00715010,0.00720870,0.00711710,0.00715130,1849124.06064460
2025-10-21 02:00:00,0.00715130,0.00719100,0.00698060,0.00699340,3254504.19954480
2025-10-21 06:00:00,0.00699340,0.00699940,0.00683030,0.00694190,4757835.94917540
2025-10-21 10:00:00,0.00694190,0.00697920,0.00685840,0.00691050,3280513.87509970
2025-10-21 14:00:00,0.00691050,0.00732950,0.00686990,0.00730320,7990523.97095210
2025-10-21 18:00:00,0.00730320,0.00737380,0.00712360,0.00722250,6569305.04871120
2025-10-21 22:00:00,0.00722250,0.00723460,0.00689300,0.00691320,5418775.10798340
2025-10-22 02:00:00,0.00691320,0.00695630,0.00684750,0.00690760,3481020.73871030
2025-10-22 06:00:00,0.00690760,0.00696380,0.00680340,0.00686980,3272334.97915920
2025-10-22 10:00:00,0.00686980,0.00686970,0.00666570,0.00680250,4445679.53256780
2025-10-22 14:00:00,0.00680250,0.00693190,0.00674220,0.00683850,7329758.90553020
2025-10-22 18:00:00,0.00683850,0.00687820,0.00668410,0.00674770,6253611.38020740
2025-10-22 22:00:00,0.00674770,0.00677040,0.00644350,0.00671290,6644996.91935390
2025-10-23 02:00:00,0.00671290,0.00677390,0.00669640,0.00675060,2092048.56255070
2025-10-23 06:00:00,0.00675060,0.00688350,0.00673710,0.00684390,2666728.91277170
2025-10-23 10:00:00,0.00684390,0.00692130,0.00681640,0.00683730,2711888.48519100
2025-10-23 14:00:00,0.00683730,0.00693190,0.00676850,0.00690490,4178136.83266410
2025-10-23 18:00:00,0.00690490,0.00702250,0.00688690,0.00693280,3906909.26255790
2025-10-23 22:00:00,0.00693280,0.00694930,0.00681270,0.00694740,2787528.56896590
2025-10-24 02:00:00,0.00694740,0.00701810,0.00692250,0.00697680,1978665.48760340
2025-10-24 06:00:00,0.00697680,0.00716250,0.00695370,0.00714400,3346092.14447570
2025-10-24 10:00:00,0.00714400,0.00719590,0.00700900,0.00707740,3335512.53021340
2025-10-24 14:00:00,0.00707740,0.00724600,0.00696920,0.00703870,6857838.28290020
2025-10-24 18:00:00,0.00703870,0.00715650,0.00699750,0.00713810,2423770.87647830
2025-10-24 22:00:00,0.00713810,0.00720710,0.00712710,0.00717090,1687701.11063960
2025-10-25 02:00:00,0.00717090,0.00721250,0.00712980,0.00713960,1462316.69234050
2025-10-25 06:00:00,0.00713960,0.00719070,0.00710610,0.00711540,1571449.04977270
2025-10-25 10:00:00,0.00711540,0.00716210,0.00708160,0.00715610,1833941.83601650
2025-10-25 14:00:00,0.00715610,0.00718740,0.00712310,0.00715680,1844816.60881550
2025-10-25 18:00:00,0.00715680,0.00720960,0.00713100,0.00719580,1318374.72906070
2025-10-25 22:00:00,0.00719580,0.00720730,0.00714330,0.00715180,1001272.25809860
2025-10-26 02:00:00,0.00715180,0.00715530,0.00702010,0.00704310,2180992.82780620
2025-10-26 05:00:00,0.00704310,0.00715620,0.00703220,0.00714550,1451022.85102200
2025-10-26 09:00:00,0.00714550,0.00738110,0.00714480,0.00735800,4012189.98008570
2025-10-26 13:00:00,0.00735800,0.00740630,0.00728360,0.00732440,3867405.12293210
2025-10-26 17:00:00,0.00732440,0.00732970,0.00725860,0.00728270,2008652.03434890
2025-10-26 21:00:00,0.00728270,0.00746110,0.00720960,0.00732220,4178732.85235040
2025-10-27 01:00:00,0.00732220,0.00741490,0.00729160,0.00731160,3612505.78270610
2025-10-27 05:00:00,0.00731160,0.00742710,0.00722160,0.00727120,3673402.63328010
2025-10-27 09:00:00,0.00727120,0.00727120,0.00713360,0.00720270,3447117.19382000
2025-10-27 13:00:00,0.00720270,0.00724100,0.00711390,0.00720550,3466149.69055490
2025-10-27 17:00:00,0.00720550,0.00734960,0.00720390,0.00723110,3813544.04377720
2025-10-27 21:00:00,0.00723110,0.00723090,0.00705280,0.00712740,3641324.46838660
2025-10-28 01:00:00,0.00712740,0.00719060,0.00706700,0.00710020,2318749.37496670
2025-10-28 05:00:00,0.00710020,0.00724360,0.00705040,0.00714440,2952508.98171560
2025-10-28 09:00:00,0.00714440,0.00724020,0.00712810,0.00717870,2133531.20436600
2025-10-28 13:00:00,0.00717870,0.00732060,0.00706150,0.00718310,4953675.14952470
2025-10-28 17:00:00,0.00718310,0.00728050,0.00703440,0.00706230,3804684.07563000
2025-10-28 21:00:00,0.00706230,0.00706460,0.00682690,0.00698250,6157946.75275730
2025-10-29 01:00:00,0.00698250,0.00699210,0.00690780,0.00692100,774687.82236100
2025-10-29 05:00:00,0.00692100,0.00699330,0.00691860,0.00695550,1394747.17097470
2025-10-29 09:00:00,0.00695550,0.00706090,0.00689550,0.00704930,2064548.46439390
2025-10-29 13:00:00,0.00704930,0.00711920,0.00691320,0.00695040,4027379.71316300
2025-10-29 17:00:00,0.00695040,0.00718050,0.00679360,0.00711550,9743239.02979860
2025-10-29 21:00:00,0.00711550,0.00723370,0.00697700,0.00702310,4315272.21948180
2025-10-30 01:00:00,0.00702310,0.00708970,0.00696310,0.00702440,3260376.50043750
2025-10-30 05:00:00,0.00702440,0.00702480,0.00669460,0.00697030,7259542.50291530
2025-10-30 09:00:00,0.00697030,0.00697130,0.00674940,0.00675530,3004433.10010230
2025-10-30 13:00:00,0.00675530,0.00676910,0.00642040,0.00644890,7979199.42790760
2025-10-30 17:00:00,0.00644890,0.00649490,0.00625950,0.00627620,7193207.85997290
2025-10-30 21:00:00,0.00627620,0.00643850,0.00625620,0.00643420,4018918.41512110
2025-10-31 01:00:00,0.00643420,0.00655260,0.00642470,0.00651970,3632636.97785360
2025-10-31 05:00:00,0.00651970,0.00661570,0.00651990,0.00655190,2705401.47350130
2025-10-31 09:00:00,0.00655190,0.00664140,0.00652570,0.00663820,2004370.81235980
2025-10-31 13:00:00,0.00663820,0.00665260,0.00649780,0.00657660,4146861.77833190
2025-10-31 17:00:00,0.00657660,0.00664350,0.00641130,0.00662530,4779233.18978760
2025-10-31 21:00:00,0.00662530,0.00663360,0.00652770,0.00656120,1727872.69980690
2025-11-01 01:00:00,0.00656120,0.00662730,0.00651310,0.00661610,1645573.66636240
2025-11-01 05:00:00,0.00661610,0.00663780,0.00653630,0.00662830,1420243.02146380
2025-11-01 09:00:00,0.00662830,0.00669660,0.00661440,0.00667780,1982087.64644210
2025-11-01 13:00:00,0.00667780,0.00671460,0.00660590,0.00668700,2409288.98070540
2025-11-01 17:00:00,0.00668700,0.00670920,0.00664520,0.00670200,1736518.64788560
2025-11-01 21:00:00,0.00670200,0.00672990,0.00661510,0.00669180,1844342.15440960
2025-11-02 01:00:00,0.00669180,0.00671100,0.00664820,0.00665870,1353909.07548100
2025-11-02 05:00:00,0.00665870,0.00675370,0.00665080,0.00674120,1839409.07989480
2025-11-02 09:00:00,0.00674120,0.00674860,0.00662040,0.00672440,2572908.09948760
2025-11-02 13:00:00,0.00672440,0.00672550,0.00655090,0.00656070,2984645.72012430
2025-11-02 17:00:00,0.00656070,0.00659570,0.00649630,0.00654050,2191643.03423380
2025-11-02 21:00:00,0.00654050,0.00671820,0.00651070,0.00669860,2585423.45570220
2025-11-03 01:00:00,0.00669860,0.00670850,0.00619230,0.00621550,6351736.90371460
2025-11-03 05:00:00,0.00621550,0.00628970,0.00607610,0.00617890,6287965.28780230
2025-11-03 09:00:00,0.00617890,0.00623170,0.00603210,0.00609950,4116090.13135490
2025-11-03 13:00:00,0.00609950,0.00616630,0.00550280,0.00574240,12080599.16028680
2025-11-03 17:00:00,0.00574240,0.00596310,0.00568650,0.00581160,6666897.37878690
2025-11-03 21:00:00,0.00581160,0.00582390,0.00563210,0.00571610,4706116.01085550
2025-11-04 01:00:00,0.00571610,0.00584360,0.00564210,0.00582970,4061393.72380290
2025-11-04 05:00:00,0.00582970,0.00585700,0.00547470,0.00551560,7601755.38270320
2025-11-04 09:00:00,0.00551560,0.00579060,0.00550710,0.00575240,4925687.35292440
2025-11-04 13:00:00,0.00575240,0.00583060,0.00560760,0.00566530,6686856.73858100
2025-11-04 17:00:00,0.00566530,0.00570580,0.00531070,0.00547320,13431999.60257410
2025-11-04 21:00:00,0.00547320,0.00565880,0.00521650,0.00559450,12425624.61877300
2025-11-05 01:00:00,0.00559450,0.00571470,0.00529760,0.00568060,6391108.73469780
2025-11-05 05:00:00,0.00568060,0.00571070,0.00563120,0.00565660,2230308.82069010
2025-11-05 09:00:00,0.00565660,0.00565720,0.00552670,0.00564130,3342300.64047480
2025-11-05 13:00:00,0.00564130,0.00575030,0.00560890,0.00574150,4312655.48809630
2025-11-05 17:00:00,0.00574150,0.00580240,0.00567030,0.00576460,3038795.70001920
2025-11-05 21:00:00,0.00576460,0.00581690,0.00573410,0.00575770,2122426.29571370
2025-11-06 01:00:00,0.00575770,0.00576740,0.00563760,0.00575390,2521756.46930920
2025-11-06 05:00:00,0.00575390,0.00577120,0.00560190,0.00562390,2464455.14865100
2025-11-06 09:00:00,0.00562390,0.00566520,0.00558520,0.00562330,1877796.68055830
2025-11-06 13:00:00,0.00562330,0.00564660,0.00535420,0.00539430,5839358.41787830
2025-11-06 17:00:00,0.00539430,0.00556890,0.00527310,0.00552370,6346543.49459390
2025-11-06 21:00:00,0.00552370,0.00556580,0.00546930,0.00554040,2610457.16053800
2025-11-07 01:00:00,0.00554040,0.00566980,0.00553770,0.00562180,2870229.97748810
2025-11-07 05:00:00,0.00562180,0.00578530,0.00559580,0.00578190,2483179.97950430
2025-11-07 09:00:00,0.00578190,0.00579250,0.00557870,0.00565190,4373849.62631890
2025-11-07 13:00:00,0.00565190,0.00581130,0.00551010,0.00576090,6189716.13801110
2025-11-07 17:00:00,0.00576090,0.00627560,0.00574280,0.00623390,9593395.19363760
2025-11-07 21:00:00,0.00623390,0.00636140,0.00617080,0.00619460,3851262.65187130
2025-11-08 01:00:00,0.00619460,0.00630000,0.00610940,0.00617960,3392374.53890490
2025-11-08 05:00:00,0.00617960,0.00627590,0.00606380,0.00613290,3031272.69881010
2025-11-08 09:00:00,0.00613290,0.00620160,0.00609090,0.00613910,2943107.69892980
2025-11-08 13:00:00,0.00613910,0.00616160,0.00595170,0.00599250,3895493.11865550
2025-11-08 17:00:00,0.00599250,0.00606580,0.00594630,0.00603290,2600569.79577620
2025-11-08 21:00:00,0.00603290,0.00610710,0.00600440,0.00608640,1809480.95242610
2025-11-09 01:00:00,0.00608640,0.00608940,0.00583250,0.00586390,3302815.27782860
2025-11-09 05:00:00,0.00586390,0.00601470,0.00585550,0.00601410,2227168.08588360
2025-11-09 09:00:00,0.00601410,0.00602660,0.00588010,0.00599370,2774497.07500340
2025-11-09 13:00:00,0.00599370,0.00614080,0.00597880,0.00609070,3889572.84484640
2025-11-09 17:00:00,0.00609070,0.00616750,0.00603440,0.00616670,2616573.84892750
2025-11-09 21:00:00,0.00616670,0.00617600,0.00605320,0.00606390,3802594.69969720
2025-11-10 01:00:00,0.00606390,0.00619130,0.00601010,0.00614070,3445060.84464030
2025-11-10 05:00:00,0.00614070,0.00618430,0.00610190,0.00612780,2110429.74815370
2025-11-10 09:00:00,0.00612780,0.00625530,0.00606530,0.00618820,3316338.97481880
2025-11-10 13:00:00,0.00618820,0.00626640,0.00604840,0.00612440,4233087.53296230
2025-11-10 17:00:00,0.00612440,0.00627280,0.00604540,0.00621020,3380320.38207420
2025-11-10 21:00:00,0.00621020,0.00632250,0.00613110,0.00621810,3086259.31993550
2025-11-11 01:00:00,0.00621810,0.00635020,0.00612560,0.00628120,4029565.21861420
2025-11-11 05:00:00,0.00628120,0.00628980,0.00598650,0.00599980,3119175.67499930
2025-11-11 09:00:00,0.00599980,0.00606650,0.00597290,0.00601330,2312857.13939900
2025-11-11 13:00:00,0.00601330,0.00605220,0.00592410,0.00595350,3264440.49998000
2025-11-11 17:00:00,0.00595350,0.00600570,0.00588530,0.00590430,2344232.83300660
2025-11-11 21:00:00,0.00590430,0.00592330,0.00581870,0.00583590,2982763.90242570
2025-11-12 01:00:00,0.00583590,0.00588270,0.00579030,0.00586150,2160189.14932290
2025-11-12 05:00:00,0.00586150,0.00592550,0.00580630,0.00581820,1372105.39365610
2025-11-12 09:00:00,0.00581820,0.00602110,0.00581460,0.00599320,2938220.53053180
2025-11-12 13:00:00,0.00599320,0.00609900,0.00580570,0.00582900,5490068.37374590
2025-11-12 17:00:00,0.00582900,0.00584420,0.00564680,0.00570600,5175201.71985090
2025-11-12 21:00:00,0.00570600,0.00578820,0.00569150,0.00571370,2124042.14472690
2025-11-13 01:00:00,0.00571370,0.00589330,0.00567830,0.00583840,2832603.69991120
2025-11-13 05:00:00,0.00583840,0.00593590,0.00579350,0.00588590,3364126.33484330
2025-11-13 09:00:00,0.00588590,0.00592150,0.00583260,0.00589630,1846164.06798800
2025-11-13 13:00:00,0.00589630,0.00598860,0.00580110,0.00582130,4687676.87441990
2025-11-13 17:00:00,0.00582130,0.00584350,0.00531480,0.00534430,8029409.93877190
2025-11-13 21:00:00,0.00534430,0.00549010,0.00528110,0.00542190,4672871.10630940
2025-11-14 01:00:00,0.00542190,0.00545900,0.00531930,0.00534510,3328463.48753950
2025-11-14 05:00:00,0.00534510,0.00539810,0.00510260,0.00537210,8797813.27619190
2025-11-14 09:00:00,0.00537210,0.00539150,0.00517570,0.00522030,5252495.07418810
2025-11-14 13:00:00,0.00522030,0.00524920,0.00508130,0.00520280,9009483.17109630
2025-11-14 17:00:00,0.00520280,0.00524000,0.00502570,0.00516290,6032758.82479750
2025-11-14 21:00:00,0.00516290,0.00517300,0.00478670,0.00490500,6597521.99956750
2025-11-15 01:00:00,0.00490500,0.00509090,0.00489260,0.00508320,3279652.14480480
2025-11-15 05:00:00,0.00508320,0.00514540,0.00505180,0.00506420,2474999.99344490
2025-11-15 09:00:00,0.00506420,0.00507040,0.00493970,0.00499520,2375952.48565900
2025-11-15 13:00:00,0.00499520,0.00507380,0.00498760,0.00502340,1905926.92840610
2025-11-15 17:00:00,0.00502340,0.00512050,0.00497750,0.00505880,2458204.65839050
2025-11-15 21:00:00,0.00505880,0.00506680,0.00495150,0.00498240,2141885.61614370
2025-11-16 01:00:00,0.00498240,0.00501510,0.00478100,0.00498990,4042001.08463420
2025-11-16 05:00:00,0.00498990,0.00504040,0.00495510,0.00502120,1721806.15521400
2025-11-16 09:00:00,0.00502120,0.00505220,0.00488110,0.00490400,2623367.86214220
2025-11-16 13:00:00,0.00490400,0.00492860,0.00475500,0.00477810,4165580.75352060
2025-11-16 17:00:00,0.00477810,0.00484980,0.00467780,0.00480490,6554911.04756330
2025-11-16 21:00:00,0.00480490,0.00491930,0.00474200,0.00486580,3551537.26656820
2025-11-17 01:00:00,0.00486580,0.00495960,0.00481010,0.00493610,2391587.17016030
2025-11-17 05:00:00,0.00493610,0.00499110,0.00489510,0.00496280,1761118.69000870
2025-11-17 09:00:00,0.00496280,0.00502830,0.00495910,0.00499610,1609050.08052710
2025-11-17 13:00:00,0.00499610,0.00506690,0.00481530,0.00484030,6183387.86158110
2025-11-17 17:00:00,0.00484030,0.00494070,0.00462230,0.00466410,7639239.87249780
2025-11-17 21:00:00,0.00466410,0.00473870,0.00463370,0.00471660,3470863.95708050
2025-11-18 01:00:00,0.00471660,0.00483760,0.00460720,0.00481750,4577410.64443900
2025-11-18 05:00:00,0.00481750,0.00487970,0.00472350,0.00477270,3695543.89202310
2025-11-18 09:00:00,0.00477270,0.00486370,0.00477040,0.00480880,2131855.90350420
2025-11-18 13:00:00,0.00480880,0.00489790,0.00474550,0.00486670,3789529.65812750
2025-11-18 17:00:00,0.00486670,0.00494750,0.00485540,0.00490460,3798560.49075190
2025-11-18 21:00:00,0.00490460,0.00491400,0.00482610,0.00486660,1843505.61630960
2025-11-19 01:00:00,0.00486660,0.00489330,0.00479730,0.00481760,2027886.87945760
2025-11-19 05:00:00,0.00481760,0.00482740,0.00469760,0.00481310,3176925.19761200
2025-11-19 09:00:00,0.00481310,0.00483040,0.00475060,0.00477080,1841297.59912190
2025-11-19 13:00:00,0.00477080,0.00483220,0.00466910,0.00468180,4568283.44539600
2025-11-19 17:00:00,0.00468180,0.00471130,0.00445650,0.00452940,7520247.99499780
2025-11-19 21:00:00,0.00452940,0.00478630,0.00451770,0.00476390,4252388.94373930
2025-11-20 01:00:00,0.00476390,0.00483930,0.00474520,0.00481840,2079194.32565710
2025-11-20 05:00:00,0.00481840,0.00491510,0.00479650,0.00488490,3297065.42755240
2025-11-20 09:00:00,0.00488490,0.00489520,0.00484140,0.00486770,2240620.68999750
2025-11-20 13:00:00,0.00486770,0.00496560,0.00482120,0.00483170,5679186.87990130
2025-11-20 17:00:00,0.00483170,0.00484350,0.00443500,0.00452210,11807452.46531000
2025-11-20 21:00:00,0.00452210,0.00463510,0.00443790,0.00444990,4313310.28078980
2025-11-21 01:00:00,0.00444990,0.00455530,0.00441100,0.00446250,3947592.95012980
2025-11-21 05:00:00,0.00446250,0.00452370,0.00400550,0.00425140,7555314.30891850
2025-11-21 09:00:00,0.00425140,0.00431740,0.00412050,0.00413690,7344437.50498360
2025-11-21 13:00:00,0.00413690,0.00431760,0.00402080,0.00416600,10112991.50241020
2025-11-21 17:00:00,0.00416600,0.00431410,0.00408930,0.00416770,7270580.42753910
2025-11-21 21:00:00,0.00416770,0.00419540,0.00395550,0.00411840,6814081.53618140
2025-11-22 01:00:00,0.00411840,0.00417430,0.00406870,0.00409480,3730796.66208950
2025-11-22 05:00:00,0.00409480,0.00410490,0.00396510,0.00409040,3796770.20367670
2025-11-22 09:00:00,0.00409040,0.00410350,0.00397100,0.00407110,3513739.87432330
2025-11-22 13:00:00,0.00407110,0.00409140,0.00397210,0.00404540,3625430.48616530
2025-11-22 17:00:00,0.00404540,0.00412530,0.00403930,0.00409150,2392275.08866640
2025-11-22 21:00:00,0.00409150,0.00419100,0.00405250,0.00412250,2107791.68992680
2025-11-23 01:00:00,0.00412250,0.00419290,0.00409550,0.00418060,2076909.24421570
2025-11-23 05:00:00,0.00418060,0.00423620,0.00412620,0.00415600,2493519.49455230
2025-11-23 09:00:00,0.00415600,0.00419270,0.00412480,0.00416170,1407433.57887630
2025-11-23 13:00:00,0.00416170,0.00422250,0.00414150,0.00420480,2445934.74979500
2025-11-23 17:00:00,0.00420480,0.00422890,0.00414530,0.00419620,1908224.10758460
2025-11-23 21:00:00,0.00419620,0.00424960,0.00414610,0.00415990,1745732.65799990
2025-11-24 01:00:00,0.00415990,0.00433550,0.00410390,0.00431330,3420816.07868200
2025-11-24 05:00:00,0.00431330,0.00437930,0.00423030,0.00425340,3532444.64778740
2025-11-24 09:00:00,0.00425340,0.00426340,0.00415650,0.00422880,2734022.56347680
2025-11-24 13:00:00,0.00422880,0.00432560,0.00417720,0.00429630,4092133.70682770
2025-11-24 17:00:00,0.00429630,0.00456560,0.00429610,0.00455660,6458563.21200680
2025-11-24 21:00:00,0.00455660,0.00465900,0.00454220,0.00456090,4328825.78914160
2025-11-25 01:00:00,0.00456090,0.00457480,0.00448660,0.00453170,2472869.57351450
2025-11-25 05:00:00,0.00453170,0.00455040,0.00447130,0.00447430,1834072.88867560
2025-11-25 09:00:00,0.00447430,0.00448580,0.00439750,0.00444340,2286408.24482130
2025-11-25 13:00:00,0.00444340,0.00448340,0.00434670,0.00441920,3256968.58312240
2025-11-25 17:00:00,0.00441920,0.00455640,0.00440170,0.00448220,3191450.37725250
2025-11-25 21:00:00,0.00448220,0.00465040,0.00447120,0.00457540,3126460.19108560
2025-11-26 01:00:00,0.00457540,0.00463980,0.00454090,0.00455320,1974278.36113680
2025-11-26 05:00:00,0.00455320,0.00461200,0.00453450,0.00460760,1541325.30387600
2025-11-26 09:00:00,0.00460760,0.00461140,0.00447380,0.00448300,3264294.07809780
2025-11-26 13:00:00,0.00448300,0.00451080,0.00442940,0.00446620,3451734.16836800
2025-11-26 17:00:00,0.00446620,0.00472370,0.00446450,0.00469870,4232914.94907160
2025-11-26 21:00:00,0.00469870,0.00475690,0.00465450,0.00469510,2379790.49577300
2025-11-27 01:00:00,0.00469510,0.00471620,0.00463290,0.00464370,1841288.26047770
2025-11-27 05:00:00,0.00464370,0.00470390,0.00464320,0.00466550,1656729.62946240
2025-11-27 09:00:00,0.00466550,0.00468260,0.00463400,0.00464320,1142554.59123700
2025-11-27 13:00:00,0.00464320,0.00471090,0.00462530,0.00470480,1881519.64338500
2025-11-27 17:00:00,0.00470480,0.00477470,0.00467310,0.00476530,2150327.22255420
2025-11-27 21:00:00,0.00476530,0.00484540,0.00468120,0.00471010,2487180.64197660
2025-11-28 01:00:00,0.00471010,0.00472480,0.00460740,0.00464140,1934924.89720110
2025-11-28 05:00:00,0.00464140,0.00465120,0.00458790,0.00462940,1846603.33429800
2025-11-28 09:00:00,0.00462940,0.00480380,0.00462770,0.00468900,3680492.57618820
2025-11-28 13:00:00,0.00468900,0.00489800,0.00467040,0.00478490,4440512.41801210
2025-11-28 17:00:00,0.00478490,0.00478530,0.00457890,0.00465840,3996210.10674640
2025-11-28 21:00:00,0.00465840,0.00466470,0.00460160,0.00462920,1759889.98485520
2025-11-29 01:00:00,0.00462920,0.00464820,0.00460090,0.00461360,1358196.42039130
2025-11-29 05:00:00,0.00461360,0.00463790,0.00455180,0.00455810,1857779.13961320
2025-11-29 09:00:00,0.00455810,0.00458270,0.00453090,0.00457630,1805694.93525820
2025-11-29 13:00:00,0.00457630,0.00460390,0.00453710,0.00459180,1797868.34975290
2025-11-29 17:00:00,0.00459180,0.00459420,0.00450700,0.00454160,2388673.60053780
2025-11-29 21:00:00,0.00454160,0.00458690,0.00453210,0.00456400,1085981.99699790
2025-11-30 01:00:00,0.00456400,0.00460090,0.00452300,0.00459020,1851459.54170390
2025-11-30 05:00:00,0.00459020,0.00461110,0.00454010,0.00460020,1059335.20709420
2025-11-30 09:00:00,0.00460020,0.00464860,0.00456520,0.00457960,1623661.94043480
2025-11-30 13:00:00,0.00457960,0.00468200,0.00456040,0.00459560,2419084.63487900
2025-11-30 17:00:00,0.00459560,0.00470080,0.00459320,0.00463500,1976503.14154740
2025-11-30 21:00:00,0.00463500,0.00466690,0.00452280,0.00453160,2215805.72602020
2025-12-01 01:00:00,0.00453160,0.00454980,0.00419940,0.00420980,7207410.84944430
2025-12-01 05:00:00,0.00420980,0.00421690,0.00413550,0.00415190,2766112.51804290
2025-12-01 09:00:00,0.00415190,0.00417990,0.00411440,0.00412790,1882493.89077700
2025-12-01 13:00:00,0.00412790,0.00414430,0.00396560,0.00401470,5516388.33690840
2025-12-01 17:00:00,0.00401470,0.00403060,0.00395410,0.00400380,3598228.49714020
2025-12-01 21:00:00,0.00400380,0.00408220,0.00400250,0.00405070,4397542.03588820
2025-12-02 01:00:00,0.00405070,0.00409840,0.00399410,0.00404180,2013917.92421550
2025-12-02 05:00:00,0.00404180,0.00406140,0.00400040,0.00401410,1388941.76436340
2025-12-02 09:00:00,0.00401410,0.00408540,0.00398610,0.00407200,1812135.06970510
2025-12-02 13:00:00,0.00407200,0.00445860,0.00402520,0.00445380,8831535.75949640
2025-12-02 17:00:00,0.00445380,0.00454890,0.00442490,0.00450010,6095259.17172700
2025-12-02 21:00:00,0.00450010,0.00463990,0.00446210,0.00456600,4326519.07268460
2025-12-03 01:00:00,0.00456600,0.00464060,0.00454390,0.00463170,2844942.60819130
2025-12-03 05:00:00,0.00463170,0.00478920,0.00461130,0.00469590,3943604.15870510
2025-12-03 09:00:00,0.00469590,0.00479610,0.00469610,0.00476250,3337601.89824230
2025-12-03 13:00:00,0.00476250,0.00478560,0.00460640,0.00470420,6723613.15304070
2025-12-03 17:00:00,0.00470420,0.00483020,0.00466990,0.00473420,4356735.21975530
2025-12-03 21:00:00,0.00473420,0.00486790,0.00472410,0.00479990,3444136.72456920
2025-12-04 01:00:00,0.00479990,0.00489020,0.00476670,0.00479150,3097039.44346610
2025-12-04 05:00:00,0.00479150,0.00488330,0.00478180,0.00486770,2553840.67621740
2025-12-04 09:00:00,0.00486770,0.00489840,0.00479310,0.00483120,2358904.22653500
2025-12-04 13:00:00,0.00483120,0.00493640,0.00478090,0.00491660,4071740.85341160
2025-12-04 17:00:00,0.00491660,0.00491600,0.00469020,0.00479060,6290222.23216110
2025-12-04 21:00:00,0.00479060,0.00479870,0.00473630,0.00476210,2020529.86412300
2025-12-05 01:00:00,0.00476210,0.00482520,0.00471090,0.00472530,1865896.93681480
2025-12-05 05:00:00,0.00472530,0.00477670,0.00467310,0.00476970,2058563.23180750
2025-12-05 09:00:00,0.00476970,0.00478090,0.00459880,0.00462310,2917355.29339570
2025-12-05 13:00:00,0.00462310,0.00465060,0.00450060,0.00452350,4201429.32710340
2025-12-05 17:00:00,0.00452350,0.00452420,0.00430950,0.00438520,6147677.39142520
2025-12-05 21:00:00,0.00438520,0.00439530,0.00434890,0.00438930,1726777.57782730
2025-12-06 01:00:00,0.00438930,0.00441550,0.00436320,0.00439410,1003259.06348110
2025-12-06 05:00:00,0.00439410,0.00439590,0.00434450,0.00435720,1105221.88020540
2025-12-06 09:00:00,0.00435720,0.00441310,0.00433050,0.00441240,1518140.73820030
2025-12-06 13:00:00,0.00441240,0.00448790,0.00439460,0.00440570,2776570.31395790
2025-12-06 17:00:00,0.00440570,0.00449590,0.00440270,0.00443590,2153142.67049330
2025-12-06 21:00:00,0.00443590,0.00456830,0.00442850,0.00451130,3575136.87249170
2025-12-07 01:00:00,0.00451130,0.00459820,0.00451010,0.00454070,2473832.92784250
2025-12-07 05:00:00,0.00454070,0.00456020,0.00448670,0.00450600,1519065.95425050
2025-12-07 09:00:00,0.00450600,0.00450590,0.00445000,0.00448120,1396372.29164870
2025-12-07 13:00:00,0.00448120,0.00451940,0.00429730,0.00443060,5090059.71525790
2025-12-07 17:00:00,0.00443060,0.00458290,0.00436320,0.00455660,4498143.17616780
2025-12-07 21:00:00,0.00455660,0.00458270,0.00433540,0.00442350,3912179.24951360
2025-12-08 01:00:00,0.00442350,0.00456320,0.00440310,0.00453180,2438852.78991070
2025-12-08 05:00:00,0.00453180,0.00467080,0.00453110,0.00464520,2336801.82657860
2025-12-08 09:00:00,0.00464520,0.00475470,0.00463540,0.00472930,2373450.63760500
2025-12-08 13:00:00,0.00472930,0.00487840,0.00470630,0.00481610,5752321.02122200
2025-12-08 17:00:00,0.00481610,0.00504010,0.00473370,0.00475460,9867705.36170560
2025-12-08 21:00:00,0.00475460,0.00483470,0.00471220,0.00475040,3052433.78796730
2025-12-09 01:00:00,0.00475040,0.00475930,0.00463100,0.00466300,2948990.33682010
2025-12-09 05:00:00,0.00466300,0.00466610,0.00455380,0.00460310,3251537.04240080
2025-12-09 09:00:00,0.00460310,0.00462210,0.00456440,0.00460330,2067482.08194610
2025-12-09 13:00:00,0.00460330,0.00485360,0.00459080,0.00483880,6455283.80039500
2025-12-09 17:00:00,0.00483880,0.00506120,0.00483820,0.00500980,8673766.95478900
2025-12-09 21:00:00,0.00500980,0.00501100,0.00484260,0.00494960,6584454.42654490
2025-12-10 01:00:00,0.00494960,0.00496570,0.00482200,0.00483430,2657960.00860920
2025-12-10 05:00:00,0.00483430,0.00487210,0.00473710,0.00476440,2251579.66869330
2025-12-10 09:00:00,0.00476440,0.00484490,0.00467670,0.00471130,4486749.83455560
2025-12-10 13:00:00,0.00471130,0.00472140,0.00465630,0.00468610,3181965.55475890
2025-12-10 17:00:00,0.00468610,0.00491910,0.00467440,0.00484730,7521888.32081210
2025-12-10 21:00:00,0.00484730,0.00495360,0.00461690,0.00464380,6226562.71396780
2025-12-11 01:00:00,0.00464380,0.00464380,0.00440350,0.00442190,4400620.10255130
2025-12-11 05:00:00,0.00442190,0.00450040,0.00440440,0.00446160,2406788.34457440
2025-12-11 09:00:00,0.00446160,0.00446780,0.00442350,0.00446250,1777947.26706500
2025-12-11 13:00:00,0.00446250,0.00447520,0.00438330,0.00441510,3377653.12708680
2025-12-11 17:00:00,0.00441510,0.00454900,0.00436980,0.00450610,4614842.99774230
2025-12-11 21:00:00,0.00450610,0.00469930,0.00450320,0.00459420,4477860.02289280
2025-12-12 01:00:00,0.00459420,0.00465000,0.00454470,0.00460280,2370098.15127770
2025-12-12 05:00:00,0.00460280,0.00462270,0.00454500,0.00457050,1563676.00498140
2025-12-12 09:00:00,0.00457050,0.00460370,0.00453530,0.00456180,1664813.70098160
2025-12-12 13:00:00,0.00456180,0.00457560,0.00428860,0.00431020,5858874.88375000
2025-12-12 17:00:00,0.00431020,0.00432490,0.00420650,0.00426450,5120022.18043200
2025-12-12 21:00:00,0.00426450,0.00434790,0.00425030,0.00432650,1775959.09395640
2025-12-13 01:00:00,0.00432650,0.00439360,0.00432390,0.00437050,1117120.32651050
2025-12-13 05:00:00,0.00437050,0.00443400,0.00435690,0.00439940,1831015.24177980
2025-12-13 09:00:00,0.00439940,0.00444450,0.00438010,0.00438970,1362334.86812730
2025-12-13 13:00:00,0.00438970,0.00442570,0.00436870,0.00440250,1286944.02019410
2025-12-13 17:00:00,0.00440250,0.00442730,0.00436340,0.00438280,1088571.62732210
2025-12-13 21:00:00,0.00438280,0.00439770,0.00434580,0.00437910,848115.02347490
2025-12-14 01:00:00,0.00437910,0.00440600,0.00435740,0.00437690,777269.52236550
2025-12-14 05:00:00,0.00437690,0.00438180,0.00431450,0.00435890,1309846.21288040
2025-12-14 09:00:00,0.00435890,0.00437090,0.00423650,0.00428670,1850838.98972000
2025-12-14 13:00:00,0.00428670,0.00431330,0.00416720,0.00419470,2776273.51998160
2025-12-14 17:00:00,0.00419470,0.00423040,0.00415810,0.00419390,1923525.84191730
2025-12-14 21:00:00,0.00419390,0.00421030,0.00410740,0.00416980,2663584.46838140
2025-12-15 01:00:00,0.00416980,0.00437250,0.00416330,0.00430990,2479667.17359420
2025-12-15 05:00:00,0.00430990,0.00433770,0.00427790,0.00429440,1209673.29758660
2025-12-15 09:00:00,0.00429440,0.00433650,0.00428470,0.00431090,1181507.71896260
2025-12-15 13:00:00,0.00431090,0.00433500,0.00405490,0.00407950,5112976.44385640
2025-12-15 17:00:00,0.00407950,0.00409590,0.00392340,0.00401970,5365580.29705880
2025-12-15 21:00:00,0.00401970,0.00407520,0.00397630,0.00406660,1607402.76659390
2025-12-16 01:00:00,0.00406660,0.00407690,0.00397820,0.00402990,1674071.61974950
2025-12-16 05:00:00,0.00402990,0.00403490,0.00394250,0.00397410,1692911.96296270
2025-12-16 09:00:00,0.00397410,0.00409450,0.00396810,0.00408950,2129635.44167540
2025-12-16 13:00:00,0.00408950,0.00412480,0.00397160,0.00408790,5557778.77663770
2025-12-16 17:00:00,0.00408790,0.00415010,0.00406510,0.00411850,2612486.74363170
2025-12-16 21:00:00,0.00411850,0.00413040,0.00408020,0.00409270,1073734.21511670
2025-12-17 01:00:00,0.00409270,0.00412560,0.00405000,0.00407270,1525387.47282980
2025-12-17 05:00:00,0.00407270,0.00408960,0.00403150,0.00408030,1236518.07139180
2025-12-17 09:00:00,0.00408030,0.00408020,0.00400890,0.00404140,1641370.15411890
2025-12-17 13:00:00,0.00404140,0.00425370,0.00400250,0.00402790,5911817.46552170
2025-12-17 17:00:00,0.00402790,0.00406490,0.00384120,0.00392060,5574445.35717950
2025-12-17 21:00:00,0.00392060,0.00396170,0.00387940,0.00389990,1552927.14276260
2025-12-18 01:00:00,0.00389990,0.00391780,0.00383600,0.00386240,2481008.78589040
2025-12-18 05:00:00,0.00386240,0.00388760,0.00381290,0.00388760,2380563.55932640
2025-12-18 09:00:00,0.00388760,0.00390640,0.00384570,0.00385370,2271952.78758590
2025-12-18 13:00:00,0.00385370,0.00400630,0.00382390,0.00397750,4886822.09732750
2025-12-18 17:00:00,0.00397750,0.00398330,0.00363470,0.00364370,6419772.08231790
2025-12-18 21:00:00,0.00364370,0.00377290,0.00363940,0.00371380,2217762.88187700
2025-12-19 01:00:00,0.00371380,0.00384830,0.00366130,0.00381080,3013045.90029270
2025-12-19 05:00:00,0.00381080,0.00392460,0.00380470,0.00387440,2206847.39227860
2025-12-19 09:00:00,0.00387440,0.00391110,0.00386750,0.00390250,1499228.45201210
2025-12-19 13:00:00,0.00390250,0.00410400,0.00389170,0.00399970,5051737.71753470
2025-12-19 17:00:00,0.00399970,0.00417740,0.00397460,0.00415510,5056911.48580940
2025-12-19 21:00:00,0.00415510,0.00417320,0.00411030,0.00411240,2367834.10329960
2025-12-20 01:00:00,0.00411240,0.00411310,0.00406530,0.00408930,1510633.36510140
2025-12-20 05:00:00,0.00408930,0.00410070,0.00404440,0.00409110,1155710.92952900
2025-12-20 09:00:00,0.00409110,0.00414610,0.00406950,0.00409510,1449317.16961160
2025-12-20 13:00:00,0.00409510,0.00411610,0.00405310,0.00409490,1432510.79810670
2025-12-20 17:00:00,0.00409490,0.00411740,0.00408520,0.00409280,827924.34167370
2025-12-20 21:00:00,0.00409280,0.00410510,0.00407010,0.00407510,891269.83567120
2025-12-21 01:00:00,0.00407510,0.00408090,0.00402550,0.00407480,1061110.48176460
2025-12-21 05:00:00,0.00407480,0.00411580,0.00405800,0.00408660,837818.27845140
2025-12-21 09:00:00,0.00408660,0.00410990,0.00406710,0.00409590,1308194.70904010
2025-12-21 13:00:00,0.00409590,0.00411060,0.00395370,0.00401110,3677213.89427120
2025-12-21 17:00:00,0.00401110,0.00405880,0.00399130,0.00401240,1533126.15490600
2025-12-21 21:00:00,0.00401240,0.00405040,0.00394260,0.00402400,2515611.15169800
2025-12-22 01:00:00,0.00402400,0.00414440,0.00395320,0.00401060,2693560.89465430
2025-12-22 05:00:00,0.00401060,0.00404880,0.00399010,0.00401160,1220047.58978490
2025-12-22 09:00:00,0.00401160,0.00406240,0.00397930,0.00398840,2225175.15763980
2025-12-22 13:00:00,0.00398840,0.00407650,0.00398200,0.00405020,3383289.59753170
2025-12-22 17:00:00,0.00405020,0.00406630,0.00392090,0.00393520,2858602.30760430
2025-12-22 21:00:00,0.00393520,0.00403000,0.00391440,0.00401930,1957308.41399750
2025-12-23 01:00:00,0.00401930,0.00405670,0.00396400,0.00399970,2532370.86171130
2025-12-23 05:00:00,0.00399970,0.00400620,0.00392220,0.00394250,1918288.57890100
2025-12-23 09:00:00,0.00394250,0.00400040,0.00393340,0.00398470,1754078.80242890
2025-12-23 13:00:00,0.00398470,0.00398470,0.00386110,0.00392350,3636914.75378010
2025-12-23 17:00:00,0.00392350,0.00399060,0.00388900,0.00398640,3060387.21483790
2025-12-23 21:00:00,0.00398640,0.00402510,0.00391920,0.00393390,2026206.90838330
2025-12-24 01:00:00,0.00393390,0.00397030,0.00386210,0.00391110,2102363.08498630
2025-12-24 05:00:00,0.00391110,0.00393150,0.00383870,0.00387060,1981206.29210000
2025-12-24 09:00:00,0.00387060,0.00392700,0.00385300,0.00390180,1743929.98864640
2025-12-24 13:00:00,0.00390180,0.00395040,0.00384180,0.00394870,2417900.25570070
2025-12-24 17:00:00,0.00394870,0.00396760,0.00391350,0.00393890,1512372.11077420
2025-12-24 21:00:00,0.00393890,0.00400540,0.00393910,0.00397350,1134297.52822090
2025-12-25 01:00:00,0.00397350,0.00405610,0.00395680,0.00402450,1423985.60784200
2025-12-25 05:00:00,0.00402450,0.00404310,0.00401020,0.00402390,847929.77129920
2025-12-25 09:00:00,0.00402390,0.00404120,0.00395580,0.00396890,1456228.57638830
2025-12-25 13:00:00,0.00396890,0.00402320,0.00395320,0.00400610,1668993.31978320
2025-12-25 17:00:00,0.00400610,0.00402320,0.00397310,0.00401670,1520656.34907560
2025-12-25 21:00:00,0.00401670,0.00402580,0.00387420,0.00389380,2493054.15974280
2025-12-26 01:00:00,0.00389380,0.00409030,0.00386850,0.00401720,3975510.21528560
2025-12-26 05:00:00,0.00401720,0.00403540,0.00398070,0.00399370,1492953.15286430
2025-12-26 09:00:00,0.00399370,0.00406500,0.00399070,0.00403150,1515323.26554870
2025-12-26 13:00:00,0.00403150,0.00405530,0.00393670,0.00397870,3563850.98223390
2025-12-26 17:00:00,0.00397870,0.00402870,0.00395070,0.00402290,1944016.38723340
2025-12-26 21:00:00,0.00402290,0.00404810,0.00400490,0.00403250,1266082.61640140
2025-12-27 01:00:00,0.00403250,0.00405830,0.00401550,0.00404450,755821.92421220
2025-12-27 05:00:00,0.00404450,0.00404640,0.00401360,0.00402210,880056.34485180
2025-12-27 09:00:00,0.00402210,0.00406500,0.00401450,0.00406010,1218817.61839570
2025-12-27 13:00:00,0.00406010,0.00408880,0.00404290,0.00408490,1453726.94020870
2025-12-27 17:00:00,0.00408490,0.00417820,0.00408530,0.00412410,4072847.15421600
2025-12-27 21:00:00,0.00412410,0.00421540,0.00410070,0.00419560,2653352.90877820
2025-12-28 01:00:00,0.00419560,0.00420790,0.00414710,0.00416750,1071654.18852030
2025-12-28 05:00:00,0.00416750,0.00418700,0.00414610,0.00415630,1026385.67700220
2025-12-28 09:00:00,0.00415630,0.00418370,0.00413160,0.00416850,1157485.85931100
2025-12-28 13:00:00,0.00416850,0.00426000,0.00415110,0.00420590,3152907.13302420
2025-12-28 17:00:00,0.00420590,0.00422630,0.00412870,0.00414030,2671699.83294580
2025-12-28 21:00:00,0.00414030,0.00418240,0.00412470,0.00417520,1823728.09803280
2025-12-29 01:00:00,0.00417520,0.00432530,0.00416310,0.00429150,3423605.94855150
2025-12-29 05:00:00,0.00429150,0.00430180,0.00418940,0.00421880,2208199.86456950
2025-12-29 09:00:00,0.00421880,0.00422460,0.00411500,0.00414600,3965999.62766720
2025-12-29 13:00:00,0.00414600,0.00415190,0.00405010,0.00409210,4028298.94059830
2025-12-29 17:00:00,0.00409210,0.00411900,0.00406500,0.00408930,1839725.88258000
2025-12-29 21:00:00,0.00408930,0.00410910,0.00406310,0.00406840,882644.97062720
2025-12-30 01:00:00,0.00406840,0.00408560,0.00399040,0.00405070,1946537.23148790
2025-12-30 05:00:00,0.00405070,0.00408090,0.00403550,0.00407190,1141279.19605570
2025-12-30 09:00:00,0.00407190,0.00413400,0.00407020,0.00409160,1845974.69362610
2025-12-30 13:00:00,0.00409160,0.00417720,0.00409200,0.00417250,3251446.47492950
2025-12-30 17:00:00,0.00417250,0.00421940,0.00410880,0.00414430,2868649.35436550
2025-12-30 21:00:00,0.00414430,0.00415620,0.00411730,0.00413730,973282.40930180
2025-12-31 01:00:00,0.00413730,0.00416940,0.00411120,0.00412530,1038841.33092500
2025-12-31 05:00:00,0.00412530,0.00413470,0.00410370,0.00411640,835591.37513080
2025-12-31 09:00:00,0.00411640,0.00413000,0.00408460,0.00412900,1445315.39697020
2025-12-31 13:00:00,0.00412900,0.00414760,0.00407070,0.00409720,2104973.94150730
2025-12-31 17:00:00,0.00409720,0.00410950,0.00398250,0.00401100,3025453.58053040
2025-12-31 21:00:00,0.00401100,0.00406370,0.00398790,0.00403220,1424068.55885300
2026-01-01 01:00:00,0.00403220,0.00407370,0.00403120,0.00405540,819371.49377430
2026-01-01 05:00:00,0.00405540,0.00411600,0.00403430,0.00408980,1172532.97354980
2026-01-01 09:00:00,0.00408980,0.00417960,0.00408970,0.00417340,1984475.91779170
2026-01-01 13:00:00,0.00417340,0.00428670,0.00414420,0.00425990,2783868.95687810
2026-01-01 17:00:00,0.00425990,0.00468680,0.00425070,0.00468270,11131093.08336920
2026-01-01 21:00:00,0.00468270,0.00497310,0.00467350,0.00492260,17913274.99100590
2026-01-02 01:00:00,0.00492260,0.00520020,0.00481270,0.00511040,15560393.29698780
2026-01-02 05:00:00,0.00511040,0.00525790,0.00504050,0.00509160,13586732.64279900
2026-01-02 09:00:00,0.00509160,0.00532520,0.00506760,0.00521380,14860310.22625020
2026-01-02 13:00:00,0.00521380,0.00589600,0.00519430,0.00555110,39798419.52642430
2026-01-02 17:00:00,0.00555110,0.00609380,0.00552660,0.00589450,26424255.76719280
2026-01-02 21:00:00,0.00589450,0.00616200,0.00586400,0.00600110,21469245.40382640
2026-01-03 01:00:00,0.00600110,0.00628570,0.00599220,0.00615860,20037813.39300580
2026-01-03 05:00:00,0.00615860,0.00617730,0.00574810,0.00581630,17781765.08481140
2026-01-03 09:00:00,0.00581630,0.00622930,0.00576080,0.00596890,21046070.97136050
2026-01-03 13:00:00,0.00596890,0.00615910,0.00594930,0.00613550,14709643.57435790
2026-01-03 17:00:00,0.00613550,0.00629930,0.00604040,0.00608810,11591560.74170320
2026-01-03 21:00:00,0.00608810,0.00620980,0.00602970,0.00610720,6629788.45962700
2026-01-04 01:00:00,0.00610720,0.00662460,0.00608790,0.00642580,22265427.72581490
2026-01-04 05:00:00,0.00642580,0.00654170,0.00630810,0.00650840,10662396.31254560
2026-01-04 09:00:00,0.00650840,0.00710140,0.00645970,0.00709030,29773399.15542940
2026-01-04 13:00:00,0.00709030,0.00715510,0.00683310,0.00697890,21088003.64814520
2026-01-04 17:00:00,0.00697890,0.00717080,0.00678150,0.00698540,18356781.75005730
2026-01-04 21:00:00,0.00698540,0.00725490,0.00697200,0.00716970,17360371.76000950
2026-01-05 01:00:00,0.00716970,0.00724590,0.00689210,0.00701170,18300785.37647920
2026-01-05 05:00:00,0.00701170,0.00710500,0.00686020,0.00692290,13167483.95475710
2026-01-05 09:00:00,0.00692290,0.00694570,0.00658500,0.00679120,17814844.57618700
2026-01-05 13:00:00,0.00679120,0.00693090,0.00666590,0.00678650,13511710.20696800
2026-01-05 17:00:00,0.00678650,0.00697400,0.00677340,0.00688110,13403477.42946010
2026-01-05 21:00:00,0.00688110,0.00703830,0.00682130,0.00700430,10033410.58771870
2026-01-06 01:00:00,0.00700430,0.00710280,0.00684000,0.00705360,14075192.20096610
2026-01-06 05:00:00,0.00705360,0.00706090,0.00672710,0.00679210,8636101.30988090
2026-01-06 09:00:00,0.00679210,0.00699750,0.00669830,0.00682670,11277248.28199240
2026-01-06 13:00:00,0.00682670,0.00695010,0.00661850,0.00667930,13798825.66966390
2026-01-06 17:00:00,0.00667930,0.00668570,0.00634370,0.00654800,20850584.17191890
2026-01-06 21:00:00,0.00654800,0.00674960,0.00649860,0.00670670,8696088.72067810
2026-01-07 01:00:00,0.00670670,0.00670660,0.00650900,0.00667270,9448381.86790080
2026-01-07 05:00:00,0.00667270,0.00689200,0.00660810,0.00685660,12389127.75100120
2026-01-07 09:00:00,0.00685660,0.00709670,0.00668090,0.00669880,20068847.91064960
2026-01-07 13:00:00,0.00669880,0.00674200,0.00647880,0.00657790,13673197.07130640
2026-01-07 17:00:00,0.00657790,0.00684690,0.00652010,0.00661220,13767403.44764830
2026-01-07 21:00:00,0.00661220,0.00670720,0.00645570,0.00656020,8883141.72819040
2026-01-08 01:00:00,0.00656020,0.00669860,0.00641430,0.00649040,7337091.28280960
2026-01-08 05:00:00,0.00649040,0.00658670,0.00632090,0.00642250,8734747.52375490
2026-01-08 09:00:00,0.00642250,0.00647570,0.00615170,0.00623020,10392565.24503820
2026-01-08 13:00:00,0.00623020,0.00624980,0.00600010,0.00622710,14966307.81271680
2026-01-08 17:00:00,0.00622710,0.00624410,0.00605440,0.00610830,8968038.07373920
2026-01-08 21:00:00,0.00610830,0.00621180,0.00605460,0.00608440,5598121.41728500
2026-01-09 01:00:00,0.00608440,0.00615950,0.00594560,0.00614870,7296022.95888250
2026-01-09 05:00:00,0.00614870,0.00618460,0.00608330,0.00615240,3708860.56609170
2026-01-09 09:00:00,0.00615240,0.00617490,0.00602380,0.00610900,5034344.89633520
2026-01-09 13:00:00,0.00610900,0.00626430,0.00600740,0.00613950,13105114.00663780
2026-01-09 17:00:00,0.00613950,0.00642730,0.00606880,0.00610350,11919662.71549950
2026-01-09 21:00:00,0.00610350,0.00617980,0.00605380,0.00611020,3190141.62382130
2026-01-10 01:00:00,0.00611020,0.00611540,0.00596080,0.00600530,4145349.72781180
2026-01-10 05:00:00,0.00600530,0.00601350,0.00587380,0.00593780,4957569.17907690
2026-01-10 09:00:00,0.00593780,0.00600710,0.00593020,0.00597360,2472082.84745260
2026-01-10 13:00:00,0.00597360,0.00599670,0.00595660,0.00599580,2588918.02044040
2026-01-10 17:00:00,0.00599580,0.00602400,0.00595490,0.00599250,2521568.77518670
2026-01-10 21:00:00,0.00599250,0.00599750,0.00588250,0.00594260,2223503.58455070
2026-01-11 01:00:00,0.00594260,0.00601180,0.00592280,0.00597440,1715710.39607160
2026-01-11 05:00:00,0.00597440,0.00599670,0.00588670,0.00597340,3097514.12092740
2026-01-11 09:00:00,0.00597340,0.00601260,0.00595080,0.00597820,1663801.17457660
2026-01-11 13:00:00,0.00597820,0.00606010,0.00582940,0.00587490,6387492.31226090
2026-01-11 17:00:00,0.00587490,0.00597610,0.00585570,0.00589070,4259819.19189950
2026-01-11 21:00:00,0.00589070,0.00589040,0.00569450,0.00580590,6394175.44032410
2026-01-12 01:00:00,0.00580590,0.00601550,0.00570730,0.00592310,6744638.50079800
2026-01-12 05:00:00,0.00592310,0.00604530,0.00583440,0.00583860,4253465.07881570
2026-01-12 09:00:00,0.00583860,0.00587170,0.00574060,0.00584110,4084861.92632640
2026-01-12 13:00:00,0.00584110,0.00591180,0.00571620,0.00590950,4879652.31178430
2026-01-12 17:00:00,0.00590950,0.00597430,0.00580640,0.00586010,5461864.90591800
2026-01-12 21:00:00,0.00586010,0.00589850,0.00571430,0.00572880,3316694.42512120
2026-01-13 01:00:00,0.00572880,0.00577680,0.00569980,0.00574850,2376170.40033890
2026-01-13 05:00:00,0.00574850,0.00590350,0.00574480,0.00586520,3577239.40525280
2026-01-13 09:00:00,0.00586520,0.00599310,0.00585650,0.00591710,4629564.34201970
2026-01-13 13:00:00,0.00591710,0.00602920,0.00586200,0.00601800,7424474.19383200
2026-01-13 17:00:00,0.00601800,0.00618020,0.00600210,0.00615270,8463746.56684530
2026-01-13 21:00:00,0.00615270,0.00661340,0.00608330,0.00657210,13147370.73176320
2026-01-14 01:00:00,0.00657210,0.00688320,0.00655980,0.00686170,15175254.66144060
2026-01-14 05:00:00,0.00686170,0.00687500,0.00660110,0.00669460,7587667.83732580
2026-01-14 09:00:00,0.00669460,0.00671750,0.00648960,0.00650110,6811571.67309420
2026-01-14 13:00:00,0.00650110,0.00659240,0.00635260,0.00642730,10530190.71877170
2026-01-14 17:00:00,0.00642730,0.00652010,0.00615050,0.00626980,10857670.20491400
2026-01-14 21:00:00,0.00626980,0.00630350,0.00618990,0.00624170,2938180.08691450
2026-01-15 01:00:00,0.00624170,0.00626120,0.00602070,0.00604760,5280257.72866620
2026-01-15 05:00:00,0.00604760,0.00611420,0.00603940,0.00606780,3963950.05470700
2026-01-15 09:00:00,0.00606780,0.00612860,0.00595690,0.00598190,5921693.91568320
2026-01-15 13:00:00,0.00598190,0.00605510,0.00585830,0.00595770,7906841.99110340
2026-01-15 17:00:00,0.00595770,0.00597180,0.00585630,0.00589530,4525330.66154660
2026-01-15 21:00:00,0.00589530,0.00593880,0.00585670,0.00590960,2093501.11080820
2026-01-16 01:00:00,0.00590960,0.00593720,0.00578470,0.00582470,2862632.26152430
2026-01-16 05:00:00,0.00582470,0.00592350,0.00575140,0.00590710,4438054.07580530
2026-01-16 09:00:00,0.00590710,0.00599990,0.00589640,0.00596690,3171426.05041530
2026-01-16 13:00:00,0.00596690,0.00598610,0.00572700,0.00576470,4786294.98383800
2026-01-16 17:00:00,0.00576470,0.00587110,0.00574210,0.00586140,3660877.41762750
2026-01-16 21:00:00,0.00586140,0.00595420,0.00582620,0.00592350,2798229.66887480
2026-01-17 01:00:00,0.00592350,0.00592840,0.00583730,0.00586260,2102989.70720420
2026-01-17 05:00:00,0.00586260,0.00588510,0.00582120,0.00584070,1262303.50482990
2026-01-17 09:00:00,0.00584070,0.00587230,0.00580660,0.00585060,1881050.21112720
2026-01-17 13:00:00,0.00585060,0.00595870,0.00581420,0.00594410,3171076.23578570
2026-01-17 17:00:00,0.00594410,0.00594480,0.00583050,0.00588130,2547589.09386450
2026-01-17 21:00:00,0.00588130,0.00590480,0.00575300,0.00579550,2019126.84198400
2026-01-18 01:00:00,0.00579550,0.00583760,0.00573120,0.00579480,3037584.13657190
2026-01-18 05:00:00,0.00579480,0.00581630,0.00575420,0.00577280,1246637.96063030
2026-01-18 09:00:00,0.00577280,0.00581320,0.00575850,0.00578900,1418963.45026350
2026-01-18 13:00:00,0.00578900,0.00580390,0.00562600,0.00569060,6236685.40650340
2026-01-18 17:00:00,0.00569060,0.00578540,0.00566540,0.00570940,2633984.32652910
2026-01-18 21:00:00,0.00570940,0.00574390,0.00545070,0.00546140,5791510.28271690
2026-01-19 01:00:00,0.00546140,0.00546260,0.00486640,0.00524530,15191267.80440660
2026-01-19 05:00:00,0.00524530,0.00526670,0.00518920,0.00521320,2470130.07647700
2026-01-19 09:00:00,0.00521320,0.00525280,0.00516820,0.00520450,2572300.25138470
2026-01-19 13:00:00,0.00520450,0.00522590,0.00514300,0.00517850,3239321.51816280
2026-01-19 17:00:00,0.00517850,0.00528190,0.00517550,0.00526770,3979454.22929470
2026-01-19 21:00:00,0.00526770,0.00531420,0.00520970,0.00527510,3214086.80938370
2026-01-20 01:00:00,0.00527510,0.00528030,0.00519840,0.00521360,2426636.61132490
2026-01-20 05:00:00,0.00521360,0.00525550,0.00514580,0.00514860,3800245.73123140
2026-01-20 09:00:00,0.00514860,0.00515510,0.00508020,0.00509080,4505250.91873130
2026-01-20 13:00:00,0.00509080,0.00520810,0.00504730,0.00514410,6487547.40781200
2026-01-20 17:00:00,0.00514410,0.00516970,0.00497750,0.00503230,4810066.50169340
2026-01-20 21:00:00,0.00503230,0.00511640,0.00496410,0.00498490,3250457.24295940
2026-01-21 01:00:00,0.00498490,0.00513620,0.00495160,0.00503420,3733976.45211330
2026-01-21 05:00:00,0.00503420,0.00510800,0.00501140,0.00508240,2353912.07969790
2026-01-21 09:00:00,0.00508240,0.00508940,0.00494930,0.00496940,2528646.22341080
2026-01-21 13:00:00,0.00496940,0.00517350,0.00482550,0.00514730,10878575.79179990
2026-01-21 17:00:00,0.00514730,0.00518520,0.00482690,0.00517390,12214588.03847540
2026-01-21 21:00:00,0.00517390,0.00534060,0.00506280,0.00514030,5651665.89047510
2026-01-22 01:00:00,0.00514030,0.00524480,0.00514010,0.00518410,3055698.88365120
2026-01-22 05:00:00,0.00518410,0.00522270,0.00510240,0.00512440,2374503.12274300
2026-01-22 09:00:00,0.00512440,0.00516290,0.00506850,0.00507090,2906707.36464410
2026-01-22 13:00:00,0.00507090,0.00507940,0.00485460,0.00490430,7712354.18666550
2026-01-22 17:00:00,0.00490430,0.00499770,0.00486860,0.00497060,3799658.58159720
2026-01-22 21:00:00,0.00497060,0.00498990,0.00492020,0.00495130,1902269.36852960
2026-01-23 01:00:00,0.00495130,0.00502300,0.00490610,0.00501810,2269004.38551860
2026-01-23 05:00:00,0.00501810,0.00504960,0.00497750,0.00499220,2081925.20987690
2026-01-23 09:00:00,0.00499220,0.00503010,0.00494720,0.00500680,2984592.87072510
2026-01-23 13:00:00,0.00500680,0.00504090,0.00486100,0.00503490,5862528.79668840
2026-01-23 17:00:00,0.00503490,0.00530560,0.00499280,0.00507850,9760942.14713310
2026-01-23 21:00:00,0.00507850,0.00508730,0.00496750,0.00502290,2975755.94829450
2026-01-24 01:00:00,0.00502290,0.00509490,0.00498910,0.00507130,1771125.84443140
2026-01-24 05:00:00,0.00507130,0.00512580,0.00501770,0.00502160,1560941.59541870
2026-01-24 09:00:00,0.00502160,0.00507640,0.00501680,0.00503170,1355375.96471990
2026-01-24 13:00:00,0.00503170,0.00505190,0.00498010,0.00498470,1989236.16831360
2026-01-24 17:00:00,0.00498470,0.00502270,0.00493680,0.00499510,1849086.71111940
2026-01-24 21:00:00,0.00499510,0.00503580,0.00498020,0.00500020,1708938.98537160
2026-01-25 01:00:00,0.00500020,0.00503290,0.00492900,0.00495440,4328613.69437110
2026-01-25 05:00:00,0.00495440,0.00501670,0.00493630,0.00495580,2605527.01935110
2026-01-25 09:00:00,0.00495580,0.00504670,0.00491200,0.00501620,3596571.42733060
2026-01-25 13:00:00,0.00501620,0.00502280,0.00487540,0.00489060,3777432.72495360
2026-01-25 17:00:00,0.00489060,0.00489490,0.00461290,0.00463510,9996947.02836480
2026-01-25 21:00:00,0.00463510,0.00473190,0.00461260,0.00470770,3657193.28579270
2026-01-26 01:00:00,0.00470770,0.00488890,0.00470010,0.00481180,3825104.98243760
2026-01-26 05:00:00,0.00481180,0.00491150,0.00481120,0.00485130,2390124.90481030
2026-01-26 09:00:00,0.00485130,0.00493530,0.00484180,0.00488050,2454586.80225100
2026-01-26 13:00:00,0.00488050,0.00503280,0.00487070,0.00491950,5004709.87062270
2026-01-26 17:00:00,0.00491950,0.00501800,0.00488320,0.00496580,3862159.97454240
2026-01-26 21:00:00,0.00496580,0.00502430,0.00491540,0.00500600,2943786.27135260
2026-01-27 01:00:00,0.00500600,0.00525630,0.00498530,0.00509020,5445589.63498210
2026-01-27 05:00:00,0.00509020,0.00513030,0.00499430,0.00500760,2915643.87654160
2026-01-27 09:00:00,0.00500760,0.00502680,0.00495050,0.00496520,2059475.93881380
2026-01-27 13:00:00,0.00496520,0.00501030,0.00492250,0.00499810,3297756.66133400
2026-01-27 17:00:00,0.00499810,0.00511080,0.00483370,0.00498010,7829576.32399570
2026-01-27 21:00:00,0.00498010,0.00511290,0.00497160,0.00502420,4388342.14541670
2026-01-28 01:00:00,0.00502420,0.00505680,0.00496670,0.00500050,2723507.46193650
2026-01-28 05:00:00,0.00500050,0.00509240,0.00496370,0.00503290,2382323.33775840
2026-01-28 09:00:00,0.00503290,0.00510650,0.00498890,0.00509620,2727271.01726550
2026-01-28 13:00:00,0.00509620,0.00509560,0.00492050,0.00494740,3864380.73829960
2026-01-28 17:00:00,0.00494740,0.00502880,0.00491290,0.00499680,3800698.66256660
2026-01-28 21:00:00,0.00499680,0.00505710,0.00493120,0.00498030,2939616.23202730
2026-01-29 01:00:00,0.00498030,0.00499100,0.00477580,0.00481890,4484549.48557990
2026-01-29 05:00:00,0.00481890,0.00485860,0.00478620,0.00484100,1625014.59721330
2026-01-29 09:00:00,0.00484100,0.00486310,0.00479650,0.00480130,1938752.55556780
2026-01-29 13:00:00,0.00480130,0.00483740,0.00462600,0.00467760,7531235.54930170
2026-01-29 17:00:00,0.00467760,0.00484330,0.00460120,0.00466870,6788748.30500990
2026-01-29 21:00:00,0.00466870,0.00474630,0.00465090,0.00473180,2350799.39864710
2026-01-30 01:00:00,0.00473180,0.00477540,0.00454830,0.00460590,6483638.43138730
2026-01-30 05:00:00,0.00460590,0.00467270,0.00450030,0.00460950,4758155.20371470
2026-01-30 09:00:00,0.00460950,0.00465540,0.00451050,0.00464300,3402881.50102190
2026-01-30 13:00:00,0.00464300,0.00465690,0.00452570,0.00461540,5193417.02676310
2026-01-30 17:00:00,0.00461540,0.00476320,0.00451270,0.00469420,6518077.83647410
2026-01-30 21:00:00,0.00469420,0.00469530,0.00459500,0.00463560,3631531.48568120
2026-01-31 01:00:00,0.00463560,0.00463740,0.00456250,0.00459000,1643699.51539210
2026-01-31 05:00:00,0.00459000,0.00460470,0.00442050,0.00446140,3576537.78780510
2026-01-31 09:00:00,0.00446140,0.00447390,0.00438270,0.00441590,3291194.55368040
2026-01-31 13:00:00,0.00441590,0.00442270,0.00416180,0.00424010,9950788.79876190
2026-01-31 17:00:00,0.00424010,0.00429000,0.00382780,0.00405790,14338798.74014260
2026-01-31 21:00:00,0.00405790,0.00417420,0.00399160,0.00414690,4574535.54564130
2026-02-01 01:00:00,0.00414690,0.00420310,0.00410890,0.00419350,2875754.91825620
2026-02-01 05:00:00,0.00419350,0.00430950,0.00418730,0.00425950,2943454.84065500
2026-02-01 09:00:00,0.00425950,0.00430130,0.00419880,0.00427300,3505500.69563060
2026-02-01 13:00:00,0.00427300,0.00432170,0.00411880,0.00418230,5633711.18467000
2026-02-01 17:00:00,0.00418230,0.00431710,0.00411550,0.00418890,5655695.20271170
2026-02-01 21:00:00,0.00418890,0.00427080,0.00406950,0.00415690,5875614.29587250
2026-02-02 01:00:00,0.00415690,0.00425930,0.00398570,0.00415980,6192428.33716520
2026-02-02 05:00:00,0.00415980,0.00420930,0.00397740,0.00406970,6300210.08499520
2026-02-02 09:00:00,0.00406970,0.00420530,0.00406840,0.00416950,3138871.18261860
2026-02-02 13:00:00,0.00416950,0.00438050,0.00416870,0.00434010,5470041.35802640
2026-02-02 17:00:00,0.00434010,0.00435170,0.00422490,0.00423940,2996360.33678360
2026-02-02 21:00:00,0.00423940,0.00428560,0.00421940,0.00424790,1774092.32123890
2026-02-03 01:00:00,0.00424790,0.00426980,0.00416020,0.00424910,3343030.71814890
2026-02-03 05:00:00,0.00424910,0.00429020,0.00419470,0.00423450,1880722.37867420
2026-02-03 09:00:00,0.00423450,0.00424230,0.00414150,0.00419010,2840410.73647900
2026-02-03 13:00:00,0.00419010,0.00441160,0.00417910,0.00436980,5628810.18917980
2026-02-03 17:00:00,0.00436980,0.00437590,0.00400110,0.00419790,9720392.68434630
2026-02-03 21:00:00,0.00419790,0.00439400,0.00410140,0.00411980,5990678.13533300
2026-02-04 01:00:00,0.00411980,0.00428580,0.00410260,0.00426860,2561205.02273390
2026-02-04 05:00:00,0.00426860,0.00427650,0.00421400,0.00423810,1965109.68632870
2026-02-04 09:00:00,0.00423810,0.00427040,0.00416170,0.00419330,2231752.16289740
2026-02-04 13:00:00,0.00419330,0.00421390,0.00399730,0.00405090,5969512.94257910
2026-02-04 17:00:00,0.00405090,0.00431050,0.00401310,0.00430450,8026314.60637470
2026-02-04 21:00:00,0.00430450,0.00431700,0.00412100,0.00420410,5295388.52653910
2026-02-05 01:00:00,0.00420410,0.00420940,0.00406400,0.00408920,4180584.96047550
2026-02-05 05:00:00,0.00408920,0.00413050,0.00399330,0.00400800,4610660.60764900
2026-02-05 09:00:00,0.00400800,0.00410550,0.00384020,0.00390050,5752971.89818290
2026-02-05 13:00:00,0.00390050,0.00395710,0.00361500,0.00370680,11138809.98606500
2026-02-05 17:00:00,0.00370680,0.00377910,0.00360670,0.00362600,7794428.66358170
2026-02-05 21:00:00,0.00362600,0.00365990,0.00340330,0.00342760,13668926.47045420
2026-02-06 01:00:00,0.00342760,0.00356700,0.00310160,0.00347730,14375529.09172090
2026-02-06 05:00:00,0.00347730,0.00374920,0.00346610,0.00359630,5874227.67267150
2026-02-06 09:00:00,0.00359630,0.00371190,0.00354000,0.00367560,3796830.20290730
2026-02-06 13:00:00,0.00367560,0.00382260,0.00364270,0.00378230,5525495.74552270
2026-02-06 17:00:00,0.00378230,0.00399310,0.00376880,0.00389290,7402048.57936860
2026-02-06 21:00:00,0.00389290,0.00397140,0.00385080,0.00391130,3180090.28464420
2026-02-07 01:00:00,0.00391130,0.00394050,0.00385370,0.00390540,2822436.82332660
2026-02-07 05:00:00,0.00390540,0.00393350,0.00373610,0.00377910,4121821.91213070
2026-02-07 09:00:00,0.00377910,0.00381740,0.00375750,0.00376640,2185423.29011840
2026-02-07 13:00:00,0.00376640,0.00388210,0.00374390,0.00380730,3548786.17407440
2026-02-07 17:00:00,0.00380730,0.00393550,0.00379360,0.00387580,7051432.21101830
2026-02-07 21:00:00,0.00387580,0.00391130,0.00383330,0.00386230,1563980.94526710
2026-02-08 01:00:00,0.00386230,0.00387120,0.00378830,0.00379330,1681501.66378550
2026-02-08 05:00:00,0.00379330,0.00382990,0.00377280,0.00380420,1356644.75626050
2026-02-08 09:00:00,0.00380420,0.00389940,0.00378510,0.00388940,2652549.47695300
2026-02-08 13:00:00,0.00388940,0.00391540,0.00381710,0.00383490,2337379.12242470
2026-02-08 17:00:00,0.00383490,0.00384990,0.00372850,0.00380020,3071777.88992850
2026-02-08 21:00:00,0.00380020,0.00386300,0.00371010,0.00377510,3635905.13553260
2026-02-09 01:00:00,0.00377510,0.00385530,0.00374050,0.00384200,2403302.74903690
2026-02-09 05:00:00,0.00384200,0.00384550,0.00374320,0.00375310,2023993.30643790
2026-02-09 09:00:00,0.00375310,0.00375760,0.00361990,0.00366260,3284024.51664300
2026-02-09 13:00:00,0.00366260,0.00377330,0.00365770,0.00377070,2971414.75193820
2026-02-09 17:00:00,0.00377070,0.00385460,0.00374260,0.00381820,4399870.28322720
2026-02-09 21:00:00,0.00381820,0.00384650,0.00376050,0.00381530,2532819.44640540
2026-02-10 01:00:00,0.00381530,0.00384320,0.00372610,0.00375430,2280866.98174700
2026-02-10 05:00:00,0.00375430,0.00378300,0.00366270,0.00367120,2463234.65053260
2026-02-10 09:00:00,0.00367120,0.00370610,0.00362360,0.00363510,3057350.58106680
2026-02-10 13:00:00,0.00363510,0.00368640,0.00362020,0.00363550,3357212.33816410
2026-02-10 17:00:00,0.00363550,0.00370610,0.00359330,0.00364700,3295066.57267470
2026-02-10 21:00:00,0.00364700,0.00366430,0.00362600,0.00364680,1334922.25234530
2026-02-11 01:00:00,0.00364680,0.00370910,0.00362740,0.00366810,2207273.18750430
2026-02-11 05:00:00,0.00366810,0.00367620,0.00352340,0.00354360,3217457.49394960
2026-02-11 09:00:00,0.00354360,0.00355490,0.00350800,0.00354230,2068954.25406450
2026-02-11 13:00:00,0.00354230,0.00374010,0.00345880,0.00350160,7017628.19582780
2026-02-11 17:00:00,0.00350160,0.00363480,0.00349150,0.00359460,4265075.72521500
2026-02-11 21:00:00,0.00359460,0.00366190,0.00352120,0.00356530,2662652.32659650
2026-02-12 01:00:00,0.00356530,0.00364660,0.00356310,0.00362670,2051334.70145260
2026-02-12 05:00:00,0.00362670,0.00371170,0.00360600,0.00369240,4394095.89033970
2026-02-12 09:00:00,0.00369240,0.00376690,0.00366430,0.00372980,3059638.15373720
2026-02-12 13:00:00,0.00372980,0.00376220,0.00368150,0.00368360,3410615.50159980
2026-02-12 17:00:00,0.00368360,0.00370010,0.00358910,0.00365050,4356595.72467960
2026-02-12 21:00:00,0.00365050,0.00373960,0.00360150,0.00371780,3111773.60066520
2026-02-13 01:00:00,0.00371780,0.00373530,0.00366140,0.00369890,2042125.87248680
2026-02-13 05:00:00,0.00369890,0.00371170,0.00363010,0.00368740,2035112.10568660
2026-02-13 09:00:00,0.00368740,0.00372520,0.00366150,0.00368160,1896977.03145380
2026-02-13 13:00:00,0.00368160,0.00380800,0.00365380,0.00374000,6116504.52404380
2026-02-13 17:00:00,0.00374000,0.00383540,0.00372160,0.00380900,3619070.88336820
2026-02-13 21:00:00,0.00380900,0.00384010,0.00377430,0.00377460,2015445.13852920
2026-02-14 01:00:00,0.00377460,0.00387510,0.00375870,0.00384240,2406916.26420260
2026-02-14 05:00:00,0.00384240,0.00384740,0.00376630,0.00379300,1911346.72376930
2026-02-14 09:00:00,0.00379300,0.00397870,0.00379210,0.00394550,3640242.67265770
2026-02-14 13:00:00,0.00394550,0.00419890,0.00386990,0.00418950,6495656.05891440
2026-02-14 17:00:00,0.00418950,0.00475940,0.00416880,0.00473770,17322132.61279330
2026-02-14 21:00:00,0.00473770,0.00500380,0.00460730,0.00483390,25134388.78856540
2026-02-15 01:00:00,0.00483390,0.00495870,0.00473640,0.00493420,18659740.15758600
2026-02-15 05:00:00,0.00493420,0.00509140,0.00481730,0.00488200,14126086.29201950
2026-02-15 09:00:00,0.00488200,0.00492320,0.00462700,0.00470820,11099149.94665110
2026-02-15 13:00:00,0.00470820,0.00471590,0.00452100,0.00465750,13124137.64393310
2026-02-15 17:00:00,0.00465750,0.00466880,0.00439490,0.00441050,13055572.81866100
2026-02-15 21:00:00,0.00441050,0.00445270,0.00434270,0.00441460,8106602.03631690
2026-02-16 01:00:00,0.00441460,0.00448890,0.00440450,0.00445130,4343254.55502030
2026-02-16 05:00:00,0.00445130,0.00456340,0.00442670,0.00447100,6114126.92244600
2026-02-16 09:00:00,0.00447100,0.00455970,0.00441630,0.00449090,4621156.47138180
2026-02-16 13:00:00,0.00449090,0.00456990,0.00436160,0.00438210,10551590.28364480
2026-02-16 17:00:00,0.00438210,0.00450510,0.00437750,0.00446370,5816137.61373930
2026-02-16 21:00:00,0.00446370,0.00454240,0.00444450,0.00447630,4965696.65662600
2026-02-17 01:00:00,0.00447630,0.00448530,0.00441300,0.00442890,3849568.54892430
2026-02-17 05:00:00,0.00442890,0.00443930,0.00435500,0.00437430,3470414.50895480
2026-02-17 09:00:00,0.00437430,0.00439790,0.00428790,0.00438370,4852540.02752450
2026-02-17 13:00:00,0.00438370,0.00445960,0.00434560,0.00442210,7913556.21692600
2026-02-17 17:00:00,0.00442210,0.00451710,0.00437390,0.00441070,5543024.07332240
2026-02-17 21:00:00,0.00441070,0.00442380,0.00437240,0.00439590,2404021.49783020
2026-02-18 01:00:00,0.00439590,0.00441220,0.00434370,0.00439750,2512661.55557480
2026-02-18 05:00:00,0.00439750,0.00441790,0.00435860,0.00438540,1800515.84154400
2026-02-18 09:00:00,0.00438540,0.00443030,0.00432080,0.00435330,4035553.34070740
2026-02-18 13:00:00,0.00435330,0.00441260,0.00428450,0.00437680,4473468.41276100
2026-02-18 17:00:00,0.00437680,0.00438320,0.00421020,0.00424230,4405927.47525710
2026-02-18 21:00:00,0.00424230,0.00425680,0.00418560,0.00423260,3204504.96646900
2026-02-19 01:00:00,0.00423260,0.00425290,0.00420590,0.00422940,2889056.75210120
2026-02-19 05:00:00,0.00422940,0.00425420,0.00417990,0.00421860,3263291.51049910
2026-02-19 09:00:00,0.00421860,0.00422170,0.00416410,0.00420810,2377668.83738960
2026-02-19 13:00:00,0.00420810,0.00427480,0.00413520,0.00417640,5384680.08251840
2026-02-19 17:00:00,0.00417640,0.00422980,0.00412320,0.00420760,4806985.82639810
2026-02-19 21:00:00,0.00420760,0.00423940,0.00418530,0.00422680,2221070.07759470
2026-02-20 01:00:00,0.00422680,0.00428660,0.00421670,0.00422190,2674441.70467170
2026-02-20 05:00:00,0.00422190,0.00423660,0.00415850,0.00418960,3576075.26480670
2026-02-20 09:00:00,0.00418960,0.00424770,0.00417130,0.00418870,2765685.96828090
2026-02-20 13:00:00,0.00418870,0.00430960,0.00405650,0.00430680,7992038.54593550
2026-02-20 17:00:00,0.00430680,0.00438720,0.00417840,0.00421520,7600095.56037450
2026-02-20 21:00:00,0.00421520,0.00426690,0.00420230,0.00425520,2288798.84655420
2026-02-21 01:00:00,0.00425520,0.00428990,0.00423600,0.00427590,1672588.56755100
2026-02-21 05:00:00,0.00427590,0.00432390,0.00426140,0.00431130,1759727.44817210
2026-02-21 09:00:00,0.00431130,0.00440990,0.00427960,0.00429740,4187419.22643520
2026-02-21 13:00:00,0.00429740,0.00433150,0.00417230,0.00420520,5819522.03878030
2026-02-21 17:00:00,0.00420520,0.00421520,0.00417350,0.00419780,2331999.07852920
2026-02-21 21:00:00,0.00419780,0.00420090,0.00413150,0.00415050,3087302.01622880
2026-02-22 01:00:00,0.00415050,0.00415160,0.00404870,0.00408870,2618813.02642090
2026-02-22 05:00:00,0.00408870,0.00410560,0.00406480,0.00409750,2436865.68924590
2026-02-22 09:00:00,0.00409750,0.00413010,0.00407600,0.00410040,2047160.69804170
2026-02-22 13:00:00,0.00410040,0.00410390,0.00401830,0.00408380,4474243.84106950
2026-02-22 17:00:00,0.00408380,0.00408480,0.00403340,0.00404410,2047810.07589180
2026-02-22 21:00:00,0.00404410,0.00405560,0.00398670,0.00405240,3867950.42979460
2026-02-23 01:00:00,0.00405240,0.00405880,0.00384800,0.00391840,8235649.80130670
2026-02-23 05:00:00,0.00391840,0.00405440,0.00389060,0.00401830,3088226.26866620
2026-02-23 09:00:00,0.00401830,0.00411830,0.00400890,0.00409940,3217319.16215660
2026-02-23 13:00:00,0.00409940,0.00421000,0.00402270,0.00402350,6641852.45028800
2026-02-23 17:00:00,0.00402350,0.00406650,0.00396720,0.00400010,4352376.20769530
2026-02-23 21:00:00,0.00400010,0.00401420,0.00395420,0.00396640,3650122.62051200
2026-02-24 01:00:00,0.00396640,0.00399470,0.00387770,0.00389730,4276048.62575530
2026-02-24 05:00:00,0.00389730,0.00393070,0.00386610,0.00392160,3220371.12952170
2026-02-24 09:00:00,0.00392160,0.00393760,0.00387710,0.00390160,2222545.99651970
2026-02-24 13:00:00,0.00390160,0.00400340,0.00383420,0.00396970,4476197.98797390
2026-02-24 17:00:00,0.00396970,0.00401680,0.00389830,0.00392100,5032871.83649980
2026-02-24 21:00:00,0.00392100,0.00397980,0.00390670,0.00394490,2261179.95544440
2026-02-25 01:00:00,0.00394490,0.00415830,0.00393510,0.00400610,6164134.91392370
2026-02-25 05:00:00,0.00400610,0.00401380,0.00388960,0.00392350,3414271.01170240
2026-02-25 09:00:00,0.00392350,0.00402310,0.00391600,0.00399320,4179106.17198920
2026-02-25 13:00:00,0.00399320,0.00419780,0.00399010,0.00418510,7692924.28097870
2026-02-25 17:00:00,0.00418510,0.00438650,0.00416430,0.00435650,7884266.50957000
2026-02-25 21:00:00,0.00435650,0.00445260,0.00407270,0.00413560,6839308.37165120
2026-02-26 01:00:00,0.00413560,0.00417750,0.00403350,0.00409390,4987452.31993490
2026-02-26 05:00:00,0.00409390,0.00414090,0.00401610,0.00403490,3923407.14753440
2026-02-26 09:00:00,0.00403490,0.00406860,0.00393110,0.00395790,4774867.73221390
2026-02-26 13:00:00,0.00395790,0.00399310,0.00386830,0.00389440,5175946.88940390
2026-02-26 17:00:00,0.00389440,0.00389690,0.00377410,0.00384750,5674220.75273880
2026-02-26 21:00:00,0.00384750,0.00386380,0.00378600,0.00382350,2863936.38020690
2026-02-27 01:00:00,0.00382350,0.00387430,0.00380250,0.00384110,3019706.29104660
2026-02-27 05:00:00,0.00384110,0.00391400,0.00383920,0.00388190,3192448.12706220
2026-02-27 09:00:00,0.00388190,0.00390380,0.00370360,0.00373150,4635422.55228270
2026-02-27 13:00:00,0.00373150,0.00374460,0.00366860,0.00368030,4542107.74927940
2026-02-27 17:00:00,0.00368030,0.00370550,0.00362890,0.00365390,3808821.08149510
2026-02-27 21:00:00,0.00365390,0.00369270,0.00360000,0.00368020,2692774.79506960
2026-02-28 01:00:00,0.00368020,0.00369480,0.00363690,0.00364960,2127616.95682480
2026-02-28 05:00:00,0.00364960,0.00365990,0.00342920,0.00350280,7141806.26366550
2026-02-28 09:00:00,0.00350280,0.00350240,0.00342190,0.00344960,4012916.16805290
2026-02-28 13:00:00,0.00344960,0.00358830,0.00344900,0.00353720,4931691.59252480
2026-02-28 17:00:00,0.00353720,0.00364340,0.00351230,0.00360660,3468818.06373840
2026-02-28 21:00:00,0.00360660,0.00369640,0.00359270,0.00365310,3711667.71170730
2026-03-01 01:00:00,0.00365310,0.00378700,0.00360750,0.00367340,4672055.92759450
2026-03-01 05:00:00,0.00367340,0.00368640,0.00359660,0.00363640,2497510.24676300
2026-03-01 09:00:00,0.00363640,0.00363970,0.00353660,0.00354370,2865939.63464700
2026-03-01 13:00:00,0.00354370,0.00360870,0.00349170,0.00351810,4898944.10319080
2026-03-01 17:00:00,0.00351810,0.00353970,0.00341880,0.00343310,5684476.32230300
2026-03-01 21:00:00,0.00343310,0.00347340,0.00335710,0.00344880,5547090.06683260
2026-03-02 01:00:00,0.00344880,0.00353490,0.00343520,0.00347510,3884186.04341600
2026-03-02 05:00:00,0.00347510,0.00347720,0.00338400,0.00340380,3057931.42418990
2026-03-02 09:00:00,0.00340380,0.00348760,0.00336590,0.00347130,3583968.75379560
2026-03-02 13:00:00,0.00347130,0.00368100,0.00342910,0.00363480,8189626.91132160
2026-03-02 17:00:00,0.00363480,0.00369940,0.00354660,0.00358930,7415128.22514720
2026-03-02 21:00:00,0.00358930,0.00361490,0.00350210,0.00351510,3413750.80875960
2026-03-03 01:00:00,0.00351510,0.00354220,0.00346110,0.00349490,3392407.56807790
2026-03-03 05:00:00,0.00349490,0.00354950,0.00345330,0.00347340,3432418.35724470
2026-03-03 09:00:00,0.00347340,0.00347620,0.00337270,0.00341150,4724628.90668040
2026-03-03 13:00:00,0.00341150,0.00348410,0.00334110,0.00346700,7311137.43876140
2026-03-03 17:00:00,0.00346700,0.00354730,0.00340900,0.00343930,5197420.49205330
2026-03-03 21:00:00,0.00343930,0.00350170,0.00338820,0.00345920,2554085.95509640
2026-03-04 01:00:00,0.00345920,0.00349960,0.00338930,0.00342450,3053981.88813460
2026-03-04 05:00:00,0.00342450,0.00349770,0.00339350,0.00347660,2477193.53111200
2026-03-04 09:00:00,0.00347660,0.00360400,0.00345790,0.00354630,6467524.84944240
2026-03-04 13:00:00,0.00354630,0.00373960,0.00350750,0.00372860,10055222.70146250
2026-03-04 17:00:00,0.00372860,0.00378890,0.00363220,0.00374250,8057912.87869620
2026-03-04 21:00:00,0.00374250,0.00374760,0.00362680,0.00364930,4459441.59451700
2026-03-05 01:00:00,0.00364930,0.00365570,0.00357730,0.00360540,3177529.94178790
2026-03-05 05:00:00,0.00360540,0.00363850,0.00352420,0.00353890,3878780.94627130
2026-03-05 09:00:00,0.00353890,0.00362350,0.00353170,0.00354280,5250652.83863660
2026-03-05 13:00:00,0.00354280,0.00356510,0.00347380,0.00347930,6080598.41304300
2026-03-05 17:00:00,0.00347930,0.00350470,0.00340480,0.00348020,5958333.09562380
2026-03-05 21:00:00,0.00348020,0.00353320,0.00346600,0.00347410,2667595.67368970
2026-03-06 01:00:00,0.00347410,0.00351440,0.00345790,0.00348530,2278711.68030030
2026-03-06 05:00:00,0.00348530,0.00352530,0.00346390,0.00351330,1991031.63012550
2026-03-06 09:00:00,0.00351330,0.00351380,0.00342310,0.00344190,3178082.25941890
2026-03-06 13:00:00,0.00344190,0.00348820,0.00332250,0.00336220,7701455.21455340
2026-03-06 17:00:00,0.00336220,0.00337980,0.00329440,0.00336250,3996917.83434070
2026-03-06 21:00:00,0.00336250,0.00340710,0.00335350,0.00338560,2103495.66374270
2026-03-07 01:00:00,0.00338560,0.00342280,0.00337390,0.00337850,2070385.35297470
2026-03-07 05:00:00,0.00337850,0.00338460,0.00333680,0.00335170,1648759.25414720
2026-03-07 09:00:00,0.00335170,0.00336600,0.00333060,0.00335780,1149760.19916220
2026-03-07 13:00:00,0.00335780,0.00336390,0.00321960,0.00326820,5276183.79359340
2026-03-07 17:00:00,0.00326820,0.00327230,0.00322850,0.00323730,4123215.33496880
2026-03-07 21:00:00,0.00323730,0.00325720,0.00319840,0.00324590,3039297.27140860
2026-03-08 01:00:00,0.00324590,0.00324960,0.00318300,0.00319620,3146263.51069180
2026-03-08 05:00:00,0.00319620,0.00322740,0.00317050,0.00322220,2501096.52238430
2026-03-08 09:00:00,0.00322220,0.00329340,0.00320620,0.00324570,4697094.69690550
2026-03-08 13:00:00,0.00324570,0.00325440,0.00315390,0.00317380,4828989.08126720
2026-03-08 17:00:00,0.00317380,0.00319790,0.00312660,0.00318490,4735423.00755680
2026-03-08 21:00:00,0.00318490,0.00321650,0.00311930,0.00317920,10137136.12336070
2026-03-09 01:00:00,0.00317920,0.00328950,0.00317840,0.00324230,5837266.71224080
2026-03-09 05:00:00,0.00324230,0.00331470,0.00322000,0.00324720,3870214.97189610
2026-03-09 09:00:00,0.00324720,0.00328700,0.00322980,0.00326660,3011381.28374500
2026-03-09 13:00:00,0.00326660,0.00333900,0.00326680,0.00332040,7523064.33403180
2026-03-09 17:00:00,0.00332040,0.00338510,0.00328270,0.00331270,9790733.86127550
2026-03-09 21:00:00,0.00331270,0.00333310,0.00323550,0.00326270,4518682.20188940
2026-03-10 01:00:00,0.00326270,0.00334260,0.00325680,0.00329580,3687753.80698540
2026-03-10 05:00:00,0.00329580,0.00332460,0.00327020,0.00331910,2521804.21271340
2026-03-10 09:00:00,0.00331910,0.00340220,0.00331690,0.00338510,5217277.26793560
2026-03-10 13:00:00,0.00338510,0.00349460,0.00330630,0.00346950,9569642.85715880
2026-03-10 17:00:00,0.00346950,0.00352630,0.00330390,0.00333080,6753836.30964720
2026-03-10 21:00:00,0.00333080,0.00334720,0.00327500,0.00329740,2620141.46425760
2026-03-11 01:00:00,0.00329740,0.00331110,0.00326040,0.00328660,2215443.17287660
2026-03-11 05:00:00,0.00328660,0.00331170,0.00324400,0.00327120,2042341.22873280
2026-03-11 09:00:00,0.00327120,0.00329270,0.00325080,0.00327920,1636894.15809690
2026-03-11 13:00:00,0.00327920,0.00338520,0.00326430,0.00333540,5118496.56562860
2026-03-11 17:00:00,0.00333540,0.00339030,0.00332560,0.00336550,2894193.34424540
2026-03-11 21:00:00,0.00336550,0.00336960,0.00332500,0.00332820,2518378.27020350
2026-03-12 01:00:00,0.00332820,0.00333440,0.00327080,0.00327750,2425571.40037510
2026-03-12 05:00:00,0.00327750,0.00329910,0.00325970,0.00329180,1691765.62696450
2026-03-12 09:00:00,0.00329180,0.00335310,0.00325250,0.00332710,3305998.09322710
2026-03-12 13:00:00,0.00332710,0.00335090,0.00325710,0.00329520,4234859.51652650
2026-03-12 17:00:00,0.00329520,0.00336140,0.00327040,0.00335110,3678950.37780590
2026-03-12 21:00:00,0.00335110,0.00339070,0.00331330,0.00334940,2799262.07787580
2026-03-13 01:00:00,0.00334940,0.00346670,0.00333770,0.00345440,5877386.51746480
2026-03-13 05:00:00,0.00345440,0.00346750,0.00341390,0.00344590,2525897.80795120
2026-03-13 09:00:00,0.00344590,0.00362160,0.00343310,0.00360240,6456136.79067080
2026-03-13 13:00:00,0.00360240,0.00367600,0.00345300,0.00347870,13094963.06895520
2026-03-13 17:00:00,0.00347870,0.00349880,0.00337850,0.00338940,4117374.41359830
2026-03-13 21:00:00,0.00338940,0.00342490,0.00335380,0.00336890,2200556.25766480
2026-03-14 01:00:00,0.00336890,0.00341880,0.00335640,0.00340390,1893159.58565350
2026-03-14 05:00:00,0.00340390,0.00342900,0.00332560,0.00334200,2443267.85648410
2026-03-14 09:00:00,0.00334200,0.00335640,0.00331740,0.00333960,1687585.79746740
2026-03-14 13:00:00,0.00333960,0.00337590,0.00332580,0.00334700,2000919.46419640
2026-03-14 17:00:00,0.00334700,0.00335800,0.00331540,0.00331900,1018202.05015400
2026-03-14 21:00:00,0.00331900,0.00336110,0.00329770,0.00335320,1439292.77655990
2026-03-15 01:00:00,0.00335320,0.00339360,0.00332360,0.00336280,2198001.60922560
2026-03-15 05:00:00,0.00336280,0.00337660,0.00333480,0.00335500,1639984.16258820
2026-03-15 09:00:00,0.00335500,0.00338650,0.00335470,0.00337840,1407147.65961920
2026-03-15 13:00:00,0.00337840,0.00338690,0.00333130,0.00334120,1871046.64397400
2026-03-15 17:00:00,0.00334120,0.00338080,0.00331550,0.00335610,2347047.95188770
2026-03-15 21:00:00,0.00335610,0.00346210,0.00334520,0.00345580,3921464.69239770
2026-03-16 01:00:00,0.00345580,0.00362700,0.00345310,0.00359710,6363169.93966820
2026-03-16 05:00:00,0.00359710,0.00404680,0.00359710,0.00402490,17127380.95700730
2026-03-16 09:00:00,0.00402490,0.00409350,0.00388740,0.00397050,23942562.11151430
2026-03-16 13:00:00,0.00397050,0.00413780,0.00389150,0.00390190,23617202.08969210
2026-03-16 17:00:00,0.00390190,0.00403270,0.00389870,0.00399520,9086757.63333130
2026-03-16 21:00:00,0.00399520,0.00404390,0.00393910,0.00400800,8259059.04152570
2026-03-17 01:00:00,0.00400800,0.00402280,0.00390110,0.00391950,8366246.07183930
2026-03-17 05:00:00,0.00391950,0.00392960,0.00377700,0.00381290,9476963.03284660
2026-03-17 09:00:00,0.00381290,0.00382680,0.00370670,0.00371120,6483787.25927770
2026-03-17 13:00:00,0.00371120,0.00372670,0.00362450,0.00364190,12203384.98010130
2026-03-17 17:00:00,0.00364190,0.00373630,0.00363190,0.00368460,5795122.33383910
2026-03-17 21:00:00,0.00368460,0.00372930,0.00365600,0.00366410,4153956.23171230
2026-03-18 01:00:00,0.00366410,0.00379900,0.00364700,0.00373540,6295542.71342670
2026-03-18 05:00:00,0.00373540,0.00374060,0.00364510,0.00366660,7884476.04122770
2026-03-18 09:00:00,0.00366660,0.00368330,0.00355210,0.00358740,5413018.62264080
2026-03-18 13:00:00,0.00358740,0.00359110,0.00344260,0.00346580,8098785.24465170
2026-03-18 17:00:00,0.00346580,0.00353290,0.00342830,0.00347300,5937995.44166690
2026-03-18 21:00:00,0.00347300,0.00352600,0.00345610,0.00352370,2828052.48690830
2026-03-19 01:00:00,0.00352370,0.00356780,0.00349320,0.00351630,2821401.63544820
2026-03-19 05:00:00,0.00351630,0.00351930,0.00342140,0.00345420,3199365.45335270
2026-03-19 09:00:00,0.00345420,0.00348730,0.00344160,0.00344410,2079259.65106890
2026-03-19 13:00:00,0.00344410,0.00344680,0.00334350,0.00340010,9205084.54756100
2026-03-19 17:00:00,0.00340010,0.00341870,0.00333030,0.00339340,3829258.22576590
2026-03-19 21:00:00,0.00339340,0.00341960,0.00338810,0.00341310,1468879.50316830
2026-03-20 01:00:00,0.00341310,0.00345290,0.00340520,0.00342340,2203894.34632760
2026-03-20 05:00:00,0.00342340,0.00348170,0.00340910,0.00344590,2689344.80121150
2026-03-20 09:00:00,0.00344590,0.00347340,0.00341610,0.00342660,2031089.58927880
2026-03-20 13:00:00,0.00342660,0.00344320,0.00338290,0.00343660,2559866.32587490
2026-03-20 17:00:00,0.00343660,0.00344740,0.00336900,0.00340340,2298075.06637430
2026-03-20 21:00:00,0.00340340,0.00345050,0.00337950,0.00341330,1442751.27133450
2026-03-21 01:00:00,0.00341330,0.00343600,0.00340830,0.00343220,1040866.57561350
2026-03-21 05:00:00,0.00343220,0.00345730,0.00341940,0.00342540,1555657.90816600
2026-03-21 09:00:00,0.00342540,0.00343520,0.00340270,0.00341240,1045557.52377180
2026-03-21 13:00:00,0.00341240,0.00344730,0.00340350,0.00344720,1713870.68879380
2026-03-21 17:00:00,0.00344720,0.00344830,0.00340010,0.00340480,1073743.77950780
2026-03-21 21:00:00,0.00340480,0.00344150,0.00327810,0.00331090,3401897.83740960
2026-03-22 01:00:00,0.00331090,0.00337660,0.00325040,0.00334570,3703200.07458300
2026-03-22 05:00:00,0.00334570,0.00336520,0.00331810,0.00331940,1615867.50283250
2026-03-22 09:00:00,0.00331940,0.00332450,0.00328460,0.00328970,1930357.44908640
2026-03-22 13:00:00,0.00328970,0.00333590,0.00328750,0.00330760,1477003.39702190
2026-03-22 17:00:00,0.00330760,0.00331180,0.00325630,0.00326840,1813160.46999080
2026-03-22 21:00:00,0.00326840,0.00330570,0.00321830,0.00327530,2571430.67112900
2026-03-23 01:00:00,0.00327530,0.00334660,0.00326370,0.00331610,1701965.89510640
2026-03-23 05:00:00,0.00331610,0.00334980,0.00326860,0.00327910,2325218.13758740
2026-03-23 09:00:00,0.00327910,0.00348410,0.00324490,0.00337680,7459500.68608970
2026-03-23 13:00:00,0.00337680,0.00356930,0.00335520,0.00345110,7019415.62918320
2026-03-23 17:00:00,0.00345110,0.00354140,0.00340310,0.00349400,4035789.98468420
2026-03-23 21:00:00,0.00349400,0.00352550,0.00342610,0.00345430,1871800.01856640
2026-03-24 01:00:00,0.00345430,0.00346600,0.00338280,0.00342780,2104516.29134040
2026-03-24 05:00:00,0.00342780,0.00349220,0.00339440,0.00348250,1984232.12789870
2026-03-24 09:00:00,0.00348250,0.00348890,0.00340290,0.00341970,2602780.32912400
2026-03-24 13:00:00,0.00341970,0.00344100,0.00337610,0.00341400,3894827.20695640
2026-03-24 17:00:00,0.00341400,0.00343890,0.00337540,0.00342420,1932031.52483060
2026-03-24 21:00:00,0.00342420,0.00353710,0.00342090,0.00353100,2718115.43912730
2026-03-25 01:00:00,0.00353100,0.00355180,0.00348740,0.00352780,1921851.52774550
2026-03-25 05:00:00,0.00352780,0.00361460,0.00351500,0.00357210,2990173.41633070
2026-03-25 09:00:00,0.00357210,0.00359990,0.00352920,0.00355310,2075278.54735570
2026-03-25 13:00:00,0.00355310,0.00360320,0.00349310,0.00351480,4490355.61591180
2026-03-25 17:00:00,0.00351480,0.00355810,0.00350420,0.00353390,2083459.17822150
2026-03-25 21:00:00,0.00353390,0.00354840,0.00350010,0.00353850,1788068.58218730
2026-03-26 01:00:00,0.00353850,0.00354340,0.00347360,0.00349110,1827532.89573840
2026-03-26 05:00:00,0.00349110,0.00349110,0.00342180,0.00344480,2143415.78727770
2026-03-26 09:00:00,0.00344480,0.00344750,0.00338460,0.00339190,2212107.94324630
2026-03-26 13:00:00,0.00339190,0.00343790,0.00337510,0.00338210,2552207.90510280
2026-03-26 17:00:00,0.00338210,0.00339590,0.00336010,0.00337130,2143591.30909570
2026-03-26 21:00:00,0.00337130,0.00344650,0.00336690,0.00340300,2648760.87298200
2026-03-27 01:00:00,0.00340300,0.00343620,0.00339140,0.00339330,1298761.57154810
2026-03-27 05:00:00,0.00339330,0.00340670,0.00337090,0.00339810,1480742.73296110
2026-03-27 09:00:00,0.00339810,0.00340860,0.00324490,0.00328060,4521264.02812900
2026-03-27 13:00:00,0.00328060,0.00332320,0.00325040,0.00330000,2709989.69425470
2026-03-27 17:00:00,0.00330000,0.00331610,0.00326090,0.00328610,1941195.17373000
2026-03-27 21:00:00,0.00328610,0.00329990,0.00325700,0.00327600,1223765.22385320
2026-03-28 01:00:00,0.00327600,0.00328830,0.00325490,0.00326130,965866.06708270
2026-03-28 05:00:00,0.00326130,0.00332430,0.00325220,0.00332360,1228226.64971780
2026-03-28 09:00:00,0.00332360,0.00336520,0.00330830,0.00332350,1819812.05922480
2026-03-28 13:00:00,0.00332350,0.00340150,0.00330820,0.00336780,3114161.86298370
2026-03-28 17:00:00,0.00336780,0.00337680,0.00333440,0.00334440,1239821.47391950
2026-03-28 21:00:00,0.00334440,0.00335520,0.00326910,0.00328130,1758388.62730160
2026-03-29 01:00:00,0.00328130,0.00332350,0.00326590,0.00331300,1200791.27186870
2026-03-29 06:00:00,0.00331300,0.00331620,0.00329150,0.00329860,1026293.08661830
2026-03-29 10:00:00,0.00329860,0.00330600,0.00327020,0.00328870,1499769.19440020
2026-03-29 14:00:00,0.00328870,0.00328930,0.00323220,0.00325750,2816234.31941350
2026-03-29 18:00:00,0.00325750,0.00327120,0.00324230,0.00326190,950786.27554270
2026-03-29 22:00:00,0.00326190,0.00331830,0.00316590,0.00327300,3802257.66743820
2026-03-30 02:00:00,0.00327300,0.00337750,0.00327250,0.00334450,2914685.74569420
2026-03-30 06:00:00,0.00334450,0.00340700,0.00334450,0.00340350,2640285.75521630
2026-03-30 10:00:00,0.00340350,0.00341530,0.00334060,0.00336570,2538495.41692450
2026-03-30 14:00:00,0.00336570,0.00338160,0.00333200,0.00336680,2415585.84256470
2026-03-30 18:00:00,0.00336680,0.00337830,0.00328800,0.00330550,2726866.30655390
2026-03-30 22:00:00,0.00330550,0.00335070,0.00330040,0.00331720,2509951.73093550
2026-03-31 02:00:00,0.00331720,0.00339420,0.00330630,0.00336520,2857087.68273190
2026-03-31 06:00:00,0.00336520,0.00338570,0.00334750,0.00336280,2274011.62253260
2026-03-31 10:00:00,0.00336280,0.00336590,0.00327640,0.00332730,2877079.54763540
2026-03-31 14:00:00,0.00332730,0.00338980,0.00330560,0.00333030,4965762.13045200
2026-03-31 18:00:00,0.00333030,0.00342990,0.00332740,0.00340820,4120183.66297970
2026-03-31 22:00:00,0.00340820,0.00343110,0.00336010,0.00340430,1811057.33020440
2026-04-01 02:00:00,0.00340430,0.00342880,0.00336180,0.00341430,2820736.70012920
2026-04-01 06:00:00,0.00341430,0.00352900,0.00339820,0.00348330,3364444.33086750
2026-04-01 10:00:00,0.00348330,0.00349590,0.00341210,0.00342380,4505481.60926590
2026-04-01 14:00:00,0.00342380,0.00345370,0.00338480,0.00344460,3265519.51380700
2026-04-01 18:00:00,0.00344460,0.00351650,0.00341080,0.00344340,3149423.34455180
2026-04-01 22:00:00,0.00344340,0.00345780,0.00339120,0.00340240,1505100.84223930
2026-04-02 02:00:00,0.00340240,0.00344230,0.00327560,0.00329330,4251341.36458530
2026-04-02 06:00:00,0.00329330,0.00333890,0.00326180,0.00332790,2071246.00881240
2026-04-02 10:00:00,0.00332790,0.00332790,0.00327570,0.00329320,1531006.85241060
2026-04-02 14:00:00,0.00329320,0.00335780,0.00325910,0.00332690,3071955.09562460
2026-04-02 18:00:00,0.00332690,0.00338030,0.00331380,0.00333650,2023381.52664200
2026-04-02 22:00:00,0.00333650,0.00335390,0.00332240,0.00333140,1118283.29110070
2026-04-03 02:00:00,0.00333140,0.00337510,0.00330750,0.00337020,1401317.96780940
2026-04-03 06:00:00,0.00337020,0.00348720,0.00335290,0.00345510,3205162.30659170
2026-04-03 10:00:00,0.00345510,0.00350910,0.00345420,0.00346650,2556873.62780800
2026-04-03 14:00:00,0.00346650,0.00351550,0.00342730,0.00342880,3276576.55583180
2026-04-03 18:00:00,0.00342880,0.00346070,0.00340280,0.00342430,1600967.52660330
2026-04-03 22:00:00,0.00342430,0.00345130,0.00340270,0.00341670,1182713.78425200
2026-04-04 02:00:00,0.00341670,0.00341660,0.00335400,0.00337310,1923975.10302680
2026-04-04 06:00:00,0.00337310,0.00339910,0.00336650,0.00338060,1169587.07329330
2026-04-04 10:00:00,0.00338060,0.00338720,0.00336490,0.00338260,843707.98218080
2026-04-04 14:00:00,0.00338260,0.00339620,0.00334220,0.00337500,1598002.90108330
2026-04-04 18:00:00,0.00337500,0.00345670,0.00335900,0.00340990,1672835.06058800
2026-04-04 22:00:00,0.00340990,0.00341410,0.00339220,0.00340560,748489.23866730
2026-04-05 02:00:00,0.00340560,0.00341050,0.00336610,0.00338730,1011274.44150830
2026-04-05 06:00:00,0.00338730,0.00338730,0.00331290,0.00331880,1762220.23497360
2026-04-05 10:00:00,0.00331880,0.00334580,0.00331240,0.00332380,1354801.04475590
2026-04-05 14:00:00,0.00332380,0.00336570,0.00328940,0.00333390,2430736.08100640
2026-04-05 18:00:00,0.00333390,0.00334510,0.00331450,0.00331990,1019579.74375240
2026-04-05 22:00:00,0.00331990,0.00349410,0.00331000,0.00349410,3417076.75822060
2026-04-06 02:00:00,0.00349410,0.00363350,0.00349400,0.00353870,7516420.49511470
2026-04-06 06:00:00,0.00353870,0.00355970,0.00347260,0.00348620,2868040.12155330
2026-04-06 10:00:00,0.00348620,0.00354670,0.00346710,0.00351680,3063794.23896680
2026-04-06 14:00:00,0.00351680,0.00354160,0.00348030,0.00348730,2721376.32178480
2026-04-06 18:00:00,0.00348730,0.00350870,0.00343770,0.00344940,2665810.37949160
2026-04-06 22:00:00,0.00344940,0.00345860,0.00330390,0.00331960,4395050.68847170
2026-04-07 02:00:00,0.00331960,0.00336950,0.00331070,0.00334760,2559987.17781210
2026-04-07 06:00:00,0.00334760,0.00336910,0.00333240,0.00335470,2075089.63785320
2026-04-07 10:00:00,0.00335470,0.00341370,0.00334070,0.00334380,2910649.32968040
2026-04-07 14:00:00,0.00334380,0.00336080,0.00331640,0.00335500,3375478.62851580
2026-04-07 18:00:00,0.00335500,0.00347860,0.00334340,0.00347730,5363849.34110950
2026-04-07 22:00:00,0.00347730,0.00377690,0.00347060,0.00372150,11963781.76954030
2026-04-08 02:00:00,0.00372150,0.00378360,0.00364210,0.00370650,7186659.73934440
2026-04-08 06:00:00,0.00370650,0.00374360,0.00368310,0.00369480,3404760.90780030
2026-04-08 10:00:00,0.00369480,0.00370600,0.00361860,0.00365240,4056726.48199060
2026-04-08 14:00:00,0.00365240,0.00367190,0.00356720,0.00358990,7765982.29576030
2026-04-08 18:00:00,0.00358990,0.00360570,0.00352690,0.00353950,3441106.09453570
2026-04-08 22:00:00,0.00353950,0.00358770,0.00352230,0.00353870,3945400.36247480
2026-04-09 02:00:00,0.00353870,0.00355070,0.00348810,0.00349360,3361683.00667010
2026-04-09 06:00:00,0.00349360,0.00349370,0.00345430,0.00346210,2888975.22128250
2026-04-09 10:00:00,0.00346210,0.00347960,0.00343310,0.00346070,2580185.01728500
2026-04-09 14:00:00,0.00346070,0.00353580,0.00343530,0.00351450,3694766.25036280
2026-04-09 18:00:00,0.00351450,0.00354430,0.00345390,0.00354190,5200022.73053450
2026-04-09 22:00:00,0.00354190,0.00367240,0.00349850,0.00351340,6250596.42113910
2026-04-10 02:00:00,0.00351340,0.00352730,0.00347270,0.00349170,2475568.62412800
2026-04-10 06:00:00,0.00349170,0.00357210,0.00347900,0.00348200,2482771.91283900
2026-04-10 10:00:00,0.00348200,0.00351000,0.00346260,0.00349240,2249183.28303860
2026-04-10 14:00:00,0.00349240,0.00359960,0.00348780,0.00356200,4558963.99838890
2026-04-10 18:00:00,0.00356200,0.00370110,0.00356200,0.00369110,3922821.24250500
2026-04-10 22:00:00,0.00369110,0.00369920,0.00362450,0.00362840,3232400.45164740
2026-04-11 02:00:00,0.00362840,0.00363860,0.00358630,0.00359380,2549643.09008460
2026-04-11 06:00:00,0.00359380,0.00361370,0.00356590,0.00358580,1645186.96312770
2026-04-11 10:00:00,0.00358580,0.00360880,0.00356700,0.00357150,1615584.74778550
2026-04-11 14:00:00,0.00357150,0.00360570,0.00352710,0.00360060,2869877.65520380
2026-04-11 18:00:00,0.00360060,0.00376790,0.00359330,0.00376620,4659804.51965460
2026-04-11 22:00:00,0.00376620,0.00384990,0.00362530,0.00363890,6346662.51157120
2026-04-12 02:00:00,0.00363890,0.00365450,0.00348040,0.00348450,5039064.47147270
2026-04-12 06:00:00,0.00348450,0.00353050,0.00347590,0.00350480,2136900.11771390
2026-04-12 10:00:00,0.00350480,0.00350740,0.00347980,0.00349990,1309307.31893300
2026-04-12 14:00:00,0.00349990,0.00351880,0.00343880,0.00345150,3038106.41626590
2026-04-12 18:00:00,0.00345150,0.00351720,0.00345000,0.00347240,1657931.73325410
2026-04-12 22:00:00,0.00347240,0.00351460,0.00344470,0.00345880,2145261.59707060
2026-04-13 02:00:00,0.00345880,0.00351070,0.00345250,0.00348350,1624392.28177700
2026-04-13 06:00:00,0.00348350,0.00350290,0.00346080,0.00346550,1736427.51689180
2026-04-13 10:00:00,0.00346550,0.00348950,0.00345440,0.00348270,1251248.31132820
2026-04-13 14:00:00,0.00348270,0.00357680,0.00347620,0.00351930,4917864.55480790
2026-04-13 18:00:00,0.00351930,0.00364050,0.00348480,0.00362780,4125955.36914020
2026-04-13 22:00:00,0.00362780,0.00376840,0.00357140,0.00375060,8004028.14032840
2026-04-14 02:00:00,0.00375060,0.00377630,0.00369820,0.00370250,4330182.85832020
2026-04-14 06:00:00,0.00370250,0.00372930,0.00363380,0.00364470,2959331.07280110
2026-04-14 10:00:00,0.00364470,0.00374120,0.00363280,0.00370280,3613284.82892260
2026-04-14 14:00:00,0.00370280,0.00379800,0.00366190,0.00368030,7440852.92481820
2026-04-14 18:00:00,0.00368030,0.00370820,0.00354820,0.00358130,4919488.88071230
2026-04-14 22:00:00,0.00358130,0.00361290,0.00356100,0.00356430,2515405.21540830
2026-04-15 02:00:00,0.00356430,0.00362950,0.00356330,0.00359090,2168381.74970310
2026-04-15 06:00:00,0.00359090,0.00360790,0.00352810,0.00354350,2130119.94036630
2026-04-15 10:00:00,0.00354350,0.00362750,0.00353870,0.00361250,2364850.38653980
2026-04-15 14:00:00,0.00361250,0.00368220,0.00358870,0.00364460,4310347.21501730
2026-04-15 18:00:00,0.00364460,0.00379940,0.00364000,0.00377330,5066270.46732300
2026-04-15 22:00:00,0.00377330,0.00378090,0.00369460,0.00372190,3806053.33848720
2026-04-16 02:00:00,0.00372190,0.00401820,0.00369880,0.00397180,10373637.53420170
2026-04-16 06:00:00,0.00397180,0.00403430,0.00384210,0.00386180,7426121.08728450
2026-04-16 10:00:00,0.00386180,0.00386500,0.00373380,0.00377510,6941103.33967200
2026-04-16 14:00:00,0.00377510,0.00390050,0.00371750,0.00386220,10206585.49367960
2026-04-16 18:00:00,0.00386220,0.00404800,0.00384750,0.00403420,10242239.50216650
2026-04-16 22:00:00,0.00403420,0.00405970,0.00392890,0.00397650,5020335.96241680
2026-04-17 02:00:00,0.00397650,0.00403700,0.00391000,0.00392970,5389168.44659210
2026-04-17 06:00:00,0.00392970,0.00394580,0.00382570,0.00387260,4186345.51419600
2026-04-17 10:00:00,0.00387260,0.00396700,0.00386470,0.00392270,4864946.83353450
2026-04-17 14:00:00,0.00392270,0.00411980,0.00390320,0.00402870,10772697.40625770
2026-04-17 18:00:00,0.00402870,0.00411630,0.00402110,0.00403460,6793472.52251800
2026-04-17 22:00:00,0.00403460,0.00405010,0.00393850,0.00395260,3637703.12810980
2026-04-18 02:00:00,0.00395260,0.00397910,0.00391130,0.00391980,2486573.01858310
2026-04-18 06:00:00,0.00391980,0.00396860,0.00391010,0.00395700,2320906.55990020
2026-04-18 10:00:00,0.00395700,0.00395790,0.00379720,0.00382320,5066145.57127580
2026-04-18 14:00:00,0.00382320,0.00384970,0.00379280,0.00382110,2838546.31247670
2026-04-18 18:00:00,0.00382110,0.00382680,0.00375070,0.00377420,3457346.60829100
2026-04-18 22:00:00,0.00377420,0.00381450,0.00376570,0.00377370,1518627.79521960
2026-04-19 02:00:00,0.00377370,0.00379580,0.00373410,0.00376070,2488250.32904470
2026-04-19 06:00:00,0.00376070,0.00380780,0.00371800,0.00375260,3377917.96217560
2026-04-19 10:00:00,0.00375260,0.00376030,0.00370700,0.00374420,2437029.14126470
2026-04-19 14:00:00,0.00374420,0.00383970,0.00371750,0.00380000,5778331.77473870
2026-04-19 18:00:00,0.00380000,0.00381990,0.00367890,0.00373610,4926635.42429260
2026-04-19 22:00:00,0.00373610,0.00373650,0.00361770,0.00364690,3097304.74736040
2026-04-20 02:00:00,0.00364690,0.00371530,0.00364100,0.00370240,2480248.62049540
2026-04-20 06:00:00,0.00370240,0.00379100,0.00367490,0.00374690,2987453.35749610
2026-04-20 10:00:00,0.00374690,0.00378990,0.00372440,0.00375500,2146615.11538110
2026-04-20 14:00:00,0.00375500,0.00379690,0.00371220,0.00378310,3729431.45901340
2026-04-20 18:00:00,0.00378310,0.00384510,0.00373870,0.00380440,3763315.64398760
2026-04-20 22:00:00,0.00380440,0.00382540,0.00373820,0.00375480,2395922.25317200
2026-04-21 02:00:00,0.00375480,0.00377220,0.00372580,0.00373950,1465462.72325780
2026-04-21 06:00:00,0.00373950,0.00379990,0.00373280,0.00377000,1778413.93958730
2026-04-21 10:00:00,0.00377000,0.00383820,0.00376630,0.00380240,2691623.63067620
2026-04-21 14:00:00,0.00380240,0.00382510,0.00375070,0.00378870,3114391.18659350
2026-04-21 18:00:00,0.00378870,0.00381790,0.00369820,0.00371360,4146850.54816050
2026-04-21 22:00:00,0.00371360,0.00382110,0.00371090,0.00381630,2440361.08336670
2026-04-22 02:00:00,0.00381630,0.00394660,0.00378840,0.00386520,4669481.76995140
2026-04-22 06:00:00,0.00386520,0.00393210,0.00385610,0.00388510,3080778.10226430
2026-04-22 10:00:00,0.00388510,0.00398570,0.00387410,0.00394410,3902731.78504600
2026-04-22 14:00:00,0.00394410,0.00396170,0.00389300,0.00393120,3810744.94040650
2026-04-22 18:00:00,0.00393120,0.00394990,0.00384030,0.00386370,3108464.26821330
2026-04-22 22:00:00,0.00386370,0.00387300,0.00378360,0.00379220,2133065.01743800
2026-04-23 02:00:00,0.00379220,0.00380680,0.00372350,0.00374980,3225581.20128780
2026-04-23 06:00:00,0.00374980,0.00382690,0.00374160,0.00379660,1955119.82686270
2026-04-23 10:00:00,0.00379660,0.00379940,0.00373410,0.00377120,2710367.14728580
2026-04-23 14:00:00,0.00377120,0.00384960,0.00376720,0.00383730,2679751.70229950
2026-04-23 18:00:00,0.00383730,0.00384480,0.00369940,0.00376610,3016955.96706530
2026-04-23 22:00:00,0.00376610,0.00383820,0.00376580,0.00382660,1762856.26430180
2026-04-24 02:00:00,0.00382660,0.00388470,0.00379810,0.00383110,2699492.34501890
2026-04-24 06:00:00,0.00383110,0.00385780,0.00379460,0.00383280,1848064.70249070
2026-04-24 10:00:00,0.00383280,0.00386910,0.00378870,0.00385920,2330695.05771930
2026-04-24 14:00:00,0.00385920,0.00388890,0.00381540,0.00388540,3242058.83113200
2026-04-24 18:00:00,0.00388540,0.00390540,0.00385160,0.00388400,2887931.96468700
2026-04-24 22:00:00,0.00388400,0.00392970,0.00385410,0.00386310,2197479.87002390
2026-04-25 02:00:00,0.00386310,0.00389780,0.00384790,0.00388830,1383488.39319780
2026-04-25 06:00:00,0.00388830,0.00389660,0.00385620,0.00385620,1323481.10915010
2026-04-25 10:00:00,0.00385620,0.00389220,0.00382570,0.00383680,1803108.22958860
2026-04-25 14:00:00,0.00383680,0.00385610,0.00381520,0.00382590,1604723.17613030
2026-04-25 18:00:00,0.00382590,0.00383500,0.00378180,0.00380780,1800470.85055370
2026-04-25 22:00:00,0.00380780,0.00385490,0.00380240,0.00384890,965246.85579230
2026-04-26 02:00:00,0.00384890,0.00386190,0.00381280,0.00383550,1486725.54730160
2026-04-26 06:00:00,0.00383550,0.00390240,0.00382360,0.00389470,2057859.05095690
2026-04-26 10:00:00,0.00389470,0.00394760,0.00387550,0.00393440,1962486.29705540
2026-04-26 14:00:00,0.00393440,0.00394220,0.00388040,0.00392240,2320794.36094140
2026-04-26 18:00:00,0.00392240,0.00393270,0.00387990,0.00390850,1720262.93321930
2026-04-26 22:00:00,0.00390850,0.00393950,0.00385200,0.00389400,2853410.12871950
2026-04-27 02:00:00,0.00389400,0.00402360,0.00388110,0.00399650,4247219.25409230
2026-04-27 06:00:00,0.00399650,0.00400020,0.00380690,0.00382220,5801608.68749340
2026-04-27 10:00:00,0.00382220,0.00385250,0.00381370,0.00385160,2296019.72239970
2026-04-27 14:00:00,0.00385160,0.00390480,0.00376650,0.00379490,5047750.76234420
2026-04-27 18:00:00,0.00379490,0.00383520,0.00376780,0.00381460,2813805.38267050
2026-04-27 22:00:00,0.00381460,0.00391520,0.00381270,0.00390650,2572624.72615340
2026-04-28 02:00:00,0.00390650,0.00390990,0.00384960,0.00386700,2442369.62763970
2026-04-28 06:00:00,0.00386700,0.00390420,0.00382140,0.00385620,2719210.75651160
2026-04-28 10:00:00,0.00385620,0.00388590,0.00381710,0.00382870,2754106.91192740
2026-04-28 14:00:00,0.00382870,0.00387420,0.00380880,0.00387070,3926737.79747590
2026-04-28 18:00:00,0.00387070,0.00391000,0.00383550,0.00389690,2471150.41269820
2026-04-28 22:00:00,0.00389690,0.00390750,0.00386220,0.00387820,1271893.19078180
2026-04-29 02:00:00,0.00387820,0.00391500,0.00386090,0.00391140,1943284.45485260
2026-04-29 06:00:00,0.00391140,0.00395970,0.00388970,0.00394410,4082472.83378330
2026-04-29 10:00:00,0.00394410,0.00415830,0.00393110,0.00410940,12265032.29446610
2026-04-29 14:00:00,0.00410940,0.00411740,0.00380670,0.00381090,12160774.82768910
2026-04-29 18:00:00,0.00381090,0.00387850,0.00373370,0.00379940,6466174.10600620
2026-04-29 22:00:00,0.00379940,0.00386580,0.00378960,0.00385260,2371890.13000510
2026-04-30 02:00:00,0.00385260,0.00394330,0.00381170,0.00385300,5420590.71831090
2026-04-30 06:00:00,0.00385300,0.00392690,0.00379770,0.00390960,2979631.26701630
2026-04-30 10:00:00,0.00390960,0.00394600,0.00388240,0.00389480,3433127.73075080
2026-04-30 14:00:00,0.00389480,0.00391120,0.00383480,0.00388800,2857021.04887980
2026-04-30 18:00:00,0.00388800,0.00389900,0.00385870,0.00387930,1475974.04008680
2026-04-30 22:00:00,0.00387930,0.00388580,0.00384740,0.00387270,1271494.71921180
2026-05-01 02:00:00,0.00387270,0.00398450,0.00387120,0.00394760,3000882.27229470
2026-05-01 06:00:00,0.00394760,0.00397890,0.00390580,0.00392360,2260830.51585240
2026-05-01 10:00:00,0.00392360,0.00394410,0.00389240,0.00392660,1561083.63923950
2026-05-01 14:00:00,0.00392660,0.00402830,0.00392380,0.00399230,4700107.38568140
2026-05-01 18:00:00,0.00399230,0.00400750,0.00396070,0.00398200,2128624.50817630
2026-05-01 22:00:00,0.00398200,0.00398960,0.00392010,0.00393660,2249845.34979230
2026-05-02 02:00:00,0.00393660,0.00394650,0.00391880,0.00393010,1359617.59538750
2026-05-02 06:00:00,0.00393010,0.00394460,0.00389260,0.00392970,1715780.62001250
2026-05-02 10:00:00,0.00392970,0.00394380,0.00390670,0.00391410,1180034.94355910
2026-05-02 14:00:00,0.00391410,0.00397540,0.00391040,0.00397480,1931034.66048330
2026-05-02 18:00:00,0.00397480,0.00399970,0.00394160,0.00397500,1966597.07299260
2026-05-02 22:00:00,0.00397500,0.00400840,0.00396590,0.00399110,2310899.59365280
2026-05-03 02:00:00,0.00399110,0.00399490,0.00391200,0.00394020,2098815.42692740
2026-05-03 06:00:00,0.00394020,0.00394870,0.00391660,0.00393490,1414938.53893870
2026-05-03 10:00:00,0.00393490,0.00396180,0.00392120,0.00394730,1752289.91442640
2026-05-03 14:00:00,0.00394730,0.00397500,0.00394480,0.00395590,2141895.56780740
2026-05-03 18:00:00,0.00395590,0.00396900,0.00392880,0.00395720,1359758.90721780
2026-05-03 22:00:00,0.00395720,0.00399560,0.00392550,0.00394100,2786041.23711150
2026-05-04 02:00:00,0.00394100,0.00409750,0.00390240,0.00409330,6490534.85375120
2026-05-04 06:00:00,0.00409330,0.00412810,0.00398790,0.00402890,3977966.56780580
2026-05-04 10:00:00,0.00402890,0.00406470,0.00393180,0.00398240,5383150.81647180
2026-05-04 14:00:00,0.00398240,0.00407870,0.00395670,0.00400030,5846787.24925070
2026-05-04 18:00:00,0.00400030,0.00406650,0.00397430,0.00400710,3258388.03242150
2026-05-04 22:00:00,0.00400710,0.00402750,0.00397320,0.00398100,2228385.03671870
2026-05-05 02:00:00,0.00398100,0.00404990,0.00397640,0.00403590,1986575.78151450
2026-05-05 06:00:00,0.00403590,0.00410640,0.00401930,0.00407310,3367456.72866320
2026-05-05 10:00:00,0.00407310,0.00409470,0.00404430,0.00408210,3575844.33537960
2026-05-05 14:00:00,0.00408210,0.00415120,0.00406590,0.00408480,6772613.62059880
2026-05-05 18:00:00,0.00408480,0.00412320,0.00404750,0.00411900,3277440.88392620
2026-05-05 22:00:00,0.00411900,0.00422880,0.00408950,0.00411330,8159067.02175250
2026-05-06 02:00:00,0.00411330,0.00426030,0.00410230,0.00423250,4293553.70571080
2026-05-06 06:00:00,0.00423250,0.00425370,0.00418280,0.00421640,3591151.00084210
2026-05-06 10:00:00,0.00421640,0.00427350,0.00420740,0.00425090,4868524.90919260
2026-05-06 14:00:00,0.00425090,0.00425450,0.00408430,0.00415010,6556431.19031490
2026-05-06 18:00:00,0.00415010,0.00417500,0.00412230,0.00414350,2070072.74267780
2026-05-06 22:00:00,0.00414350,0.00418390,0.00411200,0.00416050,2546504.61883020
2026-05-07 02:00:00,0.00416050,0.00416840,0.00407350,0.00408940,3501249.58851090
2026-05-07 06:00:00,0.00408940,0.00424910,0.00408130,0.00423750,3180205.14166200
2026-05-07 10:00:00,0.00423750,0.00424380,0.00415010,0.00418840,2752272.99192930
2026-05-07 14:00:00,0.00418840,0.00427360,0.00408730,0.00411160,7067068.39681180
2026-05-07 18:00:00,0.00411160,0.00420070,0.00409580,0.00414500,3303255.10194740
2026-05-07 22:00:00,0.00414500,0.00417630,0.00410550,0.00415450,2094874.00466180
2026-05-08 02:00:00,0.00415450,0.00416900,0.00408140,0.00412850,2121507.15572030
2026-05-08 06:00:00,0.00412850,0.00414990,0.00410430,0.00413610,1468274.25738530
2026-05-08 10:00:00,0.00413610,0.00422230,0.00413400,0.00419350,2877046.99204390
2026-05-08 14:00:00,0.00419350,0.00428470,0.00414730,0.00428030,5399045.65798680
2026-05-08 18:00:00,0.00428030,0.00436940,0.00423000,0.00433310,5789186.73712230
2026-05-08 22:00:00,0.00433310,0.00434990,0.00429030,0.00431680,2452879.65122830
2026-05-09 02:00:00,0.00431680,0.00436680,0.00430490,0.00433560,1948296.01303470
2026-05-09 06:00:00,0.00433560,0.00436260,0.00429570,0.00430580,2362595.07698860
2026-05-09 10:00:00,0.00430580,0.00432640,0.00427570,0.00431080,2100944.02424060
2026-05-09 14:00:00,0.00431080,0.00431840,0.00423290,0.00424120,2747595.76288760
2026-05-09 18:00:00,0.00424120,0.00428960,0.00422670,0.00427550,2422604.32591270
2026-05-09 22:00:00,0.00427550,0.00427890,0.00423470,0.00424490,1251516.24976870
2026-05-10 02:00:00,0.00424490,0.00425470,0.00419480,0.00422590,2467022.97273880
2026-05-10 06:00:00,0.00422590,0.00424980,0.00421830,0.00423240,1184370.14816170
2026-05-10 10:00:00,0.00423240,0.00428270,0.00423070,0.00425670,2175497.65092120
2026-05-10 14:00:00,0.00425670,0.00432000,0.00424360,0.00431510,2220644.05558690
2026-05-10 18:00:00,0.00431510,0.00458820,0.00431330,0.00448760,11560153.57773920
2026-05-10 22:00:00,0.00448760,0.00451750,0.00427350,0.00440940,7208244.97391310
2026-05-11 02:00:00,0.00440940,0.00442470,0.00425210,0.00429220,5397109.30383100
2026-05-11 06:00:00,0.00429220,0.00435170,0.00427480,0.00431090,2481410.65707430
2026-05-11 10:00:00,0.00431090,0.00435740,0.00430050,0.00432700,1978224.26071290
2026-05-11 14:00:00,0.00432700,0.00435290,0.00426540,0.00434770,3948288.78430930
2026-05-11 18:00:00,0.00434770,0.00438460,0.00432370,0.00437290,2944683.73312050
2026-05-11 22:00:00,0.00437290,0.00438630,0.00432020,0.00434010,1915003.03884780
2026-05-12 02:00:00,0.00434010,0.00435000,0.00424530,0.00427620,3104413.59123900
2026-05-12 06:00:00,0.00427620,0.00430360,0.00425100,0.00427150,1520598.17836710
2026-05-12 10:00:00,0.00427150,0.00427630,0.00417910,0.00420440,3341572.72151030
2026-05-12 14:00:00,0.00420440,0.00421620,0.00407270,0.00409500,5715531.93212130
2026-05-12 18:00:00,0.00409500,0.00415670,0.00406210,0.00414540,2977601.33186170
2026-05-12 22:00:00,0.00414540,0.00418330,0.00413580,0.00414140,1615895.48126990
2026-05-13 02:00:00,0.00414140,0.00420450,0.00413090,0.00419900,1808350.41258200
2026-05-13 06:00:00,0.00419900,0.00422640,0.00416610,0.00418830,1709599.97602120
2026-05-13 10:00:00,0.00418830,0.00426290,0.00415170,0.00416400,3670477.29705180
2026-05-13 14:00:00,0.00416400,0.00417790,0.00398350,0.00399390,6734645.97715290
2026-05-13 18:00:00,0.00399390,0.00410310,0.00399180,0.00405510,2827156.68482860
2026-05-13 22:00:00,0.00405510,0.00407020,0.00402400,0.00405390,1124923.37960810
2026-05-14 02:00:00,0.00405390,0.00409490,0.00400160,0.00401520,2111874.52779270
2026-05-14 06:00:00,0.00401520,0.00408360,0.00400320,0.00403960,2206715.65387090
2026-05-14 10:00:00,0.00403960,0.00405640,0.00400050,0.00400160,1636184.42615470
2026-05-14 14:00:00,0.00400160,0.00412610,0.00399420,0.00411910,3911367.49629010
2026-05-14 18:00:00,0.00411910,0.00421660,0.00409780,0.00416450,5172514.89620510
2026-05-15 02:00:00,0.00416450,0.00412380,0.00404800,0.00407800,2197991.50247730
2026-05-15 06:00:00,0.00407800,0.00408200,0.00396750,0.00404570,3622543.02762820
2026-05-15 10:00:00,0.00404570,0.00405090,0.00401100,0.00402330,1587783.73397570
2026-05-15 14:00:00,0.00402330,0.00402360,0.00382490,0.00386280,6599275.34333410
2026-05-15 18:00:00,0.00386280,0.00394210,0.00386120,0.00391350,2188811.55479270
2026-05-15 22:00:00,0.00391350,0.00391560,0.00388150,0.00390520,1228683.88913880
2026-05-16 02:00:00,0.00390520,0.00391790,0.00388730,0.00389520,957986.16038090
2026-05-16 06:00:00,0.00389520,0.00389590,0.00372790,0.00378480,4218229.58959440
2026-05-16 10:00:00,0.00378480,0.00379440,0.00369660,0.00374020,2875688.45692850
2026-05-16 14:00:00,0.00374020,0.00377780,0.00372070,0.00376630,2038629.23033680
2026-05-16 18:00:00,0.00376630,0.00379490,0.00376310,0.00376700,1390684.37606160
2026-05-16 22:00:00,0.00376700,0.00378080,0.00375280,0.00375880,725458.05787150
2026-05-17 02:00:00,0.00375880,0.00376880,0.00370790,0.00376070,2043350.84202780
2026-05-17 06:00:00,0.00376070,0.00380390,0.00375860,0.00378420,1463610.14976410
2026-05-17 10:00:00,0.00378420,0.00380350,0.00376730,0.00377010,1461072.07195360
2026-05-17 14:00:00,0.00377010,0.00378410,0.00372150,0.00373690,1840056.01334280
2026-05-17 18:00:00,0.00373690,0.00377090,0.00368880,0.00376030,2526343.46829850
2026-05-17 22:00:00,0.00376030,0.00376560,0.00353970,0.00367820,5545912.54574400
2026-05-18 02:00:00,0.00367820,0.00369350,0.00363000,0.00365680,2922880.09526880
2026-05-18 06:00:00,0.00365680,0.00367920,0.00360600,0.00363190,2214736.85238570
2026-05-18 10:00:00,0.00363190,0.00367400,0.00360480,0.00364740,1463845.33821910
2026-05-18 14:00:00,0.00364740,0.00368850,0.00359370,0.00362550,3021789.47939650
2026-05-18 18:00:00,0.00362550,0.00369180,0.00359640,0.00368080,2480202.61758350
2026-05-18 22:00:00,0.00368080,0.00371140,0.00366170,0.00369610,1696031.11452640
2026-05-19 02:00:00,0.00369610,0.00373130,0.00365930,0.00368250,1476616.19550000
2026-05-19 06:00:00,0.00368250,0.00371320,0.00365860,0.00370560,1062535.10177910
2026-05-19 10:00:00,0.00370560,0.00370720,0.00364210,0.00364720,1515359.73874430
2026-05-19 14:00:00,0.00364720,0.00369690,0.00362010,0.00364530,2356868.12814610
2026-05-19 18:00:00,0.00364530,0.00367490,0.00363180,0.00363930,1042319.23014020
2026-05-19 22:00:00,0.00363930,0.00366340,0.00362160,0.00364310,746892.92024600
2026-05-20 02:00:00,0.00364310,0.00366630,0.00362040,0.00364930,858131.29272470
2026-05-20 06:00:00,0.00364930,0.00369790,0.00363980,0.00367560,1180686.27908610
2026-05-20 10:00:00,0.00367560,0.00369790,0.00367040,0.00367730,998036.76066290
2026-05-20 14:00:00,0.00367730,0.00373870,0.00365370,0.00372070,2947230.40792460
2026-05-20 18:00:00,0.00372070,0.00375850,0.00369590,0.00373380,2026188.49419510
2026-05-20 22:00:00,0.00373380,0.00373740,0.00368390,0.00371670,1158066.14792440
2026-05-21 02:00:00,0.00371670,0.00378470,0.00371560,0.00377470,1441675.27443870
2026-05-21 06:00:00,0.00377470,0.00378830,0.00374270,0.00377390,1433492.35863440
2026-05-21 10:00:00,0.00377390,0.00380280,0.00370100,0.00372130,2029853.22417100
2026-05-21 14:00:00,0.00372130,0.00377600,0.00370990,0.00376190,1978736.78766610
2026-05-21 18:00:00,0.00376190,0.00382970,0.00373810,0.00381910,2712170.27042890
2026-05-21 22:00:00,0.00381910,0.00383240,0.00378760,0.00380160,1119243.32441090
2026-05-22 02:00:00,0.00380160,0.00381460,0.00376580,0.00379110,1249876.59025370
2026-05-22 06:00:00,0.00379110,0.00380990,0.00376610,0.00379730,1016859.00097720
2026-05-22 10:00:00,0.00379730,0.00381370,0.00377560,0.00380360,1097166.93258810
2026-05-22 14:00:00,0.00380360,0.00382830,0.00373070,0.00376610,2408351.98100960
2026-05-22 18:00:00,0.00376610,0.00378900,0.00363660,0.00366480,3615207.66362430
2026-05-22 22:00:00,0.00366480,0.00369320,0.00356720,0.00359920,2480011.33985180
2026-05-23 02:00:00,0.00359920,0.00362660,0.00358240,0.00361830,2084486.94527620
2026-05-23 06:00:00,0.00361830,0.00361830,0.00343670,0.00348840,3344104.28581160
2026-05-23 10:00:00,0.00348840,0.00349660,0.00346440,0.00348290,1710658.17015660
2026-05-23 14:00:00,0.00348290,0.00358740,0.00346170,0.00357430,3287638.20862360
2026-05-23 18:00:00,0.00357430,0.00363310,0.00355730,0.00361090,2159091.64829400
2026-05-23 22:00:00,0.00361090,0.00375350,0.00360940,0.00364260,3532079.11001880
2026-05-24 02:00:00,0.00364260,0.00365130,0.00361220,0.00361920,1012553.46211040
2026-05-24 06:00:00,0.00361920,0.00363340,0.00360320,0.00361580,1067358.08906280
2026-05-24 10:00:00,0.00361580,0.00365030,0.00361060,0.00362820,1069216.66640650
2026-05-24 14:00:00,0.00362820,0.00362820,0.00352730,0.00357470,2168956.83566610
2026-05-24 18:00:00,0.00357470,0.00359540,0.00356890,0.00357560,745933.06352250
2026-05-24 22:00:00,0.00357560,0.00358770,0.00351420,0.00357650,3768653.82327920
2026-05-25 02:00:00,0.00357650,0.00359390,0.00354280,0.00355430,1248702.45458140
2026-05-25 06:00:00,0.00355430,0.00361960,0.00355010,0.00360270,1968763.77417690
2026-05-25 10:00:00,0.00360270,0.00362100,0.00359170,0.00360540,1006100.92683850
2026-05-25 14:00:00,0.00360540,0.00365240,0.00359840,0.00364250,1697481.88575660
2026-05-25 18:00:00,0.00364250,0.00365750,0.00360400,0.00361820,1433697.87034150
2026-05-25 22:00:00,0.00361820,0.00362880,0.00355920,0.00359370,1467446.00060290
2026-05-26 02:00:00,0.00359370,0.00359820,0.00351850,0.00353850,1872181.65635480
2026-05-26 06:00:00,0.00353850,0.00358600,0.00353360,0.00355160,932982.26020370
2026-05-26 10:00:00,0.00355160,0.00363760,0.00355090,0.00361010,1735077.20211770
2026-05-26 14:00:00,0.00361010,0.00364860,0.00354410,0.00357210,2572319.06660210
2026-05-26 18:00:00,0.00357210,0.00357390,0.00348620,0.00352310,2765904.98374030
2026-05-26 22:00:00,0.00352310,0.00352540,0.00349220,0.00351230,849521.63609080
2026-05-27 02:00:00,0.00351230,0.00354330,0.00350060,0.00351060,974436.44459820
2026-05-27 06:00:00,0.00351060,0.00355350,0.00341720,0.00353580,3441827.27988380
2026-05-27 10:00:00,0.00353580,0.00354710,0.00351360,0.00351950,1191687.31540800
2026-05-27 14:00:00,0.00351950,0.00360090,0.00348430,0.00356940,4700052.42312480
2026-05-27 18:00:00,0.00356940,0.00358460,0.00348820,0.00353230,1792165.03189330
2026-05-27 22:00:00,0.00353230,0.00354540,0.00343230,0.00347010,2985953.84406670
2026-05-28 02:00:00,0.00347010,0.00347820,0.00337330,0.00338040,4463407.32162380
2026-05-28 06:00:00,0.00338040,0.00338480,0.00329500,0.00336570,5514974.55253540
2026-05-28 10:00:00,0.00336570,0.00337050,0.00331450,0.00331930,1641610.32577640
2026-05-28 14:00:00,0.00331930,0.00335420,0.00327580,0.00333370,3272007.95230910
2026-05-28 18:00:00,0.00333370,0.00343680,0.00332040,0.00339110,2366437.49268890
2026-05-28 22:00:00,0.00339110,0.00342670,0.00336900,0.00337980,1592416.90228460
2026-05-29 02:00:00,0.00337980,0.00340850,0.00337050,0.00337440,1032929.96937310
2026-05-29 06:00:00,0.00337440,0.00342150,0.00335130,0.00339450,1650837.39289160
2026-05-29 10:00:00,0.00339450,0.00341240,0.00334590,0.00336300,1054414.57669040
2026-05-29 14:00:00,0.00336300,0.00346000,0.00330650,0.00342130,4740930.37370390
2026-05-29 18:00:00,0.00342130,0.00345080,0.00336350,0.00339640,2530361.02700920
2026-05-29 22:00:00,0.00339640,0.00340850,0.00336970,0.00338540,1058318.77345780
2026-05-30 02:00:00,0.00338540,0.00345740,0.00337850,0.00342820,1313707.59654830
2026-05-30 06:00:00,0.00342820,0.00344230,0.00338160,0.00342310,1419073.06267750
2026-05-30 10:00:00,0.00342310,0.00342520,0.00340320,0.00341720,735680.13551000
2026-05-30 14:00:00,0.00341720,0.00344930,0.00340380,0.00343450,1155936.46244640
2026-05-30 18:00:00,0.00343450,0.00345240,0.00341870,0.00344080,989011.10076620
2026-05-30 22:00:00,0.00344080,0.00344610,0.00339510,0.00340920,1164544.49811460
2026-05-31 02:00:00,0.00340920,0.00345570,0.00340160,0.00344930,1304768.79663870
2026-05-31 06:00:00,0.00344930,0.00346830,0.00341360,0.00342420,932287.42267360
2026-05-31 10:00:00,0.00342420,0.00344350,0.00340910,0.00343310,1016909.44711260
2026-05-31 14:00:00,0.00343310,0.00344570,0.00336200,0.00337800,2291718.09677100
2026-05-31 18:00:00,0.00337800,0.00338330,0.00334040,0.00336640,1570976.11406690
2026-05-31 22:00:00,0.00336640,0.00344610,0.00336620,0.00342210,1398053.02954060
2026-06-01 02:00:00,0.00342210,0.00345130,0.00337310,0.00343410,1679441.91140410
2026-06-01 06:00:00,0.00343410,0.00344360,0.00333270,0.00334130,1818823.95856570
2026-06-01 10:00:00,0.00334130,0.00337810,0.00332960,0.00335370,1861274.51947030
2026-06-01 14:00:00,0.00335370,0.00337050,0.00331110,0.00333900,3966675.17348520
2026-06-01 18:00:00,0.00333900,0.00342660,0.00332040,0.00342260,2402673.87154670
2026-06-01 22:00:00,0.00342260,0.00342900,0.00336230,0.00341780,1908743.19572210
2026-06-02 02:00:00,0.00341780,0.00342330,0.00333250,0.00340370,1916705.86224960
2026-06-02 06:00:00,0.00340370,0.00340920,0.00329720,0.00333110,3659841.63862550
2026-06-02 10:00:00,0.00333110,0.00334760,0.00330640,0.00331800,2580015.04685760
2026-06-02 14:00:00,0.00331800,0.00334650,0.00313520,0.00318590,6739757.36475160
2026-06-02 18:00:00,0.00318590,0.00324910,0.00308870,0.00316190,4659744.98878910
2026-06-02 22:00:00,0.00316190,0.00319060,0.00304190,0.00311310,4285894.85649830
2026-06-03 02:00:00,0.00311310,0.00314250,0.00304400,0.00306370,2311005.24805690
2026-06-03 06:00:00,0.00306370,0.00323360,0.00306270,0.00321550,3227964.83034960
2026-06-03 10:00:00,0.00321550,0.00324730,0.00319860,0.00321840,1930657.30524850
2026-06-03 14:00:00,0.00321840,0.00323070,0.00316200,0.00316490,2261346.67683460
2026-06-03 18:00:00,0.00316490,0.00319310,0.00310710,0.00313010,3948282.14925420
2026-06-03 22:00:00,0.00313010,0.00319740,0.00307740,0.00312100,2680362.86411750
2026-06-04 02:00:00,0.00312100,0.00314360,0.00284370,0.00309950,8030524.77196280
2026-06-04 06:00:00,0.00309950,0.00311520,0.00299110,0.00299210,3775004.84980730
2026-06-04 10:00:00,0.00299210,0.00301000,0.00289860,0.00296230,3823841.84888450
2026-06-04 14:00:00,0.00296230,0.00303830,0.00293320,0.00301250,3402790.32570820
2026-06-04 18:00:00,0.00301250,0.00303510,0.00296520,0.00299800,2221928.97128940
2026-06-04 22:00:00,0.00299800,0.00300050,0.00288710,0.00295180,3022345.53600790
2026-06-05 02:00:00,0.00295180,0.00296190,0.00285730,0.00286740,2660087.68366920
2026-06-05 06:00:00,0.00286740,0.00292330,0.00268040,0.00279980,6209935.46871360
2026-06-05 10:00:00,0.00279980,0.00281090,0.00273780,0.00278030,2698937.77088070
2026-06-05 14:00:00,0.00278030,0.00282460,0.00266470,0.00268850,6721805.32367480
2026-06-05 18:00:00,0.00268850,0.00279560,0.00259890,0.00268460,6869180.21845270
2026-06-05 22:00:00,0.00268460,0.00278040,0.00264660,0.00269240,3686447.00334770
2026-06-06 02:00:00,0.00269240,0.00275020,0.00264330,0.00265520,1965415.48331740
2026-06-06 06:00:00,0.00265520,0.00269370,0.00250740,0.00267850,4863466.36883710
2026-06-06 10:00:00,0.00267850,0.00273690,0.00261920,0.00266850,3148481.29888810
2026-06-06 14:00:00,0.00266850,0.00272040,0.00264210,0.00266810,2778620.94982250
2026-06-06 18:00:00,0.00266810,0.00268840,0.00263150,0.00264080,1740674.43196260
2026-06-06 22:00:00,0.00264080,0.00268580,0.00262990,0.00268080,1290431.69424460
2026-06-07 02:00:00,0.00268080,0.00276220,0.00266780,0.00272640,2627131.81119070
2026-06-07 06:00:00,0.00272640,0.00276770,0.00270810,0.00275680,1851910.53363460
2026-06-07 10:00:00,0.00275680,0.00281210,0.00274280,0.00277210,2381727.95121470
2026-06-07 14:00:00,0.00277210,0.00278020,0.00271380,0.00276720,2219821.27136350
2026-06-07 18:00:00,0.00276720,0.00279280,0.00269130,0.00270380,1861783.88442790
2026-06-07 22:00:00,0.00270380,0.00288700,0.00269620,0.00281550,3282884.07583800
2026-06-08 02:00:00,0.00281550,0.00284090,0.00276320,0.00281430,1737672.27973020
2026-06-08 06:00:00,0.00281430,0.00281550,0.00274450,0.00279560,1356850.60070050
2026-06-08 10:00:00,0.00279560,0.00283780,0.00276720,0.00282380,1643727.72868670
2026-06-08 14:00:00,0.00282380,0.00286860,0.00279460,0.00283510,2522025.63548400
2026-06-08 18:00:00,0.00283510,0.00285490,0.00280730,0.00283470,1909676.46228540
2026-06-08 22:00:00,0.00283470,0.00286870,0.00280320,0.00281270,1753332.20503240
2026-06-09 02:00:00,0.00281270,0.00282140,0.00275020,0.00277670,1836297.01718890
2026-06-09 06:00:00,0.00277670,0.00284230,0.00276960,0.00281240,1510183.60562200
2026-06-09 10:00:00,0.00281240,0.00281380,0.00277570,0.00279830,1219845.10072270
2026-06-09 14:00:00,0.00279830,0.00282130,0.00272490,0.00273420,2525601.71665070
2026-06-09 18:00:00,0.00273420,0.00279790,0.00269110,0.00279370,5172809.84883420
2026-06-09 22:00:00,0.00279370,0.00281410,0.00275760,0.00277430,1229253.09942600
2026-06-10 02:00:00,0.00277430,0.00278750,0.00271880,0.00273420,1339009.03173380
2026-06-10 06:00:00,0.00273420,0.00275730,0.00270780,0.00274910,1139675.99261020
2026-06-10 10:00:00,0.00274910,0.00275340,0.00269210,0.00270580,2013996.32046960
2026-06-10 14:00:00,0.00270580,0.00280670,0.00269820,0.00278220,3261882.51866810
2026-06-10 18:00:00,0.00278220,0.00278710,0.00268770,0.00269090,2435756.90453490
2026-06-10 22:00:00,0.00269090,0.00270130,0.00264020,0.00268950,2103644.98163740
2026-06-11 02:00:00,0.00268950,0.00279000,0.00268940,0.00277290,2147011.68517290
2026-06-11 06:00:00,0.00277290,0.00278770,0.00274940,0.00275870,1535461.45261220
2026-06-11 10:00:00,0.00275870,0.00278450,0.00274620,0.00276560,1312238.07599090
2026-06-11 14:00:00,0.00276560,0.00278180,0.00272250,0.00276890,2245843.41821820
2026-06-11 18:00:00,0.00276890,0.00283970,0.00273460,0.00279930,3277841.24704590
2026-06-11 22:00:00,0.00279930,0.00281390,0.00277550,0.00278750,1177180.73950530
2026-06-12 02:00:00,0.00278750,0.00281090,0.00277390,0.00280940,872836.98034590
2026-06-12 06:00:00,0.00280940,0.00281880,0.00275180,0.00278760,1524535.05649330
2026-06-12 10:00:00,0.00278760,0.00285010,0.00278510,0.00282420,1897619.05688060
2026-06-12 14:00:00,0.00282420,0.00287370,0.00278140,0.00280130,3464007.55573080
2026-06-12 18:00:00,0.00280130,0.00284330,0.00279110,0.00281840,1560838.43086440
2026-06-12 22:00:00,0.00281840,0.00282820,0.00279210,0.00280530,680698.31801350
2026-06-13 02:00:00,0.00280530,0.00284170,0.00279880,0.00281520,896342.39308890
2026-06-13 06:00:00,0.00281520,0.00284290,0.00278580,0.00283440,1649737.43446580
2026-06-13 10:00:00,0.00283440,0.00285640,0.00282440,0.00285600,974465.72360160
2026-06-13 14:00:00,0.00285600,0.00287430,0.00284360,0.00286770,1380719.97212220
2026-06-13 18:00:00,0.00286770,0.00286910,0.00283640,0.00284730,1398913.80405410
2026-06-13 22:00:00,0.00284730,0.00288260,0.00283420,0.00285330,1300587.97635040
2026-06-14 02:00:00,0.00285330,0.00285860,0.00283830,0.00285180,691202.94560770
2026-06-14 06:00:00,0.00285180,0.00285370,0.00281120,0.00282010,1155890.32189610
2026-06-14 10:00:00,0.00282010,0.00283990,0.00280220,0.00281910,977014.41411910
2026-06-14 14:00:00,0.00281910,0.00282240,0.00276960,0.00278410,1341487.54755290
2026-06-14 18:00:00,0.00278410,0.00279490,0.00276290,0.00277300,938902.64516440
2026-06-14 22:00:00,0.00277300,0.00292380,0.00276860,0.00291750,2986875.40982230
2026-06-15 02:00:00,0.00291750,0.00293410,0.00287820,0.00291700,1508352.56400350
2026-06-15 06:00:00,0.00291700,0.00293290,0.00289690,0.00289900,1064991.33759750
2026-06-15 10:00:00,0.00289900,0.00299370,0.00288900,0.00298080,2254093.67883810
2026-06-15 14:00:00,0.00298080,0.00304590,0.00296150,0.00304380,3936802.98299920
2026-06-15 18:00:00,0.00304380,0.00313240,0.00297100,0.00298580,3877870.69050020
2026-06-15 22:00:00,0.00298580,0.00299360,0.00291830,0.00294460,1817538.03276520
2026-06-16 02:00:00,0.00294460,0.00295950,0.00290070,0.00295770,1370243.55743170
2026-06-16 06:00:00,0.00295770,0.00296530,0.00291770,0.00296500,1013017.73398920
2026-06-16 10:00:00,0.00296500,0.00301190,0.00295170,0.00296670,1530317.19158740
2026-06-16 14:00:00,0.00296670,0.00300690,0.00289110,0.00293390,2661585.99155200
2026-06-16 18:00:00,0.00293390,0.00299810,0.00292130,0.00295480,1435558.68245080
2026-06-16 22:00:00,0.00295480,0.00298110,0.00294590,0.00294870,642399.18645530
2026-06-17 02:00:00,0.00294870,0.00301780,0.00294900,0.00298610,1325744.18933860
2026-06-17 06:00:00,0.00298610,0.00300340,0.00295200,0.00296690,1710186.66390440
2026-06-17 10:00:00,0.00296690,0.00296840,0.00290800,0.00292260,1411613.79625020
2026-06-17 14:00:00,0.00292260,0.00301380,0.00291220,0.00301270,1780445.65236920
2026-06-17 18:00:00,0.00301270,0.00303420,0.00288110,0.00290090,4450180.86234360
2026-06-17 22:00:00,0.00290090,0.00295270,0.00287760,0.00294640,1457564.20191040
2026-06-18 02:00:00,0.00294640,0.00296680,0.00290130,0.00290250,816513.29856950
2026-06-18 06:00:00,0.00290250,0.00290530,0.00284200,0.00289900,1865776.78264190
2026-06-18 10:00:00,0.00289900,0.00291990,0.00286740,0.00287340,1125966.76962940
2026-06-18 14:00:00,0.00287340,0.00290940,0.00277010,0.00277530,3134457.84121150
2026-06-18 18:00:00,0.00277530,0.00283490,0.00276940,0.00282950,1491275.11707750
2026-06-18 22:00:00,0.00282950,0.00285600,0.00282110,0.00284840,1051676.60165260
2026-06-19 02:00:00,0.00284840,0.00287190,0.00279380,0.00281750,1711424.18056730
2026-06-19 06:00:00,0.00281750,0.00282580,0.00276900,0.00278280,1107362.23305960
2026-06-19 10:00:00,0.00278280,0.00280050,0.00277490,0.00278760,889222.25828240
2026-06-19 14:00:00,0.00278760,0.00284200,0.00276910,0.00282580,1534532.81761310
2026-06-19 18:00:00,0.00282580,0.00284350,0.00279500,0.00280360,1231073.81634070
2026-06-19 22:00:00,0.00280360,0.00283620,0.00279560,0.00282550,898271.98008610
2026-06-20 02:00:00,0.00282550,0.00284880,0.00280800,0.00282300,701220.33121260
2026-06-20 06:00:00,0.00282300,0.00286570,0.00281930,0.00283960,1026682.44722570
2026-06-20 10:00:00,0.00283960,0.00285190,0.00282970,0.00283420,1031103.27066420
2026-06-20 14:00:00,0.00283420,0.00285540,0.00278900,0.00283740,2193347.15454310
2026-06-20 18:00:00,0.00283740,0.00283870,0.00280020,0.00281790,711799.05555480
2026-06-20 22:00:00,0.00281790,0.00285440,0.00281220,0.00283610,769361.56502180
2026-06-21 02:00:00,0.00283610,0.00285060,0.00282770,0.00284250,572397.39677530
2026-06-21 06:00:00,0.00284250,0.00284520,0.00281070,0.00282860,951374.34160990
2026-06-21 10:00:00,0.00282860,0.00284960,0.00281190,0.00282110,897547.29266780
2026-06-21 14:00:00,0.00282110,0.00284750,0.00281540,0.00284550,916327.61413120
2026-06-21 18:00:00,0.00284550,0.00284740,0.00282230,0.00284180,827535.58032480
2026-06-21 22:00:00,0.00284180,0.00284520,0.00277280,0.00278740,1781929.94009420
2026-06-22 02:00:00,0.00278740,0.00287810,0.00278650,0.00281620,1610259.74720400
2026-06-22 06:00:00,0.00281620,0.00285110,0.00281040,0.00284390,931993.67046780
2026-06-22 10:00:00,0.00284390,0.00287950,0.00283240,0.00287430,1252666.96401310
2026-06-22 14:00:00,0.00287430,0.00291120,0.00284060,0.00284770,2402328.63847570
2026-06-22 18:00:00,0.00284770,0.00285910,0.00281050,0.00282020,1627359.44535060
2026-06-22 22:00:00,0.00282020,0.00283180,0.00278760,0.00280900,1000986.10258420
2026-06-23 02:00:00,0.00280900,0.00282480,0.00279080,0.00281440,735197.40667970
2026-06-23 06:00:00,0.00281440,0.00281650,0.00270670,0.00272880,2190450.36059790
2026-06-23 10:00:00,0.00272880,0.00273590,0.00266220,0.00272540,2571301.29216790
2026-06-23 14:00:00,0.00272540,0.00275440,0.00269060,0.00270810,2003591.09141310
2026-06-23 18:00:00,0.00270810,0.00272820,0.00266790,0.00268830,1435237.43421370
2026-06-23 22:00:00,0.00268830,0.00270760,0.00268020,0.00269270,710943.46914460
2026-06-24 02:00:00,0.00269270,0.00271670,0.00267190,0.00268460,820291.84415000
2026-06-24 06:00:00,0.00268460,0.00268820,0.00263950,0.00265940,1533786.30786090
2026-06-24 10:00:00,0.00265940,0.00268090,0.00261500,0.00265750,1866931.13982580
2026-06-24 14:00:00,0.00265750,0.00266270,0.00251560,0.00252130,3962582.27612750
2026-06-24 18:00:00,0.00252130,0.00254230,0.00241920,0.00248330,4655954.50117950
2026-06-24 22:00:00,0.00248330,0.00254970,0.00247710,0.00253040,2006105.37931340
2026-06-25 02:00:00,0.00253040,0.00255230,0.00250910,0.00251360,854630.48721600
2026-06-25 06:00:00,0.00251360,0.00256380,0.00250890,0.00253880,1095229.85559160
2026-06-25 10:00:00,0.00253880,0.00254380,0.00248290,0.00248870,1298010.20710500
2026-06-25 14:00:00,0.00248870,0.00250340,0.00230320,0.00237030,7028730.19901140
2026-06-25 18:00:00,0.00237030,0.00239340,0.00230690,0.00231890,3043597.23858140
2026-06-25 22:00:00,0.00231890,0.00237120,0.00230970,0.00235530,1590906.20823850
2026-06-26 02:00:00,0.00235530,0.00236090,0.00227170,0.00233940,3157519.14573630
2026-06-26 06:00:00,0.00233940,0.00239000,0.00232060,0.00237640,1660942.31594880
2026-06-26 10:00:00,0.00237640,0.00238000,0.00229390,0.00231680,1606073.18986500
2026-06-26 14:00:00,0.00231680,0.00238280,0.00229440,0.00236890,2855557.86152020
2026-06-26 18:00:00,0.00236890,0.00241380,0.00236120,0.00238600,1865011.06066700
2026-06-26 22:00:00,0.00238600,0.00241480,0.00236450,0.00238600,1025419.47470330
2026-06-27 02:00:00,0.00238600,0.00243050,0.00237530,0.00241360,1042087.60432160
2026-06-27 06:00:00,0.00241360,0.00243710,0.00240670,0.00242610,922969.01369840
2026-06-27 10:00:00,0.00242610,0.00242780,0.00239230,0.00240340,826064.21711490
2026-06-27 14:00:00,0.00240340,0.00245620,0.00239640,0.00244510,1312082.53449200
2026-06-27 18:00:00,0.00244510,0.00245440,0.00237580,0.00238970,1741224.05747130
2026-06-27 22:00:00,0.00238970,0.00239530,0.00235590,0.00237250,1157548.33872360
2026-06-28 02:00:00,0.00237250,0.00238620,0.00236540,0.00238260,541566.30556030
2026-06-28 06:00:00,0.00238260,0.00238590,0.00235250,0.00238460,752274.65890460
2026-06-28 10:00:00,0.00238460,0.00240780,0.00237190,0.00240240,1055267.35536550
2026-06-28 14:00:00,0.00240240,0.00241070,0.00237200,0.00238970,1172582.33141410
2026-06-28 18:00:00,0.00238970,0.00239420,0.00233930,0.00235990,1347581.48320950
2026-06-28 22:00:00,0.00235990,0.00238320,0.00231550,0.00235310,1362767.52763480
2026-06-29 02:00:00,0.00235310,0.00239300,0.00231930,0.00237650,1211336.90121090
2026-06-29 06:00:00,0.00237650,0.00238370,0.00233190,0.00235150,975589.70305740
2026-06-29 10:00:00,0.00235150,0.00236980,0.00232820,0.00234570,1121147.57302140
2026-06-29 14:00:00,0.00234570,0.00238910,0.00230650,0.00235500,3012755.11643650
2026-06-29 18:00:00,0.00235500,0.00241510,0.00232860,0.00239580,2206581.83402610
2026-06-29 22:00:00,0.00239580,0.00239730,0.00234160,0.00235310,1149196.65541260
2026-06-30 02:00:00,0.00235310,0.00236090,0.00232210,0.00233820,1033238.60257700
2026-06-30 06:00:00,0.00233820,0.00235390,0.00232830,0.00233370,809406.98026550
2026-06-30 10:00:00,0.00233370,0.00234970,0.00231240,0.00232970,1044401.25861090
2026-06-30 14:00:00,0.00232970,0.00235250,0.00229080,0.00231370,2715315.37783410
2026-06-30 18:00:00,0.00231370,0.00236290,0.00231190,0.00233500,1565675.09917780
2026-06-30 22:00:00,0.00233500,0.00233990,0.00231440,0.00232750,645585.12147030
2026-07-01 02:00:00,0.00232750,0.00234130,0.00225660,0.00233720,3939849.49817450
2026-07-01 06:00:00,0.00233720,0.00234660,0.00223680,0.00227160,2622054.70754670
2026-07-01 10:00:00,0.00227160,0.00228620,0.00225670,0.00226160,1566544.87210300
2026-07-01 14:00:00,0.00226160,0.00236650,0.00222840,0.00236190,3489197.93604170
2026-07-01 18:00:00,0.00236190,0.00236920,0.00231090,0.00231460,2067189.55038430
2026-07-01 22:00:00,0.00231460,0.00239760,0.00230350,0.00232320,2180309.51818840
2026-07-02 02:00:00,0.00232320,0.00239220,0.00229890,0.00239100,1859217.84414310
2026-07-02 06:00:00,0.00239100,0.00239510,0.00235220,0.00237480,1427962.54092700
2026-07-02 10:00:00,0.00237480,0.00244530,0.00237270,0.00243610,2386473.87150910
2026-07-02 14:00:00,0.00243610,0.00249430,0.00242330,0.00243660,2730295.69843760
2026-07-02 18:00:00,0.00243660,0.00244830,0.00241640,0.00242590,1258419.26738280
2026-07-02 22:00:00,0.00242590,0.00245440,0.00242160,0.00244320,880216.34086740
2026-07-03 02:00:00,0.00244320,0.00247910,0.00243010,0.00246590,993225.86556130
2026-07-03 06:00:00,0.00246590,0.00248680,0.00245060,0.00247410,630628.16759630
2026-07-03 10:00:00,0.00247410,0.00258020,0.00247160,0.00255240,2112685.54552520
2026-07-03 14:00:00,0.00255240,0.00260180,0.00252770,0.00255630,2939959.94208090
2026-07-03 18:00:00,0.00255630,0.00261470,0.00253960,0.00260370,1382070.59683400
2026-07-03 22:00:00,0.00260370,0.00283570,0.00260200,0.00277100,8705592.65069840
2026-07-04 02:00:00,0.00277100,0.00284140,0.00273970,0.00282550,3410346.15054290
2026-07-04 06:00:00,0.00282550,0.00287130,0.00271850,0.00273520,3500542.17752840
2026-07-04 10:00:00,0.00273520,0.00273660,0.00267770,0.00270470,1972473.92936770
2026-07-04 14:00:00,0.00270470,0.00276880,0.00269320,0.00276350,2157754.15884990
2026-07-04 18:00:00,0.00276350,0.00279820,0.00273660,0.00274150,1965582.17688630
2026-07-04 22:00:00,0.00274150,0.00275210,0.00271490,0.00273380,1182197.28838500
2026-07-05 02:00:00,0.00273380,0.00273850,0.00269270,0.00270020,1139570.03751080
2026-07-05 06:00:00,0.00270020,0.00271970,0.00263910,0.00267660,2567980.24705710
2026-07-05 10:00:00,0.00267660,0.00268320,0.00263610,0.00265470,1077903.93828680
2026-07-05 14:00:00,0.00265470,0.00273590,0.00264670,0.00269330,1488855.79505370
2026-07-05 18:00:00,0.00269330,0.00271860,0.00268790,0.00270630,838776.62248360
2026-07-05 22:00:00,0.00270630,0.00280600,0.00268570,0.00275440,2433331.18377710
2026-07-06 02:00:00,0.00275440,0.00278190,0.00272150,0.00273480,1504743.11191860
2026-07-06 06:00:00,0.00273480,0.00273680,0.00266260,0.00270080,2235975.92222400
2026-07-06 10:00:00,0.00270080,0.00271690,0.00267560,0.00267600,1080606.15146440
2026-07-06 14:00:00,0.00267600,0.00273990,0.00260790,0.00273530,3552476.28330040
2026-07-06 18:00:00,0.00273530,0.00276240,0.00271570,0.00273520,2112146.95977520
2026-07-06 22:00:00,0.00273520,0.00279970,0.00272190,0.00273450,1289617.27347060
2026-07-07 02:00:00,0.00273450,0.00274680,0.00266870,0.00267530,1412979.47593800
2026-07-07 06:00:00,0.00267530,0.00271790,0.00265560,0.00268250,1422118.97802640
2026-07-07 10:00:00,0.00268250,0.00272020,0.00267560,0.00270100,1068126.58204910
2026-07-07 14:00:00,0.00270100,0.00272930,0.00264240,0.00271510,2060501.66823770
2026-07-07 18:00:00,0.00271510,0.00275970,0.00267060,0.00269370,2518317.16769290
2026-07-07 22:00:00,0.00269370,0.00270230,0.00264360,0.00266370,1500266.06451950
2026-07-08 02:00:00,0.00266370,0.00267960,0.00258180,0.00260610,1906673.39445300
2026-07-08 06:00:00,0.00260610,0.00262670,0.00258910,0.00262430,917639.46522260
2026-07-08 10:00:00,0.00262430,0.00263090,0.00255360,0.00258490,2500397.37535810
2026-07-08 14:00:00,0.00258490,0.00261180,0.00255370,0.00257430,1871327.34238590
2026-07-08 18:00:00,0.00257430,0.00261090,0.00257380,0.00259700,1003952.16174630
2026-07-08 22:00:00,0.00259700,0.00260580,0.00256760,0.00260300,858317.17209320
2026-07-09 02:00:00,0.00260300,0.00262190,0.00256250,0.00258430,1089358.15566140
2026-07-09 06:00:00,0.00258430,0.00264780,0.00257780,0.00262160,1317792.98476660
2026-07-09 10:00:00,0.00262160,0.00263130,0.00260590,0.00261610,797104.21721370
2026-07-09 14:00:00,0.00261610,0.00263420,0.00259000,0.00259640,1469367.10569780
2026-07-09 18:00:00,0.00259640,0.00263310,0.00257940,0.00261320,973652.92540330
2026-07-09 22:00:00,0.00261320,0.00263060,0.00260040,0.00260420,652534.88946930
2026-07-10 02:00:00,0.00260420,0.00267800,0.00259260,0.00266550,1296330.30199450
2026-07-10 06:00:00,0.00266550,0.00267620,0.00263950,0.00264810,765554.30625460
2026-07-10 10:00:00,0.00264810,0.00271670,0.00264430,0.00269710,2115824.02216320
2026-07-10 14:00:00,0.00269710,0.00275890,0.00269280,0.00275410,2718634.57460450
2026-07-10 18:00:00,0.00275410,0.00287970,0.00274260,0.00281880,6152221.27780470
2026-07-10 22:00:00,0.00281880,0.00284280,0.00278620,0.00279770,1905647.41481400
