timestamp,open,high,low,close,volume
2024-06-13 22:00:00,0.02136400,0.02142800,0.02102500,0.02117700,3505245.35135100
2024-06-14 02:00:00,0.02117700,0.02144000,0.02102800,0.02124000,4661811.48728700
2024-06-14 06:00:00,0.02124000,0.02172300,0.02124700,0.02163900,4330524.55429800
2024-06-14 10:00:00,0.02163900,0.02188800,0.02154600,0.02176800,5037665.28752700
2024-06-14 14:00:00,0.02176800,0.02181900,0.02092300,0.02106700,10782999.71753000
2024-06-14 18:00:00,0.02106700,0.02114900,0.01961700,0.01992800,20734022.97588700
2024-06-14 22:00:00,0.01992800,0.02041800,0.01988000,0.02027800,7524624.33554600
2024-06-15 02:00:00,0.02027800,0.02049300,0.01997400,0.02048000,4925037.60326100
2024-06-15 06:00:00,0.02048000,0.02094600,0.02046300,0.02066000,6837503.51514000
2024-06-15 10:00:00,0.02066000,0.02081600,0.02059800,0.02075700,3419907.14057800
2024-06-15 14:00:00,0.02075700,0.02098900,0.02069200,0.02089300,3695961.16332900
2024-06-15 18:00:00,0.02089300,0.02096600,0.02061900,0.02073100,3748246.09918200
2024-06-15 22:00:00,0.02073100,0.02082000,0.02055600,0.02075700,2632591.48216100
2024-06-16 02:00:00,0.02075700,0.02076900,0.02051100,0.02058300,3111959.12527500
2024-06-16 06:00:00,0.02058300,0.02077800,0.02039600,0.02066700,3586454.79293900
2024-06-16 10:00:00,0.02066700,0.02083000,0.02056800,0.02070300,2790490.39440500
2024-06-16 14:00:00,0.02070300,0.02101800,0.02066800,0.02094800,3738959.94791500
2024-06-16 18:00:00,0.02094800,0.02103600,0.02082800,0.02090400,2751502.28055000
2024-06-16 22:00:00,0.02090400,0.02108100,0.02077500,0.02093000,3063592.67505400
2024-06-17 02:00:00,0.02093000,0.02105500,0.02040600,0.02045300,5526549.74155500
2024-06-17 06:00:00,0.02045300,0.02055600,0.02006100,0.02018800,5877528.99043800
2024-06-17 10:00:00,0.02018800,0.02026900,0.01979200,0.01996400,6966833.29938600
2024-06-17 14:00:00,0.01996400,0.01999700,0.01902400,0.01911700,12131003.41232700
2024-06-17 18:00:00,0.01911700,0.01989500,0.01859700,0.01964800,14973257.43773700
2024-06-17 22:00:00,0.01964800,0.01966500,0.01921000,0.01930800,5396235.53663400
2024-06-18 02:00:00,0.01930800,0.01942200,0.01694100,0.01803400,20678013.77725900
2024-06-18 06:00:00,0.01803400,0.01839600,0.01792000,0.01818800,5312742.41328500
2024-06-18 10:00:00,0.01818800,0.01830800,0.01763100,0.01786800,6519276.86402300
2024-06-18 14:00:00,0.01786800,0.01793800,0.01728800,0.01775300,11131339.73674800
2024-06-18 18:00:00,0.01775300,0.01793900,0.01739900,0.01777800,7918108.23274100
2024-06-18 22:00:00,0.01777800,0.01826600,0.01769700,0.01807900,6363605.28197400
2024-06-19 02:00:00,0.01807900,0.01889100,0.01796500,0.01874200,8044411.11009500
2024-06-19 06:00:00,0.01874200,0.01890900,0.01866500,0.01871000,4067673.35540600
2024-06-19 10:00:00,0.01871000,0.01874200,0.01807700,0.01827000,8187697.56036500
2024-06-19 14:00:00,0.01827000,0.01841500,0.01796100,0.01805100,4777912.62149300
2024-06-19 18:00:00,0.01805100,0.01845500,0.01799500,0.01816900,4459189.92503000
2024-06-19 22:00:00,0.01816900,0.01833700,0.01801000,0.01810000,2805136.46921200
2024-06-20 02:00:00,0.01810000,0.01848100,0.01794700,0.01825200,4259219.26822100
2024-06-20 06:00:00,0.01825200,0.01878500,0.01814300,0.01878000,5307590.28468000
2024-06-20 10:00:00,0.01878000,0.01898500,0.01847900,0.01871500,5434440.23439600
2024-06-20 14:00:00,0.01871500,0.01880500,0.01790200,0.01805100,8209448.17564000
2024-06-20 18:00:00,0.01805100,0.01828700,0.01778500,0.01819400,4724715.94656400
2024-06-20 22:00:00,0.01819400,0.01824200,0.01801000,0.01803200,2268214.56408100
2024-06-21 02:00:00,0.01803200,0.01823600,0.01779900,0.01798000,4620231.93026500
2024-06-21 06:00:00,0.01798000,0.01815300,0.01773300,0.01777700,3349500.55523600
2024-06-21 10:00:00,0.01777700,0.01809000,0.01747000,0.01794300,5829873.97624800
2024-06-21 14:00:00,0.01794300,0.01804200,0.01744100,0.01762600,8941399.31359600
2024-06-21 18:00:00,0.01762600,0.01798600,0.01739500,0.01786800,6869003.68918400
2024-06-21 22:00:00,0.01786800,0.01800600,0.01775300,0.01785700,2821640.14514400
2024-06-22 02:00:00,0.01785700,0.01802000,0.01765000,0.01798600,3610093.95599400
2024-06-22 06:00:00,0.01798600,0.01818800,0.01792300,0.01804800,3003568.17257600
2024-06-22 10:00:00,0.01804800,0.01807300,0.01788600,0.01805600,3075108.29979100
2024-06-22 14:00:00,0.01805600,0.01817100,0.01796800,0.01816600,2907848.15924700
2024-06-22 18:00:00,0.01816600,0.01831300,0.01810000,0.01817600,4398676.27931200
2024-06-22 22:00:00,0.01817600,0.01818100,0.01794500,0.01798000,2349539.63771200
2024-06-23 02:00:00,0.01798000,0.01820900,0.01793400,0.01816200,2882229.60929000
2024-06-23 06:00:00,0.01816200,0.01816500,0.01803100,0.01813400,1900927.27790600
2024-06-23 10:00:00,0.01813400,0.01817900,0.01793800,0.01799200,2593357.78227700
2024-06-23 14:00:00,0.01799200,0.01801100,0.01766600,0.01771500,3475664.16622400
2024-06-23 18:00:00,0.01771500,0.01776700,0.01756400,0.01775400,3610045.04295700
2024-06-23 22:00:00,0.01775400,0.01781600,0.01740000,0.01752400,4850275.50856300
2024-06-24 02:00:00,0.01752400,0.01766300,0.01720800,0.01735700,4501071.68323000
2024-06-24 06:00:00,0.01735700,0.01738500,0.01683300,0.01695500,5898514.98809900
2024-06-24 10:00:00,0.01695500,0.01715300,0.01631500,0.01670800,9361113.73777700
2024-06-24 14:00:00,0.01670800,0.01703800,0.01649100,0.01660500,6048901.71629200
2024-06-24 18:00:00,0.01660500,0.01685900,0.01641000,0.01648100,6979758.58814100
2024-06-24 22:00:00,0.01648100,0.01714500,0.01633200,0.01703100,6151695.56130800
2024-06-25 02:00:00,0.01703100,0.01766600,0.01698000,0.01747200,5102687.31248400
2024-06-25 06:00:00,0.01747200,0.01752400,0.01710800,0.01713600,4372092.12074900
2024-06-25 10:00:00,0.01713600,0.01740300,0.01705600,0.01730200,4444843.11739700
2024-06-25 14:00:00,0.01730200,0.01813800,0.01723600,0.01809000,8403230.85422200
2024-06-25 18:00:00,0.01809000,0.01822200,0.01779800,0.01793800,7407861.93948800
2024-06-25 22:00:00,0.01793800,0.01802300,0.01755200,0.01773600,4316270.98626700
2024-06-26 02:00:00,0.01773600,0.01805900,0.01758600,0.01787500,4117946.20625100
2024-06-26 06:00:00,0.01787500,0.01793000,0.01753800,0.01771500,4268270.87365800
2024-06-26 10:00:00,0.01771500,0.01773500,0.01741300,0.01749200,3503723.92559300
2024-06-26 14:00:00,0.01749200,0.01766900,0.01732300,0.01741300,4161828.99554300
2024-06-26 18:00:00,0.01741300,0.01745600,0.01711800,0.01734100,3832433.21869300
2024-06-26 22:00:00,0.01734100,0.01743500,0.01710100,0.01713300,2517105.44657900
2024-06-27 02:00:00,0.01713300,0.01728900,0.01701700,0.01721200,2807388.49946000
2024-06-27 06:00:00,0.01721200,0.01723600,0.01686100,0.01695300,2904276.96174300
2024-06-27 10:00:00,0.01695300,0.01724400,0.01690600,0.01718800,3053634.16804000
2024-06-27 14:00:00,0.01718800,0.01770200,0.01717700,0.01741000,7815544.12298400
2024-06-27 18:00:00,0.01741000,0.01762100,0.01738900,0.01747300,3672998.56602500
2024-06-27 22:00:00,0.01747300,0.01764600,0.01743500,0.01756200,2431234.86882500
2024-06-28 02:00:00,0.01756200,0.01769000,0.01732900,0.01746800,3670741.49884200
2024-06-28 06:00:00,0.01746800,0.01748000,0.01717300,0.01726000,2529705.33822100
2024-06-28 10:00:00,0.01726000,0.01744200,0.01720100,0.01741100,2518301.42008600
2024-06-28 14:00:00,0.01741100,0.01753700,0.01706700,0.01724000,6324900.78114000
2024-06-28 18:00:00,0.01724000,0.01798000,0.01694800,0.01701800,11501155.62944100
2024-06-28 22:00:00,0.01701800,0.01709800,0.01680600,0.01698300,2987718.26851800
2024-06-29 02:00:00,0.01698300,0.01725100,0.01696500,0.01710000,3207819.97543000
2024-06-29 06:00:00,0.01710000,0.01716800,0.01699000,0.01710400,1669688.32095200
2024-06-29 10:00:00,0.01710400,0.01716700,0.01703800,0.01711400,1756834.08901700
2024-06-29 14:00:00,0.01711400,0.01714900,0.01697600,0.01712500,1964400.04501400
2024-06-29 18:00:00,0.01712500,0.01723700,0.01697300,0.01706300,2263858.65085300
2024-06-29 22:00:00,0.01706300,0.01710200,0.01684800,0.01689300,2130270.86859500
2024-06-30 02:00:00,0.01689300,0.01692100,0.01662000,0.01673800,3525537.25694600
2024-06-30 06:00:00,0.01673800,0.01706300,0.01665400,0.01702200,3061818.24625700
2024-06-30 10:00:00,0.01702200,0.01714600,0.01694800,0.01697700,3050954.02236700
2024-06-30 14:00:00,0.01697700,0.01704900,0.01687800,0.01703600,2818347.13998900
2024-06-30 18:00:00,0.01703600,0.01707300,0.01686200,0.01704500,3358215.95682000
2024-06-30 22:00:00,0.01704500,0.01742000,0.01696100,0.01725100,4924369.54154800
2024-07-01 02:00:00,0.01725100,0.01759800,0.01720100,0.01748500,3998058.90225700
2024-07-01 06:00:00,0.01748500,0.01753500,0.01730200,0.01736100,1719624.74427700
2024-07-01 10:00:00,0.01736100,0.01737800,0.01697300,0.01703600,4288781.16129400
2024-07-01 14:00:00,0.01703600,0.01715700,0.01694400,0.01710800,4569199.42909600
2024-07-01 18:00:00,0.01710800,0.01731900,0.01706300,0.01723900,3487683.21853200
2024-07-01 22:00:00,0.01723900,0.01728100,0.01701700,0.01708100,2323324.43728900
2024-07-02 02:00:00,0.01708100,0.01724600,0.01700300,0.01718900,2125996.65906000
2024-07-02 06:00:00,0.01718900,0.01724700,0.01708000,0.01710800,2176897.55473300
2024-07-02 10:00:00,0.01710800,0.01733400,0.01707700,0.01729900,2009665.97008900
2024-07-02 14:00:00,0.01729900,0.01740700,0.01696900,0.01702200,4845287.02413500
2024-07-02 18:00:00,0.01702200,0.01723900,0.01695200,0.01714600,3179057.87867200
2024-07-02 22:00:00,0.01714600,0.01731500,0.01711900,0.01726500,1920522.87027100
2024-07-03 02:00:00,0.01726500,0.01744800,0.01684000,0.01700300,5594397.87473300
2024-07-03 06:00:00,0.01700300,0.01700000,0.01680200,0.01688600,3551556.66995500
2024-07-03 10:00:00,0.01688600,0.01693700,0.01642300,0.01665100,6198197.34324000
2024-07-03 14:00:00,0.01665100,0.01671600,0.01640000,0.01649400,5042262.26910600
2024-07-03 18:00:00,0.01649400,0.01659900,0.01614300,0.01616100,4732827.22080900
2024-07-03 22:00:00,0.01616100,0.01640400,0.01611600,0.01637900,3262121.06593600
2024-07-04 02:00:00,0.01637900,0.01647400,0.01551000,0.01593200,10258923.29945500
2024-07-04 06:00:00,0.01593200,0.01595200,0.01546100,0.01550800,3381273.47136500
2024-07-04 10:00:00,0.01550800,0.01555100,0.01519700,0.01528400,5626550.69236400
2024-07-04 14:00:00,0.01528400,0.01529800,0.01453300,0.01526000,10230951.94780000
2024-07-04 18:00:00,0.01526000,0.01535500,0.01507800,0.01515400,4348191.84018100
2024-07-04 22:00:00,0.01515400,0.01532400,0.01456100,0.01462000,5236024.35950800
2024-07-05 02:00:00,0.01462000,0.01463100,0.01269600,0.01308800,23951013.26102800
2024-07-05 06:00:00,0.01308800,0.01365200,0.01274400,0.01337600,9380219.09406700
2024-07-05 10:00:00,0.01337600,0.01393300,0.01293500,0.01387200,8485315.06519300
2024-07-05 14:00:00,0.01387200,0.01447900,0.01361800,0.01441600,9068970.68360900
2024-07-05 18:00:00,0.01441600,0.01472100,0.01433500,0.01457600,5923807.61631100
2024-07-05 22:00:00,0.01457600,0.01505700,0.01448900,0.01495800,5141278.27043700
2024-07-06 02:00:00,0.01495800,0.01549500,0.01467700,0.01512300,9024476.81135053
2024-07-06 06:00:00,0.01512300,0.01550400,0.01485600,0.01539000,6233244.69702100
2024-07-06 10:00:00,0.01539000,0.01591900,0.01518700,0.01585500,8313017.96778000
2024-07-06 14:00:00,0.01585500,0.01617800,0.01551500,0.01600600,8798155.35199700
2024-07-06 18:00:00,0.01600600,0.01733800,0.01586700,0.01692800,14840241.37511500
2024-07-06 22:00:00,0.01692800,0.01753000,0.01692700,0.01739500,7458785.87073600
2024-07-07 02:00:00,0.01739500,0.01740300,0.01667700,0.01693700,10067600.25304300
2024-07-07 06:00:00,0.01693700,0.01698400,0.01618900,0.01637500,14170268.78203300
2024-07-07 10:00:00,0.01637500,0.01651700,0.01620600,0.01631000,8564083.09511300
2024-07-07 14:00:00,0.01631000,0.01638300,0.01543700,0.01582400,18172912.62948100
2024-07-07 18:00:00,0.01582400,0.01619300,0.01575200,0.01596700,8620366.73466000
2024-07-07 22:00:00,0.01596700,0.01603200,0.01538400,0.01549100,9728419.25612700
2024-07-08 02:00:00,0.01549100,0.01570700,0.01472100,0.01549600,19104709.20178100
2024-07-08 06:00:00,0.01549600,0.01618900,0.01542100,0.01598400,11412582.02142300
2024-07-08 10:00:00,0.01598400,0.01709000,0.01591400,0.01657100,20308282.21561500
2024-07-08 14:00:00,0.01657100,0.01674000,0.01573900,0.01589700,18472303.40336000
2024-07-08 18:00:00,0.01589700,0.01638100,0.01574100,0.01635300,7449332.51097000
2024-07-08 22:00:00,0.01635300,0.01639500,0.01610800,0.01617900,5931286.37554500
2024-07-09 02:00:00,0.01617900,0.01644300,0.01591200,0.01640100,8310511.28462400
2024-07-09 06:00:00,0.01640100,0.01662800,0.01632900,0.01637000,6082818.56173200
2024-07-09 10:00:00,0.01637000,0.01664200,0.01619600,0.01630200,6084491.49430955
2024-07-09 14:00:00,0.01630200,0.01650000,0.01607500,0.01628000,8404848.32098400
2024-07-09 18:00:00,0.01628000,0.01639900,0.01616100,0.01635600,5764553.05805100
2024-07-09 22:00:00,0.01635600,0.01647100,0.01621100,0.01636000,4323646.41446000
2024-07-10 02:00:00,0.01636000,0.01641100,0.01602600,0.01640700,4924800.73849600
2024-07-10 06:00:00,0.01640700,0.01687000,0.01640600,0.01669300,8559155.79935000
2024-07-10 10:00:00,0.01669300,0.01674500,0.01651400,0.01668700,5024724.04477500
2024-07-10 14:00:00,0.01668700,0.01674900,0.01631300,0.01646000,7081618.84027100
2024-07-10 18:00:00,0.01646000,0.01662900,0.01630300,0.01633500,4270158.69937600
2024-07-10 22:00:00,0.01633500,0.01643800,0.01620000,0.01639700,3674409.53193100
2024-07-11 02:00:00,0.01639700,0.01658800,0.01614500,0.01631500,5635951.52928500
2024-07-11 06:00:00,0.01631500,0.01658100,0.01627500,0.01655700,3593197.56770700
2024-07-11 10:00:00,0.01655700,0.01677100,0.01643900,0.01671500,4438412.07375200
2024-07-11 14:00:00,0.01671500,0.01699800,0.01627600,0.01634600,10983539.81356300
2024-07-11 18:00:00,0.01634600,0.01661900,0.01622400,0.01637500,4802462.05276100
2024-07-11 22:00:00,0.01637500,0.01638700,0.01614900,0.01622400,4496088.97140400
2024-07-12 02:00:00,0.01622400,0.01637200,0.01591900,0.01612000,5396071.26282700
2024-07-12 06:00:00,0.01612000,0.01620500,0.01597900,0.01610900,3222569.20595600
2024-07-12 10:00:00,0.01610900,0.01612900,0.01577000,0.01590200,4153563.30399600
2024-07-12 14:00:00,0.01590200,0.01638600,0.01588800,0.01635200,5305678.96088900
2024-07-12 18:00:00,0.01635200,0.01662300,0.01628400,0.01642400,4606835.97603200
2024-07-12 22:00:00,0.01642400,0.01648600,0.01628400,0.01648600,2543363.25278800
2024-07-13 02:00:00,0.01648600,0.01670000,0.01642300,0.01663800,3088854.28533400
2024-07-13 06:00:00,0.01663800,0.01714200,0.01658600,0.01692100,6727711.56305400
2024-07-13 10:00:00,0.01692100,0.01706700,0.01677300,0.01699800,6023031.14560400
2024-07-13 14:00:00,0.01699800,0.01736500,0.01694200,0.01733200,6503607.24898700
2024-07-13 18:00:00,0.01733200,0.01737800,0.01703200,0.01721200,6467202.93481400
2024-07-13 22:00:00,0.01721200,0.01737300,0.01687900,0.01710600,7059396.75187100
2024-07-14 02:00:00,0.01710600,0.01739800,0.01705600,0.01718300,6961015.80830300
2024-07-14 06:00:00,0.01718300,0.01757100,0.01712500,0.01746100,7002911.50545400
2024-07-14 10:00:00,0.01746100,0.01756900,0.01724800,0.01730800,5823461.14943000
2024-07-14 14:00:00,0.01730800,0.01731800,0.01705000,0.01730000,5529524.78127300
2024-07-14 18:00:00,0.01730000,0.01730900,0.01712400,0.01716800,3078047.13929100
2024-07-14 22:00:00,0.01716800,0.01776900,0.01713600,0.01761700,6470248.33580400
2024-07-15 02:00:00,0.01761700,0.01812900,0.01747700,0.01807700,8874104.20074900
2024-07-15 06:00:00,0.01807700,0.01821900,0.01784000,0.01811200,6382363.78547100
2024-07-15 10:00:00,0.01811200,0.01822000,0.01769100,0.01778500,7071278.83854600
2024-07-15 14:00:00,0.01778500,0.01814800,0.01777800,0.01801800,6277116.91894000
2024-07-15 18:00:00,0.01801800,0.01866200,0.01795000,0.01844600,10269299.86104400
2024-07-15 22:00:00,0.01844600,0.01937100,0.01842800,0.01924700,10203022.81526000
2024-07-16 02:00:00,0.01924700,0.02015100,0.01922300,0.01991200,18809080.07449800
2024-07-16 06:00:00,0.01991200,0.02005500,0.01863100,0.01870200,18091876.05818600
2024-07-16 10:00:00,0.01870200,0.01946800,0.01840500,0.01932900,14490961.80295600
2024-07-16 14:00:00,0.01932900,0.01960700,0.01878100,0.01958200,13610366.50016500
2024-07-16 18:00:00,0.01958200,0.01977900,0.01925700,0.01950000,10468918.06328400
2024-07-16 22:00:00,0.01950000,0.01955100,0.01902200,0.01931000,7109394.64581200
2024-07-17 02:00:00,0.01931000,0.01982200,0.01924200,0.01951000,9305424.69394600
2024-07-17 06:00:00,0.01951000,0.01964800,0.01931400,0.01933300,5566548.75024800
2024-07-17 10:00:00,0.01933300,0.01942500,0.01894200,0.01925200,9993565.51623100
2024-07-17 14:00:00,0.01925200,0.01935600,0.01888300,0.01889900,9810050.80931700
2024-07-17 18:00:00,0.01889900,0.01895800,0.01849700,0.01876300,8025365.32754700
2024-07-17 22:00:00,0.01876300,0.01882700,0.01856200,0.01859900,4600655.23363500
2024-07-18 02:00:00,0.01859900,0.01895400,0.01851300,0.01886400,6400165.95066600
2024-07-18 06:00:00,0.01886400,0.01889600,0.01756800,0.01764100,18459807.21755700
2024-07-18 10:00:00,0.01764100,0.01789800,0.01715900,0.01723200,43878862.80160300
2024-07-18 14:00:00,0.01723200,0.01781600,0.01680300,0.01713500,64433493.84291600
2024-07-18 18:00:00,0.01713500,0.01743500,0.01693200,0.01701700,17597632.68382600
2024-07-18 22:00:00,0.01701700,0.01744900,0.01695800,0.01737600,8688386.55084800
2024-07-19 02:00:00,0.01737600,0.01773400,0.01686500,0.01762900,15904037.76988300
2024-07-19 06:00:00,0.01762900,0.01770200,0.01714000,0.01720400,13924819.19866400
2024-07-19 10:00:00,0.01720400,0.01728000,0.01701500,0.01723800,12260516.95007500
2024-07-19 14:00:00,0.01723800,0.01768200,0.01715700,0.01761300,17307949.73268600
2024-07-19 18:00:00,0.01761300,0.01814800,0.01750800,0.01803700,24218675.60426800
2024-07-19 22:00:00,0.01803700,0.01807500,0.01773100,0.01779100,9406741.40597300
2024-07-20 02:00:00,0.01779100,0.01790600,0.01752300,0.01779900,8769218.37072300
2024-07-20 06:00:00,0.01779900,0.01802200,0.01770200,0.01786400,7979039.46257800
2024-07-20 10:00:00,0.01786400,0.01792000,0.01758400,0.01760100,8048511.29834000
2024-07-20 14:00:00,0.01760100,0.01827500,0.01746900,0.01827500,15454961.89619700
2024-07-20 18:00:00,0.01827500,0.01844700,0.01802100,0.01812800,16927303.12550100
2024-07-20 22:00:00,0.01812800,0.01831900,0.01802200,0.01809600,6150070.83955100
2024-07-21 02:00:00,0.01809600,0.01815600,0.01788700,0.01796100,5227302.19738200
2024-07-21 06:00:00,0.01796100,0.01801900,0.01758800,0.01776700,7685602.57054800
2024-07-21 10:00:00,0.01776700,0.01792900,0.01771000,0.01780500,5574781.47944900
2024-07-21 14:00:00,0.01780500,0.01799500,0.01761300,0.01789800,8250491.38101900
2024-07-21 18:00:00,0.01789800,0.01800400,0.01702000,0.01774900,17297462.43605200
2024-07-21 22:00:00,0.01774900,0.01844000,0.01768500,0.01823900,12479030.59161400
2024-07-22 02:00:00,0.01823900,0.01830600,0.01792200,0.01807700,7253926.81373500
2024-07-22 06:00:00,0.01807700,0.01813700,0.01756600,0.01766200,8834529.71319000
2024-07-22 10:00:00,0.01766200,0.01786400,0.01756500,0.01783300,6231337.34239800
2024-07-22 14:00:00,0.01783300,0.01794200,0.01742200,0.01763200,11291956.40416500
2024-07-22 18:00:00,0.01763200,0.01786700,0.01757500,0.01786200,5256369.85484800
2024-07-22 22:00:00,0.01786200,0.01788800,0.01740100,0.01755800,6862921.94359800
2024-07-23 02:00:00,0.01755800,0.01778200,0.01752900,0.01755700,4763251.30693400
2024-07-23 06:00:00,0.01755700,0.01760000,0.01705500,0.01721000,8884963.54094300
2024-07-23 10:00:00,0.01721000,0.01752500,0.01717600,0.01735200,7644770.79227300
2024-07-23 14:00:00,0.01735200,0.01740600,0.01700900,0.01720500,9474568.86346900
2024-07-23 18:00:00,0.01720500,0.01723900,0.01669800,0.01707800,9985558.12633700
2024-07-23 22:00:00,0.01707800,0.01725200,0.01696400,0.01702600,4915340.08844700
2024-07-24 02:00:00,0.01702600,0.01713400,0.01689400,0.01708800,4746296.75225500
2024-07-24 06:00:00,0.01708800,0.01721900,0.01690400,0.01719500,3490527.89956600
2024-07-24 10:00:00,0.01719500,0.01732900,0.01712700,0.01725200,4229590.31491400
2024-07-24 14:00:00,0.01725200,0.01757000,0.01718900,0.01720800,8113592.09483500
2024-07-24 18:00:00,0.01720800,0.01737700,0.01700800,0.01704300,5900611.30117300
2024-07-24 22:00:00,0.01704300,0.01714800,0.01660200,0.01678100,7596547.63440900
2024-07-25 02:00:00,0.01678100,0.01687200,0.01597200,0.01613700,15840189.65525900
2024-07-25 06:00:00,0.01613700,0.01631500,0.01603800,0.01621800,5749832.38590200
2024-07-25 10:00:00,0.01621800,0.01640500,0.01616600,0.01630200,5746537.19691000
2024-07-25 14:00:00,0.01630200,0.01641500,0.01597500,0.01624000,10582869.44240100
2024-07-25 18:00:00,0.01624000,0.01637100,0.01581300,0.01605300,7981922.13436800
2024-07-25 22:00:00,0.01605300,0.01648700,0.01580900,0.01638900,7495811.57210100
2024-07-26 02:00:00,0.01638900,0.01689300,0.01636300,0.01669600,7509429.67992400
2024-07-26 06:00:00,0.01669600,0.01683800,0.01668900,0.01673200,4759029.28389600
2024-07-26 10:00:00,0.01673200,0.01688500,0.01672600,0.01684100,3155992.34199200
2024-07-26 14:00:00,0.01684100,0.01689300,0.01662700,0.01672800,6265527.71316700
2024-07-26 18:00:00,0.01672800,0.01701100,0.01669100,0.01690300,4241194.91262300
2024-07-26 22:00:00,0.01690300,0.01701500,0.01676700,0.01695400,2859822.96541900
2024-07-27 02:00:00,0.01695400,0.01723100,0.01691500,0.01709500,6195340.38220900
2024-07-27 06:00:00,0.01709500,0.01728400,0.01708200,0.01722200,3608872.20755600
2024-07-27 10:00:00,0.01722200,0.01729100,0.01713200,0.01717900,2969098.08862100
2024-07-27 14:00:00,0.01717900,0.01761500,0.01706000,0.01720700,9098028.51553600
2024-07-27 18:00:00,0.01720700,0.01725600,0.01684500,0.01710700,9502215.75927600
2024-07-27 22:00:00,0.01710700,0.01724100,0.01670800,0.01700700,9554883.33557600
2024-07-28 02:00:00,0.01700700,0.01716800,0.01681900,0.01692600,4920945.28723300
2024-07-28 06:00:00,0.01692600,0.01695100,0.01667600,0.01688700,3466622.80007600
2024-07-28 10:00:00,0.01688700,0.01696100,0.01676400,0.01685800,3002756.78272200
2024-07-28 14:00:00,0.01685800,0.01691900,0.01671700,0.01675900,3227620.08153700
2024-07-28 18:00:00,0.01675900,0.01691500,0.01673700,0.01680800,2559845.17286000
2024-07-28 22:00:00,0.01680800,0.01681600,0.01661900,0.01678900,2725143.65240600
2024-07-29 02:00:00,0.01678900,0.01728300,0.01674900,0.01713800,6933230.43673400
2024-07-29 06:00:00,0.01713800,0.01731100,0.01707100,0.01721300,4026850.77476200
2024-07-29 10:00:00,0.01721300,0.01726800,0.01712500,0.01715800,2894298.10302200
2024-07-29 14:00:00,0.01715800,0.01720700,0.01668200,0.01676300,7051529.03252300
2024-07-29 18:00:00,0.01676300,0.01679200,0.01650600,0.01677400,6237168.65821500
2024-07-29 22:00:00,0.01677400,0.01680600,0.01658200,0.01660700,3664840.39249800
2024-07-30 02:00:00,0.01660700,0.01678500,0.01647500,0.01673500,5479127.60327200
2024-07-30 06:00:00,0.01673500,0.01684000,0.01666100,0.01680200,2643098.11377800
2024-07-30 10:00:00,0.01680200,0.01682600,0.01663400,0.01668600,3144795.62652800
2024-07-30 14:00:00,0.01668600,0.01679100,0.01645700,0.01657800,4756057.97314300
2024-07-30 18:00:00,0.01657800,0.01660500,0.01611600,0.01621200,5671138.01176900
2024-07-30 22:00:00,0.01621200,0.01643700,0.01599900,0.01639400,4363504.95904000
2024-07-31 02:00:00,0.01639400,0.01646300,0.01628900,0.01633200,2678040.78935700
2024-07-31 06:00:00,0.01633200,0.01643800,0.01610500,0.01632600,3744071.44804600
2024-07-31 10:00:00,0.01632600,0.01663200,0.01627600,0.01650500,5169498.67849100
2024-07-31 14:00:00,0.01650500,0.01668600,0.01629200,0.01634800,6098243.78296900
2024-07-31 18:00:00,0.01634800,0.01644600,0.01595300,0.01603700,7193814.76309200
2024-07-31 22:00:00,0.01603700,0.01605400,0.01569400,0.01591400,7071505.97961900
2024-08-01 02:00:00,0.01591400,0.01603300,0.01577900,0.01592500,4441132.99036400
2024-08-01 06:00:00,0.01592500,0.01598100,0.01556900,0.01586500,5321526.30911000
2024-08-01 10:00:00,0.01586500,0.01596700,0.01583200,0.01590800,2292696.54618400
2024-08-01 14:00:00,0.01590800,0.01599300,0.01527300,0.01536700,8357170.26484200
2024-08-01 18:00:00,0.01536700,0.01536600,0.01487700,0.01524700,11913586.76405800
2024-08-01 22:00:00,0.01524700,0.01586700,0.01519500,0.01578900,7107963.92929300
2024-08-02 02:00:00,0.01578900,0.01588200,0.01538500,0.01560000,6531554.45395100
2024-08-02 06:00:00,0.01560000,0.01564700,0.01519500,0.01534000,5501112.59379700
2024-08-02 10:00:00,0.01534000,0.01561600,0.01522100,0.01551300,5123358.20366900
2024-08-02 14:00:00,0.01551300,0.01574900,0.01462400,0.01504200,14282935.19735300
2024-08-02 18:00:00,0.01504200,0.01519200,0.01477600,0.01489500,7117705.80361100
2024-08-02 22:00:00,0.01489500,0.01503300,0.01459400,0.01464300,6331760.89777600
2024-08-03 02:00:00,0.01464300,0.01474000,0.01412500,0.01467400,8337080.99875100
2024-08-03 06:00:00,0.01467400,0.01479200,0.01461800,0.01471000,2770955.37487300
2024-08-03 10:00:00,0.01471000,0.01471300,0.01452200,0.01466000,3364127.04490600
2024-08-03 14:00:00,0.01466000,0.01482500,0.01427500,0.01429200,5615745.79182800
2024-08-03 18:00:00,0.01429200,0.01442400,0.01381500,0.01381500,11563473.97468300
2024-08-03 22:00:00,0.01381500,0.01430500,0.01377300,0.01422500,5296619.68395900
2024-08-04 02:00:00,0.01422500,0.01431600,0.01404300,0.01414000,3130909.80482700
2024-08-04 06:00:00,0.01414000,0.01419800,0.01395000,0.01399000,2720209.11612300
2024-08-04 10:00:00,0.01399000,0.01409800,0.01387800,0.01405400,2954939.73958600
2024-08-04 14:00:00,0.01405400,0.01421400,0.01341800,0.01344200,7115446.39476200
2024-08-04 18:00:00,0.01344200,0.01376200,0.01296300,0.01364700,14362956.73498500
2024-08-04 22:00:00,0.01364700,0.01377700,0.01329300,0.01333800,6158426.25944900
2024-08-05 02:00:00,0.01333800,0.01339700,0.01159500,0.01200300,30569340.24554100
2024-08-05 06:00:00,0.01200300,0.01224500,0.01082700,0.01192100,24712642.95571900
2024-08-05 10:00:00,0.01192100,0.01198800,0.01082000,0.01126700,12284489.27278200
2024-08-05 14:00:00,0.01126700,0.01323000,0.01090600,0.01323000,20374663.75488500
2024-08-05 18:00:00,0.01323000,0.01394600,0.01271200,0.01302900,18224155.46850400
2024-08-05 22:00:00,0.01302900,0.01363300,0.01303000,0.01322400,10400129.99464800
2024-08-06 02:00:00,0.01322400,0.01402400,0.01315800,0.01365500,12745540.48517800
2024-08-06 06:00:00,0.01365500,0.01396100,0.01352700,0.01387400,16689003.15218100
2024-08-06 10:00:00,0.01387400,0.01387400,0.01331400,0.01338600,8540071.08403800
2024-08-06 14:00:00,0.01338600,0.01382500,0.01310700,0.01357600,10234730.24923000
2024-08-06 18:00:00,0.01357600,0.01380500,0.01351000,0.01357100,6956163.77095300
2024-08-06 22:00:00,0.01357100,0.01379400,0.01341000,0.01344500,6198641.76270800
2024-08-07 02:00:00,0.01344500,0.01379800,0.01327600,0.01367100,5484633.16624560
2024-08-07 06:00:00,0.01367100,0.01382100,0.01350000,0.01366000,3655244.66352691
2024-08-07 10:00:00,0.01366000,0.01394200,0.01360600,0.01364300,5207142.95804326
2024-08-07 14:00:00,0.01364300,0.01385700,0.01303200,0.01327200,8532537.18471320
2024-08-07 18:00:00,0.01327200,0.01330800,0.01286600,0.01298300,5316632.74361440
2024-08-07 22:00:00,0.01298300,0.01313300,0.01270500,0.01287400,5112363.76272915
2024-08-08 02:00:00,0.01287400,0.01353000,0.01263400,0.01327800,7975082.38969018
2024-08-08 06:00:00,0.01327800,0.01340100,0.01322600,0.01326100,3227917.59044800
2024-08-08 10:00:00,0.01326100,0.01336400,0.01323200,0.01328500,2787520.65011600
2024-08-08 14:00:00,0.01328500,0.01369100,0.01314100,0.01369100,9317780.80781100
2024-08-08 18:00:00,0.01369100,0.01394000,0.01363600,0.01366500,6006015.62065800
2024-08-08 22:00:00,0.01366500,0.01439200,0.01365600,0.01430900,6213491.28875100
2024-08-09 02:00:00,0.01430900,0.01431400,0.01401100,0.01411200,4716376.54869300
2024-08-09 06:00:00,0.01411200,0.01418600,0.01380200,0.01409200,4452101.59975100
2024-08-09 10:00:00,0.01409200,0.01420400,0.01386700,0.01397100,4380828.86854300
2024-08-09 14:00:00,0.01397100,0.01408400,0.01365200,0.01375700,6263680.82024800
2024-08-09 18:00:00,0.01375700,0.01399900,0.01371000,0.01397300,3678383.91817800
2024-08-09 22:00:00,0.01397300,0.01410100,0.01386500,0.01403100,4206894.39800000
2024-08-10 02:00:00,0.01403100,0.01428600,0.01395400,0.01398200,3703377.10733700
2024-08-10 06:00:00,0.01398200,0.01407500,0.01385600,0.01406100,1841770.33460500
2024-08-10 10:00:00,0.01406100,0.01415900,0.01400700,0.01411400,2218727.89535900
2024-08-10 14:00:00,0.01411400,0.01413000,0.01393000,0.01397200,2319729.51101200
2024-08-10 18:00:00,0.01397200,0.01413000,0.01393600,0.01410000,2626873.32219500
2024-08-10 22:00:00,0.01410000,0.01416300,0.01404000,0.01408000,1528351.51471200
2024-08-11 02:00:00,0.01408000,0.01466000,0.01405100,0.01446100,5727162.47780000
2024-08-11 06:00:00,0.01446100,0.01452300,0.01430800,0.01438500,2964949.50258600
2024-08-11 10:00:00,0.01438500,0.01446200,0.01403000,0.01409400,4042575.87326100
2024-08-11 14:00:00,0.01409400,0.01412400,0.01368400,0.01374400,5340961.53142700
2024-08-11 18:00:00,0.01374400,0.01386700,0.01349800,0.01354100,4348891.41185000
2024-08-11 22:00:00,0.01354100,0.01354900,0.01326600,0.01338000,6723879.65314800
2024-08-12 02:00:00,0.01338000,0.01356800,0.01331400,0.01347700,3262250.58228000
2024-08-12 06:00:00,0.01347700,0.01370300,0.01327100,0.01361600,3307909.89815000
2024-08-12 10:00:00,0.01361600,0.01407300,0.01355200,0.01405900,5740276.69924500
2024-08-12 14:00:00,0.01405900,0.01409100,0.01343000,0.01394500,9995859.01451200
2024-08-12 18:00:00,0.01394500,0.01400000,0.01353900,0.01366000,4901886.14198400
2024-08-12 22:00:00,0.01366000,0.01398200,0.01355000,0.01390500,3547093.57730000
2024-08-13 02:00:00,0.01390500,0.01400900,0.01363700,0.01366700,4121899.40360800
2024-08-13 06:00:00,0.01366700,0.01377800,0.01359900,0.01369800,2113716.72659600
2024-08-13 10:00:00,0.01369800,0.01372300,0.01348600,0.01363200,2937660.46043600
2024-08-13 14:00:00,0.01363200,0.01383500,0.01361100,0.01373300,4051432.89266200
2024-08-13 18:00:00,0.01373300,0.01405800,0.01372500,0.01388400,4839640.16549800
2024-08-13 22:00:00,0.01388400,0.01396000,0.01381000,0.01387900,2484929.26099900
2024-08-14 02:00:00,0.01387900,0.01392900,0.01376600,0.01379400,2225154.18640300
2024-08-14 06:00:00,0.01379400,0.01386900,0.01368600,0.01376800,2998165.22506200
2024-08-14 10:00:00,0.01376800,0.01391200,0.01370100,0.01384800,2295212.29254600
2024-08-14 14:00:00,0.01384800,0.01403100,0.01341500,0.01366200,7926629.07278300
2024-08-14 18:00:00,0.01366200,0.01370300,0.01356600,0.01361200,2955965.44894100
2024-08-14 22:00:00,0.01361200,0.01365800,0.01349500,0.01360100,2628549.76776300
2024-08-15 02:00:00,0.01360100,0.01369400,0.01353300,0.01363900,2247743.42498900
2024-08-15 06:00:00,0.01363900,0.01365000,0.01341400,0.01351200,3418956.80036300
2024-08-15 10:00:00,0.01351200,0.01362500,0.01346200,0.01358500,2203511.89760500
2024-08-15 14:00:00,0.01358500,0.01374600,0.01354800,0.01369900,4316793.37619000
2024-08-15 18:00:00,0.01369900,0.01372600,0.01310100,0.01319300,8773539.09086200
2024-08-15 22:00:00,0.01319300,0.01331700,0.01311800,0.01325600,4080181.84807800
2024-08-16 02:00:00,0.01325600,0.01343800,0.01318200,0.01328400,3107938.38088600
2024-08-16 06:00:00,0.01328400,0.01347900,0.01326500,0.01342200,1988975.15486200
2024-08-16 10:00:00,0.01342200,0.01344900,0.01329100,0.01332000,2311352.44180100
2024-08-16 14:00:00,0.01332000,0.01336100,0.01288500,0.01302700,8768188.52905800
2024-08-16 18:00:00,0.01302700,0.01331000,0.01294000,0.01324200,6312552.17621600
2024-08-16 22:00:00,0.01324200,0.01330300,0.01317900,0.01321100,2054779.82520800
2024-08-17 02:00:00,0.01321100,0.01332200,0.01313600,0.01324800,2245118.58965800
2024-08-17 06:00:00,0.01324800,0.01328900,0.01322200,0.01326900,1141339.67768000
2024-08-17 10:00:00,0.01326900,0.01331000,0.01320800,0.01323500,1581200.58045500
2024-08-17 14:00:00,0.01323500,0.01341400,0.01321900,0.01331500,2911091.71472300
2024-08-17 18:00:00,0.01331500,0.01341300,0.01329400,0.01333500,2398342.90443900
2024-08-17 22:00:00,0.01333500,0.01338600,0.01325100,0.01336900,1965275.22038300
2024-08-18 02:00:00,0.01336900,0.01341600,0.01327300,0.01329500,2440754.10917500
2024-08-18 06:00:00,0.01329500,0.01333900,0.01324400,0.01331200,1204136.29759600
2024-08-18 10:00:00,0.01331200,0.01347500,0.01329300,0.01345500,2127558.58918600
2024-08-18 14:00:00,0.01345500,0.01358700,0.01342600,0.01351600,3074829.73585100
2024-08-18 18:00:00,0.01351600,0.01356800,0.01338200,0.01347900,2805083.00451300
2024-08-18 22:00:00,0.01347900,0.01350300,0.01321200,0.01322600,2505451.96675900
2024-08-19 02:00:00,0.01322600,0.01326600,0.01312600,0.01319300,3450886.17670300
2024-08-19 06:00:00,0.01319300,0.01319900,0.01307400,0.01312300,2138601.82675100
2024-08-19 10:00:00,0.01312300,0.01348000,0.01297400,0.01347000,5275282.10667200
2024-08-19 14:00:00,0.01347000,0.01352500,0.01310400,0.01310800,7158761.80562300
2024-08-19 18:00:00,0.01310800,0.01330100,0.01298000,0.01316600,5917869.46381300
2024-08-19 22:00:00,0.01316600,0.01335300,0.01315000,0.01332100,2291907.85925000
2024-08-20 02:00:00,0.01332100,0.01363100,0.01330300,0.01363100,5651756.03750900
2024-08-20 06:00:00,0.01363100,0.01385800,0.01357600,0.01383500,5002529.54288400
2024-08-20 10:00:00,0.01383500,0.01389600,0.01371300,0.01374600,4375716.36708100
2024-08-20 14:00:00,0.01374600,0.01392700,0.01339100,0.01360400,7831355.43873100
2024-08-20 18:00:00,0.01360400,0.01376700,0.01355500,0.01373200,3625434.48314200
2024-08-20 22:00:00,0.01373200,0.01376100,0.01363000,0.01364000,2063515.89475200
2024-08-21 02:00:00,0.01364000,0.01371700,0.01348000,0.01366800,2449165.54278600
2024-08-21 06:00:00,0.01366800,0.01378100,0.01362900,0.01376900,1604323.77521600
2024-08-21 10:00:00,0.01376900,0.01379600,0.01354900,0.01366900,2129087.33278900
2024-08-21 14:00:00,0.01366900,0.01383700,0.01349900,0.01373000,5458040.13747500
2024-08-21 18:00:00,0.01373000,0.01408100,0.01365900,0.01406700,4523715.85756200
2024-08-21 22:00:00,0.01406700,0.01420900,0.01403500,0.01410600,4299178.95454800
2024-08-22 02:00:00,0.01410600,0.01413000,0.01382500,0.01399200,2973780.38264000
2024-08-22 06:00:00,0.01399200,0.01415800,0.01398700,0.01414500,1824612.25684900
2024-08-22 10:00:00,0.01414500,0.01438600,0.01411500,0.01428300,4479642.85919800
2024-08-22 14:00:00,0.01428300,0.01428200,0.01406200,0.01412400,4311669.41249200
2024-08-22 18:00:00,0.01412400,0.01417500,0.01399700,0.01401000,2165859.76084700
2024-08-22 22:00:00,0.01401000,0.01412900,0.01398400,0.01404800,1782756.40558900
2024-08-23 02:00:00,0.01404800,0.01420400,0.01402400,0.01417100,1997073.45950700
2024-08-23 06:00:00,0.01417100,0.01442100,0.01417000,0.01434700,3164075.65738100
2024-08-23 10:00:00,0.01434700,0.01443100,0.01422100,0.01423800,3431041.18446400
2024-08-23 14:00:00,0.01423800,0.01485800,0.01423700,0.01467900,9939815.84670600
2024-08-23 18:00:00,0.01467900,0.01516600,0.01458900,0.01506800,9028524.27420700
2024-08-23 22:00:00,0.01506800,0.01549000,0.01504300,0.01528600,6099848.91221100
2024-08-24 02:00:00,0.01528600,0.01544500,0.01508600,0.01519500,4126950.11852900
2024-08-24 06:00:00,0.01519500,0.01527600,0.01515000,0.01526200,2495135.81998500
2024-08-24 10:00:00,0.01526200,0.01558900,0.01519700,0.01539800,4772279.91763500
2024-08-24 14:00:00,0.01539800,0.01588500,0.01537000,0.01562600,7181418.37209300
2024-08-24 18:00:00,0.01562600,0.01610500,0.01559100,0.01593600,10625923.28750100
2024-08-24 22:00:00,0.01593600,0.01604400,0.01538600,0.01560900,8206568.69785600
2024-08-25 02:00:00,0.01560900,0.01564800,0.01510600,0.01534600,7456936.32543700
2024-08-25 06:00:00,0.01534600,0.01536800,0.01468000,0.01478700,7820909.84891700
2024-08-25 10:00:00,0.01478700,0.01511000,0.01470000,0.01501300,5310328.84370700
2024-08-25 14:00:00,0.01501300,0.01531900,0.01497400,0.01519400,5581286.08917200
2024-08-25 18:00:00,0.01519400,0.01528500,0.01504200,0.01510800,4439147.70509600
2024-08-25 22:00:00,0.01510800,0.01535600,0.01507700,0.01510100,4050896.06106100
2024-08-26 02:00:00,0.01510100,0.01524100,0.01484100,0.01507100,5331415.90622400
2024-08-26 06:00:00,0.01507100,0.01512300,0.01480600,0.01488000,4990769.26096300
2024-08-26 10:00:00,0.01488000,0.01504500,0.01484100,0.01488600,4307908.57334500
2024-08-26 14:00:00,0.01488600,0.01491200,0.01455100,0.01466500,7495930.89941800
2024-08-26 18:00:00,0.01466500,0.01474200,0.01434200,0.01446900,5932275.09714400
2024-08-26 22:00:00,0.01446900,0.01479400,0.01434300,0.01460100,6322087.24933500
2024-08-27 02:00:00,0.01460100,0.01483000,0.01459300,0.01466700,3575145.68906100
2024-08-27 06:00:00,0.01466700,0.01481800,0.01453700,0.01460400,3698025.17654800
2024-08-27 10:00:00,0.01460400,0.01464100,0.01427600,0.01438000,5076613.34657200
2024-08-27 14:00:00,0.01438000,0.01441500,0.01420300,0.01428800,4632135.26379100
2024-08-27 18:00:00,0.01428800,0.01459400,0.01418800,0.01445700,3908588.41751500
2024-08-27 22:00:00,0.01445700,0.01445600,0.01338200,0.01374500,12102006.55432100
2024-08-28 02:00:00,0.01374500,0.01383000,0.01355900,0.01381500,3910523.91279300
2024-08-28 06:00:00,0.01381500,0.01384000,0.01357200,0.01359500,2761461.54513000
2024-08-28 10:00:00,0.01359500,0.01418700,0.01350500,0.01401200,4973193.69414100
2024-08-28 14:00:00,0.01401200,0.01409600,0.01360300,0.01375000,5187509.54157100
2024-08-28 18:00:00,0.01375000,0.01408300,0.01340600,0.01380400,6680558.11378600
2024-08-28 22:00:00,0.01380400,0.01401400,0.01371900,0.01384500,3477208.91433200
2024-08-29 02:00:00,0.01384500,0.01399300,0.01381600,0.01394500,2373254.11988000
2024-08-29 06:00:00,0.01394500,0.01416300,0.01388400,0.01410500,2879136.34959800
2024-08-29 10:00:00,0.01410500,0.01438500,0.01405000,0.01423300,3414993.77608900
2024-08-29 14:00:00,0.01423300,0.01454000,0.01420900,0.01444900,4799394.65525400
2024-08-29 18:00:00,0.01444900,0.01452200,0.01385900,0.01401600,7286494.73996700
2024-08-29 22:00:00,0.01401600,0.01411200,0.01384800,0.01406900,2920380.62723500
2024-08-30 02:00:00,0.01406900,0.01410600,0.01392000,0.01395300,2488654.62532000
2024-08-30 06:00:00,0.01395300,0.01414100,0.01384400,0.01402900,2898012.52529500
2024-08-30 10:00:00,0.01402900,0.01420900,0.01402400,0.01405200,2442762.98484100
2024-08-30 14:00:00,0.01405200,0.01421600,0.01362500,0.01372500,6506292.46093200
2024-08-30 18:00:00,0.01372500,0.01397100,0.01364700,0.01377000,5621903.21212600
2024-08-30 22:00:00,0.01377000,0.01402200,0.01376900,0.01398900,1979860.91160800
2024-08-31 02:00:00,0.01398900,0.01409200,0.01392600,0.01395800,1803109.33529700
2024-08-31 06:00:00,0.01395800,0.01401300,0.01389600,0.01390200,1265442.12761200
2024-08-31 10:00:00,0.01390200,0.01397000,0.01379500,0.01394100,1665231.15015800
2024-08-31 14:00:00,0.01394100,0.01394100,0.01382100,0.01386000,1553666.38554800
2024-08-31 18:00:00,0.01386000,0.01386200,0.01371500,0.01375700,2520809.98558000
2024-08-31 22:00:00,0.01375700,0.01383000,0.01372500,0.01382500,832315.33266000
2024-09-01 02:00:00,0.01382500,0.01385900,0.01361000,0.01369000,1934744.57283200
2024-09-01 06:00:00,0.01369000,0.01372200,0.01352300,0.01371400,2341870.65712100
2024-09-01 10:00:00,0.01371400,0.01371900,0.01353000,0.01367900,1708848.08843300
2024-09-01 14:00:00,0.01367900,0.01369400,0.01338600,0.01357700,4101361.67468200
2024-09-01 18:00:00,0.01357700,0.01363700,0.01332500,0.01352300,3486007.49899400
2024-09-01 22:00:00,0.01352300,0.01359600,0.01303700,0.01314200,4366966.34382000
2024-09-02 02:00:00,0.01314200,0.01327200,0.01311100,0.01324400,2707474.69616000
2024-09-02 06:00:00,0.01324400,0.01329600,0.01310000,0.01314600,2145922.27762500
2024-09-02 10:00:00,0.01314600,0.01362400,0.01314600,0.01350700,3026741.70494700
2024-09-02 14:00:00,0.01350700,0.01355800,0.01330300,0.01347400,2120606.39575500
2024-09-02 18:00:00,0.01347400,0.01353800,0.01339300,0.01345300,1082458.37603300
2024-09-02 22:00:00,0.01345300,0.01371500,0.01341700,0.01365800,1845010.51049800
2024-09-03 02:00:00,0.01365800,0.01384500,0.01359300,0.01369900,1601403.56441700
2024-09-03 06:00:00,0.01369900,0.01371600,0.01362200,0.01368300,1072681.86295800
2024-09-03 10:00:00,0.01368300,0.01368300,0.01351700,0.01358800,1489340.72050900
2024-09-03 14:00:00,0.01358800,0.01365800,0.01317600,0.01319900,3352508.58832500
2024-09-03 18:00:00,0.01319900,0.01335400,0.01315000,0.01323700,2012323.96882400
2024-09-03 22:00:00,0.01323700,0.01331100,0.01304700,0.01307200,1497533.95627300
2024-09-04 02:00:00,0.01307200,0.01319400,0.01244000,0.01311600,6267210.16435200
2024-09-04 06:00:00,0.01311600,0.01328000,0.01298300,0.01321600,1777113.58326100
2024-09-04 10:00:00,0.01321600,0.01324500,0.01303700,0.01311000,1749637.90508200
2024-09-04 14:00:00,0.01311000,0.01350800,0.01304600,0.01347900,3391538.80214100
2024-09-04 18:00:00,0.01347900,0.01360900,0.01325700,0.01335000,2238358.65219700
2024-09-04 22:00:00,0.01335000,0.01367500,0.01331500,0.01358700,2048407.95287600
2024-09-05 02:00:00,0.01358700,0.01362900,0.01327600,0.01333900,1813763.43539700
2024-09-05 06:00:00,0.01333900,0.01352500,0.01325000,0.01346700,1781064.52103200
2024-09-05 10:00:00,0.01346700,0.01353100,0.01323000,0.01323700,2180240.10045000
2024-09-05 14:00:00,0.01323700,0.01340600,0.01305000,0.01315500,3440706.96311500
2024-09-05 18:00:00,0.01315500,0.01326200,0.01304600,0.01312200,1940492.81169100
2024-09-05 22:00:00,0.01312200,0.01322800,0.01310500,0.01319100,1076161.91201700
2024-09-06 02:00:00,0.01319100,0.01344300,0.01313400,0.01332900,1626460.59047000
2024-09-06 06:00:00,0.01332900,0.01339700,0.01310800,0.01318700,1992615.18804200
2024-09-06 10:00:00,0.01318700,0.01328800,0.01313800,0.01322500,1823502.77609400
2024-09-06 14:00:00,0.01322500,0.01344100,0.01275400,0.01293500,6212200.43824500
2024-09-06 18:00:00,0.01293500,0.01295100,0.01261000,0.01268400,3622171.65715000
2024-09-06 22:00:00,0.01268400,0.01281600,0.01231000,0.01278500,3551716.83463200
2024-09-07 02:00:00,0.01278500,0.01285200,0.01271300,0.01274800,1143726.86684100
2024-09-07 06:00:00,0.01274800,0.01297900,0.01274800,0.01294600,1737941.66861300
2024-09-07 10:00:00,0.01294600,0.01299000,0.01286600,0.01288800,1287207.93417800
2024-09-07 14:00:00,0.01288800,0.01303300,0.01288800,0.01300000,1727444.83279400
2024-09-07 18:00:00,0.01300000,0.01303100,0.01280900,0.01293100,1731179.44196900
2024-09-07 22:00:00,0.01293100,0.01293900,0.01275000,0.01285700,1321772.29670200
2024-09-08 02:00:00,0.01285700,0.01296400,0.01279700,0.01294200,872335.51732400
2024-09-08 06:00:00,0.01294200,0.01299200,0.01289400,0.01298200,1048103.42737800
2024-09-08 10:00:00,0.01298200,0.01306400,0.01294000,0.01301200,1276062.93363300
2024-09-08 14:00:00,0.01301200,0.01303500,0.01285700,0.01287900,1864426.84374000
2024-09-08 18:00:00,0.01287900,0.01299300,0.01281900,0.01293600,1529361.18478400
2024-09-08 22:00:00,0.01293600,0.01316600,0.01289400,0.01307600,2163858.70717600
2024-09-09 02:00:00,0.01307600,0.01317600,0.01301700,0.01310100,1466084.24822400
2024-09-09 06:00:00,0.01310100,0.01318400,0.01300600,0.01316300,1178825.81448300
2024-09-09 10:00:00,0.01316300,0.01327600,0.01314500,0.01318100,1388897.83181400
2024-09-09 14:00:00,0.01318100,0.01323400,0.01296600,0.01312400,2976807.76921600
2024-09-09 18:00:00,0.01312400,0.01367400,0.01312100,0.01365000,5259565.62025600
2024-09-09 22:00:00,0.01365000,0.01374400,0.01350000,0.01352700,2028990.49541700
2024-09-10 02:00:00,0.01352700,0.01353500,0.01331300,0.01332000,1539419.68324800
2024-09-10 06:00:00,0.01332000,0.01353600,0.01329600,0.01350000,1540520.80088900
2024-09-10 10:00:00,0.01350000,0.01356300,0.01340400,0.01346600,1971124.61863800
2024-09-10 14:00:00,0.01346600,0.01352500,0.01332800,0.01334100,2250380.82970300
2024-09-10 18:00:00,0.01334100,0.01368100,0.01333600,0.01361700,2226215.39885100
2024-09-10 22:00:00,0.01361700,0.01363100,0.01347700,0.01352400,1153078.65777700
2024-09-11 02:00:00,0.01352400,0.01353800,0.01325500,0.01331200,1953022.46810200
2024-09-11 06:00:00,0.01331200,0.01331200,0.01311200,0.01328400,1721563.39632300
2024-09-11 10:00:00,0.01328400,0.01329100,0.01315100,0.01325800,1338356.32471100
2024-09-11 14:00:00,0.01325800,0.01341200,0.01292500,0.01316400,4519278.23938000
2024-09-11 18:00:00,0.01316400,0.01337400,0.01314500,0.01327400,2270292.76714900
2024-09-11 22:00:00,0.01327400,0.01330900,0.01321400,0.01324800,776960.64550600
2024-09-12 02:00:00,0.01324800,0.01348100,0.01324200,0.01338700,1814183.23962200
2024-09-12 06:00:00,0.01338700,0.01346000,0.01333700,0.01340100,1093879.47103900
2024-09-12 10:00:00,0.01340100,0.01343300,0.01331500,0.01334900,1043312.78112500
2024-09-12 14:00:00,0.01334900,0.01344600,0.01318500,0.01321000,2986997.84239200
2024-09-12 18:00:00,0.01321000,0.01338400,0.01320400,0.01337200,1720692.91388900
2024-09-12 22:00:00,0.01337200,0.01352200,0.01330100,0.01350800,1438033.07918800
2024-09-13 02:00:00,0.01350800,0.01352700,0.01338900,0.01339800,1207093.00464400
2024-09-13 06:00:00,0.01339800,0.01351000,0.01337600,0.01348800,938672.54961200
2024-09-13 10:00:00,0.01348800,0.01372300,0.01346500,0.01351500,1850901.35033900
2024-09-13 14:00:00,0.01351500,0.01401500,0.01344400,0.01393000,2789171.99510300
2024-09-13 18:00:00,0.01393000,0.01398200,0.01381200,0.01387900,1877490.84006200
2024-09-13 22:00:00,0.01387900,0.01409500,0.01386500,0.01395300,1304599.20090300
2024-09-14 02:00:00,0.01395300,0.01404700,0.01392400,0.01397300,856906.40556200
2024-09-14 06:00:00,0.01397300,0.01398600,0.01380700,0.01386300,864937.85000100
2024-09-14 10:00:00,0.01386300,0.01389300,0.01359900,0.01366000,1430804.80921500
2024-09-14 14:00:00,0.01366000,0.01380400,0.01363100,0.01373500,1014721.72083700
2024-09-14 18:00:00,0.01373500,0.01378700,0.01358200,0.01366900,1236936.97607400
2024-09-14 22:00:00,0.01366900,0.01376300,0.01366800,0.01372900,857534.17825800
2024-09-15 02:00:00,0.01372900,0.01384100,0.01369500,0.01379100,822701.14594700
2024-09-15 06:00:00,0.01379100,0.01384100,0.01371900,0.01382900,710075.68884100
2024-09-15 10:00:00,0.01382900,0.01383300,0.01366000,0.01370300,1507682.71871900
2024-09-15 14:00:00,0.01370300,0.01386100,0.01367700,0.01383300,1638662.40792700
2024-09-15 18:00:00,0.01383300,0.01384600,0.01360400,0.01371800,2725251.01172300
2024-09-15 22:00:00,0.01371800,0.01373200,0.01327800,0.01337700,3935883.72079800
2024-09-16 02:00:00,0.01337700,0.01340800,0.01306300,0.01329900,4234351.65029800
2024-09-16 06:00:00,0.01329900,0.01339900,0.01325200,0.01338300,1539242.98134100
2024-09-16 10:00:00,0.01338300,0.01345900,0.01320400,0.01326400,2409941.51057800
2024-09-16 14:00:00,0.01326400,0.01329100,0.01302200,0.01314000,3346426.84376300
2024-09-16 18:00:00,0.01314000,0.01318500,0.01299700,0.01310800,3347024.00382400
2024-09-16 22:00:00,0.01310800,0.01322100,0.01300600,0.01317300,1420971.49371000
2024-09-17 02:00:00,0.01317300,0.01320000,0.01302700,0.01319200,1583057.88456800
2024-09-17 06:00:00,0.01319200,0.01335900,0.01318200,0.01329500,1773548.44102800
2024-09-17 10:00:00,0.01329500,0.01335600,0.01324300,0.01325700,2949364.32603500
2024-09-17 14:00:00,0.01325700,0.01356500,0.01316000,0.01347300,6731219.63561100
2024-09-17 18:00:00,0.01347300,0.01350200,0.01320000,0.01328800,4747145.97665100
2024-09-17 22:00:00,0.01328800,0.01336400,0.01323600,0.01330700,2411859.03615300
2024-09-18 02:00:00,0.01330700,0.01338800,0.01315100,0.01333500,2335475.86405300
2024-09-18 06:00:00,0.01333500,0.01337400,0.01321300,0.01327700,1792145.51783600
2024-09-18 10:00:00,0.01327700,0.01327700,0.01303900,0.01311100,3385135.58927500
2024-09-18 14:00:00,0.01311100,0.01319500,0.01296600,0.01301500,3814204.09004400
2024-09-18 18:00:00,0.01301500,0.01359100,0.01294900,0.01332300,9675324.64171700
2024-09-18 22:00:00,0.01332300,0.01369800,0.01322800,0.01369100,4230653.95001600
2024-09-19 02:00:00,0.01369100,0.01398700,0.01369100,0.01385100,6190021.06312700
2024-09-19 06:00:00,0.01385100,0.01406500,0.01380500,0.01403200,3086443.55283700
2024-09-19 10:00:00,0.01403200,0.01438500,0.01401000,0.01415700,8012798.54142900
2024-09-19 14:00:00,0.01415700,0.01432400,0.01411000,0.01427100,6169581.08608900
2024-09-19 18:00:00,0.01427100,0.01458000,0.01415800,0.01418400,7248485.93624000
2024-09-19 22:00:00,0.01418400,0.01426500,0.01397400,0.01409200,4131932.67435500
2024-09-20 02:00:00,0.01409200,0.01434200,0.01387900,0.01432800,4829322.37064600
2024-09-20 06:00:00,0.01432800,0.01450100,0.01430000,0.01441900,7105752.54299400
2024-09-20 10:00:00,0.01441900,0.01449600,0.01427100,0.01435600,4271205.91039700
2024-09-20 14:00:00,0.01435600,0.01442000,0.01403800,0.01422900,7195232.62026000
2024-09-20 18:00:00,0.01422900,0.01427100,0.01401000,0.01415100,3591345.10526200
2024-09-20 22:00:00,0.01415100,0.01442800,0.01413800,0.01437500,2619441.12125700
2024-09-21 02:00:00,0.01437500,0.01439400,0.01416700,0.01422200,2922520.78632600
2024-09-21 06:00:00,0.01422200,0.01429200,0.01410000,0.01426100,2593567.68612500
2024-09-21 10:00:00,0.01426100,0.01454200,0.01424700,0.01449100,4497802.80775700
2024-09-21 14:00:00,0.01449100,0.01491300,0.01438100,0.01483500,8609404.56745400
2024-09-21 18:00:00,0.01483500,0.01497700,0.01470200,0.01473900,5228184.70128800
2024-09-21 22:00:00,0.01473900,0.01502700,0.01462600,0.01498600,4566718.74861400
2024-09-22 02:00:00,0.01498600,0.01507500,0.01461300,0.01473900,6486812.48618600
2024-09-22 06:00:00,0.01473900,0.01478200,0.01460500,0.01467400,2542968.95446200
2024-09-22 10:00:00,0.01467400,0.01472900,0.01432700,0.01449200,5740058.14571900
2024-09-22 14:00:00,0.01449200,0.01451800,0.01426100,0.01437200,4915260.59328200
2024-09-22 18:00:00,0.01437200,0.01458800,0.01425100,0.01450800,4402263.08610800
2024-09-22 22:00:00,0.01450800,0.01467400,0.01415100,0.01452200,6605191.85242000
2024-09-23 02:00:00,0.01452200,0.01485300,0.01419500,0.01474800,7440057.01203600
2024-09-23 06:00:00,0.01474800,0.01479500,0.01454600,0.01454600,3500542.40037400
2024-09-23 10:00:00,0.01454600,0.01458700,0.01439300,0.01445100,4222612.73900900
2024-09-23 14:00:00,0.01445100,0.01457100,0.01430500,0.01448300,6144865.46936200
2024-09-23 18:00:00,0.01448300,0.01458200,0.01438900,0.01446100,4316003.87983300
2024-09-23 22:00:00,0.01446100,0.01451500,0.01434800,0.01447300,2805853.41078500
2024-09-24 02:00:00,0.01447300,0.01459600,0.01426700,0.01445900,4430388.23415700
2024-09-24 06:00:00,0.01445900,0.01452900,0.01432700,0.01451700,2717189.35401000
2024-09-24 10:00:00,0.01451700,0.01475100,0.01449900,0.01465900,5391833.81730600
2024-09-24 14:00:00,0.01465900,0.01485700,0.01440700,0.01453900,8346120.77202800
2024-09-24 18:00:00,0.01453900,0.01482400,0.01446100,0.01479700,4337880.15423100
2024-09-24 22:00:00,0.01479700,0.01491500,0.01468300,0.01482200,4146449.11698500
2024-09-25 02:00:00,0.01482200,0.01506600,0.01476500,0.01500700,5220576.84879300
2024-09-25 06:00:00,0.01500700,0.01507100,0.01471700,0.01484200,4745164.59393400
2024-09-25 10:00:00,0.01484200,0.01558400,0.01480100,0.01533300,12434043.89115100
2024-09-25 14:00:00,0.01533300,0.01551900,0.01505100,0.01529100,11207027.01498800
2024-09-25 18:00:00,0.01529100,0.01575500,0.01526700,0.01547300,13590727.66793300
2024-09-25 22:00:00,0.01547300,0.01565000,0.01513300,0.01524400,9739170.28636600
2024-09-26 02:00:00,0.01524400,0.01559800,0.01490300,0.01558100,14866263.96535500
2024-09-26 06:00:00,0.01558100,0.01656100,0.01542100,0.01634500,19272852.61953600
2024-09-26 10:00:00,0.01634500,0.01733600,0.01628500,0.01701700,39130729.61367500
2024-09-26 14:00:00,0.01701700,0.01751500,0.01692000,0.01744000,30111924.76351200
2024-09-26 18:00:00,0.01744000,0.01933000,0.01742700,0.01848800,79213266.59291101
2024-09-26 22:00:00,0.01848800,0.01884800,0.01824800,0.01862800,34613157.42815100
2024-09-27 02:00:00,0.01862800,0.01939000,0.01855200,0.01900600,48814547.00283800
2024-09-27 06:00:00,0.01900600,0.01938400,0.01880600,0.01914700,38025173.58906900
2024-09-27 10:00:00,0.01914700,0.01979800,0.01900500,0.01961900,49029884.17856800
2024-09-27 14:00:00,0.01961900,0.02167400,0.01941900,0.02114300,123966069.88516900
2024-09-27 18:00:00,0.02114300,0.02149100,0.01985600,0.02041800,85205737.70869800
2024-09-27 22:00:00,0.02041800,0.02044600,0.01986200,0.02025500,50620059.10789200
2024-09-28 02:00:00,0.02025500,0.02146600,0.02012400,0.02105500,40805122.03428900
2024-09-28 06:00:00,0.02105500,0.02107300,0.01952600,0.01959900,53362576.57384400
2024-09-28 10:00:00,0.01959900,0.02004400,0.01904600,0.01979100,52073547.83115300
2024-09-28 14:00:00,0.01979100,0.02019400,0.01933200,0.01989000,38963268.16171700
2024-09-28 18:00:00,0.01989000,0.02009400,0.01968600,0.01986400,21789069.38404700
2024-09-28 22:00:00,0.01986400,0.01995900,0.01929800,0.01961800,20059556.75480100
2024-09-29 02:00:00,0.01961800,0.02038700,0.01946400,0.02018400,28008592.95556900
2024-09-29 06:00:00,0.02018400,0.02019100,0.01938900,0.01944300,19365115.10013700
2024-09-29 10:00:00,0.01944300,0.01986700,0.01932400,0.01977000,17083129.97852300
2024-09-29 14:00:00,0.01977000,0.01987800,0.01935500,0.01944100,26081766.21432300
2024-09-29 18:00:00,0.01944100,0.01972200,0.01905000,0.01969700,19320948.05876500
2024-09-29 22:00:00,0.01969700,0.01986200,0.01922600,0.01933700,14100481.56941800
2024-09-30 02:00:00,0.01933700,0.01936600,0.01835600,0.01876300,33806168.36960500
2024-09-30 06:00:00,0.01876300,0.01890500,0.01848700,0.01876500,13716062.83339400
2024-09-30 10:00:00,0.01876500,0.01878200,0.01808800,0.01842700,20981379.05387600
2024-09-30 14:00:00,0.01842700,0.01875000,0.01777900,0.01780600,35112824.89167700
2024-09-30 18:00:00,0.01780600,0.01789900,0.01756700,0.01772900,26310451.38550400
2024-09-30 22:00:00,0.01772900,0.01835100,0.01743700,0.01756500,33665539.65926000
2024-10-01 02:00:00,0.01756500,0.01853600,0.01754200,0.01829800,43944342.93448700
2024-10-01 06:00:00,0.01829800,0.01862800,0.01816700,0.01849700,14430280.17505000
2024-10-01 10:00:00,0.01849700,0.01861800,0.01833400,0.01843400,10483479.96303700
2024-10-01 14:00:00,0.01843400,0.01854700,0.01636300,0.01702400,47920097.04082100
2024-10-01 18:00:00,0.01702400,0.01717700,0.01561800,0.01615700,57812752.29881500
2024-10-01 22:00:00,0.01615700,0.01645800,0.01585500,0.01639900,31729227.42071100
2024-10-02 02:00:00,0.01639900,0.01706800,0.01632300,0.01693200,19196675.58398700
2024-10-02 06:00:00,0.01693200,0.01702800,0.01660300,0.01683700,16359920.04425700
2024-10-02 10:00:00,0.01683700,0.01694800,0.01634600,0.01664500,17600733.45818500
2024-10-02 14:00:00,0.01664500,0.01682600,0.01611200,0.01672400,30443406.97693100
2024-10-02 18:00:00,0.01672400,0.01708900,0.01602100,0.01625500,24546071.44633600
2024-10-02 22:00:00,0.01625500,0.01651800,0.01600100,0.01627200,12563319.70050200
2024-10-03 02:00:00,0.01627200,0.01674500,0.01616500,0.01668200,13651181.39433900
2024-10-03 06:00:00,0.01668200,0.01671700,0.01618800,0.01621100,15440860.29675800
2024-10-03 10:00:00,0.01621100,0.01629100,0.01559800,0.01609200,23794341.74264500
2024-10-03 14:00:00,0.01609200,0.01627000,0.01547100,0.01587500,31977384.54525900
2024-10-03 18:00:00,0.01587500,0.01602900,0.01555500,0.01602200,19366569.55514500
2024-10-03 22:00:00,0.01602200,0.01621000,0.01575200,0.01606500,7427103.39479700
2024-10-04 02:00:00,0.01606500,0.01664000,0.01595400,0.01644400,13142422.67273800
2024-10-04 06:00:00,0.01644400,0.01674400,0.01643500,0.01671500,8657495.63569800
2024-10-04 10:00:00,0.01671500,0.01744700,0.01664300,0.01743300,15969439.66991600
2024-10-04 14:00:00,0.01743300,0.01770900,0.01701900,0.01750800,33655555.20212700
2024-10-04 18:00:00,0.01750800,0.01766000,0.01737700,0.01755300,11663245.22552700
2024-10-04 22:00:00,0.01755300,0.01758000,0.01720100,0.01739200,7990088.46182000
2024-10-05 02:00:00,0.01739200,0.01793100,0.01719900,0.01727900,17060052.26181000
2024-10-05 06:00:00,0.01727900,0.01763400,0.01715500,0.01755800,10129046.63088600
2024-10-05 10:00:00,0.01755800,0.01789200,0.01754700,0.01761800,8225024.50320300
2024-10-05 14:00:00,0.01761800,0.01779600,0.01742800,0.01756200,9648882.72936800
2024-10-05 18:00:00,0.01756200,0.01759200,0.01711100,0.01712600,10705570.44608600
2024-10-05 22:00:00,0.01712600,0.01745300,0.01689600,0.01743200,9274595.54542900
2024-10-06 02:00:00,0.01743200,0.01754600,0.01717500,0.01722300,8461782.47094900
2024-10-06 06:00:00,0.01722300,0.01734400,0.01710900,0.01729400,4940547.50278700
2024-10-06 10:00:00,0.01729400,0.01747900,0.01722100,0.01734400,5879742.60591500
2024-10-06 14:00:00,0.01734400,0.01883500,0.01730300,0.01857800,29105715.62460100
2024-10-06 18:00:00,0.01857800,0.01878900,0.01795700,0.01801600,20499650.77304700
2024-10-06 22:00:00,0.01801600,0.01820000,0.01776500,0.01811700,11414774.65332500
2024-10-07 02:00:00,0.01811700,0.01880300,0.01801600,0.01850500,19609227.89445600
2024-10-07 06:00:00,0.01850500,0.01863900,0.01832200,0.01842500,11176597.58783400
2024-10-07 10:00:00,0.01842500,0.01853000,0.01771700,0.01804800,17187748.04672600
2024-10-07 14:00:00,0.01804800,0.01864100,0.01775700,0.01806800,23632610.82260500
2024-10-07 18:00:00,0.01806800,0.01830100,0.01765300,0.01791500,14897086.89630400
2024-10-07 22:00:00,0.01791500,0.01816600,0.01740400,0.01742300,14955729.51197700
2024-10-08 02:00:00,0.01742300,0.01768600,0.01735500,0.01754400,12183742.23075500
2024-10-08 06:00:00,0.01754400,0.01763700,0.01685900,0.01727800,20909872.92169600
2024-10-08 10:00:00,0.01727800,0.01759400,0.01720300,0.01753200,6665909.32493800
2024-10-08 14:00:00,0.01753200,0.01762600,0.01697300,0.01719900,14319684.41988600
2024-10-08 18:00:00,0.01719900,0.01735500,0.01702900,0.01717200,10371898.93811500
2024-10-08 22:00:00,0.01717200,0.01738000,0.01706900,0.01724300,5124179.17649100
2024-10-09 02:00:00,0.01724300,0.01763400,0.01720200,0.01750200,7966736.72926200
2024-10-09 06:00:00,0.01750200,0.01800400,0.01742100,0.01767200,12569124.12847600
2024-10-09 10:00:00,0.01767200,0.01773600,0.01743100,0.01755800,8288917.33973400
2024-10-09 14:00:00,0.01755800,0.01760900,0.01701700,0.01734200,15111660.82346100
2024-10-09 18:00:00,0.01734200,0.01736800,0.01690200,0.01707800,9333459.66059000
2024-10-09 22:00:00,0.01707800,0.01708900,0.01669900,0.01689700,7399046.51367000
2024-10-10 02:00:00,0.01689700,0.01722100,0.01677200,0.01711600,5764479.51987100
2024-10-10 06:00:00,0.01711600,0.01719900,0.01699000,0.01702900,3723679.19891200
2024-10-10 10:00:00,0.01702900,0.01718200,0.01680500,0.01716400,5054311.66327800
2024-10-10 14:00:00,0.01716400,0.01719400,0.01647900,0.01669000,12714772.70119200
2024-10-10 18:00:00,0.01669000,0.01675500,0.01604400,0.01644900,10555847.35045500
2024-10-10 22:00:00,0.01644900,0.01678700,0.01637400,0.01676200,7056088.95122900
2024-10-11 02:00:00,0.01676200,0.01689100,0.01658000,0.01680000,5168626.72237300
2024-10-11 06:00:00,0.01680000,0.01694700,0.01671700,0.01681100,3239119.68736800
2024-10-11 10:00:00,0.01681100,0.01716600,0.01680800,0.01704500,6091994.15247000
2024-10-11 14:00:00,0.01704500,0.01785100,0.01703200,0.01781400,14853138.44237600
2024-10-11 18:00:00,0.01781400,0.01809400,0.01768600,0.01777900,15056377.68328000
2024-10-11 22:00:00,0.01777900,0.01783200,0.01757100,0.01765800,7448490.71016600
2024-10-12 02:00:00,0.01765800,0.01798400,0.01761900,0.01766700,10481555.22753900
2024-10-12 06:00:00,0.01766700,0.01793600,0.01765100,0.01784700,4175380.91802100
2024-10-12 10:00:00,0.01784700,0.01811800,0.01776600,0.01790400,8313057.87327000
2024-10-12 14:00:00,0.01790400,0.01812500,0.01778400,0.01787100,8103857.12358000
2024-10-12 18:00:00,0.01787100,0.01803800,0.01769900,0.01781000,8251301.77270400
2024-10-12 22:00:00,0.01781000,0.01799700,0.01780900,0.01784000,5117377.49504600
2024-10-13 02:00:00,0.01784000,0.01793100,0.01754600,0.01757500,5229806.55963900
2024-10-13 06:00:00,0.01757500,0.01789100,0.01756800,0.01771300,4111745.85131300
2024-10-13 10:00:00,0.01771300,0.01788300,0.01751400,0.01752500,5356551.81514900
2024-10-13 14:00:00,0.01752500,0.01766500,0.01708400,0.01721100,8406581.16442100
2024-10-13 18:00:00,0.01721100,0.01744900,0.01712200,0.01728300,5402634.12959000
2024-10-13 22:00:00,0.01728300,0.01766600,0.01722100,0.01763100,4940555.50277000
2024-10-14 02:00:00,0.01763100,0.01806500,0.01734800,0.01802000,8253024.66286800
2024-10-14 06:00:00,0.01802000,0.01816900,0.01773800,0.01807100,9999378.88025700
2024-10-14 10:00:00,0.01807100,0.01820900,0.01789700,0.01807600,8914904.84706200
2024-10-14 14:00:00,0.01807600,0.01850700,0.01789400,0.01831100,13635334.24993400
2024-10-14 18:00:00,0.01831100,0.01835900,0.01810200,0.01826700,7967142.10366600
2024-10-14 22:00:00,0.01826700,0.01897100,0.01824500,0.01870200,12844925.57400500
2024-10-15 02:00:00,0.01870200,0.01899100,0.01837700,0.01838400,11171529.02994300
2024-10-15 06:00:00,0.01838400,0.01854200,0.01812900,0.01831700,8738727.26440300
2024-10-15 10:00:00,0.01831700,0.01848500,0.01776100,0.01785000,10625219.55098800
2024-10-15 14:00:00,0.01785000,0.01877800,0.01752200,0.01793600,22584393.60850400
2024-10-15 18:00:00,0.01793600,0.01835200,0.01792200,0.01811000,8199419.18999200
2024-10-15 22:00:00,0.01811000,0.01824200,0.01770400,0.01823300,5925767.83492900
2024-10-16 02:00:00,0.01823300,0.01843000,0.01800800,0.01818300,5406594.30164800
2024-10-16 06:00:00,0.01818300,0.01848000,0.01787900,0.01806100,8065189.88935100
2024-10-16 10:00:00,0.01806100,0.01914600,0.01804900,0.01867100,25985621.86166900
2024-10-16 14:00:00,0.01867100,0.01891000,0.01848000,0.01856700,18451279.06468300
2024-10-16 18:00:00,0.01856700,0.01879100,0.01836700,0.01876900,13150449.80943400
2024-10-16 22:00:00,0.01876900,0.01901000,0.01853200,0.01858100,8264412.99686600
2024-10-17 02:00:00,0.01858100,0.01871500,0.01822300,0.01842700,11185299.38936600
2024-10-17 06:00:00,0.01842700,0.01848600,0.01802200,0.01815300,7932325.05641600
2024-10-17 10:00:00,0.01815300,0.01820900,0.01771000,0.01772700,11776674.89064500
2024-10-17 14:00:00,0.01772700,0.01800900,0.01769400,0.01794200,10991847.08291400
2024-10-17 18:00:00,0.01794200,0.01796400,0.01757800,0.01780400,11316590.11809100
2024-10-17 22:00:00,0.01780400,0.01826800,0.01779400,0.01820600,10237263.95831200
2024-10-18 02:00:00,0.01820600,0.01931900,0.01813500,0.01869400,27380849.93469900
2024-10-18 06:00:00,0.01869400,0.01900900,0.01868300,0.01884700,9060616.10893600
2024-10-18 10:00:00,0.01884700,0.01888200,0.01863100,0.01865000,6355907.87097600
2024-10-18 14:00:00,0.01865000,0.01900600,0.01848000,0.01895800,13120866.23785400
2024-10-18 18:00:00,0.01895800,0.01908300,0.01873800,0.01881900,10738253.78391000
2024-10-18 22:00:00,0.01881900,0.01885200,0.01862900,0.01878200,8412855.16100300
2024-10-19 02:00:00,0.01878200,0.01954100,0.01864300,0.01921100,17715903.70672900
2024-10-19 06:00:00,0.01921100,0.01938600,0.01900000,0.01917300,9912701.95786900
2024-10-19 10:00:00,0.01917300,0.01945300,0.01896500,0.01897600,10498900.50538300
2024-10-19 14:00:00,0.01897600,0.01933900,0.01894200,0.01905800,15162246.57430000
2024-10-19 18:00:00,0.01905800,0.01912800,0.01881100,0.01892400,19456560.43143000
2024-10-19 22:00:00,0.01892400,0.01913700,0.01877300,0.01901400,6456652.46509100
2024-10-20 02:00:00,0.01901400,0.01910900,0.01855100,0.01866300,11234523.48025100
2024-10-20 06:00:00,0.01866300,0.01879300,0.01856200,0.01872500,6435433.02792000
2024-10-20 10:00:00,0.01872500,0.01881100,0.01861800,0.01876500,4462620.49412000
2024-10-20 14:00:00,0.01876500,0.01881300,0.01838700,0.01870800,10554675.46560900
2024-10-20 18:00:00,0.01870800,0.01898800,0.01869300,0.01876900,11428413.22623100
2024-10-20 22:00:00,0.01876900,0.01919200,0.01873600,0.01904500,7293029.54953600
2024-10-21 02:00:00,0.01904500,0.01932100,0.01889500,0.01900800,9072962.91421500
2024-10-21 06:00:00,0.01900800,0.01934800,0.01893900,0.01900600,9128072.11615000
2024-10-21 10:00:00,0.01900600,0.01909700,0.01861600,0.01870700,12844373.92152900
2024-10-21 14:00:00,0.01870700,0.01880000,0.01809200,0.01829000,12010265.77351200
2024-10-21 18:00:00,0.01829000,0.01862000,0.01803000,0.01856100,7827379.73032700
2024-10-21 22:00:00,0.01856100,0.01860200,0.01835300,0.01835900,3660157.68090500
2024-10-22 02:00:00,0.01835900,0.01859600,0.01808200,0.01841700,7190552.04028400
2024-10-22 06:00:00,0.01841700,0.01861200,0.01833500,0.01834700,8900397.93393300
2024-10-22 10:00:00,0.01834700,0.01834700,0.01800400,0.01819700,7128111.08795900
2024-10-22 14:00:00,0.01819700,0.01831100,0.01793000,0.01819600,12075441.73915200
2024-10-22 18:00:00,0.01819600,0.01835600,0.01804300,0.01823800,11122703.98931600
2024-10-22 22:00:00,0.01823800,0.01827900,0.01808900,0.01815000,3399812.72304500
2024-10-23 02:00:00,0.01815000,0.01819000,0.01781800,0.01795800,4661171.39532500
2024-10-23 06:00:00,0.01795800,0.01808100,0.01776500,0.01781900,4284676.71986500
2024-10-23 10:00:00,0.01781900,0.01790800,0.01761800,0.01764700,7117737.79782800
2024-10-23 14:00:00,0.01764700,0.01788100,0.01750000,0.01760500,8003732.05278000
2024-10-23 18:00:00,0.01760500,0.01762800,0.01705900,0.01753500,13328841.94974200
2024-10-23 22:00:00,0.01753500,0.01772000,0.01749700,0.01764100,7914999.09192900
2024-10-24 02:00:00,0.01764100,0.01793200,0.01753700,0.01779000,6287064.24332100
2024-10-24 06:00:00,0.01779000,0.01795300,0.01762600,0.01764600,9909059.23524600
2024-10-24 10:00:00,0.01764600,0.01772000,0.01739200,0.01761500,6195944.97980700
2024-10-24 14:00:00,0.01761500,0.01788800,0.01759400,0.01774200,8788049.98476400
2024-10-24 18:00:00,0.01774200,0.01798200,0.01769100,0.01797100,3970852.05148100
2024-10-24 22:00:00,0.01797100,0.01817000,0.01785300,0.01802900,4955516.62215400
2024-10-25 02:00:00,0.01802900,0.01807900,0.01768700,0.01781400,5495768.95152200
2024-10-25 06:00:00,0.01781400,0.01784400,0.01749400,0.01760200,6907078.43197200
2024-10-25 10:00:00,0.01760200,0.01786300,0.01745800,0.01782200,4493089.40441700
2024-10-25 14:00:00,0.01782200,0.01787900,0.01731500,0.01741100,9982376.37129100
2024-10-25 18:00:00,0.01741100,0.01750400,0.01697600,0.01731700,13088494.11458400
2024-10-25 22:00:00,0.01731700,0.01743700,0.01588000,0.01653900,17910013.72271700
2024-10-26 02:00:00,0.01653900,0.01679400,0.01635900,0.01675700,8154536.79132400
2024-10-26 06:00:00,0.01675700,0.01695400,0.01671900,0.01687800,4027526.47501600
2024-10-26 10:00:00,0.01687800,0.01699500,0.01686400,0.01693500,3093704.19518900
2024-10-26 14:00:00,0.01693500,0.01698200,0.01654700,0.01667300,7461607.88585000
2024-10-26 18:00:00,0.01667300,0.01709100,0.01661900,0.01701600,6295350.65191800
2024-10-26 22:00:00,0.01701600,0.01714300,0.01698500,0.01700600,2597606.11898800
2024-10-27 02:00:00,0.01700600,0.01706800,0.01685300,0.01705300,3442708.70857500
2024-10-27 05:00:00,0.01705300,0.01707000,0.01697000,0.01699800,4583668.48520800
2024-10-27 09:00:00,0.01699800,0.01704700,0.01682800,0.01688800,2284863.55990700
2024-10-27 13:00:00,0.01688800,0.01723300,0.01688700,0.01717900,7311030.56431600
2024-10-27 17:00:00,0.01717900,0.01734600,0.01704200,0.01712300,4116171.50515700
2024-10-27 21:00:00,0.01712300,0.01736800,0.01710800,0.01722600,3194183.60536400
2024-10-28 01:00:00,0.01722600,0.01725500,0.01689700,0.01692700,4515788.70003800
2024-10-28 05:00:00,0.01692700,0.01714800,0.01680200,0.01702000,5036479.43091000
2024-10-28 09:00:00,0.01702000,0.01715000,0.01689800,0.01705200,5340628.25978100
2024-10-28 13:00:00,0.01705200,0.01736600,0.01695900,0.01700700,12480293.02839400
2024-10-28 17:00:00,0.01700700,0.01795300,0.01695400,0.01776300,25991786.02833600
2024-10-28 21:00:00,0.01776300,0.01839400,0.01763300,0.01823000,24034745.39121300
2024-10-29 01:00:00,0.01823000,0.01876900,0.01810500,0.01829300,24816270.32190200
2024-10-29 05:00:00,0.01829300,0.01839600,0.01815100,0.01821100,13937878.03867300
2024-10-29 09:00:00,0.01821100,0.01901400,0.01821300,0.01872500,19425097.67127700
2024-10-29 13:00:00,0.01872500,0.01899300,0.01843200,0.01899000,16978802.60325100
2024-10-29 17:00:00,0.01899000,0.01982700,0.01879000,0.01884100,42730271.10154900
2024-10-29 21:00:00,0.01884100,0.01916200,0.01843500,0.01907300,20547848.09038600
2024-10-30 01:00:00,0.01907300,0.01935000,0.01876500,0.01898300,19249257.27260600
2024-10-30 05:00:00,0.01898300,0.01924100,0.01868400,0.01868900,11185824.17876700
2024-10-30 09:00:00,0.01868900,0.01879800,0.01838000,0.01842400,12635416.07066100
2024-10-30 13:00:00,0.01842400,0.01867700,0.01819700,0.01829700,27775812.33319000
2024-10-30 17:00:00,0.01829700,0.01853400,0.01826100,0.01835600,6265496.23281700
2024-10-30 21:00:00,0.01835600,0.01866100,0.01826500,0.01839000,9731842.28285700
2024-10-31 01:00:00,0.01839000,0.01865500,0.01826700,0.01853500,8158230.15598000
2024-10-31 05:00:00,0.01853500,0.01874900,0.01842700,0.01861100,7587148.57132500
2024-10-31 09:00:00,0.01861100,0.01871200,0.01832100,0.01853400,10593729.20971400
2024-10-31 13:00:00,0.01853400,0.01918200,0.01818200,0.01829900,46196417.44642900
2024-10-31 17:00:00,0.01829900,0.01832000,0.01773400,0.01777500,21037572.98329200
2024-10-31 21:00:00,0.01777500,0.01802700,0.01770400,0.01789600,10302063.37174800
2024-11-01 01:00:00,0.01789600,0.01799800,0.01742500,0.01749800,17195351.57180800
2024-11-01 05:00:00,0.01749800,0.01759900,0.01720800,0.01729300,11945349.29798900
2024-11-01 09:00:00,0.01729300,0.01758600,0.01715800,0.01751100,15365738.96449200
2024-11-01 13:00:00,0.01751100,0.01817600,0.01736700,0.01751700,31472324.17640900
2024-11-01 17:00:00,0.01751700,0.01778300,0.01733300,0.01746800,14872948.80446000
2024-11-01 21:00:00,0.01746800,0.01763000,0.01723100,0.01757200,7672159.54801800
2024-11-02 01:00:00,0.01757200,0.01793000,0.01756400,0.01773200,5960060.91254600
2024-11-02 05:00:00,0.01773200,0.01787500,0.01758500,0.01780600,7149201.34562800
2024-11-02 09:00:00,0.01780600,0.01784300,0.01753100,0.01757900,6201636.69185100
2024-11-02 13:00:00,0.01757900,0.01762900,0.01723800,0.01740100,11839462.38059400
2024-11-02 17:00:00,0.01740100,0.01754500,0.01725100,0.01746000,6796054.90505300
2024-11-02 21:00:00,0.01746000,0.01750500,0.01734000,0.01744000,3438769.58310900
2024-11-03 01:00:00,0.01744000,0.01745900,0.01666400,0.01696800,14451019.30460100
2024-11-03 05:00:00,0.01696800,0.01719500,0.01694500,0.01707700,6157652.59520000
2024-11-03 09:00:00,0.01707700,0.01714600,0.01679700,0.01682300,7777619.03864600
2024-11-03 13:00:00,0.01682300,0.01692600,0.01617900,0.01647000,19621704.89392800
2024-11-03 17:00:00,0.01647000,0.01671700,0.01631200,0.01668800,14622769.21075700
2024-11-03 21:00:00,0.01668800,0.01705700,0.01667700,0.01687700,12911504.65046300
2024-11-04 01:00:00,0.01687700,0.01716500,0.01664800,0.01687400,11038642.34426600
2024-11-04 05:00:00,0.01687400,0.01702200,0.01672800,0.01676000,8302203.09556500
2024-11-04 09:00:00,0.01676000,0.01715800,0.01662300,0.01705100,12826939.16518900
2024-11-04 13:00:00,0.01705100,0.01724700,0.01682800,0.01702800,14961842.44025200
2024-11-04 17:00:00,0.01702800,0.01709900,0.01666100,0.01697500,15388019.96717300
2024-11-04 21:00:00,0.01697500,0.01705000,0.01638100,0.01685100,19622109.66063700
2024-11-05 01:00:00,0.01685100,0.01745200,0.01684400,0.01728000,25096681.99972700
2024-11-05 05:00:00,0.01728000,0.01766700,0.01724300,0.01754400,16334560.66385800
2024-11-05 09:00:00,0.01754400,0.01790800,0.01751800,0.01783600,18852532.69682200
2024-11-05 13:00:00,0.01783600,0.01854500,0.01775700,0.01807800,41981265.52360500
2024-11-05 17:00:00,0.01807800,0.01842600,0.01755900,0.01763200,28184374.84566300
2024-11-05 21:00:00,0.01763200,0.01796700,0.01751800,0.01784700,17177108.59716600
2024-11-06 01:00:00,0.01784700,0.01986200,0.01784300,0.01940400,79604253.94423400
2024-11-06 05:00:00,0.01940400,0.01952300,0.01864600,0.01874500,70104683.90074000
2024-11-06 09:00:00,0.01874500,0.01903600,0.01819600,0.01897800,40015147.57157600
2024-11-06 13:00:00,0.01897800,0.01919400,0.01830700,0.01837100,44992581.13793700
2024-11-06 17:00:00,0.01837100,0.01884100,0.01824800,0.01881300,27561968.75587800
2024-11-06 21:00:00,0.01881300,0.01936600,0.01872500,0.01907400,33967709.33285100
2024-11-07 01:00:00,0.01907400,0.01951900,0.01878100,0.01902800,56234885.36202900
2024-11-07 05:00:00,0.01902800,0.01908100,0.01830600,0.01873500,40649055.76385600
2024-11-07 09:00:00,0.01873500,0.01900900,0.01860300,0.01861500,22081977.85491300
2024-11-07 13:00:00,0.01861500,0.01890700,0.01839800,0.01889400,26020706.96079500
2024-11-07 17:00:00,0.01889400,0.01909400,0.01874300,0.01900300,29897350.74164800
2024-11-07 21:00:00,0.01900300,0.01924800,0.01877400,0.01916900,32297006.16007500
2024-11-08 01:00:00,0.01916900,0.01947900,0.01872600,0.01895200,37973285.23623700
2024-11-08 05:00:00,0.01895200,0.01935000,0.01884000,0.01921800,31153716.04042400
2024-11-08 09:00:00,0.01921800,0.01923700,0.01887200,0.01894800,27344252.67592600
2024-11-08 13:00:00,0.01894800,0.01919900,0.01865500,0.01893200,42837206.55899200
2024-11-08 17:00:00,0.01893200,0.01904600,0.01840100,0.01891600,43926220.13583900
2024-11-08 21:00:00,0.01891600,0.01924600,0.01872400,0.01902400,31621681.03892600
2024-11-09 01:00:00,0.01902400,0.01904300,0.01850600,0.01862700,23629759.86654000
2024-11-09 05:00:00,0.01862700,0.01924500,0.01861000,0.01919800,27798363.85505100
2024-11-09 09:00:00,0.01919800,0.01979300,0.01915600,0.01942300,45896554.19219400
2024-11-09 13:00:00,0.01942300,0.01945400,0.01907700,0.01925200,30125048.91337400
2024-11-09 17:00:00,0.01925200,0.01941700,0.01883800,0.01925900,30601771.66756500
2024-11-09 21:00:00,0.01925900,0.02053100,0.01921300,0.02052700,69886148.78092401
2024-11-10 01:00:00,0.02052700,0.02279300,0.02014100,0.02242800,189758954.83673099
2024-11-10 05:00:00,0.02242800,0.02318800,0.02211500,0.02248400,102794497.40681399
2024-11-10 09:00:00,0.02248400,0.02348500,0.02243000,0.02330400,84943914.22897400
2024-11-10 13:00:00,0.02330400,0.02795200,0.02310600,0.02592000,568216043.33339596
2024-11-10 17:00:00,0.02592000,0.02810900,0.02528000,0.02544300,416504123.71418703
2024-11-10 21:00:00,0.02544300,0.02660400,0.02312000,0.02608300,316226196.56437498
2024-11-11 01:00:00,0.02608300,0.02755700,0.02572100,0.02661200,205809825.56791201
2024-11-11 05:00:00,0.02661200,0.02683200,0.02443100,0.02506300,187572624.71921101
2024-11-11 09:00:00,0.02506300,0.02624400,0.02470000,0.02618200,126891957.16780300
2024-11-11 13:00:00,0.02618200,0.02897800,0.02511900,0.02798100,303365517.92234701
2024-11-11 17:00:00,0.02798100,0.02857200,0.02697600,0.02728500,272153432.51751500
2024-11-11 21:00:00,0.02728500,0.02802300,0.02674900,0.02792400,168346000.86114699
2024-11-12 01:00:00,0.02792400,0.02818200,0.02631100,0.02733400,194832723.37909201
2024-11-12 05:00:00,0.02733400,0.03050000,0.02701700,0.02913000,405816478.34209299
2024-11-12 09:00:00,0.02913000,0.02975400,0.02469900,0.02651600,404963173.12607098
2024-11-12 13:00:00,0.02651600,0.02692400,0.02441200,0.02552500,235081397.26300800
2024-11-12 17:00:00,0.02552500,0.02663100,0.02454500,0.02637800,136060213.58793899
2024-11-12 21:00:00,0.02637800,0.02798800,0.02589900,0.02648600,124581953.86823601
2024-11-13 01:00:00,0.02648600,0.02708400,0.02438400,0.02439000,205589253.62191999
2024-11-13 05:00:00,0.02439000,0.02494200,0.02335100,0.02431700,138699500.82666099
2024-11-13 09:00:00,0.02431700,0.02467700,0.02354900,0.02449400,98471223.72517499
2024-11-13 13:00:00,0.02449400,0.02794300,0.02398500,0.02691700,349947723.92960900
2024-11-13 17:00:00,0.02691700,0.02731200,0.02478900,0.02493800,236613708.13144401
2024-11-13 21:00:00,0.02493800,0.02601600,0.02440800,0.02583600,112698358.56291400
2024-11-14 01:00:00,0.02583600,0.02625100,0.02480200,0.02539600,129316668.95281000
2024-11-14 05:00:00,0.02539600,0.02678400,0.02522200,0.02563400,120597428.00186899
2024-11-14 09:00:00,0.02563400,0.02631700,0.02497000,0.02539600,101782219.26848701
2024-11-14 13:00:00,0.02539600,0.02621300,0.02436500,0.02459600,137269479.15973499
2024-11-14 17:00:00,0.02459600,0.02537600,0.02436200,0.02518100,64989475.64267100
2024-11-14 21:00:00,0.02518100,0.02517400,0.02282000,0.02342500,113131840.64635301
2024-11-15 01:00:00,0.02342500,0.02414700,0.02318200,0.02375800,76725088.82416300
2024-11-15 05:00:00,0.02375800,0.02388400,0.02260400,0.02356300,68532360.58904800
2024-11-15 09:00:00,0.02356300,0.02433700,0.02328700,0.02424500,61380826.41196600
2024-11-15 13:00:00,0.02424500,0.02456700,0.02309400,0.02329700,84813546.60809100
2024-11-15 17:00:00,0.02329700,0.02439800,0.02319600,0.02417300,51779935.95651100
2024-11-15 21:00:00,0.02417300,0.02606200,0.02416000,0.02557400,99845464.94546200
2024-11-16 01:00:00,0.02557400,0.02558300,0.02493800,0.02550400,58515762.35467700
2024-11-16 05:00:00,0.02550400,0.02623000,0.02492100,0.02588900,83435515.51236300
2024-11-16 09:00:00,0.02588900,0.02588900,0.02491200,0.02521500,63276745.14094800
2024-11-16 13:00:00,0.02521500,0.02541400,0.02401500,0.02423100,80109034.20817900
2024-11-16 17:00:00,0.02423100,0.02481700,0.02403000,0.02471900,49486595.34773400
2024-11-16 21:00:00,0.02471900,0.02485600,0.02419200,0.02462100,37503099.75705600
2024-11-17 01:00:00,0.02462100,0.02484300,0.02327700,0.02397400,80385706.11137000
2024-11-17 05:00:00,0.02397400,0.02464500,0.02385300,0.02462800,47238540.61235900
2024-11-17 09:00:00,0.02462800,0.02535800,0.02425400,0.02432800,67812318.20786101
2024-11-17 13:00:00,0.02432800,0.02572300,0.02417300,0.02532800,72076215.44416800
2024-11-17 17:00:00,0.02532800,0.02553000,0.02430100,0.02491700,72232706.03934200
2024-11-17 21:00:00,0.02491700,0.02555100,0.02422300,0.02480400,66133266.80497200
2024-11-18 01:00:00,0.02480400,0.02531800,0.02432500,0.02506800,48718729.41398100
2024-11-18 05:00:00,0.02506800,0.02570100,0.02482100,0.02543900,55164792.38148100
2024-11-18 09:00:00,0.02543900,0.02586500,0.02442800,0.02453200,66290643.12392800
2024-11-18 13:00:00,0.02453200,0.02538000,0.02410100,0.02525900,70107997.10832600
2024-11-18 17:00:00,0.02525900,0.02536600,0.02403000,0.02437200,54962372.31607600
2024-11-18 21:00:00,0.02437200,0.02489000,0.02422500,0.02487500,36764693.09984300
2024-11-19 01:00:00,0.02487500,0.02493300,0.02448100,0.02490600,30775899.92413000
2024-11-19 05:00:00,0.02490600,0.02569200,0.02488500,0.02525200,82046474.41612300
2024-11-19 09:00:00,0.02525200,0.02532300,0.02467800,0.02503400,39971132.08851500
2024-11-19 13:00:00,0.02503400,0.02617800,0.02482200,0.02519800,97521942.37223300
2024-11-19 17:00:00,0.02519800,0.02607900,0.02510000,0.02534500,78303569.97612900
2024-11-19 21:00:00,0.02534500,0.02548400,0.02430100,0.02475400,66006404.62802300
2024-11-20 01:00:00,0.02475400,0.02476300,0.02380000,0.02425100,47514000.45110000
2024-11-20 05:00:00,0.02425100,0.02451300,0.02404400,0.02447700,27461139.17513100
2024-11-20 09:00:00,0.02447700,0.02467500,0.02411900,0.02437000,30736029.62538900
2024-11-20 13:00:00,0.02437000,0.02483200,0.02412000,0.02460800,50079328.59646300
2024-11-20 17:00:00,0.02460800,0.02464100,0.02339100,0.02367900,59954666.75943700
2024-11-20 21:00:00,0.02367900,0.02418000,0.02350900,0.02388200,25204847.07369300
2024-11-21 01:00:00,0.02388200,0.02422700,0.02303500,0.02348000,41066155.70557800
2024-11-21 05:00:00,0.02348000,0.02433400,0.02339600,0.02409000,39942824.56014800
2024-11-21 09:00:00,0.02409000,0.02417300,0.02365800,0.02398800,25963834.47223800
2024-11-21 13:00:00,0.02398800,0.02549200,0.02397100,0.02435500,91794150.45681600
2024-11-21 17:00:00,0.02435500,0.02479700,0.02431700,0.02457600,31397515.40987600
2024-11-21 21:00:00,0.02457600,0.02489600,0.02445900,0.02479300,20854530.62733500
2024-11-22 01:00:00,0.02479300,0.02529000,0.02431800,0.02500500,48725674.31790400
2024-11-22 05:00:00,0.02500500,0.02529800,0.02460100,0.02462900,32634321.26373300
2024-11-22 09:00:00,0.02462900,0.02508600,0.02450800,0.02500300,30742983.41474900
2024-11-22 13:00:00,0.02500300,0.02579000,0.02427400,0.02502900,97142000.05403000
2024-11-22 17:00:00,0.02502900,0.02526000,0.02449700,0.02471000,43274550.28078000
2024-11-22 21:00:00,0.02471000,0.02551400,0.02458800,0.02544400,39709366.80883200
2024-11-23 01:00:00,0.02544400,0.02787000,0.02491500,0.02724100,179039291.34784299
2024-11-23 05:00:00,0.02724100,0.02816600,0.02662300,0.02684400,124301553.75328401
2024-11-23 09:00:00,0.02684400,0.02781300,0.02669800,0.02715800,84865056.91490600
2024-11-23 13:00:00,0.02715800,0.02799900,0.02703400,0.02706500,74963764.91981500
2024-11-23 17:00:00,0.02706500,0.02715000,0.02542000,0.02597500,129343072.69631700
2024-11-23 21:00:00,0.02597500,0.02620100,0.02519700,0.02594200,52475618.20446800
2024-11-24 01:00:00,0.02594200,0.02821900,0.02581000,0.02709400,119458781.84940299
2024-11-24 05:00:00,0.02709400,0.02721600,0.02643100,0.02689300,52495166.78429600
2024-11-24 09:00:00,0.02689300,0.02702500,0.02525800,0.02530300,73189882.14581500
2024-11-24 13:00:00,0.02530300,0.02560200,0.02429400,0.02443100,100743985.14741300
2024-11-24 17:00:00,0.02443100,0.02517800,0.02429800,0.02495700,46264591.78036800
2024-11-24 21:00:00,0.02495700,0.02597300,0.02487400,0.02575200,38793134.46673000
2024-11-25 01:00:00,0.02575200,0.02576500,0.02476400,0.02552300,39171642.07540000
2024-11-25 05:00:00,0.02552300,0.02596000,0.02538000,0.02585000,26505296.92861000
2024-11-25 09:00:00,0.02585000,0.02650500,0.02577600,0.02601200,47083988.71857700
2024-11-25 13:00:00,0.02601200,0.02609400,0.02450100,0.02545600,69042257.08522800
2024-11-25 17:00:00,0.02545600,0.02598600,0.02533900,0.02560800,48604801.00172100
2024-11-25 21:00:00,0.02560800,0.02594700,0.02433100,0.02478000,44824409.54500600
2024-11-26 01:00:00,0.02478000,0.02537200,0.02453100,0.02522000,22171451.67166100
2024-11-26 05:00:00,0.02522000,0.02543900,0.02459100,0.02474600,20779701.53479200
2024-11-26 09:00:00,0.02474600,0.02474700,0.02333900,0.02402400,64183242.86782000
2024-11-26 13:00:00,0.02402400,0.02438500,0.02353500,0.02397300,40796162.23382500
2024-11-26 17:00:00,0.02397300,0.02454100,0.02355500,0.02411100,33255075.72490700
2024-11-26 21:00:00,0.02411100,0.02441900,0.02402600,0.02436400,20098390.16994100
2024-11-27 01:00:00,0.02436400,0.02464900,0.02406800,0.02441300,23570067.06938300
2024-11-27 05:00:00,0.02441300,0.02487000,0.02433900,0.02479600,20478738.51951400
2024-11-27 09:00:00,0.02479600,0.02506700,0.02455200,0.02487800,22994090.73251000
2024-11-27 13:00:00,0.02487800,0.02556200,0.02450600,0.02540400,38682346.61817600
2024-11-27 17:00:00,0.02540400,0.02557800,0.02518400,0.02543000,30569026.67892200
2024-11-27 21:00:00,0.02543000,0.02586400,0.02534200,0.02575100,26395222.43909900
2024-11-28 01:00:00,0.02575100,0.02654100,0.02538400,0.02574600,56806818.17364100
2024-11-28 05:00:00,0.02574600,0.02590600,0.02523200,0.02531500,20846800.01312300
2024-11-28 09:00:00,0.02531500,0.02552600,0.02494400,0.02529400,27942920.19016700
2024-11-28 13:00:00,0.02529400,0.02552700,0.02488100,0.02495700,25525294.31300500
2024-11-28 17:00:00,0.02495700,0.02541100,0.02495600,0.02528800,15128478.82264300
2024-11-28 21:00:00,0.02528800,0.02563000,0.02514800,0.02551000,13745509.52537200
2024-11-29 01:00:00,0.02551000,0.02601900,0.02532700,0.02587200,21621589.16596800
2024-11-29 05:00:00,0.02587200,0.02619200,0.02549300,0.02550300,28342956.08826300
2024-11-29 09:00:00,0.02550300,0.02615300,0.02550300,0.02581800,31613888.31992700
2024-11-29 13:00:00,0.02581800,0.02638600,0.02563500,0.02592600,40618504.58854500
2024-11-29 17:00:00,0.02592600,0.02627000,0.02577800,0.02624100,30530145.49078600
2024-11-29 21:00:00,0.02624100,0.02631200,0.02601300,0.02606000,17621320.80890800
2024-11-30 01:00:00,0.02606000,0.02606100,0.02558300,0.02588400,27716169.40509700
2024-11-30 05:00:00,0.02588400,0.02736500,0.02583200,0.02732400,52045974.46712000
2024-11-30 09:00:00,0.02732400,0.02755200,0.02661300,0.02713200,77084746.66544200
2024-11-30 13:00:00,0.02713200,0.02733800,0.02650100,0.02688000,37730545.88572100
2024-11-30 17:00:00,0.02688000,0.02734400,0.02680000,0.02687300,32218734.30350800
2024-11-30 21:00:00,0.02687300,0.02722900,0.02671000,0.02674400,25242899.57638900
2024-12-01 01:00:00,0.02674400,0.03004500,0.02660600,0.02937900,304542883.54919201
2024-12-01 05:00:00,0.02937900,0.03172500,0.02904800,0.03058600,298494314.93319798
2024-12-01 09:00:00,0.03058600,0.03084500,0.02948200,0.03061500,175601807.39806700
2024-12-01 13:00:00,0.03061500,0.03318500,0.03044900,0.03270800,381807582.67845899
2024-12-01 17:00:00,0.03270800,0.03299900,0.03075300,0.03084200,199713966.80554500
2024-12-01 21:00:00,0.03084200,0.03178600,0.03030500,0.03090800,137811619.73756701
2024-12-02 01:00:00,0.03090800,0.03266400,0.02986400,0.03008300,224251467.57534099
2024-12-02 05:00:00,0.03008300,0.03037200,0.02963800,0.03016500,117784612.06108700
2024-12-02 09:00:00,0.03016500,0.03023000,0.02826200,0.02856900,144821534.46249101
2024-12-02 13:00:00,0.02856900,0.02997700,0.02842800,0.02959000,117853808.99475500
2024-12-02 17:00:00,0.02959000,0.02990800,0.02856400,0.02913300,86275695.63542099
2024-12-02 21:00:00,0.02913300,0.02994200,0.02891700,0.02993900,51767433.60985100
2024-12-03 01:00:00,0.02993900,0.03005000,0.02905400,0.02926000,59449337.75526900
2024-12-03 05:00:00,0.02926000,0.03097100,0.02908000,0.02955000,108140327.41387001
2024-12-03 09:00:00,0.02955000,0.02988700,0.02878600,0.02917400,56046999.48044700
2024-12-03 13:00:00,0.02917400,0.02936800,0.02662700,0.02803800,170586871.04680899
2024-12-03 17:00:00,0.02803800,0.02838500,0.02753100,0.02819900,72445346.61583801
2024-12-03 21:00:00,0.02819900,0.02888200,0.02815100,0.02862800,47896429.74231900
2024-12-04 01:00:00,0.02862800,0.03081300,0.02861900,0.02989400,149622650.55074400
2024-12-04 05:00:00,0.02989400,0.03077200,0.02983900,0.03045300,64358421.70886500
2024-12-04 09:00:00,0.03045300,0.03073700,0.03019800,0.03037000,52362259.61493200
2024-12-04 13:00:00,0.03037000,0.03062200,0.02949800,0.03023000,94101914.90163299
2024-12-04 17:00:00,0.03023000,0.03054500,0.02874900,0.02996600,97984334.60576101
2024-12-04 21:00:00,0.02996600,0.03303400,0.02990000,0.03288300,187733634.52895001
2024-12-05 01:00:00,0.03288300,0.03288000,0.03012700,0.03098300,227930750.79456401
2024-12-05 05:00:00,0.03098300,0.03302100,0.03097000,0.03167600,123470520.55085100
2024-12-05 09:00:00,0.03167600,0.03194400,0.03114800,0.03190700,46040491.05889600
2024-12-05 13:00:00,0.03190700,0.03271100,0.03110400,0.03142800,104381270.05869401
2024-12-05 17:00:00,0.03142800,0.03166600,0.03052600,0.03063000,57311724.57394900
2024-12-05 21:00:00,0.03063000,0.03126200,0.02955500,0.03048500,101793061.94200200
2024-12-06 01:00:00,0.03048500,0.03116900,0.03012200,0.03091700,44981732.06480100
2024-12-06 05:00:00,0.03091700,0.03105900,0.03070800,0.03095900,21358376.28776500
2024-12-06 09:00:00,0.03095900,0.03112800,0.02982200,0.02998200,48754936.89755600
2024-12-06 13:00:00,0.02998200,0.03104300,0.02935700,0.03071000,64697624.24903300
2024-12-06 17:00:00,0.03071000,0.03116800,0.03065000,0.03112100,36821183.69108500
2024-12-06 21:00:00,0.03112100,0.03155000,0.03072000,0.03087400,43488831.52257100
2024-12-07 01:00:00,0.03087400,0.03126900,0.03060000,0.03061700,29778221.84203400
2024-12-07 05:00:00,0.03061700,0.03114100,0.03031900,0.03079200,41596193.42091100
2024-12-07 09:00:00,0.03079200,0.03195900,0.03069200,0.03138700,62427374.79094500
2024-12-07 13:00:00,0.03138700,0.03181200,0.03095800,0.03170000,44234740.60472500
2024-12-07 17:00:00,0.03170000,0.03254200,0.03144400,0.03248700,85213513.53334901
2024-12-07 21:00:00,0.03248700,0.03338600,0.03192100,0.03199400,122695820.74997900
2024-12-08 01:00:00,0.03199400,0.03271300,0.03165800,0.03267700,44980267.89565100
2024-12-08 05:00:00,0.03267700,0.03346400,0.03200500,0.03235500,84128639.65330200
2024-12-08 09:00:00,0.03235500,0.03241500,0.03122700,0.03215500,67310483.38007499
2024-12-08 13:00:00,0.03215500,0.03241200,0.03159600,0.03205600,41722237.40736000
2024-12-08 17:00:00,0.03205600,0.03258600,0.03169900,0.03207200,46631535.94063900
2024-12-08 21:00:00,0.03207200,0.03238100,0.03170900,0.03221500,26437656.72262600
2024-12-09 01:00:00,0.03221500,0.03225600,0.03066600,0.03107600,57604822.11749200
2024-12-09 05:00:00,0.03107600,0.03147200,0.03040300,0.03089400,43400613.34375400
2024-12-09 09:00:00,0.03089400,0.03094100,0.02955600,0.02968000,72495677.05287500
2024-12-09 13:00:00,0.02968000,0.03078000,0.02950100,0.02992300,80253653.73055500
2024-12-09 17:00:00,0.02992300,0.03045700,0.02955300,0.02958200,44705966.44639000
2024-12-09 21:00:00,0.02958200,0.02965500,0.02369100,0.02723300,225191948.17032799
2024-12-10 01:00:00,0.02723300,0.02771600,0.02500500,0.02624200,99260353.54785299
2024-12-10 05:00:00,0.02624200,0.02712900,0.02558000,0.02692700,45274928.45767500
2024-12-10 09:00:00,0.02692700,0.02750400,0.02653100,0.02712700,43349342.78771700
2024-12-10 13:00:00,0.02712700,0.02723500,0.02500100,0.02504100,85365323.28252199
2024-12-10 17:00:00,0.02504100,0.02577900,0.02417700,0.02570700,94580419.50934100
2024-12-10 21:00:00,0.02570700,0.02747100,0.02555700,0.02714300,49547647.94515800
2024-12-11 01:00:00,0.02714300,0.02748000,0.02598700,0.02694500,63670629.87636200
2024-12-11 05:00:00,0.02694500,0.02717300,0.02658300,0.02669000,23126618.62203500
2024-12-11 09:00:00,0.02669000,0.02777000,0.02660400,0.02762900,36649305.83718800
2024-12-11 13:00:00,0.02762900,0.02901900,0.02750300,0.02875500,64197940.42825300
2024-12-11 17:00:00,0.02875500,0.02930100,0.02841800,0.02915400,40301302.10378000
2024-12-11 21:00:00,0.02915400,0.02925900,0.02873700,0.02879800,22585737.98095100
2024-12-12 01:00:00,0.02879800,0.02976900,0.02848500,0.02946500,40160526.80546900
2024-12-12 05:00:00,0.02946500,0.02975200,0.02897300,0.02904100,28542866.39738900
2024-12-12 09:00:00,0.02904100,0.02936400,0.02836900,0.02856400,31793982.31279500
2024-12-12 13:00:00,0.02856400,0.02940700,0.02853900,0.02886400,54088011.06455000
2024-12-12 17:00:00,0.02886400,0.02926000,0.02779900,0.02786900,44166007.62336700
2024-12-12 21:00:00,0.02786900,0.02842200,0.02779000,0.02814000,30343084.22687800
2024-12-13 01:00:00,0.02814000,0.02838600,0.02757300,0.02804600,31866598.71764000
2024-12-13 05:00:00,0.02804600,0.02812500,0.02743100,0.02783300,21967859.33978500
2024-12-13 09:00:00,0.02783300,0.02814000,0.02761900,0.02785500,18067269.62122100
2024-12-13 13:00:00,0.02785500,0.02851200,0.02759400,0.02767500,41148419.00938600
2024-12-13 17:00:00,0.02767500,0.02825900,0.02765100,0.02818500,34528354.00165200
2024-12-13 21:00:00,0.02818500,0.02858500,0.02811000,0.02854400,16969797.96415100
2024-12-14 01:00:00,0.02854400,0.02875400,0.02833600,0.02866300,20403002.68325000
2024-12-14 05:00:00,0.02866300,0.02884000,0.02830800,0.02837800,22114654.22987300
2024-12-14 09:00:00,0.02837800,0.02851900,0.02800100,0.02802500,19818890.85137000
2024-12-14 13:00:00,0.02802500,0.02805800,0.02715900,0.02748700,37584432.25560300
2024-12-14 17:00:00,0.02748700,0.02758000,0.02682700,0.02721400,32825017.55668400
2024-12-14 21:00:00,0.02721400,0.02755600,0.02688200,0.02746900,20502264.84419200
2024-12-15 01:00:00,0.02746900,0.02763100,0.02706500,0.02731500,17722917.61927800
2024-12-15 05:00:00,0.02731500,0.02764300,0.02681400,0.02703700,17728814.90839800
2024-12-15 09:00:00,0.02703700,0.02758500,0.02696700,0.02752900,17496217.45770700
2024-12-15 13:00:00,0.02752900,0.02795200,0.02742800,0.02779500,25125380.48912100
2024-12-15 17:00:00,0.02779500,0.02788800,0.02758000,0.02766200,10674596.75469700
2024-12-15 21:00:00,0.02766200,0.02806000,0.02687200,0.02787800,36283224.54812200
2024-12-16 01:00:00,0.02787800,0.02832300,0.02737400,0.02753800,32830021.98254600
2024-12-16 05:00:00,0.02753800,0.02767100,0.02729900,0.02750500,14473154.70273800
2024-12-16 09:00:00,0.02750500,0.02755800,0.02653700,0.02661900,28527942.72697500
2024-12-16 13:00:00,0.02661900,0.02719800,0.02658000,0.02705800,28181035.03980000
2024-12-16 17:00:00,0.02705800,0.02794300,0.02704300,0.02746600,40174036.65366900
2024-12-16 21:00:00,0.02746600,0.02765600,0.02709300,0.02718500,21708466.58784100
2024-12-17 01:00:00,0.02718500,0.02720900,0.02663100,0.02708100,25656273.44109900
2024-12-17 05:00:00,0.02708100,0.02709300,0.02668300,0.02686800,14735747.68964600
2024-12-17 09:00:00,0.02686800,0.02739900,0.02684100,0.02725300,24319669.89612500
2024-12-17 13:00:00,0.02725300,0.02749400,0.02637200,0.02660000,47315408.22721200
2024-12-17 17:00:00,0.02660000,0.02727900,0.02640300,0.02684400,31885889.42974900
2024-12-17 21:00:00,0.02684400,0.02695000,0.02600100,0.02630700,27465011.95644100
2024-12-18 01:00:00,0.02630700,0.02645600,0.02590600,0.02598500,27666408.23101500
2024-12-18 05:00:00,0.02598500,0.02600200,0.02531400,0.02565900,36351244.73231200
2024-12-18 09:00:00,0.02565900,0.02607300,0.02556900,0.02603600,15889003.62135200
2024-12-18 13:00:00,0.02603600,0.02607300,0.02534300,0.02558300,29944727.96651300
2024-12-18 17:00:00,0.02558300,0.02618900,0.02511400,0.02511400,34816372.88671400
2024-12-18 21:00:00,0.02511400,0.02528200,0.02362200,0.02403900,105910284.45079000
2024-12-19 01:00:00,0.02403900,0.02442800,0.02270600,0.02420600,85847451.85981899
2024-12-19 05:00:00,0.02420600,0.02432300,0.02393800,0.02415800,16264531.14187800
2024-12-19 09:00:00,0.02415800,0.02447300,0.02383800,0.02442200,20318167.18064400
2024-12-19 13:00:00,0.02442200,0.02448100,0.02305600,0.02355200,47020703.75648200
2024-12-19 17:00:00,0.02355200,0.02374800,0.02133000,0.02182400,126899934.41118200
2024-12-19 21:00:00,0.02182400,0.02217300,0.02105300,0.02155400,100831767.44047800
2024-12-20 01:00:00,0.02155400,0.02259800,0.02103200,0.02219200,53796978.37837300
2024-12-20 05:00:00,0.02219200,0.02235000,0.02132600,0.02189300,31177437.40423200
2024-12-20 09:00:00,0.02189300,0.02192200,0.01855400,0.01857300,138659013.45197499
2024-12-20 13:00:00,0.01857300,0.02114300,0.01852700,0.02094400,77666057.03311300
2024-12-20 17:00:00,0.02094400,0.02177700,0.02083000,0.02167900,40274954.04037500
2024-12-20 21:00:00,0.02167900,0.02269000,0.02138200,0.02245700,32317906.17475000
2024-12-21 01:00:00,0.02245700,0.02312800,0.02211200,0.02263800,31984775.15066800
2024-12-21 05:00:00,0.02263800,0.02398400,0.02254600,0.02379000,33281103.51837100
2024-12-21 09:00:00,0.02379000,0.02391800,0.02278300,0.02302900,34015268.97410800
2024-12-21 13:00:00,0.02302900,0.02304900,0.02144600,0.02235000,55199932.87959500
2024-12-21 17:00:00,0.02235000,0.02240400,0.02150800,0.02192300,33368635.59650500
2024-12-21 21:00:00,0.02192300,0.02219900,0.02141300,0.02169600,25803766.79289300
2024-12-22 01:00:00,0.02169600,0.02186600,0.02125100,0.02166900,23471524.09573600
2024-12-22 05:00:00,0.02166900,0.02171700,0.02087800,0.02139400,24160485.14078200
2024-12-22 09:00:00,0.02139400,0.02219300,0.02139000,0.02197400,20383229.09801600
2024-12-22 13:00:00,0.02197400,0.02222700,0.02123200,0.02156000,29119497.07970600
2024-12-22 17:00:00,0.02156000,0.02220900,0.02125500,0.02131800,24096431.77043000
2024-12-22 21:00:00,0.02131800,0.02174100,0.02100000,0.02150900,23467066.51006500
2024-12-23 01:00:00,0.02150900,0.02213000,0.02094500,0.02206500,28270969.61422700
2024-12-23 05:00:00,0.02206500,0.02232400,0.02120300,0.02148900,23524342.22052800
2024-12-23 09:00:00,0.02148900,0.02198700,0.02142400,0.02175800,17028218.52409500
2024-12-23 13:00:00,0.02175800,0.02198500,0.02116700,0.02123700,28430468.53691200
2024-12-23 17:00:00,0.02123700,0.02200100,0.02119300,0.02189600,23844575.91244200
2024-12-23 21:00:00,0.02189600,0.02282600,0.02183500,0.02250700,32223589.21353900
2024-12-24 01:00:00,0.02250700,0.02252400,0.02191000,0.02231400,16136507.34868400
2024-12-24 05:00:00,0.02231400,0.02256700,0.02214400,0.02224400,11379204.40344100
2024-12-24 09:00:00,0.02224400,0.02238200,0.02201000,0.02236600,13517890.45487800
2024-12-24 13:00:00,0.02236600,0.02353500,0.02220600,0.02330200,34912525.65101000
2024-12-24 17:00:00,0.02330200,0.02342200,0.02297200,0.02297800,18906636.88457800
2024-12-24 21:00:00,0.02297800,0.02363000,0.02270900,0.02348800,18304449.54039000
2024-12-25 01:00:00,0.02348800,0.02407000,0.02314300,0.02319600,26319803.31452900
2024-12-25 05:00:00,0.02319600,0.02334500,0.02298900,0.02303400,13051990.31285500
2024-12-25 09:00:00,0.02303400,0.02358400,0.02287200,0.02291700,19400024.53892500
2024-12-25 13:00:00,0.02291700,0.02319900,0.02278800,0.02288400,15935282.88892100
2024-12-25 17:00:00,0.02288400,0.02305900,0.02256600,0.02301400,17778922.83080300
2024-12-25 21:00:00,0.02301400,0.02309800,0.02261500,0.02281800,11029342.17190000
2024-12-26 01:00:00,0.02281800,0.02311100,0.02241000,0.02246600,15371777.22211800
2024-12-26 05:00:00,0.02246600,0.02245500,0.02204400,0.02214900,14077708.74543900
2024-12-26 09:00:00,0.02214900,0.02219200,0.02144300,0.02172300,25321552.06094500
2024-12-26 13:00:00,0.02172300,0.02178300,0.02142800,0.02151600,15274538.03886600
2024-12-26 17:00:00,0.02151600,0.02178400,0.02130700,0.02161700,15193320.57388900
2024-12-26 21:00:00,0.02161700,0.02165400,0.02126500,0.02157300,12262171.73446000
2024-12-27 01:00:00,0.02157300,0.02182600,0.02140700,0.02174400,13090993.75036300
2024-12-27 05:00:00,0.02174400,0.02199600,0.02133500,0.02147600,15217602.65006000
2024-12-27 09:00:00,0.02147600,0.02242400,0.02147600,0.02230900,24710161.17410100
2024-12-27 13:00:00,0.02230900,0.02234500,0.02134700,0.02153400,19195171.62092200
2024-12-27 17:00:00,0.02153400,0.02199400,0.02134700,0.02186400,14489083.17427800
2024-12-27 21:00:00,0.02186400,0.02189200,0.02150600,0.02168700,7265061.27695700
2024-12-28 01:00:00,0.02168700,0.02180800,0.02152000,0.02170400,7540241.63406100
2024-12-28 05:00:00,0.02170400,0.02186300,0.02160200,0.02164300,6911386.75394000
2024-12-28 09:00:00,0.02164300,0.02185900,0.02163100,0.02179500,8990801.40609000
2024-12-28 13:00:00,0.02179500,0.02223100,0.02165000,0.02199100,15923219.05780600
2024-12-28 17:00:00,0.02199100,0.02237600,0.02198100,0.02213600,9823324.80240800
2024-12-28 21:00:00,0.02213600,0.02237100,0.02204900,0.02216200,8191569.52518700
2024-12-29 01:00:00,0.02216200,0.02218100,0.02192400,0.02213900,8221884.77145600
2024-12-29 05:00:00,0.02213900,0.02241600,0.02202200,0.02240400,8220583.80973000
2024-12-29 09:00:00,0.02240400,0.02243700,0.02217300,0.02218800,8201441.71932800
2024-12-29 13:00:00,0.02218800,0.02224600,0.02173800,0.02193200,17836617.14245100
2024-12-29 17:00:00,0.02193200,0.02196100,0.02166100,0.02173700,9522724.80842300
2024-12-29 21:00:00,0.02173700,0.02173700,0.02130900,0.02133900,13285776.51701200
2024-12-30 01:00:00,0.02133900,0.02185900,0.02121500,0.02155700,14912680.53899600
2024-12-30 05:00:00,0.02155700,0.02179200,0.02132700,0.02167000,10592899.90690500
2024-12-30 09:00:00,0.02167000,0.02184300,0.02143000,0.02165200,11160314.32054600
2024-12-30 13:00:00,0.02165200,0.02188100,0.02056500,0.02070900,32113032.10611700
2024-12-30 17:00:00,0.02070900,0.02160100,0.02052500,0.02155100,22059424.82368500
2024-12-30 21:00:00,0.02155100,0.02169800,0.02090200,0.02113500,17283166.29014300
2024-12-31 01:00:00,0.02113500,0.02113500,0.02067100,0.02070400,10138659.50980500
2024-12-31 05:00:00,0.02070400,0.02085000,0.02050700,0.02070500,12458502.66580000
2024-12-31 09:00:00,0.02070500,0.02135600,0.02068500,0.02119500,17471641.25914200
2024-12-31 13:00:00,0.02119500,0.02191400,0.02112600,0.02166900,24081358.61465200
2024-12-31 17:00:00,0.02166900,0.02179000,0.02103600,0.02131400,19185199.70320100
2024-12-31 21:00:00,0.02131400,0.02145700,0.02107400,0.02117300,9323617.42766000
2025-01-01 01:00:00,0.02117300,0.02149500,0.02111500,0.02117300,10875669.45947300
2025-01-01 05:00:00,0.02117300,0.02124500,0.02102300,0.02114600,6128522.84883400
2025-01-01 09:00:00,0.02114600,0.02119500,0.02070200,0.02096200,12248525.57810300
2025-01-01 13:00:00,0.02096200,0.02131600,0.02094300,0.02129100,12130072.22601900
2025-01-01 17:00:00,0.02129100,0.02165900,0.02110200,0.02156100,14590088.36279500
2025-01-01 21:00:00,0.02156100,0.02172600,0.02155200,0.02168000,10332165.64815100
2025-01-02 01:00:00,0.02168000,0.02220500,0.02159000,0.02190400,18162681.17169300
2025-01-02 05:00:00,0.02190400,0.02237000,0.02189200,0.02218200,13156139.39973900
2025-01-02 09:00:00,0.02218200,0.02288800,0.02213100,0.02281200,21963750.98225400
2025-01-02 13:00:00,0.02281200,0.02305200,0.02246900,0.02269300,26466959.75767900
2025-01-02 17:00:00,0.02269300,0.02294800,0.02245900,0.02280200,14869294.40471700
2025-01-02 21:00:00,0.02280200,0.02297700,0.02250000,0.02290800,9546570.48860300
2025-01-03 01:00:00,0.02290800,0.02297100,0.02254900,0.02282100,11432774.02037100
2025-01-03 05:00:00,0.02282100,0.02287800,0.02248600,0.02257500,11924335.35174600
2025-01-03 09:00:00,0.02257500,0.02329700,0.02257500,0.02322200,15511796.43733700
2025-01-03 13:00:00,0.02322200,0.02395500,0.02317200,0.02379100,32454166.87701500
2025-01-03 17:00:00,0.02379100,0.02440700,0.02368300,0.02414100,27143870.41426700
2025-01-03 21:00:00,0.02414100,0.02463600,0.02398700,0.02442300,19272912.52311900
2025-01-04 01:00:00,0.02442300,0.02493100,0.02413800,0.02467100,27003994.81556700
2025-01-04 05:00:00,0.02467100,0.02476100,0.02426300,0.02445200,18298973.62609000
2025-01-04 09:00:00,0.02445200,0.02445300,0.02419700,0.02442700,15033804.04692400
2025-01-04 13:00:00,0.02442700,0.02472500,0.02388500,0.02405500,23418577.52832200
2025-01-04 17:00:00,0.02405500,0.02426900,0.02399100,0.02423500,13742407.51478700
2025-01-04 21:00:00,0.02423500,0.02446900,0.02420000,0.02432400,11457658.88883100
2025-01-05 01:00:00,0.02432400,0.02440900,0.02392800,0.02410800,13774743.88436200
2025-01-05 05:00:00,0.02410800,0.02421600,0.02398700,0.02406600,7950825.48674500
2025-01-05 09:00:00,0.02406600,0.02408300,0.02363200,0.02375800,16684971.42410900
2025-01-05 13:00:00,0.02375800,0.02387500,0.02344800,0.02379800,16312938.31209300
2025-01-05 17:00:00,0.02379800,0.02388900,0.02348500,0.02372500,12074097.74959700
2025-01-05 21:00:00,0.02372500,0.02404000,0.02367300,0.02391800,8852758.36089100
2025-01-06 01:00:00,0.02391800,0.02425900,0.02341900,0.02412300,21697714.05699300
2025-01-06 05:00:00,0.02412300,0.02427800,0.02376500,0.02388500,12004976.03208800
2025-01-06 09:00:00,0.02388500,0.02416900,0.02370700,0.02412500,11300714.12209600
2025-01-06 13:00:00,0.02412500,0.02448200,0.02379200,0.02436100,28773133.04277200
2025-01-06 17:00:00,0.02436100,0.02462500,0.02400400,0.02422900,17428012.21432800
2025-01-06 21:00:00,0.02422900,0.02428300,0.02389300,0.02404000,10493358.55051900
2025-01-07 01:00:00,0.02404000,0.02426500,0.02379700,0.02399500,15503289.62237500
2025-01-07 05:00:00,0.02399500,0.02415100,0.02388800,0.02403600,6243735.94636200
2025-01-07 09:00:00,0.02403600,0.02426500,0.02354700,0.02371800,15993147.94297500
2025-01-07 13:00:00,0.02371800,0.02391300,0.02222800,0.02248100,61422486.39020300
2025-01-07 17:00:00,0.02248100,0.02267000,0.02182800,0.02184100,33693075.58139300
2025-01-07 21:00:00,0.02184100,0.02206000,0.02164900,0.02176800,19768420.77029900
2025-01-08 01:00:00,0.02176800,0.02195900,0.02149100,0.02174200,18865425.68126800
2025-01-08 05:00:00,0.02174200,0.02179500,0.02120800,0.02153100,22892226.15683300
2025-01-08 09:00:00,0.02153100,0.02185900,0.02135500,0.02151800,17373565.48510100
2025-01-08 13:00:00,0.02151800,0.02184400,0.02133600,0.02160300,19602573.33314800
2025-01-08 17:00:00,0.02160300,0.02165000,0.02019700,0.02106800,52667160.68497600
2025-01-08 21:00:00,0.02106800,0.02141600,0.02087700,0.02128400,14720335.06484600
2025-01-09 01:00:00,0.02128400,0.02148700,0.02103000,0.02124900,14457470.74408200
2025-01-09 05:00:00,0.02124900,0.02135100,0.02083000,0.02088700,12634818.01887400
2025-01-09 09:00:00,0.02088700,0.02124400,0.02084200,0.02112600,14117915.23691500
2025-01-09 13:00:00,0.02112600,0.02186900,0.02047400,0.02172200,38170053.13717200
2025-01-09 17:00:00,0.02172200,0.02201100,0.02100700,0.02106000,29608171.44824500
2025-01-09 21:00:00,0.02106000,0.02123600,0.02075800,0.02103500,23982858.75575800
2025-01-10 01:00:00,0.02103500,0.02136600,0.02102300,0.02129400,10719677.19489800
2025-01-10 05:00:00,0.02129400,0.02177800,0.02122000,0.02166800,12573819.88549600
2025-01-10 09:00:00,0.02166800,0.02180400,0.02152100,0.02168300,12216625.04870900
2025-01-10 13:00:00,0.02168300,0.02177900,0.02102300,0.02135200,37730474.24433300
2025-01-10 17:00:00,0.02135200,0.02189500,0.02105500,0.02170200,22174789.92479100
2025-01-10 21:00:00,0.02170200,0.02172400,0.02142800,0.02154500,11368223.10742300
2025-01-11 01:00:00,0.02154500,0.02168300,0.02144400,0.02147600,8789529.28949700
2025-01-11 05:00:00,0.02147600,0.02155600,0.02133900,0.02153000,7495233.13664200
2025-01-11 09:00:00,0.02153000,0.02216500,0.02152600,0.02188000,28724177.17498500
2025-01-11 13:00:00,0.02188000,0.02204300,0.02162900,0.02166700,12266182.93520400
2025-01-11 17:00:00,0.02166700,0.02184900,0.02157700,0.02181300,10174738.40740700
2025-01-11 21:00:00,0.02181300,0.02273000,0.02177400,0.02219300,23329978.33247900
2025-01-12 01:00:00,0.02219300,0.02219700,0.02176400,0.02189100,12993629.23951400
2025-01-12 05:00:00,0.02189100,0.02194700,0.02165200,0.02176300,10176075.96564200
2025-01-12 09:00:00,0.02176300,0.02185800,0.02151300,0.02162300,11899180.98537800
2025-01-12 13:00:00,0.02162300,0.02192500,0.02156400,0.02182400,13774385.76363700
2025-01-12 17:00:00,0.02182400,0.02194100,0.02169100,0.02176600,8250681.41352100
2025-01-12 21:00:00,0.02176600,0.02184700,0.02128800,0.02154600,14621971.01994100
2025-01-13 01:00:00,0.02154600,0.02215600,0.02092000,0.02111800,38191201.85581100
2025-01-13 05:00:00,0.02111800,0.02145200,0.02071300,0.02091800,18799816.62285300
2025-01-13 09:00:00,0.02091800,0.02093300,0.01997700,0.01998400,28563453.25302200
2025-01-13 13:00:00,0.01998400,0.02065100,0.01960100,0.02045300,43264350.43126700
2025-01-13 17:00:00,0.02045300,0.02060800,0.01998800,0.02033700,19832892.64939400
2025-01-13 21:00:00,0.02033700,0.02126700,0.02019600,0.02119200,17696195.52516100
2025-01-14 01:00:00,0.02119200,0.02142500,0.02109200,0.02126900,8609484.21599500
2025-01-14 05:00:00,0.02126900,0.02148200,0.02120800,0.02125100,7274395.23283600
2025-01-14 09:00:00,0.02125100,0.02168300,0.02120600,0.02141400,17838502.68144900
2025-01-14 13:00:00,0.02141400,0.02163100,0.02125600,0.02140900,15020519.82823600
2025-01-14 17:00:00,0.02140900,0.02167200,0.02121100,0.02146600,11268370.01155000
2025-01-14 21:00:00,0.02146600,0.02198600,0.02130600,0.02162100,16552623.66595900
2025-01-15 01:00:00,0.02162100,0.02190100,0.02141100,0.02176500,19192537.02946500
2025-01-15 05:00:00,0.02176500,0.02182200,0.02133300,0.02148000,13672251.23080900
2025-01-15 09:00:00,0.02148000,0.02158800,0.02092100,0.02109800,17827281.54140100
2025-01-15 13:00:00,0.02109800,0.02243300,0.02095600,0.02210300,37950396.60850400
2025-01-15 17:00:00,0.02210300,0.02232200,0.02185100,0.02227800,19618652.79675100
2025-01-15 21:00:00,0.02227800,0.02284500,0.02220600,0.02273000,20569585.02542600
2025-01-16 01:00:00,0.02273000,0.02281300,0.02211000,0.02222300,21330457.67942400
2025-01-16 05:00:00,0.02222300,0.02235600,0.02216400,0.02228700,6743343.32198300
2025-01-16 09:00:00,0.02228700,0.02232500,0.02180500,0.02222100,17412872.98490000
2025-01-16 13:00:00,0.02222100,0.02274400,0.02168700,0.02223900,41217357.30103700
2025-01-16 17:00:00,0.02223900,0.02255300,0.02219800,0.02239700,16835200.61766500
2025-01-16 21:00:00,0.02239700,0.02245200,0.02182600,0.02200100,13697151.86081800
2025-01-17 01:00:00,0.02200100,0.02277000,0.02200100,0.02259100,18675069.39113900
2025-01-17 05:00:00,0.02259100,0.02385300,0.02257500,0.02384000,21648479.39641500
2025-01-17 09:00:00,0.02384000,0.02461900,0.02362600,0.02412900,73308736.32747000
2025-01-17 13:00:00,0.02412900,0.02451200,0.02399200,0.02429900,46238873.82733600
2025-01-17 17:00:00,0.02429900,0.02450100,0.02386200,0.02407100,25931715.23939900
2025-01-17 21:00:00,0.02407100,0.02436500,0.02402500,0.02419700,15686150.61154900
2025-01-18 01:00:00,0.02419700,0.02495200,0.02361600,0.02379200,51969990.58995700
2025-01-18 05:00:00,0.02379200,0.02390100,0.02254600,0.02267700,48938883.69310200
2025-01-18 09:00:00,0.02267700,0.02287900,0.02234200,0.02281200,30725182.18649700
2025-01-18 13:00:00,0.02281200,0.02321000,0.02263200,0.02273900,26302169.73272100
2025-01-18 17:00:00,0.02273900,0.02289300,0.02235000,0.02270700,25831013.18964700
2025-01-18 21:00:00,0.02270700,0.02278000,0.02241600,0.02275800,10621667.21445200
2025-01-19 01:00:00,0.02275800,0.02324900,0.02273100,0.02273400,22642571.49631800
2025-01-19 05:00:00,0.02273400,0.02275400,0.02167800,0.02185600,42968980.13073900
2025-01-19 09:00:00,0.02185600,0.02185600,0.02034400,0.02055900,55769044.82445200
2025-01-19 13:00:00,0.02055900,0.02194200,0.02053100,0.02169200,40548771.01700700
2025-01-19 17:00:00,0.02169200,0.02196300,0.02144200,0.02192200,16982182.52107900
2025-01-19 21:00:00,0.02192200,0.02204800,0.01976600,0.02032100,84135315.15050200
2025-01-20 01:00:00,0.02032100,0.02071100,0.01963200,0.02055600,53496402.55775600
2025-01-20 05:00:00,0.02055600,0.02220600,0.02037300,0.02140600,52576512.81787600
2025-01-20 09:00:00,0.02140600,0.02169000,0.02118700,0.02144300,22060141.71015000
2025-01-20 13:00:00,0.02144300,0.02146100,0.02061200,0.02073500,32120075.18428400
2025-01-20 17:00:00,0.02073500,0.02107600,0.01974900,0.02064200,54007664.67809900
2025-01-20 21:00:00,0.02064200,0.02074800,0.02009400,0.02032800,15107512.54357500
2025-01-21 01:00:00,0.02032800,0.02040800,0.01979100,0.02007400,22537769.63917800
2025-01-21 05:00:00,0.02007400,0.02008100,0.01963000,0.01998300,15521609.46626600
2025-01-21 09:00:00,0.01998300,0.02132100,0.01982500,0.02083500,40604030.48441700
2025-01-21 13:00:00,0.02083500,0.02100800,0.02041500,0.02077500,27535960.16347500
2025-01-21 17:00:00,0.02077500,0.02130900,0.02073300,0.02104800,24946979.82762600
2025-01-21 21:00:00,0.02104800,0.02110100,0.02066700,0.02090000,13152023.16696000
2025-01-22 01:00:00,0.02090000,0.02100100,0.02068200,0.02072900,10846392.18291500
2025-01-22 05:00:00,0.02072900,0.02080600,0.02045700,0.02047700,11427257.76017900
2025-01-22 09:00:00,0.02047700,0.02065800,0.02029900,0.02059700,11290643.44883700
2025-01-22 13:00:00,0.02059700,0.02067900,0.02018500,0.02033700,20177002.92457600
2025-01-22 17:00:00,0.02033700,0.02048600,0.02009600,0.02036800,17480797.99357900
2025-01-22 21:00:00,0.02036800,0.02055700,0.02005500,0.02017300,13943510.07983700
2025-01-23 01:00:00,0.02017300,0.02026300,0.01981700,0.02002700,12715137.96692100
2025-01-23 05:00:00,0.02002700,0.02013900,0.01980400,0.02010000,9635442.86121900
2025-01-23 09:00:00,0.02010000,0.02013300,0.01979000,0.01990500,10299172.74628400
2025-01-23 13:00:00,0.01990500,0.02039900,0.01967500,0.02023800,26856867.28074800
2025-01-23 17:00:00,0.02023800,0.02049900,0.01963600,0.01972500,19482697.49995900
2025-01-23 21:00:00,0.01972500,0.02025200,0.01953000,0.02014300,25359781.30920000
2025-01-24 01:00:00,0.02014300,0.02018800,0.01948300,0.01973300,14568893.46133100
2025-01-24 05:00:00,0.01973300,0.02033300,0.01966700,0.02017200,13378783.44239900
2025-01-24 09:00:00,0.02017200,0.02051900,0.02013900,0.02048500,12268073.78192100
2025-01-24 13:00:00,0.02048500,0.02056300,0.02020700,0.02034200,12343114.67573200
2025-01-24 17:00:00,0.02034200,0.02040300,0.02015400,0.02023800,8218328.66397500
2025-01-24 21:00:00,0.02023800,0.02028700,0.01976800,0.01995000,10919533.35893500
2025-01-25 01:00:00,0.01995000,0.02009100,0.01967300,0.02002300,8915199.27468600
2025-01-25 05:00:00,0.02002300,0.02005600,0.01985900,0.01990400,5298027.12420900
2025-01-25 09:00:00,0.01990400,0.02003800,0.01973300,0.02001200,5408633.25050400
2025-01-25 13:00:00,0.02001200,0.02022000,0.01994900,0.02015600,8238701.39415000
2025-01-25 17:00:00,0.02015600,0.02021700,0.02002000,0.02006900,5759858.98783300
2025-01-25 21:00:00,0.02006900,0.02015300,0.01991100,0.01993600,4791023.79487900
2025-01-26 01:00:00,0.01993600,0.02006600,0.01983500,0.02002300,7212655.78113900
2025-01-26 05:00:00,0.02002300,0.02015200,0.01998900,0.02005000,6069909.55349800
2025-01-26 09:00:00,0.02005000,0.02008000,0.01980300,0.01999100,7270164.11327500
2025-01-26 13:00:00,0.01999100,0.02001300,0.01985100,0.01985700,6321500.35286100
2025-01-26 17:00:00,0.01985700,0.01996700,0.01977600,0.01994200,6642777.79378300
2025-01-26 21:00:00,0.01994200,0.01995300,0.01900900,0.01908500,20516310.54145600
2025-01-27 01:00:00,0.01908500,0.01915300,0.01839800,0.01870000,26746810.71900900
2025-01-27 05:00:00,0.01870000,0.01869900,0.01724900,0.01789400,35042860.31834100
2025-01-27 09:00:00,0.01789400,0.01804800,0.01754900,0.01780500,18058187.29540600
2025-01-27 13:00:00,0.01780500,0.01863800,0.01776300,0.01854200,28543390.34631500
2025-01-27 17:00:00,0.01854200,0.01863300,0.01813700,0.01837800,17270647.91304700
2025-01-27 21:00:00,0.01837800,0.01913600,0.01837800,0.01897500,14571137.15877800
2025-01-28 01:00:00,0.01897500,0.01923600,0.01876100,0.01918300,12896095.63326200
2025-01-28 05:00:00,0.01918300,0.01931600,0.01906500,0.01908900,8161899.87403000
2025-01-28 09:00:00,0.01908900,0.01912600,0.01887800,0.01893100,7926587.42231700
2025-01-28 13:00:00,0.01893100,0.01904100,0.01868800,0.01884500,12700919.49643400
2025-01-28 17:00:00,0.01884500,0.01885700,0.01831700,0.01846800,13841865.91518000
2025-01-28 21:00:00,0.01846800,0.01855600,0.01771200,0.01795200,23264346.16307700
2025-01-29 01:00:00,0.01795200,0.01847000,0.01787900,0.01834700,10320759.65255900
2025-01-29 05:00:00,0.01834700,0.01858500,0.01820500,0.01854500,9601491.33317000
2025-01-29 09:00:00,0.01854500,0.01859900,0.01826200,0.01840000,7537254.90119700
2025-01-29 13:00:00,0.01840000,0.01846100,0.01800100,0.01811300,11237336.96078200
2025-01-29 17:00:00,0.01811300,0.01862200,0.01780500,0.01839900,24103996.75651800
2025-01-29 21:00:00,0.01839900,0.01881800,0.01817500,0.01829000,18723332.22671100
2025-01-30 01:00:00,0.01829000,0.01869800,0.01816500,0.01869700,14592470.53838300
2025-01-30 05:00:00,0.01869700,0.01874200,0.01849500,0.01857200,7263573.08288000
2025-01-30 09:00:00,0.01857200,0.01873200,0.01846100,0.01867500,6383702.96072700
2025-01-30 13:00:00,0.01867500,0.01897600,0.01855000,0.01885000,11777995.55470800
2025-01-30 17:00:00,0.01885000,0.01893600,0.01862900,0.01880600,8669684.67455400
2025-01-30 21:00:00,0.01880600,0.01884100,0.01861900,0.01867600,5389400.57326700
2025-01-31 01:00:00,0.01867600,0.01873600,0.01847800,0.01860400,10437171.66046500
2025-01-31 05:00:00,0.01860400,0.01886200,0.01851300,0.01868100,5432599.29986800
2025-01-31 09:00:00,0.01868100,0.01899100,0.01855500,0.01896000,8003777.52473100
2025-01-31 13:00:00,0.01896000,0.01966500,0.01892700,0.01957200,28505004.57560200
2025-01-31 17:00:00,0.01957200,0.01968100,0.01871500,0.01884200,21064223.28422200
2025-01-31 21:00:00,0.01884200,0.01889600,0.01858800,0.01889500,8590021.52935200
2025-02-01 01:00:00,0.01889500,0.01924200,0.01879400,0.01904000,8144503.91957100
2025-02-01 05:00:00,0.01904000,0.01912900,0.01892000,0.01896000,6140253.55961600
2025-02-01 09:00:00,0.01896000,0.01902700,0.01855100,0.01883500,9809421.88420900
2025-02-01 13:00:00,0.01883500,0.01883200,0.01830100,0.01848200,10704120.37197500
2025-02-01 17:00:00,0.01848200,0.01857500,0.01803800,0.01809700,16545296.67089500
2025-02-01 21:00:00,0.01809700,0.01811400,0.01747100,0.01759500,17097458.33390300
2025-02-02 01:00:00,0.01759500,0.01795100,0.01714900,0.01716400,18455868.10928100
2025-02-02 05:00:00,0.01716400,0.01764400,0.01712700,0.01746600,13022576.45939300
2025-02-02 09:00:00,0.01746600,0.01766500,0.01695000,0.01703300,13308992.06857400
2025-02-02 13:00:00,0.01703300,0.01734200,0.01690000,0.01711400,13261180.13103700
2025-02-02 17:00:00,0.01711400,0.01712800,0.01522400,0.01589600,66375718.20780400
2025-02-02 21:00:00,0.01589600,0.01610000,0.01469100,0.01550200,43040510.91039700
2025-02-03 01:00:00,0.01550200,0.01552300,0.01160300,0.01367300,124673277.99323200
2025-02-03 05:00:00,0.01367300,0.01451400,0.01302600,0.01446800,36466837.93912900
2025-02-03 09:00:00,0.01446800,0.01489600,0.01400300,0.01462300,27008543.48716500
2025-02-03 13:00:00,0.01462300,0.01556900,0.01397700,0.01544200,54327187.32288300
2025-02-03 17:00:00,0.01544200,0.01654700,0.01538800,0.01653600,32931512.42135400
2025-02-03 21:00:00,0.01653600,0.01686400,0.01593600,0.01678400,27126626.60532200
2025-02-04 01:00:00,0.01678400,0.01692000,0.01610800,0.01620800,18179962.29595400
2025-02-04 05:00:00,0.01620800,0.01634900,0.01506600,0.01512600,30792551.62967700
2025-02-04 09:00:00,0.01512600,0.01578400,0.01505100,0.01554100,17561112.66180900
2025-02-04 13:00:00,0.01554100,0.01598900,0.01548600,0.01570200,26646159.98065300
2025-02-04 17:00:00,0.01570200,0.01646800,0.01561000,0.01581100,21108314.60147400
2025-02-04 21:00:00,0.01581100,0.01593200,0.01523100,0.01574000,31073027.37743900
2025-02-05 01:00:00,0.01574000,0.01604200,0.01558500,0.01590500,16417375.40623800
2025-02-05 05:00:00,0.01590500,0.01674600,0.01584200,0.01636600,23875413.50938200
2025-02-05 09:00:00,0.01636600,0.01646900,0.01607600,0.01642500,14165611.05602900
2025-02-05 13:00:00,0.01642500,0.01650800,0.01595700,0.01610700,18434327.57518000
2025-02-05 17:00:00,0.01610700,0.01615800,0.01562500,0.01597500,23593073.15844100
2025-02-05 21:00:00,0.01597500,0.01605100,0.01548000,0.01576100,13997604.46415000
2025-02-06 01:00:00,0.01576100,0.01595100,0.01561100,0.01588100,10800766.88354600
2025-02-06 05:00:00,0.01588100,0.01610100,0.01580000,0.01597100,8303908.68070800
2025-02-06 09:00:00,0.01597100,0.01613800,0.01572900,0.01585600,13771481.10601900
2025-02-06 13:00:00,0.01585600,0.01587900,0.01492900,0.01502300,30023029.91733500
2025-02-06 17:00:00,0.01502300,0.01523000,0.01479800,0.01485500,25655527.13045900
2025-02-06 21:00:00,0.01485500,0.01517900,0.01472100,0.01484400,13820892.54268700
2025-02-07 01:00:00,0.01484400,0.01521600,0.01476700,0.01505300,13391475.40266600
2025-02-07 05:00:00,0.01505300,0.01520800,0.01474300,0.01490600,11574192.52078200
2025-02-07 09:00:00,0.01490600,0.01530900,0.01484100,0.01527200,8680997.67316200
2025-02-07 13:00:00,0.01527200,0.01570500,0.01512500,0.01532000,23185652.61550100
2025-02-07 17:00:00,0.01532000,0.01544400,0.01501300,0.01536300,17799027.80784000
2025-02-07 21:00:00,0.01536300,0.01536600,0.01461000,0.01508300,19140120.72573800
2025-02-08 01:00:00,0.01508300,0.01526100,0.01499600,0.01512600,7997626.64662000
2025-02-08 05:00:00,0.01512600,0.01534400,0.01503800,0.01527600,7863487.58124000
2025-02-08 09:00:00,0.01527600,0.01578700,0.01521100,0.01568200,12843137.99168300
2025-02-08 13:00:00,0.01568200,0.01588400,0.01544900,0.01558700,18916951.98282000
2025-02-08 17:00:00,0.01558700,0.01605400,0.01556900,0.01585800,19263705.48422700
2025-02-08 21:00:00,0.01585800,0.01602900,0.01577000,0.01595800,8093431.68553900
2025-02-09 01:00:00,0.01595800,0.01640200,0.01590700,0.01637500,11066625.46343500
2025-02-09 05:00:00,0.01637500,0.01641300,0.01610700,0.01627000,10547838.93077900
2025-02-09 09:00:00,0.01627000,0.01652800,0.01602900,0.01603100,11561904.85306200
2025-02-09 13:00:00,0.01603100,0.01614000,0.01563100,0.01590500,17794032.58564900
2025-02-09 17:00:00,0.01590500,0.01598400,0.01556500,0.01561000,9055631.23292700
2025-02-09 21:00:00,0.01561000,0.01576600,0.01513700,0.01565300,17863371.79156700
2025-02-10 01:00:00,0.01565300,0.01593500,0.01526800,0.01570300,19239077.68387100
2025-02-10 05:00:00,0.01570300,0.01595200,0.01565200,0.01583600,7936035.77823200
2025-02-10 09:00:00,0.01583600,0.01607300,0.01579600,0.01586200,9721611.11702400
2025-02-10 13:00:00,0.01586200,0.01610400,0.01570300,0.01582000,11368423.38940400
2025-02-10 17:00:00,0.01582000,0.01595000,0.01577100,0.01582500,7192055.82115600
2025-02-10 21:00:00,0.01582500,0.01590000,0.01571000,0.01579800,4859584.14347400
2025-02-11 01:00:00,0.01579800,0.01605500,0.01579000,0.01590900,7468846.34070800
2025-02-11 05:00:00,0.01590900,0.01648700,0.01590800,0.01632000,11857614.12661600
2025-02-11 09:00:00,0.01632000,0.01646000,0.01606300,0.01612600,10611475.25197000
2025-02-11 13:00:00,0.01612600,0.01618400,0.01564000,0.01600100,20039099.62093800
2025-02-11 17:00:00,0.01600100,0.01605800,0.01543000,0.01551400,10579138.01496000
2025-02-11 21:00:00,0.01551400,0.01579700,0.01548000,0.01568000,7419511.46679600
2025-02-12 01:00:00,0.01568000,0.01583900,0.01547400,0.01554900,8192055.14145500
2025-02-12 05:00:00,0.01554900,0.01578500,0.01548500,0.01569900,5658774.18345700
2025-02-12 09:00:00,0.01569900,0.01599700,0.01568400,0.01596400,6560028.77572900
2025-02-12 13:00:00,0.01596400,0.01627300,0.01546300,0.01605800,32219070.06940300
2025-02-12 17:00:00,0.01605800,0.01685400,0.01585100,0.01679000,22655736.18669600
2025-02-12 21:00:00,0.01679000,0.01732600,0.01660300,0.01698700,16137350.79857700
2025-02-13 01:00:00,0.01698700,0.01704100,0.01677000,0.01684900,8898055.19788500
2025-02-13 05:00:00,0.01684900,0.01686600,0.01645300,0.01649100,9318027.92435500
2025-02-13 09:00:00,0.01649100,0.01653100,0.01612700,0.01623800,13758136.71510700
2025-02-13 13:00:00,0.01623800,0.01642800,0.01601700,0.01617700,13873185.66107900
2025-02-13 17:00:00,0.01617700,0.01630200,0.01591600,0.01612500,12272868.03777800
2025-02-13 21:00:00,0.01612500,0.01641700,0.01611900,0.01629000,7814594.63314100
2025-02-14 01:00:00,0.01629000,0.01653800,0.01617200,0.01650800,6607827.04371500
2025-02-14 05:00:00,0.01650800,0.01651900,0.01627300,0.01644300,5797554.81871800
2025-02-14 09:00:00,0.01644300,0.01681600,0.01644000,0.01651100,16657412.54821900
2025-02-14 13:00:00,0.01651100,0.01687400,0.01639700,0.01675700,14332552.91178200
2025-02-14 17:00:00,0.01675700,0.01718400,0.01660100,0.01682200,17785337.97326300
2025-02-14 21:00:00,0.01682200,0.01684000,0.01642800,0.01670500,12196379.71811000
2025-02-15 01:00:00,0.01670500,0.01701700,0.01658000,0.01689600,7745402.39356900
2025-02-15 05:00:00,0.01689600,0.01697500,0.01657900,0.01665400,7244770.05146800
2025-02-15 09:00:00,0.01665400,0.01678700,0.01649100,0.01658800,6125244.29334300
2025-02-15 13:00:00,0.01658800,0.01665200,0.01626900,0.01638500,8880680.15709200
2025-02-15 17:00:00,0.01638500,0.01646100,0.01624900,0.01629700,7530476.99740700
2025-02-15 21:00:00,0.01629700,0.01638800,0.01622000,0.01630800,6320478.78068000
2025-02-16 01:00:00,0.01630800,0.01638200,0.01606300,0.01619300,7625565.49121700
2025-02-16 05:00:00,0.01619300,0.01628900,0.01600200,0.01609500,5625854.28912600
2025-02-16 09:00:00,0.01609500,0.01628500,0.01605800,0.01627200,5743187.28017800
2025-02-16 13:00:00,0.01627200,0.01628700,0.01588000,0.01604000,8201105.71044400
2025-02-16 17:00:00,0.01604000,0.01608600,0.01581700,0.01597200,6465371.92620000
2025-02-16 21:00:00,0.01597200,0.01606300,0.01587200,0.01595700,5366966.66751200
2025-02-17 01:00:00,0.01595700,0.01614600,0.01586500,0.01598000,5150566.55069300
2025-02-17 05:00:00,0.01598000,0.01600400,0.01564300,0.01575600,8781353.02236000
2025-02-17 09:00:00,0.01575600,0.01605300,0.01570600,0.01596500,6444558.71090700
2025-02-17 13:00:00,0.01596500,0.01628000,0.01577300,0.01582300,10766978.38497800
2025-02-17 17:00:00,0.01582300,0.01591000,0.01536000,0.01556800,14853191.83459500
2025-02-17 21:00:00,0.01556800,0.01596700,0.01555500,0.01574000,7265329.15557200
2025-02-18 01:00:00,0.01574000,0.01578600,0.01558100,0.01567100,4955979.48710600
2025-02-18 05:00:00,0.01567100,0.01568100,0.01503300,0.01521900,12701775.53133200
2025-02-18 09:00:00,0.01521900,0.01537300,0.01506100,0.01530300,6955295.91854200
2025-02-18 13:00:00,0.01530300,0.01553200,0.01497900,0.01508500,10612497.85668700
2025-02-18 17:00:00,0.01508500,0.01520900,0.01485400,0.01506500,14673021.44376800
2025-02-18 21:00:00,0.01506500,0.01526000,0.01499900,0.01522200,6131384.14893800
2025-02-19 01:00:00,0.01522200,0.01530400,0.01506200,0.01523400,4643455.05935500
2025-02-19 05:00:00,0.01523400,0.01543500,0.01503900,0.01538500,4604039.55542400
2025-02-19 09:00:00,0.01538500,0.01549100,0.01531400,0.01547300,5035420.77181900
2025-02-19 13:00:00,0.01547300,0.01553300,0.01522600,0.01531700,7338643.80460100
2025-02-19 17:00:00,0.01531700,0.01545300,0.01523000,0.01531500,5581248.17488100
2025-02-19 21:00:00,0.01531500,0.01544900,0.01523500,0.01539900,4289238.25287000
2025-02-20 01:00:00,0.01539900,0.01558400,0.01534800,0.01553500,4278564.26068900
2025-02-20 05:00:00,0.01553500,0.01560600,0.01533400,0.01535800,4770797.60221200
2025-02-20 09:00:00,0.01535800,0.01549100,0.01532200,0.01544300,3872244.47190400
2025-02-20 13:00:00,0.01544300,0.01556500,0.01528400,0.01530300,6225914.11583300
2025-02-20 17:00:00,0.01530300,0.01560200,0.01528300,0.01555900,6137797.71183900
2025-02-20 21:00:00,0.01555900,0.01560100,0.01543400,0.01553700,3669788.46410200
2025-02-21 01:00:00,0.01553700,0.01556600,0.01540400,0.01544800,3910849.58438100
2025-02-21 05:00:00,0.01544800,0.01563900,0.01544700,0.01558000,3374654.90751400
2025-02-21 09:00:00,0.01558000,0.01589400,0.01556800,0.01572700,5794478.36017700
2025-02-21 13:00:00,0.01572700,0.01596900,0.01529100,0.01552200,14100716.26067300
2025-02-21 17:00:00,0.01552200,0.01577700,0.01484200,0.01491400,14539921.55614900
2025-02-21 21:00:00,0.01491400,0.01511000,0.01483800,0.01506700,6584684.89675600
2025-02-22 01:00:00,0.01506700,0.01521100,0.01500800,0.01516000,3314077.73402700
2025-02-22 05:00:00,0.01516000,0.01530400,0.01513900,0.01520600,2768499.88944600
2025-02-22 09:00:00,0.01520600,0.01546200,0.01515600,0.01544600,7513629.04171800
2025-02-22 13:00:00,0.01544600,0.01554100,0.01535700,0.01550500,3938584.36896500
2025-02-22 17:00:00,0.01550500,0.01570000,0.01550500,0.01564900,4942651.46056100
2025-02-22 21:00:00,0.01564900,0.01578400,0.01559300,0.01559700,4758389.73048600
2025-02-23 01:00:00,0.01559700,0.01561100,0.01551900,0.01554700,3255576.49983600
2025-02-23 05:00:00,0.01554700,0.01577400,0.01550900,0.01573600,3618951.94618800
2025-02-23 09:00:00,0.01573600,0.01576500,0.01557000,0.01558900,4980775.77041600
2025-02-23 13:00:00,0.01558900,0.01564500,0.01535900,0.01537800,6880770.81424100
2025-02-23 17:00:00,0.01537800,0.01557600,0.01537600,0.01545700,3277083.25443000
2025-02-23 21:00:00,0.01545700,0.01552900,0.01531100,0.01544700,4113685.01672500
2025-02-24 01:00:00,0.01544700,0.01555000,0.01490500,0.01495600,8327670.86941500
2025-02-24 05:00:00,0.01495600,0.01504500,0.01472100,0.01496000,7757350.16908000
2025-02-24 09:00:00,0.01496000,0.01496100,0.01458500,0.01481400,8706345.66167500
2025-02-24 13:00:00,0.01481400,0.01486000,0.01429100,0.01439300,12662055.43007200
2025-02-24 17:00:00,0.01439300,0.01454300,0.01400300,0.01418600,10747021.40999100
2025-02-24 21:00:00,0.01418600,0.01437100,0.01339800,0.01362800,21539005.35582000
2025-02-25 01:00:00,0.01362800,0.01395800,0.01334700,0.01376500,13561660.43458000
2025-02-25 05:00:00,0.01376500,0.01393900,0.01303500,0.01335100,26437760.06676700
2025-02-25 09:00:00,0.01335100,0.01378600,0.01315300,0.01374000,19509611.15899800
2025-02-25 13:00:00,0.01374000,0.01400000,0.01346000,0.01377600,18194861.80875000
2025-02-25 17:00:00,0.01377600,0.01399000,0.01361000,0.01397600,11234608.05403100
2025-02-25 21:00:00,0.01397600,0.01426900,0.01390100,0.01408500,10922812.62428300
2025-02-26 01:00:00,0.01408500,0.01439600,0.01398200,0.01430400,7209958.38044300
2025-02-26 05:00:00,0.01430400,0.01440600,0.01415600,0.01425600,5667496.09374000
2025-02-26 09:00:00,0.01425600,0.01450000,0.01414700,0.01430600,6655068.97933300
2025-02-26 13:00:00,0.01430600,0.01447300,0.01392800,0.01430100,13380663.35377600
2025-02-26 17:00:00,0.01430100,0.01437100,0.01374600,0.01397000,16685036.89765600
2025-02-26 21:00:00,0.01397000,0.01455000,0.01384800,0.01441300,12022175.61324500
2025-02-27 01:00:00,0.01441300,0.01454200,0.01421800,0.01443200,5865152.62364100
2025-02-27 05:00:00,0.01443200,0.01478600,0.01434800,0.01468900,6770602.74586700
2025-02-27 09:00:00,0.01468900,0.01485200,0.01461700,0.01473600,5793297.53107400
2025-02-27 13:00:00,0.01473600,0.01479400,0.01438000,0.01458500,8573064.04200300
2025-02-27 17:00:00,0.01458500,0.01473500,0.01435800,0.01442700,7085250.89338500
2025-02-27 21:00:00,0.01442700,0.01447000,0.01419000,0.01441800,6106500.26634000
2025-02-28 01:00:00,0.01441800,0.01444300,0.01336400,0.01338900,23521584.10134800
2025-02-28 05:00:00,0.01338900,0.01340900,0.01304900,0.01317800,15074342.75198100
2025-02-28 09:00:00,0.01317800,0.01347600,0.01299200,0.01320400,11299980.37258300
2025-02-28 13:00:00,0.01320400,0.01387900,0.01313900,0.01380500,12905461.57112300
2025-02-28 17:00:00,0.01380500,0.01397400,0.01369700,0.01390000,8140361.44797900
2025-02-28 21:00:00,0.01390000,0.01396400,0.01374100,0.01392700,5290365.91656100
2025-03-01 01:00:00,0.01392700,0.01406900,0.01377100,0.01399000,6258387.82233900
2025-03-01 05:00:00,0.01399000,0.01414400,0.01382000,0.01388100,5264094.82517700
2025-03-01 09:00:00,0.01388100,0.01396900,0.01358000,0.01360100,6152481.44220500
2025-03-01 13:00:00,0.01360100,0.01361400,0.01338700,0.01357300,5501559.05618600
2025-03-01 17:00:00,0.01357300,0.01364700,0.01349000,0.01360600,5212688.96270000
2025-03-01 21:00:00,0.01360600,0.01372500,0.01351100,0.01363500,4180840.73188000
2025-03-02 01:00:00,0.01363500,0.01373600,0.01354100,0.01369900,3507223.32258000
2025-03-02 05:00:00,0.01369900,0.01378500,0.01360400,0.01370400,4092857.62695500
2025-03-02 09:00:00,0.01370400,0.01387900,0.01363100,0.01376500,5510828.75497500
2025-03-02 13:00:00,0.01376500,0.01419500,0.01347900,0.01388200,16298556.99029700
2025-03-02 17:00:00,0.01388200,0.01507000,0.01378500,0.01499600,33439727.45359100
2025-03-02 21:00:00,0.01499600,0.01518300,0.01486200,0.01515300,9638469.22683900
2025-03-03 01:00:00,0.01515300,0.01519700,0.01436000,0.01451200,13886518.59186800
2025-03-03 05:00:00,0.01451200,0.01458800,0.01399000,0.01424400,8812173.74506100
2025-03-03 09:00:00,0.01424400,0.01429000,0.01388200,0.01407900,8477029.85299400
2025-03-03 13:00:00,0.01407900,0.01426400,0.01363700,0.01373100,15841059.29144700
2025-03-03 17:00:00,0.01373100,0.01383200,0.01286600,0.01292400,24245658.27054200
2025-03-03 21:00:00,0.01292400,0.01301900,0.01268300,0.01289900,14609044.18552100
2025-03-04 01:00:00,0.01289900,0.01304900,0.01216900,0.01253100,23488925.60976800
2025-03-04 05:00:00,0.01253100,0.01285400,0.01250900,0.01267900,8845472.81660900
2025-03-04 09:00:00,0.01267900,0.01287500,0.01262200,0.01277500,6816772.23273500
2025-03-04 13:00:00,0.01277500,0.01312000,0.01244800,0.01274700,19023590.63871300
2025-03-04 17:00:00,0.01274700,0.01319400,0.01216800,0.01308300,16696729.74958400
2025-03-04 21:00:00,0.01308300,0.01324400,0.01289500,0.01307800,8789538.03723200
2025-03-05 01:00:00,0.01307800,0.01314100,0.01289400,0.01289800,6322907.34636600
2025-03-05 05:00:00,0.01289800,0.01304000,0.01284600,0.01301400,4738353.56746100
2025-03-05 09:00:00,0.01301400,0.01342900,0.01300300,0.01317600,7857446.06196200
2025-03-05 13:00:00,0.01317600,0.01329000,0.01298500,0.01306000,9203783.39865600
2025-03-05 17:00:00,0.01306000,0.01330100,0.01293500,0.01327200,6306359.47064200
2025-03-05 21:00:00,0.01327200,0.01341400,0.01326300,0.01335500,4405453.00575200
2025-03-06 01:00:00,0.01335500,0.01352300,0.01324400,0.01347800,7836850.90983500
2025-03-06 05:00:00,0.01347800,0.01381800,0.01344900,0.01349200,7622286.16299100
2025-03-06 09:00:00,0.01349200,0.01361700,0.01345200,0.01354300,3653587.27429200
2025-03-06 13:00:00,0.01354300,0.01357800,0.01325400,0.01353300,8208022.57601900
2025-03-06 17:00:00,0.01353300,0.01357000,0.01314900,0.01325600,8434067.46219900
2025-03-06 21:00:00,0.01325600,0.01353500,0.01320900,0.01339000,5748153.38134500
2025-03-07 01:00:00,0.01339000,0.01350600,0.01275700,0.01316100,17668729.54192100
2025-03-07 05:00:00,0.01316100,0.01346100,0.01314800,0.01345200,4759874.49292000
2025-03-07 09:00:00,0.01345200,0.01367100,0.01336500,0.01359500,6307043.53190800
2025-03-07 13:00:00,0.01359500,0.01374300,0.01336700,0.01349900,9955709.22727100
2025-03-07 17:00:00,0.01349900,0.01363900,0.01325700,0.01351800,8750764.68334500
2025-03-07 21:00:00,0.01351800,0.01355600,0.01302100,0.01313700,9317378.06567900
2025-03-08 01:00:00,0.01313700,0.01325200,0.01291500,0.01300000,7421387.28376700
2025-03-08 05:00:00,0.01300000,0.01308300,0.01284600,0.01287300,4459848.72307000
2025-03-08 09:00:00,0.01287300,0.01291000,0.01273400,0.01280200,5464878.40653500
2025-03-08 13:00:00,0.01280200,0.01296700,0.01275000,0.01279100,4518032.69111300
2025-03-08 17:00:00,0.01279100,0.01283000,0.01262500,0.01278900,6803324.00173600
2025-03-08 21:00:00,0.01278900,0.01280200,0.01254900,0.01265400,4685045.65825900
2025-03-09 01:00:00,0.01265400,0.01270600,0.01249400,0.01257400,4429286.77781100
2025-03-09 05:00:00,0.01257400,0.01263300,0.01246200,0.01258500,2879381.54413200
2025-03-09 09:00:00,0.01258500,0.01258900,0.01230700,0.01237900,4701208.74150800
2025-03-09 13:00:00,0.01237900,0.01243500,0.01196500,0.01201800,11143869.70492100
2025-03-09 17:00:00,0.01201800,0.01207800,0.01150400,0.01176000,17325756.18616200
2025-03-09 21:00:00,0.01176000,0.01184500,0.01152200,0.01164800,7073951.04194000
2025-03-10 01:00:00,0.01164800,0.01220400,0.01152700,0.01212100,12009312.41670100
2025-03-10 05:00:00,0.01212100,0.01237200,0.01211100,0.01231600,6107616.12319800
2025-03-10 09:00:00,0.01231600,0.01278700,0.01218400,0.01269400,13443000.11122100
2025-03-10 13:00:00,0.01269400,0.01299000,0.01203700,0.01236100,22159901.27431100
2025-03-10 17:00:00,0.01236100,0.01242000,0.01142100,0.01177900,19457578.76090300
2025-03-10 21:00:00,0.01177900,0.01186600,0.01146600,0.01148600,8341066.08760300
2025-03-11 01:00:00,0.01148600,0.01166600,0.01080500,0.01149500,25263093.02153700
2025-03-11 05:00:00,0.01149500,0.01180300,0.01146000,0.01163600,6694875.63898100
2025-03-11 09:00:00,0.01163600,0.01180800,0.01158600,0.01171900,5815645.74462700
2025-03-11 13:00:00,0.01171900,0.01187900,0.01131600,0.01175800,17205739.72367300
2025-03-11 17:00:00,0.01175800,0.01228000,0.01165700,0.01224800,10406617.71632700
2025-03-11 21:00:00,0.01224800,0.01226200,0.01200900,0.01204300,5430298.70035000
2025-03-12 01:00:00,0.01204300,0.01233400,0.01195700,0.01197000,7160076.17892200
2025-03-12 05:00:00,0.01197000,0.01216100,0.01176300,0.01209000,7476559.24863400
2025-03-12 09:00:00,0.01209000,0.01238400,0.01205300,0.01228700,9165202.47902300
2025-03-12 13:00:00,0.01228700,0.01260100,0.01185500,0.01211200,15738019.13994300
2025-03-12 17:00:00,0.01211200,0.01233000,0.01209600,0.01225500,6222153.46490200
2025-03-12 21:00:00,0.01225500,0.01238300,0.01221900,0.01232100,3965176.78726200
2025-03-13 01:00:00,0.01232100,0.01238800,0.01219200,0.01225800,5560970.19548300
2025-03-13 05:00:00,0.01225800,0.01230100,0.01205400,0.01215100,5615900.39416700
2025-03-13 09:00:00,0.01215100,0.01237100,0.01207000,0.01227400,7377781.61176900
2025-03-13 13:00:00,0.01227400,0.01238400,0.01197500,0.01200600,9013285.58436900
2025-03-13 17:00:00,0.01200600,0.01202600,0.01177800,0.01187900,7026425.43554100
2025-03-13 21:00:00,0.01187900,0.01213500,0.01180700,0.01202300,3997425.30190100
2025-03-14 01:00:00,0.01202300,0.01239400,0.01198200,0.01235200,6238784.61780200
2025-03-14 05:00:00,0.01235200,0.01254700,0.01227400,0.01246900,5171932.96700000
2025-03-14 09:00:00,0.01246900,0.01272500,0.01245400,0.01250800,7699302.12802800
2025-03-14 13:00:00,0.01250800,0.01283300,0.01240200,0.01267800,11746679.34501800
2025-03-14 17:00:00,0.01267800,0.01271600,0.01254900,0.01266400,4331501.13267600
2025-03-14 21:00:00,0.01266400,0.01290300,0.01259100,0.01277200,5530248.69841600
2025-03-15 01:00:00,0.01277200,0.01286400,0.01261300,0.01277700,4515345.33183900
2025-03-15 05:00:00,0.01277700,0.01286400,0.01268600,0.01272300,4034390.80662700
2025-03-15 09:00:00,0.01272300,0.01283900,0.01268400,0.01273000,4474364.00492700
2025-03-15 13:00:00,0.01273000,0.01283900,0.01269500,0.01277100,3360918.45101000
2025-03-15 17:00:00,0.01277100,0.01282600,0.01266700,0.01272500,4435928.41709900
2025-03-15 21:00:00,0.01272500,0.01296700,0.01272400,0.01282500,5100962.88118400
2025-03-16 01:00:00,0.01282500,0.01290300,0.01267300,0.01285400,4355817.44562900
2025-03-16 05:00:00,0.01285400,0.01315700,0.01284600,0.01311200,6126536.81423300
2025-03-16 09:00:00,0.01311200,0.01311200,0.01263700,0.01269000,9294105.64271400
2025-03-16 13:00:00,0.01269000,0.01311100,0.01256100,0.01300600,13117690.27828900
2025-03-16 17:00:00,0.01300600,0.01381400,0.01298600,0.01321100,34605572.44460100
2025-03-16 21:00:00,0.01321100,0.01329800,0.01297000,0.01310700,10788511.11375900
2025-03-17 01:00:00,0.01310700,0.01359400,0.01306800,0.01345900,11774565.14668800
2025-03-17 05:00:00,0.01345900,0.01348200,0.01307700,0.01323500,8967204.91219500
2025-03-17 09:00:00,0.01323500,0.01326700,0.01298300,0.01302600,7542535.94134700
2025-03-17 13:00:00,0.01302600,0.01316400,0.01276800,0.01289800,13016012.46442700
2025-03-17 17:00:00,0.01289800,0.01319400,0.01286900,0.01305400,9067469.55959900
2025-03-17 21:00:00,0.01305400,0.01306300,0.01290400,0.01294500,5233887.41327900
2025-03-18 01:00:00,0.01294500,0.01295900,0.01261800,0.01267200,7390360.05692500
2025-03-18 05:00:00,0.01267200,0.01274500,0.01251900,0.01264200,5647451.66370100
2025-03-18 09:00:00,0.01264200,0.01272500,0.01248700,0.01250200,5217181.74687900
2025-03-18 13:00:00,0.01250200,0.01254800,0.01231700,0.01234300,8303896.07769700
2025-03-18 17:00:00,0.01234300,0.01245300,0.01225200,0.01243800,5301609.33648900
2025-03-18 21:00:00,0.01243800,0.01255000,0.01235300,0.01253400,3188890.97515800
2025-03-19 01:00:00,0.01253400,0.01263600,0.01246900,0.01257400,3410774.64411500
2025-03-19 05:00:00,0.01257400,0.01262600,0.01251500,0.01254000,4266645.59213500
2025-03-19 09:00:00,0.01254000,0.01283000,0.01254000,0.01280000,5549188.61302300
2025-03-19 13:00:00,0.01280000,0.01291500,0.01267900,0.01284900,7786032.56074400
2025-03-19 17:00:00,0.01284900,0.01291500,0.01253400,0.01279700,10140221.87984200
2025-03-19 21:00:00,0.01279700,0.01298100,0.01273200,0.01292900,4480730.37513600
2025-03-20 01:00:00,0.01292900,0.01303900,0.01284000,0.01286500,4456970.39821600
2025-03-20 05:00:00,0.01286500,0.01289200,0.01274900,0.01282300,2844996.27893400
2025-03-20 09:00:00,0.01282300,0.01297200,0.01265700,0.01285100,5753548.91777100
2025-03-20 13:00:00,0.01285100,0.01295100,0.01273900,0.01276600,5369286.56540500
2025-03-20 17:00:00,0.01276600,0.01287800,0.01259500,0.01286300,5194769.12373500
2025-03-20 21:00:00,0.01286300,0.01298100,0.01282600,0.01293500,3639854.39236300
2025-03-21 01:00:00,0.01293500,0.01308600,0.01292800,0.01295100,3806715.20651100
2025-03-21 05:00:00,0.01295100,0.01303500,0.01281000,0.01287000,3974532.13165900
2025-03-21 09:00:00,0.01287000,0.01289800,0.01257100,0.01261800,4447845.56671700
2025-03-21 13:00:00,0.01261800,0.01265900,0.01245300,0.01249600,5063090.89954100
2025-03-21 17:00:00,0.01249600,0.01268700,0.01245300,0.01261300,4623296.93164800
2025-03-21 21:00:00,0.01261300,0.01275900,0.01247900,0.01249200,3427483.00015900
2025-03-22 01:00:00,0.01249200,0.01261000,0.01246900,0.01256200,3043935.35358700
2025-03-22 05:00:00,0.01256200,0.01272300,0.01254900,0.01267500,2963887.72855300
2025-03-22 09:00:00,0.01267500,0.01280600,0.01266100,0.01269100,3153221.31666800
2025-03-22 13:00:00,0.01269100,0.01284500,0.01267200,0.01282900,4091854.81406200
2025-03-22 17:00:00,0.01282900,0.01295200,0.01279700,0.01286200,4508271.25914000
2025-03-22 21:00:00,0.01286200,0.01295700,0.01275200,0.01280400,3745602.02551300
2025-03-23 01:00:00,0.01280400,0.01293900,0.01277900,0.01293900,3036688.44281000
2025-03-23 05:00:00,0.01293900,0.01299500,0.01285000,0.01295000,4161209.63694100
2025-03-23 09:00:00,0.01295000,0.01310400,0.01292600,0.01300200,4765443.57812400
2025-03-23 13:00:00,0.01300200,0.01302000,0.01290600,0.01298600,4096684.85859600
2025-03-23 17:00:00,0.01298600,0.01299000,0.01280100,0.01285200,3954811.48098500
2025-03-23 21:00:00,0.01285200,0.01294900,0.01279600,0.01294500,3169846.52016400
2025-03-24 01:00:00,0.01294500,0.01304500,0.01277000,0.01297300,5779064.16752500
2025-03-24 05:00:00,0.01297300,0.01319200,0.01297500,0.01310200,6326387.65105300
2025-03-24 09:00:00,0.01310200,0.01321100,0.01306600,0.01318800,5242421.93463600
2025-03-24 13:00:00,0.01318800,0.01364700,0.01316100,0.01350100,12972694.14703000
2025-03-24 17:00:00,0.01350100,0.01369600,0.01342000,0.01358000,6468734.38808300
2025-03-24 21:00:00,0.01358000,0.01369700,0.01342400,0.01352800,5719149.18151300
2025-03-25 01:00:00,0.01352800,0.01369800,0.01343300,0.01347400,7138195.22486200
2025-03-25 05:00:00,0.01347400,0.01354500,0.01334600,0.01337600,5244001.17458500
2025-03-25 09:00:00,0.01337600,0.01353700,0.01336900,0.01345500,4605930.29536300
2025-03-25 13:00:00,0.01345500,0.01375200,0.01337800,0.01358200,8671480.16112600
2025-03-25 17:00:00,0.01358200,0.01376600,0.01350300,0.01372400,5707807.84159900
2025-03-25 21:00:00,0.01372400,0.01404400,0.01369800,0.01384700,9622949.13307100
2025-03-26 01:00:00,0.01384700,0.01456200,0.01379000,0.01454400,20201637.97195600
2025-03-26 05:00:00,0.01454400,0.01533400,0.01447600,0.01518300,35037787.11720300
2025-03-26 09:00:00,0.01518300,0.01566100,0.01496300,0.01534000,36028856.38664400
2025-03-26 13:00:00,0.01534000,0.01538200,0.01452500,0.01463100,34209222.09421700
2025-03-26 17:00:00,0.01463100,0.01474800,0.01414000,0.01428600,19373052.31696100
2025-03-26 21:00:00,0.01428600,0.01445200,0.01412900,0.01420100,12499555.47549700
2025-03-27 01:00:00,0.01420100,0.01471900,0.01404900,0.01454900,17370197.47850400
2025-03-27 05:00:00,0.01454900,0.01456400,0.01431200,0.01443200,8198730.33841800
2025-03-27 09:00:00,0.01443200,0.01453700,0.01418100,0.01420200,10900071.75671200
2025-03-27 13:00:00,0.01420200,0.01442000,0.01391900,0.01426100,16210510.85649300
2025-03-27 17:00:00,0.01426100,0.01431800,0.01399900,0.01400800,7450368.45617700
2025-03-27 21:00:00,0.01400800,0.01415600,0.01397000,0.01401400,5975148.99281100
2025-03-28 01:00:00,0.01401400,0.01404100,0.01376500,0.01379600,9695101.09044100
2025-03-28 05:00:00,0.01379600,0.01381900,0.01320000,0.01320600,13662963.44186600
2025-03-28 09:00:00,0.01320600,0.01334000,0.01312300,0.01333200,8734742.72182900
2025-03-28 13:00:00,0.01333200,0.01347800,0.01315700,0.01320400,15304738.58884000
2025-03-28 17:00:00,0.01320400,0.01328000,0.01304000,0.01310300,7894324.33766600
2025-03-28 21:00:00,0.01310300,0.01330600,0.01300400,0.01323100,6285206.59025400
2025-03-29 01:00:00,0.01323100,0.01337300,0.01295400,0.01316900,8018492.78428700
2025-03-29 05:00:00,0.01316900,0.01321200,0.01279700,0.01285700,6974292.65996300
2025-03-29 09:00:00,0.01285700,0.01294200,0.01257300,0.01266500,7932201.99232100
2025-03-29 13:00:00,0.01266500,0.01289200,0.01262900,0.01270700,5406849.38865900
2025-03-29 17:00:00,0.01270700,0.01274000,0.01242800,0.01263500,7533420.75882100
2025-03-29 21:00:00,0.01263500,0.01269000,0.01243900,0.01266900,3857198.10266400
2025-03-30 01:00:00,0.01266900,0.01282900,0.01250700,0.01273000,5328176.64265200
2025-03-30 06:00:00,0.01273000,0.01280000,0.01262900,0.01265700,3378073.29852300
2025-03-30 10:00:00,0.01265700,0.01272700,0.01253800,0.01261000,4201522.20822700
2025-03-30 14:00:00,0.01261000,0.01268600,0.01246300,0.01251600,6426265.07509300
2025-03-30 18:00:00,0.01251600,0.01264900,0.01233000,0.01258400,6712061.05572000
2025-03-30 22:00:00,0.01258400,0.01261600,0.01227500,0.01244800,7215227.27586900
2025-03-31 02:00:00,0.01244800,0.01257000,0.01220500,0.01220800,6363353.95118500
2025-03-31 06:00:00,0.01220800,0.01233200,0.01202000,0.01210800,7430282.18213800
2025-03-31 10:00:00,0.01210800,0.01221800,0.01196200,0.01214300,8063324.62780200
2025-03-31 14:00:00,0.01214300,0.01249600,0.01203000,0.01241500,9588531.30248300
2025-03-31 18:00:00,0.01241500,0.01254100,0.01229900,0.01237000,5565593.89300200
2025-03-31 22:00:00,0.01237000,0.01244400,0.01230000,0.01237300,2997238.02588700
2025-04-01 02:00:00,0.01237300,0.01271700,0.01236700,0.01265600,3951220.75782900
2025-04-01 06:00:00,0.01265600,0.01278700,0.01264500,0.01270800,3183831.20200500
2025-04-01 10:00:00,0.01270800,0.01296700,0.01265300,0.01272300,7289837.25384100
2025-04-01 14:00:00,0.01272300,0.01313600,0.01260700,0.01303300,8478522.92383200
2025-04-01 18:00:00,0.01303300,0.01307600,0.01262900,0.01268100,5281962.34079400
2025-04-01 22:00:00,0.01268100,0.01277300,0.01256700,0.01267500,3104612.26453600
2025-04-02 02:00:00,0.01267500,0.01267600,0.01229900,0.01236800,5456427.24305200
2025-04-02 06:00:00,0.01236800,0.01270000,0.01211800,0.01226000,8808637.27461300
2025-04-02 10:00:00,0.01226000,0.01244400,0.01221100,0.01231000,3944892.23226400
2025-04-02 14:00:00,0.01231000,0.01286300,0.01225900,0.01271900,9763638.73797100
2025-04-02 18:00:00,0.01271900,0.01284000,0.01250100,0.01270500,6494033.21612200
2025-04-02 22:00:00,0.01270500,0.01304300,0.01194100,0.01204300,14998604.23121500
2025-04-03 02:00:00,0.01204300,0.01239100,0.01201600,0.01233800,4187977.55374800
2025-04-03 06:00:00,0.01233800,0.01243800,0.01214000,0.01221300,4752899.47761400
2025-04-03 10:00:00,0.01221300,0.01236300,0.01200200,0.01207300,5563599.78652000
2025-04-03 14:00:00,0.01207300,0.01221800,0.01180600,0.01221300,9903989.81218500
2025-04-03 18:00:00,0.01221300,0.01227800,0.01206300,0.01221300,4052490.09267800
2025-04-03 22:00:00,0.01221300,0.01229600,0.01210500,0.01222700,3373123.97583300
2025-04-04 02:00:00,0.01222700,0.01225100,0.01202300,0.01210400,3061436.02355700
2025-04-04 06:00:00,0.01210400,0.01238100,0.01199200,0.01236000,5271019.70339400
2025-04-04 10:00:00,0.01236000,0.01252800,0.01192700,0.01206700,8939407.79161000
2025-04-04 14:00:00,0.01206700,0.01243800,0.01196000,0.01220000,9231503.27449100
2025-04-04 18:00:00,0.01220000,0.01239500,0.01207600,0.01223900,5257034.74610600
2025-04-04 22:00:00,0.01223900,0.01236300,0.01219100,0.01230200,2088919.17860400
2025-04-05 02:00:00,0.01230200,0.01242500,0.01227700,0.01229600,2160091.74623000
2025-04-05 06:00:00,0.01229600,0.01238200,0.01226100,0.01235800,1831449.09276200
2025-04-05 10:00:00,0.01235800,0.01241500,0.01230400,0.01232800,2327147.13024600
2025-04-05 14:00:00,0.01232800,0.01233800,0.01207100,0.01210800,3545367.17010300
2025-04-05 18:00:00,0.01210800,0.01227400,0.01208200,0.01223400,2516336.47030900
2025-04-05 22:00:00,0.01223400,0.01235400,0.01220300,0.01232700,2373457.88421400
2025-04-06 02:00:00,0.01232700,0.01237900,0.01221600,0.01227100,2438795.50017500
2025-04-06 06:00:00,0.01227100,0.01229300,0.01208900,0.01210500,1975657.52658500
2025-04-06 10:00:00,0.01210500,0.01216100,0.01204300,0.01210000,3431936.28700200
2025-04-06 14:00:00,0.01210000,0.01211300,0.01172600,0.01194900,7196866.50355200
2025-04-06 18:00:00,0.01194900,0.01199500,0.01125500,0.01142900,11562045.56491300
2025-04-06 22:00:00,0.01142900,0.01150100,0.01101900,0.01131700,10016404.76737300
2025-04-07 02:00:00,0.01131700,0.01154400,0.01087500,0.01104000,8440752.48726000
2025-04-07 06:00:00,0.01104000,0.01111300,0.01028200,0.01044700,13619089.49708100
2025-04-07 10:00:00,0.01044700,0.01107300,0.01039800,0.01085300,10243824.63523900
2025-04-07 14:00:00,0.01085300,0.01181200,0.01078700,0.01131900,21738973.60490200
2025-04-07 18:00:00,0.01131900,0.01146700,0.01110300,0.01124900,7006405.97830400
2025-04-07 22:00:00,0.01124900,0.01157100,0.01125200,0.01141200,3874848.73423300
2025-04-08 02:00:00,0.01141200,0.01172200,0.01133700,0.01150900,4872317.47269400
2025-04-08 06:00:00,0.01150900,0.01155200,0.01124600,0.01134500,5880786.76307200
2025-04-08 10:00:00,0.01134500,0.01143900,0.01113300,0.01141400,5207024.08204300
2025-04-08 14:00:00,0.01141400,0.01144900,0.01109600,0.01116100,7633847.73248500
2025-04-08 18:00:00,0.01116100,0.01117400,0.01062700,0.01068000,9317232.58285200
2025-04-08 22:00:00,0.01068000,0.01071600,0.01051400,0.01064600,4782237.69110900
2025-04-09 02:00:00,0.01064600,0.01072900,0.01028200,0.01051700,7161299.03784100
2025-04-09 06:00:00,0.01051700,0.01107800,0.01048300,0.01103400,7535508.39078800
2025-04-09 10:00:00,0.01103400,0.01107200,0.01075100,0.01083100,6242491.45853600
2025-04-09 14:00:00,0.01083100,0.01116400,0.01078200,0.01102700,6043268.42621200
2025-04-09 18:00:00,0.01102700,0.01202700,0.01101000,0.01189000,14656824.28034200
2025-04-09 22:00:00,0.01189000,0.01213500,0.01189500,0.01192600,5097249.23023200
2025-04-10 02:00:00,0.01192600,0.01198100,0.01164100,0.01176200,4629203.89433100
2025-04-10 06:00:00,0.01176200,0.01202900,0.01170900,0.01192400,4224598.45939000
2025-04-10 10:00:00,0.01192400,0.01212900,0.01185200,0.01193800,4666924.33876500
2025-04-10 14:00:00,0.01193800,0.01212300,0.01146200,0.01153300,8366775.98379200
2025-04-10 18:00:00,0.01153300,0.01161700,0.01141500,0.01155000,4172736.84668400
2025-04-10 22:00:00,0.01155000,0.01169900,0.01154600,0.01162200,1885365.22540300
2025-04-11 02:00:00,0.01162200,0.01196600,0.01159400,0.01192100,2912907.51017700
2025-04-11 06:00:00,0.01192100,0.01203600,0.01182800,0.01196100,2362420.63859900
2025-04-11 10:00:00,0.01196100,0.01210000,0.01189000,0.01196300,3426497.62308700
2025-04-11 14:00:00,0.01196300,0.01208900,0.01191700,0.01201300,4985510.90459700
2025-04-11 18:00:00,0.01201300,0.01226300,0.01194100,0.01220900,3740475.96734000
2025-04-11 22:00:00,0.01220900,0.01237300,0.01218800,0.01220600,2969527.46337000
2025-04-12 02:00:00,0.01220600,0.01222300,0.01204100,0.01209600,2515229.53190900
2025-04-12 06:00:00,0.01209600,0.01233700,0.01207300,0.01228500,3029543.42275900
2025-04-12 10:00:00,0.01228500,0.01238100,0.01221400,0.01225900,2149148.47977500
2025-04-12 14:00:00,0.01225900,0.01267400,0.01222300,0.01258100,5132351.81355600
2025-04-12 18:00:00,0.01258100,0.01264200,0.01246900,0.01250200,3149209.40409100
2025-04-12 22:00:00,0.01250200,0.01264000,0.01249300,0.01252800,2142883.05168000
2025-04-13 02:00:00,0.01252800,0.01258900,0.01240400,0.01246600,2564668.17703000
2025-04-13 06:00:00,0.01246600,0.01247800,0.01227500,0.01233500,3024910.99898700
2025-04-13 10:00:00,0.01233500,0.01245300,0.01223000,0.01227900,2924535.13474500
2025-04-13 14:00:00,0.01227900,0.01231300,0.01200700,0.01206800,4370769.38173300
2025-04-13 18:00:00,0.01206800,0.01242400,0.01192400,0.01206800,6101867.11248300
2025-04-13 22:00:00,0.01206800,0.01219400,0.01193900,0.01204600,3290205.05626400
2025-04-14 02:00:00,0.01204600,0.01242600,0.01202800,0.01223600,3554682.96318100
2025-04-14 06:00:00,0.01223600,0.01237900,0.01201800,0.01217100,3197190.22726100
2025-04-14 10:00:00,0.01217100,0.01237400,0.01212900,0.01235400,3451119.91312200
2025-04-14 14:00:00,0.01235400,0.01241600,0.01203200,0.01206900,5021629.01405300
2025-04-14 18:00:00,0.01206900,0.01222700,0.01200600,0.01206500,3656165.93196200
2025-04-14 22:00:00,0.01206500,0.01208200,0.01192300,0.01200300,2652826.18629100
2025-04-15 02:00:00,0.01200300,0.01200900,0.01179200,0.01198900,2960941.81607000
2025-04-15 06:00:00,0.01198900,0.01202100,0.01186300,0.01196100,2302638.47607500
2025-04-15 10:00:00,0.01196100,0.01203500,0.01188000,0.01192600,2531489.22263200
2025-04-15 14:00:00,0.01192600,0.01213200,0.01180300,0.01186100,4416176.96319200
2025-04-15 18:00:00,0.01186100,0.01192500,0.01173900,0.01181400,2403960.07485500
2025-04-15 22:00:00,0.01181400,0.01185100,0.01165100,0.01167200,1913634.23771200
2025-04-16 02:00:00,0.01167200,0.01177100,0.01155300,0.01173100,2946946.79936400
2025-04-16 06:00:00,0.01173100,0.01173900,0.01157100,0.01158900,2081788.79243900
2025-04-16 10:00:00,0.01158900,0.01169700,0.01148900,0.01167900,2754410.86188000
2025-04-16 14:00:00,0.01167900,0.01194600,0.01157600,0.01183800,4142938.09943000
2025-04-16 18:00:00,0.01183800,0.01194900,0.01145200,0.01183200,6693424.31969800
2025-04-16 22:00:00,0.01183200,0.01197800,0.01178200,0.01182900,3438868.50414600
2025-04-17 02:00:00,0.01182900,0.01198200,0.01175400,0.01182400,2402987.05752400
2025-04-17 06:00:00,0.01182400,0.01204200,0.01180900,0.01198500,2479350.83735600
2025-04-17 10:00:00,0.01198500,0.01201300,0.01184300,0.01186800,2078439.13125500
2025-04-17 14:00:00,0.01186800,0.01191400,0.01161500,0.01175100,3898887.12814500
2025-04-17 18:00:00,0.01175100,0.01199700,0.01170600,0.01176600,4460448.88710200
2025-04-17 22:00:00,0.01176600,0.01186400,0.01174000,0.01178800,1599019.51951800
2025-04-18 02:00:00,0.01178800,0.01180500,0.01166300,0.01178000,1579146.65213300
2025-04-18 06:00:00,0.01178000,0.01194900,0.01173800,0.01194200,1782674.44043900
2025-04-18 10:00:00,0.01194200,0.01202400,0.01192600,0.01202200,2483900.45796300
2025-04-18 14:00:00,0.01202200,0.01215100,0.01199300,0.01211300,3321328.15690000
2025-04-18 18:00:00,0.01211300,0.01246000,0.01210800,0.01224500,6077121.46336600
2025-04-18 22:00:00,0.01224500,0.01234500,0.01220900,0.01228500,2513265.97411400
2025-04-19 02:00:00,0.01228500,0.01236000,0.01217900,0.01229000,2532487.90159100
2025-04-19 06:00:00,0.01229000,0.01236700,0.01216300,0.01221000,2689393.00432300
2025-04-19 10:00:00,0.01221000,0.01224300,0.01212200,0.01218900,2261643.71451300
2025-04-19 14:00:00,0.01218900,0.01223700,0.01213200,0.01215900,2626376.46457300
2025-04-19 18:00:00,0.01215900,0.01232200,0.01211600,0.01229300,2261956.27056800
2025-04-19 22:00:00,0.01229300,0.01241700,0.01224200,0.01233900,2075226.49207200
2025-04-20 02:00:00,0.01233900,0.01241300,0.01232500,0.01232900,1844292.59747600
2025-04-20 06:00:00,0.01232900,0.01247800,0.01230600,0.01238700,3095792.39434000
2025-04-20 10:00:00,0.01238700,0.01240900,0.01209000,0.01213400,3494775.67253800
2025-04-20 14:00:00,0.01213400,0.01239600,0.01213100,0.01232600,3190489.81433800
2025-04-20 18:00:00,0.01232600,0.01254900,0.01230400,0.01246200,3679606.41934200
2025-04-20 22:00:00,0.01246200,0.01253600,0.01228000,0.01234900,2402498.27670600
2025-04-21 02:00:00,0.01234900,0.01272800,0.01232100,0.01262200,4856604.23833600
2025-04-21 06:00:00,0.01262200,0.01280600,0.01259600,0.01269100,3367604.28491100
2025-04-21 10:00:00,0.01269100,0.01274100,0.01253800,0.01257800,3987917.20838800
2025-04-21 14:00:00,0.01257800,0.01272500,0.01246300,0.01255800,4973112.79510400
2025-04-21 18:00:00,0.01255800,0.01258400,0.01220300,0.01245800,5591604.15223100
2025-04-21 22:00:00,0.01245800,0.01246400,0.01228100,0.01235300,2294778.93034700
2025-04-22 02:00:00,0.01235300,0.01254300,0.01216300,0.01242700,3520755.66485600
2025-04-22 06:00:00,0.01242700,0.01253700,0.01226900,0.01252100,2969075.65779800
2025-04-22 10:00:00,0.01252100,0.01263500,0.01246300,0.01258400,3887588.58789900
2025-04-22 14:00:00,0.01258400,0.01312600,0.01257800,0.01304200,9626461.24079200
2025-04-22 18:00:00,0.01304200,0.01327000,0.01295500,0.01321100,5366240.63380000
2025-04-22 22:00:00,0.01321100,0.01379800,0.01316500,0.01357500,7551283.16817700
2025-04-23 02:00:00,0.01357500,0.01382100,0.01356000,0.01379100,5689499.58333200
2025-04-23 06:00:00,0.01379100,0.01390300,0.01361400,0.01375300,5120052.81842300
2025-04-23 10:00:00,0.01375300,0.01379100,0.01359100,0.01363100,5420348.43693700
2025-04-23 14:00:00,0.01363100,0.01376700,0.01315100,0.01336600,9672998.70049600
2025-04-23 18:00:00,0.01336600,0.01371500,0.01330700,0.01350900,5291142.99832300
2025-04-23 22:00:00,0.01350900,0.01356600,0.01335600,0.01355700,3157581.72292700
2025-04-24 02:00:00,0.01355700,0.01364400,0.01314500,0.01314700,4815256.89445200
2025-04-24 06:00:00,0.01314700,0.01329000,0.01309300,0.01312800,3369571.99760500
2025-04-24 10:00:00,0.01312800,0.01316900,0.01289500,0.01312900,3769311.49846500
2025-04-24 14:00:00,0.01312900,0.01363600,0.01308000,0.01351800,5822742.69601800
2025-04-24 18:00:00,0.01351800,0.01365500,0.01333600,0.01356000,5048100.75034200
2025-04-24 22:00:00,0.01356000,0.01379400,0.01347200,0.01378100,2774361.83766500
2025-04-25 02:00:00,0.01378100,0.01403000,0.01365500,0.01390900,6469823.27423700
2025-04-25 06:00:00,0.01390900,0.01416200,0.01383300,0.01414100,5944601.54568400
2025-04-25 10:00:00,0.01414100,0.01428300,0.01400800,0.01416300,6163678.58104900
2025-04-25 14:00:00,0.01416300,0.01428100,0.01383100,0.01398500,11466082.78672300
2025-04-25 18:00:00,0.01398500,0.01411500,0.01380300,0.01389000,5592482.20870100
2025-04-25 22:00:00,0.01389000,0.01418400,0.01384600,0.01414500,3264899.83924900
2025-04-26 02:00:00,0.01414500,0.01522300,0.01412800,0.01474400,12645909.34789500
2025-04-26 06:00:00,0.01474400,0.01484000,0.01451400,0.01463800,6287788.30642300
2025-04-26 10:00:00,0.01463800,0.01475500,0.01417900,0.01421100,7228054.41930100
2025-04-26 14:00:00,0.01421100,0.01431000,0.01408800,0.01426900,5466152.00979900
2025-04-26 18:00:00,0.01426900,0.01429700,0.01406800,0.01414600,3758078.16461800
2025-04-26 22:00:00,0.01414600,0.01419300,0.01403400,0.01413600,3506317.41040200
2025-04-27 02:00:00,0.01413600,0.01418100,0.01369400,0.01384400,5990344.69848400
2025-04-27 06:00:00,0.01384400,0.01385800,0.01362200,0.01380300,2761754.69556800
2025-04-27 10:00:00,0.01380300,0.01390700,0.01363100,0.01363900,2832127.29978100
2025-04-27 14:00:00,0.01363900,0.01370500,0.01345300,0.01353500,3538212.97839100
2025-04-27 18:00:00,0.01353500,0.01368800,0.01342500,0.01368700,2693301.10579700
2025-04-27 22:00:00,0.01368700,0.01368800,0.01341200,0.01343600,3081885.60448100
2025-04-28 02:00:00,0.01343600,0.01361300,0.01315300,0.01352700,4166718.27606800
2025-04-28 06:00:00,0.01352700,0.01394000,0.01352800,0.01390500,3672871.08838900
2025-04-28 10:00:00,0.01390500,0.01420700,0.01388100,0.01390700,6135981.10713300
2025-04-28 14:00:00,0.01390700,0.01391500,0.01330700,0.01340800,5328007.62742200
2025-04-28 18:00:00,0.01340800,0.01376200,0.01326900,0.01370400,3801066.29575400
2025-04-28 22:00:00,0.01370400,0.01374500,0.01359100,0.01372400,1911682.27179300
2025-04-29 02:00:00,0.01372400,0.01391900,0.01366300,0.01375900,2703876.01808400
2025-04-29 06:00:00,0.01375900,0.01384200,0.01356800,0.01381900,3025650.02508500
2025-04-29 10:00:00,0.01381900,0.01388700,0.01356400,0.01368600,3004755.41735000
2025-04-29 14:00:00,0.01368600,0.01372000,0.01345600,0.01360400,3324752.69397900
2025-04-29 18:00:00,0.01360400,0.01377000,0.01355800,0.01361700,2134371.72356500
2025-04-29 22:00:00,0.01361700,0.01364300,0.01325200,0.01340100,3038584.03928000
2025-04-30 02:00:00,0.01340100,0.01351200,0.01327300,0.01346900,1842027.33307000
2025-04-30 06:00:00,0.01346900,0.01348700,0.01326000,0.01332600,1378050.83808000
2025-04-30 10:00:00,0.01332600,0.01352800,0.01327000,0.01351500,1721476.99912000
2025-04-30 14:00:00,0.01351500,0.01351800,0.01278700,0.01303400,5951245.33564400
2025-04-30 18:00:00,0.01303400,0.01329600,0.01299400,0.01320300,1816012.36015300
2025-04-30 22:00:00,0.01320300,0.01337800,0.01317700,0.01322800,1844973.87095100
2025-05-01 02:00:00,0.01322800,0.01344100,0.01319400,0.01327700,1689151.83228100
2025-05-01 06:00:00,0.01327700,0.01337600,0.01319900,0.01329500,1738687.50185100
2025-05-01 10:00:00,0.01329500,0.01363500,0.01327100,0.01361100,2048785.54433900
2025-05-01 14:00:00,0.01361100,0.01373500,0.01338400,0.01362100,3466678.96046400
2025-05-01 18:00:00,0.01362100,0.01374000,0.01351600,0.01353300,3006708.36638700
2025-05-01 22:00:00,0.01353300,0.01367900,0.01344400,0.01348700,1846149.20009900
2025-05-02 02:00:00,0.01348700,0.01368200,0.01339400,0.01355400,2164445.67469300
2025-05-02 06:00:00,0.01355400,0.01358100,0.01335400,0.01335700,1768871.21759000
2025-05-02 10:00:00,0.01335700,0.01349300,0.01335000,0.01341100,1377087.49076100
2025-05-02 14:00:00,0.01341100,0.01361000,0.01331900,0.01347400,3088365.86723100
2025-05-02 18:00:00,0.01347400,0.01368100,0.01326800,0.01330900,2249875.17679900
2025-05-02 22:00:00,0.01330900,0.01346400,0.01327100,0.01346300,1172015.77369100
2025-05-03 02:00:00,0.01346300,0.01347600,0.01325200,0.01332900,1337471.37317900
2025-05-03 06:00:00,0.01332900,0.01335600,0.01321900,0.01325000,853530.28147500
2025-05-03 10:00:00,0.01325000,0.01328300,0.01308800,0.01313300,1422434.59660400
2025-05-03 14:00:00,0.01313300,0.01328600,0.01313000,0.01318400,1319459.98538500
2025-05-03 18:00:00,0.01318400,0.01318300,0.01287000,0.01311200,2985973.85753700
2025-05-03 22:00:00,0.01311200,0.01312700,0.01295400,0.01295500,1138995.63638900
2025-05-04 02:00:00,0.01295500,0.01313700,0.01283000,0.01306000,2128300.81629700
2025-05-04 06:00:00,0.01306000,0.01322800,0.01298000,0.01306900,2073419.44926100
2025-05-04 10:00:00,0.01306900,0.01307700,0.01290200,0.01294600,1679986.58046900
2025-05-04 14:00:00,0.01294600,0.01296900,0.01274000,0.01281800,2133020.44070600
2025-05-04 18:00:00,0.01281800,0.01282300,0.01263100,0.01273300,1979614.56750700
2025-05-04 22:00:00,0.01273300,0.01280500,0.01258900,0.01265600,1568718.04448900
2025-05-05 02:00:00,0.01265600,0.01287600,0.01254600,0.01280500,1795245.95220000
2025-05-05 06:00:00,0.01280500,0.01297100,0.01279700,0.01295300,1296569.25284300
2025-05-05 10:00:00,0.01295300,0.01296600,0.01260700,0.01266300,2300977.32529300
2025-05-05 14:00:00,0.01266300,0.01270900,0.01251700,0.01258300,3063716.73813100
2025-05-05 18:00:00,0.01258300,0.01287700,0.01255200,0.01274300,2046070.24327600
2025-05-05 22:00:00,0.01274300,0.01285100,0.01252000,0.01267400,2204029.95243300
2025-05-06 02:00:00,0.01267400,0.01271300,0.01245000,0.01267400,2388242.38728600
2025-05-06 06:00:00,0.01267400,0.01272500,0.01258700,0.01261800,1235387.40315900
2025-05-06 10:00:00,0.01261800,0.01262000,0.01232100,0.01239200,2557296.19393100
2025-05-06 14:00:00,0.01239200,0.01260800,0.01230400,0.01245400,2523010.59520500
2025-05-06 18:00:00,0.01245400,0.01264100,0.01233600,0.01253300,1775002.03010500
2025-05-06 22:00:00,0.01253300,0.01276400,0.01228900,0.01274100,2771837.40565300
2025-05-07 02:00:00,0.01274100,0.01293900,0.01267500,0.01276500,2851215.23476300
2025-05-07 06:00:00,0.01276500,0.01289400,0.01268700,0.01289000,1363596.95290600
2025-05-07 10:00:00,0.01289000,0.01291200,0.01279700,0.01286000,1232363.64438800
2025-05-07 14:00:00,0.01286000,0.01287700,0.01270400,0.01273300,1910276.55690800
2025-05-07 18:00:00,0.01273300,0.01275600,0.01255100,0.01262300,2309102.87508600
2025-05-07 22:00:00,0.01262300,0.01283100,0.01254500,0.01280100,1395426.46862800
2025-05-08 02:00:00,0.01280100,0.01326700,0.01272200,0.01325200,3415403.06542200
2025-05-08 06:00:00,0.01325200,0.01340900,0.01317300,0.01334000,2857050.24312600
2025-05-08 10:00:00,0.01334000,0.01353200,0.01333700,0.01341700,2877277.85786200
2025-05-08 14:00:00,0.01341700,0.01400900,0.01341700,0.01388200,4945354.17837200
2025-05-08 18:00:00,0.01388200,0.01409600,0.01384100,0.01404500,5317805.39033500
2025-05-08 22:00:00,0.01404500,0.01457800,0.01403700,0.01439300,7692005.78262200
2025-05-09 02:00:00,0.01439300,0.01447100,0.01414400,0.01414700,3943058.83108700
2025-05-09 06:00:00,0.01414700,0.01495700,0.01411600,0.01478100,5345940.35914000
2025-05-09 10:00:00,0.01478100,0.01563000,0.01465700,0.01509500,13888737.29992900
2025-05-09 14:00:00,0.01509500,0.01536900,0.01480200,0.01505300,7933075.25835400
2025-05-09 18:00:00,0.01505300,0.01514300,0.01471000,0.01504800,4859653.42498300
2025-05-09 22:00:00,0.01504800,0.01526000,0.01493500,0.01504300,3302145.02448500
2025-05-10 02:00:00,0.01504300,0.01530500,0.01485500,0.01522100,4818243.58255000
2025-05-10 06:00:00,0.01522100,0.01601600,0.01503600,0.01585800,8183026.21788500
2025-05-10 10:00:00,0.01585800,0.01612000,0.01549900,0.01556900,9699673.24286200
2025-05-10 14:00:00,0.01556900,0.01588200,0.01557600,0.01572100,3505635.33018700
2025-05-10 18:00:00,0.01572100,0.01641900,0.01565800,0.01596900,6354479.11538200
2025-05-10 22:00:00,0.01596900,0.01709100,0.01581000,0.01706700,7205147.35931700
2025-05-11 02:00:00,0.01706700,0.01728400,0.01621100,0.01637600,8289980.46167100
2025-05-11 06:00:00,0.01637600,0.01654100,0.01560800,0.01578400,5540359.28009700
2025-05-11 10:00:00,0.01578400,0.01618500,0.01568100,0.01612400,3546920.68114500
2025-05-11 14:00:00,0.01612400,0.01626000,0.01567500,0.01580900,4412492.39610000
2025-05-11 18:00:00,0.01580900,0.01605800,0.01561200,0.01594200,3836154.70465000
2025-05-11 22:00:00,0.01594200,0.01610500,0.01577600,0.01589900,2518793.96726800
2025-05-12 02:00:00,0.01589900,0.01639100,0.01583100,0.01632700,4469218.06691700
2025-05-12 06:00:00,0.01632700,0.01709900,0.01622300,0.01662300,7813681.42699700
2025-05-12 10:00:00,0.01662300,0.01763900,0.01640800,0.01678300,10404931.03944400
2025-05-12 14:00:00,0.01678300,0.01696500,0.01598300,0.01604900,7982695.04494700
2025-05-12 18:00:00,0.01604900,0.01623900,0.01503900,0.01542400,9028838.21014700
2025-05-12 22:00:00,0.01542400,0.01586100,0.01530100,0.01575700,3558238.59482300
2025-05-13 02:00:00,0.01575700,0.01575700,0.01480100,0.01483100,6646713.99501200
2025-05-13 06:00:00,0.01483100,0.01534900,0.01477800,0.01530500,3779623.74647700
2025-05-13 10:00:00,0.01530500,0.01572400,0.01524500,0.01562100,4288318.57583900
2025-05-13 14:00:00,0.01562100,0.01582900,0.01538400,0.01574900,6275897.33225600
2025-05-13 18:00:00,0.01574900,0.01660600,0.01570500,0.01641800,8227272.27261100
2025-05-13 22:00:00,0.01641800,0.01647400,0.01622000,0.01635500,3394982.16292500
2025-05-14 02:00:00,0.01635500,0.01645700,0.01592400,0.01615100,4382697.08781100
2025-05-14 06:00:00,0.01615100,0.01670900,0.01605400,0.01607800,5110578.48466300
2025-05-14 10:00:00,0.01607800,0.01615300,0.01566000,0.01609400,5276736.82015500
2025-05-14 14:00:00,0.01609400,0.01615200,0.01562600,0.01585500,4750923.83044300
2025-05-14 18:00:00,0.01585500,0.01590800,0.01551100,0.01582800,3255569.17847000
2025-05-14 22:00:00,0.01582800,0.01587500,0.01558200,0.01572200,1674780.29753100
2025-05-15 02:00:00,0.01572200,0.01589600,0.01541100,0.01547500,2994070.92202900
2025-05-15 06:00:00,0.01547500,0.01558300,0.01481300,0.01485700,4562119.09257600
2025-05-15 10:00:00,0.01485700,0.01518700,0.01474200,0.01503200,4624482.49010400
2025-05-15 14:00:00,0.01503200,0.01520700,0.01443500,0.01498000,6274509.42898700
2025-05-15 18:00:00,0.01498000,0.01525900,0.01466100,0.01486100,3639727.99357100
2025-05-15 22:00:00,0.01486100,0.01496800,0.01450400,0.01482000,2860413.66739400
2025-05-16 02:00:00,0.01482000,0.01517600,0.01475500,0.01512100,2793115.30259500
2025-05-16 06:00:00,0.01512100,0.01519200,0.01495400,0.01501400,1853459.67049200
2025-05-16 10:00:00,0.01501400,0.01518400,0.01471400,0.01505100,2486701.70711400
2025-05-16 14:00:00,0.01505100,0.01514900,0.01481400,0.01502200,2548198.15489500
2025-05-16 18:00:00,0.01502200,0.01513100,0.01479400,0.01491000,2083756.71423300
2025-05-16 22:00:00,0.01491000,0.01492100,0.01439600,0.01456000,2121851.62638800
2025-05-17 02:00:00,0.01456000,0.01461000,0.01408400,0.01433900,3746974.50512600
2025-05-17 06:00:00,0.01433900,0.01448100,0.01420400,0.01429000,2053003.19255800
2025-05-17 10:00:00,0.01429000,0.01432000,0.01405800,0.01420200,2132184.87239900
2025-05-17 14:00:00,0.01420200,0.01434400,0.01399200,0.01422500,2163607.26507800
2025-05-17 18:00:00,0.01422500,0.01428200,0.01396800,0.01408400,2358616.28519100
2025-05-17 22:00:00,0.01408400,0.01428300,0.01398200,0.01417800,1771959.15944100
2025-05-18 02:00:00,0.01417800,0.01432100,0.01409000,0.01428800,1441275.10488200
2025-05-18 06:00:00,0.01428800,0.01462200,0.01428700,0.01460400,1753952.74241100
2025-05-18 10:00:00,0.01460400,0.01483700,0.01460000,0.01467700,2308520.58795600
2025-05-18 14:00:00,0.01467700,0.01533400,0.01458400,0.01525600,3959386.60409100
2025-05-18 18:00:00,0.01525600,0.01534800,0.01430800,0.01432500,6229501.89194700
2025-05-18 22:00:00,0.01432500,0.01508000,0.01405800,0.01500000,4120894.64424000
2025-05-19 02:00:00,0.01500000,0.01513300,0.01430100,0.01434000,3328058.67613600
2025-05-19 06:00:00,0.01434000,0.01441900,0.01392800,0.01407900,3778080.38603500
2025-05-19 10:00:00,0.01407900,0.01412000,0.01392100,0.01409300,2390963.06269000
2025-05-19 14:00:00,0.01409300,0.01441500,0.01386400,0.01436500,4250502.51982900
2025-05-19 18:00:00,0.01436500,0.01465600,0.01426200,0.01453800,3864629.88803400
2025-05-19 22:00:00,0.01453800,0.01462200,0.01442600,0.01458400,1856324.19274600
2025-05-20 02:00:00,0.01458400,0.01491500,0.01450100,0.01466200,2708049.71846400
2025-05-20 06:00:00,0.01466200,0.01476100,0.01439400,0.01443100,2307683.87859300
2025-05-20 10:00:00,0.01443100,0.01447400,0.01415000,0.01426400,2569566.65468000
2025-05-20 14:00:00,0.01426400,0.01435200,0.01412900,0.01433100,3088869.77630700
2025-05-20 18:00:00,0.01433100,0.01449000,0.01411800,0.01444100,3048161.10717700
2025-05-20 22:00:00,0.01444100,0.01465400,0.01436000,0.01459900,2460913.31517900
2025-05-21 02:00:00,0.01459900,0.01473600,0.01440000,0.01466500,2075633.02856700
2025-05-21 06:00:00,0.01466500,0.01490300,0.01451000,0.01456400,3476221.05798300
2025-05-21 10:00:00,0.01456400,0.01463700,0.01440100,0.01454200,2260221.46445800
2025-05-21 14:00:00,0.01454200,0.01487300,0.01443800,0.01479700,3477071.25751800
2025-05-21 18:00:00,0.01479700,0.01517000,0.01427600,0.01473000,8991712.24561500
2025-05-21 22:00:00,0.01473000,0.01505900,0.01457000,0.01482500,3704462.93356400
2025-05-22 02:00:00,0.01482500,0.01519100,0.01482000,0.01513700,3935500.53071200
2025-05-22 06:00:00,0.01513700,0.01527600,0.01491600,0.01525300,3693827.32427400
2025-05-22 10:00:00,0.01525300,0.01550800,0.01518200,0.01527500,6270855.82818300
2025-05-22 14:00:00,0.01527500,0.01548400,0.01514200,0.01532800,3551796.29550000
2025-05-22 18:00:00,0.01532800,0.01543200,0.01516600,0.01522200,2383515.20683900
2025-05-22 22:00:00,0.01522200,0.01553400,0.01506500,0.01553400,3396292.97991200
2025-05-23 02:00:00,0.01553400,0.01604800,0.01535700,0.01585700,7088993.43118100
2025-05-23 06:00:00,0.01585700,0.01592800,0.01528500,0.01540200,6163714.00764700
2025-05-23 10:00:00,0.01540200,0.01573300,0.01479900,0.01489900,6643359.37131700
2025-05-23 14:00:00,0.01489900,0.01509500,0.01444500,0.01476500,9333772.88333200
2025-05-23 18:00:00,0.01476500,0.01491600,0.01462800,0.01471800,3200005.95992600
2025-05-23 22:00:00,0.01471800,0.01471800,0.01417200,0.01429400,3224065.74646300
2025-05-24 02:00:00,0.01429400,0.01454700,0.01423000,0.01452000,2224263.55166100
2025-05-24 06:00:00,0.01452000,0.01457200,0.01434500,0.01437800,1434646.32280200
2025-05-24 10:00:00,0.01437800,0.01452700,0.01431000,0.01445600,1940101.14893400
2025-05-24 14:00:00,0.01445600,0.01447600,0.01432700,0.01441200,1695437.10486500
2025-05-24 18:00:00,0.01441200,0.01448600,0.01431600,0.01444300,1123499.35479600
2025-05-24 22:00:00,0.01444300,0.01449000,0.01426200,0.01436800,1789032.89928400
2025-05-25 02:00:00,0.01436800,0.01445600,0.01410000,0.01441200,1964469.00482000
2025-05-25 06:00:00,0.01441200,0.01468000,0.01436900,0.01447900,2059416.53341700
2025-05-25 10:00:00,0.01447900,0.01448000,0.01418200,0.01427500,2615435.68596500
2025-05-25 14:00:00,0.01427500,0.01436600,0.01390900,0.01413200,2468523.61188900
2025-05-25 18:00:00,0.01413200,0.01419900,0.01398100,0.01414300,1409053.28288600
2025-05-25 22:00:00,0.01414300,0.01451600,0.01401200,0.01447000,2005261.52832700
2025-05-26 02:00:00,0.01447000,0.01463800,0.01438500,0.01456100,1543902.70090100
2025-05-26 06:00:00,0.01456100,0.01474600,0.01453600,0.01472200,1664012.23573200
2025-05-26 10:00:00,0.01472200,0.01474700,0.01442400,0.01448900,1598913.69100400
2025-05-26 14:00:00,0.01448900,0.01459100,0.01429300,0.01448900,2253121.82613700
2025-05-26 18:00:00,0.01448900,0.01453200,0.01418600,0.01427800,1794703.83793600
2025-05-26 22:00:00,0.01427800,0.01448000,0.01422600,0.01439900,1128195.32403300
2025-05-27 02:00:00,0.01439900,0.01447000,0.01402900,0.01435600,2189271.84928100
2025-05-27 06:00:00,0.01435600,0.01452800,0.01427600,0.01448300,1452088.44408000
2025-05-27 10:00:00,0.01448300,0.01458700,0.01445000,0.01450400,1569649.69719400
2025-05-27 14:00:00,0.01450400,0.01467200,0.01430900,0.01452700,2808556.22388800
2025-05-27 18:00:00,0.01452700,0.01466000,0.01446600,0.01449300,1829296.31788600
2025-05-27 22:00:00,0.01449300,0.01458400,0.01434700,0.01444900,1183918.95487700
2025-05-28 02:00:00,0.01444900,0.01454000,0.01430900,0.01438400,1289707.95322400
2025-05-28 06:00:00,0.01438400,0.01440900,0.01421000,0.01426800,1136515.27522600
2025-05-28 10:00:00,0.01426800,0.01434700,0.01412100,0.01433700,1529619.31665700
2025-05-28 14:00:00,0.01433700,0.01445200,0.01396800,0.01401000,2626706.20600400
2025-05-28 18:00:00,0.01401000,0.01421900,0.01392100,0.01393700,1731593.57682400
2025-05-28 22:00:00,0.01393700,0.01437500,0.01393600,0.01432100,1575859.14494900
2025-05-29 02:00:00,0.01432100,0.01469100,0.01428800,0.01457600,2923721.46038700
2025-05-29 06:00:00,0.01457600,0.01461600,0.01429700,0.01438900,3014977.31207000
2025-05-29 10:00:00,0.01438900,0.01449200,0.01433600,0.01445700,3692332.82895800
2025-05-29 14:00:00,0.01445700,0.01446100,0.01401400,0.01416700,7968410.91516000
2025-05-29 18:00:00,0.01416700,0.01424400,0.01394800,0.01400200,5960057.02996100
2025-05-29 22:00:00,0.01400200,0.01413300,0.01382300,0.01387800,6149038.56659700
2025-05-30 02:00:00,0.01387800,0.01395700,0.01311400,0.01349700,13534982.60183300
2025-05-30 06:00:00,0.01349700,0.01358600,0.01327400,0.01334400,6126528.92661900
2025-05-30 10:00:00,0.01334400,0.01342000,0.01317300,0.01332100,6936548.44483700
2025-05-30 14:00:00,0.01332100,0.01337600,0.01315100,0.01318200,7391326.82595600
2025-05-30 18:00:00,0.01318200,0.01323800,0.01272200,0.01316600,11407563.54765500
2025-05-30 22:00:00,0.01316600,0.01317800,0.01265500,0.01275300,6996887.05548000
2025-05-31 02:00:00,0.01275300,0.01278900,0.01223800,0.01235700,11468478.21081600
2025-05-31 06:00:00,0.01235700,0.01259800,0.01227300,0.01254700,4814972.35825600
2025-05-31 10:00:00,0.01254700,0.01258100,0.01229300,0.01235900,4575185.55603200
2025-05-31 14:00:00,0.01235900,0.01276900,0.01233900,0.01264900,6295252.79839300
2025-05-31 18:00:00,0.01264900,0.01285600,0.01261300,0.01282400,3807853.61938900
2025-05-31 22:00:00,0.01282400,0.01293200,0.01277600,0.01280300,2894921.94552600
2025-06-01 02:00:00,0.01280300,0.01288600,0.01264400,0.01277800,3159290.63994100
2025-06-01 06:00:00,0.01277800,0.01290700,0.01275600,0.01278200,2341860.24387400
2025-06-01 10:00:00,0.01278200,0.01282400,0.01256200,0.01277700,5034393.73547000
2025-06-01 14:00:00,0.01277700,0.01298500,0.01264900,0.01293300,4055305.48269600
2025-06-01 18:00:00,0.01293300,0.01307500,0.01277800,0.01291800,5783411.70826500
2025-06-01 22:00:00,0.01291800,0.01304900,0.01287400,0.01293900,2788158.18038000
2025-06-02 02:00:00,0.01293900,0.01296200,0.01267900,0.01274000,3419869.41094200
2025-06-02 06:00:00,0.01274000,0.01290200,0.01269400,0.01280800,3173614.58090200
2025-06-02 10:00:00,0.01280800,0.01287400,0.01262300,0.01273400,4693389.30572800
2025-06-02 14:00:00,0.01273400,0.01292700,0.01268200,0.01288500,4532491.19276600
2025-06-02 18:00:00,0.01288500,0.01297700,0.01278600,0.01285000,2891708.71696700
2025-06-02 22:00:00,0.01285000,0.01323300,0.01285100,0.01318900,4448866.94860600
2025-06-03 02:00:00,0.01318900,0.01343600,0.01315600,0.01319800,3930728.37148100
2025-06-03 06:00:00,0.01319800,0.01324600,0.01310700,0.01316000,1968824.03506000
2025-06-03 10:00:00,0.01316000,0.01320700,0.01305000,0.01315300,2478867.85464000
2025-06-03 14:00:00,0.01315300,0.01333300,0.01309400,0.01325600,5015724.31367300
2025-06-03 18:00:00,0.01325600,0.01327500,0.01312700,0.01321300,3071073.65549600
2025-06-03 22:00:00,0.01321300,0.01321800,0.01292000,0.01303200,3384539.90981800
2025-06-04 02:00:00,0.01303200,0.01318200,0.01297200,0.01311800,2397861.15172200
2025-06-04 06:00:00,0.01311800,0.01313800,0.01304200,0.01308800,1991228.30588800
2025-06-04 10:00:00,0.01308800,0.01315000,0.01296500,0.01296900,2357539.16584500
2025-06-04 14:00:00,0.01296900,0.01305900,0.01277900,0.01302900,6042132.08421000
2025-06-04 18:00:00,0.01302900,0.01303500,0.01288500,0.01289100,3173364.32644800
2025-06-04 22:00:00,0.01289100,0.01289300,0.01269200,0.01280100,4008477.65261000
2025-06-05 02:00:00,0.01280100,0.01294000,0.01275700,0.01286400,2139551.23876700
2025-06-05 06:00:00,0.01286400,0.01290900,0.01272100,0.01282600,3089593.84174800
2025-06-05 10:00:00,0.01282600,0.01285700,0.01269800,0.01278900,2215943.91045300
2025-06-05 14:00:00,0.01278900,0.01295500,0.01260200,0.01277200,5423279.19643300
2025-06-05 18:00:00,0.01277200,0.01278900,0.01208800,0.01225400,11605221.13048100
2025-06-05 22:00:00,0.01225400,0.01229600,0.01188500,0.01199900,10327918.55325800
2025-06-06 02:00:00,0.01199900,0.01216100,0.01193400,0.01215900,3569675.29354400
2025-06-06 06:00:00,0.01215900,0.01227400,0.01211900,0.01223200,3308275.89000200
2025-06-06 10:00:00,0.01223200,0.01245100,0.01223400,0.01244900,2694239.15265800
2025-06-06 14:00:00,0.01244900,0.01282400,0.01244900,0.01265400,6171077.22096800
2025-06-06 18:00:00,0.01265400,0.01266700,0.01241600,0.01245100,3952038.69451300
2025-06-06 22:00:00,0.01245100,0.01250600,0.01238400,0.01240700,2150483.86638300
2025-06-07 02:00:00,0.01240700,0.01261900,0.01233200,0.01259900,2851174.66838300
2025-06-07 06:00:00,0.01259900,0.01282900,0.01255600,0.01280600,2956751.27192200
2025-06-07 10:00:00,0.01280600,0.01287700,0.01272000,0.01280400,2431280.95685900
2025-06-07 14:00:00,0.01280400,0.01287700,0.01273800,0.01277300,2710936.27907700
2025-06-07 18:00:00,0.01277300,0.01279300,0.01265600,0.01270100,2658167.04115400
2025-06-07 22:00:00,0.01270100,0.01281300,0.01268600,0.01271800,1804457.37411000
2025-06-08 02:00:00,0.01271800,0.01272700,0.01257300,0.01259100,2720664.72634500
2025-06-08 06:00:00,0.01259100,0.01263900,0.01253300,0.01254900,1471055.96129700
2025-06-08 10:00:00,0.01254900,0.01258600,0.01240700,0.01253900,3066811.36258500
2025-06-08 14:00:00,0.01253900,0.01263900,0.01247600,0.01258300,2558095.83571200
2025-06-08 18:00:00,0.01258300,0.01269200,0.01257100,0.01265600,2638337.71562500
2025-06-08 22:00:00,0.01265600,0.01270600,0.01244800,0.01248900,2497161.81880700
2025-06-09 02:00:00,0.01248900,0.01252900,0.01238500,0.01245400,1999942.23363200
2025-06-09 06:00:00,0.01245400,0.01247500,0.01232300,0.01239300,1642091.48832600
2025-06-09 10:00:00,0.01239300,0.01273900,0.01236100,0.01272200,4649059.73936300
2025-06-09 14:00:00,0.01272200,0.01272800,0.01249200,0.01251000,3887391.85921400
2025-06-09 18:00:00,0.01251000,0.01274200,0.01251200,0.01261300,4542070.06642600
2025-06-09 22:00:00,0.01261300,0.01316100,0.01261300,0.01310700,6502662.66668200
2025-06-10 02:00:00,0.01310700,0.01321700,0.01292400,0.01297300,3999877.98497900
2025-06-10 06:00:00,0.01297300,0.01302400,0.01281400,0.01294100,3536318.33644400
2025-06-10 10:00:00,0.01294100,0.01329000,0.01287200,0.01326000,4670237.80637500
2025-06-10 14:00:00,0.01326000,0.01337400,0.01284100,0.01299900,10757015.45582000
2025-06-10 18:00:00,0.01299900,0.01329500,0.01292000,0.01318600,4714988.65243700
2025-06-10 22:00:00,0.01318600,0.01337900,0.01310700,0.01336600,3961278.51576800
2025-06-11 02:00:00,0.01336600,0.01338400,0.01309300,0.01326400,3108364.91180400
2025-06-11 06:00:00,0.01326400,0.01353200,0.01319100,0.01339900,5619612.10707300
2025-06-11 10:00:00,0.01339900,0.01346600,0.01311200,0.01317200,5739721.28395200
2025-06-11 14:00:00,0.01317200,0.01361200,0.01312600,0.01357500,10516354.07174700
2025-06-11 18:00:00,0.01357500,0.01361300,0.01313400,0.01316600,5751379.98086100
2025-06-11 22:00:00,0.01316600,0.01322300,0.01283800,0.01293700,5194340.53827600
2025-06-12 02:00:00,0.01293700,0.01300100,0.01276700,0.01281500,3320916.82616200
2025-06-12 06:00:00,0.01281500,0.01286600,0.01271600,0.01275400,2885499.73476800
2025-06-12 10:00:00,0.01275400,0.01280000,0.01251700,0.01255600,4938843.28868700
2025-06-12 14:00:00,0.01255600,0.01278200,0.01247200,0.01252200,4766273.14217900
2025-06-12 18:00:00,0.01252200,0.01272800,0.01233400,0.01237700,4376111.11481000
2025-06-12 22:00:00,0.01237700,0.01242100,0.01211800,0.01220200,5980109.45431500
2025-06-13 02:00:00,0.01220200,0.01220400,0.01138800,0.01173300,16595787.98645400
2025-06-13 06:00:00,0.01173300,0.01177500,0.01155200,0.01174100,5309226.34032800
2025-06-13 10:00:00,0.01174100,0.01186500,0.01160400,0.01178900,6250341.19648700
2025-06-13 14:00:00,0.01178900,0.01199500,0.01170400,0.01193800,4230914.28302000
2025-06-13 18:00:00,0.01193800,0.01206200,0.01178200,0.01189800,5295674.91635500
2025-06-13 22:00:00,0.01189800,0.01210300,0.01188000,0.01209700,3592370.03396900
2025-06-14 02:00:00,0.01209700,0.01213900,0.01201200,0.01210700,2410259.52734200
2025-06-14 06:00:00,0.01210700,0.01216200,0.01205300,0.01212800,1847256.66007900
2025-06-14 10:00:00,0.01212800,0.01219400,0.01207100,0.01217800,1780311.18030800
2025-06-14 14:00:00,0.01217800,0.01223200,0.01200300,0.01206700,3376016.84111700
2025-06-14 18:00:00,0.01206700,0.01209500,0.01186600,0.01195300,4736548.75386800
2025-06-14 22:00:00,0.01195300,0.01209500,0.01188600,0.01203300,2455923.47340000
2025-06-15 02:00:00,0.01203300,0.01213500,0.01200700,0.01208300,1987795.94100500
2025-06-15 06:00:00,0.01208300,0.01213500,0.01198100,0.01200200,1734238.78546100
2025-06-15 10:00:00,0.01200200,0.01201500,0.01188100,0.01191600,2452910.30986900
2025-06-15 14:00:00,0.01191600,0.01210500,0.01190000,0.01202700,3365718.17408700
2025-06-15 18:00:00,0.01202700,0.01205300,0.01189100,0.01194500,2873875.84750100
2025-06-15 22:00:00,0.01194500,0.01203600,0.01180000,0.01202900,2924809.68450500
2025-06-16 02:00:00,0.01202900,0.01213800,0.01190200,0.01207700,2454371.29588000
2025-06-16 06:00:00,0.01207700,0.01224500,0.01207000,0.01223100,2806319.45646000
2025-06-16 10:00:00,0.01223100,0.01223900,0.01209600,0.01216800,2436502.49832100
2025-06-16 14:00:00,0.01216800,0.01225700,0.01209500,0.01215900,3994939.33377500
2025-06-16 18:00:00,0.01215900,0.01231200,0.01214000,0.01226900,2714315.18827600
2025-06-16 22:00:00,0.01226900,0.01231500,0.01182900,0.01185700,6151822.10327000
2025-06-17 02:00:00,0.01185700,0.01206900,0.01162200,0.01202300,5518907.15594900
2025-06-17 06:00:00,0.01202300,0.01202600,0.01185600,0.01189500,2333302.71576900
2025-06-17 10:00:00,0.01189500,0.01191000,0.01165900,0.01170100,3401923.48948900
2025-06-17 14:00:00,0.01170100,0.01180900,0.01142100,0.01153700,5707598.39166500
2025-06-17 18:00:00,0.01153700,0.01173300,0.01133300,0.01167500,6442320.01528400
2025-06-17 22:00:00,0.01167500,0.01172300,0.01151300,0.01160100,2488036.99483000
2025-06-18 02:00:00,0.01160100,0.01177000,0.01160100,0.01168500,2286244.04422100
2025-06-18 06:00:00,0.01168500,0.01178400,0.01167100,0.01172900,1589707.98918900
2025-06-18 10:00:00,0.01172900,0.01176000,0.01147000,0.01160800,2842083.59331800
2025-06-18 14:00:00,0.01160800,0.01164200,0.01134300,0.01160100,4693558.95311600
2025-06-18 18:00:00,0.01160100,0.01162600,0.01141600,0.01147800,3538932.80777300
2025-06-18 22:00:00,0.01147800,0.01172500,0.01143500,0.01167500,2787192.28931000
2025-06-19 02:00:00,0.01167500,0.01175900,0.01154200,0.01164000,2285438.40663400
2025-06-19 06:00:00,0.01164000,0.01169700,0.01155300,0.01155700,1606701.44917400
2025-06-19 10:00:00,0.01155700,0.01167300,0.01154400,0.01156500,1771717.98778700
2025-06-19 14:00:00,0.01156500,0.01159500,0.01143800,0.01148900,2448414.39317600
2025-06-19 18:00:00,0.01148900,0.01159700,0.01141900,0.01153000,1967334.05493100
2025-06-19 22:00:00,0.01153000,0.01161400,0.01148300,0.01157400,1609818.43613200
2025-06-20 02:00:00,0.01157400,0.01160800,0.01150700,0.01153700,1293940.59454400
2025-06-20 06:00:00,0.01153700,0.01169500,0.01142800,0.01169100,2432016.49652800
2025-06-20 10:00:00,0.01169100,0.01179300,0.01165500,0.01178200,2585741.13122900
2025-06-20 14:00:00,0.01178200,0.01183300,0.01149800,0.01155500,5058385.02608000
2025-06-20 18:00:00,0.01155500,0.01157400,0.01105300,0.01132400,7352234.98943700
2025-06-20 22:00:00,0.01132400,0.01142300,0.01118900,0.01129800,2686856.56982600
2025-06-21 02:00:00,0.01129800,0.01142500,0.01128100,0.01140700,1815922.88504400
2025-06-21 06:00:00,0.01140700,0.01140900,0.01133200,0.01134900,1046932.47765900
2025-06-21 10:00:00,0.01134900,0.01142100,0.01133300,0.01137000,1514365.42867900
2025-06-21 14:00:00,0.01137000,0.01139400,0.01106200,0.01114900,4065210.33083000
2025-06-21 18:00:00,0.01114900,0.01118900,0.01091700,0.01093100,3866687.29946800
2025-06-21 22:00:00,0.01093100,0.01103800,0.01057600,0.01088600,7506827.45502900
2025-06-22 02:00:00,0.01088600,0.01104500,0.01073200,0.01080300,4164019.28915600
2025-06-22 06:00:00,0.01080300,0.01097300,0.01076400,0.01087400,1867251.54670300
2025-06-22 10:00:00,0.01087400,0.01091900,0.01067900,0.01079400,2575236.61722100
2025-06-22 14:00:00,0.01079400,0.01084500,0.01026700,0.01032600,9746369.03050900
2025-06-22 18:00:00,0.01032600,0.01044700,0.01023000,0.01029200,5112399.75427800
2025-06-22 22:00:00,0.01029200,0.01059900,0.01004100,0.01059100,7516967.73761600
2025-06-23 02:00:00,0.01059100,0.01070500,0.01055900,0.01066200,2878051.55172500
2025-06-23 06:00:00,0.01066200,0.01087200,0.01063900,0.01079900,2489626.04211200
2025-06-23 10:00:00,0.01079900,0.01084100,0.01073300,0.01080200,2286028.79495600
2025-06-23 14:00:00,0.01080200,0.01110100,0.01073900,0.01089200,5900626.07583000
2025-06-23 18:00:00,0.01089200,0.01118400,0.01062400,0.01113500,7742914.90704100
2025-06-23 22:00:00,0.01113500,0.01165900,0.01109800,0.01156500,6732116.18289900
2025-06-24 02:00:00,0.01156500,0.01167900,0.01154000,0.01160100,2550679.94988400
2025-06-24 06:00:00,0.01160100,0.01190400,0.01158700,0.01166600,3760659.56367000
2025-06-24 10:00:00,0.01166600,0.01178500,0.01158800,0.01166700,3126887.14284900
2025-06-24 14:00:00,0.01166700,0.01171600,0.01155100,0.01163400,3576004.94048400
2025-06-24 18:00:00,0.01163400,0.01179600,0.01150300,0.01155500,3365800.86368800
2025-06-24 22:00:00,0.01155500,0.01170000,0.01152300,0.01169900,1606583.65980200
2025-06-25 02:00:00,0.01169900,0.01176800,0.01164200,0.01166300,1859674.94608400
2025-06-25 06:00:00,0.01166300,0.01173500,0.01159800,0.01168900,1471753.80165200
2025-06-25 10:00:00,0.01168900,0.01170900,0.01153200,0.01166000,2664965.15649600
2025-06-25 14:00:00,0.01166000,0.01176800,0.01147400,0.01150600,3862857.12246500
2025-06-25 18:00:00,0.01150600,0.01168800,0.01150200,0.01166100,2425542.80307800
2025-06-25 22:00:00,0.01166100,0.01174200,0.01153600,0.01161100,1758246.54363000
2025-06-26 02:00:00,0.01161100,0.01179100,0.01158400,0.01167500,2709768.43338400
2025-06-26 06:00:00,0.01167500,0.01169500,0.01156800,0.01165900,1811743.90244700
2025-06-26 10:00:00,0.01165900,0.01166700,0.01141700,0.01143300,2623893.16633900
2025-06-26 14:00:00,0.01143300,0.01143900,0.01115600,0.01124900,4518620.48362300
2025-06-26 18:00:00,0.01124900,0.01129800,0.01117300,0.01127000,2150286.72699800
2025-06-26 22:00:00,0.01127000,0.01139900,0.01116700,0.01119700,2799425.90821200
2025-06-27 02:00:00,0.01119700,0.01133000,0.01106600,0.01131900,2450392.67766900
2025-06-27 06:00:00,0.01131900,0.01136800,0.01117200,0.01119400,1703631.38967800
2025-06-27 10:00:00,0.01119400,0.01129600,0.01117800,0.01122400,1871895.05093600
2025-06-27 14:00:00,0.01122400,0.01129000,0.01109000,0.01126600,3078827.53322700
2025-06-27 18:00:00,0.01126600,0.01139400,0.01104300,0.01115400,2837690.07584000
2025-06-27 22:00:00,0.01115400,0.01133200,0.01115100,0.01131900,1488386.10643600
2025-06-28 02:00:00,0.01131900,0.01140600,0.01128100,0.01133600,1581162.41955300
2025-06-28 06:00:00,0.01133600,0.01141300,0.01130900,0.01140900,1211560.23976600
2025-06-28 10:00:00,0.01140900,0.01143800,0.01134100,0.01139600,1610738.07987400
2025-06-28 14:00:00,0.01139600,0.01146500,0.01134100,0.01145100,1273484.54071000
2025-06-28 18:00:00,0.01145100,0.01159700,0.01136200,0.01152900,3487266.37841800
2025-06-28 22:00:00,0.01152900,0.01162200,0.01147400,0.01154900,1613408.33309200
2025-06-29 02:00:00,0.01154900,0.01159200,0.01146100,0.01147000,1282397.30084300
2025-06-29 06:00:00,0.01147000,0.01156200,0.01146500,0.01155900,957252.41190200
2025-06-29 10:00:00,0.01155900,0.01163600,0.01153700,0.01162700,1754294.32682800
2025-06-29 14:00:00,0.01162700,0.01166800,0.01149300,0.01150600,2963362.71657900
2025-06-29 18:00:00,0.01150600,0.01156600,0.01148700,0.01153900,1198426.15395100
2025-06-29 22:00:00,0.01153900,0.01198300,0.01144000,0.01185900,5514570.97303500
2025-06-30 02:00:00,0.01185900,0.01192600,0.01158500,0.01161500,3150490.98358700
2025-06-30 06:00:00,0.01161500,0.01162300,0.01140700,0.01155500,3297159.32872000
2025-06-30 10:00:00,0.01155500,0.01155900,0.01141600,0.01143300,2117091.51414900
2025-06-30 14:00:00,0.01143300,0.01149400,0.01125000,0.01140900,5755454.03577100
2025-06-30 18:00:00,0.01140900,0.01160200,0.01137500,0.01158900,4022323.03555300
2025-06-30 22:00:00,0.01158900,0.01162400,0.01138900,0.01141900,2362355.80313500
2025-07-01 02:00:00,0.01141900,0.01150400,0.01135700,0.01141200,2276495.38588500
2025-07-01 06:00:00,0.01141200,0.01141200,0.01124200,0.01134500,2760909.13605500
2025-07-01 10:00:00,0.01134500,0.01134500,0.01120900,0.01125400,1976558.06402400
2025-07-01 14:00:00,0.01125400,0.01130300,0.01114900,0.01116900,3015007.01754800
2025-07-01 18:00:00,0.01116900,0.01121900,0.01110300,0.01110900,2145263.25177500
2025-07-01 22:00:00,0.01110900,0.01120800,0.01106900,0.01118500,1839073.01619000
2025-07-02 02:00:00,0.01118500,0.01132500,0.01113000,0.01129500,1891452.03122400
2025-07-02 06:00:00,0.01129500,0.01143300,0.01127900,0.01136300,1965113.82985400
2025-07-02 10:00:00,0.01136300,0.01141800,0.01131400,0.01134200,1862822.46266200
2025-07-02 14:00:00,0.01134200,0.01163800,0.01129600,0.01160800,3202351.12027300
2025-07-02 18:00:00,0.01160800,0.01199100,0.01160800,0.01187200,8097982.42640200
2025-07-02 22:00:00,0.01187200,0.01198600,0.01177300,0.01179800,3062192.04224200
2025-07-03 02:00:00,0.01179800,0.01193900,0.01176100,0.01185400,2138517.87112400
2025-07-03 06:00:00,0.01185400,0.01213600,0.01183800,0.01210100,4494903.70129300
2025-07-03 10:00:00,0.01210100,0.01214200,0.01190800,0.01193900,3439190.02939900
2025-07-03 14:00:00,0.01193900,0.01205300,0.01170800,0.01172700,8398736.91588700
2025-07-03 18:00:00,0.01172700,0.01189100,0.01172000,0.01187600,2256644.69118800
2025-07-03 22:00:00,0.01187600,0.01194400,0.01186400,0.01188600,1548488.37839700
2025-07-04 02:00:00,0.01188600,0.01199100,0.01178300,0.01182900,2348035.26490400
2025-07-04 06:00:00,0.01182900,0.01184600,0.01155500,0.01155900,3217132.03425400
2025-07-04 10:00:00,0.01155900,0.01163600,0.01147800,0.01157400,2856542.24569800
2025-07-04 14:00:00,0.01157400,0.01162900,0.01130900,0.01133100,4268321.23008900
2025-07-04 18:00:00,0.01133100,0.01135800,0.01120300,0.01128400,4180238.74799600
2025-07-04 22:00:00,0.01128400,0.01147100,0.01126800,0.01142700,3202149.76088500
2025-07-05 02:00:00,0.01142700,0.01154900,0.01138700,0.01153800,1636835.28886500
2025-07-05 06:00:00,0.01153800,0.01158000,0.01145900,0.01150000,1945182.99155600
2025-07-05 10:00:00,0.01150000,0.01151700,0.01142800,0.01144800,1640195.03559400
2025-07-05 14:00:00,0.01144800,0.01147500,0.01138600,0.01146200,1515337.84455100
2025-07-05 18:00:00,0.01146200,0.01149800,0.01133500,0.01140600,1999550.43814600
2025-07-05 22:00:00,0.01140600,0.01148300,0.01137800,0.01145600,1233680.71413800
2025-07-06 02:00:00,0.01145600,0.01145700,0.01136300,0.01139800,1086980.15292900
2025-07-06 06:00:00,0.01139800,0.01155900,0.01137500,0.01150500,1897810.72095100
2025-07-06 10:00:00,0.01150500,0.01158700,0.01145700,0.01158500,2614609.05324400
2025-07-06 14:00:00,0.01158500,0.01191500,0.01158000,0.01182700,7073993.05813000
2025-07-06 18:00:00,0.01182700,0.01188400,0.01164700,0.01177100,4549365.32251900
2025-07-06 22:00:00,0.01177100,0.01195900,0.01174800,0.01182200,4045716.39956900
2025-07-07 02:00:00,0.01182200,0.01193500,0.01172500,0.01184700,2527796.06180600
2025-07-07 06:00:00,0.01184700,0.01186400,0.01170500,0.01181400,2405003.87857400
2025-07-07 10:00:00,0.01181400,0.01181300,0.01169700,0.01171900,1973661.72807400
2025-07-07 14:00:00,0.01171900,0.01174900,0.01158300,0.01161000,4107511.93538700
2025-07-07 18:00:00,0.01161000,0.01162500,0.01144500,0.01157800,4720687.29046900
2025-07-07 22:00:00,0.01157800,0.01162400,0.01146000,0.01161600,1766473.75592600
2025-07-08 02:00:00,0.01161600,0.01166900,0.01152800,0.01160500,1781746.88650000
2025-07-08 06:00:00,0.01160500,0.01181100,0.01156700,0.01178900,3244970.03887500
2025-07-08 10:00:00,0.01178900,0.01190000,0.01170000,0.01184300,3492119.96426900
2025-07-08 14:00:00,0.01184300,0.01188400,0.01172700,0.01177200,3834695.47523500
2025-07-08 18:00:00,0.01177200,0.01196500,0.01173800,0.01188700,3147604.48103100
2025-07-08 22:00:00,0.01188700,0.01189300,0.01178300,0.01185100,1578947.38324800
2025-07-09 02:00:00,0.01185100,0.01186800,0.01176300,0.01180500,1774552.15914600
2025-07-09 06:00:00,0.01180500,0.01194600,0.01178700,0.01194400,2104384.61137200
2025-07-09 10:00:00,0.01194400,0.01205100,0.01191200,0.01201900,3075320.98848200
2025-07-09 14:00:00,0.01201900,0.01216200,0.01196800,0.01206900,6623166.86284000
2025-07-09 18:00:00,0.01206900,0.01241700,0.01206500,0.01239800,6650535.91057900
2025-07-09 22:00:00,0.01239800,0.01255200,0.01226400,0.01238200,6415786.46573600
2025-07-10 02:00:00,0.01238200,0.01250200,0.01229700,0.01246100,3103179.78505300
2025-07-10 06:00:00,0.01246100,0.01252200,0.01238700,0.01247700,2854029.07010000
2025-07-10 10:00:00,0.01247700,0.01271800,0.01246100,0.01248300,6088841.49686400
2025-07-10 14:00:00,0.01248300,0.01252300,0.01234500,0.01244200,4995387.39949300
2025-07-10 18:00:00,0.01244200,0.01289700,0.01241700,0.01278200,7111616.83154700
2025-07-10 22:00:00,0.01278200,0.01343100,0.01277900,0.01334600,8300226.77507000
2025-07-11 02:00:00,0.01334600,0.01361800,0.01308000,0.01350600,6618513.45115500
2025-07-11 06:00:00,0.01350600,0.01367200,0.01326100,0.01327100,7611339.54461500
2025-07-11 10:00:00,0.01327100,0.01356700,0.01326900,0.01347200,4102810.67861500
2025-07-11 14:00:00,0.01347200,0.01387600,0.01335600,0.01341900,11012737.52910400
2025-07-11 18:00:00,0.01341900,0.01387400,0.01329500,0.01381300,9242707.46878100
2025-07-11 22:00:00,0.01381300,0.01384900,0.01306000,0.01330700,8659803.10781100
2025-07-12 02:00:00,0.01330700,0.01350200,0.01306000,0.01344900,4599024.13793100
2025-07-12 06:00:00,0.01344900,0.01347400,0.01313400,0.01334600,3654967.56964200
2025-07-12 10:00:00,0.01334600,0.01353900,0.01330300,0.01341500,3474114.51744000
2025-07-12 14:00:00,0.01341500,0.01347100,0.01282000,0.01292500,13218325.02713400
2025-07-12 18:00:00,0.01292500,0.01323800,0.01284900,0.01321500,3063884.40162400
2025-07-12 22:00:00,0.01321500,0.01323000,0.01300900,0.01319600,3096063.90976300
2025-07-13 02:00:00,0.01319600,0.01327100,0.01311300,0.01316500,2686738.19453700
2025-07-13 06:00:00,0.01316500,0.01328800,0.01311000,0.01324900,2650213.55764800
2025-07-13 10:00:00,0.01324900,0.01332300,0.01309100,0.01331800,2494229.09092200
2025-07-13 14:00:00,0.01331800,0.01347200,0.01321300,0.01329600,7873957.17839500
2025-07-13 18:00:00,0.01329600,0.01349800,0.01319800,0.01335300,4463893.25941200
2025-07-13 22:00:00,0.01335300,0.01343300,0.01307800,0.01329700,3959678.84433200
2025-07-14 02:00:00,0.01329700,0.01379300,0.01326200,0.01367800,5649586.44457000
2025-07-14 06:00:00,0.01367800,0.01415500,0.01364700,0.01387500,9834308.82978300
2025-07-14 10:00:00,0.01387500,0.01393700,0.01365600,0.01375500,5760733.70809000
2025-07-14 14:00:00,0.01375500,0.01383500,0.01328200,0.01337100,7599810.51338500
2025-07-14 18:00:00,0.01337100,0.01347000,0.01320800,0.01327400,4456308.82995800
2025-07-14 22:00:00,0.01327400,0.01332500,0.01311800,0.01325400,3248493.10148100
2025-07-15 02:00:00,0.01325400,0.01331400,0.01280300,0.01288900,6340405.28148500
2025-07-15 06:00:00,0.01288900,0.01305300,0.01275600,0.01292100,4243303.83209000
2025-07-15 10:00:00,0.01292100,0.01303700,0.01282900,0.01297900,3125010.22499600
2025-07-15 14:00:00,0.01297900,0.01328800,0.01290100,0.01323300,8459974.98689400
2025-07-15 18:00:00,0.01323300,0.01382200,0.01323000,0.01336700,12066997.27122500
2025-07-15 22:00:00,0.01336700,0.01374800,0.01331700,0.01374500,4776903.43057900
2025-07-16 02:00:00,0.01374500,0.01382400,0.01346100,0.01359700,4597361.11541300
2025-07-16 06:00:00,0.01359700,0.01374900,0.01348200,0.01371600,2539678.45228700
2025-07-16 10:00:00,0.01371600,0.01387400,0.01366300,0.01381700,4189040.88236900
2025-07-16 14:00:00,0.01381700,0.01408200,0.01374200,0.01393700,10017186.41961100
2025-07-16 18:00:00,0.01393700,0.01445500,0.01391700,0.01434000,10704974.89076300
2025-07-16 22:00:00,0.01434000,0.01484800,0.01433300,0.01437300,9432519.25020600
2025-07-17 02:00:00,0.01437300,0.01474100,0.01413600,0.01429400,9713061.53302100
2025-07-17 06:00:00,0.01429400,0.01460300,0.01425300,0.01440700,7199181.42104800
2025-07-17 10:00:00,0.01440700,0.01457600,0.01431800,0.01445900,7848557.36661100
2025-07-17 14:00:00,0.01445900,0.01454500,0.01406800,0.01436200,8939734.77271500
2025-07-17 18:00:00,0.01436200,0.01440400,0.01397700,0.01406000,7792825.31753900
2025-07-17 22:00:00,0.01406000,0.01466600,0.01388400,0.01447000,8617914.63486800
2025-07-18 02:00:00,0.01447000,0.01528400,0.01433400,0.01522800,13907779.82266300
2025-07-18 06:00:00,0.01522800,0.01599900,0.01506300,0.01523900,15808324.19513200
2025-07-18 10:00:00,0.01523900,0.01542200,0.01478500,0.01489400,11291081.05057600
2025-07-18 14:00:00,0.01489400,0.01551200,0.01458800,0.01475600,17611058.87041300
2025-07-18 18:00:00,0.01475600,0.01500600,0.01454100,0.01467700,7155100.26488600
2025-07-18 22:00:00,0.01467700,0.01475700,0.01422700,0.01466900,9655561.96148000
2025-07-19 02:00:00,0.01466900,0.01518500,0.01430800,0.01508700,9492278.39283500
2025-07-19 06:00:00,0.01508700,0.01535700,0.01492000,0.01513100,9264883.21470600
2025-07-19 10:00:00,0.01513100,0.01534400,0.01477900,0.01480200,11398634.52062800
2025-07-19 14:00:00,0.01480200,0.01492800,0.01447800,0.01463200,7407279.27975800
2025-07-19 18:00:00,0.01463200,0.01498800,0.01454600,0.01497000,4673441.44820900
2025-07-19 22:00:00,0.01497000,0.01499700,0.01468300,0.01488800,4064213.55184000
2025-07-20 02:00:00,0.01488800,0.01522100,0.01478300,0.01509700,7186946.49992000
2025-07-20 06:00:00,0.01509700,0.01514800,0.01498100,0.01501500,4075862.71778100
2025-07-20 10:00:00,0.01501500,0.01522400,0.01501500,0.01511700,6476167.38485400
2025-07-20 14:00:00,0.01511700,0.01535100,0.01504200,0.01533800,5590778.90306500
2025-07-20 18:00:00,0.01533800,0.01584100,0.01524800,0.01571300,17505939.66803200
2025-07-20 22:00:00,0.01571300,0.01575400,0.01508500,0.01551300,11737150.18074400
2025-07-21 02:00:00,0.01551300,0.01567900,0.01509200,0.01558800,9383344.98109700
2025-07-21 06:00:00,0.01558800,0.01588900,0.01538100,0.01584500,8327994.67003100
2025-07-21 10:00:00,0.01584500,0.01590700,0.01547500,0.01562200,8194797.38282500
2025-07-21 14:00:00,0.01562200,0.01598300,0.01548800,0.01583500,14132129.99844500
2025-07-21 18:00:00,0.01583500,0.01586500,0.01516700,0.01524200,13225678.37200200
2025-07-21 22:00:00,0.01524200,0.01555900,0.01518600,0.01547900,5721746.67795800
2025-07-22 02:00:00,0.01547900,0.01567600,0.01502300,0.01526400,13159585.20063100
2025-07-22 06:00:00,0.01526400,0.01529700,0.01480100,0.01508800,12954036.65069000
2025-07-22 10:00:00,0.01508800,0.01519500,0.01472500,0.01515600,8106035.59860600
2025-07-22 14:00:00,0.01515600,0.01533400,0.01477200,0.01522800,11660027.54336000
2025-07-22 18:00:00,0.01522800,0.01537700,0.01495500,0.01502100,7220517.11190000
2025-07-22 22:00:00,0.01502100,0.01553000,0.01497500,0.01547300,5515942.38755200
2025-07-23 02:00:00,0.01547300,0.01547900,0.01514200,0.01518300,5948130.90111900
2025-07-23 06:00:00,0.01518300,0.01530300,0.01493200,0.01497700,4450206.83075300
2025-07-23 10:00:00,0.01497700,0.01507900,0.01470400,0.01479900,5390820.70445600
2025-07-23 14:00:00,0.01479900,0.01482400,0.01390900,0.01427300,19041432.41936600
2025-07-23 18:00:00,0.01427300,0.01427200,0.01369300,0.01390700,10305875.66790400
2025-07-23 22:00:00,0.01390700,0.01400500,0.01340100,0.01384700,11180694.69692400
2025-07-24 02:00:00,0.01384700,0.01404700,0.01373300,0.01386500,5345753.03497500
2025-07-24 06:00:00,0.01386500,0.01393200,0.01296700,0.01339800,15215072.57685000
2025-07-24 10:00:00,0.01339800,0.01375900,0.01333600,0.01371200,7212109.28739900
2025-07-24 14:00:00,0.01371200,0.01401500,0.01342700,0.01386900,10287817.83965400
2025-07-24 18:00:00,0.01386900,0.01397300,0.01356400,0.01378800,7244458.18553700
2025-07-24 22:00:00,0.01378800,0.01392800,0.01354100,0.01360900,4261499.08191400
2025-07-25 02:00:00,0.01360900,0.01361400,0.01310800,0.01325400,8332522.24750100
2025-07-25 06:00:00,0.01325400,0.01348700,0.01310600,0.01333200,6656387.91733200
2025-07-25 10:00:00,0.01333200,0.01373100,0.01328300,0.01366000,6349110.49504800
2025-07-25 14:00:00,0.01366000,0.01378600,0.01322700,0.01341600,8338846.95583200
2025-07-25 18:00:00,0.01341600,0.01371800,0.01335500,0.01363300,4287028.93282500
2025-07-25 22:00:00,0.01363300,0.01410800,0.01361700,0.01407900,4586109.04901700
2025-07-26 02:00:00,0.01407900,0.01408600,0.01390600,0.01404300,3707783.03643900
2025-07-26 06:00:00,0.01404300,0.01410200,0.01401100,0.01403700,1807947.98783000
2025-07-26 10:00:00,0.01403700,0.01420400,0.01401900,0.01403900,4148579.33035200
2025-07-26 14:00:00,0.01403900,0.01409800,0.01397000,0.01407800,2757461.56655400
2025-07-26 18:00:00,0.01407800,0.01416500,0.01393600,0.01414100,2489829.27222300
2025-07-26 22:00:00,0.01414100,0.01416000,0.01394800,0.01396700,2202891.80522000
2025-07-27 02:00:00,0.01396700,0.01413500,0.01394400,0.01407400,1670693.24742900
2025-07-27 06:00:00,0.01407400,0.01418700,0.01402600,0.01404200,2000551.88076100
2025-07-27 10:00:00,0.01404200,0.01411400,0.01391200,0.01398600,3026529.44641700
2025-07-27 14:00:00,0.01398600,0.01409300,0.01388800,0.01400400,2443691.45122100
2025-07-27 18:00:00,0.01400400,0.01419300,0.01400300,0.01403200,3358832.77276400
2025-07-27 22:00:00,0.01403200,0.01427500,0.01400700,0.01415900,3124730.62640100
2025-07-28 02:00:00,0.01415900,0.01427700,0.01396400,0.01415600,4596228.87869200
2025-07-28 06:00:00,0.01415600,0.01437300,0.01408400,0.01418300,5090271.90525800
2025-07-28 10:00:00,0.01418300,0.01422200,0.01400700,0.01409400,3719902.85466000
2025-07-28 14:00:00,0.01409400,0.01419300,0.01354700,0.01362300,8649653.80366300
2025-07-28 18:00:00,0.01362300,0.01372800,0.01332600,0.01343400,6337495.22220200
2025-07-28 22:00:00,0.01343400,0.01345800,0.01324900,0.01334600,4093821.38170600
2025-07-29 02:00:00,0.01334600,0.01345900,0.01316700,0.01339000,3912115.66072300
2025-07-29 06:00:00,0.01339000,0.01366600,0.01330700,0.01363900,3286419.35674600
2025-07-29 10:00:00,0.01363900,0.01365300,0.01324700,0.01332800,3300665.35398700
2025-07-29 14:00:00,0.01332800,0.01345600,0.01300800,0.01307800,7165602.87958500
2025-07-29 18:00:00,0.01307800,0.01318900,0.01292000,0.01301300,3810528.52693600
2025-07-29 22:00:00,0.01301300,0.01314900,0.01288600,0.01311800,3199815.94937300
2025-07-30 02:00:00,0.01311800,0.01317800,0.01292900,0.01308900,2418317.89606100
2025-07-30 06:00:00,0.01308900,0.01313400,0.01293500,0.01298900,2005996.94925900
2025-07-30 10:00:00,0.01298900,0.01306500,0.01263700,0.01270200,5080756.43138500
2025-07-30 14:00:00,0.01270200,0.01302300,0.01261200,0.01292000,4880110.80031100
2025-07-30 18:00:00,0.01292000,0.01303100,0.01227800,0.01276700,8320134.06748100
2025-07-30 22:00:00,0.01276700,0.01288500,0.01263900,0.01285600,3171452.21563800
2025-07-31 02:00:00,0.01285600,0.01308200,0.01284300,0.01304800,2152922.99974500
2025-07-31 06:00:00,0.01304800,0.01310700,0.01301900,0.01305300,1567138.26393400
2025-07-31 10:00:00,0.01305300,0.01316600,0.01297200,0.01300500,1917618.86342000
2025-07-31 14:00:00,0.01300500,0.01302200,0.01263100,0.01282600,4646614.55005300
2025-07-31 18:00:00,0.01282600,0.01300900,0.01266500,0.01268900,4124705.57093600
2025-07-31 22:00:00,0.01268900,0.01271200,0.01237500,0.01243800,3835367.28009700
2025-08-01 02:00:00,0.01243800,0.01249400,0.01206200,0.01242700,6492282.69735300
2025-08-01 06:00:00,0.01242700,0.01242600,0.01213300,0.01219400,3828516.40189200
2025-08-01 10:00:00,0.01219400,0.01223500,0.01192600,0.01222600,6585936.90480400
2025-08-01 14:00:00,0.01222600,0.01240600,0.01196500,0.01234100,7274117.38561900
2025-08-01 18:00:00,0.01234100,0.01242200,0.01202500,0.01228800,5164789.01278900
2025-08-01 22:00:00,0.01228800,0.01231600,0.01172700,0.01205200,7329004.59994400
2025-08-02 02:00:00,0.01205200,0.01221500,0.01202800,0.01218700,2088212.25030800
2025-08-02 06:00:00,0.01218700,0.01225600,0.01193300,0.01219700,2970811.76960900
2025-08-02 10:00:00,0.01219700,0.01221800,0.01196900,0.01209200,2541975.18363400
2025-08-02 14:00:00,0.01209200,0.01214900,0.01183500,0.01187900,3428204.41011900
2025-08-02 18:00:00,0.01187900,0.01197900,0.01159600,0.01174300,5596372.92808300
2025-08-02 22:00:00,0.01174300,0.01194700,0.01172400,0.01182200,2821521.22040300
2025-08-03 02:00:00,0.01182200,0.01203100,0.01164700,0.01200000,2718752.68996400
2025-08-03 06:00:00,0.01200000,0.01207600,0.01192800,0.01206200,1506719.63818300
2025-08-03 10:00:00,0.01206200,0.01221500,0.01204100,0.01217400,2081402.66781800
2025-08-03 14:00:00,0.01217400,0.01221400,0.01210100,0.01221100,2027254.43094100
2025-08-03 18:00:00,0.01221100,0.01225100,0.01215700,0.01218600,1783425.96841800
2025-08-03 22:00:00,0.01218600,0.01224200,0.01214700,0.01218900,1077130.32037400
2025-08-04 02:00:00,0.01218900,0.01241900,0.01218500,0.01228900,2998067.92577100
2025-08-04 06:00:00,0.01228900,0.01235700,0.01221100,0.01233500,1905369.52166500
2025-08-04 10:00:00,0.01233500,0.01236300,0.01221200,0.01223000,2525589.95916900
2025-08-04 14:00:00,0.01223000,0.01244900,0.01220600,0.01232100,5196217.90978100
2025-08-04 18:00:00,0.01232100,0.01255900,0.01230500,0.01234200,3421780.17094100
2025-08-04 22:00:00,0.01234200,0.01253800,0.01232600,0.01251100,1817332.30477200
2025-08-05 02:00:00,0.01251100,0.01257400,0.01231800,0.01232100,2466920.07715900
2025-08-05 06:00:00,0.01232100,0.01240400,0.01211000,0.01214500,3127056.67480300
2025-08-05 10:00:00,0.01214500,0.01240600,0.01206700,0.01235200,3927060.82561500
2025-08-05 14:00:00,0.01235200,0.01236700,0.01187300,0.01192300,6709035.49887400
2025-08-05 18:00:00,0.01192300,0.01206900,0.01190200,0.01193300,3292052.10490400
2025-08-05 22:00:00,0.01193300,0.01210700,0.01184800,0.01207800,2038701.31360500
2025-08-06 02:00:00,0.01207800,0.01208100,0.01189400,0.01191900,1996360.38960500
2025-08-06 06:00:00,0.01191900,0.01217700,0.01187600,0.01217700,3101783.78117100
2025-08-06 10:00:00,0.01217700,0.01221100,0.01207200,0.01213400,2687977.54325700
2025-08-06 14:00:00,0.01213400,0.01237400,0.01203200,0.01235900,4046189.14529100
2025-08-06 18:00:00,0.01235900,0.01243800,0.01226500,0.01235300,2459214.34074500
2025-08-06 22:00:00,0.01235300,0.01236700,0.01229500,0.01232800,1305399.66136500
2025-08-07 02:00:00,0.01232800,0.01242200,0.01227500,0.01228400,1873823.11613300
2025-08-07 06:00:00,0.01228400,0.01241100,0.01227600,0.01237800,1997485.61246100
2025-08-07 10:00:00,0.01237800,0.01268400,0.01233100,0.01267400,4531670.76221500
2025-08-07 14:00:00,0.01267400,0.01271000,0.01255400,0.01261700,3178054.08840700
2025-08-07 18:00:00,0.01261700,0.01266400,0.01236600,0.01265900,3671913.56752900
2025-08-07 22:00:00,0.01265900,0.01288100,0.01264400,0.01287200,3598954.47065000
2025-08-08 02:00:00,0.01287200,0.01306500,0.01269300,0.01285100,13978269.89472700
2025-08-08 06:00:00,0.01285100,0.01295300,0.01271700,0.01291800,2996438.06703200
2025-08-08 10:00:00,0.01291800,0.01299700,0.01283800,0.01294800,2887604.72795000
2025-08-08 14:00:00,0.01294800,0.01316000,0.01274100,0.01284600,5958862.17885900
2025-08-08 18:00:00,0.01284600,0.01330800,0.01284300,0.01326300,5525820.86495900
2025-08-08 22:00:00,0.01326300,0.01332100,0.01317000,0.01324500,2678351.60140400
2025-08-09 02:00:00,0.01324500,0.01330900,0.01318700,0.01320900,1964684.51213600
2025-08-09 06:00:00,0.01320900,0.01355500,0.01317100,0.01352700,4678415.59796200
2025-08-09 10:00:00,0.01352700,0.01376700,0.01351400,0.01372000,4143632.95251200
2025-08-09 14:00:00,0.01372000,0.01406000,0.01363200,0.01382200,8034843.02160700
2025-08-09 18:00:00,0.01382200,0.01390700,0.01373500,0.01386100,3420190.40277600
2025-08-09 22:00:00,0.01386100,0.01397600,0.01368900,0.01372400,5101465.86591500
2025-08-10 02:00:00,0.01372400,0.01395700,0.01369900,0.01392100,4380211.97775300
2025-08-10 06:00:00,0.01392100,0.01399800,0.01341900,0.01343500,4824865.84851000
2025-08-10 10:00:00,0.01343500,0.01351700,0.01329300,0.01332400,4097298.70450200
2025-08-10 14:00:00,0.01332400,0.01358900,0.01325700,0.01351100,3581533.30839300
2025-08-10 18:00:00,0.01351100,0.01369400,0.01349100,0.01367500,2397078.57479400
2025-08-10 22:00:00,0.01367500,0.01369300,0.01341600,0.01356800,2927319.20133900
2025-08-11 02:00:00,0.01356800,0.01392000,0.01348900,0.01382400,3835136.90466700
2025-08-11 06:00:00,0.01382400,0.01390100,0.01350400,0.01352400,3350543.33319900
2025-08-11 10:00:00,0.01352400,0.01361500,0.01309200,0.01313900,6017423.70935200
2025-08-11 14:00:00,0.01313900,0.01332600,0.01297800,0.01323500,8452297.09229800
2025-08-11 18:00:00,0.01323500,0.01341700,0.01302000,0.01309800,5076040.44030400
2025-08-11 22:00:00,0.01309800,0.01312100,0.01281400,0.01291500,4410589.45157000
2025-08-12 02:00:00,0.01291500,0.01316500,0.01289200,0.01301300,2727132.60203800
2025-08-12 06:00:00,0.01301300,0.01310900,0.01283400,0.01304500,2760395.68631200
2025-08-12 10:00:00,0.01304500,0.01304700,0.01270100,0.01286300,3686827.84308900
2025-08-12 14:00:00,0.01286300,0.01343300,0.01280400,0.01341800,7038461.40892600
2025-08-12 18:00:00,0.01341800,0.01364800,0.01333300,0.01363200,5742210.25607000
2025-08-12 22:00:00,0.01363200,0.01375100,0.01351200,0.01354400,4064610.46352700
2025-08-13 02:00:00,0.01354400,0.01372200,0.01340400,0.01364500,4107908.03254800
2025-08-13 06:00:00,0.01364500,0.01377900,0.01346600,0.01377900,4141135.04969600
2025-08-13 10:00:00,0.01377900,0.01403400,0.01377200,0.01387500,7404602.52935000
2025-08-13 14:00:00,0.01387500,0.01398000,0.01359000,0.01375800,7814173.25465100
2025-08-13 18:00:00,0.01375800,0.01390800,0.01371200,0.01389500,3957508.05672600
2025-08-13 22:00:00,0.01389500,0.01402700,0.01379800,0.01391900,2879238.11636000
2025-08-14 02:00:00,0.01391900,0.01419600,0.01381200,0.01412800,5803384.14110300
2025-08-14 06:00:00,0.01412800,0.01420200,0.01369100,0.01380400,5756925.85217800
2025-08-14 10:00:00,0.01380400,0.01381100,0.01348300,0.01359500,4779719.67328700
2025-08-14 14:00:00,0.01359500,0.01364500,0.01274200,0.01299500,16261262.42593000
2025-08-14 18:00:00,0.01299500,0.01299500,0.01267200,0.01282900,6084921.93413500
2025-08-14 22:00:00,0.01282900,0.01290700,0.01261700,0.01287900,3936235.63393200
2025-08-15 02:00:00,0.01287900,0.01303000,0.01280300,0.01300900,3321387.81303300
2025-08-15 06:00:00,0.01300900,0.01314400,0.01294100,0.01304600,3192475.90119200
2025-08-15 10:00:00,0.01304600,0.01309800,0.01290000,0.01294500,2980153.10147400
2025-08-15 14:00:00,0.01294500,0.01306900,0.01250400,0.01259800,9203187.51397400
2025-08-15 18:00:00,0.01259800,0.01279200,0.01249400,0.01265600,5489580.75404800
2025-08-15 22:00:00,0.01265600,0.01294100,0.01261900,0.01285500,2939085.58391500
2025-08-16 02:00:00,0.01285500,0.01301900,0.01283000,0.01293700,2249178.51964300
2025-08-16 06:00:00,0.01293700,0.01302400,0.01289200,0.01299200,1856725.24792800
2025-08-16 10:00:00,0.01299200,0.01304400,0.01279700,0.01280700,3552171.61782600
2025-08-16 14:00:00,0.01280700,0.01301200,0.01277500,0.01297800,2611635.61903400
2025-08-16 18:00:00,0.01297800,0.01302500,0.01291300,0.01293800,1292569.24507200
2025-08-16 22:00:00,0.01293800,0.01300900,0.01291200,0.01297600,1010197.04852500
2025-08-17 02:00:00,0.01297600,0.01305700,0.01290100,0.01302800,1246092.69508600
2025-08-17 06:00:00,0.01302800,0.01313800,0.01302100,0.01312700,1360109.13280600
2025-08-17 10:00:00,0.01312700,0.01319500,0.01309900,0.01318200,1332594.81542500
2025-08-17 14:00:00,0.01318200,0.01333300,0.01309100,0.01333000,1639578.85483200
2025-08-17 18:00:00,0.01333000,0.01338200,0.01298000,0.01302900,3346897.59866700
2025-08-17 22:00:00,0.01302900,0.01316300,0.01300400,0.01301300,1290488.46838100
2025-08-18 02:00:00,0.01301300,0.01302900,0.01250100,0.01262700,4571820.63054700
2025-08-18 06:00:00,0.01262700,0.01273000,0.01243600,0.01252300,2522138.97996800
2025-08-18 10:00:00,0.01252300,0.01260400,0.01245300,0.01254000,2322278.68224000
2025-08-18 14:00:00,0.01254000,0.01270200,0.01249200,0.01266500,2700472.55091900
2025-08-18 18:00:00,0.01266500,0.01278400,0.01257100,0.01272200,2204597.34180400
2025-08-18 22:00:00,0.01272200,0.01286400,0.01264700,0.01270600,1761581.40281500
2025-08-19 02:00:00,0.01270600,0.01280800,0.01238100,0.01240800,2817670.05636300
2025-08-19 06:00:00,0.01240800,0.01257900,0.01231500,0.01248900,2552313.00223800
2025-08-19 10:00:00,0.01248900,0.01264700,0.01240600,0.01262400,1582062.14788100
2025-08-19 14:00:00,0.01262400,0.01265200,0.01226400,0.01229000,3976167.04321500
2025-08-19 18:00:00,0.01229000,0.01230400,0.01206800,0.01216600,3513775.48611500
2025-08-19 22:00:00,0.01216600,0.01228100,0.01205700,0.01208800,1493411.07497400
2025-08-20 02:00:00,0.01208800,0.01228000,0.01203600,0.01221300,2294086.88025600
2025-08-20 06:00:00,0.01221300,0.01229400,0.01221100,0.01222100,1314201.90881000
2025-08-20 10:00:00,0.01222100,0.01236200,0.01216500,0.01230300,2049274.44034500
2025-08-20 14:00:00,0.01230300,0.01246500,0.01202200,0.01235400,4304433.78131300
2025-08-20 18:00:00,0.01235400,0.01262200,0.01235100,0.01261200,2580029.04744200
2025-08-20 22:00:00,0.01261200,0.01263200,0.01253100,0.01257400,1568686.56656300
2025-08-21 02:00:00,0.01257400,0.01271600,0.01251700,0.01257400,1613213.50285900
2025-08-21 06:00:00,0.01257400,0.01264300,0.01246500,0.01254900,1307634.88813000
2025-08-21 10:00:00,0.01254900,0.01256500,0.01238600,0.01241800,1251341.77120800
2025-08-21 14:00:00,0.01241800,0.01254300,0.01229000,0.01232200,2707596.18654700
2025-08-21 18:00:00,0.01232200,0.01245500,0.01225700,0.01234300,2082805.15330800
2025-08-21 22:00:00,0.01234300,0.01245900,0.01229300,0.01237000,1006806.93438600
2025-08-22 02:00:00,0.01237000,0.01252200,0.01231300,0.01236300,1211130.89588000
2025-08-22 06:00:00,0.01236300,0.01246300,0.01233100,0.01243600,1097384.43422300
2025-08-22 10:00:00,0.01243600,0.01247100,0.01220700,0.01221100,1340269.27326100
2025-08-22 14:00:00,0.01221100,0.01296100,0.01200900,0.01284100,10040470.01245900
2025-08-22 18:00:00,0.01284100,0.01338500,0.01284200,0.01334900,6557335.02415000
2025-08-22 22:00:00,0.01334900,0.01350900,0.01333500,0.01339800,2300084.61028300
2025-08-23 02:00:00,0.01339800,0.01341200,0.01294600,0.01301100,3356446.04455100
2025-08-23 06:00:00,0.01301100,0.01339900,0.01300600,0.01325000,2510742.23031900
2025-08-23 10:00:00,0.01325000,0.01333400,0.01317200,0.01319900,2055171.23507300
2025-08-23 14:00:00,0.01319900,0.01328100,0.01311100,0.01318800,1994955.10393500
2025-08-23 18:00:00,0.01318800,0.01332000,0.01311600,0.01330800,1674810.51847500
2025-08-23 22:00:00,0.01330800,0.01331900,0.01320400,0.01326900,1197676.56620300
2025-08-24 02:00:00,0.01326900,0.01331100,0.01316600,0.01321500,932280.43412200
2025-08-24 06:00:00,0.01321500,0.01323600,0.01292800,0.01293100,1577031.68783900
2025-08-24 10:00:00,0.01293100,0.01298600,0.01271600,0.01277100,2191470.75950100
2025-08-24 14:00:00,0.01277100,0.01299200,0.01275800,0.01287300,2762288.73448600
2025-08-24 18:00:00,0.01287300,0.01351800,0.01280500,0.01306500,6960855.99328300
2025-08-24 22:00:00,0.01306500,0.01312700,0.01280200,0.01296700,4314591.71907700
2025-08-25 02:00:00,0.01296700,0.01314100,0.01271200,0.01302400,2771080.60381800
2025-08-25 06:00:00,0.01302400,0.01303900,0.01237400,0.01242300,3921138.76723200
2025-08-25 10:00:00,0.01242300,0.01249000,0.01224400,0.01241200,2955898.81311300
2025-08-25 14:00:00,0.01241200,0.01248700,0.01229900,0.01232500,2757831.90229700
2025-08-25 18:00:00,0.01232500,0.01241300,0.01209800,0.01211500,2718103.64653400
2025-08-25 22:00:00,0.01211500,0.01214600,0.01181900,0.01202300,6617773.86994700
2025-08-26 02:00:00,0.01202300,0.01216900,0.01189200,0.01209800,2996981.34746000
2025-08-26 06:00:00,0.01209800,0.01224100,0.01206400,0.01219100,1583344.90772200
2025-08-26 10:00:00,0.01219100,0.01226800,0.01211300,0.01217000,1484451.62461300
2025-08-26 14:00:00,0.01217000,0.01240700,0.01209300,0.01228700,3785867.58873900
2025-08-26 18:00:00,0.01228700,0.01259300,0.01226500,0.01258200,3195317.02981179
2025-08-26 22:00:00,0.01258200,0.01261200,0.01246200,0.01253800,1448167.05078000
2025-08-27 02:00:00,0.01253800,0.01259600,0.01242100,0.01256700,1218585.30688300
2025-08-27 06:00:00,0.01256700,0.01264400,0.01241400,0.01244500,1361581.03781100
2025-08-27 10:00:00,0.01244500,0.01254300,0.01239500,0.01248600,936695.20649200
2025-08-27 14:00:00,0.01248600,0.01261900,0.01239100,0.01258400,2086920.60444800
2025-08-27 18:00:00,0.01258400,0.01261800,0.01241400,0.01248400,1714902.98730300
2025-08-27 22:00:00,0.01248400,0.01262200,0.01236600,0.01248700,4000209.35118400
2025-08-28 02:00:00,0.01248700,0.01258800,0.01239800,0.01255600,1127490.56799700
2025-08-28 06:00:00,0.01255600,0.01269200,0.01255600,0.01263300,1231463.05611100
2025-08-28 10:00:00,0.01263300,0.01272000,0.01254100,0.01261600,1248529.13050600
2025-08-28 14:00:00,0.01261600,0.01269700,0.01250300,0.01254200,2321025.05393200
2025-08-28 18:00:00,0.01254200,0.01261300,0.01239700,0.01242800,1500464.49384400
2025-08-28 22:00:00,0.01242800,0.01268400,0.01241200,0.01266900,985924.63228200
2025-08-29 02:00:00,0.01266900,0.01272500,0.01250100,0.01261900,1561895.41575700
2025-08-29 06:00:00,0.01261900,0.01263600,0.01223100,0.01224400,1937224.77143700
2025-08-29 10:00:00,0.01224400,0.01228200,0.01204900,0.01218800,2229158.95471800
2025-08-29 14:00:00,0.01218800,0.01241300,0.01201000,0.01210000,4380500.34998800
2025-08-29 18:00:00,0.01210000,0.01217500,0.01197400,0.01213400,2227217.68195200
2025-08-29 22:00:00,0.01213400,0.01221400,0.01201200,0.01219100,1331631.63649900
2025-08-30 02:00:00,0.01219100,0.01242400,0.01201400,0.01236800,2270666.33629600
2025-08-30 06:00:00,0.01236800,0.01246300,0.01230100,0.01245300,989737.10361600
2025-08-30 10:00:00,0.01245300,0.01246700,0.01234800,0.01239900,800404.99942300
2025-08-30 14:00:00,0.01239900,0.01244200,0.01223400,0.01241100,1405164.46048100
2025-08-30 18:00:00,0.01241100,0.01241100,0.01230100,0.01234900,690809.53512100
2025-08-30 22:00:00,0.01234900,0.01235900,0.01227900,0.01233200,617262.45028900
2025-08-31 02:00:00,0.01233200,0.01249800,0.01232800,0.01249400,1012652.16795000
2025-08-31 06:00:00,0.01249400,0.01249700,0.01237100,0.01238400,800555.98945400
2025-08-31 10:00:00,0.01238400,0.01245600,0.01233700,0.01244100,735016.51073000
2025-08-31 14:00:00,0.01244100,0.01244300,0.01230900,0.01237900,779006.39664100
2025-08-31 18:00:00,0.01237900,0.01238200,0.01230800,0.01231500,749004.38632400
2025-08-31 22:00:00,0.01231500,0.01237800,0.01215300,0.01217300,1186827.16506300
2025-09-01 02:00:00,0.01217300,0.01218900,0.01192500,0.01200200,2090944.66666400
2025-09-01 06:00:00,0.01200200,0.01241400,0.01190400,0.01241300,2630809.96362500
2025-09-01 10:00:00,0.01241300,0.01261200,0.01222900,0.01225900,3398866.83809700
2025-09-01 14:00:00,0.01225900,0.01231900,0.01210600,0.01213900,1693501.70195400
2025-09-01 18:00:00,0.01213900,0.01217700,0.01202400,0.01215200,1551682.87811900
2025-09-01 22:00:00,0.01215200,0.01216700,0.01179800,0.01210100,3221969.77865500
2025-09-02 02:00:00,0.01210100,0.01226100,0.01201600,0.01225100,1795410.61592100
2025-09-02 06:00:00,0.01225100,0.01232600,0.01220300,0.01221900,1658294.66255100
2025-09-02 10:00:00,0.01221900,0.01235900,0.01221900,0.01225900,1200618.45333500
2025-09-02 14:00:00,0.01225900,0.01245600,0.01208800,0.01223700,3710600.71909900
2025-09-02 18:00:00,0.01223700,0.01239900,0.01223600,0.01230700,1932077.38856200
2025-09-02 22:00:00,0.01230700,0.01247900,0.01228700,0.01243900,1174417.78368200
2025-09-03 02:00:00,0.01243900,0.01246400,0.01233500,0.01242800,802170.49758600
2025-09-03 06:00:00,0.01242800,0.01243700,0.01230000,0.01234900,928977.22619200
2025-09-03 10:00:00,0.01234900,0.01244900,0.01232900,0.01239200,866379.47775400
2025-09-03 14:00:00,0.01239200,0.01254900,0.01235800,0.01253200,1873279.33131800
2025-09-03 18:00:00,0.01253200,0.01256500,0.01247500,0.01255700,837699.56001300
2025-09-03 22:00:00,0.01255700,0.01257200,0.01246900,0.01248300,913212.84955400
2025-09-04 02:00:00,0.01248300,0.01253000,0.01233500,0.01234800,803710.97692600
2025-09-04 06:00:00,0.01234800,0.01236600,0.01216500,0.01221700,1379499.06049100
2025-09-04 10:00:00,0.01221700,0.01225400,0.01217100,0.01220300,1020664.00171700
2025-09-04 14:00:00,0.01220300,0.01225300,0.01203300,0.01206900,2240967.75555600
2025-09-04 18:00:00,0.01206900,0.01213200,0.01200600,0.01201100,1781261.90952200
2025-09-04 22:00:00,0.01201100,0.01221700,0.01199300,0.01210700,1360073.47025400
2025-09-05 02:00:00,0.01210700,0.01219300,0.01205900,0.01216900,741825.07944900
2025-09-05 06:00:00,0.01216900,0.01234800,0.01215100,0.01233600,886420.30155600
2025-09-05 10:00:00,0.01233600,0.01234500,0.01223100,0.01230300,798541.93156700
2025-09-05 14:00:00,0.01230300,0.01247300,0.01210400,0.01229300,6177359.86342000
2025-09-05 18:00:00,0.01229300,0.01245900,0.01225500,0.01243000,1727687.60310100
2025-09-05 22:00:00,0.01243000,0.01246600,0.01234500,0.01239200,1454017.79068700
2025-09-06 02:00:00,0.01239200,0.01244400,0.01233500,0.01237200,852693.79008600
2025-09-06 06:00:00,0.01237200,0.01237200,0.01228600,0.01230600,544453.86422500
2025-09-06 10:00:00,0.01230600,0.01231500,0.01221600,0.01225100,1057881.38987400
2025-09-06 14:00:00,0.01225100,0.01228200,0.01219000,0.01220600,706864.89203100
2025-09-06 18:00:00,0.01220600,0.01227300,0.01215100,0.01216600,974966.63296300
2025-09-06 22:00:00,0.01216600,0.01228700,0.01216500,0.01226600,570706.78361900
2025-09-07 02:00:00,0.01226600,0.01235100,0.01225900,0.01233900,848776.40494200
2025-09-07 06:00:00,0.01233900,0.01240100,0.01233400,0.01234400,668573.87534500
2025-09-07 10:00:00,0.01234400,0.01239900,0.01232200,0.01239900,557562.20704500
2025-09-07 14:00:00,0.01239900,0.01247600,0.01237700,0.01242800,1331969.17435600
2025-09-07 18:00:00,0.01242800,0.01244800,0.01233500,0.01238400,1139502.52747900
2025-09-07 22:00:00,0.01238400,0.01250500,0.01235400,0.01246800,899485.06031000
2025-09-08 02:00:00,0.01246800,0.01257900,0.01238800,0.01253000,1337512.74143600
2025-09-08 06:00:00,0.01253000,0.01258300,0.01248400,0.01254500,1429719.93546800
2025-09-08 10:00:00,0.01254500,0.01277800,0.01254100,0.01271600,1874409.50766800
2025-09-08 14:00:00,0.01271600,0.01297300,0.01267200,0.01294100,3422716.22087700
2025-09-08 18:00:00,0.01294100,0.01297900,0.01278900,0.01283500,2590790.31886800
2025-09-08 22:00:00,0.01283500,0.01292300,0.01275800,0.01287700,1278936.44907300
2025-09-09 02:00:00,0.01287700,0.01295700,0.01266800,0.01280000,1655164.59724800
2025-09-09 06:00:00,0.01280000,0.01308900,0.01275600,0.01308600,2094770.96504300
2025-09-09 10:00:00,0.01308600,0.01310900,0.01299500,0.01302000,1570335.34716900
2025-09-09 14:00:00,0.01302000,0.01320400,0.01272600,0.01278000,3619256.35444300
2025-09-09 18:00:00,0.01278000,0.01288600,0.01268900,0.01282500,1575709.52457900
2025-09-09 22:00:00,0.01282500,0.01295600,0.01279200,0.01288300,870418.10282700
2025-09-10 02:00:00,0.01288300,0.01298100,0.01275900,0.01298100,1228190.85661600
2025-09-10 06:00:00,0.01298100,0.01299900,0.01288800,0.01295900,831472.96107100
2025-09-10 10:00:00,0.01295900,0.01299000,0.01284500,0.01293100,885166.06228900
2025-09-10 14:00:00,0.01293100,0.01317600,0.01291600,0.01304300,3001140.56470500
2025-09-10 18:00:00,0.01304300,0.01312100,0.01284400,0.01290600,1902173.39441000
2025-09-10 22:00:00,0.01290600,0.01306600,0.01289900,0.01306100,886249.35435300
2025-09-11 02:00:00,0.01306100,0.01318500,0.01300700,0.01318000,1096558.15111500
2025-09-11 06:00:00,0.01318000,0.01319700,0.01309500,0.01315400,825786.80276100
2025-09-11 10:00:00,0.01315400,0.01318200,0.01306300,0.01306700,831401.53483000
2025-09-11 14:00:00,0.01306700,0.01317800,0.01290800,0.01296600,3212620.99750400
2025-09-11 18:00:00,0.01296600,0.01308500,0.01296200,0.01306700,956390.19719100
2025-09-11 22:00:00,0.01306700,0.01326200,0.01304900,0.01325600,1047134.41070500
2025-09-12 02:00:00,0.01325600,0.01342000,0.01321000,0.01332800,2174473.51800100
2025-09-12 06:00:00,0.01332800,0.01343200,0.01328500,0.01336100,1023463.48713200
2025-09-12 10:00:00,0.01336100,0.01338300,0.01324100,0.01325600,999242.44993000
2025-09-12 14:00:00,0.01325600,0.01335700,0.01319200,0.01328100,2188618.52785500
2025-09-12 18:00:00,0.01328100,0.01374500,0.01326600,0.01369300,5093807.24411700
2025-09-12 22:00:00,0.01369300,0.01391800,0.01357200,0.01391100,2160949.99926600
2025-09-13 02:00:00,0.01391100,0.01425300,0.01374700,0.01404800,4376628.63627400
2025-09-13 06:00:00,0.01404800,0.01427300,0.01401400,0.01403900,2397643.02109500
2025-09-13 10:00:00,0.01403900,0.01482800,0.01401500,0.01455500,6818968.96477900
2025-09-13 14:00:00,0.01455500,0.01484000,0.01432200,0.01440300,8459870.72399000
2025-09-13 18:00:00,0.01440300,0.01449300,0.01406300,0.01408300,4204909.92678800
2025-09-13 22:00:00,0.01408300,0.01433900,0.01407700,0.01428000,1794180.67900200
2025-09-14 02:00:00,0.01428000,0.01429900,0.01394700,0.01399600,2808738.82356800
2025-09-14 06:00:00,0.01399600,0.01404600,0.01386300,0.01396400,1948383.25727600
2025-09-14 10:00:00,0.01396400,0.01414600,0.01379200,0.01380100,2446990.04603000
2025-09-14 14:00:00,0.01380100,0.01391500,0.01353900,0.01360200,5117688.55622900
2025-09-14 18:00:00,0.01360200,0.01380200,0.01357300,0.01366600,2466455.13535500
2025-09-14 22:00:00,0.01366600,0.01382100,0.01362300,0.01368200,1866998.23291200
2025-09-15 02:00:00,0.01368200,0.01378500,0.01357200,0.01374200,1348615.85685700
2025-09-15 06:00:00,0.01374200,0.01380600,0.01328700,0.01332300,1881574.57508600
2025-09-15 10:00:00,0.01332300,0.01332400,0.01297700,0.01310800,2524759.65988000
2025-09-15 14:00:00,0.01310800,0.01312100,0.01292600,0.01304300,2303530.59589400
2025-09-15 18:00:00,0.01304300,0.01305600,0.01291100,0.01298100,1341788.46589100
2025-09-15 22:00:00,0.01298100,0.01308000,0.01296200,0.01305800,533107.28220900
2025-09-16 02:00:00,0.01305800,0.01311400,0.01296600,0.01301000,585692.73029800
2025-09-16 06:00:00,0.01301000,0.01311500,0.01288500,0.01305500,1144365.30498700
2025-09-16 10:00:00,0.01305500,0.01316500,0.01300100,0.01303100,861301.71766900
2025-09-16 14:00:00,0.01303100,0.01310600,0.01285700,0.01310600,1962885.78359000
2025-09-16 18:00:00,0.01310600,0.01324800,0.01303300,0.01320900,1662884.77623400
2025-09-16 22:00:00,0.01320900,0.01322600,0.01313300,0.01315400,625511.39050600
2025-09-17 02:00:00,0.01315400,0.01320900,0.01305200,0.01305500,681809.16398800
2025-09-17 06:00:00,0.01305500,0.01314500,0.01295300,0.01311200,1070008.64931800
2025-09-17 10:00:00,0.01311200,0.01312000,0.01294000,0.01300300,626373.83425600
2025-09-17 14:00:00,0.01300300,0.01307400,0.01292300,0.01296200,883632.24751600
2025-09-17 18:00:00,0.01296200,0.01321200,0.01283100,0.01317400,2620473.71831000
2025-09-17 22:00:00,0.01317400,0.01360200,0.01302000,0.01349300,2171109.67742600
2025-09-18 02:00:00,0.01349300,0.01360600,0.01341200,0.01358500,1274165.85347900
2025-09-18 06:00:00,0.01358500,0.01360100,0.01326900,0.01334500,1624161.08854200
2025-09-18 10:00:00,0.01334500,0.01345700,0.01330600,0.01334500,681426.19761300
2025-09-18 14:00:00,0.01334500,0.01353500,0.01330400,0.01350900,1103678.98461300
2025-09-18 18:00:00,0.01350900,0.01358100,0.01339100,0.01344700,1357061.63417500
2025-09-18 22:00:00,0.01344700,0.01349600,0.01331100,0.01339800,782801.27499500
2025-09-19 02:00:00,0.01339800,0.01355700,0.01325800,0.01327900,1486186.22558900
2025-09-19 06:00:00,0.01327900,0.01330100,0.01312200,0.01319100,1008088.50713500
2025-09-19 10:00:00,0.01319100,0.01324700,0.01297200,0.01299700,997570.56320000
2025-09-19 14:00:00,0.01299700,0.01306800,0.01280800,0.01290600,1598104.20206000
2025-09-19 18:00:00,0.01290600,0.01298100,0.01280800,0.01284300,731991.49100300
2025-09-19 22:00:00,0.01284300,0.01292400,0.01276600,0.01285200,589465.17665600
2025-09-20 02:00:00,0.01285200,0.01289400,0.01276200,0.01285800,584471.08203900
2025-09-20 06:00:00,0.01285800,0.01298000,0.01282800,0.01298000,471115.40988700
2025-09-20 10:00:00,0.01298000,0.01297900,0.01281700,0.01288800,663458.57967700
2025-09-20 14:00:00,0.01288800,0.01304100,0.01286600,0.01301200,616541.98925400
2025-09-20 18:00:00,0.01301200,0.01302300,0.01286700,0.01288800,701349.92069000
2025-09-20 22:00:00,0.01288800,0.01297000,0.01287300,0.01290900,615143.98862300
2025-09-21 02:00:00,0.01290900,0.01298200,0.01289000,0.01298200,663115.36953300
2025-09-21 06:00:00,0.01298200,0.01303100,0.01294300,0.01299200,373810.83982000
2025-09-21 10:00:00,0.01299200,0.01301100,0.01279300,0.01290200,896372.28457600
2025-09-21 14:00:00,0.01290200,0.01297500,0.01284700,0.01285900,508083.25937300
2025-09-21 18:00:00,0.01285900,0.01288800,0.01276800,0.01284100,817981.07754500
2025-09-21 22:00:00,0.01284100,0.01284300,0.01272300,0.01272900,865777.84269400
2025-09-22 02:00:00,0.01272900,0.01276900,0.01236400,0.01244300,2977334.35456100
2025-09-22 06:00:00,0.01244300,0.01249200,0.01169700,0.01203300,3264659.33146400
2025-09-22 10:00:00,0.01203300,0.01214900,0.01197500,0.01207000,1062516.16915600
2025-09-22 14:00:00,0.01207000,0.01217000,0.01199400,0.01203700,1201122.76717900
2025-09-22 18:00:00,0.01203700,0.01210600,0.01192300,0.01194300,971073.12181700
2025-09-22 22:00:00,0.01194300,0.01212800,0.01193300,0.01211900,487864.77653700
2025-09-23 02:00:00,0.01211900,0.01217600,0.01188300,0.01207800,1067582.16191700
2025-09-23 06:00:00,0.01207800,0.01223700,0.01199700,0.01218600,890914.85013900
2025-09-23 10:00:00,0.01218600,0.01226100,0.01216500,0.01221900,856427.06165000
2025-09-23 14:00:00,0.01221900,0.01226600,0.01212900,0.01219000,1005276.02372700
2025-09-23 18:00:00,0.01219000,0.01228500,0.01204900,0.01206500,950316.97428000
2025-09-23 22:00:00,0.01206500,0.01216800,0.01202600,0.01208800,500299.24655700
2025-09-24 02:00:00,0.01208800,0.01222000,0.01198400,0.01201800,683182.89291300
2025-09-24 06:00:00,0.01201800,0.01224700,0.01189200,0.01219400,1299481.81967900
2025-09-24 10:00:00,0.01219400,0.01224700,0.01215700,0.01222300,536268.83276000
2025-09-24 14:00:00,0.01222300,0.01236200,0.01216600,0.01224700,1246916.92736800
2025-09-24 18:00:00,0.01224700,0.01229600,0.01220200,0.01223900,518120.20796100
2025-09-24 22:00:00,0.01223900,0.01225100,0.01210300,0.01212900,495109.29585200
2025-09-25 02:00:00,0.01212900,0.01216300,0.01192200,0.01200200,919508.83453500
2025-09-25 06:00:00,0.01200200,0.01202800,0.01181600,0.01190000,1087850.78041100
2025-09-25 10:00:00,0.01190000,0.01196100,0.01178600,0.01181900,698587.64275600
2025-09-25 14:00:00,0.01181900,0.01199500,0.01161600,0.01190200,1910076.31859500
2025-09-25 18:00:00,0.01190200,0.01192200,0.01148300,0.01176500,2607184.17166800
2025-09-25 22:00:00,0.01176500,0.01178900,0.01155100,0.01163600,1028162.21321600
2025-09-26 02:00:00,0.01163600,0.01182400,0.01163400,0.01176400,930498.28619900
2025-09-26 06:00:00,0.01176400,0.01178000,0.01162100,0.01170300,660090.30374600
2025-09-26 10:00:00,0.01170300,0.01175500,0.01151800,0.01160700,882148.68557000
2025-09-26 14:00:00,0.01160700,0.01176700,0.01149700,0.01171100,1489626.70478900
2025-09-26 18:00:00,0.01171100,0.01197100,0.01170400,0.01190300,1300918.04892000
2025-09-26 22:00:00,0.01190300,0.01192600,0.01183600,0.01191100,337186.07081100
2025-09-27 02:00:00,0.01191100,0.01191200,0.01184200,0.01187800,245341.77505300
2025-09-27 06:00:00,0.01187800,0.01190300,0.01184500,0.01185200,253974.04758100
2025-09-27 10:00:00,0.01185200,0.01185800,0.01174400,0.01177900,489350.10577100
2025-09-27 14:00:00,0.01177900,0.01183200,0.01172000,0.01182700,594737.61609100
2025-09-27 18:00:00,0.01182700,0.01185500,0.01171200,0.01175900,481005.36714800
2025-09-27 22:00:00,0.01175900,0.01187200,0.01174200,0.01179900,348513.26604300
2025-09-28 02:00:00,0.01179900,0.01180800,0.01168300,0.01171400,469152.50364800
2025-09-28 06:00:00,0.01171400,0.01174700,0.01164900,0.01169700,386635.39430100
2025-09-28 10:00:00,0.01169700,0.01171300,0.01160800,0.01164200,393446.33213800
2025-09-28 14:00:00,0.01164200,0.01178800,0.01157600,0.01177100,612970.70853800
2025-09-28 18:00:00,0.01177100,0.01184800,0.01176100,0.01182700,490300.27758100
2025-09-28 22:00:00,0.01182700,0.01202600,0.01182900,0.01201100,581750.96979600
2025-09-29 02:00:00,0.01201100,0.01201500,0.01191300,0.01196400,362336.85932500
2025-09-29 06:00:00,0.01196400,0.01196900,0.01184300,0.01191700,394468.82754100
2025-09-29 10:00:00,0.01191700,0.01194200,0.01172200,0.01179400,725766.03364500
2025-09-29 14:00:00,0.01179400,0.01200900,0.01170900,0.01189500,1268558.67688800
2025-09-29 18:00:00,0.01189500,0.01195400,0.01180300,0.01194400,713325.52199700
2025-09-29 22:00:00,0.01194400,0.01204500,0.01194100,0.01196300,657503.93005400
2025-09-30 02:00:00,0.01196300,0.01199400,0.01178300,0.01180900,899733.66366000
2025-09-30 06:00:00,0.01180900,0.01186800,0.01174800,0.01177500,428832.10925400
2025-09-30 10:00:00,0.01177500,0.01178400,0.01167000,0.01175000,764639.95540400
2025-09-30 14:00:00,0.01175000,0.01177600,0.01153700,0.01163100,830223.71171600
2025-09-30 18:00:00,0.01163100,0.01180700,0.01155500,0.01179500,653001.48898100
2025-09-30 22:00:00,0.01179500,0.01187300,0.01174600,0.01181900,573783.16729000
2025-10-01 02:00:00,0.01181900,0.01188700,0.01174700,0.01177800,458127.13160400
2025-10-01 06:00:00,0.01177800,0.01193200,0.01176700,0.01186900,555107.24126500
2025-10-01 10:00:00,0.01186900,0.01235600,0.01185100,0.01224100,1519077.78028100
2025-10-01 14:00:00,0.01224100,0.01234700,0.01221700,0.01228500,948512.30578400
2025-10-01 18:00:00,0.01228500,0.01238900,0.01221900,0.01235600,981648.51878000
2025-10-01 22:00:00,0.01235600,0.01239300,0.01227800,0.01238700,510153.34051900
2025-10-02 02:00:00,0.01238700,0.01260700,0.01236900,0.01256100,1855390.24586200
2025-10-02 06:00:00,0.01256100,0.01269300,0.01250900,0.01260500,792121.20815900
2025-10-02 10:00:00,0.01260500,0.01263800,0.01253400,0.01257900,550715.15436400
2025-10-02 14:00:00,0.01257900,0.01261400,0.01230600,0.01252400,1458600.59864500
2025-10-02 18:00:00,0.01252400,0.01271100,0.01250200,0.01266600,1091141.35525000
2025-10-02 22:00:00,0.01266600,0.01269200,0.01258700,0.01263600,738923.06964000
2025-10-03 02:00:00,0.01263600,0.01264700,0.01245800,0.01251800,1265561.03452800
2025-10-03 06:00:00,0.01251800,0.01258100,0.01238600,0.01241100,633815.36932100
2025-10-03 10:00:00,0.01241100,0.01245400,0.01233800,0.01240500,751269.96382200
2025-10-03 14:00:00,0.01240500,0.01267400,0.01234500,0.01266500,1443292.25742200
2025-10-03 18:00:00,0.01266500,0.01287900,0.01246000,0.01263900,2327796.09312200
2025-10-03 22:00:00,0.01263900,0.01271600,0.01259900,0.01266400,565226.56237000
2025-10-04 02:00:00,0.01266400,0.01267200,0.01245500,0.01252300,779843.25155900
2025-10-04 06:00:00,0.01252300,0.01274200,0.01249100,0.01264000,657984.57003500
2025-10-04 10:00:00,0.01264000,0.01264700,0.01237600,0.01242600,724413.64819400
2025-10-04 14:00:00,0.01242600,0.01249100,0.01222500,0.01225100,799454.48595500
2025-10-04 18:00:00,0.01225100,0.01235100,0.01222500,0.01232700,431419.67124500
2025-10-04 22:00:00,0.01232700,0.01238800,0.01231600,0.01236500,288864.21329900
2025-10-05 02:00:00,0.01236500,0.01261700,0.01229300,0.01254900,779411.85112900
2025-10-05 06:00:00,0.01254900,0.01276300,0.01252500,0.01275800,1065271.78226300
2025-10-05 10:00:00,0.01275800,0.01296300,0.01270800,0.01274500,1823901.64731200
2025-10-05 14:00:00,0.01274500,0.01277700,0.01262500,0.01266800,906388.38854100
2025-10-05 18:00:00,0.01266800,0.01269800,0.01238100,0.01240100,899144.99517300
2025-10-05 22:00:00,0.01240100,0.01247300,0.01236100,0.01245100,557425.58173700
2025-10-06 02:00:00,0.01245100,0.01260300,0.01236300,0.01250500,891189.92888200
2025-10-06 06:00:00,0.01250500,0.01265400,0.01240100,0.01253600,671489.16606200
2025-10-06 10:00:00,0.01253600,0.01273700,0.01253700,0.01264600,756745.52098200
2025-10-06 14:00:00,0.01264600,0.01293700,0.01264400,0.01290800,1341499.82110600
2025-10-06 18:00:00,0.01290800,0.01301900,0.01284800,0.01295100,1033845.05837900
2025-10-06 22:00:00,0.01295100,0.01299400,0.01284800,0.01285100,879168.86220700
2025-10-07 02:00:00,0.01285100,0.01292300,0.01278400,0.01283000,711843.39756500
2025-10-07 06:00:00,0.01283000,0.01288600,0.01262600,0.01265900,983373.60345100
2025-10-07 10:00:00,0.01265900,0.01277400,0.01253100,0.01275800,1029131.16934100
2025-10-07 14:00:00,0.01275800,0.01282200,0.01220600,0.01225600,2836661.86767800
2025-10-07 18:00:00,0.01225600,0.01237600,0.01216700,0.01222600,1304064.72745400
2025-10-07 22:00:00,0.01222600,0.01234900,0.01216900,0.01219400,700230.95450900
2025-10-08 02:00:00,0.01219400,0.01229600,0.01203800,0.01209100,1030314.50809900
2025-10-08 06:00:00,0.01209100,0.01216400,0.01202800,0.01212600,768113.65519300
2025-10-08 10:00:00,0.01212600,0.01221700,0.01209900,0.01214500,588649.66937600
2025-10-08 14:00:00,0.01214500,0.01230100,0.01207800,0.01216400,1261504.96098200
2025-10-08 18:00:00,0.01216400,0.01246600,0.01214300,0.01237200,1097370.55257100
2025-10-08 22:00:00,0.01237200,0.01239300,0.01230100,0.01232600,388702.18632000
2025-10-09 02:00:00,0.01232600,0.01234600,0.01208200,0.01217400,975809.43985500
2025-10-09 06:00:00,0.01217400,0.01223100,0.01207100,0.01209000,659852.05449000
2025-10-09 10:00:00,0.01209000,0.01210800,0.01191200,0.01202400,1020964.65507000
2025-10-09 14:00:00,0.01202400,0.01213400,0.01182000,0.01187500,1285835.89010800
2025-10-09 18:00:00,0.01187500,0.01191100,0.01171100,0.01188800,1077056.16122200
2025-10-09 22:00:00,0.01188800,0.01205700,0.01185700,0.01201100,565514.75802300
2025-10-10 02:00:00,0.01201100,0.01212900,0.01189900,0.01207800,973023.85520100
2025-10-10 06:00:00,0.01207800,0.01214100,0.01193200,0.01193800,817075.49598300
2025-10-10 10:00:00,0.01193800,0.01204900,0.01192100,0.01203700,521616.01631500
2025-10-10 14:00:00,0.01203700,0.01213400,0.01140600,0.01155800,2538240.79334800
2025-10-10 18:00:00,0.01155800,0.01165700,0.01120800,0.01133800,2004616.76006100
2025-10-10 22:00:00,0.01133800,0.01142400,0.00687000,0.00971900,13780201.93444600
2025-10-11 02:00:00,0.00971900,0.01038500,0.00963400,0.01017800,3804937.62503400
2025-10-11 06:00:00,0.01017800,0.01036100,0.01013500,0.01028300,1412687.95682500
2025-10-11 10:00:00,0.01028300,0.01070700,0.01024700,0.01041400,1505714.25712900
2025-10-11 14:00:00,0.01041400,0.01044000,0.01015900,0.01033200,1454966.19197600
2025-10-11 18:00:00,0.01033200,0.01037700,0.00982900,0.00993700,1671958.99819300
2025-10-11 22:00:00,0.00993700,0.00995900,0.00956300,0.00993800,2426988.30011800
2025-10-12 02:00:00,0.00993800,0.01006600,0.00976900,0.00996800,1474254.79829600
2025-10-12 06:00:00,0.00996800,0.01009900,0.00996000,0.01005200,1034448.90639100
2025-10-12 10:00:00,0.01005200,0.01008300,0.00991600,0.01000600,640186.65042100
2025-10-12 14:00:00,0.01000600,0.01057700,0.00993700,0.01054000,3102850.92495100
2025-10-12 18:00:00,0.01054000,0.01079900,0.01048600,0.01078500,2542434.49497900
2025-10-12 22:00:00,0.01078500,0.01085900,0.01057900,0.01068700,1678408.05499600
2025-10-13 02:00:00,0.01068700,0.01077700,0.01060100,0.01064900,1503767.17815800
2025-10-13 06:00:00,0.01064900,0.01090200,0.01057100,0.01081400,1446248.30920600
2025-10-13 10:00:00,0.01081400,0.01096800,0.01053400,0.01072700,2081093.78730700
2025-10-13 14:00:00,0.01072700,0.01104900,0.01066600,0.01099900,2465487.11144800
2025-10-13 18:00:00,0.01099900,0.01122800,0.01088200,0.01119700,1392711.68220200
2025-10-13 22:00:00,0.01119700,0.01128400,0.01109700,0.01111100,824082.72888300
2025-10-14 02:00:00,0.01111100,0.01117000,0.01082100,0.01087300,947489.71821800
2025-10-14 06:00:00,0.01087300,0.01089500,0.01021600,0.01039200,2867033.54141400
2025-10-14 10:00:00,0.01039200,0.01055900,0.01020200,0.01040300,2174474.57478500
2025-10-14 14:00:00,0.01040300,0.01068300,0.01018400,0.01066200,2093253.55606600
2025-10-14 18:00:00,0.01066200,0.01083500,0.01051600,0.01062900,2223585.16788600
2025-10-14 22:00:00,0.01062900,0.01078300,0.01058600,0.01073400,753209.14148800
2025-10-15 02:00:00,0.01073400,0.01078500,0.01060900,0.01065800,854849.99285500
2025-10-15 06:00:00,0.01065800,0.01076200,0.01063400,0.01074600,583058.48895300
2025-10-15 10:00:00,0.01074600,0.01089500,0.01055700,0.01059500,1185255.51100200
2025-10-15 14:00:00,0.01059500,0.01061600,0.01034200,0.01039300,1630816.41082100
2025-10-15 18:00:00,0.01039300,0.01046100,0.01029400,0.01034800,999562.42305000
2025-10-15 22:00:00,0.01034800,0.01038600,0.01017900,0.01032100,1036301.59303600
2025-10-16 02:00:00,0.01032100,0.01042700,0.01027700,0.01033700,789058.79136000
2025-10-16 06:00:00,0.01033700,0.01041800,0.01025600,0.01033200,641312.23717800
2025-10-16 10:00:00,0.01033200,0.01047900,0.01002700,0.01044700,1589950.61113200
2025-10-16 14:00:00,0.01044700,0.01051800,0.01005400,0.01008500,2062372.13355500
2025-10-16 18:00:00,0.01008500,0.01027900,0.00987600,0.00997700,2005405.63402300
2025-10-16 22:00:00,0.00997700,0.01002900,0.00987500,0.00999800,1486822.97857100
2025-10-17 02:00:00,0.00999800,0.01011300,0.00996600,0.01007900,585421.02241100
2025-10-17 06:00:00,0.01007900,0.01009000,0.00940900,0.00942100,2481319.13559300
2025-10-17 10:00:00,0.00942100,0.00975100,0.00923600,0.00968200,2638688.28425800
2025-10-17 14:00:00,0.00968200,0.00976700,0.00948300,0.00976600,1807370.82860000
2025-10-17 18:00:00,0.00976600,0.00986800,0.00965500,0.00969900,1283576.67932100
2025-10-17 22:00:00,0.00969900,0.00983900,0.00967400,0.00974600,765079.04604300
2025-10-18 02:00:00,0.00974600,0.00988800,0.00972100,0.00986400,444168.59715200
2025-10-18 06:00:00,0.00986400,0.00997900,0.00977600,0.00987600,699581.78102000
2025-10-18 10:00:00,0.00987600,0.00991300,0.00982000,0.00989000,575944.59248800
2025-10-18 14:00:00,0.00989000,0.00990600,0.00974900,0.00982300,681751.28410900
2025-10-18 18:00:00,0.00982300,0.00991800,0.00975400,0.00989700,823091.16887500
2025-10-18 22:00:00,0.00989700,0.00996100,0.00986100,0.00991300,378460.85062200
2025-10-19 02:00:00,0.00991300,0.00995400,0.00983900,0.00994100,469133.57948100
2025-10-19 06:00:00,0.00994100,0.00994600,0.00982500,0.00986400,364400.00752900
2025-10-19 10:00:00,0.00986400,0.01010700,0.00978400,0.01003300,1438586.65406200
2025-10-19 14:00:00,0.01003300,0.01017900,0.00998100,0.01010100,988865.61817200
2025-10-19 18:00:00,0.01010100,0.01017500,0.01005900,0.01011600,753537.69250400
2025-10-19 22:00:00,0.01011600,0.01015800,0.01005500,0.01007000,443176.26603900
2025-10-20 02:00:00,0.01007000,0.01020900,0.00991900,0.01019000,767446.03796200
2025-10-20 06:00:00,0.01019000,0.01031300,0.01017100,0.01023600,636319.89176300
2025-10-20 10:00:00,0.01023600,0.01032700,0.01019100,0.01023900,719133.21140100
2025-10-20 14:00:00,0.01023900,0.01027500,0.01016100,0.01016100,899535.96546300
2025-10-20 18:00:00,0.01016100,0.01020600,0.01001500,0.01017800,1261981.74466300
2025-10-20 22:00:00,0.01017800,0.01024800,0.01015200,0.01018000,504271.06719900
2025-10-21 02:00:00,0.01018000,0.01018200,0.00999100,0.01000400,806782.24500100
2025-10-21 06:00:00,0.01000400,0.01001000,0.00985500,0.00995800,1541707.34266700
2025-10-21 10:00:00,0.00995800,0.01001100,0.00987700,0.00998100,585102.67080600
2025-10-21 14:00:00,0.00998100,0.01055300,0.00996300,0.01046200,2641316.44209400
2025-10-21 18:00:00,0.01046200,0.01053700,0.01029600,0.01034100,1806582.52921100
2025-10-21 22:00:00,0.01034100,0.01035600,0.01004200,0.01005300,1814151.54596400
2025-10-22 02:00:00,0.01005300,0.01009400,0.00995400,0.01002700,1271073.47269700
2025-10-22 06:00:00,0.01002700,0.01008800,0.00988600,0.00996300,1215342.28804300
2025-10-22 10:00:00,0.00996300,0.00996400,0.00973400,0.00988900,1350802.72934100
2025-10-22 14:00:00,0.00988900,0.01000800,0.00980200,0.00995600,2171266.10360600
2025-10-22 18:00:00,0.00995600,0.01000600,0.00979300,0.00986100,1838638.85360300
2025-10-22 22:00:00,0.00986100,0.00988800,0.00959000,0.00985100,1383138.14840500
2025-10-23 02:00:00,0.00985100,0.00991500,0.00983700,0.00986400,527907.48112500
2025-10-23 06:00:00,0.00986400,0.01000900,0.00985200,0.00999300,595848.63116500
2025-10-23 10:00:00,0.00999300,0.01004300,0.00995700,0.00996900,848623.27443900
2025-10-23 14:00:00,0.00996900,0.01010200,0.00989500,0.01006600,1490141.96219500
2025-10-23 18:00:00,0.01006600,0.01019800,0.01004700,0.01010800,1172007.62402600
2025-10-23 22:00:00,0.01010800,0.01010700,0.00998500,0.01009800,683807.70549800
2025-10-24 02:00:00,0.01009800,0.01013700,0.01006300,0.01009200,422333.04560800
2025-10-24 06:00:00,0.01009200,0.01021700,0.01006900,0.01017400,636055.11357600
2025-10-24 10:00:00,0.01017400,0.01022800,0.01007400,0.01014900,637602.05430200
2025-10-24 14:00:00,0.01014900,0.01032800,0.01004900,0.01008600,1162541.10152900
2025-10-24 18:00:00,0.01008600,0.01018500,0.01003700,0.01016200,310368.43816800
2025-10-24 22:00:00,0.01016200,0.01025200,0.01014900,0.01023400,343314.85632700
2025-10-25 02:00:00,0.01023400,0.01024600,0.01017100,0.01017400,467754.16682900
2025-10-25 06:00:00,0.01017400,0.01021200,0.01011500,0.01012200,308353.05328000
2025-10-25 10:00:00,0.01012200,0.01016300,0.01007600,0.01012600,279151.14956900
2025-10-25 14:00:00,0.01012600,0.01016500,0.01012100,0.01013500,594696.38678400
2025-10-25 18:00:00,0.01013500,0.01020200,0.01011900,0.01019600,361539.51078300
2025-10-25 22:00:00,0.01019600,0.01021400,0.01016400,0.01019400,346700.09297500
2025-10-26 02:00:00,0.01019400,0.01020500,0.01008100,0.01009700,600643.77180600
2025-10-26 05:00:00,0.01009700,0.01020700,0.01009100,0.01020300,464428.52374700
2025-10-26 09:00:00,0.01020300,0.01043400,0.01019900,0.01041500,1077737.85474800
2025-10-26 13:00:00,0.01041500,0.01049300,0.01040700,0.01047500,846670.70406800
2025-10-26 17:00:00,0.01047500,0.01050900,0.01041300,0.01047300,490550.64968400
2025-10-26 21:00:00,0.01047300,0.01069200,0.01039000,0.01056000,943276.79128500
2025-10-27 01:00:00,0.01056000,0.01069200,0.01054300,0.01060000,807444.54526800
2025-10-27 05:00:00,0.01060000,0.01068700,0.01051200,0.01055500,732156.43910000
2025-10-27 09:00:00,0.01055500,0.01056400,0.01035900,0.01043700,761355.81278400
2025-10-27 13:00:00,0.01043700,0.01046900,0.01033300,0.01043700,695771.15375300
2025-10-27 17:00:00,0.01043700,0.01061300,0.01043800,0.01049300,960976.85948000
2025-10-27 21:00:00,0.01049300,0.01049500,0.01032800,0.01038100,729283.86836400
2025-10-28 01:00:00,0.01038100,0.01040800,0.01026200,0.01031300,619769.11985500
2025-10-28 05:00:00,0.01031300,0.01043700,0.01023800,0.01033400,706365.18379500
2025-10-28 09:00:00,0.01033400,0.01037500,0.01026000,0.01026800,390789.19727300
2025-10-28 13:00:00,0.01026800,0.01041500,0.01011700,0.01026100,1521476.76423200
2025-10-28 17:00:00,0.01026100,0.01034300,0.01012800,0.01016700,741811.27795500
2025-10-28 21:00:00,0.01016700,0.01016900,0.00995700,0.01010200,1608819.85664600
2025-10-29 01:00:00,0.01010200,0.01015800,0.01006600,0.01009600,169729.10807100
2025-10-29 05:00:00,0.01009600,0.01017700,0.01008800,0.01016300,325172.37244400
2025-10-29 09:00:00,0.01016300,0.01027400,0.01012500,0.01025700,447351.73116500
2025-10-29 13:00:00,0.01025700,0.01038300,0.01011600,0.01015200,1114873.87531100
2025-10-29 17:00:00,0.01015200,0.01040400,0.00992900,0.01034900,2868537.36113500
2025-10-29 21:00:00,0.01034900,0.01043900,0.01011800,0.01015000,994874.50310900
2025-10-30 01:00:00,0.01015000,0.01024000,0.01010000,0.01017200,1084411.62585200
2025-10-30 05:00:00,0.01017200,0.01017100,0.00985200,0.01014900,1608108.13773100
2025-10-30 09:00:00,0.01014900,0.01015100,0.00994400,0.00995300,654060.87029500
2025-10-30 13:00:00,0.00995300,0.00996900,0.00962600,0.00963500,2342120.14802100
2025-10-30 17:00:00,0.00963500,0.00968900,0.00936700,0.00939000,1530418.56493000
2025-10-30 21:00:00,0.00939000,0.00973100,0.00935600,0.00971900,1131173.89887200
2025-10-31 01:00:00,0.00971900,0.00989600,0.00969300,0.00981200,913086.71204900
2025-10-31 05:00:00,0.00981200,0.00988800,0.00979800,0.00982800,631977.25034700
2025-10-31 09:00:00,0.00982800,0.00996400,0.00979500,0.00996100,540059.23801900
2025-10-31 13:00:00,0.00996100,0.01001600,0.00987200,0.00999100,1017194.99598500
2025-10-31 17:00:00,0.00999100,0.01005900,0.00981900,0.01004900,1548471.81032000
2025-10-31 21:00:00,0.01004900,0.01005500,0.00992300,0.01002000,610411.27825400
2025-11-01 01:00:00,0.01002000,0.01006800,0.00995800,0.01005300,457931.62133600
2025-11-01 05:00:00,0.01005300,0.01009300,0.00998500,0.01008800,352021.00880300
2025-11-01 09:00:00,0.01008800,0.01015900,0.01007000,0.01014300,458564.15779200
2025-11-01 13:00:00,0.01014300,0.01017100,0.01005900,0.01014500,812115.86662000
2025-11-01 17:00:00,0.01014500,0.01018700,0.01012900,0.01018200,410117.21671500
2025-11-01 21:00:00,0.01018200,0.01025600,0.01014800,0.01019000,458224.71096900
2025-11-02 01:00:00,0.01019000,0.01019100,0.01010100,0.01010800,380643.88196700
2025-11-02 05:00:00,0.01010800,0.01024600,0.01008800,0.01023100,345194.73203400
2025-11-02 09:00:00,0.01023100,0.01024000,0.01010400,0.01023700,412067.72256400
2025-11-02 13:00:00,0.01023700,0.01024100,0.01001600,0.01004900,972286.77776100
2025-11-02 17:00:00,0.01004900,0.01006600,0.00994600,0.00998700,630174.24762500
2025-11-02 21:00:00,0.00998700,0.01018300,0.00996300,0.01016700,496402.03028200
2025-11-03 01:00:00,0.01016700,0.01018700,0.00970100,0.00971900,1818887.09027800
2025-11-03 05:00:00,0.00971900,0.00976500,0.00954100,0.00964100,1285287.73647400
2025-11-03 09:00:00,0.00964100,0.00970900,0.00949700,0.00962900,952846.32289600
2025-11-03 13:00:00,0.00962900,0.00968000,0.00892900,0.00923500,2970004.26216100
2025-11-03 17:00:00,0.00923500,0.00950800,0.00916400,0.00924900,1618593.44887200
2025-11-03 21:00:00,0.00924900,0.00926200,0.00904700,0.00918400,1026474.71029500
2025-11-04 01:00:00,0.00918400,0.00929500,0.00908600,0.00928500,831037.31405000
2025-11-04 05:00:00,0.00928500,0.00931400,0.00888300,0.00893400,1974748.83802300
2025-11-04 09:00:00,0.00893400,0.00921500,0.00885800,0.00914300,1971968.91997100
2025-11-04 13:00:00,0.00914300,0.00930000,0.00892700,0.00907300,1964466.46954600
2025-11-04 17:00:00,0.00907300,0.00913200,0.00863200,0.00874400,2825823.82293500
2025-11-04 21:00:00,0.00874400,0.00892100,0.00837500,0.00884000,3421193.13578300
2025-11-05 01:00:00,0.00884000,0.00909500,0.00842100,0.00906300,2958855.27715600
2025-11-05 05:00:00,0.00906300,0.00910300,0.00898000,0.00902800,620883.65374300
2025-11-05 09:00:00,0.00902800,0.00902800,0.00881300,0.00892500,852444.44218600
2025-11-05 13:00:00,0.00892500,0.00914200,0.00889200,0.00912000,1176333.08908900
2025-11-05 17:00:00,0.00912000,0.00922300,0.00904800,0.00917200,753627.52713400
2025-11-05 21:00:00,0.00917200,0.00922500,0.00912400,0.00915600,413950.94304800
2025-11-06 01:00:00,0.00915600,0.00917200,0.00902300,0.00913700,567282.90973500
2025-11-06 05:00:00,0.00913700,0.00917800,0.00892300,0.00897100,955659.90193000
2025-11-06 09:00:00,0.00897100,0.00906200,0.00893200,0.00899800,591607.32965600
2025-11-06 13:00:00,0.00899800,0.00907800,0.00883900,0.00888900,1222747.44598100
2025-11-06 17:00:00,0.00888900,0.00909700,0.00877600,0.00902700,1127102.04522800
2025-11-06 21:00:00,0.00902700,0.00907100,0.00894700,0.00901900,564231.59279900
2025-11-07 01:00:00,0.00901900,0.00926500,0.00901500,0.00922500,922748.90598400
2025-11-07 05:00:00,0.00922500,0.00941200,0.00914600,0.00941100,925034.68764000
2025-11-07 09:00:00,0.00941100,0.00946100,0.00912100,0.00923800,1111597.07223300
2025-11-07 13:00:00,0.00923800,0.00946800,0.00904700,0.00944000,2044757.58716900
2025-11-07 17:00:00,0.00944000,0.01021200,0.00941600,0.01007800,3003381.67532500
2025-11-07 21:00:00,0.01007800,0.01034400,0.01001100,0.01002400,1449857.26804900
2025-11-08 01:00:00,0.01002400,0.01028400,0.01000200,0.01007800,1202683.23041400
2025-11-08 05:00:00,0.01007800,0.01019700,0.00987600,0.00997900,1223029.28846500
2025-11-08 09:00:00,0.00997900,0.01014900,0.00991400,0.01008500,674495.09302100
2025-11-08 13:00:00,0.01008500,0.01012900,0.00970900,0.00974800,1353004.45040200
2025-11-08 17:00:00,0.00974800,0.00990900,0.00968300,0.00984300,818394.28157500
2025-11-08 21:00:00,0.00984300,0.00996500,0.00981200,0.00995400,354422.04023900
2025-11-09 01:00:00,0.00995400,0.00996400,0.00962600,0.00966300,1134964.08206400
2025-11-09 05:00:00,0.00966300,0.00986100,0.00965900,0.00986100,705286.40125500
2025-11-09 09:00:00,0.00986100,0.00997800,0.00971800,0.00995100,606917.05285400
2025-11-09 13:00:00,0.00995100,0.01008100,0.00986200,0.00995100,1265524.96582400
2025-11-09 17:00:00,0.00995100,0.01001600,0.00985900,0.01001600,642470.98490100
2025-11-09 21:00:00,0.01001600,0.01007500,0.00993500,0.00998500,590984.91177200
2025-11-10 01:00:00,0.00998500,0.01016700,0.00992700,0.01008700,836129.46402200
2025-11-10 05:00:00,0.01008700,0.01012900,0.00998700,0.01002500,584988.13086600
2025-11-10 09:00:00,0.01002500,0.01013000,0.00991300,0.01005700,744834.33823400
2025-11-10 13:00:00,0.01005700,0.01018500,0.00991300,0.01001200,894189.03988300
2025-11-10 17:00:00,0.01001200,0.01014300,0.00987600,0.01009100,811973.26294500
2025-11-10 21:00:00,0.01009100,0.01022700,0.00994200,0.01013800,693930.15535800
2025-11-11 01:00:00,0.01013800,0.01026900,0.01002400,0.01017000,837080.98763000
2025-11-11 05:00:00,0.01017000,0.01018600,0.00984200,0.00985300,844984.68072200
2025-11-11 09:00:00,0.00985300,0.00993700,0.00982600,0.00985700,554710.35751500
2025-11-11 13:00:00,0.00985700,0.00991900,0.00976600,0.00978800,879203.52887900
2025-11-11 17:00:00,0.00978800,0.00984000,0.00968700,0.00971300,698560.55592500
2025-11-11 21:00:00,0.00971300,0.00974100,0.00960500,0.00963000,684793.07452700
2025-11-12 01:00:00,0.00963000,0.00970000,0.00958200,0.00964800,544281.33530400
2025-11-12 05:00:00,0.00964800,0.00976600,0.00962900,0.00967800,347871.65642100
2025-11-12 09:00:00,0.00967800,0.00994100,0.00968000,0.00988700,558155.93571700
2025-11-12 13:00:00,0.00988700,0.00998700,0.00968400,0.00972000,1063973.16012600
2025-11-12 17:00:00,0.00972000,0.00974500,0.00943700,0.00950000,1248808.56694800
2025-11-12 21:00:00,0.00950000,0.00962200,0.00946700,0.00950100,404913.85379500
2025-11-13 01:00:00,0.00950100,0.00973500,0.00946500,0.00965800,743613.04487600
2025-11-13 05:00:00,0.00965800,0.00982100,0.00962800,0.00974300,697405.98829100
2025-11-13 09:00:00,0.00974300,0.00984700,0.00968300,0.00978600,665964.36465800
2025-11-13 13:00:00,0.00978600,0.00986900,0.00964200,0.00969700,1159243.32573900
2025-11-13 17:00:00,0.00969700,0.00971400,0.00908800,0.00913300,1855343.99532300
2025-11-13 21:00:00,0.00913300,0.00936600,0.00903400,0.00929500,1020377.83493700
2025-11-14 01:00:00,0.00929500,0.00936200,0.00918200,0.00921400,668098.60056200
2025-11-14 05:00:00,0.00921400,0.00929800,0.00891100,0.00923600,1561930.59062700
2025-11-14 09:00:00,0.00923600,0.00924200,0.00909700,0.00915100,738151.42113500
2025-11-14 13:00:00,0.00915100,0.00931400,0.00898900,0.00924800,1594623.09010200
2025-11-14 17:00:00,0.00924800,0.00933500,0.00914800,0.00926400,1021102.17918600
2025-11-14 21:00:00,0.00926400,0.00926900,0.00883200,0.00897100,1234702.95653200
2025-11-15 01:00:00,0.00897100,0.00921300,0.00895800,0.00919300,743925.86915400
2025-11-15 05:00:00,0.00919300,0.00926700,0.00916400,0.00919500,439504.39091400
2025-11-15 09:00:00,0.00919500,0.00920600,0.00903700,0.00906800,480237.66804200
2025-11-15 13:00:00,0.00906800,0.00918200,0.00904700,0.00909800,553595.60000300
2025-11-15 17:00:00,0.00909800,0.00915000,0.00903500,0.00910100,568342.60769000
2025-11-15 21:00:00,0.00910100,0.00910800,0.00899600,0.00904100,697706.04287700
2025-11-16 01:00:00,0.00904100,0.00916900,0.00891700,0.00914100,627969.78158700
2025-11-16 05:00:00,0.00914100,0.00920900,0.00909700,0.00918200,267472.21024400
2025-11-16 09:00:00,0.00918200,0.00922500,0.00901500,0.00902800,430960.39764600
2025-11-16 13:00:00,0.00902800,0.00906700,0.00884300,0.00885600,719461.74322000
2025-11-16 17:00:00,0.00885600,0.00893100,0.00863700,0.00880100,1753741.70011100
2025-11-16 21:00:00,0.00880100,0.00894700,0.00871000,0.00889300,660072.01249600
2025-11-17 01:00:00,0.00889300,0.00901200,0.00882200,0.00897200,470135.33766700
2025-11-17 05:00:00,0.00897200,0.00905800,0.00894500,0.00903500,440064.57825300
2025-11-17 09:00:00,0.00903500,0.00910900,0.00900500,0.00906900,497827.77669000
2025-11-17 13:00:00,0.00906900,0.00918000,0.00884800,0.00890400,1542894.16409300
2025-11-17 17:00:00,0.00890400,0.00901800,0.00850500,0.00853800,2271587.49514400
2025-11-17 21:00:00,0.00853800,0.00859900,0.00845800,0.00857900,1039483.15500400
2025-11-18 01:00:00,0.00857900,0.00879600,0.00846900,0.00877500,1057757.20990300
2025-11-18 05:00:00,0.00877500,0.00882300,0.00862900,0.00872700,833893.98149900
2025-11-18 09:00:00,0.00872700,0.00882400,0.00872400,0.00876100,538102.08278700
2025-11-18 13:00:00,0.00876100,0.00892100,0.00868000,0.00887500,932245.61801200
2025-11-18 17:00:00,0.00887500,0.00900900,0.00885800,0.00894900,645165.42991300
2025-11-18 21:00:00,0.00894900,0.00897400,0.00882400,0.00887300,340806.19284500
2025-11-19 01:00:00,0.00887300,0.00891000,0.00875800,0.00877100,505991.72905800
2025-11-19 05:00:00,0.00877100,0.00878200,0.00857200,0.00872600,740347.18357600
2025-11-19 09:00:00,0.00872600,0.00875300,0.00866700,0.00868700,467567.47568700
2025-11-19 13:00:00,0.00868700,0.00875100,0.00851900,0.00853200,1106873.41564600
2025-11-19 17:00:00,0.00853200,0.00857500,0.00823400,0.00829200,1549063.53562600
2025-11-19 21:00:00,0.00829200,0.00859800,0.00827400,0.00856100,1011291.15823800
2025-11-20 01:00:00,0.00856100,0.00866200,0.00852500,0.00863200,739223.03490700
2025-11-20 05:00:00,0.00863200,0.00869900,0.00859900,0.00869600,459016.89285800
2025-11-20 09:00:00,0.00869600,0.00870500,0.00860600,0.00867400,355323.30634500
2025-11-20 13:00:00,0.00867400,0.00883300,0.00864600,0.00869800,1187797.70819700
2025-11-20 17:00:00,0.00869800,0.00869900,0.00812100,0.00829200,2876646.97260400
2025-11-20 21:00:00,0.00829200,0.00849700,0.00820200,0.00824800,907931.47278100
2025-11-21 01:00:00,0.00824800,0.00839100,0.00813600,0.00821900,950588.33929200
2025-11-21 05:00:00,0.00821900,0.00824400,0.00760400,0.00788700,1708189.14788500
2025-11-21 09:00:00,0.00788700,0.00799700,0.00768800,0.00770300,1377871.15206600
2025-11-21 13:00:00,0.00770300,0.00800600,0.00755100,0.00780200,2258211.39865600
2025-11-21 17:00:00,0.00780200,0.00802900,0.00769500,0.00784800,1877641.35076500
2025-11-21 21:00:00,0.00784800,0.00792800,0.00760600,0.00783800,1335378.52168100
2025-11-22 01:00:00,0.00783800,0.00788900,0.00777800,0.00779600,602767.31755500
2025-11-22 05:00:00,0.00779600,0.00782600,0.00765800,0.00782100,817235.16574600
2025-11-22 09:00:00,0.00782100,0.00782200,0.00763500,0.00770100,879799.56409300
2025-11-22 13:00:00,0.00770100,0.00771900,0.00756100,0.00762400,1020537.47114200
2025-11-22 17:00:00,0.00762400,0.00771600,0.00761700,0.00769900,443349.66013200
2025-11-22 21:00:00,0.00769900,0.00788700,0.00765100,0.00779300,483643.90295900
2025-11-23 01:00:00,0.00779300,0.00792400,0.00776400,0.00790800,541920.55462300
2025-11-23 05:00:00,0.00790800,0.00799800,0.00785800,0.00790400,647979.68148800
2025-11-23 09:00:00,0.00790400,0.00797800,0.00787500,0.00791900,304052.45082400
2025-11-23 13:00:00,0.00791900,0.00803300,0.00789600,0.00801500,501710.17191500
2025-11-23 17:00:00,0.00801500,0.00804400,0.00788600,0.00795700,551843.87333700
2025-11-23 21:00:00,0.00795700,0.00798400,0.00784600,0.00785400,433403.83078100
2025-11-24 01:00:00,0.00785400,0.00803500,0.00778500,0.00800200,635726.07108700
2025-11-24 05:00:00,0.00800200,0.00815000,0.00789200,0.00799300,894473.95808500
2025-11-24 09:00:00,0.00799300,0.00804000,0.00787700,0.00795100,492183.60512500
2025-11-24 13:00:00,0.00795100,0.00809100,0.00788900,0.00805800,806996.94259600
2025-11-24 17:00:00,0.00805800,0.00837000,0.00805800,0.00833700,1118935.99379600
2025-11-24 21:00:00,0.00833700,0.00842400,0.00831100,0.00833000,715765.33227400
2025-11-25 01:00:00,0.00833000,0.00834800,0.00823900,0.00825900,591530.61453100
2025-11-25 05:00:00,0.00825900,0.00830700,0.00818200,0.00818600,653690.06166700
2025-11-25 09:00:00,0.00818600,0.00820500,0.00811300,0.00815500,489149.05466000
2025-11-25 13:00:00,0.00815500,0.00821100,0.00802600,0.00812900,838597.75645300
2025-11-25 17:00:00,0.00812900,0.00846500,0.00812400,0.00839100,1305475.90903300
2025-11-25 21:00:00,0.00839100,0.00890800,0.00837600,0.00879500,1453357.33893800
2025-11-26 01:00:00,0.00879500,0.00883500,0.00854900,0.00855500,906201.75542100
2025-11-26 05:00:00,0.00855500,0.00869600,0.00853700,0.00866200,599012.06708800
2025-11-26 09:00:00,0.00866200,0.00866600,0.00845400,0.00847100,679230.27925000
2025-11-26 13:00:00,0.00847100,0.00847500,0.00830300,0.00835000,1576253.97276600
2025-11-26 17:00:00,0.00835000,0.00868500,0.00835000,0.00867100,1064825.08090900
2025-11-26 21:00:00,0.00867100,0.00870600,0.00857200,0.00858400,1445755.41900300
2025-11-27 01:00:00,0.00858400,0.00867500,0.00855500,0.00858800,776881.64173000
2025-11-27 05:00:00,0.00858800,0.00863600,0.00852900,0.00856300,369224.14946800
2025-11-27 09:00:00,0.00856300,0.00861500,0.00852700,0.00853900,386499.97163400
2025-11-27 13:00:00,0.00853900,0.00872900,0.00851200,0.00872800,748771.38316400
2025-11-27 17:00:00,0.00872800,0.00878200,0.00867200,0.00877100,561507.26128200
2025-11-27 21:00:00,0.00877100,0.00884900,0.00872800,0.00875100,658376.82650300
2025-11-28 01:00:00,0.00875100,0.00877200,0.00865700,0.00870600,694698.70986000
2025-11-28 05:00:00,0.00870600,0.00875000,0.00866300,0.00873500,325539.61684000
2025-11-28 09:00:00,0.00873500,0.00912800,0.00873500,0.00885700,1932458.74749400
2025-11-28 13:00:00,0.00885700,0.00893500,0.00876100,0.00884900,1176236.86309800
2025-11-28 17:00:00,0.00884900,0.00885100,0.00859600,0.00870100,1216170.05855300
2025-11-28 21:00:00,0.00870100,0.00870600,0.00863400,0.00863800,353395.72390500
2025-11-29 01:00:00,0.00863800,0.00865600,0.00856900,0.00857700,447392.11594800
2025-11-29 05:00:00,0.00857700,0.00860500,0.00849000,0.00852900,450727.55738400
2025-11-29 09:00:00,0.00852900,0.00854600,0.00846800,0.00851200,325085.27278500
2025-11-29 13:00:00,0.00851200,0.00853300,0.00844900,0.00849000,362125.72977900
2025-11-29 17:00:00,0.00849000,0.00849300,0.00840500,0.00847100,548776.30539500
2025-11-29 21:00:00,0.00847100,0.00856100,0.00844900,0.00851800,343884.36342000
2025-11-30 01:00:00,0.00851800,0.00854900,0.00841900,0.00849200,326084.60984900
2025-11-30 05:00:00,0.00849200,0.00851900,0.00843500,0.00850200,188523.73952500
2025-11-30 09:00:00,0.00850200,0.00854300,0.00847300,0.00848400,343612.15688500
2025-11-30 13:00:00,0.00848400,0.00862500,0.00846800,0.00852200,944724.44690900
2025-11-30 17:00:00,0.00852200,0.00858500,0.00844800,0.00847900,501193.46651500
2025-11-30 21:00:00,0.00847900,0.00851600,0.00835800,0.00836400,476003.18885400
2025-12-01 01:00:00,0.00836400,0.00837600,0.00792800,0.00795000,1843888.94181900
2025-12-01 05:00:00,0.00795000,0.00803200,0.00793800,0.00799400,535832.09924300
2025-12-01 09:00:00,0.00799400,0.00804700,0.00796000,0.00799200,388434.97034000
2025-12-01 13:00:00,0.00799200,0.00805000,0.00784600,0.00796400,1226433.15684500
2025-12-01 17:00:00,0.00796400,0.00799200,0.00785600,0.00789200,808546.43363700
2025-12-01 21:00:00,0.00789200,0.00803100,0.00788600,0.00796700,737662.64815000
2025-12-02 01:00:00,0.00796700,0.00801900,0.00791700,0.00798300,445026.58387500
2025-12-02 05:00:00,0.00798300,0.00801200,0.00792600,0.00793500,504084.55882400
2025-12-02 09:00:00,0.00793500,0.00801000,0.00787900,0.00799400,448457.28350600
2025-12-02 13:00:00,0.00799400,0.00857900,0.00796900,0.00853000,1589624.68764200
2025-12-02 17:00:00,0.00853000,0.00856300,0.00843100,0.00845000,785363.25558700
2025-12-02 21:00:00,0.00845000,0.00853500,0.00839800,0.00845100,492706.46941300
2025-12-03 01:00:00,0.00845100,0.00860900,0.00844100,0.00858900,600823.05124300
2025-12-03 05:00:00,0.00858900,0.00877600,0.00855400,0.00873300,877073.88939100
2025-12-03 09:00:00,0.00873300,0.00893100,0.00869900,0.00890300,1149178.31797000
2025-12-03 13:00:00,0.00890300,0.00910400,0.00874500,0.00910400,1918967.22102700
2025-12-03 17:00:00,0.00910400,0.00949300,0.00894400,0.00896300,3690419.81337100
2025-12-03 21:00:00,0.00896300,0.00910400,0.00888700,0.00896900,1514004.98801400
2025-12-04 01:00:00,0.00896900,0.00901600,0.00888400,0.00888900,754737.00382300
2025-12-04 05:00:00,0.00888900,0.00890200,0.00878600,0.00882900,867347.48488500
2025-12-04 09:00:00,0.00882900,0.00884000,0.00875100,0.00876900,669694.09825100
2025-12-04 13:00:00,0.00876900,0.00888900,0.00870300,0.00887000,1245698.24016900
2025-12-04 17:00:00,0.00887000,0.00888800,0.00854500,0.00868700,1479773.74044500
2025-12-04 21:00:00,0.00868700,0.00875600,0.00866600,0.00869900,596240.00537200
2025-12-05 01:00:00,0.00869900,0.00877400,0.00866900,0.00867600,540614.92657100
2025-12-05 05:00:00,0.00867600,0.00869100,0.00855000,0.00861200,728904.13233400
2025-12-05 09:00:00,0.00861200,0.00861700,0.00837600,0.00840800,919064.59705800
2025-12-05 13:00:00,0.00840800,0.00847200,0.00830800,0.00838600,1111063.98047200
2025-12-05 17:00:00,0.00838600,0.00838600,0.00812800,0.00824600,1159152.53414000
2025-12-05 21:00:00,0.00824600,0.00830500,0.00822700,0.00830100,538307.81443500
2025-12-06 01:00:00,0.00830100,0.00833600,0.00825300,0.00829300,350889.95080100
2025-12-06 05:00:00,0.00829300,0.00837000,0.00826700,0.00834400,460495.46594200
2025-12-06 09:00:00,0.00834400,0.00844900,0.00829500,0.00844900,533549.79455800
2025-12-06 13:00:00,0.00844900,0.00862500,0.00837300,0.00837300,1408859.05179900
2025-12-06 17:00:00,0.00837300,0.00845100,0.00836200,0.00837700,543410.93933000
2025-12-06 21:00:00,0.00837700,0.00846000,0.00836600,0.00841800,380881.98902300
2025-12-07 01:00:00,0.00841800,0.00853900,0.00841800,0.00849500,388523.13320400
2025-12-07 05:00:00,0.00849500,0.00853100,0.00843600,0.00844500,274869.15724300
2025-12-07 09:00:00,0.00844500,0.00846800,0.00836900,0.00839600,360058.76739800
2025-12-07 13:00:00,0.00839600,0.00842600,0.00818000,0.00841300,1021328.70727400
2025-12-07 17:00:00,0.00841300,0.00857100,0.00834200,0.00851600,897586.14723600
2025-12-07 21:00:00,0.00851600,0.00852800,0.00822600,0.00832800,706696.18039500
2025-12-08 01:00:00,0.00832800,0.00843500,0.00827700,0.00836800,638097.42780200
2025-12-08 05:00:00,0.00836800,0.00848100,0.00836700,0.00842300,464420.12124200
2025-12-08 09:00:00,0.00842300,0.00852600,0.00840300,0.00847800,549702.67435200
2025-12-08 13:00:00,0.00847800,0.00861900,0.00844400,0.00849800,874154.24880200
2025-12-08 17:00:00,0.00849800,0.00857900,0.00839700,0.00844300,784401.29317000
2025-12-08 21:00:00,0.00844300,0.00859700,0.00844000,0.00856800,456115.63198000
2025-12-09 01:00:00,0.00856800,0.00860600,0.00844200,0.00852800,438835.53625700
2025-12-09 05:00:00,0.00852800,0.00859100,0.00840900,0.00858500,492040.11897800
2025-12-09 09:00:00,0.00858500,0.00860800,0.00847700,0.00852200,551986.39946900
2025-12-09 13:00:00,0.00852200,0.00883900,0.00851500,0.00882400,1293233.92613300
2025-12-09 17:00:00,0.00882400,0.00904200,0.00882500,0.00887400,3058280.45939400
2025-12-09 21:00:00,0.00887400,0.00889400,0.00865400,0.00871700,689083.83915600
2025-12-10 01:00:00,0.00871700,0.00873400,0.00856500,0.00860900,601938.00075500
2025-12-10 05:00:00,0.00860900,0.00862700,0.00853300,0.00857100,548735.17241900
2025-12-10 09:00:00,0.00857100,0.00863300,0.00848500,0.00851600,775300.75458100
2025-12-10 13:00:00,0.00851600,0.00854400,0.00846200,0.00849300,588825.00053000
2025-12-10 17:00:00,0.00849300,0.00883900,0.00848100,0.00875900,1332764.90772100
2025-12-10 21:00:00,0.00875900,0.00893000,0.00849900,0.00854300,1266503.49294400
2025-12-11 01:00:00,0.00854300,0.00854800,0.00822900,0.00825100,1046838.96150300
2025-12-11 05:00:00,0.00825100,0.00834700,0.00822200,0.00828100,771288.36325900
2025-12-11 09:00:00,0.00828100,0.00828100,0.00819400,0.00824000,639229.56245300
2025-12-11 13:00:00,0.00824000,0.00831800,0.00817400,0.00825900,801742.17809300
2025-12-11 17:00:00,0.00825900,0.00842000,0.00820300,0.00836400,819591.31976400
2025-12-11 21:00:00,0.00836400,0.00861200,0.00835900,0.00850000,780334.31934500
2025-12-12 01:00:00,0.00850000,0.00850800,0.00838500,0.00844200,514226.21312900
2025-12-12 05:00:00,0.00844200,0.00849100,0.00836400,0.00843900,433491.27448400
2025-12-12 09:00:00,0.00843900,0.00845500,0.00837900,0.00842100,396143.58678400
2025-12-12 13:00:00,0.00842100,0.00844300,0.00812200,0.00817300,1184409.40997300
2025-12-12 17:00:00,0.00817300,0.00826200,0.00804500,0.00818800,969529.36444200
2025-12-12 21:00:00,0.00818800,0.00829900,0.00815300,0.00827000,373308.31184300
2025-12-13 01:00:00,0.00827000,0.00836500,0.00827100,0.00834600,372383.03117800
2025-12-13 05:00:00,0.00834600,0.00838500,0.00830500,0.00834700,320815.97451200
2025-12-13 09:00:00,0.00834700,0.00839900,0.00834700,0.00837500,268104.77067700
2025-12-13 13:00:00,0.00837500,0.00844400,0.00832300,0.00834300,499774.09122400
2025-12-13 17:00:00,0.00834300,0.00837700,0.00832000,0.00832400,250470.77656000
2025-12-13 21:00:00,0.00832400,0.00835600,0.00826300,0.00834700,274067.35002400
2025-12-14 01:00:00,0.00834700,0.00838600,0.00833600,0.00835300,254598.82622800
2025-12-14 05:00:00,0.00835300,0.00836200,0.00823900,0.00826400,318447.17522700
2025-12-14 09:00:00,0.00826400,0.00827800,0.00813500,0.00820100,480907.59791000
2025-12-14 13:00:00,0.00820100,0.00822300,0.00805600,0.00808500,495831.50658400
2025-12-14 17:00:00,0.00808500,0.00810700,0.00802400,0.00807400,535328.62824800
2025-12-14 21:00:00,0.00807400,0.00811300,0.00797600,0.00806600,459383.23166600
2025-12-15 01:00:00,0.00806600,0.00826700,0.00805800,0.00817700,378936.01574600
2025-12-15 05:00:00,0.00817700,0.00822800,0.00814500,0.00815100,272547.08284600
2025-12-15 09:00:00,0.00815100,0.00821200,0.00812100,0.00820600,463217.90336100
2025-12-15 13:00:00,0.00820600,0.00822900,0.00786800,0.00791200,1049830.72557100
2025-12-15 17:00:00,0.00791200,0.00791500,0.00770200,0.00782300,897636.74603400
2025-12-15 21:00:00,0.00782300,0.00790300,0.00776600,0.00789500,388991.84352900
2025-12-16 01:00:00,0.00789500,0.00791900,0.00775800,0.00782600,540720.64880500
2025-12-16 05:00:00,0.00782600,0.00784400,0.00771000,0.00777100,602339.98665600
2025-12-16 09:00:00,0.00777100,0.00798300,0.00777000,0.00796000,659051.65612300
2025-12-16 13:00:00,0.00796000,0.00799300,0.00780300,0.00794200,1014146.65239800
2025-12-16 17:00:00,0.00794200,0.00795800,0.00784500,0.00791100,464133.14656800
2025-12-16 21:00:00,0.00791100,0.00793200,0.00784400,0.00786200,232573.25284400
2025-12-17 01:00:00,0.00786200,0.00789400,0.00780700,0.00782700,296583.09368500
2025-12-17 05:00:00,0.00782700,0.00783800,0.00775900,0.00780400,428469.22865700
2025-12-17 09:00:00,0.00780400,0.00780400,0.00771200,0.00776700,518138.80006800
2025-12-17 13:00:00,0.00776700,0.00804500,0.00768400,0.00772500,1537416.72228800
2025-12-17 17:00:00,0.00772500,0.00777100,0.00747100,0.00756500,1247809.38449400
2025-12-17 21:00:00,0.00756500,0.00760900,0.00745800,0.00752200,661983.49723100
2025-12-18 01:00:00,0.00752200,0.00753800,0.00742700,0.00747500,551788.50731200
2025-12-18 05:00:00,0.00747500,0.00750500,0.00741100,0.00745500,540313.14347100
2025-12-18 09:00:00,0.00745500,0.00753400,0.00744500,0.00746900,561707.92293000
2025-12-18 13:00:00,0.00746900,0.00751600,0.00726300,0.00744600,2491466.27883600
2025-12-18 17:00:00,0.00744600,0.00744900,0.00701400,0.00702400,1771679.52258700
2025-12-18 21:00:00,0.00702400,0.00711000,0.00699700,0.00703100,691140.21856000
2025-12-19 01:00:00,0.00703100,0.00735300,0.00699400,0.00726400,1077394.63043100
2025-12-19 05:00:00,0.00726400,0.00739700,0.00723600,0.00736500,567896.50894100
2025-12-19 09:00:00,0.00736500,0.00740300,0.00733500,0.00739100,481165.24027200
2025-12-19 13:00:00,0.00739100,0.00760500,0.00737800,0.00748300,983433.27092100
2025-12-19 17:00:00,0.00748300,0.00763900,0.00743300,0.00761300,747619.20453400
2025-12-19 21:00:00,0.00761300,0.00764800,0.00750400,0.00750900,371759.13273000
2025-12-20 01:00:00,0.00750900,0.00751400,0.00743900,0.00744000,259555.53039200
2025-12-20 05:00:00,0.00744000,0.00747800,0.00739100,0.00747400,299754.84979400
2025-12-20 09:00:00,0.00747400,0.00750300,0.00743800,0.00749600,265402.75051600
2025-12-20 13:00:00,0.00749600,0.00749700,0.00741100,0.00744200,334240.49593800
2025-12-20 17:00:00,0.00744200,0.00746000,0.00741900,0.00743700,133020.17813000
2025-12-20 21:00:00,0.00743700,0.00747100,0.00742000,0.00742800,124076.22885900
2025-12-21 01:00:00,0.00742800,0.00744200,0.00734100,0.00738600,213034.06986900
2025-12-21 05:00:00,0.00738600,0.00740900,0.00736200,0.00739700,130076.87020400
2025-12-21 09:00:00,0.00739700,0.00745100,0.00737200,0.00737600,240680.29476200
2025-12-21 13:00:00,0.00737600,0.00737800,0.00718200,0.00722600,600631.95432500
2025-12-21 17:00:00,0.00722600,0.00727400,0.00720300,0.00726300,328904.61766900
2025-12-21 21:00:00,0.00726300,0.00732200,0.00720700,0.00728200,183630.39248700
2025-12-22 01:00:00,0.00728200,0.00743400,0.00719300,0.00730100,545161.16605700
2025-12-22 05:00:00,0.00730100,0.00732100,0.00721500,0.00722600,314937.45604600
2025-12-22 09:00:00,0.00722600,0.00731300,0.00721100,0.00726600,528442.40154300
2025-12-22 13:00:00,0.00726600,0.00737400,0.00725500,0.00732200,849305.68080900
2025-12-22 17:00:00,0.00732200,0.00735300,0.00716200,0.00717700,528488.70894800
2025-12-22 21:00:00,0.00717700,0.00722000,0.00715000,0.00719700,509669.38747900
2025-12-23 01:00:00,0.00719700,0.00727500,0.00715600,0.00718700,499356.97119500
2025-12-23 05:00:00,0.00718700,0.00719900,0.00711200,0.00713900,528895.33394100
2025-12-23 09:00:00,0.00713900,0.00716900,0.00711700,0.00715400,459134.23363700
2025-12-23 13:00:00,0.00715400,0.00716200,0.00703100,0.00709800,721255.13811200
2025-12-23 17:00:00,0.00709800,0.00717900,0.00707800,0.00711000,574865.87071600
2025-12-23 21:00:00,0.00711000,0.00718400,0.00707700,0.00711800,318743.49868100
2025-12-24 01:00:00,0.00711800,0.00715700,0.00700800,0.00704500,618592.00638800
2025-12-24 05:00:00,0.00704500,0.00706400,0.00698300,0.00700700,474020.10672200
2025-12-24 09:00:00,0.00700700,0.00711700,0.00700300,0.00710400,405502.01622000
2025-12-24 13:00:00,0.00710400,0.00724100,0.00705400,0.00723100,780771.27125700
2025-12-24 17:00:00,0.00723100,0.00728000,0.00714200,0.00715100,512299.53346900
2025-12-24 21:00:00,0.00715100,0.00724100,0.00714800,0.00721500,256848.45737900
2025-12-25 01:00:00,0.00721500,0.00726900,0.00717000,0.00725100,262706.76985900
2025-12-25 05:00:00,0.00725100,0.00727400,0.00722500,0.00725200,273920.67111200
2025-12-25 09:00:00,0.00725200,0.00728600,0.00716000,0.00716800,350830.78201900
2025-12-25 13:00:00,0.00716800,0.00727500,0.00715600,0.00725900,374094.13759100
2025-12-25 17:00:00,0.00725900,0.00728200,0.00720400,0.00723700,454241.56660500
2025-12-25 21:00:00,0.00723700,0.00724400,0.00704600,0.00706300,639749.10210800
2025-12-26 01:00:00,0.00706300,0.00729400,0.00701500,0.00722200,829153.31251500
2025-12-26 05:00:00,0.00722200,0.00722500,0.00714400,0.00715700,328217.82020100
2025-12-26 09:00:00,0.00715700,0.00721800,0.00715400,0.00720300,286493.02355400
2025-12-26 13:00:00,0.00720300,0.00723800,0.00705400,0.00714000,655450.35889200
2025-12-26 17:00:00,0.00714000,0.00714900,0.00706200,0.00712900,412752.81216700
2025-12-26 21:00:00,0.00712900,0.00716600,0.00710200,0.00711900,188363.98034200
2025-12-27 01:00:00,0.00711900,0.00721900,0.00709900,0.00719600,360141.32067000
2025-12-27 05:00:00,0.00719600,0.00719900,0.00715300,0.00715800,395675.65954200
2025-12-27 09:00:00,0.00715800,0.00722400,0.00712800,0.00721600,349356.33504500
2025-12-27 13:00:00,0.00721600,0.00725200,0.00720800,0.00724500,309843.30558000
2025-12-27 17:00:00,0.00724500,0.00732800,0.00723100,0.00724100,489680.37702400
2025-12-27 21:00:00,0.00724100,0.00739600,0.00723100,0.00738100,495544.19963900
2025-12-28 01:00:00,0.00738100,0.00740900,0.00731500,0.00732900,333723.83904300
2025-12-28 05:00:00,0.00732900,0.00738600,0.00731800,0.00736700,185742.58239800
2025-12-28 09:00:00,0.00736700,0.00738400,0.00731000,0.00733100,241400.23871200
2025-12-28 13:00:00,0.00733100,0.00738900,0.00730300,0.00734700,321733.81790800
2025-12-28 17:00:00,0.00734700,0.00736900,0.00725900,0.00728500,340606.72436100
2025-12-28 21:00:00,0.00728500,0.00740700,0.00726600,0.00739700,443233.40863900
2025-12-29 01:00:00,0.00739700,0.00756500,0.00738600,0.00754800,838591.15857300
2025-12-29 05:00:00,0.00754800,0.00755400,0.00741300,0.00746200,504276.14383700
2025-12-29 09:00:00,0.00746200,0.00750700,0.00736800,0.00745100,762983.40403200
2025-12-29 13:00:00,0.00745100,0.00745300,0.00728600,0.00733000,1017160.36784000
2025-12-29 17:00:00,0.00733000,0.00734400,0.00722900,0.00725300,761465.24958800
2025-12-29 21:00:00,0.00725300,0.00727300,0.00717300,0.00719400,538036.21928800
2025-12-30 01:00:00,0.00719400,0.00719900,0.00713100,0.00715100,507638.20776100
2025-12-30 05:00:00,0.00715100,0.00719000,0.00713100,0.00716100,515963.08035900
2025-12-30 09:00:00,0.00716100,0.00725200,0.00715400,0.00719300,413476.04262100
2025-12-30 13:00:00,0.00719300,0.00723800,0.00711100,0.00715400,915204.57815100
2025-12-30 17:00:00,0.00715400,0.00721200,0.00707200,0.00712500,720212.37564300
2025-12-30 21:00:00,0.00712500,0.00712500,0.00706700,0.00709700,376977.00138200
2025-12-31 01:00:00,0.00709700,0.00710800,0.00704800,0.00706900,482299.81337100
2025-12-31 05:00:00,0.00706900,0.00709700,0.00706300,0.00709300,247799.88065500
2025-12-31 09:00:00,0.00709300,0.00713400,0.00705100,0.00709200,500320.82436700
2025-12-31 13:00:00,0.00709200,0.00712700,0.00698300,0.00698800,1020964.48989000
2025-12-31 17:00:00,0.00698800,0.00700100,0.00681700,0.00686600,1398356.20936200
2025-12-31 21:00:00,0.00686600,0.00693100,0.00683000,0.00690700,518314.70101500
2026-01-01 01:00:00,0.00690700,0.00696800,0.00689400,0.00693200,506004.94944500
2026-01-01 05:00:00,0.00693200,0.00700800,0.00691600,0.00697400,338396.32435400
2026-01-01 09:00:00,0.00697400,0.00705200,0.00697100,0.00704100,257396.88253900
2026-01-01 13:00:00,0.00704100,0.00722900,0.00700500,0.00717900,750111.23445800
2026-01-01 17:00:00,0.00717900,0.00735200,0.00716500,0.00735200,1107245.65975500
2026-01-01 21:00:00,0.00735200,0.00752600,0.00733400,0.00746400,1023938.95342300
2026-01-02 01:00:00,0.00746400,0.00756500,0.00733500,0.00753600,946465.28118300
2026-01-02 05:00:00,0.00753600,0.00755300,0.00742200,0.00743800,516609.76387600
2026-01-02 09:00:00,0.00743800,0.00765500,0.00743000,0.00752900,1212077.34558600
2026-01-02 13:00:00,0.00752900,0.00785400,0.00752100,0.00781400,1922743.70700300
2026-01-02 17:00:00,0.00781400,0.00830200,0.00780800,0.00811900,3202525.57680200
2026-01-02 21:00:00,0.00811900,0.00824500,0.00808200,0.00811800,1163510.22945200
2026-01-03 01:00:00,0.00811800,0.00820900,0.00803300,0.00815000,801551.07152200
2026-01-03 05:00:00,0.00815000,0.00815600,0.00784000,0.00786500,1047607.17487800
2026-01-03 09:00:00,0.00786500,0.00794400,0.00783200,0.00787500,571233.19848900
2026-01-03 13:00:00,0.00787500,0.00794900,0.00786100,0.00794300,631948.31514000
2026-01-03 17:00:00,0.00794300,0.00810200,0.00793200,0.00804200,643837.26906600
2026-01-03 21:00:00,0.00804200,0.00811100,0.00798500,0.00808100,466939.12290500
2026-01-04 01:00:00,0.00808100,0.00843700,0.00807100,0.00835700,1123952.61666600
2026-01-04 05:00:00,0.00835700,0.00855900,0.00830700,0.00849800,1321092.58296100
2026-01-04 09:00:00,0.00849800,0.00880100,0.00842200,0.00879900,1963981.12285100
2026-01-04 13:00:00,0.00879900,0.00906200,0.00873400,0.00886200,3199082.94023700
2026-01-04 17:00:00,0.00886200,0.00939500,0.00884400,0.00905400,4577895.21183100
2026-01-04 21:00:00,0.00905400,0.00917700,0.00893600,0.00903600,1616953.87213300
2026-01-05 01:00:00,0.00903600,0.00912900,0.00881200,0.00883200,1823176.88876300
2026-01-05 05:00:00,0.00883200,0.00884300,0.00862400,0.00872800,1288903.53415100
2026-01-05 09:00:00,0.00872800,0.00874800,0.00858500,0.00868800,1317795.62835800
2026-01-05 13:00:00,0.00868800,0.00890200,0.00864600,0.00888800,1724861.04240500
2026-01-05 17:00:00,0.00888800,0.01007600,0.00886600,0.00918600,10900784.27461300
2026-01-05 21:00:00,0.00918600,0.00939700,0.00913700,0.00925900,2944469.42099500
2026-01-06 01:00:00,0.00925900,0.00962200,0.00912800,0.00957000,2764553.36672900
2026-01-06 05:00:00,0.00957000,0.00959600,0.00913500,0.00917800,2098182.11290100
2026-01-06 09:00:00,0.00917800,0.00935900,0.00913600,0.00929800,1589331.14389100
2026-01-06 13:00:00,0.00929800,0.00950900,0.00917400,0.00924100,2483854.34604800
2026-01-06 17:00:00,0.00924100,0.00929100,0.00881300,0.00894100,3050962.77311700
2026-01-06 21:00:00,0.00894100,0.00914000,0.00894000,0.00911800,864713.46389300
2026-01-07 01:00:00,0.00911800,0.00913300,0.00889300,0.00895600,792106.33398400
2026-01-07 05:00:00,0.00895600,0.00910000,0.00890100,0.00909500,589726.15884400
2026-01-07 09:00:00,0.00909500,0.00924700,0.00896400,0.00901600,1879392.96600200
2026-01-07 13:00:00,0.00901600,0.00902100,0.00880800,0.00885800,1696077.48895500
2026-01-07 17:00:00,0.00885800,0.00896300,0.00875900,0.00881900,1173649.67804800
2026-01-07 21:00:00,0.00881900,0.00894100,0.00871500,0.00878600,1072213.03719000
2026-01-08 01:00:00,0.00878600,0.00886700,0.00870200,0.00873400,807557.99318400
2026-01-08 05:00:00,0.00873400,0.00885600,0.00861200,0.00875100,931519.78026700
2026-01-08 09:00:00,0.00875100,0.00881800,0.00856100,0.00861200,1276473.87699800
2026-01-08 13:00:00,0.00861200,0.00883100,0.00846800,0.00881200,2239053.47461800
2026-01-08 17:00:00,0.00881200,0.00882300,0.00866900,0.00867900,907657.00923900
2026-01-08 21:00:00,0.00867900,0.00884900,0.00860400,0.00874600,1218189.10047400
2026-01-09 01:00:00,0.00874600,0.00879400,0.00865800,0.00879400,989098.50008900
2026-01-09 05:00:00,0.00879400,0.00880600,0.00869900,0.00875600,796854.95065300
2026-01-09 09:00:00,0.00875600,0.00877200,0.00860600,0.00868500,2025012.62338400
2026-01-09 13:00:00,0.00868500,0.00887600,0.00859600,0.00875900,1401414.62952200
2026-01-09 17:00:00,0.00875900,0.00887600,0.00855200,0.00856200,682931.67014400
2026-01-09 21:00:00,0.00856200,0.00870200,0.00853500,0.00867100,786405.05421300
2026-01-10 01:00:00,0.00867100,0.00867400,0.00859400,0.00863600,314972.07663600
2026-01-10 05:00:00,0.00863600,0.00866500,0.00855600,0.00863900,386461.33994900
2026-01-10 09:00:00,0.00863900,0.00868600,0.00861900,0.00864300,219504.81459400
2026-01-10 13:00:00,0.00864300,0.00870400,0.00863300,0.00865100,252276.63946800
2026-01-10 17:00:00,0.00865100,0.00872500,0.00863000,0.00871600,360821.56480300
2026-01-10 21:00:00,0.00871600,0.00874600,0.00860400,0.00865300,377494.35474600
2026-01-11 01:00:00,0.00865300,0.00869200,0.00861700,0.00866500,240758.04239000
2026-01-11 05:00:00,0.00866500,0.00869900,0.00861500,0.00867900,385002.26549800
2026-01-11 09:00:00,0.00867900,0.00870100,0.00864500,0.00866200,241754.50241900
2026-01-11 13:00:00,0.00866200,0.00872300,0.00850200,0.00853800,1224996.16317600
2026-01-11 17:00:00,0.00853800,0.00864700,0.00851200,0.00851900,422833.77728700
2026-01-11 21:00:00,0.00851900,0.00851800,0.00834600,0.00845900,1132828.77102200
2026-01-12 01:00:00,0.00845900,0.00875200,0.00836100,0.00863600,2538808.58319600
2026-01-12 05:00:00,0.00863600,0.00869400,0.00845900,0.00847900,1343687.16336500
2026-01-12 09:00:00,0.00847900,0.00852500,0.00838400,0.00841900,648559.74526100
2026-01-12 13:00:00,0.00841900,0.00851400,0.00825500,0.00850700,965750.48622100
2026-01-12 17:00:00,0.00850700,0.00860200,0.00842300,0.00846900,1193776.66678400
2026-01-12 21:00:00,0.00846900,0.00851200,0.00832100,0.00837200,681140.90243500
2026-01-13 01:00:00,0.00837200,0.00858100,0.00836800,0.00851800,585268.72788600
2026-01-13 05:00:00,0.00851800,0.00865100,0.00850900,0.00858400,511613.60245800
2026-01-13 09:00:00,0.00858400,0.00864400,0.00856100,0.00858500,714674.87246000
2026-01-13 13:00:00,0.00858500,0.00879700,0.00858400,0.00878600,1558271.80771600
2026-01-13 17:00:00,0.00878600,0.00888500,0.00874700,0.00882300,1374533.80942600
2026-01-13 21:00:00,0.00882300,0.00911500,0.00875600,0.00898500,1667122.73744400
2026-01-14 01:00:00,0.00898500,0.00905100,0.00884100,0.00895900,1003623.26141000
2026-01-14 05:00:00,0.00895900,0.00897100,0.00877200,0.00879300,926923.49906200
2026-01-14 09:00:00,0.00879300,0.00883100,0.00865800,0.00868400,857929.14935500
2026-01-14 13:00:00,0.00868400,0.00889100,0.00865100,0.00879400,2100862.95976100
2026-01-14 17:00:00,0.00879400,0.00905000,0.00870700,0.00879800,2462991.94221300
2026-01-14 21:00:00,0.00879800,0.00885500,0.00866800,0.00872900,525791.27019600
2026-01-15 01:00:00,0.00872900,0.00875300,0.00847400,0.00849300,1275582.10379600
2026-01-15 05:00:00,0.00849300,0.00862200,0.00848200,0.00860400,434837.40962300
2026-01-15 09:00:00,0.00860400,0.00866400,0.00854600,0.00856200,904422.59724300
2026-01-15 13:00:00,0.00856200,0.00861700,0.00833700,0.00847500,1171558.78031000
2026-01-15 17:00:00,0.00847500,0.00849200,0.00827900,0.00835500,845619.20119400
2026-01-15 21:00:00,0.00835500,0.00842100,0.00829400,0.00841100,391724.60070100
2026-01-16 01:00:00,0.00841100,0.00846000,0.00837600,0.00839100,492902.88021400
2026-01-16 05:00:00,0.00839100,0.00846700,0.00833300,0.00845400,381537.69805300
2026-01-16 09:00:00,0.00845400,0.00852700,0.00842400,0.00844800,413563.28973200
2026-01-16 13:00:00,0.00844800,0.00846200,0.00813600,0.00819100,890070.86150000
2026-01-16 17:00:00,0.00819100,0.00836200,0.00816500,0.00834300,550651.48798900
2026-01-16 21:00:00,0.00834300,0.00860900,0.00830600,0.00854900,957137.29571400
2026-01-17 01:00:00,0.00854900,0.00858900,0.00846500,0.00849100,624460.89685100
2026-01-17 05:00:00,0.00849100,0.00853800,0.00845700,0.00851200,469232.25362700
2026-01-17 09:00:00,0.00851200,0.00856500,0.00847400,0.00848300,332534.99752300
2026-01-17 13:00:00,0.00848300,0.00859100,0.00847600,0.00858100,364488.23340600
2026-01-17 17:00:00,0.00858100,0.00858900,0.00848100,0.00852800,464818.90639600
2026-01-17 21:00:00,0.00852800,0.00854900,0.00843400,0.00847900,596583.55810500
2026-01-18 01:00:00,0.00847900,0.00851800,0.00837300,0.00839500,611257.94473500
2026-01-18 05:00:00,0.00839500,0.00841100,0.00833700,0.00837000,324064.24127300
2026-01-18 09:00:00,0.00837000,0.00841400,0.00834500,0.00838800,465589.58130200
2026-01-18 13:00:00,0.00838800,0.00841600,0.00832700,0.00837300,447646.48343100
2026-01-18 17:00:00,0.00837300,0.00845900,0.00832500,0.00837600,679980.02140000
2026-01-18 21:00:00,0.00837600,0.00841700,0.00806700,0.00809200,1150810.69440100
2026-01-19 01:00:00,0.00809200,0.00809100,0.00743700,0.00787200,2043578.78446800
2026-01-19 05:00:00,0.00787200,0.00789900,0.00782500,0.00785700,326568.47724900
2026-01-19 09:00:00,0.00785700,0.00791800,0.00783200,0.00787400,284475.99970800
2026-01-19 13:00:00,0.00787400,0.00790600,0.00781000,0.00787200,368347.47394700
2026-01-19 17:00:00,0.00787200,0.00809300,0.00786600,0.00806400,437188.07156100
2026-01-19 21:00:00,0.00806400,0.00813600,0.00800100,0.00813600,524750.85583700
2026-01-20 01:00:00,0.00813600,0.00814600,0.00798200,0.00801300,498962.86002800
2026-01-20 05:00:00,0.00801300,0.00810300,0.00792600,0.00792800,695793.05614600
2026-01-20 09:00:00,0.00792800,0.00793200,0.00781500,0.00782000,631066.33380900
2026-01-20 13:00:00,0.00782000,0.00795700,0.00778600,0.00785900,941086.11702200
2026-01-20 17:00:00,0.00785900,0.00788700,0.00770500,0.00776000,621024.40794800
2026-01-20 21:00:00,0.00776000,0.00783300,0.00763500,0.00772400,600113.78479500
2026-01-21 01:00:00,0.00772400,0.00797800,0.00771700,0.00790300,516267.25391800
2026-01-21 05:00:00,0.00790300,0.00800400,0.00789700,0.00793500,308499.28785400
2026-01-21 09:00:00,0.00793500,0.00793400,0.00781700,0.00782700,350238.74567900
2026-01-21 13:00:00,0.00782700,0.00800700,0.00773600,0.00799600,881123.98555300
2026-01-21 17:00:00,0.00799600,0.00805700,0.00765500,0.00804300,1583268.21319100
2026-01-21 21:00:00,0.00804300,0.00817100,0.00794100,0.00797700,1180437.90757400
2026-01-22 01:00:00,0.00797700,0.00807400,0.00795800,0.00798500,416651.74558600
2026-01-22 05:00:00,0.00798500,0.00799800,0.00786900,0.00790500,270248.39785900
2026-01-22 09:00:00,0.00790500,0.00797900,0.00787800,0.00792600,277584.51439400
2026-01-22 13:00:00,0.00792600,0.00794900,0.00773300,0.00782300,828004.66840200
2026-01-22 17:00:00,0.00782300,0.00790800,0.00779900,0.00787800,384048.58245800
2026-01-22 21:00:00,0.00787800,0.00788100,0.00778500,0.00781700,465611.08630200
2026-01-23 01:00:00,0.00781700,0.00794100,0.00778900,0.00793300,353833.01585200
2026-01-23 05:00:00,0.00793300,0.00796400,0.00789100,0.00790400,203638.32271000
2026-01-23 09:00:00,0.00790400,0.00790800,0.00781400,0.00785800,285855.28592500
2026-01-23 13:00:00,0.00785800,0.00793400,0.00773800,0.00792900,541664.62113700
2026-01-23 17:00:00,0.00792900,0.00814800,0.00789300,0.00792700,949798.82621200
2026-01-23 21:00:00,0.00792700,0.00792800,0.00783800,0.00787800,342305.92596800
2026-01-24 01:00:00,0.00787800,0.00789400,0.00782600,0.00785700,205537.91152900
2026-01-24 05:00:00,0.00785700,0.00789200,0.00785100,0.00785900,126856.53802100
2026-01-24 09:00:00,0.00785900,0.00791500,0.00785200,0.00788200,181395.20945400
2026-01-24 13:00:00,0.00788200,0.00789800,0.00778400,0.00778700,439323.31416100
2026-01-24 17:00:00,0.00778700,0.00782900,0.00776200,0.00780300,163374.21582100
2026-01-24 21:00:00,0.00780300,0.00785600,0.00779900,0.00781400,170087.47683500
2026-01-25 01:00:00,0.00781400,0.00782900,0.00773200,0.00775700,211643.42844000
2026-01-25 05:00:00,0.00775700,0.00778600,0.00773200,0.00776300,135242.34659000
2026-01-25 09:00:00,0.00776300,0.00780000,0.00771700,0.00777300,194005.50637400
2026-01-25 13:00:00,0.00777300,0.00777600,0.00769100,0.00771100,212114.60446500
2026-01-25 17:00:00,0.00771100,0.00771100,0.00736400,0.00740700,1861395.66491900
2026-01-25 21:00:00,0.00740700,0.00752200,0.00739800,0.00750700,394479.14165700
2026-01-26 01:00:00,0.00750700,0.00770500,0.00750700,0.00761400,421867.89234400
2026-01-26 05:00:00,0.00761400,0.00773300,0.00761500,0.00769700,297638.84403700
2026-01-26 09:00:00,0.00769700,0.00776900,0.00763600,0.00765200,340391.38659100
2026-01-26 13:00:00,0.00765200,0.00779100,0.00762200,0.00770600,630552.17809400
2026-01-26 17:00:00,0.00770600,0.00778600,0.00768500,0.00772400,670683.99311500
2026-01-26 21:00:00,0.00772400,0.00774000,0.00764700,0.00769600,608844.39897900
2026-01-27 01:00:00,0.00769600,0.00778800,0.00768000,0.00773200,532703.90223700
2026-01-27 05:00:00,0.00773200,0.00777000,0.00765600,0.00766800,646343.85801700
2026-01-27 09:00:00,0.00766800,0.00768200,0.00762500,0.00764900,421555.85281900
2026-01-27 13:00:00,0.00764900,0.00770100,0.00761400,0.00769900,490453.78351800
2026-01-27 17:00:00,0.00769900,0.00783500,0.00763500,0.00779700,1256728.95567400
2026-01-27 21:00:00,0.00779700,0.00789700,0.00779000,0.00783700,703970.23965800
2026-01-28 01:00:00,0.00783700,0.00785200,0.00775300,0.00776200,427027.46720000
2026-01-28 05:00:00,0.00776200,0.00779200,0.00772500,0.00774700,265430.84996700
2026-01-28 09:00:00,0.00774700,0.00787300,0.00772100,0.00787100,645977.40845600
2026-01-28 13:00:00,0.00787100,0.00787400,0.00771300,0.00774200,770059.58021600
2026-01-28 17:00:00,0.00774200,0.00781300,0.00769300,0.00778400,892222.60764500
2026-01-28 21:00:00,0.00778400,0.00785700,0.00773000,0.00779900,496800.51991800
2026-01-29 01:00:00,0.00779900,0.00781900,0.00758100,0.00762200,728327.68572500
2026-01-29 05:00:00,0.00762200,0.00762500,0.00756700,0.00759900,342198.94848300
2026-01-29 09:00:00,0.00759900,0.00762100,0.00753500,0.00753900,330792.41241400
2026-01-29 13:00:00,0.00753900,0.00754300,0.00720100,0.00728900,1794530.22367300
2026-01-29 17:00:00,0.00728900,0.00744500,0.00720700,0.00727800,1304225.78513200
2026-01-29 21:00:00,0.00727800,0.00738000,0.00726700,0.00735100,440502.26621200
2026-01-30 01:00:00,0.00735100,0.00737300,0.00710500,0.00717900,1414225.75994000
2026-01-30 05:00:00,0.00717900,0.00726600,0.00710700,0.00724500,568266.53082400
2026-01-30 09:00:00,0.00724500,0.00733600,0.00716900,0.00731500,379871.16662700
2026-01-30 13:00:00,0.00731500,0.00735200,0.00720800,0.00727300,811717.90005000
2026-01-30 17:00:00,0.00727300,0.00737900,0.00711600,0.00731700,981787.81547200
2026-01-30 21:00:00,0.00731700,0.00731700,0.00717700,0.00722600,707600.25354400
2026-01-31 01:00:00,0.00722600,0.00722900,0.00713200,0.00715600,228165.57466300
2026-01-31 05:00:00,0.00715600,0.00717300,0.00703200,0.00708700,357119.72339600
2026-01-31 09:00:00,0.00708700,0.00709400,0.00696800,0.00703900,476893.89150800
2026-01-31 13:00:00,0.00703900,0.00704600,0.00669000,0.00682500,1399232.66384700
2026-01-31 17:00:00,0.00682500,0.00688300,0.00615900,0.00654800,3664302.08960700
2026-01-31 21:00:00,0.00654800,0.00681800,0.00648900,0.00679900,936800.14275300
2026-02-01 01:00:00,0.00679900,0.00686100,0.00674300,0.00682300,696078.79247000
2026-02-01 05:00:00,0.00682300,0.00690200,0.00680200,0.00684700,583020.53919600
2026-02-01 09:00:00,0.00684700,0.00685800,0.00671500,0.00679200,759336.06716400
2026-02-01 13:00:00,0.00679200,0.00683400,0.00656500,0.00663100,846697.13422100
2026-02-01 17:00:00,0.00663100,0.00675500,0.00656100,0.00664400,755122.00565700
2026-02-01 21:00:00,0.00664400,0.00671500,0.00647000,0.00661900,942367.37377500
2026-02-02 01:00:00,0.00661900,0.00680000,0.00645700,0.00666900,990730.44372700
2026-02-02 05:00:00,0.00666900,0.00681000,0.00645600,0.00664600,1088705.94469200
2026-02-02 09:00:00,0.00664600,0.00678600,0.00663200,0.00673200,567692.05670700
2026-02-02 13:00:00,0.00673200,0.00701800,0.00672200,0.00698200,873615.28041700
2026-02-02 17:00:00,0.00698200,0.00699200,0.00686500,0.00688900,689094.42012600
2026-02-02 21:00:00,0.00688900,0.00692100,0.00685000,0.00687100,357068.87680600
2026-02-03 01:00:00,0.00687100,0.00689500,0.00676600,0.00685600,390510.79333400
2026-02-03 05:00:00,0.00685600,0.00690800,0.00678700,0.00688100,674958.90892600
2026-02-03 09:00:00,0.00688100,0.00692900,0.00676300,0.00680000,598765.13097100
2026-02-03 13:00:00,0.00680000,0.00702800,0.00678000,0.00699800,710369.00134300
2026-02-03 17:00:00,0.00699800,0.00700100,0.00648300,0.00673000,1696441.95705600
2026-02-03 21:00:00,0.00673000,0.00698800,0.00666100,0.00669900,1094685.46778200
2026-02-04 01:00:00,0.00669900,0.00683300,0.00666700,0.00678600,473234.65324200
2026-02-04 05:00:00,0.00678600,0.00681900,0.00672200,0.00678500,289578.78769200
2026-02-04 09:00:00,0.00678500,0.00682600,0.00670400,0.00676600,529279.66770000
2026-02-04 13:00:00,0.00676600,0.00678800,0.00652300,0.00659300,956834.39842500
2026-02-04 17:00:00,0.00659300,0.00674500,0.00648100,0.00673400,1429821.23948800
2026-02-04 21:00:00,0.00673400,0.00674100,0.00649300,0.00662800,719319.68466200
2026-02-05 01:00:00,0.00662800,0.00669000,0.00653100,0.00654400,794176.47813500
2026-02-05 05:00:00,0.00654400,0.00659000,0.00641100,0.00642500,881602.05454000
2026-02-05 09:00:00,0.00642500,0.00653600,0.00619000,0.00628200,1138684.89530300
2026-02-05 13:00:00,0.00628200,0.00635200,0.00588300,0.00601100,2310992.36243400
2026-02-05 17:00:00,0.00601100,0.00611000,0.00577600,0.00584100,2044017.79356200
2026-02-05 21:00:00,0.00584100,0.00588400,0.00557600,0.00562200,2484313.02002300
2026-02-06 01:00:00,0.00562200,0.00585000,0.00507400,0.00572400,4045306.24081200
2026-02-06 05:00:00,0.00572400,0.00601900,0.00570200,0.00583400,1084094.21455500
2026-02-06 09:00:00,0.00583400,0.00603300,0.00580100,0.00600800,798395.44264100
2026-02-06 13:00:00,0.00600800,0.00619000,0.00596700,0.00616700,1463817.92072900
2026-02-06 17:00:00,0.00616700,0.00641500,0.00615100,0.00627900,1208055.86023400
2026-02-06 21:00:00,0.00627900,0.00640300,0.00621300,0.00632100,576361.37118000
2026-02-07 01:00:00,0.00632100,0.00632200,0.00621300,0.00628900,701431.73719300
2026-02-07 05:00:00,0.00628900,0.00635100,0.00602800,0.00608400,1200950.02946400
2026-02-07 09:00:00,0.00608400,0.00612700,0.00601200,0.00604800,440984.65142500
2026-02-07 13:00:00,0.00604800,0.00624300,0.00604100,0.00620700,655987.84449100
2026-02-07 17:00:00,0.00620700,0.00642000,0.00619400,0.00629900,2402014.45915700
2026-02-07 21:00:00,0.00629900,0.00637300,0.00626100,0.00631600,317541.45309800
2026-02-08 01:00:00,0.00631600,0.00632200,0.00619900,0.00620500,309764.44638300
2026-02-08 05:00:00,0.00620500,0.00622500,0.00615000,0.00618900,300356.81692300
2026-02-08 09:00:00,0.00618900,0.00630500,0.00616200,0.00627900,445384.36552200
2026-02-08 13:00:00,0.00627900,0.00628300,0.00616900,0.00619000,454208.95468600
2026-02-08 17:00:00,0.00619000,0.00619700,0.00606000,0.00618000,540784.18120900
2026-02-08 21:00:00,0.00618000,0.00624200,0.00607100,0.00611400,626366.62430300
2026-02-09 01:00:00,0.00611400,0.00620100,0.00606900,0.00618900,435928.87563100
2026-02-09 05:00:00,0.00618900,0.00618800,0.00609100,0.00610000,259604.04809400
2026-02-09 09:00:00,0.00610000,0.00610500,0.00589300,0.00596700,616349.00785700
2026-02-09 13:00:00,0.00596700,0.00609700,0.00595300,0.00609100,538014.33959700
2026-02-09 17:00:00,0.00609100,0.00619600,0.00604600,0.00615800,722225.75200100
2026-02-09 21:00:00,0.00615800,0.00617500,0.00606500,0.00610500,307360.81973200
2026-02-10 01:00:00,0.00610500,0.00613400,0.00599900,0.00603500,487201.63805100
2026-02-10 05:00:00,0.00603500,0.00608200,0.00594700,0.00597200,616764.03619500
2026-02-10 09:00:00,0.00597200,0.00601000,0.00595100,0.00597200,363758.31987700
2026-02-10 13:00:00,0.00597200,0.00608400,0.00596100,0.00603000,892730.45821500
2026-02-10 17:00:00,0.00603000,0.00607100,0.00594900,0.00600500,474828.38531100
2026-02-10 21:00:00,0.00600500,0.00603600,0.00596900,0.00601100,269160.92150200
2026-02-11 01:00:00,0.00601100,0.00606100,0.00596500,0.00600500,203833.46804200
2026-02-11 05:00:00,0.00600500,0.00601200,0.00582500,0.00583400,599654.77989000
2026-02-11 09:00:00,0.00583400,0.00585400,0.00576300,0.00581600,329357.41292300
2026-02-11 13:00:00,0.00581600,0.00603500,0.00574800,0.00580800,1521256.31746600
2026-02-11 17:00:00,0.00580800,0.00591400,0.00576700,0.00588700,624834.81603800
2026-02-11 21:00:00,0.00588700,0.00597600,0.00585600,0.00591100,342583.04011900
2026-02-12 01:00:00,0.00591100,0.00601700,0.00590900,0.00598500,451017.33322800
2026-02-12 05:00:00,0.00598500,0.00611200,0.00596500,0.00609800,339973.31787500
2026-02-12 09:00:00,0.00609800,0.00618500,0.00605100,0.00613100,432430.02228800
2026-02-12 13:00:00,0.00613100,0.00618800,0.00606600,0.00607400,554512.41179500
2026-02-12 17:00:00,0.00607400,0.00609000,0.00592600,0.00600400,797133.86499000
2026-02-12 21:00:00,0.00600400,0.00605800,0.00593300,0.00604500,658307.73704200
2026-02-13 01:00:00,0.00604500,0.00606800,0.00596500,0.00599100,404755.00448500
2026-02-13 05:00:00,0.00599100,0.00603900,0.00594000,0.00602300,243852.85028300
2026-02-13 09:00:00,0.00602300,0.00611600,0.00601800,0.00610400,311508.00397900
2026-02-13 13:00:00,0.00610400,0.00638800,0.00606900,0.00627200,1178267.33602400
2026-02-13 17:00:00,0.00627200,0.00637800,0.00625100,0.00631300,538305.16406500
2026-02-13 21:00:00,0.00631300,0.00639400,0.00630100,0.00631400,823620.55905000
2026-02-14 01:00:00,0.00631400,0.00639900,0.00629300,0.00638600,449303.58097500
2026-02-14 05:00:00,0.00638600,0.00639300,0.00632800,0.00634900,281080.20675000
2026-02-14 09:00:00,0.00634900,0.00655600,0.00634200,0.00653500,650626.85361300
2026-02-14 13:00:00,0.00653500,0.00664200,0.00642700,0.00664100,538274.96849400
2026-02-14 17:00:00,0.00664100,0.00692100,0.00659700,0.00690900,1088783.36415100
2026-02-14 21:00:00,0.00690900,0.00724500,0.00681600,0.00702800,1990068.89446300
2026-02-15 01:00:00,0.00702800,0.00704400,0.00682000,0.00695400,1172368.47723600
2026-02-15 05:00:00,0.00695400,0.00715300,0.00693700,0.00698700,1151472.41240200
2026-02-15 09:00:00,0.00698700,0.00700500,0.00677500,0.00680000,864722.04286500
2026-02-15 13:00:00,0.00680000,0.00680900,0.00651600,0.00659800,1531472.34648000
2026-02-15 17:00:00,0.00659800,0.00661000,0.00642300,0.00645500,1014345.84881000
2026-02-15 21:00:00,0.00645500,0.00655600,0.00642500,0.00654100,602053.58773900
2026-02-16 01:00:00,0.00654100,0.00662300,0.00653300,0.00658200,425755.82703000
2026-02-16 05:00:00,0.00658200,0.00668200,0.00657400,0.00661400,400677.53786800
2026-02-16 09:00:00,0.00661400,0.00667400,0.00648800,0.00656300,755128.07412600
2026-02-16 13:00:00,0.00656300,0.00669100,0.00641600,0.00645400,940079.76382800
2026-02-16 17:00:00,0.00645400,0.00654900,0.00644600,0.00651700,388158.32153900
2026-02-16 21:00:00,0.00651700,0.00661700,0.00649700,0.00656900,497824.19102600
2026-02-17 01:00:00,0.00656900,0.00659000,0.00650900,0.00653200,374567.15557800
2026-02-17 05:00:00,0.00653200,0.00656500,0.00650100,0.00654100,214594.75246900
2026-02-17 09:00:00,0.00654100,0.00655800,0.00645300,0.00649600,283601.56291300
2026-02-17 13:00:00,0.00649600,0.00657800,0.00642300,0.00649700,561369.89792000
2026-02-17 17:00:00,0.00649700,0.00661500,0.00645400,0.00651100,901924.86247100
2026-02-17 21:00:00,0.00651100,0.00654700,0.00646700,0.00651400,239554.01303500
2026-02-18 01:00:00,0.00651400,0.00652500,0.00645200,0.00651200,372165.50713600
2026-02-18 05:00:00,0.00651200,0.00654800,0.00648200,0.00653100,185121.69703500
2026-02-18 09:00:00,0.00653100,0.00655400,0.00639700,0.00644700,401117.35730800
2026-02-18 13:00:00,0.00644700,0.00654400,0.00638500,0.00648100,502965.63920000
2026-02-18 17:00:00,0.00648100,0.00648500,0.00626300,0.00630400,767924.47751200
2026-02-18 21:00:00,0.00630400,0.00634300,0.00626300,0.00629600,340350.64717300
2026-02-19 01:00:00,0.00629600,0.00632900,0.00627300,0.00630600,232627.10645800
2026-02-19 05:00:00,0.00630600,0.00632100,0.00624200,0.00629700,279010.53771400
2026-02-19 09:00:00,0.00629700,0.00629700,0.00619100,0.00619600,446021.82512900
2026-02-19 13:00:00,0.00619600,0.00622800,0.00612600,0.00616000,816895.91798200
2026-02-19 17:00:00,0.00616000,0.00624400,0.00611200,0.00619100,529342.12637300
2026-02-19 21:00:00,0.00619100,0.00620800,0.00616200,0.00620300,289625.21588600
2026-02-20 01:00:00,0.00620300,0.00627100,0.00619100,0.00623700,254961.44188800
2026-02-20 05:00:00,0.00623700,0.00628400,0.00617400,0.00626200,322193.74253400
2026-02-20 09:00:00,0.00626200,0.00633600,0.00625600,0.00626800,875755.40892600
2026-02-20 13:00:00,0.00626800,0.00643500,0.00617100,0.00642700,995928.89429500
2026-02-20 17:00:00,0.00642700,0.00652900,0.00628500,0.00636100,1026904.15031900
2026-02-20 21:00:00,0.00636100,0.00643100,0.00634100,0.00642300,225066.36309700
2026-02-21 01:00:00,0.00642300,0.00643800,0.00639100,0.00642700,312723.61094000
2026-02-21 05:00:00,0.00642700,0.00652300,0.00642100,0.00651800,314666.09403800
2026-02-21 09:00:00,0.00651800,0.00661500,0.00649600,0.00651300,490110.45768600
2026-02-21 13:00:00,0.00651300,0.00653700,0.00644600,0.00646100,410297.22778500
2026-02-21 17:00:00,0.00646100,0.00646300,0.00640500,0.00642400,262790.58373100
2026-02-21 21:00:00,0.00642400,0.00643000,0.00637200,0.00638700,261352.97134500
2026-02-22 01:00:00,0.00638700,0.00638600,0.00625500,0.00628400,423095.49984400
2026-02-22 05:00:00,0.00628400,0.00630700,0.00619400,0.00623900,539533.50694700
2026-02-22 09:00:00,0.00623900,0.00625900,0.00618000,0.00623900,460805.48176900
2026-02-22 13:00:00,0.00623900,0.00624000,0.00614200,0.00618700,392584.95749800
2026-02-22 17:00:00,0.00618700,0.00619100,0.00614800,0.00616200,143598.61067600
2026-02-22 21:00:00,0.00616200,0.00620600,0.00613200,0.00619300,221532.18182400
2026-02-23 01:00:00,0.00619300,0.00620900,0.00589500,0.00598800,1254112.69740700
2026-02-23 05:00:00,0.00598800,0.00610600,0.00596400,0.00607900,297402.35003900
2026-02-23 09:00:00,0.00607900,0.00618400,0.00605100,0.00614300,349671.67585800
2026-02-23 13:00:00,0.00614300,0.00623400,0.00606900,0.00608300,702931.83544600
2026-02-23 17:00:00,0.00608300,0.00611400,0.00596800,0.00599200,589035.02871800
2026-02-23 21:00:00,0.00599200,0.00605900,0.00597500,0.00600900,280560.63181400
2026-02-24 01:00:00,0.00600900,0.00604900,0.00589600,0.00594400,524422.90348300
2026-02-24 05:00:00,0.00594400,0.00595400,0.00589000,0.00592300,411123.64704100
2026-02-24 09:00:00,0.00592300,0.00595200,0.00588800,0.00592800,228467.41179500
2026-02-24 13:00:00,0.00592800,0.00601200,0.00586500,0.00597300,788091.74143900
2026-02-24 17:00:00,0.00597300,0.00602700,0.00590400,0.00591900,522263.51634800
2026-02-24 21:00:00,0.00591900,0.00595000,0.00586800,0.00589200,322621.85094800
2026-02-25 01:00:00,0.00589200,0.00613900,0.00588500,0.00598300,1021720.60066000
2026-02-25 05:00:00,0.00598300,0.00600500,0.00591600,0.00594700,391618.02370000
2026-02-25 09:00:00,0.00594700,0.00602800,0.00592600,0.00600400,425189.75932900
2026-02-25 13:00:00,0.00600400,0.00631700,0.00599300,0.00628600,966669.28419400
2026-02-25 17:00:00,0.00628600,0.00643400,0.00628300,0.00640700,687899.79042400
2026-02-25 21:00:00,0.00640700,0.00653400,0.00615600,0.00623300,1123319.59336400
2026-02-26 01:00:00,0.00623300,0.00626500,0.00612900,0.00620600,1023834.26016300
2026-02-26 05:00:00,0.00620600,0.00626700,0.00611300,0.00612700,433227.46316700
2026-02-26 09:00:00,0.00612700,0.00618900,0.00605400,0.00607100,704219.96151400
2026-02-26 13:00:00,0.00607100,0.00612100,0.00598400,0.00603400,897527.66685000
2026-02-26 17:00:00,0.00603400,0.00604200,0.00590100,0.00598800,1212570.25918800
2026-02-26 21:00:00,0.00598800,0.00601300,0.00593100,0.00596300,406943.55534100
2026-02-27 01:00:00,0.00596300,0.00600900,0.00592700,0.00598800,426593.09369400
2026-02-27 05:00:00,0.00598800,0.00608200,0.00598500,0.00605000,438777.00079300
2026-02-27 09:00:00,0.00605000,0.00608300,0.00583300,0.00585500,712453.20884400
2026-02-27 13:00:00,0.00585500,0.00588300,0.00579200,0.00581600,753793.32250900
2026-02-27 17:00:00,0.00581600,0.00582800,0.00571100,0.00573600,853641.13676400
2026-02-27 21:00:00,0.00573600,0.00578900,0.00568300,0.00578700,543376.89815700
2026-02-28 01:00:00,0.00578700,0.00582000,0.00576200,0.00577500,279982.10164100
2026-02-28 05:00:00,0.00577500,0.00578800,0.00547300,0.00556700,1339666.54596300
2026-02-28 09:00:00,0.00556700,0.00556600,0.00543100,0.00545300,1005626.38766400
2026-02-28 13:00:00,0.00545300,0.00564300,0.00545400,0.00555100,921544.92817900
2026-02-28 17:00:00,0.00555100,0.00574500,0.00550200,0.00569400,919414.12513600
2026-02-28 21:00:00,0.00569400,0.00583700,0.00568100,0.00577600,814375.85747300
2026-03-01 01:00:00,0.00577600,0.00595800,0.00569100,0.00584300,996753.39798600
2026-03-01 05:00:00,0.00584300,0.00585800,0.00576000,0.00578900,391002.69656500
2026-03-01 09:00:00,0.00578900,0.00579300,0.00564600,0.00565300,684492.11791000
2026-03-01 13:00:00,0.00565300,0.00574300,0.00558700,0.00563400,823357.68182400
2026-03-01 17:00:00,0.00563400,0.00566200,0.00549200,0.00550800,1045731.01840600
2026-03-01 21:00:00,0.00550800,0.00559300,0.00543500,0.00553200,894069.18964500
2026-03-02 01:00:00,0.00553200,0.00568600,0.00552400,0.00561900,1062598.95049900
2026-03-02 05:00:00,0.00561900,0.00564100,0.00550200,0.00553500,454809.38987100
2026-03-02 09:00:00,0.00553500,0.00554600,0.00546500,0.00548800,702870.04538800
2026-03-02 13:00:00,0.00548800,0.00579300,0.00544500,0.00570600,1549896.15628700
2026-03-02 17:00:00,0.00570600,0.00576300,0.00558100,0.00564500,1188854.24534400
2026-03-02 21:00:00,0.00564500,0.00567700,0.00548400,0.00550300,914526.94248900
2026-03-03 01:00:00,0.00550300,0.00551600,0.00538800,0.00543300,825024.97929400
2026-03-03 05:00:00,0.00543300,0.00546800,0.00538200,0.00541600,545295.48083500
2026-03-03 09:00:00,0.00541600,0.00542300,0.00525800,0.00532100,1267292.72634300
2026-03-03 13:00:00,0.00532100,0.00548200,0.00531600,0.00545300,1733565.57715900
2026-03-03 17:00:00,0.00545300,0.00556400,0.00541300,0.00547200,1068467.38105300
2026-03-03 21:00:00,0.00547200,0.00553200,0.00542300,0.00547200,371848.41288400
2026-03-04 01:00:00,0.00547200,0.00550900,0.00540600,0.00545500,520834.95027400
2026-03-04 05:00:00,0.00545500,0.00550900,0.00540500,0.00548900,492175.54510100
2026-03-04 09:00:00,0.00548900,0.00567500,0.00547600,0.00553900,1011125.11035700
2026-03-04 13:00:00,0.00553900,0.00580000,0.00548400,0.00580000,1079230.99939100
2026-03-04 17:00:00,0.00580000,0.00585900,0.00571100,0.00581400,1206104.15953700
2026-03-04 21:00:00,0.00581400,0.00582800,0.00564100,0.00569500,606222.26152500
2026-03-05 01:00:00,0.00569500,0.00571000,0.00560300,0.00561400,430543.30825500
2026-03-05 05:00:00,0.00561400,0.00566200,0.00557900,0.00560100,380736.15381800
2026-03-05 09:00:00,0.00560100,0.00571100,0.00557800,0.00565000,602932.18047900
2026-03-05 13:00:00,0.00565000,0.00567200,0.00553800,0.00554900,973995.82813400
2026-03-05 17:00:00,0.00554900,0.00556200,0.00543500,0.00554400,859207.98419100
2026-03-05 21:00:00,0.00554400,0.00562100,0.00551600,0.00552600,401546.51138300
2026-03-06 01:00:00,0.00552600,0.00560000,0.00551500,0.00558500,281524.39449900
2026-03-06 05:00:00,0.00558500,0.00561100,0.00553800,0.00560000,251527.77252900
2026-03-06 09:00:00,0.00560000,0.00560200,0.00551000,0.00552100,318494.30672500
2026-03-06 13:00:00,0.00552100,0.00553600,0.00530800,0.00533500,1281627.54997800
2026-03-06 17:00:00,0.00533500,0.00541800,0.00531100,0.00539400,478781.00715100
2026-03-06 21:00:00,0.00539400,0.00542100,0.00536700,0.00540200,279511.07175400
2026-03-07 01:00:00,0.00540200,0.00543500,0.00538700,0.00540200,299930.64523200
2026-03-07 05:00:00,0.00540200,0.00541700,0.00536900,0.00539600,209155.07564700
2026-03-07 09:00:00,0.00539600,0.00541400,0.00537200,0.00539200,287609.08405800
2026-03-07 13:00:00,0.00539200,0.00541300,0.00532600,0.00535100,448046.93917900
2026-03-07 17:00:00,0.00535100,0.00537900,0.00532000,0.00533400,338780.87711400
2026-03-07 21:00:00,0.00533400,0.00535300,0.00528000,0.00532400,241173.15333800
2026-03-08 01:00:00,0.00532400,0.00533100,0.00525000,0.00528300,321858.00705000
2026-03-08 05:00:00,0.00528300,0.00531100,0.00524100,0.00529300,293244.12887700
2026-03-08 09:00:00,0.00529300,0.00538200,0.00527200,0.00533200,389151.80849000
2026-03-08 13:00:00,0.00533200,0.00536000,0.00525800,0.00527400,451900.37367800
2026-03-08 17:00:00,0.00527400,0.00535800,0.00524300,0.00534100,333840.31236500
2026-03-08 21:00:00,0.00534100,0.00536900,0.00521700,0.00528300,567412.12165900
2026-03-09 01:00:00,0.00528300,0.00540200,0.00527400,0.00533500,569352.95196700
2026-03-09 05:00:00,0.00533500,0.00543400,0.00529200,0.00532600,488028.78856300
2026-03-09 09:00:00,0.00532600,0.00538400,0.00530600,0.00535400,417844.36268100
2026-03-09 13:00:00,0.00535400,0.00547800,0.00535400,0.00545400,711816.79604600
2026-03-09 17:00:00,0.00545400,0.00557500,0.00540600,0.00548300,723625.50462600
2026-03-09 21:00:00,0.00548300,0.00552100,0.00540200,0.00542100,741118.18227100
2026-03-10 01:00:00,0.00542100,0.00557100,0.00541400,0.00551300,622245.14137300
2026-03-10 05:00:00,0.00551300,0.00558900,0.00551200,0.00558200,370287.78001000
2026-03-10 09:00:00,0.00558200,0.00574500,0.00557900,0.00571800,879895.12189600
2026-03-10 13:00:00,0.00571800,0.00607100,0.00569100,0.00595400,2468060.55790900
2026-03-10 17:00:00,0.00595400,0.00605700,0.00566500,0.00568500,2142839.68430800
2026-03-10 21:00:00,0.00568500,0.00571200,0.00562100,0.00564500,913591.53198700
2026-03-11 01:00:00,0.00564500,0.00565400,0.00559400,0.00560700,404781.37921700
2026-03-11 05:00:00,0.00560700,0.00570200,0.00558400,0.00561300,489584.28217800
2026-03-11 09:00:00,0.00561300,0.00568600,0.00560600,0.00568300,355920.00219400
2026-03-11 13:00:00,0.00568300,0.00588600,0.00567000,0.00583700,1370095.81826000
2026-03-11 17:00:00,0.00583700,0.00587600,0.00578800,0.00579800,726556.30062200
2026-03-11 21:00:00,0.00579800,0.00579700,0.00571800,0.00572800,524035.24212300
2026-03-12 01:00:00,0.00572800,0.00576100,0.00570900,0.00573800,452045.57115900
2026-03-12 05:00:00,0.00573800,0.00581900,0.00568800,0.00580400,443714.84327400
2026-03-12 09:00:00,0.00580400,0.00601100,0.00579300,0.00600800,979629.10266600
2026-03-12 13:00:00,0.00600800,0.00605300,0.00586100,0.00587000,1740569.98242900
2026-03-12 17:00:00,0.00587000,0.00595600,0.00583100,0.00593100,748404.79710100
2026-03-12 21:00:00,0.00593100,0.00594600,0.00585400,0.00591300,456285.87181000
2026-03-13 01:00:00,0.00591300,0.00602100,0.00589400,0.00597600,591923.08536000
2026-03-13 05:00:00,0.00597600,0.00598200,0.00591000,0.00597800,285012.27275400
2026-03-13 09:00:00,0.00597800,0.00620200,0.00594900,0.00619800,812322.63809000
2026-03-13 13:00:00,0.00619800,0.00629400,0.00600400,0.00605000,1494013.05004200
2026-03-13 17:00:00,0.00605000,0.00607300,0.00592800,0.00595300,494140.30872900
2026-03-13 21:00:00,0.00595300,0.00599600,0.00588500,0.00593400,498517.93909500
2026-03-14 01:00:00,0.00593400,0.00595100,0.00588700,0.00594800,393919.58407200
2026-03-14 05:00:00,0.00594800,0.00599000,0.00585100,0.00587300,513542.75371700
2026-03-14 09:00:00,0.00587300,0.00589300,0.00584300,0.00588400,396337.20564100
2026-03-14 13:00:00,0.00588400,0.00595200,0.00586700,0.00591400,400477.34328600
2026-03-14 17:00:00,0.00591400,0.00593100,0.00585800,0.00586200,202735.87170700
2026-03-14 21:00:00,0.00586200,0.00587900,0.00582400,0.00587400,377283.00786900
2026-03-15 01:00:00,0.00587400,0.00592200,0.00582900,0.00587400,233300.07052400
2026-03-15 05:00:00,0.00587400,0.00588800,0.00580700,0.00582700,261072.21640000
2026-03-15 09:00:00,0.00582700,0.00586900,0.00582200,0.00586000,231208.60643800
2026-03-15 13:00:00,0.00586000,0.00586900,0.00581900,0.00582500,313084.25340300
2026-03-15 17:00:00,0.00582500,0.00586100,0.00578100,0.00583000,323473.10117000
2026-03-15 21:00:00,0.00583000,0.00596100,0.00581100,0.00594500,1113854.36733700
2026-03-16 01:00:00,0.00594500,0.00614600,0.00594100,0.00608800,765315.84590600
2026-03-16 05:00:00,0.00608800,0.00636600,0.00608800,0.00635100,1068663.80293600
2026-03-16 09:00:00,0.00635100,0.00643600,0.00610800,0.00615200,1252347.89054700
2026-03-16 13:00:00,0.00615200,0.00620300,0.00606100,0.00606500,1267144.13883400
2026-03-16 17:00:00,0.00606500,0.00621300,0.00606200,0.00617400,650916.89848100
2026-03-16 21:00:00,0.00617400,0.00621100,0.00610800,0.00618400,558755.69216300
2026-03-17 01:00:00,0.00618400,0.00624600,0.00611000,0.00614800,806826.17291700
2026-03-17 05:00:00,0.00614800,0.00615700,0.00603600,0.00608700,468224.45745500
2026-03-17 09:00:00,0.00608700,0.00613400,0.00606400,0.00606500,525506.07192400
2026-03-17 13:00:00,0.00606500,0.00606500,0.00595600,0.00601900,581854.11956100
2026-03-17 17:00:00,0.00601900,0.00609900,0.00601000,0.00605800,667826.58973400
2026-03-17 21:00:00,0.00605800,0.00615400,0.00604700,0.00606100,404507.88203700
2026-03-18 01:00:00,0.00606100,0.00621900,0.00601500,0.00616900,570056.81633300
2026-03-18 05:00:00,0.00616900,0.00617400,0.00603400,0.00605900,497079.64317500
2026-03-18 09:00:00,0.00605900,0.00608500,0.00592500,0.00593900,530250.84611100
2026-03-18 13:00:00,0.00593900,0.00594000,0.00571600,0.00574500,1669352.70488300
2026-03-18 17:00:00,0.00574500,0.00582100,0.00570400,0.00575900,627170.49806000
2026-03-18 21:00:00,0.00575900,0.00583100,0.00571800,0.00581400,473969.84834800
2026-03-19 01:00:00,0.00581400,0.00585600,0.00577100,0.00581500,323126.15165600
2026-03-19 05:00:00,0.00581500,0.00581700,0.00569300,0.00572800,410197.53581600
2026-03-19 09:00:00,0.00572800,0.00578600,0.00571700,0.00574400,314362.23599100
2026-03-19 13:00:00,0.00574400,0.00574800,0.00564800,0.00569300,581242.41574100
2026-03-19 17:00:00,0.00569300,0.00576500,0.00562000,0.00574400,438591.07332300
2026-03-19 21:00:00,0.00574400,0.00580600,0.00573000,0.00580600,333823.35657900
2026-03-20 01:00:00,0.00580600,0.00597900,0.00580200,0.00596600,464453.94304800
2026-03-20 05:00:00,0.00596600,0.00621400,0.00593500,0.00597300,1172476.91540200
2026-03-20 09:00:00,0.00597300,0.00605500,0.00592100,0.00599400,595995.64072100
2026-03-20 13:00:00,0.00599400,0.00608300,0.00591300,0.00607800,710559.00957300
2026-03-20 17:00:00,0.00607800,0.00616200,0.00592800,0.00597600,986434.48147800
2026-03-20 21:00:00,0.00597600,0.00599300,0.00589100,0.00595400,354886.14447800
2026-03-21 01:00:00,0.00595400,0.00599900,0.00593300,0.00599600,198494.01294500
2026-03-21 05:00:00,0.00599600,0.00607600,0.00599500,0.00600500,333462.49374300
2026-03-21 09:00:00,0.00600500,0.00604200,0.00596800,0.00598400,191039.93007600
2026-03-21 13:00:00,0.00598400,0.00604600,0.00594000,0.00604500,308328.43257900
2026-03-21 17:00:00,0.00604500,0.00604700,0.00596000,0.00596800,162193.80040200
2026-03-21 21:00:00,0.00596800,0.00601000,0.00581200,0.00585100,402647.14078000
2026-03-22 01:00:00,0.00585100,0.00589500,0.00577100,0.00585200,623959.90947600
2026-03-22 05:00:00,0.00585200,0.00587700,0.00579100,0.00579300,233027.77297900
2026-03-22 09:00:00,0.00579300,0.00580600,0.00574600,0.00574900,278250.75271300
2026-03-22 13:00:00,0.00574900,0.00580900,0.00574900,0.00578400,266187.37336900
2026-03-22 17:00:00,0.00578400,0.00578800,0.00569800,0.00571200,328483.13205100
2026-03-22 21:00:00,0.00571200,0.00573300,0.00564100,0.00569800,450272.12939700
2026-03-23 01:00:00,0.00569800,0.00586700,0.00569100,0.00580700,445783.44322600
2026-03-23 05:00:00,0.00580700,0.00583800,0.00572700,0.00575300,344954.31685700
2026-03-23 09:00:00,0.00575300,0.00610500,0.00570400,0.00602000,1311505.70416300
2026-03-23 13:00:00,0.00602000,0.00615300,0.00598200,0.00607200,979172.71100500
2026-03-23 17:00:00,0.00607200,0.00616400,0.00600600,0.00608500,517057.40437500
2026-03-23 21:00:00,0.00608500,0.00620600,0.00607000,0.00609800,557922.50379000
2026-03-24 01:00:00,0.00609800,0.00611200,0.00599400,0.00608800,438872.89782300
2026-03-24 05:00:00,0.00608800,0.00612800,0.00604300,0.00611800,244095.99524100
2026-03-24 09:00:00,0.00611800,0.00618200,0.00608600,0.00610600,534658.06700500
2026-03-24 13:00:00,0.00610600,0.00614900,0.00604000,0.00608500,708351.75479800
2026-03-24 17:00:00,0.00608500,0.00614700,0.00603300,0.00611100,498622.62465000
2026-03-24 21:00:00,0.00611100,0.00624900,0.00611000,0.00619700,470626.11187900
2026-03-25 01:00:00,0.00619700,0.00621700,0.00610900,0.00613600,406710.78341500
2026-03-25 05:00:00,0.00613600,0.00626300,0.00612900,0.00623300,386293.90514800
2026-03-25 09:00:00,0.00623300,0.00627600,0.00615900,0.00618700,371206.36162300
2026-03-25 13:00:00,0.00618700,0.00621800,0.00609600,0.00611800,594571.70431100
2026-03-25 17:00:00,0.00611800,0.00617700,0.00609300,0.00610300,280960.80509800
2026-03-25 21:00:00,0.00610300,0.00616700,0.00608500,0.00612700,243153.24880300
2026-03-26 01:00:00,0.00612700,0.00613500,0.00602400,0.00605300,360517.72520300
2026-03-26 05:00:00,0.00605300,0.00605500,0.00594700,0.00596800,357196.40153400
2026-03-26 09:00:00,0.00596800,0.00597100,0.00588400,0.00588600,492435.08867900
2026-03-26 13:00:00,0.00588600,0.00596800,0.00586600,0.00589200,366185.31727200
2026-03-26 17:00:00,0.00589200,0.00590900,0.00583600,0.00585500,331127.91070000
2026-03-26 21:00:00,0.00585500,0.00596500,0.00584500,0.00591300,622396.54026600
2026-03-27 01:00:00,0.00591300,0.00595800,0.00590400,0.00591800,153944.41829600
2026-03-27 05:00:00,0.00591800,0.00592500,0.00587200,0.00590700,225812.56733600
2026-03-27 09:00:00,0.00590700,0.00591700,0.00573500,0.00576300,625710.45090000
2026-03-27 13:00:00,0.00576300,0.00580800,0.00572900,0.00577000,586058.61388400
2026-03-27 17:00:00,0.00577000,0.00578900,0.00573600,0.00578100,347491.53959300
2026-03-27 21:00:00,0.00578100,0.00580900,0.00575300,0.00577300,328590.86356500
2026-03-28 01:00:00,0.00577300,0.00578900,0.00572600,0.00573600,154781.99905300
2026-03-28 05:00:00,0.00573600,0.00581700,0.00571400,0.00581500,322392.60765000
2026-03-28 09:00:00,0.00581500,0.00587400,0.00579400,0.00583400,351969.79788500
2026-03-28 13:00:00,0.00583400,0.00597200,0.00579100,0.00592300,510544.78673800
2026-03-28 17:00:00,0.00592300,0.00597700,0.00591300,0.00592700,452635.93632700
2026-03-28 21:00:00,0.00592700,0.00595600,0.00581600,0.00583000,418088.60512000
2026-03-29 01:00:00,0.00583000,0.00586400,0.00580100,0.00584200,179098.73861300
2026-03-29 06:00:00,0.00584200,0.00584500,0.00577200,0.00578400,455220.26954100
2026-03-29 10:00:00,0.00578400,0.00580400,0.00575800,0.00577400,183523.35930700
2026-03-29 14:00:00,0.00577400,0.00579700,0.00575200,0.00576800,831875.38132500
2026-03-29 18:00:00,0.00576800,0.00577500,0.00573100,0.00576200,802539.58135200
2026-03-29 22:00:00,0.00576200,0.00585100,0.00564300,0.00578400,539391.91464300
2026-03-30 02:00:00,0.00578400,0.00594000,0.00577700,0.00593500,381084.30595200
2026-03-30 06:00:00,0.00593500,0.00612300,0.00593600,0.00612300,568283.00379900
2026-03-30 10:00:00,0.00612300,0.00615800,0.00599000,0.00604600,626747.58575300
2026-03-30 14:00:00,0.00604600,0.00610400,0.00599400,0.00609200,478763.22093300
2026-03-30 18:00:00,0.00609200,0.00614500,0.00593100,0.00595300,747256.35719100
2026-03-30 22:00:00,0.00595300,0.00599700,0.00591300,0.00592400,271198.14845700
2026-03-31 02:00:00,0.00592400,0.00598400,0.00590200,0.00591700,372621.52501700
2026-03-31 06:00:00,0.00591700,0.00595200,0.00589300,0.00594200,262074.90874800
2026-03-31 10:00:00,0.00594200,0.00594400,0.00581700,0.00590400,420537.85994000
2026-03-31 14:00:00,0.00590400,0.00597700,0.00584800,0.00584800,382992.00872200
2026-03-31 18:00:00,0.00584800,0.00600700,0.00583500,0.00595800,503343.52039600
2026-03-31 22:00:00,0.00595800,0.00599300,0.00590400,0.00594900,217422.13704000
2026-04-01 02:00:00,0.00594900,0.00597700,0.00588900,0.00594500,309007.42899200
2026-04-01 06:00:00,0.00594500,0.00603500,0.00591100,0.00598800,328139.91788500
2026-04-01 10:00:00,0.00598800,0.00602100,0.00593700,0.00600500,284626.40083500
2026-04-01 14:00:00,0.00600500,0.00607500,0.00598800,0.00607300,579678.27699000
2026-04-01 18:00:00,0.00607300,0.00612800,0.00600600,0.00602400,388019.81626700
2026-04-01 22:00:00,0.00602400,0.00604600,0.00598700,0.00600300,242014.69451900
2026-04-02 02:00:00,0.00600300,0.00604900,0.00580700,0.00583400,781228.38455700
2026-04-02 06:00:00,0.00583400,0.00586400,0.00577000,0.00586000,333721.32532000
2026-04-02 10:00:00,0.00586000,0.00585800,0.00578600,0.00581900,193148.56372200
2026-04-02 14:00:00,0.00581900,0.00589800,0.00576600,0.00586600,1511722.39395300
2026-04-02 18:00:00,0.00586600,0.00588400,0.00579500,0.00583100,323608.09562800
2026-04-02 22:00:00,0.00583100,0.00587000,0.00581400,0.00585800,184811.35333400
2026-04-03 02:00:00,0.00585800,0.00590900,0.00582400,0.00589600,227831.07244300
2026-04-03 06:00:00,0.00589600,0.00601700,0.00588700,0.00598700,427787.33085000
2026-04-03 10:00:00,0.00598700,0.00608500,0.00598400,0.00604200,538939.26267500
2026-04-03 14:00:00,0.00604200,0.00608700,0.00597500,0.00598700,561900.34389700
2026-04-03 18:00:00,0.00598700,0.00604900,0.00598500,0.00601500,253007.14723300
2026-04-03 22:00:00,0.00601500,0.00603000,0.00596200,0.00598400,329043.77784000
2026-04-04 02:00:00,0.00598400,0.00598700,0.00588500,0.00590000,299389.28956700
2026-04-04 06:00:00,0.00590000,0.00593100,0.00588800,0.00591100,175046.65822500
2026-04-04 10:00:00,0.00591100,0.00591300,0.00586700,0.00589200,150544.27398900
2026-04-04 14:00:00,0.00589200,0.00593500,0.00585000,0.00591400,287112.73728900
2026-04-04 18:00:00,0.00591400,0.00605600,0.00589600,0.00600400,485000.37997700
2026-04-04 22:00:00,0.00600400,0.00601000,0.00595900,0.00598800,227785.58060400
2026-04-05 02:00:00,0.00598800,0.00599700,0.00591900,0.00591900,258496.66562600
2026-04-05 06:00:00,0.00591900,0.00591900,0.00580600,0.00580900,367186.48843600
2026-04-05 10:00:00,0.00580900,0.00584000,0.00579600,0.00582000,287533.01526800
2026-04-05 14:00:00,0.00582000,0.00588100,0.00579200,0.00583600,363575.00942500
2026-04-05 18:00:00,0.00583600,0.00584900,0.00580800,0.00582700,192306.88986400
2026-04-05 22:00:00,0.00582700,0.00600100,0.00581600,0.00599600,520712.96914600
2026-04-06 02:00:00,0.00599600,0.00609900,0.00597600,0.00601900,848654.27364800
2026-04-06 06:00:00,0.00601900,0.00603400,0.00597800,0.00599500,264195.43411400
2026-04-06 10:00:00,0.00599500,0.00607900,0.00598500,0.00605500,473015.23521600
2026-04-06 14:00:00,0.00605500,0.00607500,0.00597800,0.00600700,601064.34931600
2026-04-06 18:00:00,0.00600700,0.00601400,0.00594300,0.00595500,512521.01542100
2026-04-06 22:00:00,0.00595500,0.00596500,0.00579800,0.00582700,548476.36266000
2026-04-07 02:00:00,0.00582700,0.00587000,0.00580500,0.00586100,421084.66952600
2026-04-07 06:00:00,0.00586100,0.00589300,0.00582500,0.00584800,192273.15858200
2026-04-07 10:00:00,0.00584800,0.00588800,0.00582100,0.00582900,317098.14074700
2026-04-07 14:00:00,0.00582900,0.00584100,0.00577800,0.00580800,677880.64024900
2026-04-07 18:00:00,0.00580800,0.00596100,0.00580100,0.00595800,503972.96005800
2026-04-07 22:00:00,0.00595800,0.00617900,0.00593200,0.00613400,1216566.56921600
2026-04-08 02:00:00,0.00613400,0.00615400,0.00606100,0.00613700,587156.77506900
2026-04-08 06:00:00,0.00613700,0.00617300,0.00610700,0.00611700,350872.56053900
2026-04-08 10:00:00,0.00611700,0.00613800,0.00602800,0.00605800,458935.66469100
2026-04-08 14:00:00,0.00605800,0.00610200,0.00597700,0.00601300,762756.13890400
2026-04-08 18:00:00,0.00601300,0.00603200,0.00595600,0.00597200,423009.92295100
2026-04-08 22:00:00,0.00597200,0.00602100,0.00592400,0.00593300,1269791.54210400
2026-04-09 02:00:00,0.00593300,0.00593400,0.00585200,0.00587500,369692.89006000
2026-04-09 06:00:00,0.00587500,0.00589200,0.00585900,0.00586600,256966.66888600
2026-04-09 10:00:00,0.00586600,0.00588700,0.00584000,0.00584700,514037.96156200
2026-04-09 14:00:00,0.00584700,0.00594900,0.00581500,0.00592700,627751.21945400
2026-04-09 18:00:00,0.00592700,0.00599900,0.00589300,0.00598700,717874.92131800
2026-04-09 22:00:00,0.00598700,0.00605700,0.00587100,0.00590900,731659.77508500
2026-04-10 02:00:00,0.00590900,0.00592800,0.00585200,0.00588500,336264.49020700
2026-04-10 06:00:00,0.00588500,0.00596000,0.00587500,0.00588400,210553.51944500
2026-04-10 10:00:00,0.00588400,0.00591400,0.00585800,0.00589200,218999.39463400
2026-04-10 14:00:00,0.00589200,0.00601900,0.00588000,0.00594600,600207.85110000
2026-04-10 18:00:00,0.00594600,0.00605000,0.00593700,0.00604900,485857.28390900
2026-04-10 22:00:00,0.00604900,0.00605400,0.00595600,0.00596700,605683.18412800
2026-04-11 02:00:00,0.00596700,0.00598000,0.00591100,0.00594700,638903.89618800
2026-04-11 06:00:00,0.00594700,0.00596400,0.00589500,0.00590700,461706.35594900
2026-04-11 10:00:00,0.00590700,0.00593400,0.00589500,0.00590700,585090.74067100
2026-04-11 14:00:00,0.00590700,0.00595500,0.00587700,0.00594500,523028.48685300
2026-04-11 18:00:00,0.00594500,0.00605500,0.00593900,0.00604900,872702.45636200
2026-04-11 22:00:00,0.00604900,0.00606100,0.00592500,0.00594800,490993.58810600
2026-04-12 02:00:00,0.00594800,0.00595300,0.00578200,0.00580500,656437.52936100
2026-04-12 06:00:00,0.00580500,0.00584200,0.00579400,0.00581900,318019.84096500
2026-04-12 10:00:00,0.00581900,0.00583700,0.00580000,0.00581800,226561.95896800
2026-04-12 14:00:00,0.00581800,0.00583300,0.00575700,0.00576800,597438.51359600
2026-04-12 18:00:00,0.00576800,0.00581800,0.00575500,0.00578700,201139.15388400
2026-04-12 22:00:00,0.00578700,0.00582600,0.00573600,0.00575700,354734.25166800
2026-04-13 02:00:00,0.00575700,0.00581700,0.00575300,0.00579200,319458.17812600
2026-04-13 06:00:00,0.00579200,0.00581400,0.00575300,0.00575400,234320.06546000
2026-04-13 10:00:00,0.00575400,0.00577800,0.00573700,0.00576300,172087.17058300
2026-04-13 14:00:00,0.00576300,0.00582700,0.00574900,0.00577100,1342333.39047700
2026-04-13 18:00:00,0.00577100,0.00587100,0.00573800,0.00585600,499459.31123600
2026-04-13 22:00:00,0.00585600,0.00601400,0.00581400,0.00600300,1387282.31390900
2026-04-14 02:00:00,0.00600300,0.00602100,0.00589800,0.00591800,695421.87332400
2026-04-14 06:00:00,0.00591800,0.00594200,0.00585500,0.00589100,406128.91044800
2026-04-14 10:00:00,0.00589100,0.00597300,0.00588100,0.00593200,526230.26186600
2026-04-14 14:00:00,0.00593200,0.00602200,0.00589400,0.00593200,1035336.85879400
2026-04-14 18:00:00,0.00593200,0.00596100,0.00579100,0.00584100,794104.28475300
2026-04-14 22:00:00,0.00584100,0.00585300,0.00580600,0.00582200,265316.07051600
2026-04-15 02:00:00,0.00582200,0.00588200,0.00582000,0.00585300,334731.60899200
2026-04-15 06:00:00,0.00585300,0.00588500,0.00581100,0.00582100,416122.90061400
2026-04-15 10:00:00,0.00582100,0.00590000,0.00581800,0.00588600,372813.22490100
2026-04-15 14:00:00,0.00588600,0.00593200,0.00585900,0.00588800,578242.36137800
2026-04-15 18:00:00,0.00588800,0.00600800,0.00588200,0.00598600,743105.09727900
2026-04-15 22:00:00,0.00598600,0.00600800,0.00594000,0.00596300,681345.74628300
2026-04-16 02:00:00,0.00596300,0.00612800,0.00594100,0.00610000,790139.63994300
2026-04-16 06:00:00,0.00610000,0.00614600,0.00604500,0.00608600,678183.24758700
2026-04-16 10:00:00,0.00608600,0.00610100,0.00601000,0.00604300,460136.27119600
2026-04-16 14:00:00,0.00604300,0.00616700,0.00597100,0.00615000,1291976.84867700
2026-04-16 18:00:00,0.00615000,0.00638300,0.00612300,0.00635100,1703745.47394100
2026-04-16 22:00:00,0.00635100,0.00637100,0.00621900,0.00626200,633896.75482000
2026-04-17 02:00:00,0.00626200,0.00630500,0.00615000,0.00616800,555322.32272200
2026-04-17 06:00:00,0.00616800,0.00618300,0.00608700,0.00617400,582780.84945800
2026-04-17 10:00:00,0.00617400,0.00626700,0.00615700,0.00623700,927285.81485200
2026-04-17 14:00:00,0.00623700,0.00645500,0.00621600,0.00638500,1448629.60213400
2026-04-17 18:00:00,0.00638500,0.00647800,0.00634500,0.00636200,791772.43992800
2026-04-17 22:00:00,0.00636200,0.00637400,0.00628500,0.00630200,466099.95224700
2026-04-18 02:00:00,0.00630200,0.00632100,0.00623200,0.00626900,463822.70351800
2026-04-18 06:00:00,0.00626900,0.00631500,0.00622800,0.00629100,490822.99715400
2026-04-18 10:00:00,0.00629100,0.00629400,0.00608200,0.00610900,803107.59910700
2026-04-18 14:00:00,0.00610900,0.00613500,0.00607100,0.00610700,433178.97107900
2026-04-18 18:00:00,0.00610700,0.00611300,0.00602500,0.00604000,524299.21935900
2026-04-18 22:00:00,0.00604000,0.00609400,0.00602800,0.00606300,319256.20323000
2026-04-19 02:00:00,0.00606300,0.00607100,0.00598600,0.00601900,388531.48177000
2026-04-19 06:00:00,0.00601900,0.00605600,0.00595600,0.00598600,522304.20329900
2026-04-19 10:00:00,0.00598600,0.00603500,0.00596500,0.00601200,281254.32112100
2026-04-19 14:00:00,0.00601200,0.00610300,0.00598300,0.00606800,799313.08297400
2026-04-19 18:00:00,0.00606800,0.00608600,0.00594800,0.00599900,595524.54678200
2026-04-19 22:00:00,0.00599900,0.00599900,0.00585900,0.00589300,460868.68787000
2026-04-20 02:00:00,0.00589300,0.00598700,0.00588000,0.00597900,493894.45201600
2026-04-20 06:00:00,0.00597900,0.00605500,0.00592200,0.00600400,361422.81870500
2026-04-20 10:00:00,0.00600400,0.00604100,0.00596400,0.00600100,299995.27180700
2026-04-20 14:00:00,0.00600100,0.00605200,0.00595600,0.00602100,575510.22532000
2026-04-20 18:00:00,0.00602100,0.00605600,0.00598300,0.00602100,260025.17358800
2026-04-20 22:00:00,0.00602100,0.00605900,0.00598100,0.00599900,276924.74997700
2026-04-21 02:00:00,0.00599900,0.00603400,0.00596800,0.00598700,245653.16829800
2026-04-21 06:00:00,0.00598700,0.00605500,0.00598500,0.00605100,221990.53200300
2026-04-21 10:00:00,0.00605100,0.00613500,0.00604300,0.00610200,409253.43502400
2026-04-21 14:00:00,0.00610200,0.00612900,0.00604600,0.00608500,397288.69524600
2026-04-21 18:00:00,0.00608500,0.00611400,0.00596800,0.00598800,507951.08342900
2026-04-21 22:00:00,0.00598800,0.00609800,0.00598600,0.00608700,273773.63295700
2026-04-22 02:00:00,0.00608700,0.00620200,0.00606700,0.00615800,459758.73394200
2026-04-22 06:00:00,0.00615800,0.00623400,0.00615000,0.00620900,389551.42089000
2026-04-22 10:00:00,0.00620900,0.00628800,0.00618500,0.00625400,508369.34912700
2026-04-22 14:00:00,0.00625400,0.00628500,0.00619600,0.00627000,502029.82447600
2026-04-22 18:00:00,0.00627000,0.00628600,0.00616700,0.00620600,1025524.65731100
2026-04-22 22:00:00,0.00620600,0.00620700,0.00610000,0.00610300,326780.10908400
2026-04-23 02:00:00,0.00610300,0.00612100,0.00602300,0.00605500,536919.06813000
2026-04-23 06:00:00,0.00605500,0.00613000,0.00603800,0.00610300,225997.00144200
2026-04-23 10:00:00,0.00610300,0.00611200,0.00604100,0.00609500,415083.31015100
2026-04-23 14:00:00,0.00609500,0.00620000,0.00608100,0.00618600,615153.51715300
2026-04-23 18:00:00,0.00618600,0.00619300,0.00603900,0.00608500,401209.20847000
2026-04-23 22:00:00,0.00608500,0.00615800,0.00608400,0.00614600,315251.12791900
2026-04-24 02:00:00,0.00614600,0.00617500,0.00609600,0.00612200,778305.65070000
2026-04-24 06:00:00,0.00612200,0.00615600,0.00609700,0.00615500,258225.75509900
2026-04-24 10:00:00,0.00615500,0.00622800,0.00612900,0.00619700,573074.27091800
2026-04-24 14:00:00,0.00619700,0.00624800,0.00615600,0.00623600,593875.36892900
2026-04-24 18:00:00,0.00623600,0.00626700,0.00621100,0.00625300,500841.31078000
2026-04-24 22:00:00,0.00625300,0.00628400,0.00618300,0.00619900,338134.65667000
2026-04-25 02:00:00,0.00619900,0.00622400,0.00617500,0.00621700,302685.13775300
2026-04-25 06:00:00,0.00621700,0.00624500,0.00618300,0.00622500,226429.19602400
2026-04-25 10:00:00,0.00622500,0.00624800,0.00617600,0.00618900,263474.00497100
2026-04-25 14:00:00,0.00618900,0.00620500,0.00616400,0.00617500,286908.16280300
2026-04-25 18:00:00,0.00617500,0.00618400,0.00612400,0.00613300,303883.86404800
2026-04-25 22:00:00,0.00613300,0.00617600,0.00612200,0.00616900,144672.62209200
2026-04-26 02:00:00,0.00616900,0.00618200,0.00614200,0.00616100,201205.30270300
2026-04-26 06:00:00,0.00616100,0.00622100,0.00614700,0.00620800,233037.07332400
2026-04-26 10:00:00,0.00620800,0.00623100,0.00618400,0.00622500,338981.64810500
2026-04-26 14:00:00,0.00622500,0.00623200,0.00616600,0.00619900,332676.22339400
2026-04-26 18:00:00,0.00619900,0.00622600,0.00616600,0.00620100,301317.50196600
2026-04-26 22:00:00,0.00620100,0.00624400,0.00617400,0.00620700,424819.93816300
2026-04-27 02:00:00,0.00620700,0.00632400,0.00619300,0.00628800,533277.03578900
2026-04-27 06:00:00,0.00628800,0.00629700,0.00608300,0.00608700,788585.70232800
2026-04-27 10:00:00,0.00608700,0.00612700,0.00607800,0.00612400,258700.16002800
2026-04-27 14:00:00,0.00612400,0.00618100,0.00603300,0.00606400,753333.32729600
2026-04-27 18:00:00,0.00606400,0.00611300,0.00604900,0.00608400,426607.56999400
2026-04-27 22:00:00,0.00608400,0.00614500,0.00607400,0.00614100,213894.15664200
2026-04-28 02:00:00,0.00614100,0.00615300,0.00610500,0.00612700,227171.27510700
2026-04-28 06:00:00,0.00612700,0.00619800,0.00610000,0.00612600,436839.74109800
2026-04-28 10:00:00,0.00612600,0.00616000,0.00607300,0.00608300,335607.44512000
2026-04-28 14:00:00,0.00608300,0.00612700,0.00605700,0.00612000,712470.78950400
2026-04-28 18:00:00,0.00612000,0.00614500,0.00608300,0.00613800,732280.14585200
2026-04-28 22:00:00,0.00613800,0.00615800,0.00611700,0.00613500,1017855.81605300
2026-04-29 02:00:00,0.00613500,0.00618900,0.00612100,0.00618900,315958.06775000
2026-04-29 06:00:00,0.00618900,0.00625500,0.00616800,0.00624100,525528.37527800
2026-04-29 10:00:00,0.00624100,0.00656200,0.00622300,0.00644900,2524884.48895200
2026-04-29 14:00:00,0.00644900,0.00645500,0.00607700,0.00609200,2483059.41446600
2026-04-29 18:00:00,0.00609200,0.00616700,0.00599100,0.00606300,3002232.68278600
2026-04-29 22:00:00,0.00606300,0.00616600,0.00606100,0.00615500,478011.60173500
2026-04-30 02:00:00,0.00615500,0.00630400,0.00615000,0.00622800,914370.32083100
2026-04-30 06:00:00,0.00622800,0.00628500,0.00614400,0.00627100,1285178.75631000
2026-04-30 10:00:00,0.00627100,0.00638100,0.00624600,0.00627300,798602.45442300
2026-04-30 14:00:00,0.00627300,0.00633500,0.00623000,0.00632000,859098.83488900
2026-04-30 18:00:00,0.00632000,0.00634000,0.00626700,0.00627300,1003541.75595900
2026-04-30 22:00:00,0.00627300,0.00627300,0.00620500,0.00621900,484557.66141500
2026-05-01 02:00:00,0.00621900,0.00637600,0.00621800,0.00634500,875735.93827300
2026-05-01 06:00:00,0.00634500,0.00638900,0.00631800,0.00632100,709009.61094300
2026-05-01 10:00:00,0.00632100,0.00635000,0.00627400,0.00630700,404166.93301900
2026-05-01 14:00:00,0.00630700,0.00640300,0.00629900,0.00636800,1324032.39960400
2026-05-01 18:00:00,0.00636800,0.00638200,0.00631800,0.00632100,702191.31820900
2026-05-01 22:00:00,0.00632100,0.00632400,0.00625100,0.00626800,494762.76112700
2026-05-02 02:00:00,0.00626800,0.00628500,0.00625200,0.00626800,276961.34545600
2026-05-02 06:00:00,0.00626800,0.00627100,0.00622100,0.00624800,283097.91351500
2026-05-02 10:00:00,0.00624800,0.00626800,0.00623000,0.00624400,174092.34964800
2026-05-02 14:00:00,0.00624400,0.00632400,0.00623800,0.00631600,374808.22099700
2026-05-02 18:00:00,0.00631600,0.00631800,0.00624900,0.00627300,387561.12519700
2026-05-02 22:00:00,0.00627300,0.00631500,0.00626400,0.00627200,251917.37683800
2026-05-03 02:00:00,0.00627200,0.00627600,0.00618000,0.00620400,372415.04273800
2026-05-03 06:00:00,0.00620400,0.00622900,0.00619200,0.00621100,159125.67761300
2026-05-03 10:00:00,0.00621100,0.00623800,0.00619000,0.00621200,235112.22255000
2026-05-03 14:00:00,0.00621200,0.00623900,0.00619300,0.00620300,229884.39260000
2026-05-03 18:00:00,0.00620300,0.00621300,0.00616400,0.00617200,295243.54731200
2026-05-03 22:00:00,0.00617200,0.00623700,0.00615000,0.00616200,458449.08595900
2026-05-04 02:00:00,0.00616200,0.00633400,0.00612600,0.00631800,887301.40686500
2026-05-04 06:00:00,0.00631800,0.00635000,0.00622400,0.00625300,470664.15259400
2026-05-04 10:00:00,0.00625300,0.00627300,0.00612100,0.00617700,690310.77053000
2026-05-04 14:00:00,0.00617700,0.00625600,0.00614800,0.00617900,938990.44023700
2026-05-04 18:00:00,0.00617900,0.00625500,0.00615100,0.00619300,699703.86601600
2026-05-04 22:00:00,0.00619300,0.00621900,0.00616800,0.00618800,555013.37273800
2026-05-05 02:00:00,0.00618800,0.00623500,0.00617600,0.00621700,543384.45554000
2026-05-05 06:00:00,0.00621700,0.00626800,0.00619000,0.00624900,333568.44106700
2026-05-05 10:00:00,0.00624900,0.00629900,0.00623300,0.00628500,515884.01509300
2026-05-05 14:00:00,0.00628500,0.00630500,0.00623600,0.00625900,971029.72976500
2026-05-05 18:00:00,0.00625900,0.00630500,0.00624100,0.00630200,855463.22089200
2026-05-05 22:00:00,0.00630200,0.00643500,0.00629700,0.00634400,1232536.52013900
2026-05-06 02:00:00,0.00634400,0.00644700,0.00631300,0.00643800,540439.79910500
2026-05-06 06:00:00,0.00643800,0.00645400,0.00638600,0.00640900,665269.43063400
2026-05-06 10:00:00,0.00640900,0.00652500,0.00639900,0.00650400,979197.05011300
2026-05-06 14:00:00,0.00650400,0.00651600,0.00630600,0.00637400,1740705.13697100
2026-05-06 18:00:00,0.00637400,0.00641100,0.00634700,0.00639700,522289.11223000
2026-05-06 22:00:00,0.00639700,0.00645700,0.00635900,0.00640800,604644.32443500
2026-05-07 02:00:00,0.00640800,0.00641000,0.00628100,0.00629000,709522.91599300
2026-05-07 06:00:00,0.00629000,0.00639700,0.00627500,0.00638100,411601.29756200
2026-05-07 10:00:00,0.00638100,0.00639300,0.00630600,0.00634000,333244.20995300
2026-05-07 14:00:00,0.00634000,0.00639300,0.00622500,0.00625000,872152.72155200
2026-05-07 18:00:00,0.00625000,0.00632300,0.00623200,0.00627500,992479.75552900
2026-05-07 22:00:00,0.00627500,0.00630500,0.00622700,0.00627300,402581.12637500
2026-05-08 02:00:00,0.00627300,0.00631100,0.00622100,0.00626800,515817.88418200
2026-05-08 06:00:00,0.00626800,0.00629900,0.00624300,0.00627800,279914.41427600
2026-05-08 10:00:00,0.00627800,0.00635300,0.00627300,0.00632800,641000.32460200
2026-05-08 14:00:00,0.00632800,0.00638300,0.00626500,0.00637900,833568.08149000
2026-05-08 18:00:00,0.00637900,0.00646600,0.00635200,0.00643500,798578.48505300
2026-05-08 22:00:00,0.00643500,0.00648800,0.00642100,0.00645400,1063874.36108100
2026-05-09 02:00:00,0.00645400,0.00650900,0.00642700,0.00648000,713402.71534300
2026-05-09 06:00:00,0.00648000,0.00651500,0.00642900,0.00643200,643530.09824800
2026-05-09 10:00:00,0.00643200,0.00644900,0.00638100,0.00641600,468020.01757700
2026-05-09 14:00:00,0.00641600,0.00642800,0.00633700,0.00635700,611707.56543900
2026-05-09 18:00:00,0.00635700,0.00642200,0.00634300,0.00640800,301815.44513700
2026-05-09 22:00:00,0.00640800,0.00640900,0.00635600,0.00636400,232689.35347300
2026-05-10 02:00:00,0.00636400,0.00639600,0.00630700,0.00638200,766284.54117100
2026-05-10 06:00:00,0.00638200,0.00645100,0.00636800,0.00642800,388297.15865900
2026-05-10 10:00:00,0.00642800,0.00646800,0.00641700,0.00646200,704513.71381000
2026-05-10 14:00:00,0.00646200,0.00661800,0.00644800,0.00654700,1680436.77671200
2026-05-10 18:00:00,0.00654700,0.00668600,0.00653900,0.00660800,1589562.40639600
2026-05-10 22:00:00,0.00660800,0.00663200,0.00640700,0.00660500,1546058.60238400
2026-05-11 02:00:00,0.00660500,0.00661900,0.00644800,0.00649900,583502.54321800
2026-05-11 06:00:00,0.00649900,0.00654100,0.00647200,0.00652100,287776.31648000
2026-05-11 10:00:00,0.00652100,0.00660900,0.00650500,0.00658700,418147.62628900
2026-05-11 14:00:00,0.00658700,0.00661300,0.00650800,0.00659200,690548.36867900
2026-05-11 18:00:00,0.00659200,0.00669600,0.00656100,0.00661700,1075825.32267600
2026-05-11 22:00:00,0.00661700,0.00663400,0.00657000,0.00659300,286861.08402300
2026-05-12 02:00:00,0.00659300,0.00660600,0.00650500,0.00655700,405366.74398400
2026-05-12 06:00:00,0.00655700,0.00663700,0.00654300,0.00657800,521410.83001900
2026-05-12 10:00:00,0.00657800,0.00658400,0.00641400,0.00645000,1041280.89710200
2026-05-12 14:00:00,0.00645000,0.00645900,0.00632200,0.00635800,1011207.44203400
2026-05-12 18:00:00,0.00635800,0.00645300,0.00632900,0.00643500,612089.56384800
2026-05-12 22:00:00,0.00643500,0.00646000,0.00640800,0.00641700,218995.47456500
2026-05-13 02:00:00,0.00641700,0.00649900,0.00640600,0.00649100,303346.63530800
2026-05-13 06:00:00,0.00649100,0.00655600,0.00646900,0.00648500,387725.78773400
2026-05-13 10:00:00,0.00648500,0.00655900,0.00640800,0.00642400,590552.35375900
2026-05-13 14:00:00,0.00642400,0.00643600,0.00620500,0.00621600,2615709.87842900
2026-05-13 18:00:00,0.00621600,0.00631500,0.00621200,0.00627100,1039101.25339400
2026-05-13 22:00:00,0.00627100,0.00629800,0.00623300,0.00627200,503143.40983100
2026-05-14 02:00:00,0.00627200,0.00633900,0.00621100,0.00622600,760869.35718500
2026-05-14 06:00:00,0.00622600,0.00631100,0.00621200,0.00627700,691684.08581100
2026-05-14 10:00:00,0.00627700,0.00630300,0.00624100,0.00624300,533866.88273100
2026-05-14 14:00:00,0.00624300,0.00637300,0.00624000,0.00636700,1082115.37143700
2026-05-14 18:00:00,0.00636700,0.00648300,0.00635700,0.00642600,1025845.68695800
2026-05-14 22:00:00,0.00642600,0.00643600,0.00635300,0.00636600,557088.87760600
2026-05-15 02:00:00,0.00636600,0.00638900,0.00629400,0.00633300,657313.15198700
2026-05-15 06:00:00,0.00633300,0.00633400,0.00620600,0.00628800,608435.75362800
2026-05-15 10:00:00,0.00628800,0.00629700,0.00624800,0.00626400,290224.45503800
2026-05-15 14:00:00,0.00626400,0.00626400,0.00602800,0.00611600,1639304.45676600
2026-05-15 18:00:00,0.00611600,0.00616200,0.00610100,0.00612300,1014468.67676300
2026-05-16 02:00:00,0.00612300,0.00614100,0.00611100,0.00612100,210164.69202800
2026-05-16 06:00:00,0.00612100,0.00612100,0.00593700,0.00597200,923650.77328200
2026-05-16 10:00:00,0.00597200,0.00599500,0.00586600,0.00590100,761867.11830100
2026-05-16 14:00:00,0.00590100,0.00591200,0.00585100,0.00589200,514191.32277300
2026-05-16 18:00:00,0.00589200,0.00591800,0.00586400,0.00588200,227050.73128100
2026-05-16 22:00:00,0.00588200,0.00589400,0.00584700,0.00585900,198541.38752200
2026-05-17 02:00:00,0.00585900,0.00586500,0.00576000,0.00581100,548093.49701500
2026-05-17 06:00:00,0.00581100,0.00587700,0.00580800,0.00585000,496428.63539300
2026-05-17 10:00:00,0.00585000,0.00585900,0.00580400,0.00583500,458890.02326100
2026-05-17 14:00:00,0.00583500,0.00585300,0.00577900,0.00581400,309634.09777900
2026-05-17 18:00:00,0.00581400,0.00582400,0.00576800,0.00581000,236729.53899700
2026-05-17 22:00:00,0.00581000,0.00584900,0.00557900,0.00573100,1092738.42765900
2026-05-18 02:00:00,0.00573100,0.00576200,0.00568100,0.00570800,496645.77434300
2026-05-18 06:00:00,0.00570800,0.00572800,0.00563800,0.00566500,428617.42420500
2026-05-18 10:00:00,0.00566500,0.00571200,0.00562300,0.00568300,402316.80331200
2026-05-18 14:00:00,0.00568300,0.00574100,0.00562500,0.00566600,927828.08015300
2026-05-18 18:00:00,0.00566600,0.00575200,0.00564000,0.00573700,499644.99067700
2026-05-18 22:00:00,0.00573700,0.00576600,0.00570900,0.00575000,224369.66251000
2026-05-19 02:00:00,0.00575000,0.00580000,0.00573100,0.00576500,285836.93075700
2026-05-19 06:00:00,0.00576500,0.00578500,0.00574400,0.00577500,179833.89376900
2026-05-19 10:00:00,0.00577500,0.00578100,0.00569800,0.00570300,309106.87688300
2026-05-19 14:00:00,0.00570300,0.00576800,0.00568200,0.00570700,658790.41434400
2026-05-19 18:00:00,0.00570700,0.00573200,0.00567300,0.00568200,1980434.44221300
2026-05-19 22:00:00,0.00568200,0.00570800,0.00565900,0.00568700,236054.78637500
2026-05-20 02:00:00,0.00568700,0.00572100,0.00566800,0.00570200,237560.13074900
2026-05-20 06:00:00,0.00570200,0.00576100,0.00569400,0.00574200,167746.25396300
2026-05-20 10:00:00,0.00574200,0.00575900,0.00572600,0.00573500,171268.29209800
2026-05-20 14:00:00,0.00573500,0.00582500,0.00571500,0.00581300,691243.11516600
2026-05-20 18:00:00,0.00581300,0.00583100,0.00576900,0.00579500,297024.88164200
2026-05-20 22:00:00,0.00579500,0.00580300,0.00574300,0.00578000,179457.10747200
2026-05-21 02:00:00,0.00578000,0.00584300,0.00577800,0.00583500,271625.15730400
2026-05-21 06:00:00,0.00583500,0.00584900,0.00578900,0.00582300,315603.93264700
2026-05-21 10:00:00,0.00582300,0.00584500,0.00575700,0.00575900,270089.88758600
2026-05-21 14:00:00,0.00575900,0.00578700,0.00573300,0.00577600,405981.28928200
2026-05-21 18:00:00,0.00577600,0.00586800,0.00574500,0.00585700,473341.06194800
2026-05-21 22:00:00,0.00585700,0.00587300,0.00581300,0.00584500,160518.32491000
2026-05-22 02:00:00,0.00584500,0.00586500,0.00582000,0.00586300,161330.42267500
2026-05-22 06:00:00,0.00586300,0.00587900,0.00580900,0.00583400,201536.80675200
2026-05-22 10:00:00,0.00583400,0.00586100,0.00581600,0.00586100,212773.76195800
2026-05-22 14:00:00,0.00586100,0.00589100,0.00578700,0.00582800,600847.66452200
2026-05-22 18:00:00,0.00582800,0.00584300,0.00567000,0.00571000,622058.83306900
2026-05-22 22:00:00,0.00571000,0.00575400,0.00561900,0.00565200,532193.62175600
2026-05-23 02:00:00,0.00565200,0.00569200,0.00563200,0.00567700,296449.91651300
2026-05-23 06:00:00,0.00567700,0.00567800,0.00546900,0.00551600,1136804.56296900
2026-05-23 10:00:00,0.00551600,0.00552800,0.00548400,0.00551400,401305.15756200
2026-05-23 14:00:00,0.00551400,0.00562900,0.00549800,0.00559500,612880.53746500
2026-05-23 18:00:00,0.00559500,0.00565100,0.00557900,0.00561400,280068.31302300
2026-05-23 22:00:00,0.00561400,0.00577500,0.00560800,0.00566900,713977.59940400
2026-05-24 02:00:00,0.00566900,0.00568800,0.00563500,0.00564400,272468.58447900
2026-05-24 06:00:00,0.00564400,0.00566300,0.00562600,0.00563700,133611.96882400
2026-05-24 10:00:00,0.00563700,0.00567700,0.00563100,0.00565500,309032.00963500
2026-05-24 14:00:00,0.00565500,0.00565600,0.00553000,0.00558100,442600.35776600
2026-05-24 18:00:00,0.00558100,0.00560200,0.00555600,0.00557300,211790.70475000
2026-05-24 22:00:00,0.00557300,0.00558400,0.00548800,0.00557600,304621.22961300
2026-05-25 02:00:00,0.00557600,0.00561100,0.00554800,0.00557000,226884.73447800
2026-05-25 06:00:00,0.00557000,0.00565600,0.00555800,0.00562300,251285.12127300
2026-05-25 10:00:00,0.00562300,0.00564300,0.00560900,0.00561100,261067.67088800
2026-05-25 14:00:00,0.00561100,0.00566800,0.00560200,0.00562900,307260.12741900
2026-05-25 18:00:00,0.00562900,0.00565300,0.00558600,0.00560500,334439.22494200
2026-05-25 22:00:00,0.00560500,0.00561700,0.00553200,0.00555600,288262.77955700
2026-05-26 02:00:00,0.00555600,0.00556100,0.00548300,0.00550400,391681.38124300
2026-05-26 06:00:00,0.00550400,0.00556700,0.00550400,0.00553500,190939.59989000
2026-05-26 10:00:00,0.00553500,0.00562400,0.00553100,0.00559800,246655.91444600
2026-05-26 14:00:00,0.00559800,0.00565800,0.00553800,0.00556400,981387.63286200
2026-05-26 18:00:00,0.00556400,0.00556500,0.00547800,0.00552000,341401.40966300
2026-05-26 22:00:00,0.00552000,0.00554000,0.00549900,0.00552500,103809.13425200
2026-05-27 02:00:00,0.00552500,0.00556000,0.00550000,0.00551100,168871.36079800
2026-05-27 06:00:00,0.00551100,0.00555100,0.00546100,0.00554400,259979.81854700
2026-05-27 10:00:00,0.00554400,0.00555200,0.00549800,0.00550000,143683.98932700
2026-05-27 14:00:00,0.00550000,0.00555400,0.00544900,0.00552000,867227.07825400
2026-05-27 18:00:00,0.00552000,0.00553500,0.00546600,0.00549100,327279.58287300
2026-05-27 22:00:00,0.00549100,0.00549800,0.00538600,0.00543100,467511.92025100
2026-05-28 02:00:00,0.00543100,0.00545200,0.00529600,0.00530400,635533.16646700
2026-05-28 06:00:00,0.00530400,0.00530900,0.00523400,0.00530900,488254.55466000
2026-05-28 10:00:00,0.00530900,0.00534500,0.00527900,0.00528900,254994.06769800
2026-05-28 14:00:00,0.00528900,0.00532800,0.00523700,0.00531100,371112.96242300
2026-05-28 18:00:00,0.00531100,0.00541200,0.00528700,0.00534500,520794.42503300
2026-05-28 22:00:00,0.00534500,0.00539500,0.00532800,0.00536600,225582.12211400
2026-05-29 02:00:00,0.00536600,0.00539100,0.00532300,0.00534200,188696.88396100
2026-05-29 06:00:00,0.00534200,0.00540300,0.00532500,0.00538600,153265.58790800
2026-05-29 10:00:00,0.00538600,0.00542200,0.00536100,0.00538100,184410.76337100
2026-05-29 14:00:00,0.00538100,0.00545500,0.00527100,0.00543200,618500.99867900
2026-05-29 18:00:00,0.00543200,0.00545900,0.00536400,0.00540600,345466.27820400
2026-05-29 22:00:00,0.00540600,0.00544200,0.00538500,0.00541900,168415.68027400
2026-05-30 02:00:00,0.00541900,0.00556100,0.00541800,0.00550000,479852.82615800
2026-05-30 06:00:00,0.00550000,0.00551600,0.00543700,0.00549700,767369.16027500
2026-05-30 10:00:00,0.00549700,0.00550300,0.00546900,0.00548000,202937.17886400
2026-05-30 14:00:00,0.00548000,0.00552400,0.00547500,0.00551400,218309.70897400
2026-05-30 18:00:00,0.00551400,0.00554400,0.00550900,0.00552500,247447.33587300
2026-05-30 22:00:00,0.00552500,0.00554100,0.00547900,0.00549300,172993.52350100
2026-05-31 02:00:00,0.00549300,0.00554100,0.00548800,0.00553400,141467.61679500
2026-05-31 06:00:00,0.00553400,0.00554400,0.00547800,0.00549100,144866.85670200
2026-05-31 10:00:00,0.00549100,0.00551600,0.00547200,0.00550900,166531.78819200
2026-05-31 14:00:00,0.00550900,0.00553300,0.00544500,0.00544800,411604.52107800
2026-05-31 18:00:00,0.00544800,0.00545400,0.00541000,0.00544500,408651.90382600
2026-05-31 22:00:00,0.00544500,0.00554200,0.00544200,0.00551800,342125.84166800
2026-06-01 02:00:00,0.00551800,0.00555700,0.00546100,0.00552900,316349.61093800
2026-06-01 06:00:00,0.00552900,0.00554100,0.00540200,0.00540900,255851.41442600
2026-06-01 10:00:00,0.00540900,0.00546600,0.00538900,0.00543700,309661.15711000
2026-06-01 14:00:00,0.00543700,0.00546400,0.00537900,0.00544400,728024.07063300
2026-06-01 18:00:00,0.00544400,0.00557200,0.00540700,0.00553600,621208.93622300
2026-06-01 22:00:00,0.00553600,0.00554600,0.00547400,0.00552600,295745.38911600
2026-06-02 02:00:00,0.00552600,0.00553900,0.00541800,0.00551700,342441.05976000
2026-06-02 06:00:00,0.00551700,0.00552200,0.00543200,0.00547100,272063.11212600
2026-06-02 10:00:00,0.00547100,0.00548700,0.00541800,0.00544600,246564.90085100
2026-06-02 14:00:00,0.00544600,0.00546500,0.00522600,0.00527400,1231333.75791900
2026-06-02 18:00:00,0.00527400,0.00535100,0.00515000,0.00522800,862152.52366600
2026-06-02 22:00:00,0.00522800,0.00529300,0.00508400,0.00517800,534157.99549500
2026-06-03 02:00:00,0.00517800,0.00524500,0.00513200,0.00515300,369325.79467400
2026-06-03 06:00:00,0.00515300,0.00532500,0.00515100,0.00529900,534553.83745900
2026-06-03 10:00:00,0.00529900,0.00535200,0.00527300,0.00532100,305456.08224200
2026-06-03 14:00:00,0.00532100,0.00534300,0.00525700,0.00525700,369585.66986200
2026-06-03 18:00:00,0.00525700,0.00527100,0.00518200,0.00520400,509687.42478600
2026-06-03 22:00:00,0.00520400,0.00528400,0.00513200,0.00519500,725232.86400700
2026-06-04 02:00:00,0.00519500,0.00522600,0.00484700,0.00513200,1387984.74745800
2026-06-04 06:00:00,0.00513200,0.00514500,0.00498900,0.00499100,397404.16278100
2026-06-04 10:00:00,0.00499100,0.00501600,0.00486600,0.00495300,779123.49611100
2026-06-04 14:00:00,0.00495300,0.00505900,0.00493100,0.00503100,438702.58555100
2026-06-04 18:00:00,0.00503100,0.00504600,0.00496200,0.00499900,387366.05145600
2026-06-04 22:00:00,0.00499900,0.00500200,0.00486800,0.00495000,528028.77311300
2026-06-05 02:00:00,0.00495000,0.00496500,0.00481800,0.00483400,644502.89602000
2026-06-05 06:00:00,0.00483400,0.00490100,0.00458800,0.00477900,1043899.58839000
2026-06-05 10:00:00,0.00477900,0.00480900,0.00469600,0.00472000,326766.15755800
2026-06-05 14:00:00,0.00472000,0.00475700,0.00452300,0.00456100,1214982.26682500
2026-06-05 18:00:00,0.00456100,0.00465800,0.00440700,0.00452500,1157066.84721600
2026-06-05 22:00:00,0.00452500,0.00464500,0.00448500,0.00455500,643111.85663100
2026-06-06 02:00:00,0.00455500,0.00462000,0.00448800,0.00450000,300729.39374200
2026-06-06 06:00:00,0.00450000,0.00453500,0.00430000,0.00447300,995197.57381400
2026-06-06 10:00:00,0.00447300,0.00454600,0.00440700,0.00449900,404025.61331400
2026-06-06 14:00:00,0.00449900,0.00456900,0.00448800,0.00454900,424754.80497000
2026-06-06 18:00:00,0.00454900,0.00456700,0.00449200,0.00450400,273845.37087600
2026-06-06 22:00:00,0.00450400,0.00456400,0.00448900,0.00456100,204467.18322100
2026-06-07 02:00:00,0.00456100,0.00465600,0.00454900,0.00464300,455553.56067100
2026-06-07 06:00:00,0.00464300,0.00473100,0.00462700,0.00472200,340004.69384300
2026-06-07 10:00:00,0.00472200,0.00478400,0.00468900,0.00470900,297341.61854100
2026-06-07 14:00:00,0.00470900,0.00471300,0.00462700,0.00468900,340294.00526800
2026-06-07 18:00:00,0.00468900,0.00472300,0.00457800,0.00460100,242417.15119300
2026-06-07 22:00:00,0.00460100,0.00482800,0.00458700,0.00471800,552713.73833700
2026-06-08 02:00:00,0.00471800,0.00475300,0.00464900,0.00470500,308383.45232000
2026-06-08 06:00:00,0.00470500,0.00472700,0.00464600,0.00471900,139905.00739300
2026-06-08 10:00:00,0.00471900,0.00478600,0.00468600,0.00476500,245943.17716000
2026-06-08 14:00:00,0.00476500,0.00480600,0.00472700,0.00476000,375984.78756300
2026-06-08 18:00:00,0.00476000,0.00479700,0.00472800,0.00476300,316811.59198000
2026-06-08 22:00:00,0.00476300,0.00479400,0.00470900,0.00471800,302324.20804500
2026-06-09 02:00:00,0.00471800,0.00471900,0.00464300,0.00467200,280129.09988000
2026-06-09 06:00:00,0.00467200,0.00475400,0.00466400,0.00472200,281115.73890700
2026-06-09 10:00:00,0.00472200,0.00472700,0.00466800,0.00469000,201993.98520300
2026-06-09 14:00:00,0.00469000,0.00472000,0.00460600,0.00461500,336690.43912300
2026-06-09 18:00:00,0.00461500,0.00469200,0.00456400,0.00468200,467220.12733300
2026-06-09 22:00:00,0.00468200,0.00470600,0.00465100,0.00466500,235273.92529900
2026-06-10 02:00:00,0.00466500,0.00469900,0.00462800,0.00466000,157981.27471200
2026-06-10 06:00:00,0.00466000,0.00468400,0.00461900,0.00466800,116961.61988400
2026-06-10 10:00:00,0.00466800,0.00467000,0.00460200,0.00463100,246519.42451800
2026-06-10 14:00:00,0.00463100,0.00476900,0.00461700,0.00474600,705748.56499800
2026-06-10 18:00:00,0.00474600,0.00475600,0.00463300,0.00464300,544130.96287900
2026-06-10 22:00:00,0.00464300,0.00464900,0.00455500,0.00461500,418789.63135600
2026-06-11 02:00:00,0.00461500,0.00472700,0.00461300,0.00471800,378692.29406700
2026-06-11 06:00:00,0.00471800,0.00473800,0.00469100,0.00470200,160870.80662200
2026-06-11 10:00:00,0.00470200,0.00475900,0.00470500,0.00474400,272265.01263400
2026-06-11 14:00:00,0.00474400,0.00478200,0.00469200,0.00475500,1298538.02716000
2026-06-11 18:00:00,0.00475500,0.00488500,0.00474600,0.00483700,389448.63613100
2026-06-11 22:00:00,0.00483700,0.00484400,0.00480400,0.00481500,170933.06613200
2026-06-12 02:00:00,0.00481500,0.00485700,0.00480300,0.00485700,144914.70400700
2026-06-12 06:00:00,0.00485700,0.00486900,0.00478100,0.00481400,198951.15926600
2026-06-12 10:00:00,0.00481400,0.00489700,0.00481400,0.00486200,426797.68267800
2026-06-12 14:00:00,0.00486200,0.00493600,0.00479800,0.00483800,697046.74844500
2026-06-12 18:00:00,0.00483800,0.00488300,0.00483200,0.00485600,224985.43460700
2026-06-12 22:00:00,0.00485600,0.00486900,0.00481700,0.00484500,123278.21008300
2026-06-13 02:00:00,0.00484500,0.00488400,0.00483500,0.00487600,208681.13996600
2026-06-13 06:00:00,0.00487600,0.00494700,0.00486100,0.00494100,209168.04862900
2026-06-13 10:00:00,0.00494100,0.00508400,0.00493100,0.00508200,387398.87707300
2026-06-13 14:00:00,0.00508200,0.00509200,0.00494800,0.00498500,454304.32912800
2026-06-13 18:00:00,0.00498500,0.00500700,0.00496500,0.00498800,295376.45133100
2026-06-13 22:00:00,0.00498800,0.00504200,0.00497800,0.00501000,196300.42191200
2026-06-14 02:00:00,0.00501000,0.00503800,0.00500100,0.00502500,176097.15786600
2026-06-14 06:00:00,0.00502500,0.00502500,0.00498400,0.00500600,191981.01413600
2026-06-14 10:00:00,0.00500600,0.00501700,0.00495700,0.00496100,150413.40304100
2026-06-14 14:00:00,0.00496100,0.00496300,0.00487200,0.00488300,260447.15073400
2026-06-14 18:00:00,0.00488300,0.00491000,0.00487600,0.00488100,128551.53273500
2026-06-14 22:00:00,0.00488100,0.00504300,0.00487700,0.00504200,364686.92902600
2026-06-15 02:00:00,0.00504200,0.00505400,0.00499100,0.00502000,174215.02384000
2026-06-15 06:00:00,0.00502000,0.00508800,0.00499100,0.00500100,524798.05699900
2026-06-15 10:00:00,0.00500100,0.00507500,0.00498200,0.00506300,547874.35332300
2026-06-15 14:00:00,0.00506300,0.00518100,0.00505500,0.00517300,584516.18540200
2026-06-15 18:00:00,0.00517300,0.00519100,0.00504500,0.00506600,400033.87073800
2026-06-15 22:00:00,0.00506600,0.00508900,0.00501300,0.00505700,262740.55784800
2026-06-16 02:00:00,0.00505700,0.00506200,0.00496600,0.00502400,349129.79323100
2026-06-16 06:00:00,0.00502400,0.00503600,0.00498200,0.00503400,143847.52324400
2026-06-16 10:00:00,0.00503400,0.00508700,0.00499100,0.00500700,259435.06679800
2026-06-16 14:00:00,0.00500700,0.00504100,0.00491100,0.00497700,349748.71650500
2026-06-16 18:00:00,0.00497700,0.00500900,0.00495300,0.00498000,317018.23947000
2026-06-16 22:00:00,0.00498000,0.00500400,0.00497200,0.00497700,102010.43899700
2026-06-17 02:00:00,0.00497700,0.00502700,0.00495700,0.00499600,158109.82032900
2026-06-17 06:00:00,0.00499600,0.00501300,0.00496100,0.00497600,155222.33366000
2026-06-17 10:00:00,0.00497600,0.00497600,0.00491300,0.00493700,201257.18301900
2026-06-17 14:00:00,0.00493700,0.00501100,0.00492400,0.00501000,894479.20784700
2026-06-17 18:00:00,0.00501000,0.00505100,0.00488200,0.00490300,765754.46388700
2026-06-17 22:00:00,0.00490300,0.00496700,0.00488200,0.00495300,174460.58130000
2026-06-18 02:00:00,0.00495300,0.00497800,0.00488600,0.00490000,205570.04645600
2026-06-18 06:00:00,0.00490000,0.00490300,0.00484800,0.00488300,178549.30841800
2026-06-18 10:00:00,0.00488300,0.00490200,0.00482800,0.00483800,183511.38341900
2026-06-18 14:00:00,0.00483800,0.00485200,0.00464700,0.00464800,582599.12547500
2026-06-18 18:00:00,0.00464800,0.00472100,0.00462300,0.00470800,318484.13056500
2026-06-18 22:00:00,0.00470800,0.00476700,0.00470900,0.00476400,136405.13864800
2026-06-19 02:00:00,0.00476400,0.00479800,0.00472300,0.00474600,212016.46672000
2026-06-19 06:00:00,0.00474600,0.00475300,0.00468700,0.00470400,160848.27362500
2026-06-19 10:00:00,0.00470400,0.00472900,0.00469200,0.00471800,112035.34735100
2026-06-19 14:00:00,0.00471800,0.00477900,0.00468900,0.00477200,148763.92203900
2026-06-19 18:00:00,0.00477200,0.00479100,0.00472900,0.00474200,135701.14100900
2026-06-19 22:00:00,0.00474200,0.00476200,0.00472500,0.00475000,102546.13942700
2026-06-20 02:00:00,0.00475000,0.00477400,0.00470000,0.00470500,237578.78748700
2026-06-20 06:00:00,0.00470500,0.00476500,0.00469800,0.00471700,103308.29428100
2026-06-20 10:00:00,0.00471700,0.00474300,0.00470400,0.00470900,94756.44118000
2026-06-20 14:00:00,0.00470900,0.00473400,0.00465500,0.00471600,233038.68476600
2026-06-20 18:00:00,0.00471600,0.00471900,0.00467400,0.00470700,202308.25552900
2026-06-20 22:00:00,0.00470700,0.00475600,0.00470000,0.00474200,135784.48431200
2026-06-21 02:00:00,0.00474200,0.00474700,0.00471200,0.00472400,81358.56165800
2026-06-21 06:00:00,0.00472400,0.00473200,0.00468700,0.00469900,85290.31145500
2026-06-21 10:00:00,0.00469900,0.00471600,0.00466400,0.00468100,182236.30122300
2026-06-21 14:00:00,0.00468100,0.00470800,0.00466800,0.00470300,106745.04485800
2026-06-21 18:00:00,0.00470300,0.00470600,0.00467000,0.00468900,140390.78075800
2026-06-21 22:00:00,0.00468900,0.00469400,0.00462800,0.00464000,191808.81152500
2026-06-22 02:00:00,0.00464000,0.00472500,0.00464100,0.00465400,241468.22327400
2026-06-22 06:00:00,0.00465400,0.00468400,0.00464600,0.00467800,105662.03905900
2026-06-22 10:00:00,0.00467800,0.00473000,0.00466300,0.00472300,127180.60428000
2026-06-22 14:00:00,0.00472300,0.00476900,0.00467600,0.00469000,287958.22923000
2026-06-22 18:00:00,0.00469000,0.00470500,0.00465900,0.00467200,255345.35087100
2026-06-22 22:00:00,0.00467200,0.00468200,0.00460500,0.00464100,208169.45032900
2026-06-23 02:00:00,0.00464100,0.00466700,0.00462200,0.00465400,125058.44790500
2026-06-23 06:00:00,0.00465400,0.00465900,0.00450400,0.00454200,429462.78814200
2026-06-23 10:00:00,0.00454200,0.00455400,0.00446400,0.00452200,548387.87420400
2026-06-23 14:00:00,0.00452200,0.00463100,0.00452000,0.00454400,488065.67506400
2026-06-23 18:00:00,0.00454400,0.00457500,0.00452100,0.00453800,133332.92543700
2026-06-23 22:00:00,0.00453800,0.00457500,0.00453700,0.00456400,83100.31908700
2026-06-24 02:00:00,0.00456400,0.00459700,0.00453600,0.00455000,190526.06973500
2026-06-24 06:00:00,0.00455000,0.00457800,0.00453000,0.00455400,89419.44514700
2026-06-24 10:00:00,0.00455400,0.00459200,0.00452500,0.00456600,166797.96449900
2026-06-24 14:00:00,0.00456600,0.00457400,0.00434300,0.00436700,709862.65961500
2026-06-24 18:00:00,0.00436700,0.00441400,0.00420800,0.00427300,1129639.01683700
2026-06-24 22:00:00,0.00427300,0.00438900,0.00426600,0.00438000,327697.07048200
2026-06-25 02:00:00,0.00438000,0.00445100,0.00436500,0.00438400,225190.17088000
2026-06-25 06:00:00,0.00438400,0.00444100,0.00436600,0.00442600,108757.11258000
2026-06-25 10:00:00,0.00442600,0.00443500,0.00436500,0.00437500,219240.89881600
2026-06-25 14:00:00,0.00437500,0.00439400,0.00404700,0.00416800,1043874.19531800
2026-06-25 18:00:00,0.00416800,0.00429100,0.00414900,0.00417600,1670358.08386400
2026-06-25 22:00:00,0.00417600,0.00425800,0.00417700,0.00423900,640953.63411100
2026-06-26 02:00:00,0.00423900,0.00425100,0.00404600,0.00420500,499585.71338300
2026-06-26 06:00:00,0.00420500,0.00427200,0.00416600,0.00426900,204029.23179700
2026-06-26 10:00:00,0.00426900,0.00427600,0.00413300,0.00414400,307414.43904000
2026-06-26 14:00:00,0.00414400,0.00425400,0.00410500,0.00423500,373276.16443400
2026-06-26 18:00:00,0.00423500,0.00428600,0.00421500,0.00421800,214567.23550600
2026-06-26 22:00:00,0.00421800,0.00425900,0.00419800,0.00424400,222173.98107100
2026-06-27 02:00:00,0.00424400,0.00429900,0.00422200,0.00428200,959321.75667800
2026-06-27 06:00:00,0.00428200,0.00430400,0.00425400,0.00427400,190627.27341500
2026-06-27 10:00:00,0.00427400,0.00427400,0.00422900,0.00425200,202721.29178400
2026-06-27 14:00:00,0.00425200,0.00430300,0.00424700,0.00429100,102303.59048900
2026-06-27 18:00:00,0.00429100,0.00439100,0.00420700,0.00423000,649051.95122100
2026-06-27 22:00:00,0.00423000,0.00424500,0.00419000,0.00421200,127884.21356500
2026-06-28 02:00:00,0.00421200,0.00422900,0.00420200,0.00421400,220361.85850100
2026-06-28 06:00:00,0.00421400,0.00421600,0.00414900,0.00417300,303758.14092800
2026-06-28 10:00:00,0.00417300,0.00423500,0.00417200,0.00421300,214313.07917900
2026-06-28 14:00:00,0.00421300,0.00421200,0.00417300,0.00418500,78914.73261700
2026-06-28 18:00:00,0.00418500,0.00418700,0.00412800,0.00415000,175965.10911500
2026-06-28 22:00:00,0.00415000,0.00417400,0.00408600,0.00416200,231139.96972200
2026-06-29 02:00:00,0.00416200,0.00421800,0.00411400,0.00418800,194736.80147500
2026-06-29 06:00:00,0.00418800,0.00420000,0.00412900,0.00417900,175354.69986700
2026-06-29 10:00:00,0.00417900,0.00422500,0.00414200,0.00420500,215734.55827400
2026-06-29 14:00:00,0.00420500,0.00426800,0.00415900,0.00422600,408168.85053400
2026-06-29 18:00:00,0.00422600,0.00434400,0.00420700,0.00430300,560196.25657400
2026-06-29 22:00:00,0.00430300,0.00430500,0.00424900,0.00426300,199038.07064900
2026-06-30 02:00:00,0.00426300,0.00426900,0.00421300,0.00424300,188926.21745000
2026-06-30 06:00:00,0.00424300,0.00425900,0.00422800,0.00423400,109853.03671600
2026-06-30 10:00:00,0.00423400,0.00425700,0.00420000,0.00421700,279537.34864400
2026-06-30 14:00:00,0.00421700,0.00422900,0.00415500,0.00421100,265914.58788500
2026-06-30 18:00:00,0.00421100,0.00425600,0.00420100,0.00423800,147268.45235100
2026-06-30 22:00:00,0.00423800,0.00424100,0.00418800,0.00420100,106645.02262700
2026-07-01 02:00:00,0.00420100,0.00425700,0.00412700,0.00425200,312894.14865600
2026-07-01 06:00:00,0.00425200,0.00426400,0.00418700,0.00423000,177553.21737900
2026-07-01 10:00:00,0.00423000,0.00424900,0.00420600,0.00421800,149770.09425000
2026-07-01 14:00:00,0.00421800,0.00435100,0.00419400,0.00433500,957947.54977900
2026-07-01 18:00:00,0.00433500,0.00435400,0.00428600,0.00429300,856893.27252500
2026-07-01 22:00:00,0.00429300,0.00438100,0.00426300,0.00427900,689401.38235700
2026-07-02 02:00:00,0.00427900,0.00435600,0.00424900,0.00435200,320083.74149100
2026-07-02 06:00:00,0.00435200,0.00435400,0.00427400,0.00428600,195049.53971200
2026-07-02 10:00:00,0.00428600,0.00433700,0.00428500,0.00431700,335875.27237600
2026-07-02 14:00:00,0.00431700,0.00438000,0.00429600,0.00430900,1043269.01677600
2026-07-02 18:00:00,0.00430900,0.00432200,0.00428900,0.00430400,247769.70622900
2026-07-02 22:00:00,0.00430400,0.00430800,0.00422500,0.00428800,355463.60094800
2026-07-03 02:00:00,0.00428800,0.00431200,0.00423200,0.00424900,406182.56712100
2026-07-03 06:00:00,0.00424900,0.00428600,0.00423500,0.00427900,222430.32108800
2026-07-03 10:00:00,0.00427900,0.00434300,0.00426900,0.00433200,301838.09364200
2026-07-03 14:00:00,0.00433200,0.00438500,0.00432100,0.00435300,481452.80440700
2026-07-03 18:00:00,0.00435300,0.00442200,0.00434200,0.00438400,329188.71022100
2026-07-03 22:00:00,0.00438400,0.00449600,0.00437900,0.00444600,527308.78996300
2026-07-04 02:00:00,0.00444600,0.00444900,0.00437300,0.00442400,320655.95100800
2026-07-04 06:00:00,0.00442400,0.00445300,0.00437700,0.00438800,323799.25031500
2026-07-04 10:00:00,0.00438800,0.00440200,0.00435300,0.00439200,271269.17264600
2026-07-04 14:00:00,0.00439200,0.00448200,0.00438800,0.00447300,337050.26170300
2026-07-04 18:00:00,0.00447300,0.00458300,0.00443800,0.00448600,576483.77428800
2026-07-04 22:00:00,0.00448600,0.00450600,0.00443400,0.00445300,230293.98656100
2026-07-05 02:00:00,0.00445300,0.00445500,0.00433900,0.00434200,358860.66345700
2026-07-05 06:00:00,0.00434200,0.00434900,0.00429600,0.00434300,322332.54002600
2026-07-05 10:00:00,0.00434300,0.00434800,0.00427600,0.00431500,239032.98088900
2026-07-05 14:00:00,0.00431500,0.00437300,0.00430100,0.00434500,196946.50576400
2026-07-05 18:00:00,0.00434500,0.00437500,0.00432300,0.00436400,264679.55297100
2026-07-05 22:00:00,0.00436400,0.00444900,0.00435400,0.00441900,394419.77877600
2026-07-06 02:00:00,0.00441900,0.00443000,0.00436500,0.00438500,285854.78467400
2026-07-06 06:00:00,0.00438500,0.00439100,0.00432800,0.00435800,195302.79607400
2026-07-06 10:00:00,0.00435800,0.00438300,0.00434100,0.00434300,259942.34456700
2026-07-06 14:00:00,0.00434300,0.00439400,0.00425600,0.00438900,915158.96507800
2026-07-06 18:00:00,0.00438900,0.00441500,0.00436800,0.00440200,283462.29672000
2026-07-06 22:00:00,0.00440200,0.00447500,0.00438800,0.00439300,301095.69688900
2026-07-07 02:00:00,0.00439300,0.00441400,0.00432700,0.00433300,214687.45682100
2026-07-07 06:00:00,0.00433300,0.00437500,0.00431400,0.00435600,212903.22396900
2026-07-07 10:00:00,0.00435600,0.00438200,0.00433700,0.00438200,150883.19093300
2026-07-07 14:00:00,0.00438200,0.00446000,0.00434100,0.00444500,341936.33495400
2026-07-07 18:00:00,0.00444500,0.00453300,0.00440600,0.00444400,501129.84984800
2026-07-07 22:00:00,0.00444400,0.00445800,0.00434600,0.00437800,225995.93313700
2026-07-08 02:00:00,0.00437800,0.00440500,0.00428600,0.00430000,601144.13738500
2026-07-08 06:00:00,0.00430000,0.00431100,0.00426200,0.00428100,345714.62338000
2026-07-08 10:00:00,0.00428100,0.00429700,0.00413600,0.00423300,622275.48729700
2026-07-08 14:00:00,0.00423300,0.00424100,0.00417200,0.00420400,303143.03326400
2026-07-08 18:00:00,0.00420400,0.00428200,0.00420200,0.00425900,206613.16410200
2026-07-08 22:00:00,0.00425900,0.00429100,0.00423800,0.00429000,119914.41647100
2026-07-09 02:00:00,0.00429000,0.00431400,0.00422100,0.00424000,401665.03744500
2026-07-09 06:00:00,0.00424000,0.00431700,0.00423400,0.00429600,180444.41444900
2026-07-09 10:00:00,0.00429600,0.00430900,0.00426600,0.00429500,176544.69399000
2026-07-09 14:00:00,0.00429500,0.00430400,0.00425400,0.00426400,238207.81947000
2026-07-09 18:00:00,0.00426400,0.00430700,0.00424800,0.00428400,167036.74713700
2026-07-09 22:00:00,0.00428400,0.00429700,0.00426800,0.00428400,133420.02549200
2026-07-10 02:00:00,0.00428400,0.00435200,0.00425200,0.00434600,306155.32168100
2026-07-10 06:00:00,0.00434600,0.00435900,0.00433400,0.00434300,145118.79059100
2026-07-10 10:00:00,0.00434300,0.00439200,0.00434200,0.00437700,199303.36351700
2026-07-10 14:00:00,0.00437700,0.00440400,0.00432300,0.00435500,207365.76489200
2026-07-10 18:00:00,0.00435500,0.00438700,0.00434100,0.00436600,173625.87483300
2026-07-10 22:00:00,0.00436600,0.00440800,0.00435800,0.00439500,137870.96148400
