timestamp,open,high,low,close,volume
2024-06-13 22:00:00,84.45000000,84.56000000,83.38000000,83.72000000,568670.06900000
2024-06-14 02:00:00,83.72000000,85.40000000,83.12000000,84.56000000,1366585.69500000
2024-06-14 06:00:00,84.56000000,86.16000000,84.53000000,85.37000000,688230.27100000
2024-06-14 10:00:00,85.37000000,86.00000000,84.70000000,85.81000000,729878.85200000
2024-06-14 14:00:00,85.81000000,86.14000000,83.66000000,84.00000000,1000119.09200000
2024-06-14 18:00:00,84.00000000,84.50000000,80.41000000,81.94000000,2040841.85800000
2024-06-14 22:00:00,81.94000000,84.56000000,81.85000000,83.62000000,656936.13400000
2024-06-15 02:00:00,83.62000000,84.78000000,83.37000000,84.65000000,741476.88200000
2024-06-15 06:00:00,84.65000000,85.78000000,84.10000000,85.25000000,662576.33800000
2024-06-15 10:00:00,85.25000000,85.63000000,84.70000000,85.53000000,422074.36500000
2024-06-15 14:00:00,85.53000000,87.12000000,85.13000000,86.45000000,827834.11100000
2024-06-15 18:00:00,86.45000000,86.78000000,85.37000000,85.77000000,491354.58300000
2024-06-15 22:00:00,85.77000000,86.34000000,85.22000000,85.88000000,377568.41800000
2024-06-16 02:00:00,85.88000000,86.72000000,84.50000000,84.85000000,1240272.68800000
2024-06-16 06:00:00,84.85000000,85.50000000,84.19000000,85.13000000,520021.38600000
2024-06-16 10:00:00,85.13000000,85.35000000,84.41000000,84.62000000,495829.95000000
2024-06-16 14:00:00,84.62000000,85.60000000,84.52000000,85.56000000,625557.56900000
2024-06-16 18:00:00,85.56000000,85.87000000,84.97000000,85.60000000,658498.57700000
2024-06-16 22:00:00,85.60000000,86.32000000,85.06000000,85.73000000,522267.86900000
2024-06-17 02:00:00,85.73000000,87.90000000,83.86000000,84.12000000,2388421.21800000
2024-06-17 06:00:00,84.12000000,87.78000000,83.85000000,84.97000000,3498839.40600000
2024-06-17 10:00:00,84.97000000,86.10000000,82.14000000,83.55000000,1778954.52300000
2024-06-17 14:00:00,83.55000000,84.44000000,82.31000000,83.25000000,1498739.58900000
2024-06-17 18:00:00,83.25000000,86.98000000,81.43000000,86.50000000,2504732.24400000
2024-06-17 22:00:00,86.50000000,86.53000000,84.76000000,84.91000000,1258681.64600000
2024-06-18 02:00:00,84.91000000,85.56000000,73.88000000,79.81000000,5235868.16500000
2024-06-18 06:00:00,79.81000000,80.68000000,79.40000000,80.09000000,858187.75100000
2024-06-18 10:00:00,80.09000000,80.32000000,77.87000000,78.12000000,1356247.21600000
2024-06-18 14:00:00,78.12000000,79.56000000,76.84000000,79.20000000,1718202.69600000
2024-06-18 18:00:00,79.20000000,80.38000000,78.07000000,80.31000000,1439050.72000000
2024-06-18 22:00:00,80.31000000,82.23000000,79.75000000,81.97000000,1115033.55900000
2024-06-19 02:00:00,81.97000000,86.19000000,81.41000000,86.09000000,1705920.88900000
2024-06-19 06:00:00,86.09000000,87.59000000,84.69000000,87.59000000,1580630.31400000
2024-06-19 10:00:00,87.59000000,88.82000000,86.40000000,87.28000000,2199708.43800000
2024-06-19 14:00:00,87.28000000,88.48000000,85.40000000,86.35000000,2032742.55300000
2024-06-19 18:00:00,86.35000000,88.66000000,85.97000000,87.47000000,1339572.39700000
2024-06-19 22:00:00,87.47000000,88.62000000,87.09000000,87.30000000,906503.10000000
2024-06-20 02:00:00,87.30000000,89.10000000,86.40000000,86.75000000,1480495.55100000
2024-06-20 06:00:00,86.75000000,88.97000000,86.28000000,88.90000000,1293349.91900000
2024-06-20 10:00:00,88.90000000,90.07000000,88.15000000,88.37000000,1627965.47100000
2024-06-20 14:00:00,88.37000000,88.45000000,85.45000000,85.60000000,1748402.01400000
2024-06-20 18:00:00,85.60000000,86.93000000,84.63000000,86.44000000,1114816.58200000
2024-06-20 22:00:00,86.44000000,86.57000000,84.70000000,84.78000000,509635.32800000
2024-06-21 02:00:00,84.78000000,85.91000000,84.06000000,85.06000000,1083679.28200000
2024-06-21 06:00:00,85.06000000,86.66000000,84.53000000,85.03000000,1121918.32500000
2024-06-21 10:00:00,85.03000000,86.16000000,83.68000000,85.22000000,1238722.50700000
2024-06-21 14:00:00,85.22000000,86.50000000,84.25000000,85.34000000,1141882.53900000
2024-06-21 18:00:00,85.34000000,85.41000000,82.28000000,82.60000000,2159354.79100000
2024-06-21 22:00:00,82.60000000,83.07000000,81.70000000,81.94000000,800858.25100000
2024-06-22 02:00:00,81.94000000,82.33000000,80.77000000,80.78000000,837775.37800000
2024-06-22 06:00:00,80.78000000,80.78000000,79.59000000,79.84000000,858399.28800000
2024-06-22 10:00:00,79.84000000,80.50000000,79.65000000,79.90000000,650315.01000000
2024-06-22 14:00:00,79.90000000,81.45000000,79.89000000,81.25000000,798499.30900000
2024-06-22 18:00:00,81.25000000,81.72000000,80.55000000,80.97000000,502050.70000000
2024-06-22 22:00:00,80.97000000,81.91000000,80.57000000,81.59000000,457745.39900000
2024-06-23 02:00:00,81.59000000,82.40000000,81.56000000,82.37000000,526776.29500000
2024-06-23 06:00:00,82.37000000,82.53000000,81.73000000,81.90000000,398863.13600000
2024-06-23 10:00:00,81.90000000,82.75000000,81.69000000,82.60000000,520016.59500000
2024-06-23 14:00:00,82.60000000,82.80000000,80.96000000,81.31000000,756448.48400000
2024-06-23 18:00:00,81.31000000,82.72000000,80.05000000,81.53000000,1310652.30400000
2024-06-23 22:00:00,81.53000000,82.00000000,80.19000000,80.70000000,868535.09000000
2024-06-24 02:00:00,80.70000000,81.18000000,79.09000000,80.31000000,1134205.85500000
2024-06-24 06:00:00,80.31000000,80.53000000,78.26000000,79.50000000,1042287.32900000
2024-06-24 10:00:00,79.50000000,80.44000000,76.85000000,79.32000000,1756284.43600000
2024-06-24 14:00:00,79.32000000,81.75000000,79.19000000,80.94000000,1380068.68100000
2024-06-24 18:00:00,80.94000000,90.03000000,80.63000000,86.44000000,7943475.01500000
2024-06-24 22:00:00,86.44000000,87.35000000,84.81000000,86.23000000,2500927.26100000
2024-06-25 02:00:00,86.23000000,90.22000000,86.15000000,89.37000000,2495385.03500000
2024-06-25 06:00:00,89.37000000,91.63000000,89.37000000,90.69000000,2456978.33700000
2024-06-25 10:00:00,90.69000000,93.06000000,90.09000000,92.16000000,3370112.69400000
2024-06-25 14:00:00,92.16000000,95.19000000,91.27000000,91.56000000,5177465.58500000
2024-06-25 18:00:00,91.56000000,93.03000000,90.75000000,91.78000000,3541520.62400000
2024-06-25 22:00:00,91.78000000,92.50000000,91.69000000,92.00000000,1191870.68000000
2024-06-26 02:00:00,92.00000000,92.50000000,91.38000000,91.38000000,1399529.94300000
2024-06-26 06:00:00,91.38000000,92.31000000,90.97000000,91.32000000,1058620.69800000
2024-06-26 10:00:00,91.32000000,91.44000000,90.00000000,91.20000000,1143202.71200000
2024-06-26 14:00:00,91.20000000,91.78000000,90.53000000,91.28000000,1353329.53500000
2024-06-26 18:00:00,91.28000000,94.30000000,90.70000000,93.16000000,2888875.44200000
2024-06-26 22:00:00,93.16000000,95.53000000,92.97000000,94.44000000,2331011.55900000
2024-06-27 02:00:00,94.44000000,94.56000000,92.66000000,93.44000000,1841783.93400000
2024-06-27 06:00:00,93.44000000,94.69000000,92.60000000,92.72000000,1367514.10000000
2024-06-27 10:00:00,92.72000000,94.78000000,92.31000000,94.40000000,1455778.05500000
2024-06-27 14:00:00,94.40000000,96.43000000,91.13000000,91.37000000,5171878.51800000
2024-06-27 18:00:00,91.37000000,92.78000000,90.97000000,91.88000000,2104290.76400000
2024-06-27 22:00:00,91.88000000,94.22000000,91.56000000,93.37000000,1327402.25900000
2024-06-28 02:00:00,93.37000000,94.69000000,92.84000000,93.66000000,1374563.47800000
2024-06-28 06:00:00,93.66000000,95.28000000,93.06000000,94.91000000,1620192.10900000
2024-06-28 10:00:00,94.91000000,96.28000000,94.41000000,95.88000000,1304831.13900000
2024-06-28 14:00:00,95.88000000,96.94000000,94.78000000,95.37000000,2280950.14500000
2024-06-28 18:00:00,95.37000000,95.52000000,93.87000000,94.82000000,2108529.36300000
2024-06-28 22:00:00,94.82000000,95.23000000,93.52000000,93.53000000,1097094.49000000
2024-06-29 02:00:00,93.53000000,96.18000000,93.53000000,95.97000000,1361436.07000000
2024-06-29 06:00:00,95.97000000,96.91000000,95.06000000,96.03000000,1098109.12300000
2024-06-29 10:00:00,96.03000000,96.47000000,94.89000000,95.03000000,980264.78600000
2024-06-29 14:00:00,95.03000000,96.12000000,94.47000000,96.07000000,1048463.36300000
2024-06-29 18:00:00,96.07000000,96.76000000,95.31000000,96.06000000,1326563.29900000
2024-06-29 22:00:00,96.06000000,97.34000000,95.80000000,96.53000000,1104095.52400000
2024-06-30 02:00:00,96.53000000,96.80000000,94.41000000,94.91000000,1394396.85600000
2024-06-30 06:00:00,94.91000000,96.30000000,94.56000000,96.10000000,1291735.98800000
2024-06-30 10:00:00,96.10000000,98.04000000,95.62000000,96.62000000,1522062.52300000
2024-06-30 14:00:00,96.62000000,96.82000000,95.56000000,96.47000000,963309.61000000
2024-06-30 18:00:00,96.47000000,96.97000000,95.34000000,95.41000000,1132084.21300000
2024-06-30 22:00:00,95.41000000,97.50000000,94.97000000,97.41000000,1344681.18500000
2024-07-01 02:00:00,97.41000000,99.91000000,96.28000000,99.72000000,1691869.90600000
2024-07-01 06:00:00,99.72000000,99.93000000,97.34000000,97.93000000,971054.76700000
2024-07-01 10:00:00,97.93000000,99.91000000,97.93000000,98.15000000,1768067.67500000
2024-07-01 14:00:00,98.15000000,99.55000000,97.19000000,98.06000000,1524233.19400000
2024-07-01 18:00:00,98.06000000,99.65000000,97.53000000,99.12000000,1006126.12900000
2024-07-01 22:00:00,99.12000000,99.72000000,98.18000000,98.28000000,795170.51600000
2024-07-02 02:00:00,98.28000000,99.56000000,97.52000000,98.81000000,1357915.80900000
2024-07-02 06:00:00,98.81000000,98.98000000,97.28000000,97.41000000,1422364.12700000
2024-07-02 10:00:00,97.41000000,97.78000000,95.41000000,96.22000000,2398665.99200000
2024-07-02 14:00:00,96.22000000,97.00000000,94.66000000,94.90000000,1863014.77300000
2024-07-02 18:00:00,94.90000000,94.95000000,88.54000000,90.94000000,9752398.67000000
2024-07-02 22:00:00,90.94000000,91.87000000,90.12000000,91.45000000,1816676.82500000
2024-07-03 02:00:00,91.45000000,92.34000000,88.37000000,89.38000000,3926626.33300000
2024-07-03 06:00:00,89.38000000,90.34000000,88.83000000,89.97000000,1777216.80800000
2024-07-03 10:00:00,89.97000000,90.16000000,87.47000000,88.53000000,2151684.62300000
2024-07-03 14:00:00,88.53000000,89.16000000,87.06000000,89.12000000,1631981.50700000
2024-07-03 18:00:00,89.12000000,89.69000000,84.86000000,84.94000000,3004580.19700000
2024-07-03 22:00:00,84.94000000,85.32000000,83.81000000,84.22000000,2065106.78100000
2024-07-04 02:00:00,84.22000000,85.75000000,81.65000000,85.28000000,3304052.19300000
2024-07-04 06:00:00,85.28000000,85.87000000,83.44000000,83.88000000,1483985.53200000
2024-07-04 10:00:00,83.88000000,84.55000000,81.55000000,81.56000000,2300773.16600000
2024-07-04 14:00:00,81.56000000,82.98000000,79.15000000,82.78000000,2870060.67000000
2024-07-04 18:00:00,82.78000000,82.78000000,81.09000000,81.15000000,1283538.51300000
2024-07-04 22:00:00,81.15000000,82.15000000,78.78000000,79.53000000,1313883.98200000
2024-07-05 02:00:00,79.53000000,79.69000000,71.06000000,73.75000000,5913495.21100000
2024-07-05 06:00:00,73.75000000,77.69000000,71.78000000,76.59000000,4363525.88800000
2024-07-05 10:00:00,76.59000000,78.62000000,74.22000000,78.50000000,2542804.80100000
2024-07-05 14:00:00,78.50000000,80.37000000,77.31000000,79.55000000,1946587.00500000
2024-07-05 18:00:00,79.55000000,80.31000000,78.66000000,79.66000000,1231052.06900000
2024-07-05 22:00:00,79.66000000,80.23000000,78.97000000,79.84000000,1061377.99800000
2024-07-06 02:00:00,79.84000000,81.19000000,78.38000000,79.05000000,1152162.49428600
2024-07-06 06:00:00,79.05000000,81.25000000,78.52000000,80.92000000,1073475.76500000
2024-07-06 10:00:00,80.92000000,81.36000000,79.94000000,81.03000000,799493.50600000
2024-07-06 14:00:00,81.03000000,82.03000000,80.09000000,81.63000000,928642.55200000
2024-07-06 18:00:00,81.63000000,83.50000000,81.59000000,82.41000000,1009083.50700000
2024-07-06 22:00:00,82.41000000,83.52000000,82.25000000,83.10000000,876749.01200000
2024-07-07 02:00:00,83.10000000,83.31000000,81.35000000,82.31000000,879164.17600000
2024-07-07 06:00:00,82.31000000,82.31000000,80.41000000,80.95000000,1382335.09000000
2024-07-07 10:00:00,80.95000000,82.20000000,80.84000000,82.10000000,1896523.59000000
2024-07-07 14:00:00,82.10000000,82.20000000,78.34000000,79.09000000,2157108.52400000
2024-07-07 18:00:00,79.09000000,80.69000000,78.90000000,79.85000000,1226838.63300000
2024-07-07 22:00:00,79.85000000,80.34000000,77.91000000,78.22000000,1362395.22200000
2024-07-08 02:00:00,78.22000000,78.90000000,75.40000000,78.19000000,2983254.56400000
2024-07-08 06:00:00,78.19000000,80.59000000,78.03000000,79.41000000,1594140.93800000
2024-07-08 10:00:00,79.41000000,84.02000000,79.28000000,82.70000000,2639946.38200000
2024-07-08 14:00:00,82.70000000,83.23000000,79.17000000,80.42000000,3084959.71600000
2024-07-08 18:00:00,80.42000000,82.46000000,80.35000000,81.26000000,2153942.38500000
2024-07-08 22:00:00,81.26000000,82.28000000,80.92000000,81.99000000,1069270.60900000
2024-07-09 02:00:00,81.99000000,83.13000000,81.21000000,82.67000000,1230956.34200000
2024-07-09 06:00:00,82.67000000,82.91000000,81.99000000,82.09000000,770782.96700000
2024-07-09 10:00:00,82.09000000,83.45000000,81.60000000,82.69000000,1771207.26466200
2024-07-09 14:00:00,82.69000000,84.29000000,82.17000000,83.29000000,2751533.37400000
2024-07-09 18:00:00,83.29000000,85.26000000,83.14000000,84.80000000,1891158.10500000
2024-07-09 22:00:00,84.80000000,86.04000000,84.53000000,85.19000000,1676226.70000000
2024-07-10 02:00:00,85.19000000,86.37000000,83.81000000,85.81000000,1541050.27300000
2024-07-10 06:00:00,85.81000000,87.83000000,85.79000000,87.00000000,1684810.43600000
2024-07-10 10:00:00,87.00000000,88.26000000,86.48000000,87.84000000,1418442.31800000
2024-07-10 14:00:00,87.84000000,88.00000000,86.33000000,87.73000000,1594056.26200000
2024-07-10 18:00:00,87.73000000,89.96000000,87.56000000,89.94000000,1549996.44900000
2024-07-10 22:00:00,89.94000000,91.14000000,89.04000000,91.09000000,1684981.69900000
2024-07-11 02:00:00,91.09000000,91.25000000,88.49000000,88.83000000,2393873.57400000
2024-07-11 06:00:00,88.83000000,90.63000000,88.62000000,90.41000000,1065923.86900000
2024-07-11 10:00:00,90.41000000,92.83000000,90.06000000,92.49000000,2070606.62300000
2024-07-11 14:00:00,92.49000000,95.89000000,92.32000000,92.60000000,6438583.52900000
2024-07-11 18:00:00,92.60000000,95.27000000,92.04000000,93.43000000,4271737.36800000
2024-07-11 22:00:00,93.43000000,93.63000000,92.41000000,92.73000000,1912165.40400000
2024-07-12 02:00:00,92.73000000,94.42000000,91.89000000,93.23000000,3440335.65200000
2024-07-12 06:00:00,93.23000000,94.91000000,92.31000000,94.09000000,3148449.75400000
2024-07-12 10:00:00,94.09000000,94.96000000,92.55000000,93.70000000,2506908.94100000
2024-07-12 14:00:00,93.70000000,96.89000000,93.52000000,96.85000000,3891809.26000000
2024-07-12 18:00:00,96.85000000,98.31000000,96.05000000,97.01000000,3437280.73600000
2024-07-12 22:00:00,97.01000000,97.96000000,96.08000000,97.40000000,1988975.23500000
2024-07-13 02:00:00,97.40000000,97.81000000,96.39000000,96.97000000,1390329.59900000
2024-07-13 06:00:00,96.97000000,98.67000000,96.54000000,97.80000000,1508508.30900000
2024-07-13 10:00:00,97.80000000,98.06000000,96.37000000,96.44000000,1853525.10700000
2024-07-13 14:00:00,96.44000000,97.91000000,95.54000000,97.83000000,2190610.21600000
2024-07-13 18:00:00,97.83000000,99.74000000,97.57000000,99.60000000,3407249.51300000
2024-07-13 22:00:00,99.60000000,101.20000000,98.82000000,99.22000000,3359788.88900000
2024-07-14 02:00:00,99.22000000,101.32000000,99.06000000,100.58000000,2203643.51000000
2024-07-14 06:00:00,100.58000000,101.94000000,100.02000000,100.64000000,2130358.00600000
2024-07-14 10:00:00,100.64000000,102.65000000,100.65000000,102.57000000,2359473.76100000
2024-07-14 14:00:00,102.57000000,103.18000000,101.63000000,102.63000000,2390011.53500000
2024-07-14 18:00:00,102.63000000,104.46000000,102.32000000,103.81000000,2295638.94400000
2024-07-14 22:00:00,103.81000000,104.94000000,103.04000000,104.36000000,2863086.19500000
2024-07-15 02:00:00,104.36000000,105.41000000,103.99000000,104.49000000,2647614.83600000
2024-07-15 06:00:00,104.49000000,105.69000000,103.23000000,105.33000000,2487257.08500000
2024-07-15 10:00:00,105.33000000,106.61000000,103.39000000,104.68000000,3474120.80700000
2024-07-15 14:00:00,104.68000000,105.29000000,101.71000000,101.92000000,3205720.93000000
2024-07-15 18:00:00,101.92000000,103.01000000,101.26000000,101.69000000,3675524.36600000
2024-07-15 22:00:00,101.69000000,105.72000000,101.68000000,103.96000000,3719254.05600000
2024-07-16 02:00:00,103.96000000,105.68000000,103.26000000,103.68000000,3522618.27600000
2024-07-16 06:00:00,103.68000000,104.11000000,101.11000000,101.89000000,3269186.96700000
2024-07-16 10:00:00,101.89000000,106.67000000,101.21000000,104.95000000,4659271.97800000
2024-07-16 14:00:00,104.95000000,105.49000000,103.24000000,104.18000000,3392983.85700000
2024-07-16 18:00:00,104.18000000,104.44000000,101.31000000,102.40000000,3528203.55300000
2024-07-16 22:00:00,102.40000000,102.48000000,99.25000000,100.60000000,3106023.56200000
2024-07-17 02:00:00,100.60000000,103.50000000,100.43000000,101.66000000,2320507.85200000
2024-07-17 06:00:00,101.66000000,102.18000000,100.92000000,101.80000000,1989582.79000000
2024-07-17 10:00:00,101.80000000,102.24000000,98.85000000,99.19000000,3902364.45000000
2024-07-17 14:00:00,99.19000000,100.72000000,98.28000000,98.41000000,4135954.66800000
2024-07-17 18:00:00,98.41000000,99.25000000,97.39000000,98.74000000,2554987.83300000
2024-07-17 22:00:00,98.74000000,99.50000000,97.77000000,98.00000000,1291160.38400000
2024-07-18 02:00:00,98.00000000,99.88000000,97.20000000,99.78000000,2370804.40100000
2024-07-18 06:00:00,99.78000000,99.82000000,98.05000000,98.55000000,1418999.94700000
2024-07-18 10:00:00,98.55000000,100.31000000,98.27000000,100.21000000,1938868.19200000
2024-07-18 14:00:00,100.21000000,100.38000000,95.98000000,96.33000000,2956301.76600000
2024-07-18 18:00:00,96.33000000,98.26000000,95.40000000,97.77000000,2158679.84000000
2024-07-18 22:00:00,97.77000000,98.56000000,97.17000000,98.48000000,1148178.05500000
2024-07-19 02:00:00,98.48000000,98.59000000,96.44000000,98.30000000,985163.81400000
2024-07-19 06:00:00,98.30000000,99.39000000,96.47000000,96.97000000,1266053.09100000
2024-07-19 10:00:00,96.97000000,97.02000000,95.63000000,96.59000000,1021782.37800000
2024-07-19 14:00:00,96.59000000,99.71000000,96.43000000,99.65000000,2130757.11600000
2024-07-19 18:00:00,99.65000000,101.29000000,99.49000000,100.90000000,1802028.33900000
2024-07-19 22:00:00,100.90000000,101.00000000,99.91000000,100.69000000,942197.80500000
2024-07-20 02:00:00,100.69000000,100.77000000,99.23000000,99.83000000,817272.56200000
2024-07-20 06:00:00,99.83000000,100.56000000,99.57000000,99.57000000,670482.32800000
2024-07-20 10:00:00,99.57000000,99.77000000,98.71000000,99.28000000,1117451.73300000
2024-07-20 14:00:00,99.28000000,100.42000000,99.12000000,100.24000000,955910.80600000
2024-07-20 18:00:00,100.24000000,100.50000000,99.03000000,99.34000000,1526101.99100000
2024-07-20 22:00:00,99.34000000,99.49000000,98.43000000,98.92000000,896791.93700000
2024-07-21 02:00:00,98.92000000,99.90000000,98.57000000,99.41000000,900427.92900000
2024-07-21 06:00:00,99.41000000,99.50000000,97.26000000,97.69000000,919347.11400000
2024-07-21 10:00:00,97.69000000,98.54000000,97.38000000,97.56000000,901990.59500000
2024-07-21 14:00:00,97.56000000,97.85000000,95.86000000,97.26000000,1834910.96900000
2024-07-21 18:00:00,97.26000000,98.25000000,94.22000000,97.51000000,2547667.90300000
2024-07-21 22:00:00,97.51000000,100.14000000,97.17000000,98.26000000,2151176.99800000
2024-07-22 02:00:00,98.26000000,99.55000000,96.47000000,96.89000000,2355545.92400000
2024-07-22 06:00:00,96.89000000,97.00000000,94.14000000,94.40000000,2131504.03300000
2024-07-22 10:00:00,94.40000000,95.84000000,93.88000000,95.73000000,1619165.95900000
2024-07-22 14:00:00,95.73000000,96.38000000,94.07000000,94.87000000,1785200.89100000
2024-07-22 18:00:00,94.87000000,95.53000000,94.70000000,95.48000000,756512.68000000
2024-07-22 22:00:00,95.48000000,95.55000000,93.45000000,94.09000000,1211665.43400000
2024-07-23 02:00:00,94.09000000,96.21000000,94.01000000,94.77000000,1364791.27600000
2024-07-23 06:00:00,94.77000000,95.16000000,92.62000000,93.25000000,1784209.65500000
2024-07-23 10:00:00,93.25000000,96.23000000,93.15000000,95.23000000,2480802.50700000
2024-07-23 14:00:00,95.23000000,96.24000000,93.59000000,95.01000000,2291030.19800000
2024-07-23 18:00:00,95.01000000,95.36000000,91.54000000,94.61000000,2949418.65800000
2024-07-23 22:00:00,94.61000000,94.99000000,92.79000000,94.40000000,1181067.90100000
2024-07-24 02:00:00,94.40000000,94.73000000,92.91000000,93.66000000,947395.03300000
2024-07-24 06:00:00,93.66000000,93.83000000,92.35000000,93.76000000,640716.02000000
2024-07-24 10:00:00,93.76000000,93.98000000,93.24000000,93.33000000,732872.65800000
2024-07-24 14:00:00,93.33000000,94.39000000,92.75000000,92.78000000,1299237.33100000
2024-07-24 18:00:00,92.78000000,93.30000000,91.14000000,91.38000000,1268835.05000000
2024-07-24 22:00:00,91.38000000,91.96000000,89.32000000,89.85000000,1734544.95900000
2024-07-25 02:00:00,89.85000000,90.65000000,86.34000000,87.14000000,3210206.78900000
2024-07-25 06:00:00,87.14000000,88.66000000,86.86000000,87.98000000,1455855.98600000
2024-07-25 10:00:00,87.98000000,88.41000000,86.03000000,87.25000000,1682690.11500000
2024-07-25 14:00:00,87.25000000,95.89000000,85.66000000,95.09000000,17305975.10800000
2024-07-25 18:00:00,95.09000000,97.09000000,92.84000000,93.20000000,9207725.02100000
2024-07-25 22:00:00,93.20000000,94.02000000,91.23000000,92.71000000,7766033.56500000
2024-07-26 02:00:00,92.71000000,97.64000000,92.58000000,97.57000000,5391362.06900000
2024-07-26 06:00:00,97.57000000,103.17000000,97.58000000,100.87000000,11240533.70500000
2024-07-26 10:00:00,100.87000000,101.50000000,98.71000000,99.08000000,5430892.02200000
2024-07-26 14:00:00,99.08000000,101.31000000,96.87000000,98.02000000,6825188.88800000
2024-07-26 18:00:00,98.02000000,98.68000000,97.57000000,98.18000000,2132904.52500000
2024-07-26 22:00:00,98.18000000,98.41000000,97.12000000,97.66000000,1997783.77000000
2024-07-27 02:00:00,97.66000000,98.13000000,97.03000000,97.47000000,1616225.66900000
2024-07-27 06:00:00,97.47000000,100.40000000,97.40000000,99.95000000,2160225.30000000
2024-07-27 10:00:00,99.95000000,100.74000000,99.43000000,100.15000000,1901963.49400000
2024-07-27 14:00:00,100.15000000,101.22000000,98.74000000,99.87000000,3127215.29100000
2024-07-27 18:00:00,99.87000000,101.47000000,99.57000000,101.28000000,2814261.76900000
2024-07-27 22:00:00,101.28000000,102.92000000,99.22000000,101.08000000,4209593.85600000
2024-07-28 02:00:00,101.08000000,101.09000000,99.64000000,100.49000000,1896172.60300000
2024-07-28 06:00:00,100.49000000,100.65000000,99.27000000,99.90000000,1730688.78000000
2024-07-28 10:00:00,99.90000000,100.42000000,99.22000000,100.05000000,1289984.60400000
2024-07-28 14:00:00,100.05000000,101.04000000,99.42000000,99.64000000,1696191.38700000
2024-07-28 18:00:00,99.64000000,100.27000000,98.55000000,99.06000000,1209923.99200000
2024-07-28 22:00:00,99.06000000,99.20000000,97.93000000,98.66000000,1692760.14400000
2024-07-29 02:00:00,98.66000000,103.32000000,98.66000000,101.87000000,3982139.41200000
2024-07-29 06:00:00,101.87000000,102.60000000,100.83000000,102.55000000,1633210.69100000
2024-07-29 10:00:00,102.55000000,103.85000000,101.92000000,103.00000000,2147523.03100000
2024-07-29 14:00:00,103.00000000,103.23000000,100.88000000,102.12000000,2681076.88600000
2024-07-29 18:00:00,102.12000000,103.26000000,100.23000000,103.01000000,2818835.02600000
2024-07-29 22:00:00,103.01000000,106.33000000,102.46000000,104.88000000,4671717.22800000
2024-07-30 02:00:00,104.88000000,106.36000000,102.69000000,104.80000000,3743054.12700000
2024-07-30 06:00:00,104.80000000,105.86000000,102.56000000,105.46000000,2509673.54000000
2024-07-30 10:00:00,105.46000000,106.53000000,104.08000000,106.13000000,3374295.44300000
2024-07-30 14:00:00,106.13000000,106.47000000,103.90000000,105.19000000,4358864.18600000
2024-07-30 18:00:00,105.19000000,105.42000000,102.61000000,104.13000000,3822662.41100000
2024-07-30 22:00:00,104.13000000,105.47000000,102.74000000,105.12000000,2756201.14400000
2024-07-31 02:00:00,105.12000000,107.56000000,103.98000000,106.32000000,3952865.25200000
2024-07-31 06:00:00,106.32000000,107.42000000,104.30000000,106.82000000,3277534.09500000
2024-07-31 10:00:00,106.82000000,107.94000000,106.07000000,106.92000000,3358126.49300000
2024-07-31 14:00:00,106.92000000,109.55000000,105.94000000,108.46000000,4951385.53700000
2024-07-31 18:00:00,108.46000000,112.23000000,108.18000000,108.89000000,9158339.99000000
2024-07-31 22:00:00,108.89000000,109.40000000,106.63000000,107.44000000,6256652.51200000
2024-08-01 02:00:00,107.44000000,108.48000000,104.74000000,105.23000000,5755446.57300000
2024-08-01 06:00:00,105.23000000,106.62000000,103.58000000,105.14000000,4626275.88100000
2024-08-01 10:00:00,105.14000000,115.19000000,104.98000000,113.39000000,12587294.31000000
2024-08-01 14:00:00,113.39000000,115.63000000,109.72000000,110.67000000,18876804.01200000
2024-08-01 18:00:00,110.67000000,111.07000000,104.22000000,110.72000000,16032943.59500000
2024-08-01 22:00:00,110.72000000,117.29000000,109.70000000,116.68000000,11553678.91300000
2024-08-02 02:00:00,116.68000000,117.49000000,112.41000000,114.70000000,10038999.44500000
2024-08-02 06:00:00,114.70000000,117.04000000,113.94000000,116.01000000,11986321.68400000
2024-08-02 10:00:00,116.01000000,117.25000000,114.67000000,116.71000000,14119141.95000000
2024-08-02 14:00:00,116.71000000,117.95000000,106.81000000,110.62000000,22612729.76800000
2024-08-02 18:00:00,110.62000000,111.89000000,108.05000000,109.20000000,10732782.21200000
2024-08-02 22:00:00,109.20000000,111.61000000,108.74000000,110.30000000,7228093.89100000
2024-08-03 02:00:00,110.30000000,111.48000000,105.96000000,109.23000000,9048034.89900000
2024-08-03 06:00:00,109.23000000,114.29000000,108.31000000,113.80000000,7449297.07800000
2024-08-03 10:00:00,113.80000000,116.62000000,112.09000000,115.32000000,7995045.84600000
2024-08-03 14:00:00,115.32000000,116.75000000,112.76000000,113.25000000,11277784.00400000
2024-08-03 18:00:00,113.25000000,115.14000000,105.64000000,106.12000000,17041997.86400000
2024-08-03 22:00:00,106.12000000,107.38000000,103.05000000,105.34000000,18933445.82200000
2024-08-04 02:00:00,105.34000000,107.96000000,102.55000000,103.01000000,15850200.59800000
2024-08-04 06:00:00,103.01000000,108.57000000,102.71000000,106.90000000,9795430.27400000
2024-08-04 10:00:00,106.90000000,111.93000000,106.15000000,110.15000000,9020048.87700000
2024-08-04 14:00:00,110.15000000,110.73000000,103.07000000,103.79000000,13303420.75900000
2024-08-04 18:00:00,103.79000000,104.78000000,97.70000000,100.82000000,16716390.49300000
2024-08-04 22:00:00,100.82000000,101.85000000,96.88000000,97.12000000,7388143.28000000
2024-08-05 02:00:00,97.12000000,97.69000000,82.96000000,84.61000000,25373156.90900000
2024-08-05 06:00:00,84.61000000,85.87000000,76.59000000,84.56000000,17843867.24100000
2024-08-05 10:00:00,84.56000000,85.39000000,78.17000000,81.02000000,9604461.79200000
2024-08-05 14:00:00,81.02000000,93.73000000,77.31000000,92.59000000,17456470.91000000
2024-08-05 18:00:00,92.59000000,94.78000000,89.25000000,91.92000000,9467440.68500000
2024-08-05 22:00:00,91.92000000,98.89000000,91.91000000,95.58000000,8676256.50900000
2024-08-06 02:00:00,95.58000000,104.41000000,95.28000000,101.88000000,10979650.67400000
2024-08-06 06:00:00,101.88000000,103.74000000,98.81000000,100.10000000,6897671.23800000
2024-08-06 10:00:00,100.10000000,100.35000000,97.21000000,97.87000000,5088023.98000000
2024-08-06 14:00:00,97.87000000,107.36000000,97.75000000,102.92000000,13017584.03500000
2024-08-06 18:00:00,102.92000000,104.20000000,99.65000000,100.76000000,6060611.29000000
2024-08-06 22:00:00,100.76000000,107.86000000,99.77000000,103.57000000,7934418.08900000
2024-08-07 02:00:00,103.57000000,105.89000000,100.29000000,104.23000000,5269349.10801200
2024-08-07 06:00:00,104.23000000,106.39000000,101.55000000,102.87000000,3784077.91324200
2024-08-07 10:00:00,102.87000000,104.06000000,99.76000000,99.92000000,3987899.18426900
2024-08-07 14:00:00,99.92000000,102.79000000,97.94000000,101.77000000,9297414.36823100
2024-08-07 18:00:00,101.77000000,102.55000000,98.63000000,99.25000000,5354319.95835000
2024-08-07 22:00:00,99.25000000,101.28000000,96.50000000,98.32000000,4901807.87651500
2024-08-08 02:00:00,98.32000000,103.86000000,96.87000000,101.85000000,5557139.63518600
2024-08-08 06:00:00,101.85000000,102.82000000,98.33000000,98.43000000,5332646.35100000
2024-08-08 10:00:00,98.43000000,99.34000000,95.16000000,96.18000000,6876914.01400000
2024-08-08 14:00:00,96.18000000,98.62000000,95.75000000,96.64000000,7913715.51300000
2024-08-08 18:00:00,96.64000000,99.37000000,96.51000000,97.00000000,8297060.15600000
2024-08-08 22:00:00,97.00000000,102.41000000,96.35000000,101.40000000,7329118.56000000
2024-08-09 02:00:00,101.40000000,101.44000000,98.16000000,99.13000000,5911611.63100000
2024-08-09 06:00:00,99.13000000,99.43000000,97.25000000,97.68000000,3755605.62900000
2024-08-09 10:00:00,97.68000000,98.40000000,95.25000000,96.07000000,5888181.74300000
2024-08-09 14:00:00,96.07000000,96.87000000,93.81000000,93.88000000,6156714.76800000
2024-08-09 18:00:00,93.88000000,96.08000000,93.57000000,96.04000000,3514496.54400000
2024-08-09 22:00:00,96.04000000,96.52000000,94.52000000,96.28000000,3011041.25300000
2024-08-10 02:00:00,96.28000000,97.04000000,94.89000000,95.26000000,2545529.00400000
2024-08-10 06:00:00,95.26000000,95.73000000,94.68000000,95.60000000,1386705.77300000
2024-08-10 10:00:00,95.60000000,95.63000000,94.43000000,94.61000000,1677923.97800000
2024-08-10 14:00:00,94.61000000,95.15000000,93.92000000,93.97000000,3065369.38700000
2024-08-10 18:00:00,93.97000000,94.31000000,92.45000000,92.79000000,3281609.25000000
2024-08-10 22:00:00,92.79000000,94.15000000,92.66000000,93.26000000,1772456.18900000
2024-08-11 02:00:00,93.26000000,95.56000000,93.03000000,94.70000000,3192828.20300000
2024-08-11 06:00:00,94.70000000,95.41000000,94.10000000,95.01000000,2367835.39100000
2024-08-11 10:00:00,95.01000000,96.11000000,93.08000000,93.54000000,2650692.06000000
2024-08-11 14:00:00,93.54000000,94.40000000,92.05000000,93.33000000,3803587.76200000
2024-08-11 18:00:00,93.33000000,94.26000000,91.71000000,92.01000000,3056763.03800000
2024-08-11 22:00:00,92.01000000,92.90000000,90.85000000,91.14000000,3758136.99700000
2024-08-12 02:00:00,91.14000000,91.74000000,90.20000000,91.50000000,3408849.43800000
2024-08-12 06:00:00,91.50000000,93.86000000,91.43000000,92.63000000,3901974.11400000
2024-08-12 10:00:00,92.63000000,97.07000000,92.00000000,95.84000000,5245415.37400000
2024-08-12 14:00:00,95.84000000,96.57000000,92.03000000,95.31000000,7122479.35900000
2024-08-12 18:00:00,95.31000000,95.68000000,92.95000000,93.72000000,2831902.68600000
2024-08-12 22:00:00,93.72000000,95.94000000,92.90000000,95.58000000,2551885.74000000
2024-08-13 02:00:00,95.58000000,98.45000000,95.08000000,95.86000000,5086002.97700000
2024-08-13 06:00:00,95.86000000,98.70000000,94.90000000,97.38000000,5500603.18700000
2024-08-13 10:00:00,97.38000000,97.92000000,95.14000000,95.71000000,3579623.39900000
2024-08-13 14:00:00,95.71000000,96.90000000,93.63000000,95.07000000,4858845.04000000
2024-08-13 18:00:00,95.07000000,97.78000000,94.98000000,96.69000000,3784526.21900000
2024-08-13 22:00:00,96.69000000,98.42000000,96.53000000,97.70000000,2300354.33500000
2024-08-14 02:00:00,97.70000000,98.07000000,96.17000000,96.55000000,2041508.33100000
2024-08-14 06:00:00,96.55000000,98.89000000,96.44000000,98.35000000,2333965.82100000
2024-08-14 10:00:00,98.35000000,104.46000000,98.11000000,103.75000000,7855775.44200000
2024-08-14 14:00:00,103.75000000,106.02000000,99.82000000,104.99000000,13134330.81700000
2024-08-14 18:00:00,104.99000000,105.69000000,103.59000000,104.71000000,9922191.74900000
2024-08-14 22:00:00,104.71000000,106.61000000,103.96000000,105.93000000,7429112.20500000
2024-08-15 02:00:00,105.93000000,107.21000000,104.62000000,106.26000000,11220939.23700000
2024-08-15 06:00:00,106.26000000,106.76000000,104.50000000,105.71000000,11457719.66900000
2024-08-15 10:00:00,105.71000000,108.94000000,104.16000000,107.84000000,12788659.18000000
2024-08-15 14:00:00,107.84000000,111.30000000,106.19000000,110.98000000,20454367.13300000
2024-08-15 18:00:00,110.98000000,111.97000000,106.23000000,107.53000000,18996944.72600000
2024-08-15 22:00:00,107.53000000,108.83000000,105.55000000,107.75000000,10865087.08000000
2024-08-16 02:00:00,107.75000000,109.64000000,106.54000000,108.28000000,8578086.09200000
2024-08-16 06:00:00,108.28000000,111.45000000,107.62000000,111.03000000,10409829.61700000
2024-08-16 10:00:00,111.03000000,111.40000000,108.33000000,108.56000000,7350872.62800000
2024-08-16 14:00:00,108.56000000,112.81000000,105.91000000,106.04000000,20368440.52200000
2024-08-16 18:00:00,106.04000000,114.52000000,105.69000000,113.49000000,17823572.44700000
2024-08-16 22:00:00,113.49000000,114.79000000,111.25000000,112.60000000,9631956.84500000
2024-08-17 02:00:00,112.60000000,114.70000000,111.45000000,114.02000000,7135363.48900000
2024-08-17 06:00:00,114.02000000,114.36000000,112.91000000,114.08000000,4039930.12300000
2024-08-17 10:00:00,114.08000000,116.65000000,110.16000000,110.37000000,11709279.18000000
2024-08-17 14:00:00,110.37000000,112.15000000,109.41000000,110.52000000,8772316.07000000
2024-08-17 18:00:00,110.52000000,111.70000000,109.48000000,111.54000000,5804589.89900000
2024-08-17 22:00:00,111.54000000,111.90000000,110.51000000,110.85000000,4286012.38000000
2024-08-18 02:00:00,110.85000000,113.05000000,110.55000000,111.05000000,5225934.61500000
2024-08-18 06:00:00,111.05000000,113.24000000,110.63000000,111.59000000,5972561.09100000
2024-08-18 10:00:00,111.59000000,112.96000000,110.24000000,110.71000000,8048297.45500000
2024-08-18 14:00:00,110.71000000,111.40000000,109.32000000,110.67000000,5686656.75700000
2024-08-18 18:00:00,110.67000000,111.44000000,110.03000000,111.35000000,3660017.87400000
2024-08-18 22:00:00,111.35000000,112.62000000,110.73000000,111.31000000,4201510.49400000
2024-08-19 02:00:00,111.31000000,112.46000000,110.66000000,112.05000000,6824266.91300000
2024-08-19 06:00:00,112.05000000,114.71000000,111.82000000,112.86000000,7293779.04100000
2024-08-19 10:00:00,112.86000000,113.25000000,109.28000000,110.67000000,8128288.16000000
2024-08-19 14:00:00,110.67000000,111.02000000,107.50000000,109.60000000,7004097.04700000
2024-08-19 18:00:00,109.60000000,122.15000000,109.60000000,117.77000000,24379798.77800000
2024-08-19 22:00:00,117.77000000,119.71000000,117.31000000,118.04000000,8390048.76000000
2024-08-20 02:00:00,118.04000000,126.15000000,117.53000000,126.13000000,14014378.57000000
2024-08-20 06:00:00,126.13000000,129.87000000,125.30000000,129.64000000,16446444.49600000
2024-08-20 10:00:00,129.64000000,129.70000000,127.60000000,127.95000000,11224854.60800000
2024-08-20 14:00:00,127.95000000,128.73000000,123.69000000,124.70000000,15802011.34200000
2024-08-20 18:00:00,124.70000000,125.74000000,123.11000000,124.37000000,8681736.66000000
2024-08-20 22:00:00,124.37000000,132.16000000,124.35000000,128.78000000,14598630.91300000
2024-08-21 02:00:00,128.78000000,132.89000000,127.67000000,131.90000000,14694381.62500000
2024-08-21 06:00:00,131.90000000,142.00000000,131.20000000,137.79000000,19852459.86000000
2024-08-21 10:00:00,137.79000000,139.27000000,135.17000000,138.89000000,13441958.13100000
2024-08-21 14:00:00,138.89000000,139.10000000,133.69000000,137.24000000,17741628.38900000
2024-08-21 18:00:00,137.24000000,143.50000000,135.79000000,141.64000000,19462409.04700000
2024-08-21 22:00:00,141.64000000,142.23000000,138.62000000,140.08000000,8778751.75500000
2024-08-22 02:00:00,140.08000000,141.86000000,136.67000000,138.99000000,12011693.66100000
2024-08-22 06:00:00,138.99000000,139.52000000,137.06000000,137.54000000,6418075.84200000
2024-08-22 10:00:00,137.54000000,138.28000000,133.19000000,134.22000000,11827777.82400000
2024-08-22 14:00:00,134.22000000,136.56000000,134.05000000,134.82000000,9028720.53800000
2024-08-22 18:00:00,134.82000000,136.27000000,134.20000000,135.65000000,4932345.52300000
2024-08-22 22:00:00,135.65000000,136.92000000,135.18000000,135.72000000,3668175.91100000
2024-08-23 02:00:00,135.72000000,136.11000000,132.30000000,132.49000000,5561712.11500000
2024-08-23 06:00:00,132.49000000,135.84000000,132.06000000,134.54000000,6931964.02900000
2024-08-23 10:00:00,134.54000000,134.87000000,132.56000000,133.55000000,5256353.41200000
2024-08-23 14:00:00,133.55000000,139.37000000,133.55000000,135.76000000,18415290.64200000
2024-08-23 18:00:00,135.76000000,140.76000000,135.20000000,138.98000000,9320904.28500000
2024-08-23 22:00:00,138.98000000,148.35000000,138.40000000,143.23000000,16880784.19600000
2024-08-24 02:00:00,143.23000000,143.27000000,138.74000000,138.80000000,6299388.72900000
2024-08-24 06:00:00,138.80000000,140.75000000,137.38000000,137.69000000,5730026.79400000
2024-08-24 10:00:00,137.69000000,139.53000000,137.03000000,137.49000000,5961153.10600000
2024-08-24 14:00:00,137.49000000,139.23000000,137.15000000,137.26000000,5352848.41300000
2024-08-24 18:00:00,137.26000000,139.59000000,136.95000000,138.89000000,6110363.41900000
2024-08-24 22:00:00,138.89000000,139.44000000,135.26000000,136.97000000,6965036.41000000
2024-08-25 02:00:00,136.97000000,137.52000000,134.49000000,136.51000000,5641704.95600000
2024-08-25 06:00:00,136.51000000,137.72000000,133.62000000,134.57000000,5332998.11000000
2024-08-25 10:00:00,134.57000000,135.36000000,134.02000000,134.61000000,2474444.42200000
2024-08-25 14:00:00,134.61000000,138.51000000,134.44000000,136.79000000,4677713.35100000
2024-08-25 18:00:00,136.79000000,139.78000000,135.88000000,137.89000000,5599631.87200000
2024-08-25 22:00:00,137.89000000,138.75000000,135.21000000,135.36000000,3355845.19200000
2024-08-26 02:00:00,135.36000000,136.74000000,134.23000000,134.42000000,3688227.91200000
2024-08-26 06:00:00,134.42000000,135.52000000,132.60000000,132.87000000,4556222.66600000
2024-08-26 10:00:00,132.87000000,133.08000000,130.57000000,132.04000000,5965007.55100000
2024-08-26 14:00:00,132.04000000,132.61000000,130.67000000,131.78000000,4778152.98800000
2024-08-26 18:00:00,131.78000000,133.72000000,128.86000000,129.03000000,7208249.61100000
2024-08-26 22:00:00,129.03000000,130.13000000,127.94000000,128.68000000,4026036.06800000
2024-08-27 02:00:00,128.68000000,130.13000000,128.18000000,128.47000000,3977190.60200000
2024-08-27 06:00:00,128.47000000,130.25000000,128.20000000,128.69000000,3112177.52900000
2024-08-27 10:00:00,128.69000000,131.63000000,126.45000000,127.14000000,7664609.56000000
2024-08-27 14:00:00,127.14000000,127.56000000,123.57000000,123.70000000,6863470.88800000
2024-08-27 18:00:00,123.70000000,124.28000000,122.51000000,122.85000000,4733051.82100000
2024-08-27 22:00:00,122.85000000,122.92000000,117.16000000,119.87000000,10103763.10500000
2024-08-28 02:00:00,119.87000000,122.65000000,118.24000000,122.33000000,6080031.26300000
2024-08-28 06:00:00,122.33000000,122.53000000,120.76000000,120.76000000,3702988.84200000
2024-08-28 10:00:00,120.76000000,128.87000000,120.18000000,127.47000000,8747989.05100000
2024-08-28 14:00:00,127.47000000,127.82000000,122.84000000,124.05000000,7963715.29100000
2024-08-28 18:00:00,124.05000000,125.80000000,121.41000000,124.26000000,8345194.63100000
2024-08-28 22:00:00,124.26000000,127.00000000,124.10000000,125.40000000,5511195.22200000
2024-08-29 02:00:00,125.40000000,125.52000000,122.24000000,122.65000000,4742638.88900000
2024-08-29 06:00:00,122.65000000,124.61000000,122.06000000,122.48000000,3876432.34400000
2024-08-29 10:00:00,122.48000000,124.18000000,121.60000000,123.37000000,3361677.98200000
2024-08-29 14:00:00,123.37000000,127.49000000,123.21000000,127.11000000,5693890.72000000
2024-08-29 18:00:00,127.11000000,128.21000000,123.03000000,124.53000000,6723963.25900000
2024-08-29 22:00:00,124.53000000,125.16000000,121.82000000,123.18000000,3402234.67900000
2024-08-30 02:00:00,123.18000000,123.27000000,120.65000000,121.68000000,3835842.26600000
2024-08-30 06:00:00,121.68000000,123.77000000,121.01000000,123.43000000,3235687.10800000
2024-08-30 10:00:00,123.43000000,125.71000000,122.63000000,124.92000000,3625862.99300000
2024-08-30 14:00:00,124.92000000,127.30000000,118.45000000,118.65000000,9632914.23300000
2024-08-30 18:00:00,118.65000000,127.01000000,118.31000000,126.90000000,7057043.74100000
2024-08-30 22:00:00,126.90000000,131.88000000,126.80000000,131.10000000,7814819.04200000
2024-08-31 02:00:00,131.10000000,132.35000000,129.60000000,130.57000000,5024033.61200000
2024-08-31 06:00:00,130.57000000,133.28000000,130.38000000,132.51000000,4751214.56700000
2024-08-31 10:00:00,132.51000000,133.81000000,130.58000000,131.56000000,7790475.67400000
2024-08-31 14:00:00,131.56000000,132.43000000,129.40000000,129.74000000,4898971.23500000
2024-08-31 18:00:00,129.74000000,130.92000000,129.07000000,129.34000000,5079725.22100000
2024-08-31 22:00:00,129.34000000,130.65000000,128.02000000,129.61000000,3933568.49500000
2024-09-01 02:00:00,129.61000000,130.00000000,126.81000000,127.34000000,3822595.13900000
2024-09-01 06:00:00,127.34000000,128.03000000,125.60000000,126.09000000,4199187.68200000
2024-09-01 10:00:00,126.09000000,127.86000000,125.42000000,126.70000000,3887096.22600000
2024-09-01 14:00:00,126.70000000,126.96000000,122.43000000,124.37000000,7190593.09900000
2024-09-01 18:00:00,124.37000000,125.37000000,122.09000000,123.97000000,4880450.20600000
2024-09-01 22:00:00,123.97000000,125.38000000,120.18000000,120.56000000,7077085.45600000
2024-09-02 02:00:00,120.56000000,121.72000000,119.47000000,120.83000000,4858400.17500000
2024-09-02 06:00:00,120.83000000,121.20000000,117.74000000,117.95000000,4062390.96300000
2024-09-02 10:00:00,117.95000000,124.41000000,117.91000000,121.82000000,5353210.70800000
2024-09-02 14:00:00,121.82000000,123.98000000,120.17000000,122.69000000,3327208.37300000
2024-09-02 18:00:00,122.69000000,131.43000000,122.42000000,129.39000000,9394686.76700000
2024-09-02 22:00:00,129.39000000,135.19000000,128.69000000,134.83000000,6019873.84100000
2024-09-03 02:00:00,134.83000000,135.16000000,131.93000000,132.84000000,3968934.93500000
2024-09-03 06:00:00,132.84000000,133.38000000,131.14000000,132.34000000,2662661.93800000
2024-09-03 10:00:00,132.34000000,132.39000000,130.51000000,131.99000000,2754147.59800000
2024-09-03 14:00:00,131.99000000,132.67000000,120.89000000,121.23000000,10442579.64600000
2024-09-03 18:00:00,121.23000000,123.21000000,120.77000000,121.57000000,4800942.61500000
2024-09-03 22:00:00,121.57000000,129.80000000,118.60000000,118.72000000,12854330.84200000
2024-09-04 02:00:00,118.72000000,123.71000000,116.14000000,121.39000000,11012578.31900000
2024-09-04 06:00:00,121.39000000,130.69000000,119.41000000,130.51000000,10679938.17500000
2024-09-04 10:00:00,130.51000000,136.44000000,128.50000000,129.93000000,16701884.42900000
2024-09-04 14:00:00,129.93000000,135.16000000,127.93000000,134.59000000,16693812.10600000
2024-09-04 18:00:00,134.59000000,138.66000000,134.00000000,135.87000000,12447824.85600000
2024-09-04 22:00:00,135.87000000,137.91000000,135.01000000,135.12000000,5856236.07300000
2024-09-05 02:00:00,135.12000000,137.04000000,130.38000000,130.52000000,9545134.26700000
2024-09-05 06:00:00,130.52000000,133.82000000,130.39000000,132.24000000,8022894.89800000
2024-09-05 10:00:00,132.24000000,133.00000000,130.37000000,132.85000000,5948058.97900000
2024-09-05 14:00:00,132.85000000,133.48000000,129.47000000,130.87000000,7635481.82600000
2024-09-05 18:00:00,130.87000000,131.84000000,128.47000000,128.87000000,5020467.57600000
2024-09-05 22:00:00,128.87000000,129.97000000,127.37000000,128.83000000,3695322.19700000
2024-09-06 02:00:00,128.83000000,130.59000000,127.69000000,128.71000000,4928893.38300000
2024-09-06 06:00:00,128.71000000,128.99000000,124.85000000,126.62000000,9109235.20100000
2024-09-06 10:00:00,126.62000000,127.13000000,125.14000000,126.43000000,4531320.06900000
2024-09-06 14:00:00,126.43000000,128.06000000,122.49000000,123.73000000,10775100.50000000
2024-09-06 18:00:00,123.73000000,123.75000000,121.34000000,122.27000000,6656095.93600000
2024-09-06 22:00:00,122.27000000,127.04000000,119.55000000,126.74000000,7714283.32300000
2024-09-07 02:00:00,126.74000000,127.31000000,124.11000000,126.59000000,4475427.15600000
2024-09-07 06:00:00,126.59000000,128.27000000,125.69000000,126.23000000,4005236.60000000
2024-09-07 10:00:00,126.23000000,129.08000000,125.42000000,129.06000000,4424734.05300000
2024-09-07 14:00:00,129.06000000,130.73000000,127.88000000,128.03000000,4992167.79800000
2024-09-07 18:00:00,128.03000000,128.86000000,127.04000000,127.14000000,3337298.58100000
2024-09-07 22:00:00,127.14000000,127.41000000,124.14000000,125.06000000,4469739.58000000
2024-09-08 02:00:00,125.06000000,127.37000000,124.14000000,125.88000000,3295978.96200000
2024-09-08 06:00:00,125.88000000,126.75000000,124.56000000,125.24000000,2363582.04800000
2024-09-08 10:00:00,125.24000000,126.99000000,124.72000000,125.55000000,2856309.41200000
2024-09-08 14:00:00,125.55000000,126.76000000,123.70000000,123.83000000,3797418.74400000
2024-09-08 18:00:00,123.83000000,125.98000000,123.19000000,124.51000000,3602456.34500000
2024-09-08 22:00:00,124.51000000,127.14000000,124.23000000,125.84000000,3210520.57200000
2024-09-09 02:00:00,125.84000000,127.65000000,124.01000000,127.03000000,4411136.29500000
2024-09-09 06:00:00,127.03000000,134.29000000,125.61000000,133.57000000,7126217.98100000
2024-09-09 10:00:00,133.57000000,136.96000000,133.56000000,134.40000000,10085824.68000000
2024-09-09 14:00:00,134.40000000,137.81000000,134.17000000,136.89000000,10508627.25200000
2024-09-09 18:00:00,136.89000000,142.18000000,136.87000000,141.23000000,10602363.27500000
2024-09-09 22:00:00,141.23000000,142.05000000,139.27000000,139.92000000,5338289.12500000
2024-09-10 02:00:00,139.92000000,140.15000000,137.25000000,137.26000000,4622865.85300000
2024-09-10 06:00:00,137.26000000,138.16000000,136.23000000,137.18000000,4253398.63200000
2024-09-10 10:00:00,137.18000000,140.10000000,136.33000000,139.03000000,5040416.10200000
2024-09-10 14:00:00,139.03000000,143.49000000,138.16000000,140.76000000,7646391.94800000
2024-09-10 18:00:00,140.76000000,152.85000000,140.07000000,151.37000000,18977394.13000000
2024-09-10 22:00:00,151.37000000,152.25000000,149.06000000,150.49000000,6850951.66000000
2024-09-11 02:00:00,150.49000000,152.64000000,147.91000000,152.59000000,11310699.80200000
2024-09-11 06:00:00,152.59000000,158.61000000,148.65000000,154.01000000,21453993.56700000
2024-09-11 10:00:00,154.01000000,153.99000000,147.51000000,148.43000000,17194327.59400000
2024-09-11 14:00:00,148.43000000,150.64000000,144.96000000,148.47000000,20466820.29300000
2024-09-11 18:00:00,148.47000000,149.83000000,147.34000000,149.10000000,8047077.33200000
2024-09-11 22:00:00,149.10000000,149.84000000,147.90000000,149.35000000,4190449.44400000
2024-09-12 02:00:00,149.35000000,151.22000000,147.93000000,150.33000000,8920932.35900000
2024-09-12 06:00:00,150.33000000,151.79000000,148.13000000,151.12000000,6748975.87600000
2024-09-12 10:00:00,151.12000000,151.13000000,147.06000000,147.25000000,5005275.09900000
2024-09-12 14:00:00,147.25000000,148.79000000,143.16000000,143.88000000,8235029.34800000
2024-09-12 18:00:00,143.88000000,149.42000000,141.93000000,146.54000000,10181292.80900000
2024-09-12 22:00:00,146.54000000,146.85000000,144.33000000,144.94000000,3267508.76900000
2024-09-13 02:00:00,144.94000000,146.37000000,142.42000000,142.44000000,3774160.72400000
2024-09-13 06:00:00,142.44000000,143.27000000,140.87000000,141.20000000,3012061.28600000
2024-09-13 10:00:00,141.20000000,143.13000000,139.51000000,142.28000000,4061936.08300000
2024-09-13 14:00:00,142.28000000,143.26000000,139.21000000,141.59000000,6853740.43300000
2024-09-13 18:00:00,141.59000000,143.55000000,140.96000000,142.86000000,4035129.92800000
2024-09-13 22:00:00,142.86000000,145.48000000,142.31000000,144.21000000,2990795.09000000
2024-09-14 02:00:00,144.21000000,144.24000000,140.15000000,140.97000000,2631289.38600000
2024-09-14 06:00:00,140.97000000,141.14000000,138.66000000,139.12000000,2471533.56600000
2024-09-14 10:00:00,139.12000000,140.37000000,137.45000000,138.22000000,3061835.36800000
2024-09-14 14:00:00,138.22000000,139.60000000,138.14000000,139.26000000,1941052.20900000
2024-09-14 18:00:00,139.26000000,139.97000000,137.68000000,139.74000000,2371527.00000000
2024-09-14 22:00:00,139.74000000,140.69000000,139.55000000,139.98000000,1730095.34300000
2024-09-15 02:00:00,139.98000000,146.67000000,139.80000000,146.12000000,5807367.76100000
2024-09-15 06:00:00,146.12000000,146.71000000,142.98000000,146.29000000,6645798.44000000
2024-09-15 10:00:00,146.29000000,147.54000000,144.67000000,146.49000000,7316614.70700000
2024-09-15 14:00:00,146.49000000,149.80000000,145.66000000,146.96000000,9341514.03000000
2024-09-15 18:00:00,146.96000000,147.66000000,144.31000000,144.85000000,7458370.90200000
2024-09-15 22:00:00,144.85000000,145.32000000,142.03000000,143.29000000,5077405.23800000
2024-09-16 02:00:00,143.29000000,143.65000000,138.04000000,140.70000000,8854507.44000000
2024-09-16 06:00:00,140.70000000,142.60000000,139.55000000,142.49000000,4822857.39400000
2024-09-16 10:00:00,142.49000000,143.73000000,139.50000000,140.97000000,6421592.31900000
2024-09-16 14:00:00,140.97000000,142.54000000,138.00000000,141.91000000,7330651.73600000
2024-09-16 18:00:00,141.91000000,142.89000000,139.40000000,141.38000000,6204444.05500000
2024-09-16 22:00:00,141.38000000,141.89000000,139.82000000,140.20000000,3590795.99300000
2024-09-17 02:00:00,140.20000000,141.05000000,136.73000000,139.73000000,8677005.77100000
2024-09-17 06:00:00,139.73000000,142.20000000,139.30000000,140.92000000,5012601.17700000
2024-09-17 10:00:00,140.92000000,142.83000000,140.25000000,140.86000000,6591428.27000000
2024-09-17 14:00:00,140.86000000,147.43000000,140.70000000,146.11000000,13969956.49700000
2024-09-17 18:00:00,146.11000000,146.34000000,141.42000000,142.22000000,8846498.59400000
2024-09-17 22:00:00,142.22000000,142.80000000,139.92000000,140.48000000,4681577.43400000
2024-09-18 02:00:00,140.48000000,140.66000000,138.61000000,139.89000000,5489380.20000000
2024-09-18 06:00:00,139.89000000,139.89000000,136.90000000,137.94000000,6685827.02400000
2024-09-18 10:00:00,137.94000000,137.94000000,134.51000000,135.37000000,8024168.98000000
2024-09-18 14:00:00,135.37000000,136.59000000,134.10000000,134.47000000,6600153.57300000
2024-09-18 18:00:00,134.47000000,138.73000000,134.09000000,136.72000000,12014569.89100000
2024-09-18 22:00:00,136.72000000,141.72000000,135.81000000,141.62000000,5377016.88400000
2024-09-19 02:00:00,141.62000000,145.61000000,141.39000000,143.28000000,11851182.38900000
2024-09-19 06:00:00,143.28000000,146.95000000,142.93000000,146.94000000,5759772.79300000
2024-09-19 10:00:00,146.94000000,147.54000000,144.28000000,144.69000000,5525088.84800000
2024-09-19 14:00:00,144.69000000,150.05000000,144.32000000,149.53000000,11542882.54300000
2024-09-19 18:00:00,149.53000000,152.72000000,149.53000000,151.58000000,10000068.35300000
2024-09-19 22:00:00,151.58000000,152.15000000,148.52000000,150.26000000,5473166.89700000
2024-09-20 02:00:00,150.26000000,151.85000000,147.52000000,151.81000000,5391705.49300000
2024-09-20 06:00:00,151.81000000,157.74000000,151.64000000,155.94000000,11626080.80000000
2024-09-20 10:00:00,155.94000000,156.55000000,152.95000000,153.63000000,6705884.35200000
2024-09-20 14:00:00,153.63000000,154.09000000,150.77000000,152.10000000,6775125.45500000
2024-09-20 18:00:00,152.10000000,153.54000000,150.59000000,153.18000000,5224653.65500000
2024-09-20 22:00:00,153.18000000,153.93000000,152.26000000,153.34000000,2517803.57000000
2024-09-21 02:00:00,153.34000000,153.99000000,151.06000000,151.32000000,3588759.01300000
2024-09-21 06:00:00,151.32000000,151.61000000,149.77000000,151.28000000,3093570.44700000
2024-09-21 10:00:00,151.28000000,151.36000000,150.20000000,150.95000000,2245253.02700000
2024-09-21 14:00:00,150.95000000,152.54000000,150.36000000,150.82000000,3594568.82000000
2024-09-21 18:00:00,150.82000000,152.02000000,150.55000000,151.68000000,2296001.59100000
2024-09-21 22:00:00,151.68000000,154.65000000,150.56000000,154.51000000,3916863.88900000
2024-09-22 02:00:00,154.51000000,161.66000000,154.45000000,159.02000000,19613842.94400000
2024-09-22 06:00:00,159.02000000,160.34000000,157.23000000,157.64000000,5940377.37600000
2024-09-22 10:00:00,157.64000000,159.04000000,156.24000000,156.91000000,5832856.25000000
2024-09-22 14:00:00,156.91000000,160.94000000,156.28000000,156.45000000,13980898.21700000
2024-09-22 18:00:00,156.45000000,159.59000000,155.04000000,158.32000000,7687297.68400000
2024-09-22 22:00:00,158.32000000,162.83000000,154.17000000,161.99000000,11087852.71600000
2024-09-23 02:00:00,161.99000000,182.23000000,158.51000000,173.77000000,30663492.23600000
2024-09-23 06:00:00,173.77000000,174.09000000,168.66000000,169.72000000,9993514.68000000
2024-09-23 10:00:00,169.72000000,172.80000000,169.06000000,171.85000000,7469687.56800000
2024-09-23 14:00:00,171.85000000,175.94000000,170.76000000,174.01000000,10785863.92100000
2024-09-23 18:00:00,174.01000000,177.85000000,172.92000000,176.21000000,10608894.51200000
2024-09-23 22:00:00,176.21000000,178.55000000,171.37000000,171.89000000,8143296.76000000
2024-09-24 02:00:00,171.89000000,173.55000000,168.07000000,168.18000000,11200972.98900000
2024-09-24 06:00:00,168.18000000,169.72000000,166.85000000,169.10000000,6210820.24800000
2024-09-24 10:00:00,169.10000000,169.57000000,167.40000000,167.89000000,4906176.96300000
2024-09-24 14:00:00,167.89000000,168.77000000,163.62000000,165.50000000,10172326.75700000
2024-09-24 18:00:00,165.50000000,166.07000000,164.19000000,165.51000000,6101603.98000000
2024-09-24 22:00:00,165.51000000,168.47000000,164.84000000,166.10000000,9774773.37200000
2024-09-25 02:00:00,166.10000000,169.77000000,164.52000000,169.64000000,9412185.73400000
2024-09-25 06:00:00,169.64000000,173.77000000,166.84000000,169.55000000,12289853.81400000
2024-09-25 10:00:00,169.55000000,171.18000000,166.13000000,166.95000000,6719534.92700000
2024-09-25 14:00:00,166.95000000,168.45000000,165.57000000,165.80000000,5208918.84100000
2024-09-25 18:00:00,165.80000000,169.13000000,164.94000000,165.02000000,5890223.04600000
2024-09-25 22:00:00,165.02000000,166.34000000,164.12000000,164.97000000,3433474.64300000
2024-09-26 02:00:00,164.97000000,166.92000000,162.97000000,165.23000000,5791587.50000000
2024-09-26 06:00:00,165.23000000,168.41000000,164.19000000,168.36000000,4704863.30400000
2024-09-26 10:00:00,168.36000000,169.92000000,166.65000000,168.23000000,5301330.52400000
2024-09-26 14:00:00,168.23000000,169.64000000,164.50000000,168.94000000,10460684.08200000
2024-09-26 18:00:00,168.94000000,169.59000000,164.19000000,164.77000000,6854849.75800000
2024-09-26 22:00:00,164.77000000,166.27000000,163.11000000,165.11000000,4354115.03800000
2024-09-27 02:00:00,165.11000000,166.07000000,163.53000000,165.71000000,4324305.62500000
2024-09-27 06:00:00,165.71000000,168.59000000,165.70000000,166.79000000,7248139.20800000
2024-09-27 10:00:00,166.79000000,168.00000000,163.65000000,165.46000000,6956234.55100000
2024-09-27 14:00:00,165.46000000,172.39000000,164.76000000,170.00000000,15276823.23400000
2024-09-27 18:00:00,170.00000000,172.01000000,167.30000000,167.71000000,6774120.88400000
2024-09-27 22:00:00,167.71000000,173.99000000,167.14000000,170.28000000,6195613.13300000
2024-09-28 02:00:00,170.28000000,171.09000000,167.59000000,168.40000000,6267086.76000000
2024-09-28 06:00:00,168.40000000,168.77000000,165.33000000,165.60000000,4438142.42300000
2024-09-28 10:00:00,165.60000000,166.30000000,164.14000000,165.27000000,4676825.66100000
2024-09-28 14:00:00,165.27000000,165.87000000,163.93000000,164.84000000,4453780.14900000
2024-09-28 18:00:00,164.84000000,165.34000000,163.82000000,164.23000000,2587863.90000000
2024-09-28 22:00:00,164.23000000,164.37000000,161.74000000,163.81000000,4225327.98200000
2024-09-29 02:00:00,163.81000000,164.92000000,161.92000000,163.61000000,4442967.85900000
2024-09-29 06:00:00,163.61000000,163.64000000,158.81000000,159.07000000,5609996.93800000
2024-09-29 10:00:00,159.07000000,161.53000000,158.71000000,161.31000000,4487272.76900000
2024-09-29 14:00:00,161.31000000,162.31000000,160.03000000,160.70000000,4252697.68500000
2024-09-29 18:00:00,160.70000000,162.57000000,159.79000000,162.45000000,3714966.07900000
2024-09-29 22:00:00,162.45000000,163.10000000,160.31000000,161.40000000,4207650.26600000
2024-09-30 02:00:00,161.40000000,161.63000000,156.98000000,158.32000000,8342972.43000000
2024-09-30 06:00:00,158.32000000,159.71000000,157.47000000,159.40000000,3819180.80800000
2024-09-30 10:00:00,159.40000000,160.05000000,154.70000000,157.51000000,9771729.90200000
2024-09-30 14:00:00,157.51000000,158.15000000,154.29000000,154.75000000,4176847.81000000
2024-09-30 18:00:00,154.75000000,156.92000000,154.60000000,156.72000000,3711073.85800000
2024-09-30 22:00:00,156.72000000,157.67000000,155.25000000,156.61000000,3538239.68000000
2024-10-01 02:00:00,156.61000000,159.43000000,155.01000000,159.12000000,4038776.04500000
2024-10-01 06:00:00,159.12000000,164.20000000,158.75000000,163.99000000,6608782.10000000
2024-10-01 10:00:00,163.99000000,164.08000000,161.88000000,163.16000000,3816538.45500000
2024-10-01 14:00:00,163.16000000,163.74000000,148.04000000,151.23000000,16855695.20300000
2024-10-01 18:00:00,151.23000000,152.09000000,143.15000000,148.42000000,13441411.81900000
2024-10-01 22:00:00,148.42000000,148.53000000,143.40000000,144.70000000,7048566.15400000
2024-10-02 02:00:00,144.70000000,149.59000000,143.77000000,149.07000000,4670202.86900000
2024-10-02 06:00:00,149.07000000,150.12000000,147.10000000,149.07000000,3379064.49800000
2024-10-02 10:00:00,149.07000000,149.43000000,144.60000000,144.88000000,5545340.80200000
2024-10-02 14:00:00,144.88000000,144.93000000,137.82000000,144.11000000,15213610.71100000
2024-10-02 18:00:00,144.11000000,146.23000000,137.11000000,138.91000000,8979635.01700000
2024-10-02 22:00:00,138.91000000,140.78000000,136.75000000,139.03000000,4739300.37500000
2024-10-03 02:00:00,139.03000000,143.14000000,138.47000000,142.60000000,5820691.28500000
2024-10-03 06:00:00,142.60000000,142.69000000,138.69000000,139.13000000,3494688.97200000
2024-10-03 10:00:00,139.13000000,139.42000000,134.58000000,138.01000000,8196616.30700000
2024-10-03 14:00:00,138.01000000,146.57000000,135.85000000,139.55000000,28227165.92800000
2024-10-03 18:00:00,139.55000000,143.00000000,137.81000000,143.00000000,8071465.82300000
2024-10-03 22:00:00,143.00000000,143.71000000,141.22000000,143.59000000,4449079.38200000
2024-10-04 02:00:00,143.59000000,146.93000000,141.42000000,146.74000000,9094525.46500000
2024-10-04 06:00:00,146.74000000,152.30000000,146.12000000,149.56000000,13829203.98100000
2024-10-04 10:00:00,149.56000000,150.77000000,146.80000000,147.94000000,8515415.36000000
2024-10-04 14:00:00,147.94000000,150.66000000,145.64000000,149.33000000,12721644.37300000
2024-10-04 18:00:00,149.33000000,152.76000000,148.50000000,152.46000000,6812069.70200000
2024-10-04 22:00:00,152.46000000,152.68000000,150.52000000,151.21000000,2891690.58500000
2024-10-05 02:00:00,151.21000000,151.77000000,148.28000000,149.19000000,3724745.21300000
2024-10-05 06:00:00,149.19000000,151.55000000,149.05000000,149.82000000,2778159.22900000
2024-10-05 10:00:00,149.82000000,150.83000000,149.41000000,149.56000000,2830816.14900000
2024-10-05 14:00:00,149.56000000,150.79000000,147.86000000,148.42000000,3601443.35300000
2024-10-05 18:00:00,148.42000000,148.47000000,146.72000000,147.19000000,3006385.70600000
2024-10-05 22:00:00,147.19000000,149.23000000,145.99000000,148.39000000,2658266.33100000
2024-10-06 02:00:00,148.39000000,148.86000000,146.71000000,146.81000000,2712934.93900000
2024-10-06 06:00:00,146.81000000,147.57000000,146.11000000,147.24000000,2217498.63900000
2024-10-06 10:00:00,147.24000000,148.04000000,146.68000000,147.59000000,2040912.13200000
2024-10-06 14:00:00,147.59000000,150.14000000,147.04000000,148.90000000,4700656.14800000
2024-10-06 18:00:00,148.90000000,149.86000000,147.73000000,147.91000000,4295253.62000000
2024-10-06 22:00:00,147.91000000,150.47000000,147.05000000,150.07000000,2808376.45200000
2024-10-07 02:00:00,150.07000000,154.75000000,148.98000000,152.18000000,6993588.88900000
2024-10-07 06:00:00,152.18000000,152.73000000,149.71000000,150.10000000,4881703.50000000
2024-10-07 10:00:00,150.10000000,151.28000000,145.40000000,148.29000000,8077607.36700000
2024-10-07 14:00:00,148.29000000,152.07000000,147.13000000,150.42000000,8635267.45900000
2024-10-07 18:00:00,150.42000000,151.88000000,146.83000000,148.90000000,6719256.61100000
2024-10-07 22:00:00,148.90000000,149.25000000,145.71000000,146.61000000,4030934.81500000
2024-10-08 02:00:00,146.61000000,147.65000000,145.12000000,146.90000000,4382167.38000000
2024-10-08 06:00:00,146.90000000,147.19000000,143.39000000,144.33000000,5907320.18000000
2024-10-08 10:00:00,144.33000000,145.92000000,143.20000000,145.68000000,4738767.29500000
2024-10-08 14:00:00,145.68000000,146.12000000,141.75000000,143.03000000,6288546.42400000
2024-10-08 18:00:00,143.03000000,144.67000000,141.66000000,143.33000000,3738077.64900000
2024-10-08 22:00:00,143.33000000,144.45000000,142.05000000,143.05000000,1938759.45000000
2024-10-09 02:00:00,143.05000000,143.94000000,141.74000000,142.25000000,3138615.58900000
2024-10-09 06:00:00,142.25000000,143.73000000,141.24000000,142.38000000,3523218.08100000
2024-10-09 10:00:00,142.38000000,142.74000000,141.25000000,141.74000000,3193901.02600000
2024-10-09 14:00:00,141.74000000,144.12000000,139.84000000,143.65000000,5754383.78000000
2024-10-09 18:00:00,143.65000000,143.95000000,140.51000000,141.39000000,5995247.90600000
2024-10-09 22:00:00,141.39000000,142.48000000,138.40000000,139.38000000,10277172.33200000
2024-10-10 02:00:00,139.38000000,141.92000000,138.83000000,141.00000000,3280790.36200000
2024-10-10 06:00:00,141.00000000,142.69000000,140.52000000,141.79000000,3368965.16700000
2024-10-10 10:00:00,141.79000000,143.99000000,139.95000000,142.96000000,6842689.56900000
2024-10-10 14:00:00,142.96000000,144.15000000,140.11000000,144.15000000,7754853.82800000
2024-10-10 18:00:00,144.15000000,145.14000000,136.29000000,138.47000000,12913653.89600000
2024-10-10 22:00:00,138.47000000,141.22000000,137.86000000,140.62000000,4070020.89500000
2024-10-11 02:00:00,140.62000000,142.51000000,140.24000000,141.86000000,2916623.85000000
2024-10-11 06:00:00,141.86000000,142.45000000,141.01000000,141.64000000,2335199.94200000
2024-10-11 10:00:00,141.64000000,142.78000000,140.98000000,141.32000000,3136693.24200000
2024-10-11 14:00:00,141.32000000,144.08000000,141.17000000,143.73000000,5625750.00900000
2024-10-11 18:00:00,143.73000000,145.38000000,143.05000000,145.15000000,4824145.89200000
2024-10-11 22:00:00,145.15000000,145.71000000,143.65000000,143.84000000,2722345.27200000
2024-10-12 02:00:00,143.84000000,145.31000000,143.21000000,143.81000000,2396323.84600000
2024-10-12 06:00:00,143.81000000,145.52000000,143.81000000,145.30000000,1905840.95600000
2024-10-12 10:00:00,145.30000000,147.56000000,144.92000000,146.56000000,2838296.49500000
2024-10-12 14:00:00,146.56000000,149.32000000,145.83000000,147.39000000,4696709.92200000
2024-10-12 18:00:00,147.39000000,153.27000000,147.39000000,151.64000000,9172006.48800000
2024-10-12 22:00:00,151.64000000,156.99000000,151.45000000,154.69000000,7441293.11600000
2024-10-13 02:00:00,154.69000000,155.96000000,152.15000000,153.68000000,4611655.35400000
2024-10-13 06:00:00,153.68000000,154.59000000,152.35000000,153.41000000,2951751.42100000
2024-10-13 10:00:00,153.41000000,153.67000000,151.81000000,152.54000000,3777128.55100000
2024-10-13 14:00:00,152.54000000,153.63000000,150.49000000,150.84000000,4768840.37300000
2024-10-13 18:00:00,150.84000000,153.22000000,150.54000000,152.49000000,3997605.18800000
2024-10-13 22:00:00,152.49000000,154.95000000,151.98000000,154.54000000,3017526.37200000
2024-10-14 02:00:00,154.54000000,159.81000000,152.97000000,159.15000000,7493472.37400000
2024-10-14 06:00:00,159.15000000,162.94000000,157.11000000,162.64000000,9449537.27500000
2024-10-14 10:00:00,162.64000000,164.07000000,161.26000000,161.75000000,5414431.86200000
2024-10-14 14:00:00,161.75000000,164.87000000,160.65000000,162.98000000,8729605.41900000
2024-10-14 18:00:00,162.98000000,165.34000000,162.34000000,163.00000000,4249902.68500000
2024-10-14 22:00:00,163.00000000,163.67000000,161.65000000,162.85000000,3303817.62000000
2024-10-15 02:00:00,162.85000000,164.74000000,161.99000000,163.57000000,4801459.78400000
2024-10-15 06:00:00,163.57000000,165.88000000,161.45000000,162.65000000,6442970.31700000
2024-10-15 10:00:00,162.65000000,163.03000000,157.31000000,157.77000000,6669271.03200000
2024-10-15 14:00:00,157.77000000,163.82000000,152.75000000,155.34000000,15802971.52400000
2024-10-15 18:00:00,155.34000000,159.18000000,155.07000000,155.80000000,4941262.64000000
2024-10-15 22:00:00,155.80000000,157.10000000,153.34000000,156.71000000,4183759.59900000
2024-10-16 02:00:00,156.71000000,157.78000000,153.43000000,155.56000000,5032415.56400000
2024-10-16 06:00:00,155.56000000,156.45000000,154.13000000,154.83000000,2878540.74700000
2024-10-16 10:00:00,154.83000000,159.24000000,154.52000000,158.47000000,5029374.73000000
2024-10-16 14:00:00,158.47000000,159.87000000,155.21000000,155.45000000,4545000.62300000
2024-10-16 18:00:00,155.45000000,157.34000000,154.15000000,156.41000000,2082192.64200000
2024-10-16 22:00:00,156.41000000,157.81000000,155.57000000,155.71000000,1926820.41800000
2024-10-17 02:00:00,155.71000000,157.41000000,155.22000000,156.91000000,2097110.19800000
2024-10-17 06:00:00,156.91000000,156.94000000,154.61000000,156.34000000,2316365.14800000
2024-10-17 10:00:00,156.34000000,157.65000000,153.22000000,153.60000000,3910715.89500000
2024-10-17 14:00:00,153.60000000,156.39000000,152.45000000,155.89000000,4599926.77500000
2024-10-17 18:00:00,155.89000000,156.21000000,150.05000000,151.82000000,5314872.05300000
2024-10-17 22:00:00,151.82000000,153.67000000,151.80000000,153.05000000,2448297.52800000
2024-10-18 02:00:00,153.05000000,157.59000000,151.97000000,155.67000000,4385443.91700000
2024-10-18 06:00:00,155.67000000,156.85000000,154.42000000,156.05000000,2353315.95400000
2024-10-18 10:00:00,156.05000000,156.55000000,154.57000000,154.76000000,2020247.36300000
2024-10-18 14:00:00,154.76000000,156.86000000,153.75000000,156.32000000,3929598.98600000
2024-10-18 18:00:00,156.32000000,157.72000000,155.38000000,156.94000000,3072150.18100000
2024-10-18 22:00:00,156.94000000,159.02000000,156.64000000,158.97000000,1972668.37600000
2024-10-19 02:00:00,158.97000000,159.33000000,157.05000000,157.64000000,2185832.74900000
2024-10-19 06:00:00,157.64000000,158.07000000,156.03000000,156.16000000,1420411.50800000
2024-10-19 10:00:00,156.16000000,157.61000000,155.70000000,156.40000000,3044497.77700000
2024-10-19 14:00:00,156.40000000,159.89000000,156.40000000,158.47000000,3912691.86200000
2024-10-19 18:00:00,158.47000000,159.57000000,158.04000000,158.21000000,2553032.40200000
2024-10-19 22:00:00,158.21000000,159.35000000,157.84000000,158.10000000,1379418.57800000
2024-10-20 02:00:00,158.10000000,158.42000000,156.33000000,156.69000000,1809622.27800000
2024-10-20 06:00:00,156.69000000,157.80000000,155.92000000,157.53000000,2004382.90600000
2024-10-20 10:00:00,157.53000000,158.73000000,157.52000000,158.46000000,1798864.16600000
2024-10-20 14:00:00,158.46000000,160.54000000,157.81000000,158.72000000,3954537.97000000
2024-10-20 18:00:00,158.72000000,158.90000000,156.95000000,157.30000000,1778872.19700000
2024-10-20 22:00:00,157.30000000,160.02000000,157.32000000,158.86000000,2972711.51600000
2024-10-21 02:00:00,158.86000000,159.87000000,156.27000000,157.18000000,3881481.47000000
2024-10-21 06:00:00,157.18000000,157.15000000,154.80000000,155.10000000,3171937.98100000
2024-10-21 10:00:00,155.10000000,155.54000000,153.72000000,154.86000000,2509515.65600000
2024-10-21 14:00:00,154.86000000,155.42000000,151.74000000,152.93000000,4244873.96600000
2024-10-21 18:00:00,152.93000000,154.01000000,151.41000000,153.70000000,2111704.92200000
2024-10-21 22:00:00,153.70000000,154.43000000,153.17000000,153.21000000,1187991.48200000
2024-10-22 02:00:00,153.21000000,154.37000000,151.50000000,154.23000000,2242238.44800000
2024-10-22 06:00:00,154.23000000,155.25000000,153.16000000,153.82000000,1855171.79400000
2024-10-22 10:00:00,153.82000000,153.82000000,150.60000000,152.14000000,2914959.51300000
2024-10-22 14:00:00,152.14000000,152.92000000,150.02000000,152.24000000,3141243.49000000
2024-10-22 18:00:00,152.24000000,153.15000000,150.87000000,152.73000000,1645228.44300000
2024-10-22 22:00:00,152.73000000,153.69000000,152.22000000,152.66000000,1237021.16600000
2024-10-23 02:00:00,152.66000000,152.98000000,150.35000000,151.47000000,1344341.43500000
2024-10-23 06:00:00,151.47000000,151.66000000,149.63000000,149.93000000,1832686.02400000
2024-10-23 10:00:00,149.93000000,150.48000000,147.65000000,148.42000000,3072513.65300000
2024-10-23 14:00:00,148.42000000,150.07000000,146.98000000,147.41000000,3089008.69200000
2024-10-23 18:00:00,147.41000000,147.70000000,143.84000000,147.03000000,4377457.81900000
2024-10-23 22:00:00,147.03000000,149.73000000,146.65000000,149.52000000,1815588.20600000
2024-10-24 02:00:00,149.52000000,153.04000000,149.29000000,151.67000000,4466513.59900000
2024-10-24 06:00:00,151.67000000,151.65000000,149.34000000,149.50000000,2032865.42700000
2024-10-24 10:00:00,149.50000000,149.84000000,147.43000000,149.02000000,1819104.08500000
2024-10-24 14:00:00,149.02000000,149.84000000,146.67000000,147.07000000,2883710.74100000
2024-10-24 18:00:00,147.07000000,147.73000000,145.85000000,147.73000000,2721155.23400000
2024-10-24 22:00:00,147.73000000,148.82000000,146.91000000,147.38000000,1746809.56200000
2024-10-25 02:00:00,147.38000000,147.96000000,146.56000000,147.60000000,1705686.46900000
2024-10-25 06:00:00,147.60000000,147.66000000,143.81000000,144.89000000,2588905.42000000
2024-10-25 10:00:00,144.89000000,148.23000000,144.13000000,147.93000000,2157774.62700000
2024-10-25 14:00:00,147.93000000,149.59000000,146.47000000,147.50000000,2936290.57200000
2024-10-25 18:00:00,147.50000000,148.97000000,141.48000000,142.64000000,8415345.16900000
2024-10-25 22:00:00,142.64000000,143.12000000,131.64000000,137.98000000,8839506.42900000
2024-10-26 02:00:00,137.98000000,141.60000000,136.54000000,141.40000000,4335919.19000000
2024-10-26 06:00:00,141.40000000,141.58000000,140.43000000,140.47000000,1661100.99800000
2024-10-26 10:00:00,140.47000000,141.45000000,140.05000000,140.23000000,1633271.48300000
2024-10-26 14:00:00,140.23000000,141.14000000,138.97000000,140.31000000,2634525.27400000
2024-10-26 18:00:00,140.31000000,143.02000000,139.87000000,142.97000000,2130316.71500000
2024-10-26 22:00:00,142.97000000,143.78000000,142.18000000,142.58000000,1213486.11600000
2024-10-27 02:00:00,142.58000000,143.98000000,142.47000000,143.97000000,1336635.71800000
2024-10-27 05:00:00,143.97000000,144.18000000,142.70000000,142.93000000,972535.00100000
2024-10-27 09:00:00,142.93000000,142.98000000,141.75000000,142.63000000,1706985.36200000
2024-10-27 13:00:00,142.63000000,145.34000000,142.57000000,145.28000000,2235967.75200000
2024-10-27 17:00:00,145.28000000,146.53000000,144.21000000,144.60000000,2080533.57000000
2024-10-27 21:00:00,144.60000000,147.97000000,144.22000000,147.86000000,1566711.06900000
2024-10-28 01:00:00,147.86000000,148.83000000,146.28000000,147.32000000,2600733.59200000
2024-10-28 05:00:00,147.32000000,150.36000000,146.45000000,150.26000000,3295110.58100000
2024-10-28 09:00:00,150.26000000,153.81000000,149.53000000,152.80000000,6303487.99200000
2024-10-28 13:00:00,152.80000000,153.84000000,149.07000000,149.30000000,6809757.17800000
2024-10-28 17:00:00,149.30000000,150.90000000,148.26000000,149.32000000,4415907.18400000
2024-10-28 21:00:00,149.32000000,154.27000000,149.20000000,151.54000000,5257144.15500000
2024-10-29 01:00:00,151.54000000,155.33000000,150.91000000,153.80000000,4799525.50200000
2024-10-29 05:00:00,153.80000000,154.42000000,153.09000000,153.94000000,2071824.96400000
2024-10-29 09:00:00,153.94000000,155.07000000,153.61000000,153.89000000,2421609.08900000
2024-10-29 13:00:00,153.89000000,154.33000000,150.32000000,151.58000000,5176288.68800000
2024-10-29 17:00:00,151.58000000,154.17000000,150.57000000,151.01000000,6127482.34300000
2024-10-29 21:00:00,151.01000000,151.46000000,149.09000000,151.41000000,3938415.88800000
2024-10-30 01:00:00,151.41000000,152.20000000,148.57000000,151.71000000,3062951.60600000
2024-10-30 05:00:00,151.71000000,154.40000000,151.11000000,152.80000000,3458130.51600000
2024-10-30 09:00:00,152.80000000,154.84000000,151.98000000,152.11000000,4153124.15900000
2024-10-30 13:00:00,152.11000000,158.23000000,151.47000000,156.87000000,11223201.19700000
2024-10-30 17:00:00,156.87000000,158.28000000,154.93000000,156.17000000,3917372.98000000
2024-10-30 21:00:00,156.17000000,157.45000000,155.18000000,156.17000000,2742781.95300000
2024-10-31 01:00:00,156.17000000,157.69000000,154.19000000,154.83000000,3293940.87800000
2024-10-31 05:00:00,154.83000000,154.94000000,152.08000000,152.75000000,2704871.25100000
2024-10-31 09:00:00,152.75000000,152.79000000,149.90000000,150.16000000,3532985.70500000
2024-10-31 13:00:00,150.16000000,150.59000000,145.63000000,145.89000000,7244477.14700000
2024-10-31 17:00:00,145.89000000,145.87000000,140.80000000,140.98000000,10719744.23900000
2024-10-31 21:00:00,140.98000000,144.19000000,140.79000000,143.40000000,4111200.20700000
2024-11-01 01:00:00,143.40000000,144.09000000,140.79000000,143.54000000,4785627.33300000
2024-11-01 05:00:00,143.54000000,144.79000000,141.11000000,142.40000000,3185523.41500000
2024-11-01 09:00:00,142.40000000,144.08000000,142.07000000,142.95000000,3026432.85600000
2024-11-01 13:00:00,142.95000000,147.00000000,139.94000000,142.10000000,8376186.48700000
2024-11-01 17:00:00,142.10000000,144.19000000,140.63000000,141.77000000,4829062.15700000
2024-11-01 21:00:00,141.77000000,142.58000000,140.57000000,141.34000000,2390576.49800000
2024-11-02 01:00:00,141.34000000,143.69000000,141.34000000,142.02000000,2136169.04700000
2024-11-02 05:00:00,142.02000000,142.78000000,141.32000000,141.37000000,1446345.98700000
2024-11-02 09:00:00,141.37000000,142.11000000,140.53000000,140.60000000,1814734.35200000
2024-11-02 13:00:00,140.60000000,140.59000000,137.30000000,137.92000000,5208071.76100000
2024-11-02 17:00:00,137.92000000,139.28000000,136.84000000,138.66000000,3263011.62700000
2024-11-02 21:00:00,138.66000000,139.37000000,137.85000000,138.35000000,1481534.01400000
2024-11-03 01:00:00,138.35000000,138.59000000,133.14000000,135.48000000,5900657.32900000
2024-11-03 05:00:00,135.48000000,136.41000000,134.42000000,135.23000000,3170047.85300000
2024-11-03 09:00:00,135.23000000,135.43000000,133.21000000,134.30000000,3935403.96800000
2024-11-03 13:00:00,134.30000000,134.75000000,130.70000000,132.43000000,6744356.09700000
2024-11-03 17:00:00,132.43000000,132.93000000,128.51000000,131.96000000,8920934.85200000
2024-11-03 21:00:00,131.96000000,133.89000000,131.31000000,132.78000000,3192193.94700000
2024-11-04 01:00:00,132.78000000,134.80000000,130.85000000,133.34000000,4287466.91400000
2024-11-04 05:00:00,133.34000000,133.69000000,129.58000000,129.60000000,3336767.96400000
2024-11-04 09:00:00,129.60000000,131.07000000,128.17000000,130.84000000,5723307.22000000
2024-11-04 13:00:00,130.84000000,131.98000000,129.04000000,129.69000000,3949195.35900000
2024-11-04 17:00:00,129.69000000,129.93000000,127.45000000,129.36000000,4879664.70100000
2024-11-04 21:00:00,129.36000000,130.04000000,125.64000000,128.22000000,7845316.59200000
2024-11-05 01:00:00,128.22000000,132.99000000,127.81000000,132.99000000,7022000.71000000
2024-11-05 05:00:00,132.99000000,133.60000000,130.01000000,130.53000000,6645017.76500000
2024-11-05 09:00:00,130.53000000,131.03000000,129.18000000,130.81000000,6877641.69100000
2024-11-05 13:00:00,130.81000000,133.63000000,129.57000000,131.78000000,10891537.43500000
2024-11-05 17:00:00,131.78000000,135.49000000,131.66000000,132.93000000,8299154.92400000
2024-11-05 21:00:00,132.93000000,136.80000000,132.42000000,135.72000000,7526418.44200000
2024-11-06 01:00:00,135.72000000,151.26000000,135.70000000,148.75000000,27009462.93400000
2024-11-06 05:00:00,148.75000000,161.16000000,146.45000000,156.56000000,32253074.88400000
2024-11-06 09:00:00,156.56000000,162.41000000,152.68000000,160.48000000,34331754.26900000
2024-11-06 13:00:00,160.48000000,164.58000000,160.30000000,163.92000000,27111068.41100000
2024-11-06 17:00:00,163.92000000,171.48000000,163.81000000,170.65000000,39747543.11700000
2024-11-06 21:00:00,170.65000000,176.44000000,168.20000000,173.69000000,25130304.52100000
2024-11-07 01:00:00,173.69000000,190.96000000,173.27000000,184.14000000,64888795.73000000
2024-11-07 05:00:00,184.14000000,186.79000000,180.07000000,181.40000000,35284608.59000000
2024-11-07 09:00:00,181.40000000,187.84000000,181.13000000,184.37000000,31908262.41300000
2024-11-07 13:00:00,184.37000000,189.98000000,178.73000000,185.42000000,49191767.71600000
2024-11-07 17:00:00,185.42000000,188.41000000,182.82000000,186.58000000,29279534.05900000
2024-11-07 21:00:00,186.58000000,186.52000000,181.21000000,183.57000000,16259961.34600000
2024-11-08 01:00:00,183.57000000,185.50000000,178.76000000,180.03000000,19298464.92100000
2024-11-08 05:00:00,180.03000000,181.78000000,178.62000000,180.98000000,11097342.00000000
2024-11-08 09:00:00,180.98000000,183.99000000,179.50000000,182.56000000,12794631.04400000
2024-11-08 13:00:00,182.56000000,183.62000000,176.13000000,179.34000000,21929606.20600000
2024-11-08 17:00:00,179.34000000,181.94000000,176.26000000,180.44000000,23007669.18800000
2024-11-08 21:00:00,180.44000000,182.25000000,177.90000000,182.01000000,8260468.49400000
2024-11-09 01:00:00,182.01000000,184.85000000,181.07000000,181.78000000,12715692.60600000
2024-11-09 05:00:00,181.78000000,195.70000000,181.79000000,192.17000000,34705764.77900000
2024-11-09 09:00:00,192.17000000,193.82000000,187.12000000,193.60000000,24059514.93100000
2024-11-09 13:00:00,193.60000000,193.60000000,188.51000000,191.51000000,22005933.99300000
2024-11-09 17:00:00,191.51000000,196.26000000,188.14000000,196.26000000,22533021.07600000
2024-11-09 21:00:00,196.26000000,199.56000000,192.65000000,195.33000000,25042219.56700000
2024-11-10 01:00:00,195.33000000,196.93000000,192.56000000,195.12000000,16214672.65600000
2024-11-10 05:00:00,195.12000000,198.82000000,190.66000000,192.51000000,26057244.48800000
2024-11-10 09:00:00,192.51000000,194.81000000,190.88000000,194.02000000,17925739.40600000
2024-11-10 13:00:00,194.02000000,197.90000000,190.43000000,193.02000000,32117016.08600000
2024-11-10 17:00:00,193.02000000,197.21000000,187.28000000,189.56000000,28569538.34600000
2024-11-10 21:00:00,189.56000000,193.50000000,181.52000000,190.19000000,33704090.41500000
2024-11-11 01:00:00,190.19000000,192.88000000,188.09000000,189.70000000,17972825.20400000
2024-11-11 05:00:00,189.70000000,191.04000000,183.30000000,186.80000000,20837001.03400000
2024-11-11 09:00:00,186.80000000,189.82000000,184.82000000,189.40000000,14076383.41200000
2024-11-11 13:00:00,189.40000000,190.59000000,184.09000000,188.20000000,21726073.94500000
2024-11-11 17:00:00,188.20000000,193.01000000,186.62000000,188.36000000,22685916.42200000
2024-11-11 21:00:00,188.36000000,195.39000000,186.32000000,193.66000000,25985041.37500000
2024-11-12 01:00:00,193.66000000,196.97000000,184.26000000,193.26000000,45163179.60800000
2024-11-12 05:00:00,193.26000000,193.71000000,187.01000000,189.08000000,23021074.87200000
2024-11-12 09:00:00,189.08000000,193.97000000,174.96000000,180.60000000,49705066.29400000
2024-11-12 13:00:00,180.60000000,181.86000000,172.71000000,177.55000000,33941545.51000000
2024-11-12 17:00:00,177.55000000,182.74000000,174.84000000,181.44000000,17870005.45600000
2024-11-12 21:00:00,181.44000000,182.89000000,178.72000000,179.39000000,12964440.35000000
2024-11-13 01:00:00,179.39000000,181.46000000,173.15000000,173.36000000,19612505.87200000
2024-11-13 05:00:00,173.36000000,176.81000000,168.16000000,172.66000000,24622773.72700000
2024-11-13 09:00:00,172.66000000,175.75000000,170.57000000,174.12000000,14358946.90500000
2024-11-13 13:00:00,174.12000000,188.00000000,172.08000000,183.96000000,37901423.17300000
2024-11-13 17:00:00,183.96000000,184.21000000,171.05000000,171.54000000,25453988.89300000
2024-11-13 21:00:00,171.54000000,173.83000000,167.36000000,173.39000000,17821218.60700000
2024-11-14 01:00:00,173.39000000,173.42000000,169.29000000,172.83000000,12713824.07900000
2024-11-14 05:00:00,172.83000000,177.05000000,171.80000000,174.82000000,13538291.33300000
2024-11-14 09:00:00,174.82000000,175.66000000,168.80000000,171.36000000,15123833.79700000
2024-11-14 13:00:00,171.36000000,171.32000000,162.50000000,163.69000000,24678136.35300000
2024-11-14 17:00:00,163.69000000,167.70000000,162.42000000,164.13000000,16100413.75200000
2024-11-14 21:00:00,164.13000000,164.13000000,155.60000000,158.29000000,21464092.77800000
2024-11-15 01:00:00,158.29000000,160.12000000,155.44000000,155.91000000,14915321.01000000
2024-11-15 05:00:00,155.91000000,157.75000000,150.68000000,156.72000000,22506510.18600000
2024-11-15 09:00:00,156.72000000,164.72000000,154.92000000,160.92000000,27475009.60100000
2024-11-15 13:00:00,160.92000000,161.38000000,153.28000000,154.45000000,23651943.99100000
2024-11-15 17:00:00,154.45000000,164.14000000,154.06000000,160.70000000,26673685.45700000
2024-11-15 21:00:00,160.70000000,166.54000000,160.53000000,164.53000000,15130306.70200000
2024-11-16 01:00:00,164.53000000,169.60000000,162.98000000,169.33000000,18076029.54900000
2024-11-16 05:00:00,169.33000000,169.99000000,165.61000000,167.25000000,11072199.80200000
2024-11-16 09:00:00,167.25000000,174.93000000,166.33000000,174.64000000,18026556.97300000
2024-11-16 13:00:00,174.64000000,175.89000000,165.22000000,167.14000000,22832490.71500000
2024-11-16 17:00:00,167.14000000,171.64000000,166.51000000,169.74000000,10075338.79900000
2024-11-16 21:00:00,169.74000000,170.83000000,167.02000000,169.04000000,8702912.80700000
2024-11-17 01:00:00,169.04000000,171.50000000,160.73000000,164.36000000,19091951.93400000
2024-11-17 05:00:00,164.36000000,172.60000000,163.93000000,172.24000000,13915798.65400000
2024-11-17 09:00:00,172.24000000,172.43000000,165.84000000,165.86000000,13900629.20700000
2024-11-17 13:00:00,165.86000000,168.27000000,164.13000000,165.13000000,9375569.82400000
2024-11-17 17:00:00,165.13000000,166.37000000,161.60000000,163.36000000,10538290.44000000
2024-11-17 21:00:00,163.36000000,164.11000000,159.58000000,162.13000000,11046387.61300000
2024-11-18 01:00:00,162.13000000,167.69000000,161.16000000,167.38000000,11102182.02100000
2024-11-18 05:00:00,167.38000000,171.38000000,165.42000000,170.35000000,10152601.22300000
2024-11-18 09:00:00,170.35000000,171.26000000,164.33000000,164.80000000,13545177.31400000
2024-11-18 13:00:00,164.80000000,170.23000000,161.74000000,169.54000000,19095350.33000000
2024-11-18 17:00:00,169.54000000,172.93000000,164.86000000,166.65000000,21527160.83200000
2024-11-18 21:00:00,166.65000000,172.42000000,166.11000000,170.89000000,13604590.10700000
2024-11-19 01:00:00,170.89000000,173.67000000,166.67000000,166.96000000,11162726.64400000
2024-11-19 05:00:00,166.96000000,167.32000000,163.94000000,164.52000000,8816747.71600000
2024-11-19 09:00:00,164.52000000,166.66000000,163.13000000,166.22000000,12452433.88100000
2024-11-19 13:00:00,166.22000000,169.14000000,162.69000000,164.70000000,15527408.04900000
2024-11-19 17:00:00,164.70000000,165.00000000,160.09000000,162.30000000,15431166.81200000
2024-11-19 21:00:00,162.30000000,162.74000000,158.65000000,162.04000000,17649065.58400000
2024-11-20 01:00:00,162.04000000,162.37000000,156.85000000,158.89000000,13113723.19200000
2024-11-20 05:00:00,158.89000000,162.51000000,157.65000000,162.04000000,6884997.40200000
2024-11-20 09:00:00,162.04000000,168.20000000,161.56000000,163.27000000,17723650.91300000
2024-11-20 13:00:00,163.27000000,165.48000000,159.22000000,162.57000000,14966711.36400000
2024-11-20 17:00:00,162.57000000,162.96000000,153.32000000,154.29000000,19161147.79400000
2024-11-20 21:00:00,154.29000000,159.23000000,153.30000000,156.79000000,8880555.31300000
2024-11-21 01:00:00,156.79000000,158.99000000,151.88000000,154.42000000,12054869.64900000
2024-11-21 05:00:00,154.42000000,159.98000000,154.35000000,159.31000000,12244509.34900000
2024-11-21 09:00:00,159.31000000,159.65000000,155.91000000,158.75000000,8465896.22400000
2024-11-21 13:00:00,158.75000000,170.87000000,158.60000000,163.80000000,40201197.92100000
2024-11-21 17:00:00,163.80000000,170.10000000,163.63000000,166.59000000,20460210.48100000
2024-11-21 21:00:00,166.59000000,169.70000000,165.50000000,169.32000000,7395149.79000000
2024-11-22 01:00:00,169.32000000,170.07000000,165.27000000,169.06000000,10633466.85800000
2024-11-22 05:00:00,169.06000000,171.88000000,167.42000000,167.56000000,15993115.11100000
2024-11-22 09:00:00,167.56000000,169.24000000,164.44000000,167.83000000,11537873.10100000
2024-11-22 13:00:00,167.83000000,170.05000000,162.22000000,166.56000000,23788315.90600000
2024-11-22 17:00:00,166.56000000,166.59000000,161.48000000,163.04000000,11608589.50700000
2024-11-22 21:00:00,163.04000000,173.68000000,162.43000000,173.67000000,12443524.51000000
2024-11-23 01:00:00,173.67000000,175.56000000,170.08000000,174.72000000,25492977.37800000
2024-11-23 05:00:00,174.72000000,179.10000000,172.81000000,177.96000000,18698841.60000000
2024-11-23 09:00:00,177.96000000,182.36000000,175.12000000,176.11000000,16173325.11000000
2024-11-23 13:00:00,176.11000000,184.41000000,175.04000000,181.68000000,24911289.50100000
2024-11-23 17:00:00,181.68000000,182.87000000,173.08000000,174.40000000,28511131.21900000
2024-11-23 21:00:00,174.40000000,176.36000000,170.31000000,174.49000000,15972742.84800000
2024-11-24 01:00:00,174.49000000,181.30000000,174.00000000,180.97000000,15313460.77800000
2024-11-24 05:00:00,180.97000000,183.80000000,178.01000000,181.31000000,17013282.48000000
2024-11-24 09:00:00,181.31000000,181.99000000,167.34000000,167.70000000,28433927.68600000
2024-11-24 13:00:00,167.70000000,169.34000000,160.55000000,163.60000000,27780679.89000000
2024-11-24 17:00:00,163.60000000,168.16000000,162.60000000,166.76000000,11239145.53100000
2024-11-24 21:00:00,166.76000000,172.19000000,166.25000000,171.26000000,10708227.49600000
2024-11-25 01:00:00,171.26000000,171.84000000,166.06000000,169.65000000,13877216.49400000
2024-11-25 05:00:00,169.65000000,176.72000000,169.01000000,175.11000000,12425278.76200000
2024-11-25 09:00:00,175.11000000,185.91000000,175.03000000,181.48000000,30111848.77800000
2024-11-25 13:00:00,181.48000000,187.63000000,174.15000000,186.73000000,44790709.15100000
2024-11-25 17:00:00,186.73000000,188.91000000,177.65000000,182.68000000,33950550.38100000
2024-11-25 21:00:00,182.68000000,186.66000000,176.70000000,181.57000000,27544722.90500000
2024-11-26 01:00:00,181.57000000,184.45000000,179.59000000,180.29000000,17050876.21200000
2024-11-26 05:00:00,180.29000000,181.72000000,175.06000000,175.28000000,14550011.44200000
2024-11-26 09:00:00,175.28000000,175.75000000,165.56000000,169.29000000,32846372.08400000
2024-11-26 13:00:00,169.29000000,176.13000000,167.85000000,171.73000000,24239278.34100000
2024-11-26 17:00:00,171.73000000,175.05000000,169.28000000,171.85000000,17727580.64500000
2024-11-26 21:00:00,171.85000000,182.06000000,171.40000000,181.74000000,19666240.02400000
2024-11-27 01:00:00,181.74000000,190.92000000,180.73000000,187.49000000,32394252.17500000
2024-11-27 05:00:00,187.49000000,196.63000000,187.16000000,192.28000000,40934143.32800000
2024-11-27 09:00:00,192.28000000,194.14000000,188.02000000,193.58000000,23253017.81700000
2024-11-27 13:00:00,193.58000000,206.73000000,190.61000000,202.95000000,47172600.85500000
2024-11-27 17:00:00,202.95000000,205.99000000,198.82000000,200.84000000,25784833.02000000
2024-11-27 21:00:00,200.84000000,211.00000000,199.86000000,210.65000000,34870097.48100000
2024-11-28 01:00:00,210.65000000,211.30000000,201.92000000,203.73000000,23183003.23900000
2024-11-28 05:00:00,203.73000000,206.02000000,201.41000000,202.00000000,10316279.72200000
2024-11-28 09:00:00,202.00000000,207.20000000,201.02000000,205.12000000,14059518.81800000
2024-11-28 13:00:00,205.12000000,207.95000000,198.91000000,199.16000000,21187258.83100000
2024-11-28 17:00:00,199.16000000,203.49000000,197.79000000,202.09000000,12443747.36000000
2024-11-28 21:00:00,202.09000000,203.68000000,200.02000000,200.30000000,8352134.87100000
2024-11-29 01:00:00,200.30000000,202.53000000,198.18000000,198.86000000,11232567.93800000
2024-11-29 05:00:00,198.86000000,200.72000000,194.89000000,196.41000000,12535490.47800000
2024-11-29 09:00:00,196.41000000,200.88000000,196.41000000,200.87000000,9825260.53800000
2024-11-29 13:00:00,200.87000000,202.37000000,198.18000000,198.33000000,14801793.76300000
2024-11-29 17:00:00,198.33000000,200.56000000,196.85000000,199.16000000,9400377.88800000
2024-11-29 21:00:00,199.16000000,200.71000000,198.81000000,199.13000000,6467841.36500000
2024-11-30 01:00:00,199.13000000,204.64000000,197.76000000,203.45000000,18330628.94500000
2024-11-30 05:00:00,203.45000000,206.85000000,199.60000000,204.16000000,18832393.69200000
2024-11-30 09:00:00,204.16000000,207.00000000,201.22000000,204.85000000,19292158.19900000
2024-11-30 13:00:00,204.85000000,210.20000000,204.78000000,205.06000000,18808818.31200000
2024-11-30 17:00:00,205.06000000,209.52000000,202.62000000,209.15000000,12390435.13100000
2024-11-30 21:00:00,209.15000000,212.70000000,207.74000000,211.94000000,15212190.26300000
2024-12-01 01:00:00,211.94000000,214.92000000,206.15000000,211.71000000,20911309.37900000
2024-12-01 05:00:00,211.71000000,211.73000000,204.62000000,204.80000000,12578100.23000000
2024-12-01 09:00:00,204.80000000,208.36000000,203.10000000,205.89000000,15060709.61600000
2024-12-01 13:00:00,205.89000000,209.29000000,203.39000000,207.60000000,12055188.33600000
2024-12-01 17:00:00,207.60000000,208.35000000,204.81000000,205.83000000,9758492.31000000
2024-12-01 21:00:00,205.83000000,210.71000000,202.83000000,209.41000000,11348596.61600000
2024-12-02 01:00:00,209.41000000,217.55000000,208.98000000,210.19000000,23768820.95500000
2024-12-02 05:00:00,210.19000000,216.91000000,205.52000000,214.89000000,26971466.67200000
2024-12-02 09:00:00,214.89000000,224.99000000,203.96000000,221.80000000,68805352.88800000
2024-12-02 13:00:00,221.80000000,237.88000000,219.19000000,235.88000000,74796386.09600000
2024-12-02 17:00:00,235.88000000,236.64000000,223.74000000,234.39000000,40720213.85100000
2024-12-02 21:00:00,234.39000000,241.65000000,230.68000000,235.64000000,31214527.92900000
2024-12-03 01:00:00,235.64000000,235.93000000,227.28000000,227.40000000,23141877.32200000
2024-12-03 05:00:00,227.40000000,239.02000000,226.73000000,233.04000000,32964376.40100000
2024-12-03 09:00:00,233.04000000,240.10000000,230.67000000,239.95000000,24837569.61400000
2024-12-03 13:00:00,239.95000000,248.19000000,221.98000000,242.52000000,89864427.68600000
2024-12-03 17:00:00,242.52000000,249.64000000,235.06000000,236.12000000,38208640.45300000
2024-12-03 21:00:00,236.12000000,243.90000000,234.31000000,240.54000000,23235532.33300000
2024-12-04 01:00:00,240.54000000,247.16000000,236.34000000,240.71000000,30921690.93700000
2024-12-04 05:00:00,240.71000000,249.70000000,239.76000000,248.85000000,19937348.19100000
2024-12-04 09:00:00,248.85000000,255.63000000,246.11000000,252.34000000,27280717.66000000
2024-12-04 13:00:00,252.34000000,264.76000000,245.59000000,260.82000000,52798411.23000000
2024-12-04 17:00:00,260.82000000,271.46000000,249.91000000,270.76000000,56129648.23800000
2024-12-04 21:00:00,270.76000000,273.68000000,252.52000000,256.50000000,35434333.91600000
2024-12-05 01:00:00,256.50000000,257.14000000,243.06000000,246.59000000,37458439.37900000
2024-12-05 05:00:00,246.59000000,252.03000000,241.83000000,250.23000000,21452633.95000000
2024-12-05 09:00:00,250.23000000,259.53000000,249.37000000,259.50000000,21930162.58000000
2024-12-05 13:00:00,259.50000000,267.14000000,254.53000000,255.44000000,35414027.14900000
2024-12-05 17:00:00,255.44000000,262.16000000,249.25000000,250.46000000,19555468.43900000
2024-12-05 21:00:00,250.46000000,252.70000000,240.69000000,247.86000000,28806085.99700000
2024-12-06 01:00:00,247.86000000,263.69000000,246.70000000,262.54000000,23912525.90000000
2024-12-06 05:00:00,262.54000000,262.54000000,255.72000000,256.57000000,11884523.73300000
2024-12-06 09:00:00,256.57000000,261.21000000,252.16000000,260.44000000,17682069.11400000
2024-12-06 13:00:00,260.44000000,277.50000000,257.17000000,269.37000000,51011435.75000000
2024-12-06 17:00:00,269.37000000,288.42000000,267.73000000,287.46000000,42116484.09900000
2024-12-06 21:00:00,287.46000000,291.38000000,279.70000000,281.97000000,24430272.61900000
2024-12-07 01:00:00,281.97000000,288.96000000,279.23000000,288.24000000,16643118.99500000
2024-12-07 05:00:00,288.24000000,297.59000000,285.60000000,285.82000000,31419732.17400000
2024-12-07 09:00:00,285.82000000,288.37000000,280.20000000,282.45000000,18728553.00900000
2024-12-07 13:00:00,282.45000000,285.87000000,280.18000000,284.28000000,14588634.93700000
2024-12-07 17:00:00,284.28000000,284.68000000,278.53000000,280.75000000,12925427.41000000
2024-12-07 21:00:00,280.75000000,283.90000000,278.75000000,282.48000000,11457988.51600000
2024-12-08 01:00:00,282.48000000,285.39000000,279.46000000,279.83000000,10221980.20800000
2024-12-08 05:00:00,279.83000000,280.35000000,276.42000000,280.01000000,12809135.74700000
2024-12-08 09:00:00,280.01000000,283.25000000,274.08000000,282.44000000,18820648.92200000
2024-12-08 13:00:00,282.44000000,285.39000000,276.21000000,279.45000000,16048781.82400000
2024-12-08 17:00:00,279.45000000,281.66000000,275.60000000,277.39000000,9058937.67800000
2024-12-08 21:00:00,277.39000000,284.93000000,275.90000000,282.99000000,9595931.55700000
2024-12-09 01:00:00,282.99000000,284.37000000,271.85000000,275.47000000,19663597.53200000
2024-12-09 05:00:00,275.47000000,276.90000000,266.22000000,271.29000000,15588539.56900000
2024-12-09 09:00:00,271.29000000,271.53000000,260.70000000,262.71000000,23302358.54900000
2024-12-09 13:00:00,262.71000000,280.48000000,260.92000000,272.01000000,29582874.66500000
2024-12-09 17:00:00,272.01000000,275.48000000,266.80000000,267.05000000,19234335.15700000
2024-12-09 21:00:00,267.05000000,268.18000000,221.01000000,260.47000000,87912086.66900000
2024-12-10 01:00:00,260.47000000,269.76000000,247.58000000,255.86000000,39035760.89400000
2024-12-10 05:00:00,255.86000000,273.48000000,249.73000000,270.39000000,28760363.26700000
2024-12-10 09:00:00,270.39000000,288.03000000,265.40000000,285.72000000,43347068.55800000
2024-12-10 13:00:00,285.72000000,286.98000000,260.17000000,260.70000000,78131694.54300000
2024-12-10 17:00:00,260.70000000,270.75000000,250.88000000,266.68000000,68782718.47000000
2024-12-10 21:00:00,266.68000000,276.75000000,264.41000000,276.46000000,31797274.85100000
2024-12-11 01:00:00,276.46000000,276.49000000,259.68000000,269.11000000,30969632.59700000
2024-12-11 05:00:00,269.11000000,275.23000000,264.56000000,268.00000000,19474524.18900000
2024-12-11 09:00:00,268.00000000,281.66000000,267.73000000,279.92000000,23572490.14600000
2024-12-11 13:00:00,279.92000000,294.42000000,275.62000000,290.79000000,40007969.44500000
2024-12-11 17:00:00,290.79000000,293.83000000,282.69000000,288.84000000,22591652.96900000
2024-12-11 21:00:00,288.84000000,307.42000000,288.84000000,302.70000000,34294498.92300000
2024-12-12 01:00:00,302.70000000,344.99000000,294.79000000,344.74000000,77651638.31299999
2024-12-12 05:00:00,344.74000000,359.45000000,341.05000000,354.19000000,114223799.29799999
2024-12-12 09:00:00,354.19000000,369.24000000,348.22000000,364.27000000,108647907.86700000
2024-12-12 13:00:00,364.27000000,388.10000000,362.32000000,370.21000000,191639743.02500001
2024-12-12 17:00:00,370.21000000,372.35000000,358.12000000,358.52000000,95900214.29300000
2024-12-12 21:00:00,358.52000000,369.77000000,358.11000000,367.19000000,64706231.63600000
2024-12-13 01:00:00,367.19000000,384.79000000,360.43000000,380.36000000,113958550.99900000
2024-12-13 05:00:00,380.36000000,390.53000000,366.40000000,367.20000000,103185180.34800000
2024-12-13 09:00:00,367.20000000,378.66000000,363.76000000,370.94000000,70199246.16400000
2024-12-13 13:00:00,370.94000000,374.64000000,358.41000000,361.52000000,62743067.43800000
2024-12-13 17:00:00,361.52000000,362.78000000,352.98000000,361.00000000,53501364.29000000
2024-12-13 21:00:00,361.00000000,378.76000000,359.72000000,377.58000000,47932012.75900000
2024-12-14 01:00:00,377.58000000,396.08000000,377.26000000,378.45000000,89348434.63800000
2024-12-14 05:00:00,378.45000000,385.42000000,375.54000000,383.76000000,35356850.53200000
2024-12-14 09:00:00,383.76000000,391.82000000,379.88000000,380.91000000,56118975.90600000
2024-12-14 13:00:00,380.91000000,382.46000000,360.69000000,373.98000000,91569509.41300000
2024-12-14 17:00:00,373.98000000,374.89000000,363.01000000,369.83000000,44700407.70600000
2024-12-14 21:00:00,369.83000000,371.96000000,364.01000000,365.49000000,23830554.30800000
2024-12-15 01:00:00,365.49000000,381.37000000,361.89000000,371.32000000,52356113.63800000
2024-12-15 05:00:00,371.32000000,377.60000000,361.57000000,364.57000000,33776368.52600000
2024-12-15 09:00:00,364.57000000,366.46000000,359.04000000,359.25000000,31581060.66600000
2024-12-15 13:00:00,359.25000000,374.99000000,354.95000000,371.44000000,56075709.02900000
2024-12-15 17:00:00,371.44000000,379.58000000,362.66000000,366.85000000,46202438.10600000
2024-12-15 21:00:00,366.85000000,374.38000000,357.73000000,368.45000000,45021525.64900000
2024-12-16 01:00:00,368.45000000,378.76000000,362.90000000,364.25000000,59879591.26800000
2024-12-16 05:00:00,364.25000000,384.79000000,361.58000000,384.42000000,60296441.85200000
2024-12-16 09:00:00,384.42000000,395.79000000,375.67000000,382.35000000,95401638.65500000
2024-12-16 13:00:00,382.35000000,391.69000000,372.72000000,384.08000000,106471165.29700001
2024-12-16 17:00:00,384.08000000,398.65000000,373.75000000,393.87000000,86076436.78900000
2024-12-16 21:00:00,393.87000000,399.84000000,378.00000000,379.16000000,65953412.14900000
2024-12-17 01:00:00,379.16000000,387.25000000,371.23000000,383.40000000,56289692.56700000
2024-12-17 05:00:00,383.40000000,383.49000000,371.01000000,372.68000000,36146096.30500000
2024-12-17 09:00:00,372.68000000,376.33000000,370.12000000,371.11000000,32109221.08300000
2024-12-17 13:00:00,371.11000000,374.49000000,361.11000000,363.27000000,51496383.95600000
2024-12-17 17:00:00,363.27000000,367.63000000,360.27000000,361.35000000,26810221.74100000
2024-12-17 21:00:00,361.35000000,371.42000000,354.68000000,361.17000000,42545190.12100000
2024-12-18 01:00:00,361.17000000,371.55000000,356.42000000,364.91000000,44854188.72300000
2024-12-18 05:00:00,364.91000000,374.70000000,361.74000000,370.78000000,48481811.46400000
2024-12-18 09:00:00,370.78000000,380.10000000,366.40000000,377.88000000,46100593.20100000
2024-12-18 13:00:00,377.88000000,380.31000000,362.89000000,365.02000000,55859146.78100000
2024-12-18 17:00:00,365.02000000,376.73000000,357.18000000,357.18000000,62304648.95700000
2024-12-18 21:00:00,357.18000000,363.04000000,335.01000000,339.53000000,105377035.66800000
2024-12-19 01:00:00,339.53000000,345.12000000,321.98000000,336.47000000,88633018.94900000
2024-12-19 05:00:00,336.47000000,346.97000000,334.29000000,344.26000000,36024405.73300000
2024-12-19 09:00:00,344.26000000,350.44000000,335.65000000,349.39000000,31373637.92200000
2024-12-19 13:00:00,349.39000000,349.40000000,321.04000000,325.39000000,62357887.62800000
2024-12-19 17:00:00,325.39000000,327.74000000,301.65000000,305.44000000,97903263.68099999
2024-12-19 21:00:00,305.44000000,324.71000000,298.87000000,314.84000000,59931239.65200000
2024-12-20 01:00:00,314.84000000,323.76000000,310.33000000,314.96000000,35259603.32400000
2024-12-20 05:00:00,314.96000000,318.03000000,297.08000000,308.36000000,42430807.50500000
2024-12-20 09:00:00,308.36000000,308.72000000,271.49000000,271.96000000,93510090.01400000
2024-12-20 13:00:00,271.96000000,307.80000000,271.47000000,303.99000000,77246234.75399999
2024-12-20 17:00:00,303.99000000,340.74000000,302.04000000,336.08000000,61461514.44500000
2024-12-20 21:00:00,336.08000000,336.51000000,320.56000000,329.20000000,42383846.39000000
2024-12-21 01:00:00,329.20000000,336.40000000,321.90000000,329.66000000,29328438.09000000
2024-12-21 05:00:00,329.66000000,343.88000000,327.21000000,336.71000000,32448753.68500000
2024-12-21 09:00:00,336.71000000,338.68000000,318.98000000,321.56000000,33293861.01700000
2024-12-21 13:00:00,321.56000000,321.48000000,301.74000000,309.22000000,48559457.62700000
2024-12-21 17:00:00,309.22000000,309.70000000,297.65000000,301.18000000,33075847.13000000
2024-12-21 21:00:00,301.18000000,303.72000000,294.51000000,298.98000000,23896588.10800000
2024-12-22 01:00:00,298.98000000,303.67000000,293.72000000,298.62000000,24562781.32500000
2024-12-22 05:00:00,298.62000000,299.89000000,290.96000000,297.09000000,19008976.60000000
2024-12-22 09:00:00,297.09000000,310.81000000,296.95000000,306.88000000,26114043.33800000
2024-12-22 13:00:00,306.88000000,312.31000000,294.56000000,301.51000000,34414205.31800000
2024-12-22 17:00:00,301.51000000,312.83000000,298.89000000,301.66000000,29464051.26200000
2024-12-22 21:00:00,301.66000000,323.60000000,297.96000000,318.87000000,60137052.04200000
2024-12-23 01:00:00,318.87000000,330.86000000,308.71000000,328.84000000,54964320.80600000
2024-12-23 05:00:00,328.84000000,335.07000000,318.59000000,327.34000000,44214782.46500000
2024-12-23 09:00:00,327.34000000,342.47000000,326.18000000,336.93000000,51333144.64900000
2024-12-23 13:00:00,336.93000000,341.77000000,328.21000000,333.53000000,56389519.75000000
2024-12-23 17:00:00,333.53000000,360.66000000,332.00000000,357.65000000,95802230.67000000
2024-12-23 21:00:00,357.65000000,388.91000000,356.16000000,383.47000000,93325566.26100001
2024-12-24 01:00:00,383.47000000,390.00000000,371.20000000,381.45000000,62870754.76900000
2024-12-24 05:00:00,381.45000000,384.64000000,375.21000000,375.92000000,37407399.19700000
2024-12-24 09:00:00,375.92000000,377.80000000,365.41000000,374.03000000,42256932.74600000
2024-12-24 13:00:00,374.03000000,381.14000000,372.82000000,375.32000000,48758394.25700000
2024-12-24 17:00:00,375.32000000,380.53000000,373.69000000,377.50000000,32647426.96400000
2024-12-24 21:00:00,377.50000000,379.17000000,371.98000000,374.95000000,19488751.61200000
2024-12-25 01:00:00,374.95000000,376.96000000,364.53000000,369.34000000,30881605.89500000
2024-12-25 05:00:00,369.34000000,384.80000000,367.70000000,380.62000000,35334080.54000000
2024-12-25 09:00:00,380.62000000,385.91000000,371.74000000,371.95000000,36490217.49800000
2024-12-25 13:00:00,371.95000000,376.27000000,367.78000000,368.70000000,23188207.14000000
2024-12-25 17:00:00,368.70000000,373.21000000,365.02000000,371.85000000,17482081.93100000
2024-12-25 21:00:00,371.85000000,372.18000000,366.07000000,369.83000000,13586159.77100000
2024-12-26 01:00:00,369.83000000,371.72000000,356.62000000,357.03000000,27897511.04600000
2024-12-26 05:00:00,357.03000000,357.03000000,347.75000000,347.84000000,25699690.81800000
2024-12-26 09:00:00,347.84000000,348.91000000,337.31000000,340.57000000,38336403.90000000
2024-12-26 13:00:00,340.57000000,341.21000000,335.09000000,336.44000000,23438268.41200000
2024-12-26 17:00:00,336.44000000,339.29000000,332.41000000,336.08000000,15743062.23600000
2024-12-26 21:00:00,336.08000000,341.59000000,330.37000000,337.59000000,19991530.68200000
2024-12-27 01:00:00,337.59000000,350.43000000,334.49000000,342.93000000,32717652.85700000
2024-12-27 05:00:00,342.93000000,346.43000000,332.75000000,335.67000000,23129877.55100000
2024-12-27 09:00:00,335.67000000,351.98000000,335.64000000,342.90000000,40187461.49500000
2024-12-27 13:00:00,342.90000000,343.13000000,320.87000000,325.67000000,39926647.42800000
2024-12-27 17:00:00,325.67000000,330.35000000,320.30000000,326.76000000,28859665.66900000
2024-12-27 21:00:00,326.76000000,326.90000000,321.81000000,323.84000000,18479699.11600000
2024-12-28 01:00:00,323.84000000,328.29000000,321.16000000,324.03000000,20947467.57100000
2024-12-28 05:00:00,324.03000000,325.25000000,319.38000000,324.65000000,9924159.01000000
2024-12-28 09:00:00,324.65000000,330.97000000,322.07000000,330.54000000,14355481.18100000
2024-12-28 13:00:00,330.54000000,339.65000000,329.50000000,331.11000000,33220994.47800000
2024-12-28 17:00:00,331.11000000,344.85000000,330.63000000,343.07000000,19555379.43600000
2024-12-28 21:00:00,343.07000000,362.18000000,343.17000000,354.35000000,37523325.78400000
2024-12-29 01:00:00,354.35000000,355.73000000,342.14000000,343.24000000,23504489.47900000
2024-12-29 05:00:00,343.24000000,347.35000000,337.28000000,340.56000000,19138809.26500000
2024-12-29 09:00:00,340.56000000,341.70000000,337.35000000,340.04000000,11813485.27200000
2024-12-29 13:00:00,340.04000000,341.70000000,333.73000000,333.73000000,18245164.28800000
2024-12-29 17:00:00,333.73000000,334.28000000,329.28000000,330.41000000,16173609.36800000
2024-12-29 21:00:00,330.41000000,333.40000000,326.35000000,332.53000000,14779943.16800000
2024-12-30 01:00:00,332.53000000,344.61000000,332.26000000,336.85000000,24364247.38800000
2024-12-30 05:00:00,336.85000000,341.44000000,333.71000000,338.51000000,17041689.70200000
2024-12-30 09:00:00,338.51000000,341.49000000,331.89000000,340.49000000,16104811.62900000
2024-12-30 13:00:00,340.49000000,340.76000000,321.34000000,327.36000000,36202564.02000000
2024-12-30 17:00:00,327.36000000,336.00000000,325.79000000,329.22000000,33088398.42100000
2024-12-30 21:00:00,329.22000000,334.77000000,318.93000000,321.91000000,24630000.89200000
2024-12-31 01:00:00,321.91000000,321.99000000,310.59000000,313.69000000,26497750.85300000
2024-12-31 05:00:00,313.69000000,315.07000000,308.17000000,310.93000000,15874083.96600000
2024-12-31 09:00:00,310.93000000,320.19000000,310.45000000,312.30000000,21929980.66300000
2024-12-31 13:00:00,312.30000000,328.20000000,312.00000000,318.07000000,37423729.04400000
2024-12-31 17:00:00,318.07000000,318.69000000,305.94000000,309.38000000,23537932.68800000
2024-12-31 21:00:00,309.38000000,311.59000000,307.42000000,308.66000000,9690466.71100000
2025-01-01 01:00:00,308.66000000,316.92000000,308.66000000,312.22000000,12811227.10600000
2025-01-01 05:00:00,312.22000000,315.37000000,308.52000000,313.32000000,11657926.94400000
2025-01-01 09:00:00,313.32000000,314.72000000,306.58000000,309.85000000,20042909.05300000
2025-01-01 13:00:00,309.85000000,319.52000000,308.66000000,318.91000000,18543766.68400000
2025-01-01 17:00:00,318.91000000,320.46000000,311.24000000,318.64000000,18536800.85800000
2025-01-01 21:00:00,318.64000000,322.94000000,317.22000000,319.74000000,13363566.47900000
2025-01-02 01:00:00,319.74000000,330.39000000,318.69000000,322.85000000,22762640.34500000
2025-01-02 05:00:00,322.85000000,336.27000000,322.15000000,333.75000000,21611663.83200000
2025-01-02 09:00:00,333.75000000,337.64000000,330.01000000,333.68000000,19225855.52100000
2025-01-02 13:00:00,333.68000000,339.73000000,330.69000000,331.15000000,28395695.94300000
2025-01-02 17:00:00,331.15000000,339.82000000,329.17000000,335.29000000,22343594.39000000
2025-01-02 21:00:00,335.29000000,336.94000000,329.05000000,333.44000000,10416987.67000000
2025-01-03 01:00:00,333.44000000,334.83000000,326.12000000,327.77000000,19240046.50700000
2025-01-03 05:00:00,327.77000000,328.13000000,318.77000000,319.00000000,13178960.57800000
2025-01-03 09:00:00,319.00000000,329.75000000,317.08000000,329.61000000,20004007.33500000
2025-01-03 13:00:00,329.61000000,348.84000000,328.44000000,347.08000000,48374616.75700000
2025-01-03 17:00:00,347.08000000,356.31000000,347.08000000,352.90000000,29901012.80000000
2025-01-03 21:00:00,352.90000000,353.12000000,349.06000000,350.83000000,9765159.10200000
2025-01-04 01:00:00,350.83000000,351.38000000,340.75000000,341.84000000,17234864.80300000
2025-01-04 05:00:00,341.84000000,345.94000000,339.23000000,344.27000000,12193705.31900000
2025-01-04 09:00:00,344.27000000,344.76000000,339.01000000,342.12000000,10411953.07500000
2025-01-04 13:00:00,342.12000000,361.33000000,341.87000000,348.25000000,53483462.46900000
2025-01-04 17:00:00,348.25000000,356.94000000,348.25000000,355.67000000,20045122.91800000
2025-01-04 21:00:00,355.67000000,358.36000000,351.01000000,351.57000000,10371704.43400000
2025-01-05 01:00:00,351.57000000,352.63000000,343.48000000,347.53000000,13507807.94600000
2025-01-05 05:00:00,347.53000000,352.13000000,345.43000000,346.31000000,10288406.01000000
2025-01-05 09:00:00,346.31000000,347.21000000,342.51000000,344.87000000,13647620.47300000
2025-01-05 13:00:00,344.87000000,346.91000000,340.46000000,342.14000000,13104043.50600000
2025-01-05 17:00:00,342.14000000,344.90000000,339.30000000,341.88000000,12763029.09800000
2025-01-05 21:00:00,341.88000000,344.27000000,339.64000000,341.63000000,8353332.45500000
2025-01-06 01:00:00,341.63000000,346.64000000,335.77000000,345.99000000,19316189.47300000
2025-01-06 05:00:00,345.99000000,349.15000000,339.89000000,340.12000000,13854994.49200000
2025-01-06 09:00:00,340.12000000,343.24000000,336.18000000,343.09000000,17438453.79400000
2025-01-06 13:00:00,343.09000000,350.85000000,338.92000000,348.88000000,29562798.77700000
2025-01-06 17:00:00,348.88000000,355.27000000,340.70000000,346.16000000,22043541.87300000
2025-01-06 21:00:00,346.16000000,346.49000000,337.45000000,341.43000000,12413294.57100000
2025-01-07 01:00:00,341.43000000,343.26000000,336.64000000,339.18000000,13681208.23500000
2025-01-07 05:00:00,339.18000000,340.31000000,336.83000000,337.45000000,7341400.61100000
2025-01-07 09:00:00,337.45000000,339.57000000,330.28000000,333.24000000,16753315.78400000
2025-01-07 13:00:00,333.24000000,334.68000000,310.94000000,315.69000000,49337716.94200000
2025-01-07 17:00:00,315.69000000,318.23000000,306.91000000,308.23000000,24928907.37800000
2025-01-07 21:00:00,308.23000000,311.79000000,305.37000000,306.74000000,15536203.03700000
2025-01-08 01:00:00,306.74000000,312.37000000,301.09000000,302.37000000,20632469.75700000
2025-01-08 05:00:00,302.37000000,304.13000000,291.82000000,298.47000000,24113273.43200000
2025-01-08 09:00:00,298.47000000,302.21000000,294.17000000,295.55000000,15321264.22900000
2025-01-08 13:00:00,295.55000000,298.86000000,291.71000000,293.61000000,18455065.08000000
2025-01-08 17:00:00,293.61000000,295.53000000,275.60000000,292.46000000,66518072.30800000
2025-01-08 21:00:00,292.46000000,295.39000000,286.78000000,293.17000000,15171573.53300000
2025-01-09 01:00:00,293.17000000,299.63000000,290.71000000,291.28000000,16656226.74600000
2025-01-09 05:00:00,291.28000000,292.32000000,282.27000000,282.92000000,13424032.66500000
2025-01-09 09:00:00,282.92000000,288.10000000,282.11000000,284.29000000,13405967.80400000
2025-01-09 13:00:00,284.29000000,290.77000000,273.50000000,287.91000000,28937728.83800000
2025-01-09 17:00:00,287.91000000,292.32000000,276.70000000,277.40000000,24821011.94000000
2025-01-09 21:00:00,277.40000000,284.27000000,273.19000000,281.01000000,18252933.28700000
2025-01-10 01:00:00,281.01000000,288.83000000,280.91000000,288.08000000,14265888.09200000
2025-01-10 05:00:00,288.08000000,300.77000000,284.35000000,297.41000000,21343236.89500000
2025-01-10 09:00:00,297.41000000,298.22000000,289.03000000,290.83000000,15199323.66100000
2025-01-10 13:00:00,290.83000000,291.64000000,277.01000000,281.38000000,44405863.63000000
2025-01-10 17:00:00,281.38000000,290.44000000,278.06000000,287.13000000,20988512.17600000
2025-01-10 21:00:00,287.13000000,287.91000000,283.72000000,285.61000000,7341881.59400000
2025-01-11 01:00:00,285.61000000,287.22000000,280.62000000,281.20000000,7376758.73000000
2025-01-11 05:00:00,281.20000000,284.93000000,279.95000000,282.46000000,7158552.82900000
2025-01-11 09:00:00,282.46000000,288.51000000,280.23000000,287.67000000,7270415.73800000
2025-01-11 13:00:00,287.67000000,288.26000000,283.24000000,286.79000000,7401389.04400000
2025-01-11 17:00:00,286.79000000,288.35000000,283.59000000,285.64000000,6457570.15000000
2025-01-11 21:00:00,285.64000000,293.69000000,285.04000000,287.12000000,13393063.85700000
2025-01-12 01:00:00,287.12000000,289.67000000,285.70000000,288.17000000,5857866.51800000
2025-01-12 05:00:00,288.17000000,291.58000000,286.47000000,289.98000000,6879703.11600000
2025-01-12 09:00:00,289.98000000,291.49000000,284.58000000,291.13000000,11626273.28000000
2025-01-12 13:00:00,291.13000000,295.95000000,288.66000000,292.82000000,14325333.71300000
2025-01-12 17:00:00,292.82000000,295.13000000,290.65000000,291.50000000,5915146.56200000
2025-01-12 21:00:00,291.50000000,292.36000000,284.69000000,287.75000000,8529508.29300000
2025-01-13 01:00:00,287.75000000,296.80000000,277.51000000,278.34000000,24395502.10000000
2025-01-13 05:00:00,278.34000000,283.00000000,270.43000000,273.73000000,18278612.03900000
2025-01-13 09:00:00,273.73000000,274.49000000,256.41000000,256.56000000,32721268.91400000
2025-01-13 13:00:00,256.56000000,276.54000000,256.24000000,273.66000000,57003359.46900000
2025-01-13 17:00:00,273.66000000,274.99000000,263.54000000,267.98000000,22711627.98000000
2025-01-13 21:00:00,267.98000000,295.91000000,265.77000000,289.36000000,43670590.61100000
2025-01-14 01:00:00,289.36000000,296.33000000,285.60000000,291.06000000,19363225.70500000
2025-01-14 05:00:00,291.06000000,293.12000000,285.38000000,285.56000000,13412729.96900000
2025-01-14 09:00:00,285.56000000,299.78000000,285.34000000,290.55000000,25717496.14400000
2025-01-14 13:00:00,290.55000000,295.98000000,286.21000000,291.04000000,24011525.81500000
2025-01-14 17:00:00,291.04000000,294.70000000,288.35000000,292.70000000,13378898.40100000
2025-01-14 21:00:00,292.70000000,301.40000000,290.44000000,295.36000000,14631984.72500000
2025-01-15 01:00:00,295.36000000,299.16000000,292.06000000,295.43000000,16268989.44600000
2025-01-15 05:00:00,295.43000000,297.72000000,291.49000000,294.48000000,11101227.61600000
2025-01-15 09:00:00,294.48000000,295.50000000,285.66000000,287.82000000,18439528.43800000
2025-01-15 13:00:00,287.82000000,317.61000000,285.90000000,314.30000000,56520353.74300000
2025-01-15 17:00:00,314.30000000,323.17000000,310.95000000,322.08000000,25850011.31500000
2025-01-15 21:00:00,322.08000000,323.78000000,315.70000000,319.74000000,15354032.86800000
2025-01-16 01:00:00,319.74000000,321.33000000,309.70000000,310.64000000,15886843.64600000
2025-01-16 05:00:00,310.64000000,314.00000000,310.54000000,312.59000000,8872824.85600000
2025-01-16 09:00:00,312.59000000,313.52000000,304.94000000,312.93000000,19962909.03800000
2025-01-16 13:00:00,312.93000000,320.57000000,307.30000000,316.09000000,39621765.50600000
2025-01-16 17:00:00,316.09000000,320.30000000,312.30000000,318.37000000,19198732.65100000
2025-01-16 21:00:00,318.37000000,319.13000000,307.24000000,311.01000000,13440897.51200000
2025-01-17 01:00:00,311.01000000,327.83000000,310.72000000,317.87000000,27190265.95300000
2025-01-17 05:00:00,317.87000000,324.40000000,316.18000000,322.59000000,13040412.73600000
2025-01-17 09:00:00,322.59000000,329.30000000,321.80000000,326.58000000,19652661.54800000
2025-01-17 13:00:00,326.58000000,333.68000000,323.15000000,327.17000000,27057187.75700000
2025-01-17 17:00:00,327.17000000,330.17000000,323.15000000,326.50000000,14020934.09500000
2025-01-17 21:00:00,326.50000000,336.40000000,325.95000000,334.95000000,18142750.66700000
2025-01-18 01:00:00,334.95000000,341.86000000,323.44000000,325.53000000,26618420.06100000
2025-01-18 05:00:00,325.53000000,327.00000000,311.81000000,313.21000000,36908966.30300000
2025-01-18 09:00:00,313.21000000,316.26000000,306.05000000,315.36000000,25648725.09800000
2025-01-18 13:00:00,315.36000000,320.04000000,310.63000000,317.12000000,21469512.96400000
2025-01-18 17:00:00,317.12000000,319.05000000,308.08000000,315.30000000,21730902.85700000
2025-01-18 21:00:00,315.30000000,318.83000000,309.48000000,315.36000000,9773772.89700000
2025-01-19 01:00:00,315.36000000,326.25000000,313.39000000,317.25000000,20492435.91200000
2025-01-19 05:00:00,317.25000000,317.38000000,305.48000000,308.75000000,17248183.40100000
2025-01-19 09:00:00,308.75000000,309.14000000,292.50000000,294.46000000,43539073.95200000
2025-01-19 13:00:00,294.46000000,339.64000000,294.12000000,330.85000000,76018771.51400000
2025-01-19 17:00:00,330.85000000,348.12000000,330.75000000,341.29000000,41654668.12100000
2025-01-19 21:00:00,341.29000000,346.01000000,302.68000000,309.24000000,82857766.35100000
2025-01-20 01:00:00,309.24000000,317.20000000,296.42000000,312.02000000,66164001.73900000
2025-01-20 05:00:00,312.02000000,361.32000000,309.29000000,354.36000000,89911834.63699999
2025-01-20 09:00:00,354.36000000,365.37000000,342.45000000,343.46000000,67731798.53100000
2025-01-20 13:00:00,343.46000000,356.43000000,329.31000000,347.11000000,108103154.45700000
2025-01-20 17:00:00,347.11000000,364.51000000,319.41000000,355.41000000,146843753.72499999
2025-01-20 21:00:00,355.41000000,356.15000000,335.34000000,337.41000000,44401563.25700000
2025-01-21 01:00:00,337.41000000,349.86000000,326.82000000,345.84000000,64090073.48400000
2025-01-21 05:00:00,345.84000000,346.09000000,332.79000000,341.51000000,41355140.84800000
2025-01-21 09:00:00,341.51000000,369.91000000,338.17000000,362.48000000,92045293.23899999
2025-01-21 13:00:00,362.48000000,371.60000000,355.00000000,357.49000000,78385939.83700000
2025-01-21 17:00:00,357.49000000,378.21000000,355.89000000,371.64000000,57872246.93200000
2025-01-21 21:00:00,371.64000000,378.38000000,365.14000000,370.70000000,43637066.81200000
2025-01-22 01:00:00,370.70000000,372.35000000,359.91000000,364.78000000,36341477.45700000
2025-01-22 05:00:00,364.78000000,366.23000000,356.28000000,356.94000000,18694808.24800000
2025-01-22 09:00:00,356.94000000,365.71000000,353.85000000,360.16000000,30136687.55700000
2025-01-22 13:00:00,360.16000000,360.65000000,351.38000000,353.14000000,28915786.88000000
2025-01-22 17:00:00,353.14000000,354.51000000,348.54000000,349.70000000,21643429.16200000
2025-01-22 21:00:00,349.70000000,354.64000000,345.35000000,346.61000000,19783930.88000000
2025-01-23 01:00:00,346.61000000,350.36000000,335.13000000,336.40000000,26903294.57100000
2025-01-23 05:00:00,336.40000000,338.56000000,331.37000000,338.03000000,23303156.65000000
2025-01-23 09:00:00,338.03000000,339.14000000,330.87000000,334.41000000,19259702.78300000
2025-01-23 13:00:00,334.41000000,346.45000000,330.10000000,337.17000000,43305116.33200000
2025-01-23 17:00:00,337.17000000,345.35000000,328.06000000,328.93000000,29662163.03400000
2025-01-23 21:00:00,328.93000000,342.78000000,324.09000000,337.19000000,43962916.61500000
2025-01-24 01:00:00,337.19000000,340.86000000,327.86000000,334.75000000,19604055.03500000
2025-01-24 05:00:00,334.75000000,354.60000000,330.79000000,348.16000000,34586097.23600000
2025-01-24 09:00:00,348.16000000,352.30000000,345.71000000,351.33000000,18551799.86800000
2025-01-24 13:00:00,351.33000000,357.42000000,344.89000000,348.54000000,29289223.01500000
2025-01-24 17:00:00,348.54000000,354.87000000,348.00000000,350.93000000,17806019.59600000
2025-01-24 21:00:00,350.93000000,350.90000000,332.96000000,334.80000000,23632498.48900000
2025-01-25 01:00:00,334.80000000,338.31000000,330.48000000,337.76000000,16664327.70900000
2025-01-25 05:00:00,337.76000000,337.80000000,330.70000000,331.00000000,10286622.96700000
2025-01-25 09:00:00,331.00000000,334.50000000,328.70000000,333.63000000,9950402.63600000
2025-01-25 13:00:00,333.63000000,337.43000000,329.44000000,334.69000000,12641259.64800000
2025-01-25 17:00:00,334.69000000,336.54000000,326.75000000,328.51000000,21288419.47700000
2025-01-25 21:00:00,328.51000000,331.60000000,325.65000000,326.25000000,8362546.03800000
2025-01-26 01:00:00,326.25000000,331.98000000,324.52000000,329.92000000,12042869.38200000
2025-01-26 05:00:00,329.92000000,336.16000000,328.67000000,329.78000000,11847234.39400000
2025-01-26 09:00:00,329.78000000,331.62000000,324.14000000,328.55000000,14398677.25400000
2025-01-26 13:00:00,328.55000000,329.78000000,324.91000000,329.27000000,8682322.00100000
2025-01-26 17:00:00,329.27000000,334.27000000,328.03000000,333.99000000,10443051.49800000
2025-01-26 21:00:00,333.99000000,334.30000000,315.63000000,316.36000000,22096078.05100000
2025-01-27 01:00:00,316.36000000,320.26000000,301.59000000,305.54000000,32953805.74600000
2025-01-27 05:00:00,305.54000000,305.43000000,287.96000000,296.82000000,40025372.80600000
2025-01-27 09:00:00,296.82000000,297.62000000,289.57000000,293.68000000,19128967.89600000
2025-01-27 13:00:00,293.68000000,305.30000000,292.15000000,301.29000000,29397757.22500000
2025-01-27 17:00:00,301.29000000,306.58000000,291.59000000,294.26000000,29674611.53200000
2025-01-27 21:00:00,294.26000000,310.46000000,294.28000000,304.89000000,22233988.80900000
2025-01-28 01:00:00,304.89000000,307.62000000,297.91000000,302.76000000,13674157.48200000
2025-01-28 05:00:00,302.76000000,306.77000000,299.39000000,301.91000000,11954151.56800000
2025-01-28 09:00:00,301.91000000,302.54000000,297.25000000,298.71000000,15920431.90600000
2025-01-28 13:00:00,298.71000000,300.50000000,293.51000000,297.86000000,22489259.47300000
2025-01-28 17:00:00,297.86000000,298.03000000,287.33000000,291.13000000,32520202.49400000
2025-01-28 21:00:00,291.13000000,292.33000000,280.62000000,283.96000000,21708760.18500000
2025-01-29 01:00:00,283.96000000,291.97000000,282.33000000,291.40000000,14410922.34400000
2025-01-29 05:00:00,291.40000000,300.50000000,290.40000000,300.31000000,20297535.08500000
2025-01-29 09:00:00,300.31000000,300.95000000,293.65000000,295.91000000,16112893.55400000
2025-01-29 13:00:00,295.91000000,297.18000000,286.85000000,289.51000000,20119579.17300000
2025-01-29 17:00:00,289.51000000,298.49000000,283.26000000,294.46000000,26759437.38600000
2025-01-29 21:00:00,294.46000000,301.78000000,289.84000000,290.76000000,26290561.87100000
2025-01-30 01:00:00,290.76000000,300.36000000,286.69000000,300.21000000,18252872.84400000
2025-01-30 05:00:00,300.21000000,306.10000000,298.29000000,302.88000000,14705707.98200000
2025-01-30 09:00:00,302.88000000,311.87000000,300.27000000,310.64000000,17511065.12500000
2025-01-30 13:00:00,310.64000000,318.78000000,305.38000000,315.86000000,33053335.08400000
2025-01-30 17:00:00,315.86000000,320.52000000,313.08000000,320.11000000,13227523.87400000
2025-01-30 21:00:00,320.11000000,322.06000000,314.06000000,315.35000000,12517905.77700000
2025-01-31 01:00:00,315.35000000,320.66000000,313.32000000,315.92000000,12756427.51200000
2025-01-31 05:00:00,315.92000000,325.30000000,312.35000000,319.56000000,18414809.60800000
2025-01-31 09:00:00,319.56000000,327.46000000,315.19000000,325.65000000,19078971.48700000
2025-01-31 13:00:00,325.65000000,342.72000000,323.30000000,338.21000000,40182047.50100000
2025-01-31 17:00:00,338.21000000,349.10000000,330.71000000,338.03000000,127971709.07099999
2025-01-31 21:00:00,338.03000000,339.99000000,330.04000000,332.63000000,18575845.54600000
2025-02-01 01:00:00,332.63000000,333.47000000,325.10000000,325.99000000,13182217.93100000
2025-02-01 05:00:00,325.99000000,328.19000000,321.59000000,322.46000000,12710682.35400000
2025-02-01 09:00:00,322.46000000,322.98000000,308.37000000,314.88000000,30012119.53600000
2025-02-01 13:00:00,314.88000000,318.41000000,311.13000000,314.84000000,13836226.16400000
2025-02-01 17:00:00,314.84000000,318.50000000,305.97000000,306.12000000,16872573.96400000
2025-02-01 21:00:00,306.12000000,309.58000000,294.92000000,295.94000000,24972841.76900000
2025-02-02 01:00:00,295.94000000,304.48000000,287.40000000,288.53000000,24382026.92600000
2025-02-02 05:00:00,288.53000000,296.87000000,287.70000000,291.21000000,14107257.91500000
2025-02-02 09:00:00,291.21000000,295.70000000,284.00000000,284.34000000,16409540.77400000
2025-02-02 13:00:00,284.34000000,289.23000000,282.07000000,285.04000000,19031787.03000000
2025-02-02 17:00:00,285.04000000,285.21000000,257.90000000,268.52000000,53261472.98900000
2025-02-02 21:00:00,268.52000000,271.89000000,245.38000000,258.21000000,40384844.65300000
2025-02-03 01:00:00,258.21000000,258.26000000,191.99000000,229.59000000,122115079.61499999
2025-02-03 05:00:00,229.59000000,246.02000000,220.78000000,244.96000000,41787825.24900000
2025-02-03 09:00:00,244.96000000,244.99000000,233.91000000,238.73000000,28252344.91200000
2025-02-03 13:00:00,238.73000000,263.71000000,228.80000000,260.73000000,54258269.19900000
2025-02-03 17:00:00,260.73000000,278.11000000,254.14000000,276.03000000,42480513.80600000
2025-02-03 21:00:00,276.03000000,284.78000000,263.68000000,276.30000000,38201491.63700000
2025-02-04 01:00:00,276.30000000,278.18000000,265.26000000,268.08000000,17170281.51300000
2025-02-04 05:00:00,268.08000000,270.97000000,249.00000000,250.54000000,33202842.41100000
2025-02-04 09:00:00,250.54000000,264.78000000,249.23000000,260.07000000,22571323.80300000
2025-02-04 13:00:00,260.07000000,272.15000000,259.84000000,265.10000000,43453911.78200000
2025-02-04 17:00:00,265.10000000,274.56000000,261.96000000,262.01000000,23276695.37400000
2025-02-04 21:00:00,262.01000000,273.84000000,251.86000000,271.95000000,47396895.11700000
2025-02-05 01:00:00,271.95000000,274.43000000,264.67000000,265.95000000,17590516.37700000
2025-02-05 05:00:00,265.95000000,276.29000000,264.41000000,274.36000000,16565974.31000000
2025-02-05 09:00:00,274.36000000,283.13000000,270.20000000,279.23000000,19298066.47200000
2025-02-05 13:00:00,279.23000000,280.10000000,266.67000000,269.34000000,24104364.60300000
2025-02-05 17:00:00,269.34000000,270.39000000,258.48000000,261.77000000,25660363.52400000
2025-02-05 21:00:00,261.77000000,262.65000000,255.87000000,259.62000000,13378161.32800000
2025-02-06 01:00:00,259.62000000,264.18000000,256.55000000,262.44000000,11015079.51700000
2025-02-06 05:00:00,262.44000000,266.67000000,261.23000000,262.89000000,9987395.39200000
2025-02-06 09:00:00,262.89000000,266.50000000,259.29000000,262.43000000,14661309.16700000
2025-02-06 13:00:00,262.43000000,263.00000000,246.55000000,247.58000000,28250261.57700000
2025-02-06 17:00:00,247.58000000,250.42000000,241.22000000,242.38000000,20753515.14800000
2025-02-06 21:00:00,242.38000000,247.62000000,239.12000000,241.34000000,11890748.25700000
2025-02-07 01:00:00,241.34000000,248.53000000,240.36000000,246.03000000,13717890.77100000
2025-02-07 05:00:00,246.03000000,247.73000000,238.10000000,242.76000000,11704143.48000000
2025-02-07 09:00:00,242.76000000,254.35000000,241.44000000,254.11000000,13519513.36100000
2025-02-07 13:00:00,254.11000000,261.96000000,248.58000000,250.18000000,33681213.01500000
2025-02-07 17:00:00,250.18000000,251.03000000,241.89000000,243.35000000,19035643.74800000
2025-02-07 21:00:00,243.35000000,243.59000000,230.96000000,237.93000000,22151088.17300000
2025-02-08 01:00:00,237.93000000,241.76000000,235.81000000,236.55000000,11839136.46100000
2025-02-08 05:00:00,236.55000000,237.87000000,232.81000000,236.12000000,8696652.43500000
2025-02-08 09:00:00,236.12000000,236.80000000,231.57000000,233.63000000,10133192.11900000
2025-02-08 13:00:00,233.63000000,236.62000000,230.93000000,232.35000000,12605554.95100000
2025-02-08 17:00:00,232.35000000,240.80000000,231.25000000,240.46000000,13756306.96600000
2025-02-08 21:00:00,240.46000000,241.14000000,236.52000000,238.66000000,7371780.37200000
2025-02-09 01:00:00,238.66000000,252.59000000,238.02000000,251.26000000,16132372.23700000
2025-02-09 05:00:00,251.26000000,251.23000000,244.11000000,246.72000000,12893565.72600000
2025-02-09 09:00:00,246.72000000,249.89000000,243.55000000,243.70000000,10204222.23100000
2025-02-09 13:00:00,243.70000000,246.45000000,238.02000000,244.96000000,15735246.02500000
2025-02-09 17:00:00,244.96000000,247.63000000,239.82000000,240.09000000,9387321.46700000
2025-02-09 21:00:00,240.09000000,243.76000000,229.64000000,241.14000000,21285319.10900000
2025-02-10 01:00:00,241.14000000,246.93000000,234.29000000,242.49000000,21859772.27700000
2025-02-10 05:00:00,242.49000000,249.51000000,240.32000000,246.62000000,13546048.42500000
2025-02-10 09:00:00,246.62000000,252.51000000,246.40000000,248.56000000,16500642.63300000
2025-02-10 13:00:00,248.56000000,255.68000000,245.86000000,248.51000000,15611838.07200000
2025-02-10 17:00:00,248.51000000,256.65000000,247.70000000,254.13000000,13912774.07000000
2025-02-10 21:00:00,254.13000000,257.77000000,248.90000000,252.50000000,10729072.60900000
2025-02-11 01:00:00,252.50000000,260.67000000,252.35000000,258.02000000,13251801.53300000
2025-02-11 05:00:00,258.02000000,262.50000000,257.31000000,260.12000000,11844254.62000000
2025-02-11 09:00:00,260.12000000,261.47000000,257.14000000,258.09000000,13506663.99800000
2025-02-11 13:00:00,258.09000000,258.51000000,247.29000000,250.52000000,20567146.12500000
2025-02-11 17:00:00,250.52000000,251.35000000,241.83000000,243.05000000,12289331.85300000
2025-02-11 21:00:00,243.05000000,248.00000000,242.22000000,243.59000000,8713632.84100000
2025-02-12 01:00:00,243.59000000,245.50000000,239.45000000,240.87000000,8883474.17900000
2025-02-12 05:00:00,240.87000000,244.58000000,239.24000000,243.80000000,8069630.73800000
2025-02-12 09:00:00,243.80000000,246.37000000,242.00000000,243.84000000,8315529.76000000
2025-02-12 13:00:00,243.84000000,247.89000000,231.60000000,239.90000000,33677859.77200000
2025-02-12 17:00:00,239.90000000,249.73000000,236.96000000,248.26000000,15847492.06200000
2025-02-12 21:00:00,248.26000000,260.97000000,246.91000000,252.64000000,13369476.24900000
2025-02-13 01:00:00,252.64000000,255.25000000,250.10000000,254.43000000,7978474.33800000
2025-02-13 05:00:00,254.43000000,254.92000000,247.92000000,248.25000000,8600745.45500000
2025-02-13 09:00:00,248.25000000,257.99000000,246.31000000,252.11000000,19842220.21400000
2025-02-13 13:00:00,252.11000000,253.84000000,247.24000000,251.47000000,18312260.56800000
2025-02-13 17:00:00,251.47000000,254.67000000,247.20000000,250.84000000,11529718.72800000
2025-02-13 21:00:00,250.84000000,257.40000000,250.87000000,256.25000000,15682206.56100000
2025-02-14 01:00:00,256.25000000,260.25000000,252.92000000,260.03000000,8406687.83700000
2025-02-14 05:00:00,260.03000000,260.18000000,255.21000000,257.84000000,6350832.50600000
2025-02-14 09:00:00,257.84000000,263.52000000,257.45000000,258.83000000,15333234.71300000
2025-02-14 13:00:00,258.83000000,264.93000000,257.46000000,263.28000000,12353077.05000000
2025-02-14 17:00:00,263.28000000,269.94000000,260.61000000,264.41000000,14089576.98900000
2025-02-14 21:00:00,264.41000000,266.54000000,259.86000000,262.44000000,9862686.16700000
2025-02-15 01:00:00,262.44000000,263.53000000,258.77000000,262.08000000,6513247.33000000
2025-02-15 05:00:00,262.08000000,262.99000000,257.24000000,258.15000000,6027509.28700000
2025-02-15 09:00:00,258.15000000,259.05000000,255.36000000,256.56000000,5157902.40000000
2025-02-15 13:00:00,256.56000000,257.87000000,252.31000000,254.39000000,8042626.82500000
2025-02-15 17:00:00,254.39000000,255.29000000,251.23000000,251.94000000,5330152.32200000
2025-02-15 21:00:00,251.94000000,253.79000000,249.54000000,253.24000000,4118873.91700000
2025-02-16 01:00:00,253.24000000,254.42000000,250.31000000,252.24000000,4214069.80300000
2025-02-16 05:00:00,252.24000000,254.26000000,249.86000000,250.75000000,5311045.53700000
2025-02-16 09:00:00,250.75000000,256.17000000,249.81000000,256.11000000,6551736.61700000
2025-02-16 13:00:00,256.11000000,258.09000000,251.60000000,255.49000000,11066928.33700000
2025-02-16 17:00:00,255.49000000,258.85000000,251.44000000,255.91000000,12329189.40100000
2025-02-16 21:00:00,255.91000000,257.78000000,252.72000000,253.74000000,9398019.00100000
2025-02-17 01:00:00,253.74000000,260.18000000,253.63000000,256.69000000,11826175.75700000
2025-02-17 05:00:00,256.69000000,262.36000000,249.37000000,257.49000000,22544768.21000000
2025-02-17 09:00:00,257.49000000,274.50000000,256.38000000,267.82000000,38262001.05100000
2025-02-17 13:00:00,267.82000000,278.47000000,267.19000000,268.05000000,30169615.14600000
2025-02-17 17:00:00,268.05000000,270.43000000,259.72000000,260.97000000,21641244.30700000
2025-02-17 21:00:00,260.97000000,269.38000000,260.43000000,264.39000000,13899961.11100000
2025-02-18 01:00:00,264.39000000,266.01000000,257.93000000,259.31000000,10673621.88000000
2025-02-18 05:00:00,259.31000000,259.70000000,250.42000000,252.25000000,16772158.68700000
2025-02-18 09:00:00,252.25000000,258.81000000,249.12000000,255.79000000,16513787.79300000
2025-02-18 13:00:00,255.79000000,260.57000000,248.03000000,249.86000000,19781057.78300000
2025-02-18 17:00:00,249.86000000,252.10000000,241.55000000,244.03000000,21835407.30100000
2025-02-18 21:00:00,244.03000000,251.77000000,241.76000000,249.41000000,15324406.76100000
2025-02-19 01:00:00,249.41000000,254.24000000,246.72000000,251.54000000,9702991.42200000
2025-02-19 05:00:00,251.54000000,255.21000000,246.57000000,254.19000000,10455521.31000000
2025-02-19 09:00:00,254.19000000,258.22000000,252.01000000,256.40000000,9327699.93700000
2025-02-19 13:00:00,256.40000000,257.70000000,249.84000000,252.26000000,10553412.09500000
2025-02-19 17:00:00,252.26000000,255.70000000,249.64000000,251.68000000,12876313.95900000
2025-02-19 21:00:00,251.68000000,256.39000000,250.04000000,252.87000000,12903721.33200000
2025-02-20 01:00:00,252.87000000,257.51000000,250.91000000,255.44000000,10980825.08300000
2025-02-20 05:00:00,255.44000000,258.50000000,253.53000000,254.27000000,6901165.61200000
2025-02-20 09:00:00,254.27000000,259.42000000,253.79000000,258.84000000,10359506.85600000
2025-02-20 13:00:00,258.84000000,262.70000000,253.39000000,253.76000000,14019440.16400000
2025-02-20 17:00:00,253.76000000,263.12000000,253.29000000,261.60000000,12591679.74200000
2025-02-20 21:00:00,261.60000000,263.33000000,259.45000000,261.13000000,7189473.08700000
2025-02-21 01:00:00,261.13000000,262.51000000,258.32000000,261.22000000,6049975.13600000
2025-02-21 05:00:00,261.22000000,264.08000000,259.98000000,260.73000000,9171940.08700000
2025-02-21 09:00:00,260.73000000,267.99000000,259.33000000,263.82000000,11274400.98100000
2025-02-21 13:00:00,263.82000000,268.96000000,251.29000000,255.05000000,22831372.34800000
2025-02-21 17:00:00,255.05000000,258.83000000,239.26000000,240.61000000,30823790.25200000
2025-02-21 21:00:00,240.61000000,244.26000000,238.34000000,242.55000000,14205136.32400000
2025-02-22 01:00:00,242.55000000,246.38000000,238.80000000,240.74000000,11162915.86700000
2025-02-22 05:00:00,240.74000000,245.85000000,240.15000000,243.66000000,7848502.78200000
2025-02-22 09:00:00,243.66000000,246.70000000,241.54000000,245.10000000,9827701.21000000
2025-02-22 13:00:00,245.10000000,248.74000000,243.68000000,248.68000000,7226656.37400000
2025-02-22 17:00:00,248.68000000,251.46000000,247.50000000,247.86000000,8604407.06200000
2025-02-22 21:00:00,247.86000000,249.28000000,246.73000000,246.98000000,4003288.15400000
2025-02-23 01:00:00,246.98000000,248.98000000,245.11000000,246.19000000,5503594.83100000
2025-02-23 05:00:00,246.19000000,253.94000000,244.99000000,253.77000000,6769904.31200000
2025-02-23 09:00:00,253.77000000,254.14000000,246.87000000,247.72000000,7448319.00900000
2025-02-23 13:00:00,247.72000000,248.78000000,243.20000000,243.61000000,9724482.98000000
2025-02-23 17:00:00,243.61000000,247.79000000,243.59000000,245.29000000,4372748.75000000
2025-02-23 21:00:00,245.29000000,248.79000000,243.80000000,247.50000000,4146701.16200000
2025-02-24 01:00:00,247.50000000,249.18000000,237.60000000,238.50000000,9299274.96900000
2025-02-24 05:00:00,238.50000000,240.09000000,234.43000000,237.56000000,9651928.30100000
2025-02-24 09:00:00,237.56000000,237.67000000,231.66000000,236.14000000,11806104.52900000
2025-02-24 13:00:00,236.14000000,236.66000000,227.44000000,229.89000000,14719895.60100000
2025-02-24 17:00:00,229.89000000,231.66000000,222.43000000,224.32000000,13536544.34600000
2025-02-24 21:00:00,224.32000000,227.50000000,205.22000000,210.63000000,32895867.28600000
2025-02-25 01:00:00,210.63000000,213.46000000,203.62000000,204.41000000,20562429.65500000
2025-02-25 05:00:00,204.41000000,206.28000000,189.54000000,195.36000000,35046926.03700000
2025-02-25 09:00:00,195.36000000,201.57000000,191.51000000,200.61000000,25957373.37200000
2025-02-25 13:00:00,200.61000000,202.19000000,193.29000000,197.25000000,22755244.44700000
2025-02-25 17:00:00,197.25000000,201.33000000,194.21000000,199.27000000,18671807.98700000
2025-02-25 21:00:00,199.27000000,207.64000000,197.73000000,205.02000000,14990788.77100000
2025-02-26 01:00:00,205.02000000,208.82000000,201.63000000,207.08000000,9441055.21600000
2025-02-26 05:00:00,207.08000000,209.08000000,202.84000000,205.02000000,7936715.57500000
2025-02-26 09:00:00,205.02000000,211.50000000,202.98000000,208.96000000,14992179.89500000
2025-02-26 13:00:00,208.96000000,209.61000000,198.54000000,205.84000000,29245735.42800000
2025-02-26 17:00:00,205.84000000,206.99000000,192.80000000,194.87000000,23106375.37700000
2025-02-26 21:00:00,194.87000000,209.59000000,192.02000000,202.54000000,20454365.60900000
2025-02-27 01:00:00,202.54000000,208.16000000,200.89000000,205.29000000,11846562.23100000
2025-02-27 05:00:00,205.29000000,209.20000000,202.03000000,207.34000000,8400163.94500000
2025-02-27 09:00:00,207.34000000,209.99000000,205.33000000,205.83000000,12869564.10100000
2025-02-27 13:00:00,205.83000000,208.24000000,200.50000000,204.41000000,10932472.06000000
2025-02-27 17:00:00,204.41000000,205.60000000,200.40000000,201.30000000,7187615.05100000
2025-02-27 21:00:00,201.30000000,204.18000000,196.54000000,203.85000000,10341651.87300000
2025-02-28 01:00:00,203.85000000,204.42000000,186.34000000,186.77000000,24625655.09200000
2025-02-28 05:00:00,186.77000000,187.54000000,181.20000000,182.12000000,18807357.69200000
2025-02-28 09:00:00,182.12000000,185.40000000,178.10000000,182.87000000,18259314.53300000
2025-02-28 13:00:00,182.87000000,192.50000000,180.65000000,191.20000000,21316449.95300000
2025-02-28 17:00:00,191.20000000,192.80000000,186.50000000,190.63000000,14605121.14600000
2025-02-28 21:00:00,190.63000000,193.19000000,187.82000000,192.11000000,9600356.33800000
2025-03-01 01:00:00,192.11000000,195.31000000,187.88000000,193.77000000,10856780.20700000
2025-03-01 05:00:00,193.77000000,195.64000000,188.67000000,189.97000000,7320721.80700000
2025-03-01 09:00:00,189.97000000,191.97000000,185.02000000,186.25000000,8790348.98100000
2025-03-01 13:00:00,186.25000000,188.10000000,183.41000000,187.64000000,8377923.01900000
2025-03-01 17:00:00,187.64000000,194.84000000,186.50000000,193.86000000,11615597.27500000
2025-03-01 21:00:00,193.86000000,196.94000000,192.31000000,194.94000000,8572821.79900000
2025-03-02 01:00:00,194.94000000,195.53000000,192.53000000,194.19000000,6425552.51100000
2025-03-02 05:00:00,194.19000000,196.26000000,193.32000000,193.94000000,6441025.88700000
2025-03-02 09:00:00,193.94000000,197.19000000,192.75000000,194.56000000,6415248.65800000
2025-03-02 13:00:00,194.56000000,202.59000000,190.01000000,197.82000000,21561460.73800000
2025-03-02 17:00:00,197.82000000,225.71000000,196.93000000,219.90000000,53189163.08800000
2025-03-02 21:00:00,219.90000000,226.89000000,219.34000000,223.38000000,13610492.02100000
2025-03-03 01:00:00,223.38000000,224.34000000,212.52000000,215.37000000,14342108.42500000
2025-03-03 05:00:00,215.37000000,215.96000000,205.44000000,209.66000000,13739683.36500000
2025-03-03 09:00:00,209.66000000,209.75000000,202.68000000,207.45000000,14345457.06100000
2025-03-03 13:00:00,207.45000000,212.36000000,200.93000000,200.98000000,25299460.85600000
2025-03-03 17:00:00,200.98000000,201.70000000,181.01000000,181.59000000,26801646.16500000
2025-03-03 21:00:00,181.59000000,183.94000000,177.65000000,180.81000000,16216211.71500000
2025-03-04 01:00:00,180.81000000,182.65000000,167.43000000,171.81000000,22355447.01200000
2025-03-04 05:00:00,171.81000000,176.93000000,171.49000000,173.86000000,9349911.67700000
2025-03-04 09:00:00,173.86000000,176.90000000,172.76000000,174.75000000,10182228.65100000
2025-03-04 13:00:00,174.75000000,197.86000000,173.43000000,192.81000000,97828421.17299999
2025-03-04 17:00:00,192.81000000,216.76000000,182.43000000,210.33000000,70365595.54300000
2025-03-04 21:00:00,210.33000000,211.88000000,202.71000000,206.54000000,31098709.99900000
2025-03-05 01:00:00,206.54000000,211.03000000,204.24000000,208.24000000,23669297.88700000
2025-03-05 05:00:00,208.24000000,217.64000000,208.19000000,217.46000000,34689210.76800000
2025-03-05 09:00:00,217.46000000,226.11000000,214.92000000,216.84000000,58846582.23500000
2025-03-05 13:00:00,216.84000000,219.51000000,212.48000000,214.42000000,32052376.41700000
2025-03-05 17:00:00,214.42000000,218.07000000,212.03000000,216.08000000,18075919.09800000
2025-03-05 21:00:00,216.08000000,223.96000000,215.23000000,220.72000000,15783049.32900000
2025-03-06 01:00:00,220.72000000,239.50000000,219.45000000,234.20000000,48147058.29700000
2025-03-06 05:00:00,234.20000000,238.91000000,228.15000000,229.31000000,29730725.47900000
2025-03-06 09:00:00,229.31000000,232.22000000,225.92000000,228.17000000,18711845.98100000
2025-03-06 13:00:00,228.17000000,228.32000000,214.63000000,216.44000000,41821041.98400000
2025-03-06 17:00:00,216.44000000,217.65000000,210.17000000,211.73000000,21666051.02300000
2025-03-06 21:00:00,211.73000000,214.93000000,208.10000000,208.40000000,16427591.84900000
2025-03-07 01:00:00,208.40000000,211.98000000,200.20000000,206.03000000,36609804.38500000
2025-03-07 05:00:00,206.03000000,210.75000000,205.63000000,209.84000000,16851527.01000000
2025-03-07 09:00:00,209.84000000,210.00000000,204.82000000,206.80000000,17166474.32700000
2025-03-07 13:00:00,206.80000000,209.88000000,202.26000000,204.62000000,24633069.26400000
2025-03-07 17:00:00,204.62000000,208.63000000,199.37000000,204.04000000,22344237.38600000
2025-03-07 21:00:00,204.04000000,205.39000000,195.18000000,196.56000000,17497983.52400000
2025-03-08 01:00:00,196.56000000,197.64000000,192.59000000,193.81000000,8502173.71800000
2025-03-08 05:00:00,193.81000000,194.45000000,189.17000000,189.29000000,9468726.20100000
2025-03-08 09:00:00,189.29000000,191.72000000,185.07000000,188.01000000,19623413.49500000
2025-03-08 13:00:00,188.01000000,195.40000000,187.22000000,188.82000000,21843688.74600000
2025-03-08 17:00:00,188.82000000,198.22000000,186.50000000,197.62000000,17878743.09400000
2025-03-08 21:00:00,197.62000000,199.17000000,194.44000000,195.56000000,8635483.90600000
2025-03-09 01:00:00,195.56000000,197.56000000,193.64000000,195.72000000,8706874.45800000
2025-03-09 05:00:00,195.72000000,198.11000000,194.25000000,195.76000000,7643901.20100000
2025-03-09 09:00:00,195.76000000,195.76000000,187.60000000,190.31000000,15296413.68200000
2025-03-09 13:00:00,190.31000000,195.19000000,186.87000000,190.75000000,23618093.54600000
2025-03-09 17:00:00,190.75000000,191.65000000,176.66000000,181.58000000,35009068.12300000
2025-03-09 21:00:00,181.58000000,183.62000000,176.19000000,178.46000000,15235666.73200000
2025-03-10 01:00:00,178.46000000,190.19000000,176.27000000,189.13000000,22576549.58500000
2025-03-10 05:00:00,189.13000000,195.93000000,189.00000000,194.20000000,16495787.93200000
2025-03-10 09:00:00,194.20000000,201.90000000,191.13000000,197.41000000,25742239.80900000
2025-03-10 13:00:00,197.41000000,198.63000000,180.66000000,185.56000000,36379926.41600000
2025-03-10 17:00:00,185.56000000,187.48000000,175.23000000,183.28000000,42263705.16900000
2025-03-10 21:00:00,183.28000000,184.73000000,177.77000000,180.27000000,18449904.13300000
2025-03-11 01:00:00,180.27000000,182.60000000,166.81000000,173.98000000,42893731.70200000
2025-03-11 05:00:00,173.98000000,184.23000000,173.41000000,182.14000000,19315224.29700000
2025-03-11 09:00:00,182.14000000,183.38000000,177.51000000,178.20000000,15409361.51700000
2025-03-11 13:00:00,178.20000000,179.02000000,167.44000000,175.95000000,42770523.46200000
2025-03-11 17:00:00,175.95000000,185.92000000,171.12000000,184.79000000,23281181.30700000
2025-03-11 21:00:00,184.79000000,184.88000000,180.83000000,181.94000000,10684809.72900000
2025-03-12 01:00:00,181.94000000,184.23000000,171.55000000,171.76000000,18383925.38200000
2025-03-12 05:00:00,171.76000000,175.80000000,169.66000000,174.95000000,19610911.11900000
2025-03-12 09:00:00,174.95000000,177.89000000,170.40000000,173.62000000,19970176.17700000
2025-03-12 13:00:00,173.62000000,180.50000000,163.70000000,169.02000000,43872437.40300000
2025-03-12 17:00:00,169.02000000,173.57000000,167.98000000,170.06000000,18755767.34800000
2025-03-12 21:00:00,170.06000000,175.05000000,169.33000000,174.74000000,9730303.48500000
2025-03-13 01:00:00,174.74000000,176.16000000,171.69000000,171.93000000,12136702.33400000
2025-03-13 05:00:00,171.93000000,172.60000000,169.16000000,171.40000000,8844822.21600000
2025-03-13 09:00:00,171.40000000,174.98000000,168.67000000,174.17000000,18297319.95800000
2025-03-13 13:00:00,174.17000000,175.92000000,168.27000000,169.07000000,34189036.79700000
2025-03-13 17:00:00,169.07000000,169.61000000,160.54000000,161.03000000,26850119.18900000
2025-03-13 21:00:00,161.03000000,164.88000000,160.06000000,162.70000000,9888169.48100000
2025-03-14 01:00:00,162.70000000,167.30000000,161.92000000,166.15000000,10026136.94100000
2025-03-14 05:00:00,166.15000000,167.47000000,163.07000000,163.81000000,9537940.80500000
2025-03-14 09:00:00,163.81000000,168.45000000,163.60000000,167.01000000,12536269.15400000
2025-03-14 13:00:00,167.01000000,175.21000000,165.68000000,173.07000000,26159568.97300000
2025-03-14 17:00:00,173.07000000,176.89000000,171.63000000,172.98000000,14616817.30800000
2025-03-14 21:00:00,172.98000000,175.57000000,171.80000000,173.08000000,7438193.25700000
2025-03-15 01:00:00,173.08000000,175.04000000,172.42000000,174.70000000,9303630.99500000
2025-03-15 05:00:00,174.70000000,177.21000000,173.06000000,173.21000000,7829772.28200000
2025-03-15 09:00:00,173.21000000,175.17000000,172.81000000,174.58000000,6842721.73200000
2025-03-15 13:00:00,174.58000000,175.08000000,171.67000000,173.28000000,9478806.55200000
2025-03-15 17:00:00,173.28000000,175.65000000,171.70000000,172.55000000,8394742.76600000
2025-03-15 21:00:00,172.55000000,175.03000000,172.55000000,172.86000000,5862007.33400000
2025-03-16 01:00:00,172.86000000,173.68000000,169.39000000,171.96000000,9665152.98900000
2025-03-16 05:00:00,171.96000000,173.89000000,171.51000000,173.71000000,7773944.04800000
2025-03-16 09:00:00,173.71000000,173.96000000,164.47000000,164.95000000,14709811.00200000
2025-03-16 13:00:00,164.95000000,166.40000000,163.57000000,165.27000000,11791658.15000000
2025-03-16 17:00:00,165.27000000,169.15000000,163.78000000,164.72000000,10842433.62100000
2025-03-16 21:00:00,164.72000000,166.51000000,163.16000000,164.59000000,6569897.09800000
2025-03-17 01:00:00,164.59000000,169.73000000,164.42000000,169.23000000,6686500.27500000
2025-03-17 05:00:00,169.23000000,169.88000000,164.93000000,167.90000000,6135528.77600000
2025-03-17 09:00:00,167.90000000,172.53000000,166.66000000,170.56000000,10743310.39900000
2025-03-17 13:00:00,170.56000000,172.20000000,167.51000000,170.40000000,13745573.30300000
2025-03-17 17:00:00,170.40000000,177.12000000,170.02000000,176.37000000,13316755.28100000
2025-03-17 21:00:00,176.37000000,176.82000000,173.79000000,174.63000000,8754406.96400000
2025-03-18 01:00:00,174.63000000,175.22000000,169.92000000,170.98000000,9727861.24000000
2025-03-18 05:00:00,170.98000000,173.36000000,169.76000000,171.63000000,8144503.30600000
2025-03-18 09:00:00,171.63000000,173.44000000,168.54000000,169.16000000,9002799.18900000
2025-03-18 13:00:00,169.16000000,169.82000000,165.90000000,166.30000000,11214326.46700000
2025-03-18 17:00:00,166.30000000,169.82000000,164.74000000,169.59000000,8642202.78000000
2025-03-18 21:00:00,169.59000000,170.33000000,167.99000000,170.02000000,7523974.91900000
2025-03-19 01:00:00,170.02000000,173.32000000,169.56000000,172.67000000,8102652.42900000
2025-03-19 05:00:00,172.67000000,172.87000000,169.76000000,169.84000000,6500016.80600000
2025-03-19 09:00:00,169.84000000,181.39000000,169.80000000,180.59000000,18128328.94400000
2025-03-19 13:00:00,180.59000000,182.44000000,176.48000000,181.70000000,21086672.88200000
2025-03-19 17:00:00,181.70000000,182.34000000,176.12000000,180.49000000,22622543.00300000
2025-03-19 21:00:00,180.49000000,184.51000000,179.58000000,182.42000000,11073555.84700000
2025-03-20 01:00:00,182.42000000,183.03000000,176.74000000,177.73000000,11004297.10600000
2025-03-20 05:00:00,177.73000000,178.25000000,176.10000000,176.52000000,5686323.96400000
2025-03-20 09:00:00,176.52000000,178.73000000,172.73000000,175.31000000,13069652.22400000
2025-03-20 13:00:00,175.31000000,179.25000000,173.95000000,174.08000000,20120196.10900000
2025-03-20 17:00:00,174.08000000,175.28000000,171.43000000,174.73000000,11198657.90300000
2025-03-20 21:00:00,174.73000000,178.76000000,174.35000000,178.72000000,6899375.14000000
2025-03-21 01:00:00,178.72000000,183.10000000,178.55000000,180.01000000,12679785.65900000
2025-03-21 05:00:00,180.01000000,181.17000000,177.52000000,179.08000000,8165277.93200000
2025-03-21 09:00:00,179.08000000,179.31000000,176.04000000,177.07000000,6675322.50900000
2025-03-21 13:00:00,177.07000000,178.79000000,173.90000000,174.97000000,9234607.05500000
2025-03-21 17:00:00,174.97000000,179.99000000,174.22000000,179.03000000,8611740.04300000
2025-03-21 21:00:00,179.03000000,180.74000000,177.07000000,178.20000000,5621985.04500000
2025-03-22 01:00:00,178.20000000,181.42000000,178.14000000,180.91000000,7053536.27200000
2025-03-22 05:00:00,180.91000000,181.77000000,179.77000000,179.77000000,5163641.60600000
2025-03-22 09:00:00,179.77000000,183.61000000,179.65000000,180.83000000,7475065.46600000
2025-03-22 13:00:00,180.83000000,181.75000000,179.22000000,179.75000000,5704577.55700000
2025-03-22 17:00:00,179.75000000,182.14000000,179.09000000,181.71000000,5132630.69400000
2025-03-22 21:00:00,181.71000000,182.90000000,179.16000000,179.67000000,6259026.41100000
2025-03-23 01:00:00,179.67000000,183.58000000,179.33000000,183.27000000,6408794.77900000
2025-03-23 05:00:00,183.27000000,185.97000000,181.17000000,184.72000000,8369353.35500000
2025-03-23 09:00:00,184.72000000,186.06000000,183.71000000,184.97000000,8883924.15300000
2025-03-23 13:00:00,184.97000000,186.45000000,182.71000000,183.35000000,8863094.21000000
2025-03-23 17:00:00,183.35000000,183.35000000,181.16000000,183.01000000,6048343.26100000
2025-03-23 21:00:00,183.01000000,185.80000000,181.40000000,185.00000000,7863079.08100000
2025-03-24 01:00:00,185.00000000,186.33000000,181.13000000,185.47000000,11941761.15500000
2025-03-24 05:00:00,185.47000000,192.27000000,185.53000000,190.51000000,14240989.79300000
2025-03-24 09:00:00,190.51000000,194.59000000,190.51000000,193.57000000,10314002.32500000
2025-03-24 13:00:00,193.57000000,194.30000000,190.59000000,192.74000000,11964294.13000000
2025-03-24 17:00:00,192.74000000,193.59000000,190.38000000,191.50000000,8112423.03300000
2025-03-24 21:00:00,191.50000000,192.92000000,188.90000000,190.66000000,6260083.63800000
2025-03-25 01:00:00,190.66000000,192.47000000,185.84000000,186.66000000,9760153.31200000
2025-03-25 05:00:00,186.66000000,189.03000000,186.09000000,187.21000000,7871084.10600000
2025-03-25 09:00:00,187.21000000,190.79000000,187.06000000,188.79000000,7085009.69700000
2025-03-25 13:00:00,188.79000000,190.40000000,186.15000000,187.19000000,11292085.54500000
2025-03-25 17:00:00,187.19000000,188.37000000,185.95000000,187.94000000,7428155.12600000
2025-03-25 21:00:00,187.94000000,189.05000000,185.09000000,186.57000000,6300470.73800000
2025-03-26 01:00:00,186.57000000,187.72000000,182.29000000,182.82000000,9278720.35700000
2025-03-26 05:00:00,182.82000000,188.67000000,182.51000000,187.70000000,10058139.20500000
2025-03-26 09:00:00,187.70000000,189.69000000,186.23000000,189.22000000,10492987.73300000
2025-03-26 13:00:00,189.22000000,190.24000000,180.13000000,180.90000000,21305231.41100000
2025-03-26 17:00:00,180.90000000,182.07000000,175.08000000,177.09000000,14778049.90800000
2025-03-26 21:00:00,177.09000000,179.55000000,176.02000000,177.31000000,7045886.24400000
2025-03-27 01:00:00,177.31000000,183.78000000,176.98000000,183.52000000,8279753.82100000
2025-03-27 05:00:00,183.52000000,185.13000000,182.11000000,184.31000000,7364597.55700000
2025-03-27 09:00:00,184.31000000,186.06000000,181.65000000,182.12000000,10615597.97800000
2025-03-27 13:00:00,182.12000000,185.77000000,179.62000000,182.90000000,16003993.30400000
2025-03-27 17:00:00,182.90000000,184.98000000,181.03000000,182.95000000,7555663.36400000
2025-03-27 21:00:00,182.95000000,185.85000000,182.50000000,184.65000000,5502767.58400000
2025-03-28 01:00:00,184.65000000,186.89000000,183.04000000,185.23000000,10784207.10800000
2025-03-28 05:00:00,185.23000000,185.53000000,174.89000000,175.11000000,20102374.71400000
2025-03-28 09:00:00,175.11000000,176.59000000,172.40000000,173.67000000,10843510.16400000
2025-03-28 13:00:00,173.67000000,174.18000000,169.57000000,169.70000000,12258969.97300000
2025-03-28 17:00:00,169.70000000,172.98000000,168.30000000,171.23000000,9219368.48600000
2025-03-28 21:00:00,171.23000000,175.90000000,170.14000000,175.76000000,6968252.58300000
2025-03-29 01:00:00,175.76000000,177.91000000,172.88000000,175.38000000,8838855.74700000
2025-03-29 05:00:00,175.38000000,179.89000000,174.35000000,179.32000000,13190962.33500000
2025-03-29 09:00:00,179.32000000,180.43000000,172.55000000,173.82000000,18748879.12800000
2025-03-29 13:00:00,173.82000000,176.51000000,171.62000000,171.81000000,10077540.85200000
2025-03-29 17:00:00,171.81000000,173.00000000,166.97000000,169.81000000,12645188.66100000
2025-03-29 21:00:00,169.81000000,169.85000000,165.70000000,168.02000000,6544923.63900000
2025-03-30 01:00:00,168.02000000,169.48000000,165.79000000,166.40000000,10014314.98200000
2025-03-30 06:00:00,166.40000000,167.72000000,164.62000000,164.97000000,7047589.25700000
2025-03-30 10:00:00,164.97000000,167.71000000,164.27000000,165.16000000,7184234.05500000
2025-03-30 14:00:00,165.16000000,165.80000000,162.40000000,163.86000000,9145689.17100000
2025-03-30 18:00:00,163.86000000,167.14000000,161.23000000,164.84000000,9920770.60500000
2025-03-30 22:00:00,164.84000000,166.94000000,161.63000000,163.51000000,6247905.89500000
2025-03-31 02:00:00,163.51000000,164.53000000,159.60000000,159.74000000,9831065.82700000
2025-03-31 06:00:00,159.74000000,161.97000000,156.02000000,156.81000000,10301796.66800000
2025-03-31 10:00:00,156.81000000,157.42000000,151.71000000,156.22000000,19575897.34800000
2025-03-31 14:00:00,156.22000000,162.90000000,154.97000000,161.38000000,16631698.69100000
2025-03-31 18:00:00,161.38000000,162.43000000,157.29000000,159.43000000,8015420.00300000
2025-03-31 22:00:00,159.43000000,160.32000000,157.77000000,159.54000000,4413571.48400000
2025-04-01 02:00:00,159.54000000,162.17000000,159.06000000,161.56000000,5437511.74200000
2025-04-01 06:00:00,161.56000000,165.86000000,160.81000000,165.58000000,7929076.91700000
2025-04-01 10:00:00,165.58000000,169.26000000,164.92000000,165.47000000,13033033.93700000
2025-04-01 14:00:00,165.47000000,171.37000000,162.75000000,169.92000000,12145763.38700000
2025-04-01 18:00:00,169.92000000,170.89000000,166.18000000,167.22000000,7083372.18400000
2025-04-01 22:00:00,167.22000000,168.83000000,165.87000000,165.96000000,4190186.92800000
2025-04-02 02:00:00,165.96000000,166.57000000,161.08000000,161.37000000,6263195.77000000
2025-04-02 06:00:00,161.37000000,164.86000000,157.40000000,159.17000000,14247870.84900000
2025-04-02 10:00:00,159.17000000,161.61000000,158.25000000,158.39000000,6815933.87000000
2025-04-02 14:00:00,158.39000000,164.55000000,155.86000000,162.70000000,14981291.77400000
2025-04-02 18:00:00,162.70000000,165.39000000,160.80000000,163.89000000,8081628.69200000
2025-04-02 22:00:00,163.89000000,168.87000000,149.42000000,150.16000000,22444015.88700000
2025-04-03 02:00:00,150.16000000,155.88000000,149.39000000,155.02000000,7390831.35100000
2025-04-03 06:00:00,155.02000000,157.20000000,151.78000000,153.24000000,5010060.53100000
2025-04-03 10:00:00,153.24000000,154.49000000,149.68000000,150.70000000,7044479.90500000
2025-04-03 14:00:00,150.70000000,151.05000000,146.24000000,149.94000000,13216305.19700000
2025-04-03 18:00:00,149.94000000,151.37000000,147.99000000,150.25000000,5821353.29000000
2025-04-03 22:00:00,150.25000000,152.59000000,149.29000000,151.06000000,5021182.58600000
2025-04-04 02:00:00,151.06000000,151.96000000,147.18000000,148.84000000,5372975.15000000
2025-04-04 06:00:00,148.84000000,152.39000000,147.58000000,151.81000000,5198645.23500000
2025-04-04 10:00:00,151.81000000,153.84000000,144.31000000,147.21000000,10138002.54700000
2025-04-04 14:00:00,147.21000000,152.11000000,144.74000000,149.40000000,13919644.34400000
2025-04-04 18:00:00,149.40000000,153.31000000,149.00000000,151.46000000,9718803.74500000
2025-04-04 22:00:00,151.46000000,153.96000000,150.51000000,151.96000000,3486932.07200000
2025-04-05 02:00:00,151.96000000,153.90000000,151.30000000,152.53000000,2545555.88000000
2025-04-05 06:00:00,152.53000000,153.08000000,150.63000000,151.78000000,2585904.43400000
2025-04-05 10:00:00,151.78000000,155.37000000,151.34000000,153.94000000,4997471.50300000
2025-04-05 14:00:00,153.94000000,154.41000000,149.87000000,150.43000000,5900395.34000000
2025-04-05 18:00:00,150.43000000,152.61000000,150.29000000,150.87000000,4543230.93000000
2025-04-05 22:00:00,150.87000000,152.98000000,149.45000000,152.43000000,3737848.15700000
2025-04-06 02:00:00,152.43000000,152.54000000,149.72000000,150.33000000,2622285.57000000
2025-04-06 06:00:00,150.33000000,151.12000000,148.20000000,148.33000000,2947991.24000000
2025-04-06 10:00:00,148.33000000,148.55000000,146.03000000,146.70000000,4071323.48300000
2025-04-06 14:00:00,146.70000000,147.23000000,141.80000000,143.99000000,8439020.00900000
2025-04-06 18:00:00,143.99000000,144.04000000,131.34000000,132.67000000,19371296.01500000
2025-04-06 22:00:00,132.67000000,133.09000000,126.28000000,128.94000000,15685538.96700000
2025-04-07 02:00:00,128.94000000,131.67000000,121.86000000,123.35000000,12891139.08100000
2025-04-07 06:00:00,123.35000000,125.49000000,114.04000000,116.14000000,20784845.81300000
2025-04-07 10:00:00,116.14000000,125.39000000,115.68000000,122.21000000,16369369.89300000
2025-04-07 14:00:00,122.21000000,136.18000000,121.78000000,131.45000000,28282241.58800000
2025-04-07 18:00:00,131.45000000,133.31000000,128.16000000,130.76000000,9628640.47600000
2025-04-07 22:00:00,130.76000000,135.45000000,130.81000000,131.95000000,6740962.20000000
2025-04-08 02:00:00,131.95000000,136.04000000,130.28000000,133.54000000,5277167.00300000
2025-04-08 06:00:00,133.54000000,135.81000000,129.76000000,130.77000000,5716757.20200000
2025-04-08 10:00:00,130.77000000,134.14000000,129.30000000,133.59000000,5241457.98000000
2025-04-08 14:00:00,133.59000000,135.38000000,129.84000000,131.21000000,18286733.72300000
2025-04-08 18:00:00,131.21000000,131.72000000,124.16000000,125.89000000,15686910.30200000
2025-04-08 22:00:00,125.89000000,127.42000000,123.49000000,125.26000000,5850562.32900000
2025-04-09 02:00:00,125.26000000,127.06000000,119.79000000,124.46000000,9597824.44200000
2025-04-09 06:00:00,124.46000000,129.48000000,124.22000000,129.02000000,7741735.90700000
2025-04-09 10:00:00,129.02000000,130.36000000,125.20000000,126.12000000,7088898.25300000
2025-04-09 14:00:00,126.12000000,130.05000000,124.42000000,128.46000000,9591186.12700000
2025-04-09 18:00:00,128.46000000,143.92000000,128.00000000,141.56000000,20905482.23000000
2025-04-09 22:00:00,141.56000000,145.04000000,141.63000000,143.08000000,6272874.94800000
2025-04-10 02:00:00,143.08000000,143.29000000,137.61000000,139.19000000,7103479.60300000
2025-04-10 06:00:00,139.19000000,140.75000000,137.18000000,137.78000000,4965158.02700000
2025-04-10 10:00:00,137.78000000,138.69000000,136.42000000,137.10000000,4883915.59700000
2025-04-10 14:00:00,137.10000000,139.91000000,129.03000000,129.49000000,11524568.04400000
2025-04-10 18:00:00,129.49000000,131.97000000,128.14000000,130.91000000,7699027.83800000
2025-04-10 22:00:00,130.91000000,133.12000000,130.84000000,131.85000000,2668670.43100000
2025-04-11 02:00:00,131.85000000,136.34000000,131.26000000,134.55000000,5429803.79600000
2025-04-11 06:00:00,134.55000000,136.90000000,134.20000000,135.97000000,3720555.20900000
2025-04-11 10:00:00,135.97000000,137.27000000,134.12000000,134.73000000,7968896.64600000
2025-04-11 14:00:00,134.73000000,136.78000000,133.32000000,135.24000000,5861462.74900000
2025-04-11 18:00:00,135.24000000,138.21000000,134.15000000,136.19000000,4382157.39600000
2025-04-11 22:00:00,136.19000000,139.35000000,135.35000000,136.40000000,3293117.72300000
2025-04-12 02:00:00,136.40000000,136.69000000,133.99000000,134.40000000,2798072.24400000
2025-04-12 06:00:00,134.40000000,137.50000000,133.67000000,137.21000000,2840100.85600000
2025-04-12 10:00:00,137.21000000,140.17000000,137.10000000,139.49000000,4433926.80200000
2025-04-12 14:00:00,139.49000000,148.69000000,139.19000000,147.33000000,9019964.13700000
2025-04-12 18:00:00,147.33000000,149.44000000,146.42000000,148.26000000,5569449.41700000
2025-04-12 22:00:00,148.26000000,150.06000000,147.54000000,147.99000000,3050834.43600000
2025-04-13 02:00:00,147.99000000,148.28000000,144.58000000,145.42000000,4656242.52100000
2025-04-13 06:00:00,145.42000000,145.46000000,142.89000000,143.47000000,4071793.26600000
2025-04-13 10:00:00,143.47000000,145.89000000,142.43000000,143.15000000,3620142.43300000
2025-04-13 14:00:00,143.15000000,144.02000000,139.82000000,140.78000000,4374241.78300000
2025-04-13 18:00:00,140.78000000,146.17000000,138.38000000,139.79000000,7623809.30200000
2025-04-13 22:00:00,139.79000000,142.11000000,136.53000000,139.04000000,5550526.43400000
2025-04-14 02:00:00,139.04000000,146.54000000,138.69000000,141.90000000,6258007.24400000
2025-04-14 06:00:00,141.90000000,143.83000000,139.83000000,142.01000000,3232954.07500000
2025-04-14 10:00:00,142.01000000,147.15000000,141.28000000,145.52000000,6115823.92800000
2025-04-14 14:00:00,145.52000000,146.36000000,138.64000000,139.11000000,12763699.77600000
2025-04-14 18:00:00,139.11000000,141.02000000,137.89000000,139.55000000,7404750.50000000
2025-04-14 22:00:00,139.55000000,139.90000000,136.74000000,137.54000000,4259043.14000000
2025-04-15 02:00:00,137.54000000,139.12000000,136.06000000,138.59000000,5417541.73100000
2025-04-15 06:00:00,138.59000000,139.84000000,137.30000000,139.29000000,4730003.25100000
2025-04-15 10:00:00,139.29000000,141.58000000,138.75000000,139.73000000,8482363.03000000
2025-04-15 14:00:00,139.73000000,142.11000000,135.28000000,136.33000000,9919395.63900000
2025-04-15 18:00:00,136.33000000,137.81000000,134.21000000,135.16000000,6465624.27100000
2025-04-15 22:00:00,135.16000000,135.88000000,133.46000000,134.14000000,3547541.95300000
2025-04-16 02:00:00,134.14000000,136.42000000,133.35000000,135.76000000,3871488.60800000
2025-04-16 06:00:00,135.76000000,136.05000000,133.10000000,133.28000000,4311593.58000000
2025-04-16 10:00:00,133.28000000,136.27000000,132.45000000,135.34000000,5160129.90100000
2025-04-16 14:00:00,135.34000000,137.35000000,132.91000000,135.07000000,8784674.58700000
2025-04-16 18:00:00,135.07000000,137.15000000,129.84000000,135.36000000,13785944.61800000
2025-04-16 22:00:00,135.36000000,136.69000000,133.30000000,133.92000000,4142794.52600000
2025-04-17 02:00:00,133.92000000,136.29000000,133.74000000,135.34000000,3642333.94400000
2025-04-17 06:00:00,135.34000000,140.02000000,135.18000000,138.92000000,5283471.68900000
2025-04-17 10:00:00,138.92000000,139.50000000,136.31000000,137.72000000,4547628.80500000
2025-04-17 14:00:00,137.72000000,138.98000000,134.87000000,137.19000000,6603402.65300000
2025-04-17 18:00:00,137.19000000,141.51000000,136.61000000,137.40000000,7037801.31600000
2025-04-17 22:00:00,137.40000000,139.48000000,137.40000000,138.85000000,2948194.76500000
2025-04-18 02:00:00,138.85000000,139.34000000,137.45000000,139.15000000,3039260.04500000
2025-04-18 06:00:00,139.15000000,139.72000000,137.72000000,139.52000000,3557652.06200000
2025-04-18 10:00:00,139.52000000,141.09000000,138.17000000,139.19000000,5896479.22300000
2025-04-18 14:00:00,139.19000000,139.56000000,137.07000000,137.81000000,3802827.29800000
2025-04-18 18:00:00,137.81000000,139.22000000,137.48000000,138.66000000,3486980.03000000
2025-04-18 22:00:00,138.66000000,139.46000000,137.99000000,138.30000000,2296519.69500000
2025-04-19 02:00:00,138.30000000,139.89000000,137.84000000,139.31000000,3298761.93000000
2025-04-19 06:00:00,139.31000000,140.58000000,138.97000000,140.05000000,3320354.36500000
2025-04-19 10:00:00,140.05000000,140.33000000,138.44000000,138.57000000,3135326.01600000
2025-04-19 14:00:00,138.57000000,140.84000000,138.22000000,140.17000000,4585557.50500000
2025-04-19 18:00:00,140.17000000,141.94000000,139.14000000,140.77000000,4665627.16500000
2025-04-19 22:00:00,140.77000000,142.93000000,140.56000000,141.93000000,2748937.10800000
2025-04-20 02:00:00,141.93000000,143.09000000,141.36000000,142.77000000,2696378.18400000
2025-04-20 06:00:00,142.77000000,143.47000000,140.11000000,140.64000000,3809058.73600000
2025-04-20 10:00:00,140.64000000,140.78000000,136.69000000,137.45000000,5299273.72200000
2025-04-20 14:00:00,137.45000000,138.78000000,137.07000000,137.47000000,3326526.68900000
2025-04-20 18:00:00,137.47000000,140.61000000,137.10000000,140.50000000,3220180.32700000
2025-04-20 22:00:00,140.50000000,143.37000000,139.28000000,140.86000000,5689955.66700000
2025-04-21 02:00:00,140.86000000,145.93000000,140.86000000,143.97000000,8701856.99000000
2025-04-21 06:00:00,143.97000000,145.64000000,143.54000000,145.10000000,4247919.19700000
2025-04-21 10:00:00,145.10000000,145.95000000,143.41000000,144.27000000,4567308.97700000
2025-04-21 14:00:00,144.27000000,145.73000000,142.42000000,143.67000000,8266001.23100000
2025-04-21 18:00:00,143.67000000,144.76000000,138.99000000,141.03000000,7888970.81900000
2025-04-21 22:00:00,141.03000000,142.98000000,140.57000000,142.79000000,3858334.39300000
2025-04-22 02:00:00,142.79000000,144.87000000,139.63000000,143.28000000,6469216.36100000
2025-04-22 06:00:00,143.28000000,147.63000000,143.02000000,147.30000000,6454703.20000000
2025-04-22 10:00:00,147.30000000,148.40000000,145.86000000,148.13000000,9039140.50600000
2025-04-22 14:00:00,148.13000000,155.01000000,147.91000000,151.99000000,18811854.27300000
2025-04-22 18:00:00,151.99000000,153.59000000,150.39000000,152.82000000,7604833.25400000
2025-04-22 22:00:00,152.82000000,158.99000000,152.08000000,158.09000000,9088929.28000000
2025-04-23 02:00:00,158.09000000,163.28000000,157.68000000,163.25000000,12067930.35600000
2025-04-23 06:00:00,163.25000000,165.15000000,161.45000000,163.39000000,11327698.78700000
2025-04-23 10:00:00,163.39000000,166.38000000,162.38000000,165.30000000,9021468.47000000
2025-04-23 14:00:00,165.30000000,168.77000000,162.16000000,166.40000000,23370150.11100000
2025-04-23 18:00:00,166.40000000,168.38000000,163.92000000,165.05000000,12129756.01000000
2025-04-23 22:00:00,165.05000000,168.72000000,164.77000000,168.01000000,4727173.00300000
2025-04-24 02:00:00,168.01000000,170.64000000,164.78000000,164.86000000,11802883.99100000
2025-04-24 06:00:00,164.86000000,166.21000000,161.54000000,162.19000000,9958521.22900000
2025-04-24 10:00:00,162.19000000,163.10000000,158.28000000,160.87000000,11577254.01100000
2025-04-24 14:00:00,160.87000000,167.41000000,159.76000000,166.83000000,15975182.91900000
2025-04-24 18:00:00,166.83000000,169.34000000,164.27000000,167.45000000,11143552.78900000
2025-04-24 22:00:00,167.45000000,168.61000000,165.53000000,167.84000000,5292543.45100000
2025-04-25 02:00:00,167.84000000,170.01000000,163.41000000,166.15000000,8944166.84200000
2025-04-25 06:00:00,166.15000000,167.96000000,165.80000000,167.44000000,7187813.20100000
2025-04-25 10:00:00,167.44000000,168.25000000,165.39000000,166.97000000,10928158.07000000
2025-04-25 14:00:00,166.97000000,168.96000000,162.70000000,167.16000000,21678128.20400000
2025-04-25 18:00:00,167.16000000,170.56000000,165.42000000,167.67000000,10862006.07000000
2025-04-25 22:00:00,167.67000000,169.26000000,166.25000000,166.40000000,4113301.49500000
2025-04-26 02:00:00,166.40000000,172.21000000,166.39000000,168.74000000,10679584.56000000
2025-04-26 06:00:00,168.74000000,171.14000000,167.01000000,169.75000000,7299972.13800000
2025-04-26 10:00:00,169.75000000,172.97000000,165.75000000,166.18000000,10416816.13200000
2025-04-26 14:00:00,166.18000000,168.11000000,164.32000000,167.79000000,7586775.13200000
2025-04-26 18:00:00,167.79000000,171.27000000,166.38000000,171.09000000,5166858.13700000
2025-04-26 22:00:00,171.09000000,173.06000000,169.53000000,172.85000000,6979071.33600000
2025-04-27 02:00:00,172.85000000,179.28000000,170.24000000,170.66000000,17592200.60400000
2025-04-27 06:00:00,170.66000000,171.06000000,167.61000000,169.10000000,4896277.94200000
2025-04-27 10:00:00,169.10000000,170.89000000,168.40000000,168.66000000,3629505.08200000
2025-04-27 14:00:00,168.66000000,171.33000000,166.01000000,166.46000000,10020007.64200000
2025-04-27 18:00:00,166.46000000,171.02000000,165.32000000,170.98000000,4806601.30900000
2025-04-27 22:00:00,170.98000000,171.19000000,166.42000000,166.51000000,3708831.90100000
2025-04-28 02:00:00,166.51000000,167.96000000,161.68000000,167.78000000,9947862.92400000
2025-04-28 06:00:00,167.78000000,174.80000000,167.83000000,174.11000000,7755346.15900000
2025-04-28 10:00:00,174.11000000,174.79000000,168.82000000,170.44000000,11425121.08000000
2025-04-28 14:00:00,170.44000000,170.54000000,163.25000000,164.55000000,9141792.39900000
2025-04-28 18:00:00,164.55000000,168.52000000,163.07000000,167.78000000,6855397.43500000
2025-04-28 22:00:00,167.78000000,167.96000000,164.22000000,166.16000000,4703055.44500000
2025-04-29 02:00:00,166.16000000,168.23000000,165.42000000,166.68000000,4064952.07500000
2025-04-29 06:00:00,166.68000000,169.68000000,163.78000000,169.27000000,4582449.30600000
2025-04-29 10:00:00,169.27000000,171.19000000,167.61000000,168.14000000,5486806.52800000
2025-04-29 14:00:00,168.14000000,169.92000000,165.97000000,167.76000000,5801171.41000000
2025-04-29 18:00:00,167.76000000,170.48000000,166.68000000,169.25000000,4755516.83400000
2025-04-29 22:00:00,169.25000000,169.85000000,163.21000000,165.51000000,5171163.38300000
2025-04-30 02:00:00,165.51000000,166.91000000,163.09000000,166.23000000,4034784.52600000
2025-04-30 06:00:00,166.23000000,166.65000000,163.12000000,163.47000000,2938142.49500000
2025-04-30 10:00:00,163.47000000,165.55000000,162.65000000,164.89000000,2868161.51700000
2025-04-30 14:00:00,164.89000000,165.22000000,155.38000000,159.28000000,10232346.68200000
2025-04-30 18:00:00,159.28000000,164.49000000,157.95000000,163.84000000,4521862.45600000
2025-04-30 22:00:00,163.84000000,166.86000000,163.68000000,164.10000000,3824159.06700000
2025-05-01 02:00:00,164.10000000,168.61000000,164.07000000,167.95000000,4066925.56000000
2025-05-01 06:00:00,167.95000000,170.21000000,167.16000000,169.25000000,4274534.67800000
2025-05-01 10:00:00,169.25000000,173.91000000,168.61000000,172.67000000,6502553.21800000
2025-05-01 14:00:00,172.67000000,179.21000000,172.37000000,175.98000000,9856526.20500000
2025-05-01 18:00:00,175.98000000,177.78000000,173.76000000,174.63000000,6701282.06500000
2025-05-01 22:00:00,174.63000000,175.48000000,172.11000000,172.91000000,3489362.85400000
2025-05-02 02:00:00,172.91000000,176.15000000,172.17000000,174.17000000,3199528.06300000
2025-05-02 06:00:00,174.17000000,174.95000000,171.92000000,172.06000000,2888360.65000000
2025-05-02 10:00:00,172.06000000,174.30000000,171.89000000,172.55000000,2565269.75400000
2025-05-02 14:00:00,172.55000000,176.32000000,171.84000000,175.21000000,5569660.37900000
2025-05-02 18:00:00,175.21000000,179.10000000,173.68000000,174.40000000,5113667.07600000
2025-05-02 22:00:00,174.40000000,175.43000000,173.05000000,174.53000000,1920045.49900000
2025-05-03 02:00:00,174.53000000,174.84000000,172.74000000,173.42000000,2253802.00100000
2025-05-03 06:00:00,173.42000000,174.49000000,172.53000000,173.61000000,1781022.52800000
2025-05-03 10:00:00,173.61000000,174.99000000,171.30000000,172.05000000,4624373.91100000
2025-05-03 14:00:00,172.05000000,174.58000000,172.05000000,172.87000000,2959932.27400000
2025-05-03 18:00:00,172.87000000,174.77000000,169.46000000,174.74000000,4699795.36400000
2025-05-03 22:00:00,174.74000000,181.01000000,174.42000000,177.96000000,9653683.80800000
2025-05-04 02:00:00,177.96000000,178.65000000,174.93000000,176.14000000,6088505.63100000
2025-05-04 06:00:00,176.14000000,178.88000000,175.00000000,178.26000000,5082118.53800000
2025-05-04 10:00:00,178.26000000,178.31000000,174.15000000,174.45000000,5203702.38700000
2025-05-04 14:00:00,174.45000000,175.92000000,172.52000000,173.59000000,5384843.85700000
2025-05-04 18:00:00,173.59000000,174.32000000,171.03000000,173.30000000,4061745.23300000
2025-05-04 22:00:00,173.30000000,175.52000000,170.78000000,171.00000000,4446557.82600000
2025-05-05 02:00:00,171.00000000,174.80000000,169.56000000,173.74000000,6073900.86200000
2025-05-05 06:00:00,173.74000000,180.27000000,173.68000000,180.10000000,6777914.50000000
2025-05-05 10:00:00,180.10000000,180.71000000,175.69000000,175.90000000,8258348.04000000
2025-05-05 14:00:00,175.90000000,177.20000000,173.37000000,174.14000000,6920843.06600000
2025-05-05 18:00:00,174.14000000,179.97000000,174.06000000,177.51000000,6724403.15800000
2025-05-05 22:00:00,177.51000000,180.72000000,174.86000000,176.82000000,6285639.25000000
2025-05-06 02:00:00,176.82000000,178.16000000,171.60000000,173.22000000,7356373.20800000
2025-05-06 06:00:00,173.22000000,173.73000000,170.86000000,171.09000000,3623541.18600000
2025-05-06 10:00:00,171.09000000,171.08000000,164.56000000,165.99000000,7114211.16500000
2025-05-06 14:00:00,165.99000000,169.53000000,163.08000000,168.18000000,7796165.86400000
2025-05-06 18:00:00,168.18000000,173.91000000,166.70000000,172.69000000,7628277.63300000
2025-05-06 22:00:00,172.69000000,178.93000000,168.70000000,177.78000000,9552891.80800000
2025-05-07 02:00:00,177.78000000,179.95000000,173.57000000,174.74000000,8864552.29800000
2025-05-07 06:00:00,174.74000000,175.54000000,173.11000000,174.35000000,3312954.10800000
2025-05-07 10:00:00,174.35000000,175.61000000,172.13000000,172.38000000,4279799.17800000
2025-05-07 14:00:00,172.38000000,172.68000000,169.35000000,169.70000000,6008165.90000000
2025-05-07 18:00:00,169.70000000,170.57000000,167.33000000,168.63000000,6581020.42900000
2025-05-07 22:00:00,168.63000000,174.19000000,168.24000000,171.96000000,4993648.45400000
2025-05-08 02:00:00,171.96000000,186.59000000,171.92000000,185.99000000,10473114.94900000
2025-05-08 06:00:00,185.99000000,188.26000000,182.01000000,187.48000000,9828255.72500000
2025-05-08 10:00:00,187.48000000,189.92000000,186.24000000,188.01000000,9409668.77400000
2025-05-08 14:00:00,188.01000000,196.16000000,186.25000000,192.25000000,12978522.36000000
2025-05-08 18:00:00,192.25000000,199.75000000,189.10000000,198.48000000,15331977.42300000
2025-05-08 22:00:00,198.48000000,208.31000000,195.84000000,206.20000000,15820119.89900000
2025-05-09 02:00:00,206.20000000,208.24000000,202.46000000,204.70000000,11229896.60100000
2025-05-09 06:00:00,204.70000000,214.43000000,203.51000000,212.04000000,12420444.81300000
2025-05-09 10:00:00,212.04000000,220.53000000,206.34000000,209.72000000,17377547.30800000
2025-05-09 14:00:00,209.72000000,213.00000000,204.44000000,208.76000000,10627147.52100000
2025-05-09 18:00:00,208.76000000,210.97000000,205.50000000,210.24000000,6313643.96300000
2025-05-09 22:00:00,210.24000000,211.67000000,209.18000000,211.18000000,3155093.01800000
2025-05-10 02:00:00,211.18000000,214.62000000,208.79000000,211.45000000,5909484.56300000
2025-05-10 06:00:00,211.45000000,220.17000000,209.54000000,218.30000000,6419594.33900000
2025-05-10 10:00:00,218.30000000,223.22000000,215.58000000,215.79000000,10085730.30100000
2025-05-10 14:00:00,215.79000000,223.44000000,215.79000000,220.30000000,5685619.39600000
2025-05-10 18:00:00,220.30000000,228.87000000,219.82000000,225.29000000,8369850.21900000
2025-05-10 22:00:00,225.29000000,230.21000000,222.76000000,228.46000000,6125638.20600000
2025-05-11 02:00:00,228.46000000,230.27000000,220.68000000,223.94000000,9202733.36900000
2025-05-11 06:00:00,223.94000000,225.05000000,215.96000000,217.79000000,6452677.32600000
2025-05-11 10:00:00,217.79000000,222.66000000,217.58000000,222.25000000,4313346.69200000
2025-05-11 14:00:00,222.25000000,222.96000000,214.45000000,216.42000000,5002422.19200000
2025-05-11 18:00:00,216.42000000,221.38000000,213.88000000,219.91000000,4300203.12000000
2025-05-11 22:00:00,219.91000000,221.86000000,217.94000000,221.03000000,2123307.15000000
2025-05-12 02:00:00,221.03000000,222.99000000,216.72000000,221.28000000,3886609.22300000
2025-05-12 06:00:00,221.28000000,229.56000000,218.40000000,223.59000000,7773671.28500000
2025-05-12 10:00:00,223.59000000,225.69000000,218.18000000,219.13000000,6609469.24000000
2025-05-12 14:00:00,219.13000000,225.74000000,217.91000000,218.36000000,10752423.58800000
2025-05-12 18:00:00,218.36000000,223.40000000,211.91000000,218.08000000,9623410.75500000
2025-05-12 22:00:00,218.08000000,222.79000000,217.32000000,221.75000000,3741285.10200000
2025-05-13 02:00:00,221.75000000,221.87000000,210.36000000,210.78000000,6509063.09300000
2025-05-13 06:00:00,210.78000000,217.78000000,210.29000000,215.09000000,3349287.71100000
2025-05-13 10:00:00,215.09000000,219.61000000,213.73000000,218.26000000,3901439.30700000
2025-05-13 14:00:00,218.26000000,226.92000000,216.27000000,226.79000000,8750960.97400000
2025-05-13 18:00:00,226.79000000,238.25000000,225.85000000,235.13000000,9469191.65500000
2025-05-13 22:00:00,235.13000000,237.98000000,231.01000000,236.28000000,5602360.44000000
2025-05-14 02:00:00,236.28000000,239.13000000,229.84000000,231.26000000,6620542.23200000
2025-05-14 06:00:00,231.26000000,235.44000000,230.11000000,232.75000000,4358113.76500000
2025-05-14 10:00:00,232.75000000,233.77000000,227.11000000,230.26000000,5809934.90400000
2025-05-14 14:00:00,230.26000000,232.45000000,225.07000000,228.76000000,5976583.90300000
2025-05-14 18:00:00,228.76000000,230.16000000,223.87000000,229.03000000,3872908.11000000
2025-05-14 22:00:00,229.03000000,229.93000000,226.61000000,229.40000000,1986433.89500000
2025-05-15 02:00:00,229.40000000,233.45000000,225.64000000,225.96000000,4988141.21300000
2025-05-15 06:00:00,225.96000000,229.16000000,221.61000000,222.58000000,5421738.38400000
2025-05-15 10:00:00,222.58000000,230.97000000,222.51000000,226.01000000,7434264.75000000
2025-05-15 14:00:00,226.01000000,227.67000000,216.62000000,226.49000000,10998175.26000000
2025-05-15 18:00:00,226.49000000,235.24000000,220.90000000,222.73000000,12247165.62100000
2025-05-15 22:00:00,222.73000000,225.52000000,219.07000000,223.75000000,5218753.55300000
2025-05-16 02:00:00,223.75000000,230.11000000,221.36000000,229.36000000,5765292.42400000
2025-05-16 06:00:00,229.36000000,238.68000000,228.23000000,237.55000000,9096784.59000000
2025-05-16 10:00:00,237.55000000,245.00000000,234.72000000,241.86000000,14884985.30100000
2025-05-16 14:00:00,241.86000000,242.83000000,233.54000000,235.69000000,9041764.56700000
2025-05-16 18:00:00,235.69000000,237.39000000,231.39000000,234.84000000,5842015.83300000
2025-05-16 22:00:00,234.84000000,235.08000000,228.15000000,230.79000000,5029472.33100000
2025-05-17 02:00:00,230.79000000,231.95000000,221.33000000,227.26000000,8942765.59300000
2025-05-17 06:00:00,227.26000000,229.98000000,224.60000000,225.67000000,5510441.04200000
2025-05-17 10:00:00,225.67000000,228.46000000,223.45000000,225.09000000,4036207.15200000
2025-05-17 14:00:00,225.09000000,225.76000000,220.86000000,223.16000000,4310921.51300000
2025-05-17 18:00:00,223.16000000,224.49000000,220.63000000,221.09000000,3871132.86300000
2025-05-17 22:00:00,221.09000000,225.41000000,219.64000000,222.05000000,3583978.99300000
2025-05-18 02:00:00,222.05000000,223.56000000,219.64000000,220.22000000,2367519.79700000
2025-05-18 06:00:00,220.22000000,227.58000000,220.12000000,227.01000000,4293680.63400000
2025-05-18 10:00:00,227.01000000,229.15000000,224.28000000,225.20000000,4315094.54600000
2025-05-18 14:00:00,225.20000000,242.07000000,224.21000000,241.98000000,7778039.78800000
2025-05-18 18:00:00,241.98000000,244.00000000,223.17000000,223.31000000,13461199.38400000
2025-05-18 22:00:00,223.31000000,233.55000000,218.82000000,231.96000000,10878796.48400000
2025-05-19 02:00:00,231.96000000,234.50000000,216.91000000,217.27000000,7610229.44300000
2025-05-19 06:00:00,217.27000000,219.62000000,211.86000000,218.51000000,7571351.15800000
2025-05-19 10:00:00,218.51000000,221.69000000,216.70000000,220.13000000,5153330.80800000
2025-05-19 14:00:00,220.13000000,229.42000000,217.47000000,228.51000000,8078820.32200000
2025-05-19 18:00:00,228.51000000,240.63000000,226.37000000,240.30000000,14716973.28800000
2025-05-19 22:00:00,240.30000000,249.77000000,237.62000000,247.73000000,11986445.49900000
2025-05-20 02:00:00,247.73000000,267.83000000,246.42000000,266.08000000,31228018.80100000
2025-05-20 06:00:00,266.08000000,270.33000000,263.48000000,266.10000000,27752869.56300000
2025-05-20 10:00:00,266.10000000,267.67000000,260.07000000,263.20000000,19742862.69900000
2025-05-20 14:00:00,263.20000000,264.05000000,258.56000000,263.12000000,20281815.21900000
2025-05-20 18:00:00,263.12000000,265.31000000,254.09000000,258.44000000,16637042.72400000
2025-05-20 22:00:00,258.44000000,261.49000000,256.50000000,259.31000000,10978031.70600000
2025-05-21 02:00:00,259.31000000,261.74000000,257.10000000,259.67000000,7891348.92400000
2025-05-21 06:00:00,259.67000000,261.87000000,256.33000000,260.49000000,12820161.20800000
2025-05-21 10:00:00,260.49000000,261.51000000,252.58000000,253.92000000,10976386.45500000
2025-05-21 14:00:00,253.92000000,257.09000000,250.83000000,254.34000000,11018651.74900000
2025-05-21 18:00:00,254.34000000,260.45000000,243.10000000,248.68000000,19907694.14200000
2025-05-21 22:00:00,248.68000000,254.73000000,246.10000000,247.41000000,8790128.79700000
2025-05-22 02:00:00,247.41000000,257.00000000,246.38000000,255.93000000,9466376.13200000
2025-05-22 06:00:00,255.93000000,256.21000000,250.45000000,252.89000000,7497752.45200000
2025-05-22 10:00:00,252.89000000,260.05000000,251.23000000,255.15000000,12694580.04200000
2025-05-22 14:00:00,255.15000000,258.72000000,251.78000000,256.57000000,8914364.79100000
2025-05-22 18:00:00,256.57000000,259.02000000,254.05000000,256.14000000,5766633.97100000
2025-05-22 22:00:00,256.14000000,257.87000000,253.71000000,256.74000000,4341030.76200000
2025-05-23 02:00:00,256.74000000,264.02000000,254.01000000,262.29000000,10268133.75700000
2025-05-23 06:00:00,262.29000000,262.72000000,253.65000000,255.07000000,8527619.36100000
2025-05-23 10:00:00,255.07000000,260.52000000,245.87000000,247.15000000,11234848.99100000
2025-05-23 14:00:00,247.15000000,262.83000000,239.26000000,253.08000000,26799022.06700000
2025-05-23 18:00:00,253.08000000,262.34000000,252.01000000,260.67000000,9440285.27400000
2025-05-23 22:00:00,260.67000000,262.00000000,253.01000000,255.99000000,9492955.61600000
2025-05-24 02:00:00,255.99000000,259.99000000,250.56000000,254.35000000,9936474.44700000
2025-05-24 06:00:00,254.35000000,262.05000000,253.50000000,259.25000000,10881167.86000000
2025-05-24 10:00:00,259.25000000,267.05000000,257.21000000,263.47000000,10928902.37900000
2025-05-24 14:00:00,263.47000000,273.86000000,262.00000000,272.02000000,18943916.37000000
2025-05-24 18:00:00,272.02000000,276.81000000,265.47000000,265.98000000,15317773.77000000
2025-05-24 22:00:00,265.98000000,266.03000000,259.70000000,261.61000000,7383261.55400000
2025-05-25 02:00:00,261.61000000,270.48000000,256.24000000,269.31000000,12058612.61600000
2025-05-25 06:00:00,269.31000000,270.58000000,264.21000000,266.41000000,11823129.93400000
2025-05-25 10:00:00,266.41000000,268.47000000,261.19000000,264.48000000,9909479.81100000
2025-05-25 14:00:00,264.48000000,266.44000000,259.68000000,264.53000000,9478812.77600000
2025-05-25 18:00:00,264.53000000,266.18000000,260.23000000,264.94000000,5456576.74500000
2025-05-25 22:00:00,264.94000000,269.65000000,261.76000000,269.12000000,7082351.71800000
2025-05-26 02:00:00,269.12000000,276.15000000,268.67000000,270.09000000,10491156.55000000
2025-05-26 06:00:00,270.09000000,273.87000000,266.01000000,270.11000000,7336392.51300000
2025-05-26 10:00:00,270.11000000,270.53000000,261.78000000,263.80000000,8499478.84000000
2025-05-26 14:00:00,263.80000000,265.15000000,258.91000000,264.73000000,8594050.44000000
2025-05-26 18:00:00,264.73000000,268.38000000,262.19000000,267.75000000,7809697.44400000
2025-05-26 22:00:00,267.75000000,269.38000000,265.76000000,267.36000000,3422380.31400000
2025-05-27 02:00:00,267.36000000,267.80000000,262.85000000,265.38000000,5727656.21600000
2025-05-27 06:00:00,265.38000000,273.93000000,265.01000000,272.90000000,7832001.53500000
2025-05-27 10:00:00,272.90000000,280.45000000,272.86000000,279.95000000,11813581.63200000
2025-05-27 14:00:00,279.95000000,282.71000000,276.33000000,277.35000000,11194687.12500000
2025-05-27 18:00:00,277.35000000,280.33000000,273.86000000,275.46000000,5889813.87100000
2025-05-27 22:00:00,275.46000000,276.80000000,270.72000000,271.45000000,4621528.15400000
2025-05-28 02:00:00,271.45000000,273.36000000,267.39000000,273.17000000,5847395.55500000
2025-05-28 06:00:00,273.17000000,274.61000000,268.55000000,268.75000000,6058065.67400000
2025-05-28 10:00:00,268.75000000,270.92000000,266.81000000,269.74000000,4557195.91800000
2025-05-28 14:00:00,269.74000000,270.92000000,263.85000000,264.01000000,7486037.27200000
2025-05-28 18:00:00,264.01000000,266.53000000,260.97000000,261.08000000,5123060.75900000
2025-05-28 22:00:00,261.08000000,265.29000000,260.19000000,264.87000000,5065739.35400000
2025-05-29 02:00:00,264.87000000,274.26000000,262.72000000,271.07000000,10420900.84100000
2025-05-29 06:00:00,271.07000000,273.78000000,265.69000000,269.63000000,10304703.73300000
2025-05-29 10:00:00,269.63000000,269.72000000,265.15000000,266.25000000,5729800.53800000
2025-05-29 14:00:00,266.25000000,266.25000000,252.51000000,255.27000000,19550091.05400000
2025-05-29 18:00:00,255.27000000,258.50000000,253.14000000,253.18000000,8812729.78000000
2025-05-29 22:00:00,253.18000000,255.58000000,248.86000000,249.96000000,7744715.27600000
2025-05-30 02:00:00,249.96000000,252.85000000,241.01000000,249.64000000,15141037.15700000
2025-05-30 06:00:00,249.64000000,253.96000000,248.89000000,250.21000000,7814387.91300000
2025-05-30 10:00:00,250.21000000,251.44000000,247.29000000,249.54000000,6903108.37900000
2025-05-30 14:00:00,249.54000000,251.88000000,244.71000000,246.52000000,8997085.90900000
2025-05-30 18:00:00,246.52000000,255.17000000,240.00000000,253.78000000,14067422.11000000
2025-05-30 22:00:00,253.78000000,256.19000000,248.53000000,250.79000000,11462529.65800000
2025-05-31 02:00:00,250.79000000,251.91000000,242.08000000,250.13000000,16651685.79500000
2025-05-31 06:00:00,250.13000000,253.63000000,247.12000000,248.52000000,9154278.97100000
2025-05-31 10:00:00,248.52000000,251.18000000,247.14000000,247.21000000,7871636.32700000
2025-05-31 14:00:00,247.21000000,252.43000000,246.25000000,248.50000000,10118477.58000000
2025-05-31 18:00:00,248.50000000,253.93000000,247.54000000,253.59000000,6058880.97300000
2025-05-31 22:00:00,253.59000000,254.29000000,246.69000000,246.93000000,5097929.62900000
2025-06-01 02:00:00,246.93000000,246.93000000,237.47000000,241.07000000,12862711.72900000
2025-06-01 06:00:00,241.07000000,245.42000000,240.88000000,241.34000000,6182787.78300000
2025-06-01 10:00:00,241.34000000,242.79000000,238.24000000,239.99000000,6033320.57200000
2025-06-01 14:00:00,239.99000000,250.26000000,239.07000000,250.20000000,7947318.67100000
2025-06-01 18:00:00,250.20000000,254.43000000,244.00000000,245.16000000,14655813.19300000
2025-06-01 22:00:00,245.16000000,249.11000000,244.05000000,245.97000000,4564211.73400000
2025-06-02 02:00:00,245.97000000,246.51000000,240.94000000,241.13000000,5816950.13300000
2025-06-02 06:00:00,241.13000000,243.53000000,239.38000000,243.43000000,5485086.03900000
2025-06-02 10:00:00,243.43000000,244.47000000,239.09000000,241.96000000,6850371.37400000
2025-06-02 14:00:00,241.96000000,253.23000000,241.91000000,251.80000000,14573079.72100000
2025-06-02 18:00:00,251.80000000,254.56000000,249.21000000,250.83000000,7641091.08300000
2025-06-02 22:00:00,250.83000000,258.02000000,250.17000000,257.67000000,6582185.94800000
2025-06-03 02:00:00,257.67000000,259.85000000,254.42000000,256.36000000,7858497.25400000
2025-06-03 06:00:00,256.36000000,258.59000000,254.13000000,258.27000000,4216374.62300000
2025-06-03 10:00:00,258.27000000,260.19000000,255.94000000,259.15000000,5573090.43800000
2025-06-03 14:00:00,259.15000000,272.91000000,258.94000000,269.12000000,18417059.01800000
2025-06-03 18:00:00,269.12000000,270.52000000,266.38000000,268.58000000,6772688.99700000
2025-06-03 22:00:00,268.58000000,268.93000000,263.21000000,266.33000000,5852714.58500000
2025-06-04 02:00:00,266.33000000,268.27000000,262.67000000,266.63000000,5832371.46900000
2025-06-04 06:00:00,266.63000000,268.02000000,262.74000000,265.39000000,4661850.32700000
2025-06-04 10:00:00,265.39000000,272.76000000,265.32000000,268.86000000,10025363.03600000
2025-06-04 14:00:00,268.86000000,275.81000000,266.75000000,273.26000000,15220361.16100000
2025-06-04 18:00:00,273.26000000,273.57000000,265.42000000,266.14000000,8145992.86300000
2025-06-04 22:00:00,266.14000000,266.38000000,263.01000000,264.03000000,6069348.83600000
2025-06-05 02:00:00,264.03000000,266.28000000,262.09000000,264.23000000,5026321.91400000
2025-06-05 06:00:00,264.23000000,266.31000000,260.60000000,260.94000000,7171413.43700000
2025-06-05 10:00:00,260.94000000,263.83000000,259.54000000,261.20000000,5914539.25500000
2025-06-05 14:00:00,261.20000000,266.81000000,258.05000000,260.29000000,13104080.99500000
2025-06-05 18:00:00,260.29000000,260.69000000,249.71000000,251.23000000,15603787.41900000
2025-06-05 22:00:00,251.23000000,251.94000000,240.00000000,241.55000000,14601376.45700000
2025-06-06 02:00:00,241.55000000,248.83000000,239.67000000,248.69000000,6574128.39100000
2025-06-06 06:00:00,248.69000000,249.07000000,245.17000000,248.00000000,5155164.39600000
2025-06-06 10:00:00,248.00000000,251.91000000,247.77000000,250.13000000,6170392.53700000
2025-06-06 14:00:00,250.13000000,254.17000000,247.84000000,252.83000000,10018329.55900000
2025-06-06 18:00:00,252.83000000,254.99000000,250.22000000,250.31000000,6830505.17100000
2025-06-06 22:00:00,250.31000000,254.33000000,249.80000000,250.78000000,3871384.23900000
2025-06-07 02:00:00,250.78000000,254.26000000,249.21000000,253.44000000,4087682.98900000
2025-06-07 06:00:00,253.44000000,254.82000000,251.73000000,253.51000000,3781967.58100000
2025-06-07 10:00:00,253.51000000,254.37000000,251.71000000,252.97000000,2769001.41100000
2025-06-07 14:00:00,252.97000000,258.55000000,252.83000000,258.27000000,5826875.51700000
2025-06-07 18:00:00,258.27000000,259.78000000,255.95000000,257.44000000,4370630.02700000
2025-06-07 22:00:00,257.44000000,260.44000000,257.21000000,257.37000000,3461602.72900000
2025-06-08 02:00:00,257.37000000,257.46000000,254.38000000,255.86000000,3183829.99600000
2025-06-08 06:00:00,255.86000000,255.89000000,253.91000000,254.43000000,2489595.19000000
2025-06-08 10:00:00,254.43000000,255.11000000,252.05000000,254.22000000,4031436.28600000
2025-06-08 14:00:00,254.22000000,255.19000000,252.05000000,252.97000000,3823512.00800000
2025-06-08 18:00:00,252.97000000,257.06000000,252.76000000,255.62000000,4392796.81500000
2025-06-08 22:00:00,255.62000000,257.07000000,253.33000000,253.68000000,3437236.18500000
2025-06-09 02:00:00,253.68000000,254.30000000,250.21000000,251.62000000,4686072.30400000
2025-06-09 06:00:00,251.62000000,255.37000000,250.91000000,254.15000000,4434591.88400000
2025-06-09 10:00:00,254.15000000,260.91000000,252.23000000,260.07000000,10232955.99400000
2025-06-09 14:00:00,260.07000000,263.54000000,258.37000000,262.24000000,8638715.40600000
2025-06-09 18:00:00,262.24000000,268.72000000,261.70000000,268.23000000,8710608.25700000
2025-06-09 22:00:00,268.23000000,285.59000000,267.02000000,283.21000000,13019787.90000000
2025-06-10 02:00:00,283.21000000,291.93000000,282.69000000,290.04000000,15324832.11500000
2025-06-10 06:00:00,290.04000000,294.29000000,288.33000000,290.74000000,14149516.40900000
2025-06-10 10:00:00,290.74000000,317.70000000,288.67000000,313.68000000,36927607.95900000
2025-06-10 14:00:00,313.68000000,317.44000000,301.24000000,304.92000000,36146202.20400000
2025-06-10 18:00:00,304.92000000,310.41000000,302.19000000,306.24000000,16025832.47100000
2025-06-10 22:00:00,306.24000000,311.41000000,301.08000000,308.20000000,15770718.48100000
2025-06-11 02:00:00,308.20000000,309.93000000,304.42000000,309.51000000,8872837.51000000
2025-06-11 06:00:00,309.51000000,312.94000000,307.96000000,310.42000000,9460558.33300000
2025-06-11 10:00:00,310.42000000,310.76000000,305.17000000,308.25000000,8957802.00600000
2025-06-11 14:00:00,308.25000000,325.39000000,307.02000000,315.53000000,31762485.33300000
2025-06-11 18:00:00,315.53000000,315.59000000,305.25000000,305.64000000,13856111.61500000
2025-06-11 22:00:00,305.64000000,309.53000000,300.22000000,303.66000000,10838107.72700000
2025-06-12 02:00:00,303.66000000,305.69000000,295.70000000,297.46000000,13135446.53500000
2025-06-12 06:00:00,297.46000000,301.21000000,294.94000000,295.77000000,7840030.54500000
2025-06-12 10:00:00,295.77000000,297.49000000,292.42000000,293.39000000,9771457.49800000
2025-06-12 14:00:00,293.39000000,301.25000000,292.18000000,297.03000000,13490075.63900000
2025-06-12 18:00:00,297.03000000,309.08000000,295.37000000,297.01000000,14605860.93700000
2025-06-12 22:00:00,297.01000000,298.70000000,288.47000000,293.79000000,13787584.91400000
2025-06-13 02:00:00,293.79000000,294.09000000,262.51000000,272.28000000,35470564.43900000
2025-06-13 06:00:00,272.28000000,285.51000000,266.03000000,280.60000000,19624460.66400000
2025-06-13 10:00:00,280.60000000,288.05000000,280.16000000,284.53000000,18318506.47100000
2025-06-13 14:00:00,284.53000000,287.95000000,276.79000000,284.57000000,20332946.32700000
2025-06-13 18:00:00,284.57000000,288.96000000,277.36000000,281.07000000,14540410.40800000
2025-06-13 22:00:00,281.07000000,291.30000000,278.28000000,290.99000000,8485776.32700000
2025-06-14 02:00:00,290.99000000,291.03000000,285.21000000,286.65000000,9060931.98400000
2025-06-14 06:00:00,286.65000000,287.19000000,277.53000000,277.89000000,9161987.27800000
2025-06-14 10:00:00,277.89000000,278.29000000,273.21000000,277.50000000,9633091.26400000
2025-06-14 14:00:00,277.50000000,278.22000000,270.78000000,272.20000000,9184809.63900000
2025-06-14 18:00:00,272.20000000,274.26000000,268.03000000,272.55000000,9827092.85900000
2025-06-14 22:00:00,272.55000000,278.68000000,271.16000000,275.03000000,6471909.84900000
2025-06-15 02:00:00,275.03000000,278.14000000,274.18000000,275.23000000,4090099.49400000
2025-06-15 06:00:00,275.23000000,277.43000000,271.59000000,272.78000000,6308647.38200000
2025-06-15 10:00:00,272.78000000,276.62000000,270.31000000,275.65000000,5479032.22800000
2025-06-15 14:00:00,275.65000000,278.77000000,273.54000000,273.92000000,6996197.94600000
2025-06-15 18:00:00,273.92000000,275.10000000,271.40000000,272.85000000,5281418.74700000
2025-06-15 22:00:00,272.85000000,275.04000000,266.21000000,274.85000000,7921475.61400000
2025-06-16 02:00:00,274.85000000,280.36000000,271.63000000,277.63000000,9359534.26500000
2025-06-16 06:00:00,277.63000000,291.77000000,277.17000000,289.34000000,15219148.35100000
2025-06-16 10:00:00,289.34000000,291.40000000,281.73000000,285.44000000,13509267.85700000
2025-06-16 14:00:00,285.44000000,293.63000000,283.38000000,288.85000000,16905490.77900000
2025-06-16 18:00:00,288.85000000,290.35000000,285.60000000,288.89000000,6107261.59600000
2025-06-16 22:00:00,288.89000000,289.78000000,274.29000000,275.04000000,12214304.42100000
2025-06-17 02:00:00,275.04000000,283.61000000,271.62000000,281.73000000,14990660.45700000
2025-06-17 06:00:00,281.73000000,283.33000000,275.48000000,275.84000000,6423143.37900000
2025-06-17 10:00:00,275.84000000,277.93000000,267.22000000,270.24000000,9925724.45100000
2025-06-17 14:00:00,270.24000000,272.76000000,263.61000000,266.41000000,15313665.92800000
2025-06-17 18:00:00,266.41000000,273.62000000,261.98000000,271.02000000,13380475.44400000
2025-06-17 22:00:00,271.02000000,271.89000000,266.28000000,266.45000000,7063052.26700000
2025-06-18 02:00:00,266.45000000,269.54000000,264.41000000,267.62000000,5283628.35100000
2025-06-18 06:00:00,267.62000000,269.92000000,263.69000000,265.43000000,5218025.09500000
2025-06-18 10:00:00,265.43000000,267.97000000,258.30000000,261.29000000,10140309.61000000
2025-06-18 14:00:00,261.29000000,264.23000000,255.23000000,259.76000000,12535323.45500000
2025-06-18 18:00:00,259.76000000,260.73000000,255.06000000,257.47000000,9627694.36100000
2025-06-18 22:00:00,257.47000000,263.98000000,256.21000000,258.90000000,6278337.61200000
2025-06-19 02:00:00,258.90000000,262.85000000,257.29000000,259.15000000,6594853.70300000
2025-06-19 06:00:00,259.15000000,260.85000000,256.16000000,259.74000000,5597514.45200000
2025-06-19 10:00:00,259.74000000,266.31000000,259.57000000,263.24000000,9359560.60300000
2025-06-19 14:00:00,263.24000000,264.59000000,248.60000000,250.07000000,16283329.04600000
2025-06-19 18:00:00,250.07000000,254.60000000,249.39000000,252.54000000,6652046.08800000
2025-06-19 22:00:00,252.54000000,257.50000000,251.28000000,255.46000000,8492656.39700000
2025-06-20 02:00:00,255.46000000,257.25000000,253.89000000,254.67000000,5251898.08900000
2025-06-20 06:00:00,254.67000000,259.64000000,251.08000000,259.62000000,7213727.80300000
2025-06-20 10:00:00,259.62000000,262.54000000,257.81000000,260.75000000,7699161.70000000
2025-06-20 14:00:00,260.75000000,264.33000000,253.90000000,254.79000000,15140519.59800000
2025-06-20 18:00:00,254.79000000,255.08000000,241.88000000,247.78000000,21270257.75400000
2025-06-20 22:00:00,247.78000000,252.23000000,245.02000000,247.20000000,6439661.16000000
2025-06-21 02:00:00,247.20000000,248.63000000,245.82000000,246.77000000,4320061.67900000
2025-06-21 06:00:00,246.77000000,249.93000000,246.32000000,247.14000000,3815524.36000000
2025-06-21 10:00:00,247.14000000,249.42000000,246.18000000,248.84000000,4459202.41500000
2025-06-21 14:00:00,248.84000000,249.76000000,242.57000000,244.56000000,6581679.12400000
2025-06-21 18:00:00,244.56000000,245.62000000,240.35000000,242.47000000,7043405.34700000
2025-06-21 22:00:00,242.47000000,246.27000000,226.86000000,234.55000000,14310941.66600000
2025-06-22 02:00:00,234.55000000,238.81000000,229.33000000,231.05000000,10614948.46600000
2025-06-22 06:00:00,231.05000000,236.63000000,230.56000000,232.48000000,5693208.18300000
2025-06-22 10:00:00,232.48000000,232.75000000,225.79000000,229.67000000,7583883.30900000
2025-06-22 14:00:00,229.67000000,232.94000000,218.53000000,222.07000000,19093603.69900000
2025-06-22 18:00:00,222.07000000,224.89000000,216.76000000,217.92000000,8273153.26700000
2025-06-22 22:00:00,217.92000000,227.78000000,212.89000000,227.73000000,13217995.28600000
2025-06-23 02:00:00,227.73000000,231.38000000,226.03000000,230.11000000,6362809.05000000
2025-06-23 06:00:00,230.11000000,234.39000000,228.48000000,232.05000000,8048911.48300000
2025-06-23 10:00:00,232.05000000,232.69000000,228.73000000,229.69000000,6302985.61000000
2025-06-23 14:00:00,229.69000000,236.23000000,226.83000000,228.59000000,13972525.81100000
2025-06-23 18:00:00,228.59000000,244.74000000,221.61000000,244.37000000,18435674.36500000
2025-06-23 22:00:00,244.37000000,258.17000000,241.99000000,256.86000000,18169048.97100000
2025-06-24 02:00:00,256.86000000,260.36000000,252.91000000,259.36000000,8912731.90400000
2025-06-24 06:00:00,259.36000000,264.07000000,257.39000000,257.58000000,11719621.30800000
2025-06-24 10:00:00,257.58000000,264.63000000,255.21000000,260.94000000,15232371.90000000
2025-06-24 14:00:00,260.94000000,263.07000000,257.65000000,260.98000000,7353197.23000000
2025-06-24 18:00:00,260.98000000,269.46000000,260.35000000,264.46000000,11779903.99600000
2025-06-24 22:00:00,264.46000000,266.44000000,261.86000000,263.95000000,4309427.03200000
2025-06-25 02:00:00,263.95000000,270.84000000,262.31000000,265.68000000,8019555.60600000
2025-06-25 06:00:00,265.68000000,266.30000000,262.70000000,264.91000000,3972206.10800000
2025-06-25 10:00:00,264.91000000,265.77000000,259.27000000,260.59000000,7427597.44100000
2025-06-25 14:00:00,260.59000000,263.77000000,256.14000000,256.96000000,13006355.01200000
2025-06-25 18:00:00,256.96000000,259.64000000,255.38000000,258.01000000,5588763.62500000
2025-06-25 22:00:00,258.01000000,260.11000000,254.19000000,255.82000000,3648273.23600000
2025-06-26 02:00:00,255.82000000,265.36000000,254.65000000,262.46000000,8068055.41100000
2025-06-26 06:00:00,262.46000000,264.36000000,258.22000000,261.76000000,6048756.05600000
2025-06-26 10:00:00,261.76000000,264.36000000,255.57000000,255.84000000,6867902.63100000
2025-06-26 14:00:00,255.84000000,256.81000000,250.91000000,253.61000000,9956186.90700000
2025-06-26 18:00:00,253.61000000,254.74000000,250.08000000,253.56000000,6017431.59200000
2025-06-26 22:00:00,253.56000000,258.74000000,249.08000000,250.19000000,6992276.09700000
2025-06-27 02:00:00,250.19000000,256.45000000,248.53000000,255.95000000,5442164.86300000
2025-06-27 06:00:00,255.95000000,259.57000000,254.92000000,256.33000000,5225657.92800000
2025-06-27 10:00:00,256.33000000,263.47000000,256.33000000,261.24000000,8570468.03800000
2025-06-27 14:00:00,261.24000000,266.03000000,257.82000000,264.77000000,9014673.27200000
2025-06-27 18:00:00,264.77000000,266.39000000,252.93000000,256.85000000,12824996.61700000
2025-06-27 22:00:00,256.85000000,259.30000000,255.28000000,259.12000000,3929850.39700000
2025-06-28 02:00:00,259.12000000,259.49000000,255.58000000,256.99000000,3501017.40100000
2025-06-28 06:00:00,256.99000000,257.09000000,254.89000000,256.37000000,2881992.64300000
2025-06-28 10:00:00,256.37000000,256.95000000,253.74000000,254.91000000,3584946.53000000
2025-06-28 14:00:00,254.91000000,257.24000000,252.99000000,256.95000000,3945396.44400000
2025-06-28 18:00:00,256.95000000,258.71000000,255.12000000,257.26000000,6002221.31600000
2025-06-28 22:00:00,257.26000000,261.80000000,256.87000000,259.76000000,3961537.77100000
2025-06-29 02:00:00,259.76000000,260.94000000,257.13000000,257.16000000,3111667.64500000
2025-06-29 06:00:00,257.16000000,264.47000000,256.27000000,264.44000000,4340113.84400000
2025-06-29 10:00:00,264.44000000,273.81000000,263.19000000,272.44000000,11293101.83100000
2025-06-29 14:00:00,272.44000000,274.80000000,269.77000000,271.77000000,8845526.96800000
2025-06-29 18:00:00,271.77000000,277.40000000,270.25000000,274.99000000,6640724.67400000
2025-06-29 22:00:00,274.99000000,280.65000000,271.03000000,278.39000000,9802376.35900000
2025-06-30 02:00:00,278.39000000,280.84000000,274.91000000,275.57000000,8079277.83600000
2025-06-30 06:00:00,275.57000000,276.71000000,270.22000000,273.28000000,5357616.25100000
2025-06-30 10:00:00,273.28000000,273.61000000,268.92000000,269.96000000,5635758.70600000
2025-06-30 14:00:00,269.96000000,276.38000000,268.35000000,275.75000000,10538846.74300000
2025-06-30 18:00:00,275.75000000,283.51000000,271.79000000,282.97000000,8976529.85600000
2025-06-30 22:00:00,282.97000000,284.82000000,272.56000000,274.31000000,11359438.39300000
2025-07-01 02:00:00,274.31000000,277.23000000,273.21000000,274.44000000,5091628.26200000
2025-07-01 06:00:00,274.44000000,274.45000000,267.64000000,270.99000000,7126884.74100000
2025-07-01 10:00:00,270.99000000,271.05000000,267.03000000,267.89000000,5399320.39400000
2025-07-01 14:00:00,267.89000000,268.07000000,262.58000000,264.99000000,10015816.55100000
2025-07-01 18:00:00,264.99000000,266.42000000,261.91000000,261.95000000,5142348.09400000
2025-07-01 22:00:00,261.95000000,264.34000000,259.44000000,259.75000000,3859712.49000000
2025-07-02 02:00:00,259.75000000,261.22000000,257.24000000,260.49000000,5789739.29700000
2025-07-02 06:00:00,260.49000000,263.85000000,258.90000000,262.36000000,6597474.37200000
2025-07-02 10:00:00,262.36000000,265.57000000,262.42000000,264.14000000,6413724.48100000
2025-07-02 14:00:00,264.14000000,273.87000000,262.14000000,273.82000000,11521334.60500000
2025-07-02 18:00:00,273.82000000,283.92000000,272.71000000,279.76000000,17706805.48700000
2025-07-02 22:00:00,279.76000000,282.22000000,275.62000000,276.05000000,7081849.00400000
2025-07-03 02:00:00,276.05000000,277.14000000,272.82000000,273.01000000,5368116.76800000
2025-07-03 06:00:00,273.01000000,282.56000000,272.73000000,282.56000000,8464888.94800000
2025-07-03 10:00:00,282.56000000,284.80000000,278.12000000,280.77000000,9025372.88500000
2025-07-03 14:00:00,280.77000000,285.47000000,274.28000000,275.55000000,21978543.01100000
2025-07-03 18:00:00,275.55000000,280.58000000,275.40000000,278.94000000,5374322.67300000
2025-07-03 22:00:00,278.94000000,281.75000000,278.71000000,279.26000000,4120291.21800000
2025-07-04 02:00:00,279.26000000,282.85000000,276.26000000,276.66000000,5949640.54200000
2025-07-04 06:00:00,276.66000000,277.39000000,269.78000000,270.01000000,8151746.97000000
2025-07-04 10:00:00,270.01000000,271.89000000,268.03000000,268.44000000,6324168.41100000
2025-07-04 14:00:00,268.44000000,269.40000000,260.50000000,261.72000000,11335320.73700000
2025-07-04 18:00:00,261.72000000,262.96000000,258.38000000,261.49000000,6583436.51100000
2025-07-04 22:00:00,261.49000000,267.61000000,261.05000000,265.84000000,4788213.83900000
2025-07-05 02:00:00,265.84000000,269.82000000,264.88000000,268.15000000,3852962.41700000
2025-07-05 06:00:00,268.15000000,271.19000000,266.88000000,270.31000000,3663556.97700000
2025-07-05 10:00:00,270.31000000,275.51000000,268.08000000,273.48000000,6479508.42600000
2025-07-05 14:00:00,273.48000000,274.16000000,269.84000000,269.96000000,5721804.56300000
2025-07-05 18:00:00,269.96000000,271.96000000,267.11000000,271.12000000,5446965.04800000
2025-07-05 22:00:00,271.12000000,276.57000000,270.06000000,273.37000000,5656001.37800000
2025-07-06 02:00:00,273.37000000,274.19000000,271.37000000,273.47000000,3180642.66800000
2025-07-06 06:00:00,273.47000000,274.00000000,271.07000000,271.28000000,2907956.26200000
2025-07-06 10:00:00,271.28000000,272.53000000,269.69000000,271.09000000,4222374.04300000
2025-07-06 14:00:00,271.09000000,278.66000000,270.14000000,275.95000000,8726354.95600000
2025-07-06 18:00:00,275.95000000,277.23000000,273.37000000,276.49000000,4125301.31900000
2025-07-06 22:00:00,276.49000000,291.69000000,276.42000000,287.20000000,11775324.28000000
2025-07-07 02:00:00,287.20000000,288.97000000,283.13000000,287.16000000,6294652.33700000
2025-07-07 06:00:00,287.16000000,289.85000000,285.23000000,287.16000000,5794316.24000000
2025-07-07 10:00:00,287.16000000,288.38000000,285.31000000,287.16000000,5720321.06700000
2025-07-07 14:00:00,287.16000000,290.62000000,284.75000000,286.51000000,12534539.56100000
2025-07-07 18:00:00,286.51000000,287.68000000,279.06000000,280.97000000,12227532.98700000
2025-07-07 22:00:00,280.97000000,283.50000000,277.29000000,283.01000000,7404716.09700000
2025-07-08 02:00:00,283.01000000,284.79000000,277.24000000,279.38000000,7111867.92100000
2025-07-08 06:00:00,279.38000000,282.99000000,278.93000000,282.79000000,4516445.40200000
2025-07-08 10:00:00,282.79000000,288.28000000,280.61000000,288.19000000,6653311.02400000
2025-07-08 14:00:00,288.19000000,290.80000000,284.51000000,285.28000000,12098996.34100000
2025-07-08 18:00:00,285.28000000,294.85000000,283.67000000,290.80000000,12090233.00400000
2025-07-08 22:00:00,290.80000000,293.80000000,289.09000000,292.86000000,4137027.76400000
2025-07-09 02:00:00,292.86000000,294.88000000,289.99000000,290.45000000,5158245.00100000
2025-07-09 06:00:00,290.45000000,303.09000000,290.25000000,298.80000000,11901019.44000000
2025-07-09 10:00:00,298.80000000,301.36000000,296.77000000,298.79000000,7881798.51600000
2025-07-09 14:00:00,298.79000000,302.37000000,295.65000000,297.88000000,11357574.96200000
2025-07-09 18:00:00,297.88000000,304.77000000,294.70000000,302.65000000,13566139.98000000
2025-07-09 22:00:00,302.65000000,306.59000000,295.66000000,301.47000000,11882165.93200000
2025-07-10 02:00:00,301.47000000,302.28000000,297.80000000,298.59000000,6208102.79600000
2025-07-10 06:00:00,298.59000000,299.61000000,295.74000000,297.10000000,9460777.83400000
2025-07-10 10:00:00,297.10000000,297.63000000,293.13000000,294.53000000,9100820.77400000
2025-07-10 14:00:00,294.53000000,296.48000000,292.16000000,295.97000000,11077638.73700000
2025-07-10 18:00:00,295.97000000,307.95000000,295.62000000,305.57000000,22102759.16000000
2025-07-10 22:00:00,305.57000000,315.91000000,304.41000000,308.68000000,14189043.27800000
2025-07-11 02:00:00,308.68000000,309.09000000,303.11000000,306.12000000,8867164.48700000
2025-07-11 06:00:00,306.12000000,315.50000000,303.88000000,308.29000000,15002108.58800000
2025-07-11 10:00:00,308.29000000,318.20000000,308.20000000,314.25000000,13998967.73600000
2025-07-11 14:00:00,314.25000000,315.06000000,302.76000000,304.20000000,17694335.88900000
2025-07-11 18:00:00,304.20000000,309.89000000,303.69000000,308.55000000,11756412.32000000
2025-07-11 22:00:00,308.55000000,308.78000000,294.10000000,297.38000000,13873284.60600000
2025-07-12 02:00:00,297.38000000,302.23000000,292.71000000,300.77000000,8385735.61600000
2025-07-12 06:00:00,300.77000000,302.67000000,296.79000000,301.96000000,5756860.05400000
2025-07-12 10:00:00,301.96000000,306.78000000,301.55000000,303.44000000,7916115.96800000
2025-07-12 14:00:00,303.44000000,304.09000000,292.74000000,295.51000000,13798229.08300000
2025-07-12 18:00:00,295.51000000,301.82000000,294.65000000,301.09000000,6479115.69800000
2025-07-12 22:00:00,301.09000000,302.99000000,298.14000000,302.11000000,6001318.27600000
2025-07-13 02:00:00,302.11000000,303.23000000,299.84000000,302.55000000,4862245.50400000
2025-07-13 06:00:00,302.55000000,305.55000000,300.48000000,304.52000000,4624306.30700000
2025-07-13 10:00:00,304.52000000,305.13000000,300.90000000,302.54000000,4866164.14500000
2025-07-13 14:00:00,302.54000000,317.70000000,302.37000000,311.53000000,19271390.23600000
2025-07-13 18:00:00,311.53000000,314.86000000,307.61000000,311.76000000,8149934.04700000
2025-07-13 22:00:00,311.76000000,312.69000000,303.79000000,305.59000000,8382876.49800000
2025-07-14 02:00:00,305.59000000,325.18000000,305.07000000,324.05000000,14634149.95400000
2025-07-14 06:00:00,324.05000000,327.77000000,318.63000000,324.36000000,15477248.95100000
2025-07-14 10:00:00,324.36000000,331.73000000,320.01000000,323.84000000,15195857.07500000
2025-07-14 14:00:00,323.84000000,327.81000000,316.63000000,319.96000000,16165474.99400000
2025-07-14 18:00:00,319.96000000,321.72000000,312.22000000,313.89000000,16089178.82200000
2025-07-14 22:00:00,313.89000000,317.30000000,310.76000000,315.03000000,8175547.91000000
2025-07-15 02:00:00,315.03000000,316.61000000,304.94000000,308.20000000,15254073.30400000
2025-07-15 06:00:00,308.20000000,317.87000000,306.19000000,313.45000000,10523764.22000000
2025-07-15 10:00:00,313.45000000,315.60000000,308.59000000,310.41000000,8298159.16900000
2025-07-15 14:00:00,310.41000000,324.32000000,308.28000000,323.40000000,28965445.34700000
2025-07-15 18:00:00,323.40000000,331.62000000,317.29000000,317.55000000,21925131.04300000
2025-07-15 22:00:00,317.55000000,330.19000000,315.99000000,327.49000000,18749224.81200000
2025-07-16 02:00:00,327.49000000,330.83000000,321.45000000,323.34000000,9925003.69300000
2025-07-16 06:00:00,323.34000000,335.14000000,321.11000000,332.58000000,13516257.75000000
2025-07-16 10:00:00,332.58000000,333.53000000,328.27000000,329.23000000,7213393.13900000
2025-07-16 14:00:00,329.23000000,334.97000000,323.78000000,326.45000000,14062212.92400000
2025-07-16 18:00:00,326.45000000,333.95000000,324.18000000,330.17000000,12215424.68100000
2025-07-16 22:00:00,330.17000000,333.42000000,321.26000000,323.17000000,12410830.85200000
2025-07-17 02:00:00,323.17000000,327.45000000,316.30000000,317.46000000,11724570.01000000
2025-07-17 06:00:00,317.46000000,326.42000000,316.48000000,324.31000000,11218676.03300000
2025-07-17 10:00:00,324.31000000,331.84000000,321.02000000,322.09000000,13309843.20900000
2025-07-17 14:00:00,322.09000000,326.03000000,317.46000000,324.54000000,12695153.31200000
2025-07-17 18:00:00,324.54000000,325.49000000,315.22000000,316.88000000,15599277.60400000
2025-07-17 22:00:00,316.88000000,324.80000000,312.33000000,321.69000000,16865487.31400000
2025-07-18 02:00:00,321.69000000,330.03000000,316.85000000,328.15000000,20767825.84000000
2025-07-18 06:00:00,328.15000000,338.14000000,325.69000000,327.69000000,23238201.69000000
2025-07-18 10:00:00,327.69000000,333.06000000,324.58000000,328.36000000,16789839.25200000
2025-07-18 14:00:00,328.36000000,334.82000000,314.19000000,317.46000000,25728126.80100000
2025-07-18 18:00:00,317.46000000,324.72000000,315.33000000,317.95000000,12134871.00400000
2025-07-18 22:00:00,317.95000000,326.12000000,311.37000000,324.42000000,14224025.75900000
2025-07-19 02:00:00,324.42000000,325.83000000,315.83000000,321.40000000,7218975.48000000
2025-07-19 06:00:00,321.40000000,323.35000000,315.72000000,316.34000000,6010416.86700000
2025-07-19 10:00:00,316.34000000,316.92000000,312.66000000,314.12000000,6363441.41800000
2025-07-19 14:00:00,314.12000000,316.74000000,311.80000000,315.41000000,6880655.95800000
2025-07-19 18:00:00,315.41000000,318.22000000,313.19000000,316.26000000,5834297.40700000
2025-07-19 22:00:00,316.26000000,319.34000000,312.63000000,319.15000000,4962916.58400000
2025-07-20 02:00:00,319.15000000,324.49000000,317.23000000,322.05000000,6523790.04000000
2025-07-20 06:00:00,322.05000000,327.87000000,320.85000000,325.77000000,5505031.38500000
2025-07-20 10:00:00,325.77000000,329.20000000,324.29000000,327.91000000,9575347.53700000
2025-07-20 14:00:00,327.91000000,334.69000000,324.70000000,333.87000000,8059873.47400000
2025-07-20 18:00:00,333.87000000,335.40000000,325.09000000,327.19000000,12438970.19700000
2025-07-20 22:00:00,327.19000000,328.11000000,318.84000000,324.35000000,9984054.88300000
2025-07-21 02:00:00,324.35000000,331.78000000,318.64000000,330.35000000,9950854.78800000
2025-07-21 06:00:00,330.35000000,334.65000000,328.25000000,330.46000000,7713444.29500000
2025-07-21 10:00:00,330.46000000,333.48000000,328.06000000,330.65000000,7640198.77300000
2025-07-21 14:00:00,330.65000000,334.83000000,326.86000000,327.00000000,16730262.60500000
2025-07-21 18:00:00,327.00000000,327.25000000,318.04000000,320.57000000,16564125.92700000
2025-07-21 22:00:00,320.57000000,323.98000000,318.97000000,322.15000000,5300806.10800000
2025-07-22 02:00:00,322.15000000,324.46000000,313.42000000,316.35000000,14139282.60000000
2025-07-22 06:00:00,316.35000000,316.93000000,307.03000000,309.62000000,15410361.22900000
2025-07-22 10:00:00,309.62000000,312.59000000,304.43000000,311.07000000,11377161.87100000
2025-07-22 14:00:00,311.07000000,311.78000000,302.16000000,307.10000000,15372127.76800000
2025-07-22 18:00:00,307.10000000,309.32000000,300.03000000,301.56000000,12938750.64200000
2025-07-22 22:00:00,301.56000000,311.08000000,300.48000000,310.53000000,8143522.61000000
2025-07-23 02:00:00,310.53000000,311.78000000,305.16000000,305.86000000,8324549.46500000
2025-07-23 06:00:00,305.86000000,308.50000000,300.94000000,301.77000000,8512352.91000000
2025-07-23 10:00:00,301.77000000,304.06000000,298.67000000,300.03000000,8557346.93400000
2025-07-23 14:00:00,300.03000000,300.07000000,285.85000000,293.91000000,22743959.81900000
2025-07-23 18:00:00,293.91000000,294.58000000,283.86000000,290.07000000,12017171.60400000
2025-07-23 22:00:00,290.07000000,291.76000000,282.07000000,290.24000000,11327328.97800000
2025-07-24 02:00:00,290.24000000,293.91000000,288.71000000,290.56000000,5667834.07500000
2025-07-24 06:00:00,290.56000000,291.58000000,276.04000000,284.81000000,16826728.43200000
2025-07-24 10:00:00,284.81000000,290.76000000,282.58000000,289.69000000,9518715.04900000
2025-07-24 14:00:00,289.69000000,295.22000000,283.80000000,290.99000000,12364273.44300000
2025-07-24 18:00:00,290.99000000,294.30000000,285.55000000,292.28000000,9165257.68300000
2025-07-24 22:00:00,292.28000000,295.39000000,285.00000000,285.99000000,6646422.01700000
2025-07-25 02:00:00,285.99000000,288.94000000,279.97000000,284.14000000,10142143.49400000
2025-07-25 06:00:00,284.14000000,288.02000000,280.98000000,285.83000000,8113327.88500000
2025-07-25 10:00:00,285.83000000,295.17000000,285.56000000,293.51000000,10610846.02800000
2025-07-25 14:00:00,293.51000000,295.28000000,284.58000000,288.36000000,12005109.47900000
2025-07-25 18:00:00,288.36000000,291.08000000,286.30000000,289.47000000,4744967.08400000
2025-07-25 22:00:00,289.47000000,294.61000000,287.73000000,294.00000000,5266754.70100000
2025-07-26 02:00:00,294.00000000,298.96000000,292.20000000,297.91000000,5478276.28400000
2025-07-26 06:00:00,297.91000000,299.64000000,295.82000000,295.93000000,3581762.71100000
2025-07-26 10:00:00,295.93000000,298.96000000,295.94000000,296.32000000,3837669.99700000
2025-07-26 14:00:00,296.32000000,297.92000000,293.21000000,294.82000000,4132712.38100000
2025-07-26 18:00:00,294.82000000,297.52000000,292.62000000,297.33000000,3722938.68200000
2025-07-26 22:00:00,297.33000000,298.99000000,294.44000000,294.82000000,2856924.26800000
2025-07-27 02:00:00,294.82000000,298.07000000,294.12000000,295.84000000,2842705.03300000
2025-07-27 06:00:00,295.84000000,299.16000000,295.09000000,295.77000000,3187114.51200000
2025-07-27 10:00:00,295.77000000,298.78000000,293.88000000,295.81000000,4665148.33400000
2025-07-27 14:00:00,295.81000000,297.87000000,294.26000000,296.87000000,3355508.16900000
2025-07-27 18:00:00,296.87000000,301.56000000,296.60000000,298.01000000,8561366.89100000
2025-07-27 22:00:00,298.01000000,305.57000000,297.25000000,304.77000000,9180258.44900000
2025-07-28 02:00:00,304.77000000,307.12000000,300.85000000,303.92000000,7431130.15100000
2025-07-28 06:00:00,303.92000000,308.88000000,302.64000000,305.87000000,6978634.83800000
2025-07-28 10:00:00,305.87000000,307.19000000,302.76000000,303.88000000,4554798.68100000
2025-07-28 14:00:00,303.88000000,304.52000000,291.00000000,291.98000000,12771172.37700000
2025-07-28 18:00:00,291.98000000,293.75000000,286.85000000,289.34000000,8030075.80600000
2025-07-28 22:00:00,289.34000000,290.10000000,285.59000000,288.80000000,4976904.36600000
2025-07-29 02:00:00,288.80000000,291.65000000,284.17000000,290.10000000,5639619.41100000
2025-07-29 06:00:00,290.10000000,295.51000000,286.85000000,295.25000000,4189811.04000000
2025-07-29 10:00:00,295.25000000,295.41000000,285.01000000,286.20000000,5699970.52000000
2025-07-29 14:00:00,286.20000000,291.72000000,280.30000000,282.54000000,9007736.58100000
2025-07-29 18:00:00,282.54000000,285.60000000,279.04000000,281.71000000,5061450.35400000
2025-07-29 22:00:00,281.71000000,283.95000000,279.17000000,282.21000000,3323167.30300000
2025-07-30 02:00:00,282.21000000,284.61000000,278.23000000,283.35000000,3295318.39200000
2025-07-30 06:00:00,283.35000000,284.21000000,279.66000000,281.69000000,2805444.34700000
2025-07-30 10:00:00,281.69000000,283.22000000,272.01000000,273.68000000,6144753.22100000
2025-07-30 14:00:00,273.68000000,279.69000000,271.93000000,276.05000000,6931262.15600000
2025-07-30 18:00:00,276.05000000,279.45000000,263.96000000,272.99000000,10842005.91700000
2025-07-30 22:00:00,272.99000000,275.89000000,269.23000000,274.51000000,4277920.27100000
2025-07-31 02:00:00,274.51000000,280.08000000,273.09000000,278.93000000,3064452.83100000
2025-07-31 06:00:00,278.93000000,279.76000000,277.13000000,277.56000000,2336266.26000000
2025-07-31 10:00:00,277.56000000,279.21000000,274.22000000,274.94000000,3035063.20500000
2025-07-31 14:00:00,274.94000000,275.24000000,265.65000000,268.69000000,7804478.64500000
2025-07-31 18:00:00,268.69000000,272.27000000,265.54000000,266.87000000,6127057.60500000
2025-07-31 22:00:00,266.87000000,268.47000000,259.83000000,260.85000000,7073755.67100000
2025-08-01 02:00:00,260.85000000,262.70000000,254.64000000,260.93000000,7237054.25400000
2025-08-01 06:00:00,260.93000000,260.92000000,255.81000000,258.10000000,4126898.77400000
2025-08-01 10:00:00,258.10000000,259.31000000,252.40000000,259.05000000,4841309.92300000
2025-08-01 14:00:00,259.05000000,261.91000000,252.65000000,259.35000000,7902279.70900000
2025-08-01 18:00:00,259.35000000,261.00000000,253.90000000,259.39000000,6153739.53800000
2025-08-01 22:00:00,259.39000000,259.96000000,248.97000000,255.28000000,7084542.65500000
2025-08-02 02:00:00,255.28000000,257.95000000,254.77000000,256.60000000,2243310.30600000
2025-08-02 06:00:00,256.60000000,257.81000000,249.76000000,255.54000000,3014906.84600000
2025-08-02 10:00:00,255.54000000,255.96000000,251.49000000,254.70000000,2413440.75000000
2025-08-02 14:00:00,254.70000000,256.28000000,250.98000000,251.88000000,3285419.43300000
2025-08-02 18:00:00,251.88000000,253.61000000,244.81000000,247.99000000,6254180.83900000
2025-08-02 22:00:00,247.99000000,252.33000000,247.57000000,249.31000000,3145667.36300000
2025-08-03 02:00:00,249.31000000,254.52000000,246.46000000,253.78000000,3104939.60800000
2025-08-03 06:00:00,253.78000000,255.80000000,252.86000000,255.77000000,1797696.99200000
2025-08-03 10:00:00,255.77000000,259.51000000,255.72000000,257.23000000,3509299.43600000
2025-08-03 14:00:00,257.23000000,258.19000000,255.57000000,257.48000000,2728954.70900000
2025-08-03 18:00:00,257.48000000,259.54000000,256.53000000,258.54000000,1844766.69200000
2025-08-03 22:00:00,258.54000000,260.87000000,257.86000000,259.89000000,1956015.38100000
2025-08-04 02:00:00,259.89000000,264.55000000,259.42000000,263.52000000,3997317.83000000
2025-08-04 06:00:00,263.52000000,264.47000000,260.32000000,261.61000000,2254996.18900000
2025-08-04 10:00:00,261.61000000,263.17000000,260.62000000,262.11000000,2482571.58600000
2025-08-04 14:00:00,262.11000000,267.76000000,261.54000000,265.28000000,5717181.02700000
2025-08-04 18:00:00,265.28000000,270.98000000,265.17000000,266.01000000,4295917.69000000
2025-08-04 22:00:00,266.01000000,270.04000000,265.55000000,267.74000000,2824726.10400000
2025-08-05 02:00:00,267.74000000,268.25000000,261.48000000,261.58000000,3598960.58100000
2025-08-05 06:00:00,261.58000000,262.50000000,256.67000000,257.26000000,3678732.93700000
2025-08-05 10:00:00,257.26000000,263.75000000,256.15000000,262.99000000,3220690.35500000
2025-08-05 14:00:00,262.99000000,263.29000000,252.46000000,253.71000000,7102254.28300000
2025-08-05 18:00:00,253.71000000,255.28000000,251.85000000,252.56000000,3077665.74600000
2025-08-05 22:00:00,252.56000000,255.95000000,250.49000000,255.24000000,3032464.28400000
2025-08-06 02:00:00,255.24000000,255.42000000,251.21000000,251.98000000,2289813.07900000
2025-08-06 06:00:00,251.98000000,259.09000000,251.08000000,258.43000000,3586428.20200000
2025-08-06 10:00:00,258.43000000,258.69000000,254.82000000,255.67000000,2775646.72700000
2025-08-06 14:00:00,255.67000000,263.03000000,253.14000000,262.89000000,5609666.03600000
2025-08-06 18:00:00,262.89000000,264.43000000,259.47000000,263.16000000,3428457.25000000
2025-08-06 22:00:00,263.16000000,263.91000000,261.68000000,263.43000000,1979002.87200000
2025-08-07 02:00:00,263.43000000,266.07000000,262.33000000,263.01000000,2849350.03900000
2025-08-07 06:00:00,263.01000000,266.38000000,262.40000000,265.83000000,2423723.45300000
2025-08-07 10:00:00,265.83000000,273.50000000,265.74000000,272.82000000,6720511.32900000
2025-08-07 14:00:00,272.82000000,275.74000000,271.36000000,273.11000000,5419278.71600000
2025-08-07 18:00:00,273.11000000,280.41000000,269.31000000,280.37000000,5852303.47700000
2025-08-07 22:00:00,280.37000000,286.37000000,278.85000000,284.97000000,6388347.23300000
2025-08-08 02:00:00,284.97000000,287.86000000,279.42000000,282.74000000,14629697.01100000
2025-08-08 06:00:00,282.74000000,284.57000000,279.29000000,283.35000000,3705317.76700000
2025-08-08 10:00:00,283.35000000,285.42000000,280.72000000,283.19000000,3189980.07700000
2025-08-08 14:00:00,283.19000000,288.41000000,280.86000000,283.85000000,6868830.87100000
2025-08-08 18:00:00,283.85000000,294.56000000,283.53000000,294.55000000,8309626.82800000
2025-08-08 22:00:00,294.55000000,294.98000000,290.30000000,290.82000000,3319989.78200000
2025-08-09 02:00:00,290.82000000,293.64000000,289.99000000,293.02000000,2723002.49800000
2025-08-09 06:00:00,293.02000000,303.37000000,292.41000000,299.43000000,7625389.77700000
2025-08-09 10:00:00,299.43000000,304.59000000,299.05000000,302.40000000,5250429.45500000
2025-08-09 14:00:00,302.40000000,304.41000000,297.26000000,302.70000000,6164040.90600000
2025-08-09 18:00:00,302.70000000,308.68000000,302.59000000,306.48000000,5429608.71000000
2025-08-09 22:00:00,306.48000000,311.42000000,305.42000000,307.69000000,5720407.32200000
2025-08-10 02:00:00,307.69000000,311.45000000,303.67000000,304.86000000,5821227.31900000
2025-08-10 06:00:00,304.86000000,307.89000000,299.77000000,300.13000000,6294401.53300000
2025-08-10 10:00:00,300.13000000,306.18000000,297.91000000,302.05000000,6199022.86300000
2025-08-10 14:00:00,302.05000000,309.28000000,299.52000000,307.68000000,6495570.84900000
2025-08-10 18:00:00,307.68000000,307.99000000,303.15000000,305.67000000,4235593.79300000
2025-08-10 22:00:00,305.67000000,308.95000000,302.38000000,306.14000000,3462572.80900000
2025-08-11 02:00:00,306.14000000,311.05000000,305.47000000,310.16000000,6921020.59200000
2025-08-11 06:00:00,310.16000000,312.78000000,304.74000000,305.15000000,5507766.26900000
2025-08-11 10:00:00,305.15000000,308.03000000,296.16000000,296.98000000,6724873.89600000
2025-08-11 14:00:00,296.98000000,302.18000000,294.82000000,298.45000000,9253071.93800000
2025-08-11 18:00:00,298.45000000,302.43000000,295.03000000,296.96000000,7406121.56600000
2025-08-11 22:00:00,296.96000000,297.95000000,290.94000000,293.02000000,4513031.40400000
2025-08-12 02:00:00,293.02000000,303.83000000,292.69000000,297.47000000,4559297.16800000
2025-08-12 06:00:00,297.47000000,299.77000000,295.38000000,297.63000000,3631677.39100000
2025-08-12 10:00:00,297.63000000,299.95000000,292.25000000,296.11000000,4618662.11700000
2025-08-12 14:00:00,296.11000000,313.54000000,294.89000000,313.16000000,22441976.71200000
2025-08-12 18:00:00,313.16000000,320.09000000,311.53000000,314.02000000,14937950.80300000
2025-08-12 22:00:00,314.02000000,324.22000000,313.03000000,322.17000000,9233898.45400000
2025-08-13 02:00:00,322.17000000,325.58000000,316.79000000,325.04000000,8073465.17400000
2025-08-13 06:00:00,325.04000000,327.57000000,318.70000000,322.94000000,6612866.36900000
2025-08-13 10:00:00,322.94000000,329.81000000,321.02000000,328.85000000,8650336.64700000
2025-08-13 14:00:00,328.85000000,334.99000000,320.05000000,323.26000000,18316020.93300000
2025-08-13 18:00:00,323.26000000,329.95000000,322.93000000,326.02000000,9057739.10600000
2025-08-13 22:00:00,326.02000000,335.79000000,324.61000000,332.21000000,7466150.88900000
2025-08-14 02:00:00,332.21000000,340.43000000,328.06000000,339.69000000,9839693.22900000
2025-08-14 06:00:00,339.69000000,340.47000000,329.05000000,330.99000000,11012440.44000000
2025-08-14 10:00:00,330.99000000,331.32000000,323.04000000,324.41000000,10090209.71100000
2025-08-14 14:00:00,324.41000000,325.35000000,305.83000000,315.43000000,22190217.74900000
2025-08-14 18:00:00,315.43000000,315.71000000,306.77000000,310.16000000,10589002.10100000
2025-08-14 22:00:00,310.16000000,314.93000000,303.50000000,312.39000000,9577722.27200000
2025-08-15 02:00:00,312.39000000,316.77000000,310.28000000,316.19000000,5272221.88400000
2025-08-15 06:00:00,316.19000000,317.56000000,309.58000000,310.84000000,5079131.45500000
2025-08-15 10:00:00,310.84000000,313.85000000,308.78000000,310.15000000,5632169.24500000
2025-08-15 14:00:00,310.15000000,313.25000000,294.30000000,295.18000000,16218012.00600000
2025-08-15 18:00:00,295.18000000,299.25000000,293.57000000,295.56000000,7194994.29500000
2025-08-15 22:00:00,295.56000000,302.63000000,294.46000000,299.78000000,4555086.06800000
2025-08-16 02:00:00,299.78000000,303.45000000,299.01000000,300.36000000,2969395.94200000
2025-08-16 06:00:00,300.36000000,301.54000000,297.71000000,298.83000000,2291202.96500000
2025-08-16 10:00:00,298.83000000,299.43000000,291.20000000,291.36000000,5610707.62100000
2025-08-16 14:00:00,291.36000000,294.33000000,290.00000000,293.33000000,4981952.56700000
2025-08-16 18:00:00,293.33000000,296.54000000,292.51000000,295.08000000,3110507.05300000
2025-08-16 22:00:00,295.08000000,296.85000000,294.18000000,295.46000000,1972878.82700000
2025-08-17 02:00:00,295.46000000,298.05000000,293.86000000,297.54000000,2615930.32000000
2025-08-17 06:00:00,297.54000000,301.83000000,297.42000000,301.19000000,3470583.54800000
2025-08-17 10:00:00,301.19000000,309.11000000,300.82000000,308.95000000,5936935.61700000
2025-08-17 14:00:00,308.95000000,310.33000000,303.07000000,310.11000000,5109477.93200000
2025-08-17 18:00:00,310.11000000,310.59000000,299.70000000,301.30000000,9612702.02900000
2025-08-17 22:00:00,301.30000000,305.60000000,300.53000000,303.00000000,3529986.16100000
2025-08-18 02:00:00,303.00000000,304.28000000,289.00000000,290.01000000,9573407.74400000
2025-08-18 06:00:00,290.01000000,292.83000000,284.95000000,286.23000000,5444276.23500000
2025-08-18 10:00:00,286.23000000,289.68000000,284.11000000,286.28000000,5481865.91500000
2025-08-18 14:00:00,286.28000000,293.46000000,285.43000000,290.13000000,6415789.18900000
2025-08-18 18:00:00,290.13000000,294.73000000,286.78000000,291.30000000,4687646.69600000
2025-08-18 22:00:00,291.30000000,296.88000000,288.30000000,288.48000000,5355022.65700000
2025-08-19 02:00:00,288.48000000,292.64000000,280.89000000,281.62000000,5684137.71000000
2025-08-19 06:00:00,281.62000000,284.72000000,279.77000000,283.48000000,3853751.26800000
2025-08-19 10:00:00,283.48000000,289.37000000,281.99000000,288.06000000,3271749.51900000
2025-08-19 14:00:00,288.06000000,288.06000000,278.04000000,280.52000000,6915189.45100000
2025-08-19 18:00:00,280.52000000,281.92000000,275.67000000,277.99000000,4774050.12700000
2025-08-19 22:00:00,277.99000000,281.41000000,276.42000000,277.26000000,2908962.04500000
2025-08-20 02:00:00,277.26000000,285.02000000,276.65000000,283.27000000,4005573.87100000
2025-08-20 06:00:00,283.27000000,288.71000000,283.25000000,287.54000000,3059055.43100000
2025-08-20 10:00:00,287.54000000,292.18000000,285.90000000,289.06000000,4438288.76200000
2025-08-20 14:00:00,289.06000000,294.54000000,282.72000000,289.71000000,9296792.18500000
2025-08-20 18:00:00,289.71000000,297.80000000,289.67000000,297.26000000,7032771.71800000
2025-08-20 22:00:00,297.26000000,299.82000000,296.47000000,299.21000000,4869605.58600000
2025-08-21 02:00:00,299.21000000,303.63000000,297.04000000,298.79000000,4725286.88000000
2025-08-21 06:00:00,298.79000000,302.54000000,296.90000000,301.72000000,3991576.35400000
2025-08-21 10:00:00,301.72000000,303.16000000,298.61000000,299.90000000,5354379.55700000
2025-08-21 14:00:00,299.90000000,304.69000000,296.64000000,297.11000000,9085179.44100000
2025-08-21 18:00:00,297.11000000,303.54000000,293.73000000,297.77000000,7392555.69400000
2025-08-21 22:00:00,297.77000000,302.89000000,297.74000000,299.93000000,4996951.66900000
2025-08-22 02:00:00,299.93000000,307.88000000,298.19000000,300.72000000,6368941.16600000
2025-08-22 06:00:00,300.72000000,305.48000000,300.22000000,303.48000000,5234193.70000000
2025-08-22 10:00:00,303.48000000,308.29000000,297.39000000,297.47000000,5604768.89700000
2025-08-22 14:00:00,297.47000000,324.39000000,294.02000000,319.53000000,19525437.86500000
2025-08-22 18:00:00,319.53000000,339.29000000,319.53000000,337.76000000,16964430.20000000
2025-08-22 22:00:00,337.76000000,346.74000000,335.28000000,345.78000000,9552637.04100000
2025-08-23 02:00:00,345.78000000,355.21000000,344.31000000,346.91000000,13755327.61600000
2025-08-23 06:00:00,346.91000000,355.96000000,342.86000000,343.03000000,8569424.20300000
2025-08-23 10:00:00,343.03000000,357.28000000,339.82000000,352.89000000,10600963.83600000
2025-08-23 14:00:00,352.89000000,386.04000000,351.69000000,361.70000000,44075865.10700000
2025-08-23 18:00:00,361.70000000,366.23000000,351.56000000,355.29000000,15348169.06900000
2025-08-23 22:00:00,355.29000000,359.97000000,353.62000000,357.78000000,5747010.33200000
2025-08-24 02:00:00,357.78000000,358.67000000,348.81000000,351.13000000,6310581.37400000
2025-08-24 06:00:00,351.13000000,352.99000000,347.61000000,347.67000000,4697321.26400000
2025-08-24 10:00:00,347.67000000,355.84000000,345.01000000,346.58000000,7384067.67300000
2025-08-24 14:00:00,346.58000000,355.57000000,345.95000000,351.71000000,6549270.81500000
2025-08-24 18:00:00,351.71000000,360.16000000,345.52000000,353.80000000,12617590.58900000
2025-08-24 22:00:00,353.80000000,354.09000000,343.52000000,348.72000000,10058884.60700000
2025-08-25 02:00:00,348.72000000,350.60000000,342.51000000,344.71000000,6611639.25100000
2025-08-25 06:00:00,344.71000000,345.14000000,329.38000000,329.83000000,9027240.89600000
2025-08-25 10:00:00,329.83000000,332.31000000,325.83000000,328.28000000,6787211.83500000
2025-08-25 14:00:00,328.28000000,329.36000000,323.88000000,325.62000000,10720134.24300000
2025-08-25 18:00:00,325.62000000,327.24000000,316.21000000,316.21000000,9071013.72700000
2025-08-25 22:00:00,316.21000000,318.79000000,310.14000000,318.35000000,9510072.24800000
2025-08-26 02:00:00,318.35000000,328.69000000,314.16000000,326.09000000,9682342.09300000
2025-08-26 06:00:00,326.09000000,333.19000000,325.43000000,328.25000000,7714110.76300000
2025-08-26 10:00:00,328.25000000,333.90000000,326.63000000,330.29000000,6010212.84700000
2025-08-26 14:00:00,330.29000000,338.91000000,326.91000000,327.49000000,13877792.61500000
2025-08-26 18:00:00,327.49000000,334.43000000,326.78000000,333.79000000,7719135.17590400
2025-08-26 22:00:00,333.79000000,338.18000000,331.83000000,335.61000000,5985377.71600000
2025-08-27 02:00:00,335.61000000,336.27000000,329.07000000,332.79000000,5426542.66200000
2025-08-27 06:00:00,332.79000000,335.57000000,328.41000000,329.87000000,5250387.27700000
2025-08-27 10:00:00,329.87000000,331.83000000,327.06000000,331.03000000,4188708.99500000
2025-08-27 14:00:00,331.03000000,331.74000000,323.62000000,326.33000000,9381734.68700000
2025-08-27 18:00:00,326.33000000,328.31000000,321.44000000,324.97000000,5807905.68100000
2025-08-27 22:00:00,324.97000000,326.47000000,319.42000000,320.46000000,7493363.30700000
2025-08-28 02:00:00,320.46000000,326.54000000,318.72000000,325.70000000,4862027.72900000
2025-08-28 06:00:00,325.70000000,327.61000000,323.76000000,325.92000000,4944522.95600000
2025-08-28 10:00:00,325.92000000,328.73000000,317.81000000,320.58000000,4925790.60500000
2025-08-28 14:00:00,320.58000000,321.26000000,313.96000000,316.14000000,10372955.74500000
2025-08-28 18:00:00,316.14000000,318.71000000,312.62000000,313.20000000,5040079.95500000
2025-08-28 22:00:00,313.20000000,318.82000000,312.93000000,317.39000000,2987470.43400000
2025-08-29 02:00:00,317.39000000,318.42000000,314.64000000,315.80000000,3812191.77600000
2025-08-29 06:00:00,315.80000000,316.31000000,305.95000000,306.54000000,7132507.38300000
2025-08-29 10:00:00,306.54000000,310.51000000,304.01000000,310.02000000,4446168.54800000
2025-08-29 14:00:00,310.02000000,317.30000000,305.34000000,311.79000000,8708074.91700000
2025-08-29 18:00:00,311.79000000,314.04000000,309.27000000,311.85000000,5263212.31000000
2025-08-29 22:00:00,311.85000000,321.31000000,311.35000000,318.93000000,5433382.21200000
2025-08-30 02:00:00,318.93000000,319.12000000,310.34000000,313.28000000,4958915.01000000
2025-08-30 06:00:00,313.28000000,319.13000000,312.85000000,316.77000000,3757763.93700000
2025-08-30 10:00:00,316.77000000,317.74000000,314.27000000,317.40000000,2432843.17300000
2025-08-30 14:00:00,317.40000000,317.53000000,312.67000000,314.48000000,3111961.14400000
2025-08-30 18:00:00,314.48000000,317.22000000,313.95000000,315.73000000,2284107.68400000
2025-08-30 22:00:00,315.73000000,319.59000000,315.09000000,319.18000000,1941904.03500000
2025-08-31 02:00:00,319.18000000,324.25000000,317.90000000,322.97000000,3313912.09400000
2025-08-31 06:00:00,322.97000000,324.96000000,319.20000000,320.77000000,2838494.66700000
2025-08-31 10:00:00,320.77000000,324.64000000,319.55000000,324.57000000,2767552.34300000
2025-08-31 14:00:00,324.57000000,324.82000000,317.37000000,319.97000000,4913942.66400000
2025-08-31 18:00:00,319.97000000,322.66000000,317.43000000,321.26000000,3183942.91600000
2025-08-31 22:00:00,321.26000000,322.50000000,315.06000000,315.56000000,3629977.36600000
2025-09-01 02:00:00,315.56000000,316.37000000,309.87000000,311.66000000,5351212.04200000
2025-09-01 06:00:00,311.66000000,316.37000000,308.43000000,316.37000000,4037160.79000000
2025-09-01 10:00:00,316.37000000,319.37000000,307.80000000,308.12000000,5369320.32300000
2025-09-01 14:00:00,308.12000000,310.79000000,306.06000000,306.71000000,4847669.42500000
2025-09-01 18:00:00,306.71000000,308.30000000,303.44000000,307.78000000,4642200.67300000
2025-09-01 22:00:00,307.78000000,307.88000000,299.08000000,304.69000000,5673056.28500000
2025-09-02 02:00:00,304.69000000,310.98000000,303.70000000,310.72000000,4465766.90000000
2025-09-02 06:00:00,310.72000000,317.11000000,310.39000000,310.95000000,4552819.65200000
2025-09-02 10:00:00,310.95000000,313.60000000,309.61000000,311.36000000,3114313.70800000
2025-09-02 14:00:00,311.36000000,315.25000000,304.76000000,308.92000000,8945748.37100000
2025-09-02 18:00:00,308.92000000,314.09000000,307.15000000,312.67000000,5839743.00600000
2025-09-02 22:00:00,312.67000000,318.14000000,312.11000000,315.50000000,3614230.47500000
2025-09-03 02:00:00,315.50000000,317.74000000,312.66000000,316.63000000,3915409.24400000
2025-09-03 06:00:00,316.63000000,317.85000000,313.67000000,315.45000000,3087740.65000000
2025-09-03 10:00:00,315.45000000,322.99000000,315.24000000,321.17000000,4230861.29300000
2025-09-03 14:00:00,321.17000000,328.65000000,319.33000000,325.36000000,7903369.28900000
2025-09-03 18:00:00,325.36000000,328.83000000,324.03000000,327.65000000,6877545.16500000
2025-09-03 22:00:00,327.65000000,328.79000000,326.24000000,327.72000000,2945063.62500000
2025-09-04 02:00:00,327.72000000,331.75000000,323.43000000,324.28000000,5782279.44100000
2025-09-04 06:00:00,324.28000000,324.66000000,317.53000000,317.70000000,4445780.14800000
2025-09-04 10:00:00,317.70000000,324.58000000,317.53000000,322.11000000,4552505.45100000
2025-09-04 14:00:00,322.11000000,324.91000000,308.32000000,308.63000000,11322082.34700000
2025-09-04 18:00:00,308.63000000,310.31000000,305.70000000,306.88000000,8083250.46200000
2025-09-04 22:00:00,306.88000000,310.88000000,306.22000000,306.36000000,4101384.86000000
2025-09-05 02:00:00,306.36000000,308.81000000,305.21000000,308.66000000,3779707.80700000
2025-09-05 06:00:00,308.66000000,312.31000000,306.98000000,311.17000000,4437744.98600000
2025-09-05 10:00:00,311.17000000,311.21000000,307.74000000,310.24000000,4107526.62100000
2025-09-05 14:00:00,310.24000000,313.47000000,298.04000000,301.54000000,12562099.40200000
2025-09-05 18:00:00,301.54000000,305.18000000,300.85000000,305.15000000,3542865.02000000
2025-09-05 22:00:00,305.15000000,306.98000000,301.83000000,302.18000000,3160576.61900000
2025-09-06 02:00:00,302.18000000,304.54000000,301.15000000,302.16000000,3236497.50900000
2025-09-06 06:00:00,302.16000000,302.67000000,299.71000000,301.93000000,2577421.43200000
2025-09-06 10:00:00,301.93000000,302.11000000,298.75000000,299.05000000,3041884.06600000
2025-09-06 14:00:00,299.05000000,301.36000000,298.16000000,298.69000000,3708597.82700000
2025-09-06 18:00:00,298.69000000,301.24000000,297.22000000,297.46000000,3877425.23400000
2025-09-06 22:00:00,297.46000000,299.49000000,297.47000000,298.18000000,3304508.00900000
2025-09-07 02:00:00,298.18000000,301.68000000,298.02000000,301.15000000,2953276.20500000
2025-09-07 06:00:00,301.15000000,302.51000000,300.96000000,301.38000000,2082859.69100000
2025-09-07 10:00:00,301.38000000,303.27000000,299.82000000,302.37000000,2365591.81900000
2025-09-07 14:00:00,302.37000000,302.43000000,298.87000000,299.68000000,3047909.98000000
2025-09-07 18:00:00,299.68000000,300.52000000,297.88000000,300.23000000,2747844.70200000
2025-09-07 22:00:00,300.23000000,304.06000000,299.33000000,301.37000000,2659074.92400000
2025-09-08 02:00:00,301.37000000,303.76000000,299.44000000,302.38000000,3336682.07900000
2025-09-08 06:00:00,302.38000000,302.76000000,298.29000000,299.53000000,2789890.62200000
2025-09-08 10:00:00,299.53000000,304.26000000,299.45000000,301.11000000,4217735.03000000
2025-09-08 14:00:00,301.11000000,307.84000000,300.81000000,306.21000000,6217237.31800000
2025-09-08 18:00:00,306.21000000,308.01000000,300.64000000,300.79000000,5449135.25100000
2025-09-08 22:00:00,300.79000000,305.27000000,299.93000000,302.81000000,3729590.17400000
2025-09-09 02:00:00,302.81000000,304.82000000,298.42000000,300.47000000,4808088.89700000
2025-09-09 06:00:00,300.47000000,309.92000000,299.47000000,308.57000000,5692096.70500000
2025-09-09 10:00:00,308.57000000,310.17000000,305.28000000,305.32000000,4335227.69600000
2025-09-09 14:00:00,305.32000000,307.81000000,294.72000000,296.28000000,9980738.47900000
2025-09-09 18:00:00,296.28000000,299.57000000,295.54000000,298.85000000,3486892.49800000
2025-09-09 22:00:00,298.85000000,299.11000000,297.21000000,297.84000000,2323373.03700000
2025-09-10 02:00:00,297.84000000,300.41000000,295.66000000,298.44000000,3507229.98300000
2025-09-10 06:00:00,298.44000000,299.00000000,295.75000000,298.34000000,3170336.53000000
2025-09-10 10:00:00,298.34000000,299.32000000,297.42000000,298.00000000,2922583.66100000
2025-09-10 14:00:00,298.00000000,306.44000000,297.51000000,303.54000000,7978572.39500000
2025-09-10 18:00:00,303.54000000,304.67000000,297.45000000,298.31000000,5010433.24200000
2025-09-10 22:00:00,298.31000000,300.91000000,297.59000000,300.07000000,2821311.82100000
2025-09-11 02:00:00,300.07000000,305.25000000,299.39000000,304.59000000,3339997.61000000
2025-09-11 06:00:00,304.59000000,308.81000000,303.80000000,306.00000000,4778526.44300000
2025-09-11 10:00:00,306.00000000,306.49000000,303.52000000,304.03000000,3009802.51800000
2025-09-11 14:00:00,304.03000000,307.86000000,300.16000000,302.37000000,8178776.46100000
2025-09-11 18:00:00,302.37000000,306.34000000,302.15000000,305.92000000,2224093.08700000
2025-09-11 22:00:00,305.92000000,310.12000000,305.37000000,309.48000000,3198424.34000000
2025-09-12 02:00:00,309.48000000,313.23000000,307.94000000,309.86000000,3741866.22800000
2025-09-12 06:00:00,309.86000000,315.74000000,308.65000000,311.83000000,3679736.23500000
2025-09-12 10:00:00,311.83000000,315.33000000,308.24000000,313.61000000,4225905.41700000
2025-09-12 14:00:00,313.61000000,316.00000000,311.52000000,312.24000000,5162541.59700000
2025-09-12 18:00:00,312.24000000,320.81000000,311.58000000,320.10000000,6292793.78700000
2025-09-12 22:00:00,320.10000000,321.80000000,317.04000000,321.35000000,5042018.47600000
2025-09-13 02:00:00,321.35000000,321.49000000,317.29000000,319.63000000,3460323.73000000
2025-09-13 06:00:00,319.63000000,319.76000000,315.32000000,315.45000000,2642354.09100000
2025-09-13 10:00:00,315.45000000,320.82000000,315.46000000,319.68000000,3118571.37500000
2025-09-13 14:00:00,319.68000000,321.29000000,313.33000000,314.17000000,5873056.06900000
2025-09-13 18:00:00,314.17000000,315.44000000,309.30000000,313.46000000,5691345.89100000
2025-09-13 22:00:00,313.46000000,315.54000000,313.32000000,314.86000000,1982415.88300000
2025-09-14 02:00:00,314.86000000,315.38000000,310.66000000,311.58000000,3126769.55800000
2025-09-14 06:00:00,311.58000000,312.41000000,308.65000000,310.33000000,2538099.25700000
2025-09-14 10:00:00,310.33000000,312.31000000,306.96000000,307.26000000,3026038.14200000
2025-09-14 14:00:00,307.26000000,309.02000000,302.01000000,303.19000000,5756887.85500000
2025-09-14 18:00:00,303.19000000,308.62000000,302.47000000,307.63000000,3199538.29700000
2025-09-14 22:00:00,307.63000000,309.71000000,305.69000000,306.03000000,2380944.52800000
2025-09-15 02:00:00,306.03000000,308.11000000,303.65000000,307.57000000,2401639.42300000
2025-09-15 06:00:00,307.57000000,310.07000000,303.34000000,304.10000000,3222591.07400000
2025-09-15 10:00:00,304.10000000,304.13000000,297.07000000,299.21000000,6033673.31500000
2025-09-15 14:00:00,299.21000000,300.17000000,295.27000000,297.34000000,5346260.96800000
2025-09-15 18:00:00,297.34000000,298.72000000,294.96000000,297.88000000,3613223.58800000
2025-09-15 22:00:00,297.88000000,300.17000000,297.57000000,299.18000000,1853883.75100000
2025-09-16 02:00:00,299.18000000,299.51000000,296.06000000,296.13000000,2470528.24000000
2025-09-16 06:00:00,296.13000000,296.46000000,292.63000000,295.38000000,4110180.75200000
2025-09-16 10:00:00,295.38000000,298.08000000,293.64000000,294.69000000,3075661.73900000
2025-09-16 14:00:00,294.69000000,296.76000000,289.37000000,293.39000000,7731919.77500000
2025-09-16 18:00:00,293.39000000,299.34000000,292.09000000,298.71000000,7415954.97300000
2025-09-16 22:00:00,298.71000000,301.75000000,297.87000000,298.71000000,3067930.93800000
2025-09-17 02:00:00,298.71000000,300.82000000,296.35000000,296.57000000,3353772.13900000
2025-09-17 06:00:00,296.57000000,299.69000000,293.63000000,298.85000000,3307307.38900000
2025-09-17 10:00:00,298.85000000,299.04000000,294.05000000,295.83000000,3000722.42400000
2025-09-17 14:00:00,295.83000000,297.23000000,292.20000000,293.12000000,3635979.42400000
2025-09-17 18:00:00,293.12000000,299.37000000,290.65000000,298.51000000,9626287.80100000
2025-09-17 22:00:00,298.51000000,308.48000000,295.51000000,305.95000000,6848381.00800000
2025-09-18 02:00:00,305.95000000,309.49000000,304.24000000,308.46000000,3935627.77300000
2025-09-18 06:00:00,308.46000000,308.87000000,302.61000000,304.75000000,3446797.24600000
2025-09-18 10:00:00,304.75000000,308.97000000,304.66000000,306.61000000,3297148.58400000
2025-09-18 14:00:00,306.61000000,310.77000000,305.65000000,309.21000000,5175400.21500000
2025-09-18 18:00:00,309.21000000,312.81000000,308.36000000,309.88000000,7666726.75000000
2025-09-18 22:00:00,309.88000000,311.23000000,307.19000000,309.14000000,2569565.09700000
2025-09-19 02:00:00,309.14000000,312.18000000,304.33000000,305.11000000,4025696.33000000
2025-09-19 06:00:00,305.11000000,307.07000000,303.01000000,305.91000000,3567255.83100000
2025-09-19 10:00:00,305.91000000,308.78000000,303.47000000,304.83000000,3672844.58700000
2025-09-19 14:00:00,304.83000000,307.96000000,298.73000000,301.56000000,7592927.76700000
2025-09-19 18:00:00,301.56000000,302.64000000,296.55000000,297.13000000,4626574.48500000
2025-09-19 22:00:00,297.13000000,299.62000000,296.41000000,298.43000000,2095758.94600000
2025-09-20 02:00:00,298.43000000,300.73000000,296.98000000,299.50000000,2136741.74900000
2025-09-20 06:00:00,299.50000000,300.86000000,298.76000000,299.95000000,2065308.03200000
2025-09-20 10:00:00,299.95000000,299.95000000,294.75000000,296.14000000,2914397.85300000
2025-09-20 14:00:00,296.14000000,299.56000000,294.59000000,298.03000000,2620614.55900000
2025-09-20 18:00:00,298.03000000,299.18000000,296.01000000,296.91000000,2245556.06100000
2025-09-20 22:00:00,296.91000000,299.25000000,296.13000000,296.71000000,1943064.04400000
2025-09-21 02:00:00,296.71000000,297.95000000,295.63000000,297.73000000,1805346.69400000
2025-09-21 06:00:00,297.73000000,299.02000000,296.42000000,298.11000000,1586506.01500000
2025-09-21 10:00:00,298.11000000,298.45000000,293.01000000,294.46000000,2798991.20300000
2025-09-21 14:00:00,294.46000000,297.64000000,294.37000000,295.45000000,4175186.23500000
2025-09-21 18:00:00,295.45000000,298.87000000,292.12000000,298.00000000,4062450.60700000
2025-09-21 22:00:00,298.00000000,298.06000000,293.19000000,293.89000000,2496192.92000000
2025-09-22 02:00:00,293.89000000,295.48000000,281.76000000,284.05000000,8484805.03400000
2025-09-22 06:00:00,284.05000000,284.58000000,247.28000000,266.05000000,11954202.42400000
2025-09-22 10:00:00,266.05000000,267.86000000,262.15000000,265.77000000,6223880.04400000
2025-09-22 14:00:00,265.77000000,270.46000000,264.96000000,265.26000000,5316964.46400000
2025-09-22 18:00:00,265.26000000,267.64000000,263.03000000,263.43000000,4754365.29000000
2025-09-22 22:00:00,263.43000000,270.59000000,263.15000000,270.12000000,2416254.77200000
2025-09-23 02:00:00,270.12000000,271.04000000,262.99000000,268.29000000,3443824.20100000
2025-09-23 06:00:00,268.29000000,271.90000000,265.80000000,269.54000000,3752446.77400000
2025-09-23 10:00:00,269.54000000,272.71000000,268.61000000,270.54000000,2980683.26600000
2025-09-23 14:00:00,270.54000000,279.87000000,270.34000000,277.99000000,6961373.77500000
2025-09-23 18:00:00,277.99000000,280.27000000,272.81000000,274.12000000,4714092.00700000
2025-09-23 22:00:00,274.12000000,277.84000000,273.36000000,274.41000000,2870839.45900000
2025-09-24 02:00:00,274.41000000,278.18000000,270.44000000,271.68000000,4273103.34200000
2025-09-24 06:00:00,271.68000000,278.66000000,268.33000000,277.03000000,4999763.00000000
2025-09-24 10:00:00,277.03000000,279.67000000,275.14000000,279.09000000,4375292.91400000
2025-09-24 14:00:00,279.09000000,281.17000000,277.45000000,277.94000000,4619414.16800000
2025-09-24 18:00:00,277.94000000,279.78000000,277.23000000,278.49000000,2613072.27600000
2025-09-24 22:00:00,278.49000000,279.16000000,276.11000000,278.04000000,2071830.59500000
2025-09-25 02:00:00,278.04000000,279.22000000,269.77000000,270.89000000,5065410.83600000
2025-09-25 06:00:00,270.89000000,272.01000000,265.08000000,266.46000000,5643350.31000000
2025-09-25 10:00:00,266.46000000,271.75000000,265.14000000,265.38000000,4324743.97400000
2025-09-25 14:00:00,265.38000000,269.98000000,259.74000000,268.51000000,7705193.24000000
2025-09-25 18:00:00,268.51000000,268.84000000,255.60000000,263.27000000,10055815.35700000
2025-09-25 22:00:00,263.27000000,263.92000000,257.49000000,260.12000000,3874213.14800000
2025-09-26 02:00:00,260.12000000,267.25000000,259.49000000,266.12000000,4396525.06400000
2025-09-26 06:00:00,266.12000000,266.32000000,259.84000000,261.71000000,4418518.51900000
2025-09-26 10:00:00,261.71000000,262.58000000,255.81000000,258.82000000,4449757.90000000
2025-09-26 14:00:00,258.82000000,265.63000000,256.52000000,264.99000000,6851740.22300000
2025-09-26 18:00:00,264.99000000,272.58000000,264.74000000,269.37000000,4762432.39700000
2025-09-26 22:00:00,269.37000000,271.18000000,268.49000000,270.59000000,1801298.62600000
2025-09-27 02:00:00,270.59000000,272.08000000,270.03000000,270.62000000,1816188.21900000
2025-09-27 06:00:00,270.62000000,271.05000000,268.92000000,270.16000000,1226380.97100000
2025-09-27 10:00:00,270.16000000,270.24000000,266.53000000,268.10000000,2223898.04600000
2025-09-27 14:00:00,268.10000000,269.38000000,266.19000000,267.94000000,2147208.97800000
2025-09-27 18:00:00,267.94000000,268.12000000,265.42000000,266.23000000,2008187.26600000
2025-09-27 22:00:00,266.23000000,268.86000000,266.03000000,266.32000000,1658471.68400000
2025-09-28 02:00:00,266.32000000,267.05000000,264.42000000,266.08000000,2504999.03200000
2025-09-28 06:00:00,266.08000000,267.36000000,264.46000000,266.34000000,1704305.35500000
2025-09-28 10:00:00,266.34000000,266.78000000,261.09000000,262.49000000,2717286.86500000
2025-09-28 14:00:00,262.49000000,266.25000000,260.90000000,266.10000000,2700662.86900000
2025-09-28 18:00:00,266.10000000,268.99000000,266.11000000,268.73000000,2319948.92900000
2025-09-28 22:00:00,268.73000000,276.99000000,268.63000000,274.95000000,3513350.48500000
2025-09-29 02:00:00,274.95000000,276.14000000,273.25000000,274.07000000,2874558.43500000
2025-09-29 06:00:00,274.07000000,274.38000000,270.31000000,271.69000000,2120719.70200000
2025-09-29 10:00:00,271.69000000,275.43000000,270.24000000,271.19000000,2972048.00500000
2025-09-29 14:00:00,271.19000000,278.37000000,268.66000000,275.15000000,6506056.55000000
2025-09-29 18:00:00,275.15000000,276.86000000,271.90000000,276.55000000,4548584.69400000
2025-09-29 22:00:00,276.55000000,280.26000000,276.44000000,276.85000000,2867722.10200000
2025-09-30 02:00:00,276.85000000,277.92000000,273.48000000,274.10000000,3253346.29700000
2025-09-30 06:00:00,274.10000000,275.57000000,271.94000000,273.04000000,2532489.03100000
2025-09-30 10:00:00,273.04000000,273.63000000,269.23000000,272.13000000,3065247.21400000
2025-09-30 14:00:00,272.13000000,273.25000000,266.42000000,268.07000000,4574306.01700000
2025-09-30 18:00:00,268.07000000,274.82000000,266.03000000,274.63000000,3542362.07100000
2025-09-30 22:00:00,274.63000000,279.03000000,273.20000000,274.28000000,3881736.84600000
2025-10-01 02:00:00,274.28000000,274.72000000,269.80000000,269.85000000,2733242.44500000
2025-10-01 06:00:00,269.85000000,273.27000000,269.64000000,272.02000000,8533480.34000000
2025-10-01 10:00:00,272.02000000,286.25000000,271.79000000,284.87000000,10829427.85200000
2025-10-01 14:00:00,284.87000000,287.88000000,283.21000000,286.13000000,5150768.33700000
2025-10-01 18:00:00,286.13000000,288.02000000,284.34000000,286.32000000,2820070.09900000
2025-10-01 22:00:00,286.32000000,286.87000000,282.63000000,286.60000000,3031887.21100000
2025-10-02 02:00:00,286.60000000,289.19000000,284.48000000,287.18000000,3707171.99000000
2025-10-02 06:00:00,287.18000000,288.84000000,285.44000000,285.70000000,2340645.28500000
2025-10-02 10:00:00,285.70000000,286.55000000,282.47000000,282.77000000,2425254.06100000
2025-10-02 14:00:00,282.77000000,284.53000000,278.54000000,283.75000000,6242653.30900000
2025-10-02 18:00:00,283.75000000,294.23000000,283.15000000,291.73000000,5857329.00200000
2025-10-02 22:00:00,291.73000000,292.50000000,287.13000000,288.77000000,3283555.91400000
2025-10-03 02:00:00,288.77000000,293.05000000,287.05000000,289.54000000,3642246.39600000
2025-10-03 06:00:00,289.54000000,291.34000000,285.02000000,285.39000000,2668768.84500000
2025-10-03 10:00:00,285.39000000,286.31000000,283.71000000,284.42000000,2987389.04900000
2025-10-03 14:00:00,284.42000000,291.94000000,284.11000000,291.61000000,5767609.91300000
2025-10-03 18:00:00,291.61000000,299.49000000,286.49000000,291.12000000,8374631.38500000
2025-10-03 22:00:00,291.12000000,292.81000000,289.58000000,290.40000000,1934186.50200000
2025-10-04 02:00:00,290.40000000,291.86000000,286.68000000,286.95000000,2358334.60100000
2025-10-04 06:00:00,286.95000000,287.52000000,285.21000000,285.56000000,1862475.03700000
2025-10-04 10:00:00,285.56000000,285.96000000,282.29000000,282.43000000,2435754.80200000
2025-10-04 14:00:00,282.43000000,284.80000000,279.84000000,280.27000000,4381186.02500000
2025-10-04 18:00:00,280.27000000,283.30000000,280.05000000,282.90000000,2561102.23100000
2025-10-04 22:00:00,282.90000000,284.01000000,282.53000000,283.07000000,1670623.21000000
2025-10-05 02:00:00,283.07000000,289.32000000,280.85000000,287.50000000,3519872.73100000
2025-10-05 06:00:00,287.50000000,293.54000000,286.54000000,293.45000000,3779001.23600000
2025-10-05 10:00:00,293.45000000,296.10000000,288.13000000,289.39000000,5421193.28100000
2025-10-05 14:00:00,289.39000000,291.27000000,286.80000000,290.15000000,3065023.07100000
2025-10-05 18:00:00,290.15000000,291.36000000,283.99000000,284.23000000,3455793.16200000
2025-10-05 22:00:00,284.23000000,286.54000000,283.70000000,285.52000000,1957875.00900000
2025-10-06 02:00:00,285.52000000,288.31000000,282.74000000,287.83000000,3674672.28300000
2025-10-06 06:00:00,287.83000000,291.44000000,285.47000000,288.63000000,2715439.60700000
2025-10-06 10:00:00,288.63000000,291.96000000,288.58000000,290.17000000,2536404.00200000
2025-10-06 14:00:00,290.17000000,298.42000000,290.01000000,296.32000000,6972919.97100000
2025-10-06 18:00:00,296.32000000,301.49000000,295.77000000,300.36000000,4032716.65700000
2025-10-06 22:00:00,300.36000000,301.75000000,297.08000000,297.13000000,2442019.86600000
2025-10-07 02:00:00,297.13000000,297.86000000,294.79000000,295.29000000,2503499.10800000
2025-10-07 06:00:00,295.29000000,298.19000000,291.22000000,292.17000000,3808962.59000000
2025-10-07 10:00:00,292.17000000,292.41000000,287.48000000,291.12000000,5343352.07000000
2025-10-07 14:00:00,291.12000000,292.61000000,277.41000000,278.95000000,15429915.12900000
2025-10-07 18:00:00,278.95000000,281.72000000,276.23000000,276.79000000,5522480.69000000
2025-10-07 22:00:00,276.79000000,279.00000000,275.32000000,275.98000000,2768143.80200000
2025-10-08 02:00:00,275.98000000,279.62000000,274.50000000,275.43000000,3417114.55500000
2025-10-08 06:00:00,275.43000000,278.47000000,274.17000000,278.45000000,2841203.24500000
2025-10-08 10:00:00,278.45000000,281.17000000,277.13000000,279.85000000,2579677.33800000
2025-10-08 14:00:00,279.85000000,284.08000000,277.87000000,278.08000000,7195206.85600000
2025-10-08 18:00:00,278.08000000,286.32000000,277.61000000,283.98000000,5497494.72100000
2025-10-08 22:00:00,283.98000000,287.15000000,283.72000000,285.39000000,2431085.71700000
2025-10-09 02:00:00,285.39000000,286.62000000,278.71000000,282.08000000,3780733.23300000
2025-10-09 06:00:00,282.08000000,283.80000000,278.71000000,279.55000000,2782859.50800000
2025-10-09 10:00:00,279.55000000,279.82000000,273.05000000,274.84000000,4465721.21600000
2025-10-09 14:00:00,274.84000000,276.38000000,270.15000000,270.96000000,5673820.27800000
2025-10-09 18:00:00,270.96000000,273.45000000,268.42000000,271.80000000,4585445.91400000
2025-10-09 22:00:00,271.80000000,275.54000000,271.43000000,273.51000000,2663415.03600000
2025-10-10 02:00:00,273.51000000,279.45000000,272.83000000,276.67000000,3358951.08900000
2025-10-10 06:00:00,276.67000000,278.33000000,273.34000000,273.65000000,3000399.08600000
2025-10-10 10:00:00,273.65000000,277.51000000,273.27000000,277.18000000,2998206.45200000
2025-10-10 14:00:00,277.18000000,279.52000000,262.48000000,264.25000000,9334630.25000000
2025-10-10 18:00:00,264.25000000,267.47000000,255.34000000,257.89000000,7040471.63000000
2025-10-10 22:00:00,257.89000000,260.03000000,84.93000000,223.95000000,28937773.64300000
2025-10-11 02:00:00,223.95000000,234.77000000,216.66000000,227.54000000,11240893.62400000
2025-10-11 06:00:00,227.54000000,236.33000000,226.93000000,231.68000000,7450988.87700000
2025-10-11 10:00:00,231.68000000,244.05000000,230.68000000,241.85000000,6624215.16100000
2025-10-11 14:00:00,241.85000000,244.11000000,232.52000000,238.76000000,6447110.65600000
2025-10-11 18:00:00,238.76000000,241.59000000,229.04000000,231.27000000,5678780.53800000
2025-10-11 22:00:00,231.27000000,234.29000000,222.86000000,234.11000000,7511757.56100000
2025-10-12 02:00:00,234.11000000,234.37000000,225.04000000,229.33000000,5227977.27800000
2025-10-12 06:00:00,229.33000000,234.26000000,228.93000000,233.55000000,3968513.51300000
2025-10-12 10:00:00,233.55000000,234.77000000,228.50000000,229.19000000,3816664.54700000
2025-10-12 14:00:00,229.19000000,245.17000000,227.55000000,244.93000000,9066352.76900000
2025-10-12 18:00:00,244.93000000,256.00000000,244.98000000,254.48000000,8238047.03700000
2025-10-12 22:00:00,254.48000000,255.13000000,247.74000000,250.87000000,6861343.77300000
2025-10-13 02:00:00,250.87000000,253.37000000,246.82000000,248.12000000,5567528.70100000
2025-10-13 06:00:00,248.12000000,255.63000000,246.48000000,252.66000000,5074678.30300000
2025-10-13 10:00:00,252.66000000,255.16000000,243.99000000,247.53000000,6290872.11600000
2025-10-13 14:00:00,247.53000000,254.25000000,245.99000000,252.21000000,10047260.23000000
2025-10-13 18:00:00,252.21000000,261.41000000,250.73000000,260.32000000,7740082.62800000
2025-10-13 22:00:00,260.32000000,262.84000000,259.48000000,260.99000000,3524342.12400000
2025-10-14 02:00:00,260.99000000,263.39000000,253.27000000,254.22000000,5331376.00800000
2025-10-14 06:00:00,254.22000000,254.75000000,239.40000000,242.87000000,9209767.17300000
2025-10-14 10:00:00,242.87000000,245.90000000,238.72000000,244.66000000,6995838.83700000
2025-10-14 14:00:00,244.66000000,251.26000000,237.97000000,251.02000000,8626748.79000000
2025-10-14 18:00:00,251.02000000,255.12000000,247.39000000,251.49000000,9004821.52200000
2025-10-14 22:00:00,251.49000000,256.69000000,249.84000000,255.21000000,3657281.23100000
2025-10-15 02:00:00,255.21000000,256.42000000,251.12000000,252.21000000,4137360.13800000
2025-10-15 06:00:00,252.21000000,256.89000000,251.63000000,256.59000000,4394636.72700000
2025-10-15 10:00:00,256.59000000,262.53000000,251.88000000,253.46000000,5244700.78300000
2025-10-15 14:00:00,253.46000000,254.22000000,241.88000000,242.99000000,8283149.45300000
2025-10-15 18:00:00,242.99000000,244.88000000,238.94000000,240.71000000,6142627.52900000
2025-10-15 22:00:00,240.71000000,242.63000000,236.63000000,242.12000000,4649061.17200000
2025-10-16 02:00:00,242.12000000,243.95000000,239.59000000,239.77000000,4106923.72500000
2025-10-16 06:00:00,239.77000000,243.02000000,238.17000000,241.14000000,3561661.47000000
2025-10-16 10:00:00,241.14000000,245.72000000,233.37000000,244.17000000,5520322.65800000
2025-10-16 14:00:00,244.17000000,246.16000000,234.75000000,235.75000000,7234063.37000000
2025-10-16 18:00:00,235.75000000,239.91000000,230.39000000,232.48000000,8462286.87800000
2025-10-16 22:00:00,232.48000000,233.47000000,222.44000000,223.05000000,5656863.14000000
2025-10-17 02:00:00,223.05000000,227.35000000,221.91000000,222.81000000,4413108.62300000
2025-10-17 06:00:00,222.81000000,222.98000000,208.11000000,208.50000000,6979665.89400000
2025-10-17 10:00:00,208.50000000,212.91000000,202.57000000,209.99000000,7724348.00300000
2025-10-17 14:00:00,209.99000000,211.45000000,200.05000000,205.54000000,7945911.39000000
2025-10-17 18:00:00,205.54000000,208.72000000,201.22000000,202.90000000,5590848.51200000
2025-10-17 22:00:00,202.90000000,209.64000000,202.44000000,206.47000000,3290215.25100000
2025-10-18 02:00:00,206.47000000,210.61000000,205.29000000,210.21000000,2692909.15500000
2025-10-18 06:00:00,210.21000000,211.32000000,207.13000000,208.42000000,2694565.26500000
2025-10-18 10:00:00,208.42000000,210.21000000,207.89000000,210.07000000,2438698.45900000
2025-10-18 14:00:00,210.07000000,210.76000000,206.84000000,209.47000000,2756115.61800000
2025-10-18 18:00:00,209.47000000,215.37000000,207.80000000,215.34000000,2944091.61300000
2025-10-18 22:00:00,215.34000000,216.84000000,213.89000000,214.73000000,2751604.05900000
2025-10-19 02:00:00,214.73000000,216.67000000,212.40000000,216.64000000,2193686.06000000
2025-10-19 06:00:00,216.64000000,217.69000000,213.70000000,214.51000000,2243160.46800000
2025-10-19 10:00:00,214.51000000,220.97000000,211.52000000,220.51000000,5481500.12600000
2025-10-19 14:00:00,220.51000000,226.34000000,219.37000000,224.57000000,4046210.98100000
2025-10-19 18:00:00,224.57000000,225.83000000,222.50000000,224.22000000,3277987.35700000
2025-10-19 22:00:00,224.22000000,225.45000000,222.10000000,222.34000000,1980778.51000000
2025-10-20 02:00:00,222.34000000,228.34000000,217.73000000,227.57000000,3749018.86500000
2025-10-20 06:00:00,227.57000000,234.45000000,227.03000000,233.56000000,3888629.40200000
2025-10-20 10:00:00,233.56000000,235.62000000,230.81000000,231.61000000,3615921.12900000
2025-10-20 14:00:00,231.61000000,231.90000000,228.43000000,228.43000000,3363144.13600000
2025-10-20 18:00:00,228.43000000,229.85000000,224.13000000,229.06000000,3866726.05700000
2025-10-20 22:00:00,229.06000000,230.59000000,227.40000000,228.71000000,1743563.99400000
2025-10-21 02:00:00,228.71000000,229.08000000,222.81000000,223.21000000,2391034.39900000
2025-10-21 06:00:00,223.21000000,223.33000000,218.14000000,221.16000000,3955859.06300000
2025-10-21 10:00:00,221.16000000,223.02000000,219.16000000,221.43000000,2294860.19100000
2025-10-21 14:00:00,221.43000000,236.56000000,220.10000000,235.45000000,6938046.35100000
2025-10-21 18:00:00,235.45000000,236.66000000,228.52000000,229.35000000,5940495.52400000
2025-10-21 22:00:00,229.35000000,229.86000000,218.09000000,218.62000000,4849635.52700000
2025-10-22 02:00:00,218.62000000,220.46000000,216.49000000,218.71000000,4335983.15900000
2025-10-22 06:00:00,218.71000000,220.76000000,216.61000000,218.24000000,2977035.98400000
2025-10-22 10:00:00,218.24000000,225.16000000,213.31000000,219.67000000,5680016.63700000
2025-10-22 14:00:00,219.67000000,224.79000000,218.19000000,223.29000000,8118855.03200000
2025-10-22 18:00:00,223.29000000,223.86000000,215.71000000,218.03000000,5707093.24700000
2025-10-22 22:00:00,218.03000000,218.74000000,208.10000000,216.35000000,5429167.06000000
2025-10-23 02:00:00,216.35000000,219.31000000,215.89000000,218.62000000,2461722.32200000
2025-10-23 06:00:00,218.62000000,222.90000000,218.34000000,221.27000000,2342511.49300000
2025-10-23 10:00:00,221.27000000,223.43000000,219.78000000,220.28000000,2353744.71500000
2025-10-23 14:00:00,220.28000000,223.84000000,218.38000000,223.01000000,3789400.81800000
2025-10-23 18:00:00,223.01000000,228.25000000,222.97000000,224.64000000,3802028.71200000
2025-10-23 22:00:00,224.64000000,225.00000000,221.28000000,224.44000000,4182347.60400000
2025-10-24 02:00:00,224.44000000,225.90000000,223.16000000,225.90000000,2247405.47900000
2025-10-24 06:00:00,225.90000000,234.94000000,225.04000000,230.29000000,4482496.64600000
2025-10-24 10:00:00,230.29000000,231.44000000,227.80000000,229.28000000,1949247.46500000
2025-10-24 14:00:00,229.28000000,235.48000000,225.42000000,226.03000000,5706132.27500000
2025-10-24 18:00:00,226.03000000,229.26000000,224.39000000,228.08000000,2815758.17200000
2025-10-24 22:00:00,228.08000000,229.49000000,227.74000000,228.83000000,1609688.62500000
2025-10-25 02:00:00,228.83000000,229.01000000,226.64000000,226.74000000,1773684.83400000
2025-10-25 06:00:00,226.74000000,228.09000000,226.09000000,226.32000000,1689057.64200000
2025-10-25 10:00:00,226.32000000,228.00000000,225.58000000,226.22000000,1788101.70800000
2025-10-25 14:00:00,226.22000000,228.28000000,225.96000000,226.69000000,1644713.34900000
2025-10-25 18:00:00,226.69000000,227.79000000,224.57000000,227.39000000,2520061.29000000
2025-10-25 22:00:00,227.39000000,227.58000000,225.72000000,226.13000000,1678029.23900000
2025-10-26 02:00:00,226.13000000,226.78000000,223.36000000,224.01000000,2066494.69200000
2025-10-26 05:00:00,224.01000000,227.76000000,223.89000000,227.39000000,1469615.03200000
2025-10-26 09:00:00,227.39000000,235.92000000,227.17000000,235.89000000,2858863.22700000
2025-10-26 13:00:00,235.89000000,240.85000000,234.11000000,237.71000000,3911416.46600000
2025-10-26 17:00:00,237.71000000,237.97000000,235.44000000,237.51000000,2205043.57600000
2025-10-26 21:00:00,237.51000000,242.39000000,235.03000000,240.63000000,3549592.04300000
2025-10-27 01:00:00,240.63000000,245.06000000,240.04000000,243.78000000,3521106.20100000
2025-10-27 05:00:00,243.78000000,248.91000000,242.41000000,243.52000000,3517339.56500000
2025-10-27 09:00:00,243.52000000,244.83000000,236.66000000,238.79000000,4022910.43200000
2025-10-27 13:00:00,238.79000000,239.34000000,235.24000000,237.34000000,4080928.66900000
2025-10-27 17:00:00,237.34000000,242.26000000,237.31000000,238.89000000,3331658.21900000
2025-10-27 21:00:00,238.89000000,238.93000000,233.05000000,235.00000000,2488791.13900000
2025-10-28 01:00:00,235.00000000,237.42000000,233.67000000,235.12000000,2905986.40500000
2025-10-28 05:00:00,235.12000000,239.00000000,232.74000000,236.11000000,2908126.24600000
2025-10-28 09:00:00,236.11000000,238.29000000,233.50000000,233.78000000,3340856.37800000
2025-10-28 13:00:00,233.78000000,237.45000000,229.44000000,233.74000000,5277156.93500000
2025-10-28 17:00:00,233.74000000,237.25000000,229.64000000,230.81000000,3771638.14800000
2025-10-28 21:00:00,230.81000000,230.84000000,224.46000000,228.25000000,4753236.91100000
2025-10-29 01:00:00,228.25000000,229.75000000,227.94000000,228.50000000,1351947.86100000
2025-10-29 05:00:00,228.50000000,230.72000000,228.36000000,229.68000000,2116230.64100000
2025-10-29 09:00:00,229.68000000,231.65000000,226.71000000,231.15000000,2316141.79300000
2025-10-29 13:00:00,231.15000000,232.34000000,225.82000000,227.22000000,4392938.84200000
2025-10-29 17:00:00,227.22000000,233.10000000,221.80000000,230.23000000,8340233.21200000
2025-10-29 21:00:00,230.23000000,235.35000000,226.35000000,227.52000000,3745017.10400000
2025-10-30 01:00:00,227.52000000,231.13000000,226.07000000,228.61000000,3228151.34100000
2025-10-30 05:00:00,228.61000000,230.31000000,219.45000000,229.84000000,5865223.86200000
2025-10-30 09:00:00,229.84000000,230.06000000,222.92000000,222.92000000,3243640.45400000
2025-10-30 13:00:00,222.92000000,223.28000000,212.42000000,212.84000000,7543628.47800000
2025-10-30 17:00:00,212.84000000,214.50000000,207.38000000,208.09000000,5064064.84000000
2025-10-30 21:00:00,208.09000000,215.17000000,207.28000000,214.96000000,3939716.71100000
2025-10-31 01:00:00,214.96000000,219.15000000,214.44000000,217.45000000,3067717.01300000
2025-10-31 05:00:00,217.45000000,219.75000000,216.42000000,217.12000000,2438573.09000000
2025-10-31 09:00:00,217.12000000,220.01000000,216.17000000,219.81000000,2603207.85200000
2025-10-31 13:00:00,219.81000000,220.98000000,217.16000000,218.50000000,4325785.67400000
2025-10-31 17:00:00,218.50000000,234.66000000,212.20000000,233.52000000,6964808.07200000
2025-10-31 21:00:00,233.52000000,235.66000000,228.14000000,228.38000000,4888393.51200000
2025-11-01 01:00:00,228.38000000,229.26000000,225.16000000,228.02000000,3061837.87900000
2025-11-01 05:00:00,228.02000000,228.04000000,224.87000000,226.46000000,2226215.10300000
2025-11-01 09:00:00,226.46000000,227.13000000,224.69000000,225.21000000,1904235.33100000
2025-11-01 13:00:00,225.21000000,225.73000000,221.60000000,222.66000000,2772568.43600000
2025-11-01 17:00:00,222.66000000,223.83000000,221.93000000,223.31000000,2338626.80900000
2025-11-01 21:00:00,223.31000000,224.76000000,221.27000000,222.84000000,2640730.61700000
2025-11-02 01:00:00,222.84000000,224.19000000,221.75000000,222.55000000,2062952.66100000
2025-11-02 05:00:00,222.55000000,226.61000000,222.24000000,225.91000000,2513520.85800000
2025-11-02 09:00:00,225.91000000,226.18000000,220.12000000,223.71000000,3173009.25800000
2025-11-02 13:00:00,223.71000000,224.10000000,218.27000000,220.15000000,2958845.54800000
2025-11-02 17:00:00,220.15000000,236.93000000,218.65000000,224.83000000,8170964.68800000
2025-11-02 21:00:00,224.83000000,231.64000000,223.85000000,231.23000000,3571072.35400000
2025-11-03 01:00:00,231.23000000,232.91000000,216.30000000,216.75000000,7607416.63000000
2025-11-03 05:00:00,216.75000000,219.25000000,208.85000000,211.91000000,5796065.42900000
2025-11-03 09:00:00,211.91000000,215.19000000,208.77000000,213.91000000,4879546.11900000
2025-11-03 13:00:00,213.91000000,215.42000000,194.96000000,200.36000000,8594231.90200000
2025-11-03 17:00:00,200.36000000,207.12000000,199.25000000,202.69000000,7134625.83600000
2025-11-03 21:00:00,202.69000000,203.93000000,197.53000000,199.57000000,5407154.15700000
2025-11-04 01:00:00,199.57000000,205.99000000,197.80000000,204.54000000,4079514.85500000
2025-11-04 05:00:00,204.54000000,205.09000000,192.38000000,193.49000000,7850331.91000000
2025-11-04 09:00:00,193.49000000,198.81000000,192.63000000,197.62000000,6401656.04600000
2025-11-04 13:00:00,197.62000000,204.16000000,194.31000000,199.73000000,8206795.12300000
2025-11-04 17:00:00,199.73000000,201.03000000,184.63000000,185.95000000,13235780.12300000
2025-11-04 21:00:00,185.95000000,190.96000000,176.63000000,188.01000000,11563967.73000000
2025-11-05 01:00:00,188.01000000,199.99000000,180.58000000,198.62000000,9210256.01200000
2025-11-05 05:00:00,198.62000000,201.89000000,196.30000000,198.10000000,3785719.07800000
2025-11-05 09:00:00,198.10000000,198.45000000,193.76000000,197.94000000,5009092.86200000
2025-11-05 13:00:00,197.94000000,200.01000000,195.05000000,199.82000000,5676503.72700000
2025-11-05 17:00:00,199.82000000,205.04000000,198.84000000,203.27000000,4735046.92700000
2025-11-05 21:00:00,203.27000000,204.80000000,201.48000000,201.89000000,3152363.67500000
2025-11-06 01:00:00,201.89000000,205.19000000,198.72000000,204.56000000,3711761.50500000
2025-11-06 05:00:00,204.56000000,205.89000000,198.44000000,199.56000000,3175414.37400000
2025-11-06 09:00:00,199.56000000,201.85000000,199.22000000,200.26000000,2232517.72100000
2025-11-06 13:00:00,200.26000000,202.04000000,194.36000000,195.17000000,5673321.84100000
2025-11-06 17:00:00,195.17000000,200.31000000,192.67000000,198.86000000,5895222.28400000
2025-11-06 21:00:00,198.86000000,199.52000000,195.62000000,197.16000000,3454065.82800000
2025-11-07 01:00:00,197.16000000,201.55000000,195.81000000,198.69000000,4210283.71000000
2025-11-07 05:00:00,198.69000000,202.47000000,196.99000000,202.43000000,2805900.22200000
2025-11-07 09:00:00,202.43000000,203.04000000,193.55000000,193.58000000,4682524.39500000
2025-11-07 13:00:00,193.58000000,200.04000000,189.78000000,198.64000000,8434072.72600000
2025-11-07 17:00:00,198.64000000,210.97000000,197.46000000,210.41000000,8741567.19100000
2025-11-07 21:00:00,210.41000000,212.46000000,207.27000000,207.99000000,3489892.01300000
2025-11-08 01:00:00,207.99000000,211.07000000,206.13000000,207.29000000,3907005.43800000
2025-11-08 05:00:00,207.29000000,209.42000000,203.01000000,205.87000000,3441422.13200000
2025-11-08 09:00:00,205.87000000,207.74000000,204.55000000,205.29000000,2950326.38200000
2025-11-08 13:00:00,205.29000000,205.67000000,198.64000000,199.38000000,4413992.94600000
2025-11-08 17:00:00,199.38000000,209.08000000,198.35000000,201.19000000,7742232.89600000
2025-11-08 21:00:00,201.19000000,203.38000000,200.14000000,202.69000000,1973698.06800000
2025-11-09 01:00:00,202.69000000,202.74000000,196.53000000,197.50000000,2605022.91600000
2025-11-09 05:00:00,197.50000000,200.86000000,196.81000000,200.23000000,2558242.21000000
2025-11-09 09:00:00,200.23000000,202.72000000,197.83000000,202.19000000,2818338.90300000
2025-11-09 13:00:00,202.19000000,210.14000000,201.79000000,208.05000000,4820605.22500000
2025-11-09 17:00:00,208.05000000,214.01000000,207.82000000,213.74000000,4709795.25700000
2025-11-09 21:00:00,213.74000000,214.95000000,211.52000000,212.19000000,3798811.97500000
2025-11-10 01:00:00,212.19000000,221.07000000,210.55000000,219.88000000,4955617.03200000
2025-11-10 05:00:00,219.88000000,222.38000000,218.68000000,220.09000000,2989198.77800000
2025-11-10 09:00:00,220.09000000,225.46000000,218.58000000,223.94000000,4206201.39400000
2025-11-10 13:00:00,223.94000000,225.56000000,217.57000000,219.11000000,5418666.91300000
2025-11-10 17:00:00,219.11000000,223.58000000,216.08000000,221.41000000,4332138.11300000
2025-11-10 21:00:00,221.41000000,229.23000000,219.34000000,228.15000000,5418183.81100000
2025-11-11 01:00:00,228.15000000,232.12000000,224.54000000,230.11000000,7925143.43800000
2025-11-11 05:00:00,230.11000000,230.72000000,216.49000000,216.54000000,6572976.55500000
2025-11-11 09:00:00,216.54000000,219.84000000,216.16000000,218.58000000,4006183.01500000
2025-11-11 13:00:00,218.58000000,219.91000000,213.63000000,214.33000000,5722010.82500000
2025-11-11 17:00:00,214.33000000,216.13000000,211.09000000,211.55000000,4133974.87000000
2025-11-11 21:00:00,211.55000000,212.42000000,206.98000000,207.60000000,4404620.59600000
2025-11-12 01:00:00,207.60000000,212.48000000,206.93000000,212.21000000,4005025.04200000
2025-11-12 05:00:00,212.21000000,212.24000000,207.81000000,208.32000000,2615030.38100000
2025-11-12 09:00:00,208.32000000,218.06000000,208.31000000,217.58000000,4348760.28900000
2025-11-12 13:00:00,217.58000000,219.40000000,206.54000000,207.48000000,7578676.68600000
2025-11-12 17:00:00,207.48000000,207.75000000,202.76000000,204.84000000,6830768.34200000
2025-11-12 21:00:00,204.84000000,207.17000000,204.05000000,205.05000000,2830112.03700000
2025-11-13 01:00:00,205.05000000,211.27000000,204.11000000,209.12000000,4875807.53700000
2025-11-13 05:00:00,209.12000000,216.54000000,207.64000000,213.91000000,5208912.29300000
2025-11-13 09:00:00,213.91000000,215.51000000,211.62000000,213.34000000,3424151.40700000
2025-11-13 13:00:00,213.34000000,214.08000000,207.05000000,208.36000000,6798465.65600000
2025-11-13 17:00:00,208.36000000,208.67000000,191.24000000,192.29000000,9085157.68000000
2025-11-13 21:00:00,192.29000000,201.81000000,190.51000000,198.64000000,5794634.34100000
2025-11-14 01:00:00,198.64000000,199.78000000,192.53000000,192.94000000,5610606.99900000
2025-11-14 05:00:00,192.94000000,193.01000000,185.08000000,185.70000000,7380864.94800000
2025-11-14 09:00:00,185.70000000,186.13000000,178.97000000,179.85000000,5968428.31600000
2025-11-14 13:00:00,179.85000000,180.83000000,173.02000000,179.03000000,13279274.88800000
2025-11-14 17:00:00,179.03000000,183.06000000,176.33000000,180.35000000,5711670.71900000
2025-11-14 21:00:00,180.35000000,180.51000000,172.75000000,173.79000000,6294815.50500000
2025-11-15 01:00:00,173.79000000,179.99000000,173.73000000,178.95000000,4309631.82700000
2025-11-15 05:00:00,178.95000000,180.53000000,177.38000000,179.13000000,2623687.34500000
2025-11-15 09:00:00,179.13000000,180.90000000,175.84000000,178.32000000,2828889.87500000
2025-11-15 13:00:00,178.32000000,180.93000000,177.76000000,179.00000000,2975743.81700000
2025-11-15 17:00:00,179.00000000,182.70000000,177.91000000,180.35000000,3249583.04800000
2025-11-15 21:00:00,180.35000000,180.44000000,177.50000000,178.40000000,2604392.51900000
2025-11-16 01:00:00,178.40000000,179.57000000,175.22000000,179.45000000,3761473.04300000
2025-11-16 05:00:00,179.45000000,181.71000000,178.52000000,181.22000000,2726553.96500000
2025-11-16 09:00:00,181.22000000,182.02000000,176.01000000,176.28000000,3169542.67600000
2025-11-16 13:00:00,176.28000000,177.69000000,172.86000000,173.20000000,2953841.98100000
2025-11-16 17:00:00,173.20000000,175.05000000,167.69000000,172.73000000,7425098.17200000
2025-11-16 21:00:00,172.73000000,174.29000000,168.66000000,172.79000000,4341229.75000000
2025-11-17 01:00:00,172.79000000,177.31000000,170.68000000,176.93000000,4215449.59300000
2025-11-17 05:00:00,176.93000000,178.98000000,175.85000000,178.71000000,2960234.97800000
2025-11-17 09:00:00,178.71000000,180.15000000,177.29000000,178.99000000,2410997.29200000
2025-11-17 13:00:00,178.99000000,182.36000000,172.22000000,174.19000000,9219554.54400000
2025-11-17 17:00:00,174.19000000,176.65000000,165.10000000,165.66000000,7810544.62700000
2025-11-17 21:00:00,165.66000000,169.38000000,164.81000000,169.05000000,4511771.73200000
2025-11-18 01:00:00,169.05000000,171.12000000,165.10000000,169.96000000,5529453.94900000
2025-11-18 05:00:00,169.96000000,172.25000000,167.06000000,171.09000000,4483546.99100000
2025-11-18 09:00:00,171.09000000,172.89000000,170.06000000,171.62000000,3720030.10900000
2025-11-18 13:00:00,171.62000000,177.32000000,170.05000000,176.00000000,6528832.63000000
2025-11-18 17:00:00,176.00000000,179.57000000,175.08000000,177.92000000,4872710.76900000
2025-11-18 21:00:00,177.92000000,179.40000000,176.39000000,178.22000000,3358526.48600000
2025-11-19 01:00:00,178.22000000,178.98000000,174.99000000,175.44000000,3552782.61700000
2025-11-19 05:00:00,175.44000000,176.06000000,170.08000000,175.21000000,4241776.91400000
2025-11-19 09:00:00,175.21000000,176.93000000,173.48000000,174.22000000,2335667.96600000
2025-11-19 13:00:00,174.22000000,175.60000000,167.62000000,168.28000000,5337181.78200000
2025-11-19 17:00:00,168.28000000,169.79000000,163.56000000,164.66000000,6419303.94600000
2025-11-19 21:00:00,164.66000000,175.00000000,164.24000000,174.41000000,5290724.24300000
2025-11-20 01:00:00,174.41000000,176.73000000,173.26000000,176.15000000,3096432.10600000
2025-11-20 05:00:00,176.15000000,178.66000000,174.99000000,178.53000000,3045772.67200000
2025-11-20 09:00:00,178.53000000,179.03000000,175.84000000,177.77000000,2997915.41700000
2025-11-20 13:00:00,177.77000000,179.52000000,172.97000000,173.17000000,6030136.53900000
2025-11-20 17:00:00,173.17000000,173.40000000,159.31000000,163.83000000,8554708.38600000
2025-11-20 21:00:00,163.83000000,167.30000000,161.93000000,164.56000000,4660627.47000000
2025-11-21 01:00:00,164.56000000,167.93000000,161.85000000,163.27000000,4491857.99700000
2025-11-21 05:00:00,163.27000000,164.43000000,146.89000000,156.13000000,6739889.14200000
2025-11-21 09:00:00,156.13000000,158.86000000,152.29000000,152.91000000,6705900.50500000
2025-11-21 13:00:00,152.91000000,157.49000000,148.87000000,152.49000000,8802544.01400000
2025-11-21 17:00:00,152.49000000,159.51000000,151.02000000,156.56000000,6090697.43700000
2025-11-21 21:00:00,156.56000000,158.87000000,153.61000000,157.70000000,4332925.87400000
2025-11-22 01:00:00,157.70000000,160.42000000,157.53000000,159.19000000,2975013.69800000
2025-11-22 05:00:00,159.19000000,160.15000000,156.55000000,158.88000000,3595952.39900000
2025-11-22 09:00:00,158.88000000,159.12000000,155.24000000,157.05000000,3346328.55200000
2025-11-22 13:00:00,157.05000000,158.79000000,155.06000000,157.85000000,3623231.20700000
2025-11-22 17:00:00,157.85000000,160.37000000,157.62000000,159.17000000,3577249.73200000
2025-11-22 21:00:00,159.17000000,163.48000000,158.20000000,161.06000000,3245901.80500000
2025-11-23 01:00:00,161.06000000,164.08000000,160.23000000,163.86000000,3897910.59900000
2025-11-23 05:00:00,163.86000000,165.63000000,162.08000000,163.29000000,3993271.60200000
2025-11-23 09:00:00,163.29000000,164.99000000,162.51000000,163.36000000,2963729.37100000
2025-11-23 13:00:00,163.36000000,165.23000000,162.16000000,164.90000000,4033813.69700000
2025-11-23 17:00:00,164.90000000,170.39000000,163.86000000,168.41000000,4416527.53600000
2025-11-23 21:00:00,168.41000000,171.45000000,166.64000000,167.35000000,5063682.66800000
2025-11-24 01:00:00,167.35000000,173.35000000,165.42000000,172.05000000,5914583.47200000
2025-11-24 05:00:00,172.05000000,174.12000000,169.96000000,170.56000000,4951868.13000000
2025-11-24 09:00:00,170.56000000,171.94000000,167.76000000,170.72000000,4343605.43900000
2025-11-24 13:00:00,170.72000000,172.14000000,167.07000000,171.23000000,6029058.97100000
2025-11-24 17:00:00,171.23000000,178.08000000,170.77000000,177.69000000,6201435.95600000
2025-11-24 21:00:00,177.69000000,180.07000000,177.21000000,178.41000000,4182380.26100000
2025-11-25 01:00:00,178.41000000,180.26000000,177.24000000,178.08000000,4361310.25400000
2025-11-25 05:00:00,178.08000000,180.64000000,177.86000000,178.73000000,4775679.83600000
2025-11-25 09:00:00,178.73000000,179.84000000,176.33000000,177.33000000,5538041.25200000
2025-11-25 13:00:00,177.33000000,180.13000000,174.07000000,176.10000000,5499543.73100000
2025-11-25 17:00:00,176.10000000,178.96000000,174.28000000,177.63000000,5147008.32200000
2025-11-25 21:00:00,177.63000000,181.33000000,175.53000000,178.90000000,5288534.05700000
2025-11-26 01:00:00,178.90000000,180.80000000,176.56000000,176.86000000,5282798.00900000
2025-11-26 05:00:00,176.86000000,179.02000000,176.48000000,178.51000000,4317364.52900000
2025-11-26 09:00:00,178.51000000,178.49000000,175.45000000,176.54000000,4724182.02400000
2025-11-26 13:00:00,176.54000000,178.84000000,174.74000000,177.61000000,6528012.49700000
2025-11-26 17:00:00,177.61000000,188.68000000,177.55000000,187.50000000,8274379.92800000
2025-11-26 21:00:00,187.50000000,188.00000000,184.61000000,185.66000000,5045395.33900000
2025-11-27 01:00:00,185.66000000,187.76000000,184.82000000,185.51000000,5010743.72200000
2025-11-27 05:00:00,185.51000000,187.08000000,185.17000000,185.84000000,3959848.49600000
2025-11-27 09:00:00,185.84000000,185.83000000,181.85000000,182.99000000,4925847.35600000
2025-11-27 13:00:00,182.99000000,185.49000000,181.90000000,185.17000000,3989143.58400000
2025-11-27 17:00:00,185.17000000,187.69000000,184.79000000,186.74000000,4062291.55500000
2025-11-27 21:00:00,186.74000000,187.90000000,185.40000000,185.85000000,3915844.23900000
2025-11-28 01:00:00,185.85000000,186.40000000,182.44000000,186.32000000,4701255.83700000
2025-11-28 05:00:00,186.32000000,187.08000000,184.52000000,184.89000000,4667871.65600000
2025-11-28 09:00:00,184.89000000,189.22000000,184.85000000,185.52000000,4822787.98500000
2025-11-28 13:00:00,185.52000000,187.69000000,184.57000000,185.89000000,5088287.59100000
2025-11-28 17:00:00,185.89000000,186.65000000,182.13000000,186.30000000,5160980.62100000
2025-11-28 21:00:00,186.30000000,186.84000000,184.73000000,185.18000000,3977199.74500000
2025-11-29 01:00:00,185.18000000,186.33000000,183.78000000,183.97000000,4335145.09600000
2025-11-29 05:00:00,183.97000000,186.56000000,182.94000000,183.83000000,5027642.16300000
2025-11-29 09:00:00,183.83000000,184.48000000,182.55000000,183.97000000,3527035.95200000
2025-11-29 13:00:00,183.97000000,184.75000000,182.24000000,183.77000000,5114661.27500000
2025-11-29 17:00:00,183.77000000,183.80000000,180.79000000,182.96000000,4704593.88300000
2025-11-29 21:00:00,182.96000000,183.63000000,181.35000000,181.99000000,3904840.52400000
2025-11-30 01:00:00,181.99000000,189.96000000,181.01000000,189.88000000,5470091.31100000
2025-11-30 05:00:00,189.88000000,190.65000000,184.23000000,185.40000000,5693413.00900000
2025-11-30 09:00:00,185.40000000,186.34000000,176.65000000,177.62000000,7034872.31000000
2025-11-30 13:00:00,177.62000000,181.44000000,177.51000000,180.18000000,5486907.66400000
2025-11-30 17:00:00,180.18000000,181.81000000,179.72000000,180.22000000,3667912.63100000
2025-11-30 21:00:00,180.22000000,180.83000000,177.15000000,177.32000000,4448549.85300000
2025-12-01 01:00:00,177.32000000,177.97000000,166.55000000,166.79000000,7002712.59100000
2025-12-01 05:00:00,166.79000000,167.55000000,165.24000000,166.41000000,4735239.76300000
2025-12-01 09:00:00,166.41000000,168.47000000,164.87000000,167.89000000,4313255.71200000
2025-12-01 13:00:00,167.89000000,169.32000000,162.19000000,164.54000000,5732288.39300000
2025-12-01 17:00:00,164.54000000,165.24000000,162.58000000,164.30000000,5397148.52700000
2025-12-01 21:00:00,164.30000000,172.49000000,164.27000000,171.18000000,5407195.40000000
2025-12-02 01:00:00,171.18000000,173.24000000,168.31000000,169.28000000,4201216.73800000
2025-12-02 05:00:00,169.28000000,170.52000000,168.43000000,168.81000000,3426231.99500000
2025-12-02 09:00:00,168.81000000,171.39000000,167.14000000,170.54000000,4586131.54900000
2025-12-02 13:00:00,170.54000000,184.92000000,169.54000000,183.98000000,7195316.79500000
2025-12-02 17:00:00,183.98000000,190.06000000,182.83000000,187.11000000,6217390.93700000
2025-12-02 21:00:00,187.11000000,190.72000000,185.01000000,189.77000000,4826805.80900000
2025-12-03 01:00:00,189.77000000,191.91000000,189.28000000,190.30000000,5978960.10200000
2025-12-03 05:00:00,190.30000000,193.81000000,190.28000000,193.42000000,6110261.97600000
2025-12-03 09:00:00,193.42000000,194.69000000,191.24000000,192.45000000,5209870.65100000
2025-12-03 13:00:00,192.45000000,195.71000000,190.22000000,192.84000000,6744478.07200000
2025-12-03 17:00:00,192.84000000,195.61000000,191.11000000,195.42000000,5451428.28800000
2025-12-03 21:00:00,195.42000000,200.51000000,195.08000000,197.72000000,7074459.97600000
2025-12-04 01:00:00,197.72000000,199.29000000,195.86000000,197.53000000,5368882.60900000
2025-12-04 05:00:00,197.53000000,197.78000000,192.80000000,193.13000000,6136987.95400000
2025-12-04 09:00:00,193.13000000,194.35000000,192.22000000,194.25000000,3973714.40200000
2025-12-04 13:00:00,194.25000000,196.77000000,192.08000000,195.57000000,4918357.43100000
2025-12-04 17:00:00,195.57000000,195.97000000,187.30000000,190.39000000,5566436.21700000
2025-12-04 21:00:00,190.39000000,191.91000000,189.65000000,190.41000000,3493256.51400000
2025-12-05 01:00:00,190.41000000,193.42000000,190.11000000,191.96000000,4482905.15100000
2025-12-05 05:00:00,191.96000000,192.75000000,190.07000000,191.75000000,3713703.44500000
2025-12-05 09:00:00,191.75000000,191.77000000,187.92000000,189.20000000,4480767.57300000
2025-12-05 13:00:00,189.20000000,192.98000000,187.08000000,188.44000000,6370246.54900000
2025-12-05 17:00:00,188.44000000,188.59000000,181.33000000,184.37000000,7176091.66000000
2025-12-05 21:00:00,184.37000000,184.99000000,182.80000000,183.37000000,3969284.06200000
2025-12-06 01:00:00,183.37000000,184.86000000,182.12000000,183.71000000,3874772.77100000
2025-12-06 05:00:00,183.71000000,185.10000000,182.79000000,183.26000000,3355477.14400000
2025-12-06 09:00:00,183.26000000,184.56000000,182.06000000,184.50000000,3731137.99000000
2025-12-06 13:00:00,184.50000000,187.86000000,183.84000000,187.22000000,5014524.70800000
2025-12-06 17:00:00,187.22000000,191.39000000,186.52000000,187.03000000,4872198.69500000
2025-12-06 21:00:00,187.03000000,188.99000000,186.38000000,187.31000000,3768732.49700000
2025-12-07 01:00:00,187.31000000,190.93000000,187.07000000,189.96000000,3560774.40800000
2025-12-07 05:00:00,189.96000000,190.12000000,187.49000000,189.47000000,3869962.84400000
2025-12-07 09:00:00,189.47000000,190.28000000,187.23000000,188.60000000,4466039.91600000
2025-12-07 13:00:00,188.60000000,189.91000000,181.79000000,188.13000000,6146538.52500000
2025-12-07 17:00:00,188.13000000,194.94000000,185.30000000,193.74000000,6176000.95700000
2025-12-07 21:00:00,193.74000000,194.03000000,184.37000000,187.39000000,5163290.87200000
2025-12-08 01:00:00,187.39000000,192.59000000,185.73000000,189.99000000,4815496.96400000
2025-12-08 05:00:00,189.99000000,193.33000000,189.93000000,193.02000000,4881422.17300000
2025-12-08 09:00:00,193.02000000,197.28000000,192.03000000,197.13000000,5031369.75500000
2025-12-08 13:00:00,197.13000000,199.98000000,192.45000000,192.59000000,10430301.39000000
2025-12-08 17:00:00,192.59000000,193.82000000,189.21000000,191.25000000,11053521.63000000
2025-12-08 21:00:00,191.25000000,194.19000000,190.68000000,191.42000000,4837815.31800000
2025-12-09 01:00:00,191.42000000,192.48000000,188.65000000,190.40000000,5377531.16500000
2025-12-09 05:00:00,190.40000000,190.56000000,187.51000000,190.12000000,4206983.08900000
2025-12-09 09:00:00,190.12000000,190.41000000,187.06000000,188.66000000,3523776.22000000
2025-12-09 13:00:00,188.66000000,197.12000000,187.14000000,196.28000000,6821820.69800000
2025-12-09 17:00:00,196.28000000,206.26000000,196.30000000,204.82000000,8884757.59300000
2025-12-09 21:00:00,204.82000000,206.21000000,200.90000000,202.29000000,5799269.52300000
2025-12-10 01:00:00,202.29000000,203.34000000,198.33000000,200.33000000,5544670.91600000
2025-12-10 05:00:00,200.33000000,201.24000000,198.59000000,200.13000000,4406145.59300000
2025-12-10 09:00:00,200.13000000,202.49000000,196.15000000,197.43000000,5343785.62000000
2025-12-10 13:00:00,197.43000000,199.81000000,196.65000000,198.04000000,4117945.09900000
2025-12-10 17:00:00,198.04000000,205.04000000,197.50000000,202.69000000,8584580.66700000
2025-12-10 21:00:00,202.69000000,207.06000000,196.24000000,196.82000000,7900434.34700000
2025-12-11 01:00:00,196.82000000,197.21000000,187.23000000,187.51000000,5932827.39800000
2025-12-11 05:00:00,187.51000000,191.61000000,186.86000000,189.42000000,4994966.53100000
2025-12-11 09:00:00,189.42000000,190.68000000,188.01000000,190.13000000,3970454.41400000
2025-12-11 13:00:00,190.13000000,192.93000000,188.33000000,190.80000000,5252679.11500000
2025-12-11 17:00:00,190.80000000,196.01000000,189.25000000,193.67000000,5142299.33800000
2025-12-11 21:00:00,193.67000000,203.42000000,193.56000000,202.37000000,7126959.08000000
2025-12-12 01:00:00,202.37000000,206.74000000,200.93000000,204.36000000,7697469.88600000
2025-12-12 05:00:00,204.36000000,206.16000000,202.18000000,204.28000000,6328553.57500000
2025-12-12 09:00:00,204.28000000,206.62000000,203.18000000,205.68000000,6349183.58700000
2025-12-12 13:00:00,205.68000000,205.68000000,191.97000000,192.73000000,9204422.26300000
2025-12-12 17:00:00,192.73000000,194.03000000,189.24000000,191.13000000,9551568.68200000
2025-12-12 21:00:00,191.13000000,192.71000000,190.17000000,191.25000000,4035261.29600000
2025-12-13 01:00:00,191.25000000,194.87000000,191.14000000,194.29000000,4602592.78500000
2025-12-13 05:00:00,194.29000000,195.75000000,193.25000000,195.54000000,5387359.89000000
2025-12-13 09:00:00,195.54000000,202.72000000,195.54000000,198.95000000,7998805.23300000
2025-12-13 13:00:00,198.95000000,199.90000000,197.01000000,198.39000000,5368810.19900000
2025-12-13 17:00:00,198.39000000,199.24000000,196.23000000,197.89000000,4448979.86900000
2025-12-13 21:00:00,197.89000000,198.01000000,195.42000000,197.40000000,4982129.12700000
2025-12-14 01:00:00,197.40000000,198.02000000,195.86000000,195.94000000,4430848.69400000
2025-12-14 05:00:00,195.94000000,196.07000000,193.05000000,194.52000000,5308643.73900000
2025-12-14 09:00:00,194.52000000,195.61000000,191.21000000,193.48000000,4942106.76600000
2025-12-14 13:00:00,193.48000000,194.89000000,190.90000000,191.43000000,4335200.97100000
2025-12-14 17:00:00,191.43000000,192.69000000,189.35000000,189.87000000,2704305.86400000
2025-12-14 21:00:00,189.87000000,190.94000000,185.73000000,188.52000000,4291372.24900000
2025-12-15 01:00:00,188.52000000,196.14000000,187.95000000,193.06000000,5522024.25400000
2025-12-15 05:00:00,193.06000000,196.64000000,192.09000000,194.71000000,3498160.62500000
2025-12-15 09:00:00,194.71000000,196.21000000,193.79000000,195.48000000,3770217.75800000
2025-12-15 13:00:00,195.48000000,195.89000000,182.86000000,184.42000000,7518420.73200000
2025-12-15 17:00:00,184.42000000,184.98000000,179.28000000,183.37000000,5457435.73700000
2025-12-15 21:00:00,183.37000000,195.47000000,180.98000000,192.81000000,6079835.33600000
2025-12-16 01:00:00,192.81000000,193.18000000,186.54000000,186.88000000,5520889.11700000
2025-12-16 05:00:00,186.88000000,188.67000000,183.28000000,186.74000000,4730863.20900000
2025-12-16 09:00:00,186.74000000,189.75000000,185.32000000,188.05000000,3709752.15600000
2025-12-16 13:00:00,188.05000000,191.13000000,183.99000000,189.36000000,6118712.32800000
2025-12-16 17:00:00,189.36000000,191.56000000,184.70000000,185.28000000,10348482.67900000
2025-12-16 21:00:00,185.28000000,186.44000000,184.44000000,186.08000000,3463881.24500000
2025-12-17 01:00:00,186.08000000,187.99000000,184.98000000,186.34000000,3297585.84400000
2025-12-17 05:00:00,186.34000000,186.44000000,183.19000000,185.28000000,4403969.37400000
2025-12-17 09:00:00,185.28000000,185.29000000,182.72000000,184.03000000,3795253.92500000
2025-12-17 13:00:00,184.03000000,192.51000000,181.72000000,182.98000000,9821159.67400000
2025-12-17 17:00:00,182.98000000,184.62000000,176.72000000,179.91000000,7197847.94400000
2025-12-17 21:00:00,179.91000000,181.28000000,177.52000000,179.88000000,3958854.15700000
2025-12-18 01:00:00,179.88000000,180.09000000,177.17000000,177.92000000,3348793.58900000
2025-12-18 05:00:00,177.92000000,179.02000000,175.84000000,177.13000000,3926007.92600000
2025-12-18 09:00:00,177.13000000,180.51000000,176.53000000,176.71000000,4056741.82500000
2025-12-18 13:00:00,176.71000000,185.16000000,176.17000000,183.12000000,6898981.02900000
2025-12-18 17:00:00,183.12000000,183.18000000,169.38000000,169.78000000,9301337.07700000
2025-12-18 21:00:00,169.78000000,175.01000000,169.70000000,173.45000000,5314219.90400000
2025-12-19 01:00:00,173.45000000,179.66000000,171.80000000,178.31000000,4795116.15300000
2025-12-19 05:00:00,178.31000000,183.54000000,177.76000000,182.01000000,5013981.34500000
2025-12-19 09:00:00,182.01000000,182.68000000,180.33000000,181.42000000,3477199.22700000
2025-12-19 13:00:00,181.42000000,185.87000000,180.81000000,183.10000000,5431234.34500000
2025-12-19 17:00:00,183.10000000,186.88000000,181.61000000,185.28000000,5339445.45400000
2025-12-19 21:00:00,185.28000000,187.42000000,181.13000000,181.50000000,5358135.36100000
2025-12-20 01:00:00,181.50000000,182.35000000,180.12000000,181.43000000,4176652.77700000
2025-12-20 05:00:00,181.43000000,182.65000000,181.23000000,182.24000000,3501814.69200000
2025-12-20 09:00:00,182.24000000,183.20000000,180.77000000,182.09000000,3453703.55800000
2025-12-20 13:00:00,182.09000000,182.29000000,180.01000000,182.08000000,3759976.78800000
2025-12-20 17:00:00,182.08000000,182.33000000,180.81000000,181.09000000,2326089.12100000
2025-12-20 21:00:00,181.09000000,181.51000000,179.65000000,179.81000000,3072853.43200000
2025-12-21 01:00:00,179.81000000,180.02000000,176.69000000,177.93000000,3968958.52900000
2025-12-21 05:00:00,177.93000000,178.58000000,177.09000000,177.63000000,3042605.94200000
2025-12-21 09:00:00,177.63000000,179.95000000,177.14000000,177.98000000,4092141.12600000
2025-12-21 13:00:00,177.98000000,178.56000000,173.10000000,175.22000000,4751394.47700000
2025-12-21 17:00:00,175.22000000,177.14000000,174.96000000,176.55000000,4297062.01100000
2025-12-21 21:00:00,176.55000000,176.69000000,156.18000000,165.13000000,10785974.45700000
2025-12-22 01:00:00,165.13000000,166.53000000,160.57000000,162.51000000,6135276.16000000
2025-12-22 05:00:00,162.51000000,162.79000000,159.25000000,160.46000000,5382598.00200000
2025-12-22 09:00:00,160.46000000,163.00000000,157.95000000,159.03000000,6107842.52300000
2025-12-22 13:00:00,159.03000000,159.24000000,153.41000000,154.24000000,17094794.08100000
2025-12-22 17:00:00,154.24000000,158.60000000,152.45000000,153.19000000,24894707.29300000
2025-12-22 21:00:00,153.19000000,153.81000000,148.09000000,150.51000000,17203871.91600000
2025-12-23 01:00:00,150.51000000,153.57000000,148.39000000,152.24000000,6751190.69500000
2025-12-23 05:00:00,152.24000000,155.45000000,151.65000000,152.61000000,6243248.19500000
2025-12-23 09:00:00,152.61000000,153.37000000,150.81000000,151.16000000,6311575.91300000
2025-12-23 13:00:00,151.16000000,152.99000000,147.62000000,150.21000000,10109807.50500000
2025-12-23 17:00:00,150.21000000,151.73000000,149.18000000,150.75000000,4848263.73800000
2025-12-23 21:00:00,150.75000000,152.41000000,150.01000000,150.72000000,3476523.13700000
2025-12-24 01:00:00,150.72000000,151.73000000,148.82000000,149.79000000,3656641.86300000
2025-12-24 05:00:00,149.79000000,150.07000000,147.28000000,147.39000000,4201483.79800000
2025-12-24 09:00:00,147.39000000,149.37000000,146.33000000,148.95000000,5268712.68300000
2025-12-24 13:00:00,148.95000000,149.60000000,147.35000000,148.22000000,4517037.54300000
2025-12-24 17:00:00,148.22000000,149.96000000,147.58000000,148.22000000,4012692.35600000
2025-12-24 21:00:00,148.22000000,149.59000000,147.49000000,148.63000000,4557661.28000000
2025-12-25 01:00:00,148.63000000,151.37000000,147.97000000,150.46000000,4211169.30300000
2025-12-25 05:00:00,150.46000000,150.88000000,149.84000000,150.39000000,3080273.76200000
2025-12-25 09:00:00,150.39000000,151.65000000,149.42000000,149.94000000,3936627.14900000
2025-12-25 13:00:00,149.94000000,153.78000000,149.83000000,153.48000000,4915651.35300000
2025-12-25 17:00:00,153.48000000,154.54000000,151.77000000,152.68000000,4955132.67100000
2025-12-25 21:00:00,152.68000000,152.83000000,148.12000000,148.99000000,3759413.19600000
2025-12-26 01:00:00,148.99000000,153.87000000,148.46000000,152.32000000,3808522.75100000
2025-12-26 05:00:00,152.32000000,154.41000000,151.34000000,152.61000000,3389830.29100000
2025-12-26 09:00:00,152.61000000,154.92000000,152.51000000,153.93000000,3024744.58600000
2025-12-26 13:00:00,153.93000000,157.25000000,151.73000000,154.63000000,6120858.95500000
2025-12-26 17:00:00,154.63000000,156.53000000,154.11000000,155.14000000,3888601.75400000
2025-12-26 21:00:00,155.14000000,155.24000000,153.17000000,154.23000000,2420648.67100000
2025-12-27 01:00:00,154.23000000,156.10000000,153.78000000,155.84000000,4269816.78200000
2025-12-27 05:00:00,155.84000000,156.75000000,154.58000000,156.65000000,3010407.45600000
2025-12-27 09:00:00,156.65000000,157.22000000,155.69000000,156.73000000,3453484.67800000
2025-12-27 13:00:00,156.73000000,157.03000000,155.41000000,156.56000000,3293942.11200000
2025-12-27 17:00:00,156.56000000,156.67000000,155.16000000,156.03000000,2068045.85600000
2025-12-27 21:00:00,156.03000000,157.61000000,155.86000000,157.02000000,2260949.28300000
2025-12-28 01:00:00,157.02000000,157.27000000,155.48000000,156.04000000,2204793.61900000
2025-12-28 05:00:00,156.04000000,156.07000000,153.92000000,155.17000000,2738447.55300000
2025-12-28 09:00:00,155.17000000,156.01000000,154.38000000,154.95000000,2187038.47500000
2025-12-28 13:00:00,154.95000000,155.86000000,154.21000000,154.76000000,2510531.53000000
2025-12-28 17:00:00,154.76000000,155.29000000,153.05000000,153.19000000,2194826.41600000
2025-12-28 21:00:00,153.19000000,154.13000000,152.60000000,153.54000000,1583172.34100000
2025-12-29 01:00:00,153.54000000,157.75000000,152.80000000,157.41000000,3946762.73000000
2025-12-29 05:00:00,157.41000000,159.15000000,153.65000000,153.97000000,3471196.20800000
2025-12-29 09:00:00,153.97000000,154.11000000,150.64000000,151.87000000,4526981.00000000
2025-12-29 13:00:00,151.87000000,152.27000000,149.72000000,151.07000000,3629244.52800000
2025-12-29 17:00:00,151.07000000,151.54000000,149.20000000,149.55000000,3085461.37100000
2025-12-29 21:00:00,149.55000000,149.98000000,148.57000000,149.39000000,2886736.60600000
2025-12-30 01:00:00,149.39000000,151.21000000,149.20000000,151.01000000,2854433.73400000
2025-12-30 05:00:00,151.01000000,151.93000000,150.00000000,150.89000000,2809154.80300000
2025-12-30 09:00:00,150.89000000,152.48000000,149.60000000,149.95000000,3339898.16000000
2025-12-30 13:00:00,149.95000000,151.79000000,149.56000000,150.81000000,2209120.31600000
2025-12-30 17:00:00,150.81000000,151.61000000,149.08000000,150.11000000,2240867.28900000
2025-12-30 21:00:00,150.11000000,150.26000000,148.87000000,149.42000000,1610313.44100000
2025-12-31 01:00:00,149.42000000,150.17000000,148.65000000,149.43000000,2625197.67500000
2025-12-31 05:00:00,149.43000000,150.86000000,149.11000000,150.09000000,1707097.29600000
2025-12-31 09:00:00,150.09000000,150.58000000,149.01000000,149.59000000,2195348.70300000
2025-12-31 13:00:00,149.59000000,150.29000000,146.69000000,147.34000000,4823415.92100000
2025-12-31 17:00:00,147.34000000,147.94000000,143.27000000,144.27000000,4109729.55900000
2025-12-31 21:00:00,144.27000000,147.12000000,143.55000000,145.91000000,3568042.69300000
2026-01-01 01:00:00,145.91000000,146.54000000,145.63000000,146.06000000,3182734.41100000
2026-01-01 05:00:00,146.06000000,146.62000000,145.35000000,145.94000000,2503285.94000000
2026-01-01 09:00:00,145.94000000,146.41000000,145.70000000,146.25000000,2245824.18700000
2026-01-01 13:00:00,146.25000000,146.92000000,144.96000000,146.43000000,2659955.78800000
2026-01-01 17:00:00,146.43000000,148.63000000,146.14000000,148.56000000,3530355.31400000
2026-01-01 21:00:00,148.56000000,149.48000000,147.23000000,148.84000000,3818615.60700000
2026-01-02 01:00:00,148.84000000,151.23000000,147.84000000,150.75000000,2991245.83300000
2026-01-02 05:00:00,150.75000000,151.11000000,149.26000000,149.55000000,2317712.92100000
2026-01-02 09:00:00,149.55000000,153.05000000,149.46000000,150.62000000,3002801.98500000
2026-01-02 13:00:00,150.62000000,155.07000000,149.86000000,154.03000000,5182452.10900000
2026-01-02 17:00:00,154.03000000,157.27000000,153.04000000,156.74000000,4197342.49300000
2026-01-02 21:00:00,156.74000000,165.88000000,156.56000000,165.15000000,7524243.91800000
2026-01-03 01:00:00,165.15000000,166.07000000,163.91000000,165.05000000,5008070.31100000
2026-01-03 05:00:00,165.05000000,167.69000000,160.94000000,161.65000000,5319276.20900000
2026-01-03 09:00:00,161.65000000,162.30000000,158.21000000,158.42000000,4693717.80700000
2026-01-03 13:00:00,158.42000000,160.64000000,157.76000000,159.72000000,4550991.59900000
2026-01-03 17:00:00,159.72000000,160.99000000,159.61000000,160.48000000,2728472.27900000
2026-01-03 21:00:00,160.48000000,163.05000000,159.32000000,163.04000000,2763256.94300000
2026-01-04 01:00:00,163.04000000,164.81000000,162.44000000,164.28000000,3917453.56100000
2026-01-04 05:00:00,164.28000000,164.84000000,161.03000000,161.48000000,3457596.30400000
2026-01-04 09:00:00,161.48000000,164.35000000,160.63000000,164.07000000,3627111.12100000
2026-01-04 13:00:00,164.07000000,166.19000000,163.20000000,164.49000000,4410044.04600000
2026-01-04 17:00:00,164.49000000,166.05000000,161.75000000,162.46000000,3022130.33000000
2026-01-04 21:00:00,162.46000000,165.18000000,162.21000000,164.13000000,3254932.14200000
2026-01-05 01:00:00,164.13000000,167.77000000,163.54000000,165.69000000,4492488.75400000
2026-01-05 05:00:00,165.69000000,165.89000000,161.60000000,164.49000000,4410999.44000000
2026-01-05 09:00:00,164.49000000,166.53000000,162.68000000,166.03000000,3330033.33000000
2026-01-05 13:00:00,166.03000000,169.95000000,163.53000000,169.19000000,5374590.99800000
2026-01-05 17:00:00,169.19000000,174.61000000,168.05000000,173.42000000,6021380.54700000
2026-01-05 21:00:00,173.42000000,175.16000000,169.92000000,170.77000000,4560161.62000000
2026-01-06 01:00:00,170.77000000,173.93000000,170.52000000,173.13000000,4115520.32100000
2026-01-06 05:00:00,173.13000000,174.52000000,170.94000000,171.55000000,4164712.90300000
2026-01-06 09:00:00,171.55000000,174.76000000,171.49000000,174.64000000,3117596.23100000
2026-01-06 13:00:00,174.64000000,176.87000000,171.88000000,172.75000000,5331225.36300000
2026-01-06 17:00:00,172.75000000,173.16000000,167.60000000,169.75000000,5551017.77400000
2026-01-06 21:00:00,169.75000000,176.72000000,169.73000000,176.13000000,3317911.58100000
2026-01-07 01:00:00,176.13000000,176.16000000,171.30000000,172.08000000,4226077.88500000
2026-01-07 05:00:00,172.08000000,173.41000000,170.60000000,173.40000000,3210369.75400000
2026-01-07 09:00:00,173.40000000,174.60000000,169.53000000,171.99000000,3956232.22300000
2026-01-07 13:00:00,171.99000000,172.02000000,166.38000000,166.89000000,5024416.28200000
2026-01-07 17:00:00,166.89000000,168.54000000,166.09000000,167.10000000,3771110.73500000
2026-01-07 21:00:00,167.10000000,168.54000000,165.74000000,167.72000000,4020402.16900000
2026-01-08 01:00:00,167.72000000,169.15000000,166.12000000,166.53000000,3440932.63800000
2026-01-08 05:00:00,166.53000000,168.05000000,162.33000000,165.46000000,4555697.50800000
2026-01-08 09:00:00,165.46000000,166.26000000,162.89000000,164.26000000,4060690.33100000
2026-01-08 13:00:00,164.26000000,165.89000000,161.08000000,165.84000000,4357399.14100000
2026-01-08 17:00:00,165.84000000,167.37000000,163.93000000,164.24000000,2865039.26500000
2026-01-08 21:00:00,164.24000000,166.02000000,162.67000000,164.22000000,2270173.14800000
2026-01-09 01:00:00,164.22000000,166.58000000,163.48000000,166.14000000,2716214.00000000
2026-01-09 05:00:00,166.14000000,166.61000000,164.87000000,164.92000000,2646438.91900000
2026-01-09 09:00:00,164.92000000,165.51000000,162.58000000,165.19000000,3146868.21900000
2026-01-09 13:00:00,165.19000000,169.74000000,163.74000000,167.83000000,4940957.07700000
2026-01-09 17:00:00,167.83000000,170.31000000,163.65000000,164.27000000,3985187.94800000
2026-01-09 21:00:00,164.27000000,166.44000000,164.09000000,165.60000000,2652597.16400000
2026-01-10 01:00:00,165.60000000,165.61000000,163.82000000,164.67000000,1844148.98200000
2026-01-10 05:00:00,164.67000000,165.49000000,163.29000000,165.10000000,2750447.95100000
2026-01-10 09:00:00,165.10000000,166.51000000,164.84000000,166.48000000,2098085.25300000
2026-01-10 13:00:00,166.48000000,167.21000000,165.80000000,165.83000000,2414828.59200000
2026-01-10 17:00:00,165.83000000,166.19000000,164.78000000,165.66000000,1066317.93000000
2026-01-10 21:00:00,165.66000000,165.84000000,163.73000000,164.82000000,1582098.30800000
2026-01-11 01:00:00,164.82000000,165.95000000,164.54000000,165.37000000,827530.66900000
2026-01-11 05:00:00,165.37000000,165.95000000,164.86000000,165.95000000,809348.63400000
2026-01-11 09:00:00,165.95000000,167.21000000,165.60000000,166.72000000,1557094.60800000
2026-01-11 13:00:00,166.72000000,168.17000000,166.25000000,166.85000000,1444736.06700000
2026-01-11 17:00:00,166.85000000,171.62000000,166.79000000,168.75000000,2889344.81700000
2026-01-11 21:00:00,168.75000000,168.75000000,165.23000000,167.82000000,3818327.90300000
2026-01-12 01:00:00,167.82000000,171.46000000,165.63000000,169.01000000,2838634.74400000
2026-01-12 05:00:00,169.01000000,170.67000000,166.13000000,166.31000000,2916949.91200000
2026-01-12 09:00:00,166.31000000,167.21000000,163.17000000,164.49000000,2546929.94300000
2026-01-12 13:00:00,164.49000000,165.25000000,160.79000000,164.71000000,2767674.09500000
2026-01-12 17:00:00,164.71000000,167.12000000,162.56000000,166.63000000,3341218.86800000
2026-01-12 21:00:00,166.63000000,167.59000000,163.71000000,164.89000000,3248603.07900000
2026-01-13 01:00:00,164.89000000,167.47000000,164.65000000,167.15000000,2553989.36900000
2026-01-13 05:00:00,167.15000000,171.21000000,166.87000000,169.19000000,3294866.24500000
2026-01-13 09:00:00,169.19000000,171.92000000,168.92000000,169.53000000,3831775.68100000
2026-01-13 13:00:00,169.53000000,172.76000000,168.94000000,172.49000000,4769314.43200000
2026-01-13 17:00:00,172.49000000,175.49000000,171.62000000,174.95000000,6296420.23600000
2026-01-13 21:00:00,174.95000000,180.05000000,173.34000000,177.66000000,5609727.16900000
2026-01-14 01:00:00,177.66000000,179.69000000,177.02000000,178.54000000,4694451.28400000
2026-01-14 05:00:00,178.54000000,179.04000000,176.10000000,177.02000000,4086901.52300000
2026-01-14 09:00:00,177.02000000,178.34000000,174.35000000,174.59000000,3344650.47500000
2026-01-14 13:00:00,174.59000000,178.05000000,174.02000000,177.33000000,4617951.23400000
2026-01-14 17:00:00,177.33000000,180.21000000,175.44000000,178.39000000,5684785.88200000
2026-01-14 21:00:00,178.39000000,179.53000000,177.45000000,178.35000000,2919853.92400000
2026-01-15 01:00:00,178.35000000,178.43000000,172.23000000,172.67000000,4290190.82800000
2026-01-15 05:00:00,172.67000000,175.94000000,172.56000000,175.57000000,4175927.76600000
2026-01-15 09:00:00,175.57000000,178.40000000,173.86000000,174.57000000,4099633.98800000
2026-01-15 13:00:00,174.57000000,176.76000000,170.67000000,173.76000000,5530650.20700000
2026-01-15 17:00:00,173.76000000,174.36000000,169.23000000,170.38000000,4392729.49900000
2026-01-15 21:00:00,170.38000000,171.69000000,169.05000000,171.62000000,3609642.48900000
2026-01-16 01:00:00,171.62000000,172.50000000,170.47000000,170.91000000,2457922.90500000
2026-01-16 05:00:00,170.91000000,173.13000000,169.34000000,172.73000000,3535558.86000000
2026-01-16 09:00:00,172.73000000,174.15000000,172.18000000,172.87000000,2501473.22300000
2026-01-16 13:00:00,172.87000000,173.23000000,168.24000000,169.20000000,4227300.11100000
2026-01-16 17:00:00,169.20000000,172.33000000,168.74000000,171.93000000,3107211.50700000
2026-01-16 21:00:00,171.93000000,176.40000000,171.44000000,175.25000000,5000287.13700000
2026-01-17 01:00:00,175.25000000,177.31000000,173.81000000,174.76000000,3156552.76700000
2026-01-17 05:00:00,174.76000000,175.90000000,173.98000000,174.04000000,2782944.31300000
2026-01-17 09:00:00,174.04000000,175.70000000,173.54000000,174.58000000,2261066.54900000
2026-01-17 13:00:00,174.58000000,176.42000000,174.47000000,176.40000000,2842490.07500000
2026-01-17 17:00:00,176.40000000,176.59000000,174.50000000,174.97000000,2024949.36700000
2026-01-17 21:00:00,174.97000000,175.43000000,173.29000000,173.76000000,2208575.59800000
2026-01-18 01:00:00,173.76000000,174.76000000,171.80000000,173.82000000,3240896.41300000
2026-01-18 05:00:00,173.82000000,173.85000000,172.29000000,172.69000000,1526577.59400000
2026-01-18 09:00:00,172.69000000,173.56000000,172.46000000,172.98000000,1891950.36400000
2026-01-18 13:00:00,172.98000000,174.47000000,172.06000000,174.33000000,2573906.74300000
2026-01-18 17:00:00,174.33000000,177.23000000,174.01000000,175.16000000,2672629.43700000
2026-01-18 21:00:00,175.16000000,176.02000000,168.38000000,168.67000000,4667954.55700000
2026-01-19 01:00:00,168.67000000,168.67000000,156.58000000,163.39000000,7212787.98700000
2026-01-19 05:00:00,163.39000000,163.58000000,161.35000000,162.31000000,3945938.48900000
2026-01-19 09:00:00,162.31000000,164.41000000,161.97000000,163.52000000,3407515.94900000
2026-01-19 13:00:00,163.52000000,164.03000000,162.29000000,162.49000000,3095594.59200000
2026-01-19 17:00:00,162.49000000,165.67000000,162.35000000,165.32000000,3285762.06300000
2026-01-19 21:00:00,165.32000000,166.09000000,162.73000000,163.83000000,2237340.56300000
2026-01-20 01:00:00,163.83000000,164.42000000,162.82000000,163.92000000,1959409.10700000
2026-01-20 05:00:00,163.92000000,164.17000000,160.70000000,160.76000000,3400559.33700000
2026-01-20 09:00:00,160.76000000,161.22000000,158.84000000,159.44000000,3042859.36600000
2026-01-20 13:00:00,159.44000000,160.08000000,155.32000000,157.03000000,4743295.76100000
2026-01-20 17:00:00,157.03000000,157.25000000,153.68000000,154.85000000,3312586.44200000
2026-01-20 21:00:00,154.85000000,155.76000000,151.64000000,153.21000000,2994621.57000000
2026-01-21 01:00:00,153.21000000,156.64000000,152.95000000,156.15000000,3232406.60600000
2026-01-21 05:00:00,156.15000000,158.15000000,155.82000000,156.92000000,3218482.73600000
2026-01-21 09:00:00,156.92000000,157.93000000,155.71000000,156.11000000,3248103.35400000
2026-01-21 13:00:00,156.11000000,160.37000000,153.76000000,159.09000000,4142336.62000000
2026-01-21 17:00:00,159.09000000,162.12000000,151.82000000,162.00000000,4953928.29400000
2026-01-21 21:00:00,162.00000000,163.42000000,158.83000000,159.38000000,3932796.05100000
2026-01-22 01:00:00,159.38000000,161.83000000,159.34000000,159.85000000,2958267.37000000
2026-01-22 05:00:00,159.85000000,160.88000000,159.12000000,159.25000000,2420682.90500000
2026-01-22 09:00:00,159.25000000,160.58000000,158.64000000,158.98000000,1991445.58400000
2026-01-22 13:00:00,158.98000000,159.93000000,155.04000000,156.31000000,2403028.32500000
2026-01-22 17:00:00,156.31000000,158.50000000,156.10000000,157.89000000,2498783.64400000
2026-01-22 21:00:00,157.89000000,158.04000000,156.07000000,157.18000000,2126913.40900000
2026-01-23 01:00:00,157.18000000,158.86000000,156.77000000,158.52000000,1863614.10700000
2026-01-23 05:00:00,158.52000000,159.58000000,157.33000000,158.23000000,1018076.20300000
2026-01-23 09:00:00,158.23000000,158.46000000,156.28000000,158.00000000,1091112.17100000
2026-01-23 13:00:00,158.00000000,158.50000000,154.74000000,158.22000000,2300538.73000000
2026-01-23 17:00:00,158.22000000,161.32000000,156.92000000,157.36000000,2643342.28400000
2026-01-23 21:00:00,157.36000000,157.74000000,155.38000000,156.96000000,2245343.99900000
2026-01-24 01:00:00,156.96000000,157.53000000,156.61000000,157.20000000,1659814.42400000
2026-01-24 05:00:00,157.20000000,158.03000000,156.91000000,157.61000000,831444.11000000
2026-01-24 09:00:00,157.61000000,157.64000000,155.73000000,155.84000000,1360791.60300000
2026-01-24 13:00:00,155.84000000,156.76000000,155.41000000,155.59000000,1752281.97300000
2026-01-24 17:00:00,155.59000000,156.40000000,155.25000000,155.66000000,1770634.82700000
2026-01-24 21:00:00,155.66000000,156.79000000,155.66000000,156.12000000,1702681.59900000
2026-01-25 01:00:00,156.12000000,156.68000000,154.61000000,154.87000000,1700825.24000000
2026-01-25 05:00:00,154.87000000,155.58000000,154.48000000,155.07000000,1730797.56300000
2026-01-25 09:00:00,155.07000000,155.61000000,154.15000000,154.63000000,2083296.62300000
2026-01-25 13:00:00,154.63000000,154.99000000,152.86000000,153.28000000,2281485.93100000
2026-01-25 17:00:00,153.28000000,153.28000000,145.43000000,146.15000000,3985325.50100000
2026-01-25 21:00:00,146.15000000,148.01000000,145.34000000,147.85000000,3615082.31400000
2026-01-26 01:00:00,147.85000000,152.09000000,147.50000000,149.85000000,3144665.02500000
2026-01-26 05:00:00,149.85000000,152.56000000,149.87000000,152.25000000,2865149.96100000
2026-01-26 09:00:00,152.25000000,153.45000000,150.75000000,151.55000000,3110083.21500000
2026-01-26 13:00:00,151.55000000,154.82000000,151.12000000,152.56000000,3998181.25800000
2026-01-26 17:00:00,152.56000000,154.70000000,151.57000000,153.51000000,3520940.31700000
2026-01-26 21:00:00,153.51000000,155.16000000,152.40000000,154.13000000,2913923.82100000
2026-01-27 01:00:00,154.13000000,154.83000000,153.43000000,154.33000000,2034973.64400000
2026-01-27 05:00:00,154.33000000,155.27000000,153.58000000,153.94000000,2003556.91200000
2026-01-27 09:00:00,153.94000000,154.87000000,153.03000000,153.67000000,2746887.90000000
2026-01-27 13:00:00,153.67000000,156.29000000,153.07000000,154.69000000,3379162.30300000
2026-01-27 17:00:00,154.69000000,157.81000000,152.79000000,156.17000000,3612728.28000000
2026-01-27 21:00:00,156.17000000,159.76000000,156.14000000,158.94000000,2888176.83700000
2026-01-28 01:00:00,158.94000000,159.41000000,157.33000000,158.32000000,2763214.03500000
2026-01-28 05:00:00,158.32000000,159.09000000,156.44000000,158.20000000,3378677.46000000
2026-01-28 09:00:00,158.20000000,162.80000000,157.90000000,162.79000000,2841403.33700000
2026-01-28 13:00:00,162.79000000,163.82000000,159.77000000,160.34000000,3856812.95100000
2026-01-28 17:00:00,160.34000000,161.69000000,158.68000000,160.01000000,2939596.22500000
2026-01-28 21:00:00,160.01000000,161.43000000,158.43000000,160.07000000,2685483.96800000
2026-01-29 01:00:00,160.07000000,160.25000000,156.55000000,156.74000000,2880284.77500000
2026-01-29 05:00:00,156.74000000,157.25000000,155.61000000,156.68000000,3025789.46500000
2026-01-29 09:00:00,156.68000000,157.22000000,153.57000000,153.88000000,3053829.56600000
2026-01-29 13:00:00,153.88000000,155.05000000,145.13000000,147.14000000,5047795.89300000
2026-01-29 17:00:00,147.14000000,149.41000000,143.01000000,145.11000000,5027930.69000000
2026-01-29 21:00:00,145.11000000,147.95000000,144.81000000,147.12000000,3197805.55000000
2026-01-30 01:00:00,147.12000000,147.73000000,140.37000000,142.49000000,4512677.38900000
2026-01-30 05:00:00,142.49000000,144.40000000,139.76000000,141.87000000,3853650.54300000
2026-01-30 09:00:00,141.87000000,143.45000000,139.89000000,142.80000000,2909146.36800000
2026-01-30 13:00:00,142.80000000,142.97000000,138.54000000,139.72000000,4499687.57100000
2026-01-30 17:00:00,139.72000000,141.78000000,135.36000000,140.24000000,4487287.30000000
2026-01-30 21:00:00,140.24000000,140.28000000,137.26000000,137.92000000,4336730.20600000
2026-01-31 01:00:00,137.92000000,138.49000000,137.07000000,137.76000000,2402209.77800000
2026-01-31 05:00:00,137.76000000,138.45000000,135.41000000,136.25000000,3345603.74400000
2026-01-31 09:00:00,136.25000000,136.66000000,132.88000000,134.50000000,4021060.07000000
2026-01-31 13:00:00,134.50000000,134.58000000,127.39000000,132.06000000,4953617.20000000
2026-01-31 17:00:00,132.06000000,132.76000000,115.63000000,123.38000000,6664570.17200000
2026-01-31 21:00:00,123.38000000,129.65000000,122.48000000,129.01000000,4282747.15200000
2026-02-01 01:00:00,129.01000000,130.35000000,128.40000000,129.00000000,3308518.45700000
2026-02-01 05:00:00,129.00000000,129.76000000,126.51000000,127.28000000,2644159.37200000
2026-02-01 09:00:00,127.28000000,128.16000000,125.33000000,127.08000000,2944348.97900000
2026-02-01 13:00:00,127.08000000,127.24000000,122.29000000,123.93000000,3181830.21100000
2026-02-01 17:00:00,123.93000000,126.84000000,122.89000000,124.64000000,2968434.89200000
2026-02-01 21:00:00,124.64000000,126.51000000,121.39000000,124.17000000,3309706.72300000
2026-02-02 01:00:00,124.17000000,127.38000000,120.32000000,124.97000000,3671090.07200000
2026-02-02 05:00:00,124.97000000,126.68000000,120.53000000,124.81000000,4407524.79100000
2026-02-02 09:00:00,124.81000000,127.85000000,124.70000000,126.99000000,3362897.96300000
2026-02-02 13:00:00,126.99000000,130.94000000,127.00000000,129.57000000,4012211.00500000
2026-02-02 17:00:00,129.57000000,130.26000000,127.67000000,127.93000000,2190252.11300000
2026-02-02 21:00:00,127.93000000,128.88000000,126.59000000,128.28000000,2811661.13500000
2026-02-03 01:00:00,128.28000000,128.55000000,125.55000000,127.98000000,2672867.25200000
2026-02-03 05:00:00,127.98000000,128.95000000,126.61000000,128.33000000,3382302.06900000
2026-02-03 09:00:00,128.33000000,129.04000000,125.67000000,126.59000000,1985308.02900000
2026-02-03 13:00:00,126.59000000,129.33000000,125.54000000,128.93000000,2896598.38200000
2026-02-03 17:00:00,128.93000000,128.97000000,120.80000000,127.33000000,4052031.91300000
2026-02-03 21:00:00,127.33000000,130.96000000,124.11000000,125.19000000,3236627.12700000
2026-02-04 01:00:00,125.19000000,128.56000000,124.46000000,127.93000000,2266834.66600000
2026-02-04 05:00:00,127.93000000,128.33000000,126.62000000,127.83000000,2173925.03800000
2026-02-04 09:00:00,127.83000000,128.68000000,125.38000000,126.82000000,2880991.01800000
2026-02-04 13:00:00,126.82000000,126.96000000,120.98000000,122.55000000,3579866.98600000
2026-02-04 17:00:00,122.55000000,125.45000000,119.44000000,125.17000000,4569056.17100000
2026-02-04 21:00:00,125.17000000,125.38000000,121.02000000,123.66000000,3162830.14000000
2026-02-05 01:00:00,123.66000000,125.42000000,121.32000000,121.67000000,3358494.41800000
2026-02-05 05:00:00,121.67000000,122.39000000,119.07000000,120.01000000,3147167.88400000
2026-02-05 09:00:00,120.01000000,122.69000000,116.80000000,118.26000000,3187709.98300000
2026-02-05 13:00:00,118.26000000,120.25000000,110.24000000,112.49000000,6644447.83500000
2026-02-05 17:00:00,112.49000000,115.88000000,109.26000000,109.71000000,4828608.40800000
2026-02-05 21:00:00,109.71000000,110.49000000,98.58000000,100.91000000,8263487.01600000
2026-02-06 01:00:00,100.91000000,106.59000000,92.04000000,104.36000000,7141869.89700000
2026-02-06 05:00:00,104.36000000,107.76000000,102.61000000,102.88000000,3542483.02600000
2026-02-06 09:00:00,102.88000000,107.42000000,101.87000000,106.39000000,2935918.50500000
2026-02-06 13:00:00,106.39000000,110.71000000,105.72000000,110.16000000,3238687.28900000
2026-02-06 17:00:00,110.16000000,115.31000000,109.76000000,114.25000000,3485701.69200000
2026-02-06 21:00:00,114.25000000,115.31000000,113.10000000,113.94000000,2153685.95000000
2026-02-07 01:00:00,113.94000000,114.93000000,112.20000000,114.56000000,2481151.10900000
2026-02-07 05:00:00,114.56000000,116.33000000,110.12000000,111.49000000,3205600.22700000
2026-02-07 09:00:00,111.49000000,112.56000000,110.08000000,110.92000000,2851889.97400000
2026-02-07 13:00:00,110.92000000,114.61000000,110.79000000,113.19000000,2561720.21500000
2026-02-07 17:00:00,113.19000000,115.69000000,112.48000000,114.35000000,3257540.73700000
2026-02-07 21:00:00,114.35000000,115.44000000,113.44000000,113.88000000,1571418.64500000
2026-02-08 01:00:00,113.88000000,114.09000000,112.22000000,112.31000000,2135591.85400000
2026-02-08 05:00:00,112.31000000,113.20000000,111.97000000,112.47000000,1875643.68100000
2026-02-08 09:00:00,112.47000000,115.04000000,112.10000000,114.87000000,2538312.01100000
2026-02-08 13:00:00,114.87000000,114.96000000,112.64000000,113.11000000,2015600.38900000
2026-02-08 17:00:00,113.11000000,114.87000000,110.92000000,114.63000000,2170623.72700000
2026-02-08 21:00:00,114.63000000,115.13000000,111.41000000,112.43000000,2456836.10100000
2026-02-09 01:00:00,112.43000000,114.48000000,111.46000000,114.39000000,2235199.65100000
2026-02-09 05:00:00,114.39000000,114.85000000,112.17000000,112.35000000,2938735.92300000
2026-02-09 09:00:00,112.35000000,112.57000000,108.86000000,110.15000000,2831185.92300000
2026-02-09 13:00:00,110.15000000,112.68000000,109.27000000,112.56000000,2442346.25800000
2026-02-09 17:00:00,112.56000000,115.08000000,111.46000000,114.40000000,2097554.64300000
2026-02-09 21:00:00,114.40000000,114.71000000,111.86000000,112.66000000,1614552.30200000
2026-02-10 01:00:00,112.66000000,113.16000000,110.39000000,110.89000000,1298456.48000000
2026-02-10 05:00:00,110.89000000,111.75000000,108.03000000,108.70000000,1866117.21100000
2026-02-10 09:00:00,108.70000000,109.84000000,108.26000000,108.37000000,1657652.10600000
2026-02-10 13:00:00,108.37000000,110.01000000,107.83000000,109.51000000,2015564.23800000
2026-02-10 17:00:00,109.51000000,110.73000000,107.97000000,108.84000000,2441214.44600000
2026-02-10 21:00:00,108.84000000,109.58000000,108.10000000,109.36000000,1186943.63700000
2026-02-11 01:00:00,109.36000000,109.97000000,108.34000000,109.36000000,1718331.96600000
2026-02-11 05:00:00,109.36000000,109.45000000,105.42000000,106.05000000,2411597.03800000
2026-02-11 09:00:00,106.05000000,106.17000000,104.62000000,105.58000000,1514863.01400000
2026-02-11 13:00:00,105.58000000,113.82000000,104.74000000,106.09000000,4452590.13900000
2026-02-11 17:00:00,106.09000000,108.20000000,105.20000000,107.78000000,2169063.55100000
2026-02-11 21:00:00,107.78000000,109.94000000,106.83000000,107.45000000,2392984.25000000
2026-02-12 01:00:00,107.45000000,109.53000000,107.46000000,109.00000000,2047463.06100000
2026-02-12 05:00:00,109.00000000,110.07000000,107.85000000,109.60000000,1681173.43900000
2026-02-12 09:00:00,109.60000000,110.62000000,109.25000000,109.78000000,1795751.19300000
2026-02-12 13:00:00,109.78000000,110.45000000,107.67000000,107.81000000,2174615.31300000
2026-02-12 17:00:00,107.81000000,115.13000000,105.57000000,110.92000000,5479708.22200000
2026-02-12 21:00:00,110.92000000,115.49000000,109.08000000,114.87000000,2676100.85700000
2026-02-13 01:00:00,114.87000000,115.48000000,111.13000000,112.14000000,3250254.00500000
2026-02-13 05:00:00,112.14000000,112.18000000,109.65000000,110.63000000,2667003.67700000
2026-02-13 09:00:00,110.63000000,113.30000000,110.59000000,112.19000000,2996813.18700000
2026-02-13 13:00:00,112.19000000,118.68000000,111.77000000,116.64000000,3533643.75400000
2026-02-13 17:00:00,116.64000000,119.65000000,115.92000000,119.27000000,3541939.92800000
2026-02-13 21:00:00,119.27000000,120.49000000,118.62000000,118.81000000,3292611.60800000
2026-02-14 01:00:00,118.81000000,120.34000000,118.34000000,120.31000000,2764237.52400000
2026-02-14 05:00:00,120.31000000,124.86000000,119.86000000,123.85000000,3613953.17200000
2026-02-14 09:00:00,123.85000000,128.78000000,123.53000000,128.30000000,4010121.94300000
2026-02-14 13:00:00,128.30000000,129.90000000,125.65000000,129.51000000,4154935.41300000
2026-02-14 17:00:00,129.51000000,130.59000000,128.13000000,129.75000000,3871585.59000000
2026-02-14 21:00:00,129.75000000,130.92000000,128.11000000,128.18000000,3402466.49600000
2026-02-15 01:00:00,128.18000000,128.84000000,127.05000000,128.83000000,3048628.53300000
2026-02-15 05:00:00,128.83000000,131.80000000,128.52000000,130.95000000,3213966.51300000
2026-02-15 09:00:00,130.95000000,131.45000000,128.19000000,128.69000000,2768407.45800000
2026-02-15 13:00:00,128.69000000,129.27000000,124.51000000,126.50000000,3712971.43600000
2026-02-15 17:00:00,126.50000000,126.98000000,123.08000000,123.53000000,4055392.97100000
2026-02-15 21:00:00,123.53000000,126.12000000,122.51000000,125.67000000,3054859.14900000
2026-02-16 01:00:00,125.67000000,126.47000000,125.15000000,126.34000000,2993410.85000000
2026-02-16 05:00:00,126.34000000,127.57000000,124.74000000,126.56000000,2474147.25000000
2026-02-16 09:00:00,126.56000000,127.92000000,124.96000000,126.21000000,2433923.93600000
2026-02-16 13:00:00,126.21000000,129.10000000,123.09000000,123.72000000,3478496.93100000
2026-02-16 17:00:00,123.72000000,125.87000000,123.60000000,124.86000000,2265143.36300000
2026-02-16 21:00:00,124.86000000,127.16000000,124.36000000,126.92000000,2522475.60000000
2026-02-17 01:00:00,126.92000000,127.74000000,125.75000000,126.36000000,2134087.15700000
2026-02-17 05:00:00,126.36000000,126.58000000,123.89000000,125.41000000,3049196.15300000
2026-02-17 09:00:00,125.41000000,126.01000000,123.76000000,124.47000000,2388091.97800000
2026-02-17 13:00:00,124.47000000,128.93000000,124.41000000,126.72000000,3334857.10400000
2026-02-17 17:00:00,126.72000000,130.72000000,125.78000000,127.48000000,4239062.63600000
2026-02-17 21:00:00,127.48000000,127.66000000,126.16000000,126.53000000,2134701.75200000
2026-02-18 01:00:00,126.53000000,127.32000000,124.69000000,127.10000000,2372594.65400000
2026-02-18 05:00:00,127.10000000,128.26000000,126.25000000,127.63000000,3936297.79800000
2026-02-18 09:00:00,127.63000000,129.06000000,125.46000000,126.89000000,4028942.86600000
2026-02-18 13:00:00,126.89000000,128.60000000,124.75000000,127.48000000,2689208.43600000
2026-02-18 17:00:00,127.48000000,127.48000000,121.11000000,121.57000000,3262707.07700000
2026-02-18 21:00:00,121.57000000,123.19000000,120.69000000,122.86000000,2933800.91400000
2026-02-19 01:00:00,122.86000000,124.26000000,122.24000000,123.76000000,2484228.19400000
2026-02-19 05:00:00,123.76000000,124.57000000,122.54000000,123.65000000,2449971.44900000
2026-02-19 09:00:00,123.65000000,123.66000000,121.77000000,122.44000000,2801434.14500000
2026-02-19 13:00:00,122.44000000,123.11000000,119.89000000,122.35000000,3667543.29700000
2026-02-19 17:00:00,122.35000000,123.89000000,121.02000000,123.34000000,3528754.40500000
2026-02-19 21:00:00,123.34000000,125.00000000,122.63000000,124.76000000,2198496.87700000
2026-02-20 01:00:00,124.76000000,126.83000000,123.52000000,123.67000000,3388895.25500000
2026-02-20 05:00:00,123.67000000,124.96000000,122.53000000,123.95000000,2630931.26800000
2026-02-20 09:00:00,123.95000000,126.46000000,123.88000000,124.54000000,3141546.06200000
2026-02-20 13:00:00,124.54000000,124.68000000,114.58000000,117.49000000,5474732.35700000
2026-02-20 17:00:00,117.49000000,119.05000000,115.09000000,116.89000000,3580564.44100000
2026-02-20 21:00:00,116.89000000,117.43000000,115.53000000,115.81000000,2862659.00700000
2026-02-21 01:00:00,115.81000000,116.79000000,114.53000000,116.07000000,3916873.48500000
2026-02-21 05:00:00,116.07000000,119.81000000,115.77000000,118.84000000,3521184.13400000
2026-02-21 09:00:00,118.84000000,122.89000000,118.29000000,122.25000000,3632053.72500000
2026-02-21 13:00:00,122.25000000,124.81000000,121.54000000,121.62000000,3956863.85200000
2026-02-21 17:00:00,121.62000000,124.16000000,120.75000000,123.31000000,3234239.45300000
2026-02-21 21:00:00,123.31000000,123.64000000,121.32000000,121.37000000,2982358.13600000
2026-02-22 01:00:00,121.37000000,121.52000000,119.14000000,119.31000000,3790386.38100000
2026-02-22 05:00:00,119.31000000,119.49000000,118.70000000,118.82000000,3043924.16700000
2026-02-22 09:00:00,118.82000000,119.82000000,118.33000000,119.51000000,2827534.56600000
2026-02-22 13:00:00,119.51000000,119.60000000,117.43000000,118.38000000,3053082.80900000
2026-02-22 17:00:00,118.38000000,118.50000000,117.16000000,117.87000000,2362286.15700000
2026-02-22 21:00:00,117.87000000,118.36000000,117.01000000,117.87000000,2031393.38200000
2026-02-23 01:00:00,117.87000000,118.28000000,111.20000000,112.07000000,3833917.12400000
2026-02-23 05:00:00,112.07000000,115.78000000,111.83000000,114.60000000,3215437.00400000
2026-02-23 09:00:00,114.60000000,118.30000000,114.13000000,117.28000000,2948394.51000000
2026-02-23 13:00:00,117.28000000,119.73000000,116.61000000,117.01000000,3395573.64500000
2026-02-23 17:00:00,117.01000000,117.05000000,113.27000000,114.37000000,3042503.43600000
2026-02-23 21:00:00,114.37000000,115.60000000,113.48000000,114.52000000,2244413.22000000
2026-02-24 01:00:00,114.52000000,115.42000000,112.04000000,112.58000000,2254184.74300000
2026-02-24 05:00:00,112.58000000,113.59000000,111.54000000,112.81000000,2140462.50300000
2026-02-24 09:00:00,112.81000000,113.83000000,112.24000000,113.25000000,2637628.11200000
2026-02-24 13:00:00,113.25000000,115.16000000,111.42000000,114.92000000,2950150.95400000
2026-02-24 17:00:00,114.92000000,116.42000000,114.21000000,114.52000000,2305323.48400000
2026-02-24 21:00:00,114.52000000,114.89000000,112.89000000,114.30000000,2565964.39200000
2026-02-25 01:00:00,114.30000000,119.68000000,113.82000000,117.34000000,2889232.65600000
2026-02-25 05:00:00,117.34000000,118.50000000,115.45000000,116.53000000,2699259.42600000
2026-02-25 09:00:00,116.53000000,118.60000000,115.25000000,115.78000000,2969543.11100000
2026-02-25 13:00:00,115.78000000,122.04000000,115.57000000,120.91000000,3995472.26700000
2026-02-25 17:00:00,120.91000000,124.13000000,120.83000000,122.89000000,3651227.21400000
2026-02-25 21:00:00,122.89000000,124.26000000,117.61000000,119.03000000,3452730.77700000
2026-02-26 01:00:00,119.03000000,120.50000000,117.79000000,118.29000000,2770574.65200000
2026-02-26 05:00:00,118.29000000,119.53000000,114.20000000,114.38000000,2870382.15800000
2026-02-26 09:00:00,114.38000000,117.49000000,113.91000000,114.65000000,3226951.59000000
2026-02-26 13:00:00,114.65000000,115.88000000,112.42000000,114.08000000,4195101.58200000
2026-02-26 17:00:00,114.08000000,115.46000000,110.69000000,113.91000000,4177348.89100000
2026-02-26 21:00:00,113.91000000,116.09000000,113.85000000,114.49000000,2983449.46600000
2026-02-27 01:00:00,114.49000000,117.16000000,113.95000000,116.87000000,2585830.61000000
2026-02-27 05:00:00,116.87000000,119.76000000,116.77000000,119.59000000,3748321.39200000
2026-02-27 09:00:00,119.59000000,121.54000000,115.85000000,116.46000000,4002988.05100000
2026-02-27 13:00:00,116.46000000,116.87000000,113.71000000,114.04000000,3880938.89900000
2026-02-27 17:00:00,114.04000000,114.44000000,111.86000000,112.31000000,2980513.98800000
2026-02-27 21:00:00,112.31000000,113.08000000,110.12000000,112.89000000,3002051.28300000
2026-02-28 01:00:00,112.89000000,113.39000000,111.62000000,111.77000000,2406919.10600000
2026-02-28 05:00:00,111.77000000,112.06000000,105.60000000,106.85000000,3956067.11000000
2026-02-28 09:00:00,106.85000000,106.94000000,104.77000000,105.91000000,2789951.12700000
2026-02-28 13:00:00,105.91000000,109.63000000,105.87000000,107.51000000,3115729.01500000
2026-02-28 17:00:00,107.51000000,111.56000000,106.93000000,110.82000000,3493807.14900000
2026-02-28 21:00:00,110.82000000,113.59000000,110.48000000,111.84000000,2809256.10000000
2026-03-01 01:00:00,111.84000000,118.67000000,110.78000000,116.14000000,3397463.18800000
2026-03-01 05:00:00,116.14000000,116.69000000,113.89000000,115.28000000,2543783.14100000
2026-03-01 09:00:00,115.28000000,115.84000000,112.60000000,113.03000000,3170312.51500000
2026-03-01 13:00:00,113.03000000,116.10000000,112.23000000,114.98000000,3147266.41200000
2026-03-01 17:00:00,114.98000000,116.25000000,112.09000000,112.64000000,3329074.21500000
2026-03-01 21:00:00,112.64000000,114.66000000,110.54000000,113.50000000,3354892.16700000
2026-03-02 01:00:00,113.50000000,116.51000000,113.35000000,116.22000000,2997415.78400000
2026-03-02 05:00:00,116.22000000,116.43000000,112.56000000,113.20000000,2364695.75300000
2026-03-02 09:00:00,113.20000000,115.23000000,112.13000000,114.57000000,2900264.84000000
2026-03-02 13:00:00,114.57000000,123.86000000,113.69000000,122.83000000,4768355.13000000
2026-03-02 17:00:00,122.83000000,126.92000000,122.42000000,123.44000000,4797779.64800000
2026-03-02 21:00:00,123.44000000,124.90000000,121.13000000,122.13000000,3949260.54300000
2026-03-03 01:00:00,122.13000000,122.91000000,119.43000000,119.79000000,3092747.76900000
2026-03-03 05:00:00,119.79000000,120.53000000,118.86000000,119.75000000,2598318.43600000
2026-03-03 09:00:00,119.75000000,120.06000000,110.66000000,111.66000000,5457366.55600000
2026-03-03 13:00:00,111.66000000,112.95000000,108.33000000,109.89000000,4452472.48900000
2026-03-03 17:00:00,109.89000000,111.75000000,108.45000000,109.82000000,4138415.96700000
2026-03-03 21:00:00,109.82000000,112.72000000,107.78000000,111.06000000,3962563.51800000
2026-03-04 01:00:00,111.06000000,111.44000000,109.20000000,110.98000000,2911954.07200000
2026-03-04 05:00:00,110.98000000,112.71000000,110.05000000,112.61000000,3441209.54900000
2026-03-04 09:00:00,112.61000000,116.03000000,112.08000000,115.72000000,4635278.26300000
2026-03-04 13:00:00,115.72000000,118.13000000,112.87000000,118.02000000,4054431.64400000
2026-03-04 17:00:00,118.02000000,118.84000000,116.24000000,117.58000000,2547584.28700000
2026-03-04 21:00:00,117.58000000,118.53000000,114.88000000,115.81000000,2617260.09600000
2026-03-05 01:00:00,115.81000000,116.98000000,115.07000000,115.48000000,2952534.00700000
2026-03-05 05:00:00,115.48000000,116.31000000,114.22000000,114.41000000,3059963.66100000
2026-03-05 09:00:00,114.41000000,118.74000000,114.02000000,117.67000000,2710060.41900000
2026-03-05 13:00:00,117.67000000,118.95000000,116.06000000,116.39000000,3011634.85800000
2026-03-05 17:00:00,116.39000000,119.85000000,113.91000000,118.68000000,3625893.35700000
2026-03-05 21:00:00,118.68000000,119.76000000,116.55000000,116.75000000,2941719.50500000
2026-03-06 01:00:00,116.75000000,118.42000000,116.30000000,118.32000000,2716374.33400000
2026-03-06 05:00:00,118.32000000,118.54000000,116.52000000,118.40000000,3902199.33200000
2026-03-06 09:00:00,118.40000000,118.46000000,114.26000000,114.42000000,3002225.61000000
2026-03-06 13:00:00,114.42000000,115.02000000,109.79000000,110.77000000,3898068.57800000
2026-03-06 17:00:00,110.77000000,111.64000000,109.22000000,111.25000000,3621914.08900000
2026-03-06 21:00:00,111.25000000,112.04000000,110.51000000,110.93000000,2544753.74100000
2026-03-07 01:00:00,110.93000000,111.39000000,110.10000000,110.23000000,2471629.68000000
2026-03-07 05:00:00,110.23000000,110.55000000,109.45000000,110.16000000,2080420.18600000
2026-03-07 09:00:00,110.16000000,110.82000000,109.75000000,109.93000000,2388289.85400000
2026-03-07 13:00:00,109.93000000,110.61000000,109.30000000,109.66000000,2913176.63800000
2026-03-07 17:00:00,109.66000000,110.01000000,108.20000000,108.38000000,2530086.87800000
2026-03-07 21:00:00,108.38000000,109.28000000,108.14000000,108.72000000,2000352.95100000
2026-03-08 01:00:00,108.72000000,108.97000000,107.01000000,107.72000000,3085161.50000000
2026-03-08 05:00:00,107.72000000,108.10000000,106.62000000,107.78000000,3035357.09700000
2026-03-08 09:00:00,107.78000000,109.52000000,107.13000000,108.06000000,3234187.03500000
2026-03-08 13:00:00,108.06000000,108.55000000,105.85000000,106.36000000,2834230.59800000
2026-03-08 17:00:00,106.36000000,107.52000000,105.51000000,107.16000000,2315914.75300000
2026-03-08 21:00:00,107.16000000,107.69000000,103.69000000,105.47000000,3088438.41800000
2026-03-09 01:00:00,105.47000000,108.55000000,105.27000000,106.92000000,2604211.64600000
2026-03-09 05:00:00,106.92000000,109.01000000,105.54000000,106.48000000,2476093.62400000
2026-03-09 09:00:00,106.48000000,107.88000000,104.84000000,105.99000000,2770860.96600000
2026-03-09 13:00:00,105.99000000,107.99000000,104.88000000,105.15000000,3143164.21200000
2026-03-09 17:00:00,105.15000000,109.31000000,104.94000000,107.82000000,3141888.99400000
2026-03-09 21:00:00,107.82000000,108.30000000,106.29000000,106.61000000,2687324.87100000
2026-03-10 01:00:00,106.61000000,109.90000000,106.37000000,107.59000000,2595513.24200000
2026-03-10 05:00:00,107.59000000,110.82000000,107.48000000,110.82000000,2569022.25600000
2026-03-10 09:00:00,110.82000000,112.95000000,110.82000000,111.29000000,3269925.43100000
2026-03-10 13:00:00,111.29000000,114.66000000,109.61000000,114.37000000,4115100.92100000
2026-03-10 17:00:00,114.37000000,114.74000000,110.70000000,111.49000000,3238747.95000000
2026-03-10 21:00:00,111.49000000,112.30000000,110.22000000,111.66000000,2247500.25900000
2026-03-11 01:00:00,111.66000000,112.08000000,109.63000000,109.83000000,2420288.64300000
2026-03-11 05:00:00,109.83000000,110.74000000,108.82000000,108.99000000,2406018.50900000
2026-03-11 09:00:00,108.99000000,110.36000000,108.98000000,109.66000000,1826250.06700000
2026-03-11 13:00:00,109.66000000,113.94000000,109.35000000,111.26000000,3242326.69600000
2026-03-11 17:00:00,111.26000000,112.99000000,110.74000000,112.17000000,2617563.94400000
2026-03-11 21:00:00,112.17000000,112.20000000,109.91000000,110.20000000,2025807.09200000
2026-03-12 01:00:00,110.20000000,110.46000000,107.80000000,107.89000000,2787026.21800000
2026-03-12 05:00:00,107.89000000,109.02000000,107.46000000,108.95000000,2388826.72200000
2026-03-12 09:00:00,108.95000000,111.05000000,108.64000000,110.50000000,2791813.58100000
2026-03-12 13:00:00,110.50000000,110.96000000,106.91000000,109.65000000,3376346.70200000
2026-03-12 17:00:00,109.65000000,111.73000000,108.61000000,111.62000000,2719798.25300000
2026-03-12 21:00:00,111.62000000,112.85000000,110.46000000,111.58000000,3205805.84100000
2026-03-13 01:00:00,111.58000000,115.93000000,111.11000000,115.52000000,3933657.58300000
2026-03-13 05:00:00,115.52000000,115.74000000,113.27000000,114.23000000,3113667.52600000
2026-03-13 09:00:00,114.23000000,116.17000000,113.48000000,115.82000000,2288966.53700000
2026-03-13 13:00:00,115.82000000,119.07000000,113.74000000,113.94000000,3603116.39200000
2026-03-13 17:00:00,113.94000000,114.84000000,112.31000000,112.82000000,2642329.96700000
2026-03-13 21:00:00,112.82000000,113.85000000,111.32000000,112.23000000,1585366.09100000
2026-03-14 01:00:00,112.23000000,112.88000000,111.46000000,112.61000000,1563724.52200000
2026-03-14 05:00:00,112.61000000,113.36000000,110.73000000,111.28000000,2222024.45400000
2026-03-14 09:00:00,111.28000000,111.59000000,109.79000000,110.44000000,2262967.20100000
2026-03-14 13:00:00,110.44000000,110.88000000,109.75000000,110.56000000,1707164.49100000
2026-03-14 17:00:00,110.56000000,110.93000000,110.11000000,110.18000000,1438865.95100000
2026-03-14 21:00:00,110.18000000,111.31000000,110.06000000,111.08000000,1349832.86200000
2026-03-15 01:00:00,111.08000000,111.87000000,109.87000000,111.11000000,2145700.85000000
2026-03-15 05:00:00,111.11000000,111.78000000,110.57000000,111.16000000,1579865.54500000
2026-03-15 09:00:00,111.16000000,114.19000000,111.18000000,113.67000000,2741303.11800000
2026-03-15 13:00:00,113.67000000,113.88000000,112.13000000,112.81000000,3163532.82300000
2026-03-15 17:00:00,112.81000000,115.52000000,112.62000000,114.76000000,2738027.91600000
2026-03-15 21:00:00,114.76000000,117.81000000,114.67000000,116.28000000,3195908.04400000
2026-03-16 01:00:00,116.28000000,118.88000000,115.85000000,118.05000000,2441116.73000000
2026-03-16 05:00:00,118.05000000,119.89000000,117.97000000,119.11000000,3249107.41800000
2026-03-16 09:00:00,119.11000000,120.13000000,118.08000000,118.62000000,2709635.35600000
2026-03-16 13:00:00,118.62000000,122.91000000,118.14000000,119.91000000,3605050.12400000
2026-03-16 17:00:00,119.91000000,122.98000000,119.57000000,122.05000000,2459849.90500000
2026-03-16 21:00:00,122.05000000,124.77000000,120.33000000,122.22000000,3476703.70100000
2026-03-17 01:00:00,122.22000000,123.57000000,120.60000000,121.32000000,3182026.60800000
2026-03-17 05:00:00,121.32000000,121.59000000,119.34000000,120.67000000,2529272.32600000
2026-03-17 09:00:00,120.67000000,123.08000000,120.01000000,122.01000000,2664492.20500000
2026-03-17 13:00:00,122.01000000,122.17000000,119.97000000,121.40000000,2830667.45700000
2026-03-17 17:00:00,121.40000000,122.31000000,120.62000000,121.31000000,2206342.43200000
2026-03-17 21:00:00,121.31000000,122.26000000,119.51000000,119.61000000,2121789.61200000
2026-03-18 01:00:00,119.61000000,122.04000000,118.81000000,121.51000000,1643769.15200000
2026-03-18 05:00:00,121.51000000,122.11000000,120.10000000,120.54000000,1877931.73000000
2026-03-18 09:00:00,120.54000000,120.93000000,116.89000000,117.34000000,1625073.62100000
2026-03-18 13:00:00,117.34000000,117.69000000,112.51000000,113.54000000,3551194.75400000
2026-03-18 17:00:00,113.54000000,115.18000000,112.77000000,113.66000000,2803233.76900000
2026-03-18 21:00:00,113.66000000,115.41000000,112.67000000,115.23000000,1822290.18700000
2026-03-19 01:00:00,115.23000000,119.08000000,114.54000000,117.97000000,2996613.63300000
2026-03-19 05:00:00,117.97000000,117.99000000,113.35000000,114.13000000,1999808.76800000
2026-03-19 09:00:00,114.13000000,115.68000000,113.44000000,114.26000000,1801170.08700000
2026-03-19 13:00:00,114.26000000,114.33000000,110.66000000,111.67000000,3673209.08500000
2026-03-19 17:00:00,111.67000000,113.09000000,110.65000000,111.45000000,2656763.04900000
2026-03-19 21:00:00,111.45000000,112.36000000,110.76000000,111.56000000,2409624.46800000
2026-03-20 01:00:00,111.56000000,112.68000000,111.02000000,112.12000000,2438274.81800000
2026-03-20 05:00:00,112.12000000,112.94000000,111.11000000,112.15000000,2083667.46200000
2026-03-20 09:00:00,112.15000000,113.30000000,111.32000000,111.57000000,1986521.94300000
2026-03-20 13:00:00,111.57000000,112.04000000,108.38000000,110.08000000,2899974.59900000
2026-03-20 17:00:00,110.08000000,110.71000000,109.45000000,110.45000000,2008872.29400000
2026-03-20 21:00:00,110.45000000,112.52000000,109.75000000,111.16000000,2188192.65900000
2026-03-21 01:00:00,111.16000000,111.96000000,111.03000000,111.55000000,1424289.80800000
2026-03-21 05:00:00,111.55000000,111.90000000,111.20000000,111.34000000,1265582.79800000
2026-03-21 09:00:00,111.34000000,112.02000000,111.17000000,111.39000000,1279188.46700000
2026-03-21 13:00:00,111.39000000,112.56000000,111.35000000,112.49000000,962379.26900000
2026-03-21 17:00:00,112.49000000,112.54000000,111.39000000,111.74000000,1426106.77900000
2026-03-21 21:00:00,111.74000000,112.09000000,107.58000000,108.29000000,1786246.76800000
2026-03-22 01:00:00,108.29000000,109.93000000,106.78000000,109.17000000,2117236.72500000
2026-03-22 05:00:00,109.17000000,110.10000000,108.14000000,108.17000000,1812025.85200000
2026-03-22 09:00:00,108.17000000,108.55000000,106.64000000,106.67000000,1840634.73100000
2026-03-22 13:00:00,106.67000000,107.67000000,106.62000000,107.32000000,1788147.14000000
2026-03-22 17:00:00,107.32000000,107.40000000,105.70000000,106.27000000,2079923.22300000
2026-03-22 21:00:00,106.27000000,107.22000000,104.90000000,106.24000000,1573519.13300000
2026-03-23 01:00:00,106.24000000,108.06000000,105.64000000,107.12000000,1441330.41200000
2026-03-23 05:00:00,107.12000000,108.15000000,104.85000000,105.64000000,2070786.43500000
2026-03-23 09:00:00,105.64000000,112.15000000,104.57000000,109.27000000,3261617.45300000
2026-03-23 13:00:00,109.27000000,111.97000000,108.51000000,109.45000000,2072590.74700000
2026-03-23 17:00:00,109.45000000,111.43000000,108.95000000,110.08000000,1958026.52500000
2026-03-23 21:00:00,110.08000000,110.61000000,109.42000000,110.22000000,1551746.16800000
2026-03-24 01:00:00,110.22000000,110.55000000,108.87000000,110.16000000,1721884.44600000
2026-03-24 05:00:00,110.16000000,110.63000000,108.65000000,110.38000000,2459030.48600000
2026-03-24 09:00:00,110.38000000,110.98000000,109.86000000,110.63000000,1459966.09200000
2026-03-24 13:00:00,110.63000000,110.95000000,107.92000000,109.36000000,2117088.79900000
2026-03-24 17:00:00,109.36000000,109.86000000,107.90000000,108.92000000,2022637.18300000
2026-03-24 21:00:00,108.92000000,112.44000000,108.92000000,112.24000000,2844627.38400000
2026-03-25 01:00:00,112.24000000,113.32000000,111.19000000,111.87000000,2776247.35100000
2026-03-25 05:00:00,111.87000000,113.22000000,111.67000000,112.60000000,2482011.47900000
2026-03-25 09:00:00,112.60000000,115.80000000,112.61000000,115.34000000,2915854.90100000
2026-03-25 13:00:00,115.34000000,116.44000000,113.32000000,114.75000000,2994838.16300000
2026-03-25 17:00:00,114.75000000,115.91000000,112.16000000,112.30000000,3410903.77900000
2026-03-25 21:00:00,112.30000000,113.33000000,111.57000000,112.54000000,2539089.40300000
2026-03-26 01:00:00,112.54000000,112.74000000,110.31000000,110.67000000,2495298.15400000
2026-03-26 05:00:00,110.67000000,110.69000000,107.67000000,108.13000000,2824712.43100000
2026-03-26 09:00:00,108.13000000,108.35000000,106.18000000,106.54000000,2486183.73700000
2026-03-26 13:00:00,106.54000000,107.49000000,105.18000000,105.49000000,3163149.22300000
2026-03-26 17:00:00,105.49000000,105.74000000,104.06000000,104.16000000,2711322.39700000
2026-03-26 21:00:00,104.16000000,106.27000000,103.91000000,105.13000000,2583367.93900000
2026-03-27 01:00:00,105.13000000,106.68000000,105.02000000,105.96000000,2001188.90800000
2026-03-27 05:00:00,105.96000000,106.26000000,105.15000000,106.19000000,1660233.78200000
2026-03-27 09:00:00,106.19000000,106.48000000,101.19000000,101.28000000,3268100.55900000
2026-03-27 13:00:00,101.28000000,101.79000000,99.91000000,100.53000000,2341655.39200000
2026-03-27 17:00:00,100.53000000,100.79000000,97.61000000,98.69000000,2675591.84800000
2026-03-27 21:00:00,98.69000000,99.05000000,97.71000000,98.62000000,1730479.32200000
2026-03-28 01:00:00,98.62000000,98.67000000,96.61000000,96.65000000,2293773.00700000
2026-03-28 05:00:00,96.65000000,97.90000000,96.33000000,97.88000000,3111091.02600000
2026-03-28 09:00:00,97.88000000,98.35000000,96.41000000,96.96000000,2286177.94700000
2026-03-28 13:00:00,96.96000000,98.45000000,96.47000000,97.85000000,2702488.81300000
2026-03-28 17:00:00,97.85000000,98.67000000,97.70000000,98.35000000,2154510.61800000
2026-03-28 21:00:00,98.35000000,98.66000000,96.19000000,96.78000000,1993560.82800000
2026-03-29 01:00:00,96.78000000,97.92000000,96.19000000,97.71000000,1887820.14800000
2026-03-29 06:00:00,97.71000000,97.79000000,96.27000000,96.63000000,2116510.96900000
2026-03-29 10:00:00,96.63000000,96.73000000,95.30000000,95.74000000,1829960.10400000
2026-03-29 14:00:00,95.74000000,95.98000000,94.83000000,95.46000000,2252678.48000000
2026-03-29 18:00:00,95.46000000,96.09000000,94.58000000,95.06000000,1756975.37200000
2026-03-29 22:00:00,95.06000000,96.05000000,92.68000000,95.35000000,2549870.26300000
2026-03-30 02:00:00,95.35000000,98.89000000,95.16000000,98.15000000,3078215.93000000
2026-03-30 06:00:00,98.15000000,98.89000000,97.53000000,98.72000000,2742988.90600000
2026-03-30 10:00:00,98.72000000,99.39000000,97.62000000,98.46000000,2774432.12500000
2026-03-30 14:00:00,98.46000000,99.91000000,98.03000000,98.56000000,3794674.16000000
2026-03-30 18:00:00,98.56000000,98.75000000,96.07000000,96.64000000,2904181.42100000
2026-03-30 22:00:00,96.64000000,97.99000000,96.08000000,96.82000000,1817541.24800000
2026-03-31 02:00:00,96.82000000,99.28000000,96.33000000,98.05000000,2130074.69900000
2026-03-31 06:00:00,98.05000000,98.34000000,97.01000000,97.63000000,2074647.76100000
2026-03-31 10:00:00,97.63000000,97.94000000,95.35000000,96.57000000,1711604.93100000
2026-03-31 14:00:00,96.57000000,98.63000000,96.34000000,96.38000000,2796642.97800000
2026-03-31 18:00:00,96.38000000,98.52000000,95.82000000,97.99000000,2658469.25500000
2026-03-31 22:00:00,97.99000000,99.12000000,97.16000000,98.14000000,2779604.22600000
2026-04-01 02:00:00,98.14000000,98.34000000,96.91000000,97.89000000,2331023.40000000
2026-04-01 06:00:00,97.89000000,100.90000000,97.81000000,100.20000000,2337415.36800000
2026-04-01 10:00:00,100.20000000,100.43000000,98.80000000,99.09000000,2264450.90100000
2026-04-01 14:00:00,99.09000000,100.12000000,98.30000000,99.92000000,2055307.89600000
2026-04-01 18:00:00,99.92000000,101.10000000,98.73000000,99.42000000,2049851.31600000
2026-04-01 22:00:00,99.42000000,99.57000000,97.89000000,98.04000000,1735354.21800000
2026-04-02 02:00:00,98.04000000,98.97000000,93.94000000,94.26000000,2570202.51200000
2026-04-02 06:00:00,94.26000000,94.99000000,93.53000000,94.38000000,1485505.71000000
2026-04-02 10:00:00,94.38000000,94.47000000,93.17000000,93.38000000,1467343.35700000
2026-04-02 14:00:00,93.38000000,95.43000000,92.33000000,94.36000000,2139075.17000000
2026-04-02 18:00:00,94.36000000,95.48000000,93.98000000,94.82000000,1665483.51400000
2026-04-02 22:00:00,94.82000000,95.40000000,93.72000000,94.29000000,1392184.31700000
2026-04-03 02:00:00,94.29000000,95.04000000,94.09000000,94.90000000,1098319.51000000
2026-04-03 06:00:00,94.90000000,95.80000000,94.66000000,95.25000000,1266718.07900000
2026-04-03 10:00:00,95.25000000,95.77000000,95.00000000,95.31000000,1309598.50900000
2026-04-03 14:00:00,95.31000000,96.13000000,94.47000000,94.78000000,1701156.61700000
2026-04-03 18:00:00,94.78000000,95.34000000,93.88000000,94.28000000,1433582.06700000
2026-04-03 22:00:00,94.28000000,94.88000000,94.21000000,94.75000000,895860.49500000
2026-04-04 02:00:00,94.75000000,95.06000000,94.51000000,94.98000000,603709.47300000
2026-04-04 06:00:00,94.98000000,95.16000000,94.31000000,94.92000000,1160943.40600000
2026-04-04 10:00:00,94.92000000,95.09000000,94.43000000,94.72000000,839600.93400000
2026-04-04 14:00:00,94.72000000,95.47000000,94.21000000,94.88000000,1138975.53700000
2026-04-04 18:00:00,94.88000000,95.38000000,94.17000000,94.66000000,1117879.43600000
2026-04-04 22:00:00,94.66000000,94.87000000,94.29000000,94.43000000,751465.33400000
2026-04-05 02:00:00,94.43000000,94.70000000,93.89000000,94.05000000,499769.39500000
2026-04-05 06:00:00,94.05000000,94.22000000,92.43000000,92.65000000,1384554.38600000
2026-04-05 10:00:00,92.65000000,93.10000000,91.67000000,91.95000000,1702241.23700000
2026-04-05 14:00:00,91.95000000,92.65000000,90.56000000,91.59000000,2337308.14400000
2026-04-05 18:00:00,91.59000000,92.06000000,90.98000000,91.67000000,1412009.83900000
2026-04-05 22:00:00,91.67000000,94.25000000,91.63000000,94.10000000,1897371.40300000
2026-04-06 02:00:00,94.10000000,96.40000000,93.87000000,95.74000000,2474526.38300000
2026-04-06 06:00:00,95.74000000,96.04000000,94.69000000,95.71000000,1710445.41600000
2026-04-06 10:00:00,95.71000000,97.99000000,95.68000000,97.04000000,2552063.83400000
2026-04-06 14:00:00,97.04000000,97.86000000,96.35000000,97.60000000,2052437.12000000
2026-04-06 18:00:00,97.60000000,97.73000000,94.69000000,95.05000000,2663879.07000000
2026-04-06 22:00:00,95.05000000,95.51000000,92.51000000,92.92000000,2084508.93800000
2026-04-07 02:00:00,92.92000000,93.52000000,92.31000000,92.67000000,1701400.66600000
2026-04-07 06:00:00,92.67000000,93.32000000,91.44000000,91.47000000,1922494.87500000
2026-04-07 10:00:00,91.47000000,92.47000000,85.78000000,86.27000000,3929917.15700000
2026-04-07 14:00:00,86.27000000,88.07000000,85.68000000,86.08000000,3300405.13400000
2026-04-07 18:00:00,86.08000000,89.53000000,86.03000000,89.41000000,2412408.84600000
2026-04-07 22:00:00,89.41000000,97.09000000,88.85000000,95.74000000,4253373.08300000
2026-04-08 02:00:00,95.74000000,96.19000000,93.81000000,94.83000000,2781205.53000000
2026-04-08 06:00:00,94.83000000,95.94000000,94.75000000,95.93000000,2559195.14300000
2026-04-08 10:00:00,95.93000000,96.36000000,94.59000000,95.49000000,2216512.55000000
2026-04-08 14:00:00,95.49000000,96.40000000,93.14000000,94.33000000,2305351.72900000
2026-04-08 18:00:00,94.33000000,95.11000000,92.88000000,93.41000000,1546834.97800000
2026-04-08 22:00:00,93.41000000,94.05000000,91.35000000,91.90000000,6532198.29400000
2026-04-09 02:00:00,91.90000000,92.12000000,89.57000000,89.65000000,2786030.80500000
2026-04-09 06:00:00,89.65000000,90.98000000,89.44000000,90.51000000,2035525.13700000
2026-04-09 10:00:00,90.51000000,90.85000000,89.57000000,89.82000000,1973554.22400000
2026-04-09 14:00:00,89.82000000,91.87000000,89.35000000,91.49000000,1945883.18700000
2026-04-09 18:00:00,91.49000000,92.23000000,90.20000000,91.04000000,2399051.84100000
2026-04-09 22:00:00,91.04000000,93.22000000,90.29000000,90.50000000,2103812.21500000
2026-04-10 02:00:00,90.50000000,91.02000000,89.39000000,89.92000000,1714670.53100000
2026-04-10 06:00:00,89.92000000,90.96000000,89.43000000,89.63000000,1573010.96800000
2026-04-10 10:00:00,89.63000000,90.57000000,89.12000000,90.01000000,1888108.50300000
2026-04-10 14:00:00,90.01000000,92.70000000,89.74000000,91.63000000,2032490.05300000
2026-04-10 18:00:00,91.63000000,94.61000000,91.64000000,94.50000000,2156658.12100000
2026-04-10 22:00:00,94.50000000,95.42000000,93.35000000,93.56000000,2397101.91300000
2026-04-11 02:00:00,93.56000000,93.75000000,92.53000000,92.56000000,1757228.36700000
2026-04-11 06:00:00,92.56000000,92.74000000,91.30000000,91.57000000,1890137.65700000
2026-04-11 10:00:00,91.57000000,92.30000000,91.37000000,91.79000000,2078246.38400000
2026-04-11 14:00:00,91.79000000,92.40000000,90.88000000,92.30000000,2038641.87800000
2026-04-11 18:00:00,92.30000000,96.59000000,92.21000000,96.08000000,2526135.67400000
2026-04-11 22:00:00,96.08000000,96.35000000,93.85000000,94.46000000,2526559.75400000
2026-04-12 02:00:00,94.46000000,94.67000000,89.57000000,89.94000000,2136830.00500000
2026-04-12 06:00:00,89.94000000,90.19000000,89.32000000,89.77000000,1481824.54000000
2026-04-12 10:00:00,89.77000000,90.14000000,89.23000000,89.86000000,1833697.70300000
2026-04-12 14:00:00,89.86000000,90.39000000,88.70000000,89.13000000,2174107.49100000
2026-04-12 18:00:00,89.13000000,91.46000000,89.02000000,90.23000000,2229362.97200000
2026-04-12 22:00:00,90.23000000,91.71000000,89.25000000,89.76000000,1911533.79500000
2026-04-13 02:00:00,89.76000000,94.79000000,89.59000000,94.53000000,3092246.43500000
2026-04-13 06:00:00,94.53000000,98.35000000,94.32000000,95.98000000,5257902.71600000
2026-04-13 10:00:00,95.98000000,95.99000000,93.31000000,93.84000000,3011684.31200000
2026-04-13 14:00:00,93.84000000,95.32000000,92.97000000,94.19000000,2793139.80400000
2026-04-13 18:00:00,94.19000000,96.97000000,93.58000000,96.78000000,2063683.30700000
2026-04-13 22:00:00,96.78000000,103.67000000,96.05000000,103.22000000,3784026.23700000
2026-04-14 02:00:00,103.22000000,104.10000000,100.22000000,101.45000000,2424465.83900000
2026-04-14 06:00:00,101.45000000,101.64000000,99.28000000,99.95000000,2141983.41800000
2026-04-14 10:00:00,99.95000000,101.49000000,99.83000000,100.28000000,1888658.52500000
2026-04-14 14:00:00,100.28000000,101.28000000,98.79000000,99.56000000,3419358.13500000
2026-04-14 18:00:00,99.56000000,100.07000000,97.09000000,98.19000000,2167064.36300000
2026-04-14 22:00:00,98.19000000,100.31000000,97.83000000,99.90000000,1868539.47800000
2026-04-15 02:00:00,99.90000000,101.11000000,99.79000000,100.14000000,2201822.18800000
2026-04-15 06:00:00,100.14000000,101.02000000,98.92000000,99.24000000,1940402.57300000
2026-04-15 10:00:00,99.24000000,102.13000000,99.15000000,101.38000000,2686775.59800000
2026-04-15 14:00:00,101.38000000,108.57000000,101.25000000,108.01000000,6425164.35700000
2026-04-15 18:00:00,108.01000000,108.79000000,105.86000000,107.69000000,5013361.18000000
2026-04-15 22:00:00,107.69000000,107.71000000,104.68000000,105.46000000,3328276.83400000
2026-04-16 02:00:00,105.46000000,106.92000000,105.15000000,106.76000000,2344995.13100000
2026-04-16 06:00:00,106.76000000,108.06000000,105.92000000,106.11000000,2663219.30800000
2026-04-16 10:00:00,106.11000000,106.78000000,105.02000000,106.11000000,2297551.46200000
2026-04-16 14:00:00,106.11000000,109.92000000,103.13000000,109.83000000,5526373.46500000
2026-04-16 18:00:00,109.83000000,117.49000000,107.96000000,116.52000000,12063071.92200000
2026-04-16 22:00:00,116.52000000,117.70000000,113.33000000,115.39000000,7249474.37200000
2026-04-17 02:00:00,115.39000000,115.70000000,112.78000000,113.65000000,2785040.43500000
2026-04-17 06:00:00,113.65000000,114.11000000,111.56000000,113.23000000,3204417.22400000
2026-04-17 10:00:00,113.23000000,117.36000000,112.96000000,117.28000000,3811227.56300000
2026-04-17 14:00:00,117.28000000,118.49000000,115.45000000,116.45000000,5438284.17300000
2026-04-17 18:00:00,116.45000000,118.77000000,116.18000000,116.93000000,3399338.12500000
2026-04-17 22:00:00,116.93000000,117.28000000,114.71000000,114.79000000,2484797.37800000
2026-04-18 02:00:00,114.79000000,115.99000000,113.87000000,114.07000000,2369019.64500000
2026-04-18 06:00:00,114.07000000,115.45000000,113.85000000,114.82000000,1364629.24000000
2026-04-18 10:00:00,114.82000000,115.08000000,110.72000000,111.23000000,4190797.87100000
2026-04-18 14:00:00,111.23000000,113.38000000,110.61000000,112.94000000,2921805.42200000
2026-04-18 18:00:00,112.94000000,113.11000000,99.06000000,103.67000000,11411030.18400000
2026-04-18 22:00:00,103.67000000,107.79000000,101.01000000,101.09000000,6742418.05800000
2026-04-19 02:00:00,101.09000000,101.24000000,94.40000000,95.32000000,5553850.18700000
2026-04-19 06:00:00,95.32000000,95.37000000,91.32000000,92.47000000,5624511.99800000
2026-04-19 10:00:00,92.47000000,93.94000000,90.26000000,90.98000000,6312444.25400000
2026-04-19 14:00:00,90.98000000,94.12000000,89.40000000,91.88000000,6962376.26800000
2026-04-19 18:00:00,91.88000000,93.48000000,88.78000000,91.00000000,6415749.64800000
2026-04-19 22:00:00,91.00000000,91.08000000,88.62000000,90.19000000,4225580.61800000
2026-04-20 02:00:00,90.19000000,94.42000000,89.91000000,93.14000000,4795833.85100000
2026-04-20 06:00:00,93.14000000,93.62000000,90.64000000,92.37000000,4065160.55900000
2026-04-20 10:00:00,92.37000000,92.46000000,88.93000000,90.39000000,4635611.29800000
2026-04-20 14:00:00,90.39000000,91.07000000,86.24000000,87.14000000,7675500.81400000
2026-04-20 18:00:00,87.14000000,90.53000000,86.64000000,89.94000000,5135483.83500000
2026-04-20 22:00:00,89.94000000,94.94000000,89.68000000,90.57000000,7021337.03800000
2026-04-21 02:00:00,90.57000000,94.79000000,90.26000000,93.57000000,4563866.36800000
2026-04-21 06:00:00,93.57000000,95.54000000,91.80000000,92.41000000,4653316.55300000
2026-04-21 10:00:00,92.41000000,94.44000000,92.08000000,93.02000000,3020461.75400000
2026-04-21 14:00:00,93.02000000,93.09000000,90.85000000,92.17000000,3931181.19700000
2026-04-21 18:00:00,92.17000000,92.81000000,89.88000000,90.35000000,3524254.54800000
2026-04-21 22:00:00,90.35000000,92.35000000,90.29000000,91.83000000,2382017.88100000
2026-04-22 02:00:00,91.83000000,93.52000000,91.46000000,92.47000000,3106771.48300000
2026-04-22 06:00:00,92.47000000,94.31000000,92.26000000,93.32000000,2993491.07500000
2026-04-22 10:00:00,93.32000000,94.18000000,92.78000000,93.45000000,2264247.14100000
2026-04-22 14:00:00,93.45000000,96.21000000,92.88000000,94.09000000,3840332.65300000
2026-04-22 18:00:00,94.09000000,95.40000000,93.50000000,94.46000000,2479918.18300000
2026-04-22 22:00:00,94.46000000,95.54000000,93.82000000,93.92000000,2280001.14400000
2026-04-23 02:00:00,93.92000000,94.33000000,91.57000000,91.96000000,2966641.23900000
2026-04-23 06:00:00,91.96000000,92.51000000,91.29000000,91.52000000,2313312.32900000
2026-04-23 10:00:00,91.52000000,92.43000000,90.85000000,91.97000000,1879675.36500000
2026-04-23 14:00:00,91.97000000,94.46000000,91.87000000,93.78000000,2527800.89000000
2026-04-23 18:00:00,93.78000000,93.99000000,91.09000000,92.47000000,2402671.23200000
2026-04-23 22:00:00,92.47000000,95.30000000,92.40000000,94.24000000,3161272.54300000
2026-04-24 02:00:00,94.24000000,96.74000000,93.25000000,93.92000000,4540969.81600000
2026-04-24 06:00:00,93.92000000,94.02000000,92.89000000,93.36000000,2265051.04700000
2026-04-24 10:00:00,93.36000000,95.20000000,92.35000000,94.96000000,2430735.05400000
2026-04-24 14:00:00,94.96000000,95.99000000,92.85000000,94.33000000,3072662.67300000
2026-04-24 18:00:00,94.33000000,95.48000000,93.31000000,94.93000000,2141452.43600000
2026-04-24 22:00:00,94.93000000,95.75000000,93.63000000,94.25000000,2236590.76100000
2026-04-25 02:00:00,94.25000000,94.99000000,94.07000000,94.81000000,1183124.74300000
2026-04-25 06:00:00,94.81000000,95.05000000,93.94000000,94.54000000,1154655.93600000
2026-04-25 10:00:00,94.54000000,96.19000000,94.52000000,95.38000000,1566155.27900000
2026-04-25 14:00:00,95.38000000,96.30000000,94.38000000,94.73000000,2138347.90600000
2026-04-25 18:00:00,94.73000000,94.89000000,93.81000000,93.85000000,1174477.01300000
2026-04-25 22:00:00,93.85000000,94.44000000,93.56000000,94.09000000,831695.89100000
2026-04-26 02:00:00,94.09000000,94.10000000,93.01000000,93.49000000,927562.73900000
2026-04-26 06:00:00,93.49000000,95.14000000,93.08000000,94.71000000,1468634.50200000
2026-04-26 10:00:00,94.71000000,95.95000000,94.35000000,95.75000000,1195083.85800000
2026-04-26 14:00:00,95.75000000,96.01000000,94.50000000,95.95000000,1542370.23200000
2026-04-26 18:00:00,95.95000000,97.72000000,95.12000000,96.88000000,3437667.17500000
2026-04-26 22:00:00,96.88000000,97.21000000,95.57000000,96.42000000,2767297.88400000
2026-04-27 02:00:00,96.42000000,100.74000000,96.03000000,99.25000000,2461164.35500000
2026-04-27 06:00:00,99.25000000,99.46000000,95.44000000,95.61000000,2947092.30000000
2026-04-27 10:00:00,95.61000000,96.71000000,95.43000000,96.08000000,1487964.15400000
2026-04-27 14:00:00,96.08000000,99.26000000,95.49000000,97.16000000,5119400.64100000
2026-04-27 18:00:00,97.16000000,97.53000000,95.13000000,95.57000000,2034513.23900000
2026-04-27 22:00:00,95.57000000,97.94000000,95.57000000,97.59000000,1832242.38500000
2026-04-28 02:00:00,97.59000000,97.65000000,96.27000000,97.03000000,1338411.64700000
2026-04-28 06:00:00,97.03000000,98.40000000,96.54000000,97.68000000,1337898.96200000
2026-04-28 10:00:00,97.68000000,98.35000000,96.25000000,96.44000000,1205143.71900000
2026-04-28 14:00:00,96.44000000,97.56000000,95.51000000,96.53000000,2247383.46500000
2026-04-28 18:00:00,96.53000000,97.46000000,95.94000000,96.83000000,1112410.47300000
2026-04-28 22:00:00,96.83000000,96.96000000,96.18000000,96.42000000,965583.53700000
2026-04-29 02:00:00,96.42000000,97.22000000,96.02000000,97.21000000,777536.84300000
2026-04-29 06:00:00,97.21000000,98.66000000,96.61000000,97.23000000,1624586.33600000
2026-04-29 10:00:00,97.23000000,98.40000000,96.37000000,96.84000000,1509489.63300000
2026-04-29 14:00:00,96.84000000,96.90000000,92.88000000,93.73000000,4078264.63700000
2026-04-29 18:00:00,93.73000000,94.85000000,91.91000000,93.28000000,2228784.36000000
2026-04-29 22:00:00,93.28000000,94.19000000,93.08000000,93.22000000,1759792.39700000
2026-04-30 02:00:00,93.22000000,93.66000000,91.63000000,92.53000000,2265050.95700000
2026-04-30 06:00:00,92.53000000,92.79000000,91.92000000,92.76000000,1244866.78800000
2026-04-30 10:00:00,92.76000000,93.08000000,92.11000000,92.66000000,902742.39600000
2026-04-30 14:00:00,92.66000000,93.78000000,92.21000000,93.59000000,1080408.45200000
2026-04-30 18:00:00,93.59000000,93.66000000,92.66000000,93.09000000,728947.50800000
2026-04-30 22:00:00,93.09000000,93.39000000,92.18000000,92.81000000,930134.26600000
2026-05-01 02:00:00,92.81000000,94.07000000,92.51000000,93.23000000,969747.74200000
2026-05-01 06:00:00,93.23000000,93.65000000,92.18000000,92.34000000,692302.15100000
2026-05-01 10:00:00,92.34000000,92.92000000,91.77000000,92.75000000,892569.18800000
2026-05-01 14:00:00,92.75000000,93.94000000,92.61000000,93.38000000,1569837.00000000
2026-05-01 18:00:00,93.38000000,93.72000000,92.04000000,92.41000000,1024483.23200000
2026-05-01 22:00:00,92.41000000,92.75000000,91.43000000,91.99000000,820095.98300000
2026-05-02 02:00:00,91.99000000,92.81000000,91.87000000,92.50000000,415248.42600000
2026-05-02 06:00:00,92.50000000,92.64000000,91.56000000,91.93000000,484624.78500000
2026-05-02 10:00:00,91.93000000,92.58000000,91.80000000,92.11000000,565117.14200000
2026-05-02 14:00:00,92.11000000,92.71000000,91.94000000,92.65000000,500899.76500000
2026-05-02 18:00:00,92.65000000,93.19000000,92.20000000,92.95000000,789294.77700000
2026-05-02 22:00:00,92.95000000,93.84000000,92.71000000,93.26000000,861643.46300000
2026-05-03 02:00:00,93.26000000,93.32000000,91.75000000,91.98000000,892504.50500000
2026-05-03 06:00:00,91.98000000,92.81000000,91.84000000,92.42000000,694074.14300000
2026-05-03 10:00:00,92.42000000,93.46000000,92.20000000,93.12000000,837534.31200000
2026-05-03 14:00:00,93.12000000,93.53000000,92.28000000,92.64000000,1081400.89200000
2026-05-03 18:00:00,92.64000000,93.11000000,92.36000000,92.88000000,477050.06300000
2026-05-03 22:00:00,92.88000000,93.51000000,92.24000000,92.39000000,1212500.28700000
2026-05-04 02:00:00,92.39000000,94.59000000,91.67000000,94.21000000,1682690.80200000
2026-05-04 06:00:00,94.21000000,95.04000000,93.28000000,93.55000000,1222978.64700000
2026-05-04 10:00:00,93.55000000,93.98000000,90.96000000,92.06000000,2074735.46900000
2026-05-04 14:00:00,92.06000000,93.83000000,91.71000000,92.58000000,1489469.88000000
2026-05-04 18:00:00,92.58000000,93.81000000,91.91000000,92.52000000,973618.03600000
2026-05-04 22:00:00,92.52000000,92.96000000,91.78000000,92.18000000,741777.08100000
2026-05-05 02:00:00,92.18000000,93.35000000,92.07000000,92.83000000,670824.89500000
2026-05-05 06:00:00,92.83000000,93.49000000,92.51000000,93.08000000,679924.15600000
2026-05-05 10:00:00,93.08000000,93.54000000,92.62000000,93.46000000,831437.89500000
2026-05-05 14:00:00,93.46000000,94.26000000,92.96000000,93.06000000,1767622.00900000
2026-05-05 18:00:00,93.06000000,93.68000000,92.88000000,93.20000000,1075259.90100000
2026-05-05 22:00:00,93.20000000,94.12000000,92.90000000,93.41000000,985265.12800000
2026-05-06 02:00:00,93.41000000,94.33000000,93.13000000,94.10000000,896246.63700000
2026-05-06 06:00:00,94.10000000,94.68000000,93.07000000,94.40000000,1151019.89500000
2026-05-06 10:00:00,94.40000000,96.56000000,94.35000000,95.63000000,3167469.84900000
2026-05-06 14:00:00,95.63000000,95.72000000,92.14000000,93.46000000,3135454.40000000
2026-05-06 18:00:00,93.46000000,94.01000000,92.74000000,93.62000000,1179438.53700000
2026-05-06 22:00:00,93.62000000,94.53000000,93.12000000,94.28000000,986923.74400000
2026-05-07 02:00:00,94.28000000,94.31000000,91.99000000,92.11000000,1356726.99300000
2026-05-07 06:00:00,92.11000000,94.23000000,91.96000000,94.09000000,956276.87400000
2026-05-07 10:00:00,94.09000000,94.33000000,92.73000000,93.78000000,1038055.03300000
2026-05-07 14:00:00,93.78000000,94.33000000,91.61000000,92.31000000,1493701.23000000
2026-05-07 18:00:00,92.31000000,93.07000000,91.84000000,92.46000000,904602.02200000
2026-05-07 22:00:00,92.46000000,93.05000000,91.66000000,92.35000000,949088.79000000
2026-05-08 02:00:00,92.35000000,92.91000000,91.72000000,92.52000000,1122919.23700000
2026-05-08 06:00:00,92.52000000,92.99000000,92.02000000,92.51000000,675043.00400000
2026-05-08 10:00:00,92.51000000,93.11000000,92.18000000,92.60000000,773867.57100000
2026-05-08 14:00:00,92.60000000,94.26000000,92.03000000,94.19000000,1430012.62400000
2026-05-08 18:00:00,94.19000000,95.88000000,93.77000000,95.19000000,2177558.16600000
2026-05-08 22:00:00,95.19000000,96.49000000,94.92000000,95.79000000,1212793.23700000
2026-05-09 02:00:00,95.79000000,99.55000000,95.58000000,98.14000000,2052166.59600000
2026-05-09 06:00:00,98.14000000,98.59000000,96.37000000,96.51000000,1548293.52600000
2026-05-09 10:00:00,96.51000000,97.04000000,95.34000000,95.78000000,1302783.86600000
2026-05-09 14:00:00,95.78000000,96.06000000,93.89000000,94.69000000,2744203.78100000
2026-05-09 18:00:00,94.69000000,96.17000000,94.47000000,96.04000000,1215731.44700000
2026-05-09 22:00:00,96.04000000,96.18000000,95.32000000,95.71000000,758554.34600000
2026-05-10 02:00:00,95.71000000,96.31000000,94.79000000,95.61000000,824605.16100000
2026-05-10 06:00:00,95.61000000,97.48000000,95.49000000,97.28000000,1261097.17700000
2026-05-10 10:00:00,97.28000000,97.93000000,95.78000000,96.69000000,2103185.09800000
2026-05-10 14:00:00,96.69000000,100.01000000,96.35000000,99.04000000,3059274.34900000
2026-05-10 18:00:00,99.04000000,103.29000000,98.87000000,102.11000000,2989748.37200000
2026-05-10 22:00:00,102.11000000,103.45000000,97.61000000,102.09000000,4111978.87000000
2026-05-11 02:00:00,102.09000000,102.50000000,98.86000000,99.74000000,2469442.84200000
2026-05-11 06:00:00,99.74000000,101.13000000,98.98000000,100.63000000,1275434.57000000
2026-05-11 10:00:00,100.63000000,101.89000000,99.71000000,100.05000000,1633132.92800000
2026-05-11 14:00:00,100.05000000,101.88000000,98.65000000,101.77000000,2548420.56800000
2026-05-11 18:00:00,101.77000000,102.82000000,100.95000000,101.89000000,2468466.85000000
2026-05-11 22:00:00,101.89000000,102.55000000,100.50000000,101.12000000,1229072.95400000
2026-05-12 02:00:00,101.12000000,101.32000000,98.95000000,99.77000000,1301219.55100000
2026-05-12 06:00:00,99.77000000,100.57000000,99.14000000,99.59000000,916768.46300000
2026-05-12 14:00:00,99.59000000,98.24000000,94.62000000,95.40000000,2997827.68600000
2026-05-12 18:00:00,95.40000000,96.55000000,95.11000000,96.38000000,1134689.03800000
2026-05-12 22:00:00,96.38000000,97.29000000,96.34000000,96.63000000,862757.34000000
2026-05-13 02:00:00,96.63000000,98.66000000,96.37000000,98.61000000,1005883.22100000
2026-05-13 06:00:00,98.61000000,98.89000000,97.52000000,98.13000000,832499.51400000
2026-05-13 10:00:00,98.13000000,99.91000000,97.44000000,97.67000000,1551927.22300000
2026-05-13 14:00:00,97.67000000,97.92000000,94.36000000,94.50000000,3308287.24600000
2026-05-13 18:00:00,94.50000000,96.37000000,94.31000000,95.83000000,1392640.48900000
2026-05-13 22:00:00,95.83000000,96.38000000,94.93000000,96.36000000,1019936.11000000
2026-05-14 02:00:00,96.36000000,97.77000000,95.39000000,95.49000000,1346799.04400000
2026-05-14 06:00:00,95.49000000,97.47000000,95.37000000,96.31000000,1015149.01700000
2026-05-14 10:00:00,96.31000000,96.92000000,96.01000000,96.11000000,1009823.92000000
2026-05-14 14:00:00,96.11000000,99.44000000,96.09000000,99.10000000,2968123.79200000
2026-05-14 18:00:00,99.10000000,101.15000000,98.68000000,99.88000000,2774773.31100000
2026-05-14 22:00:00,99.88000000,100.10000000,98.14000000,98.30000000,1423027.23600000
2026-05-15 02:00:00,98.30000000,99.05000000,97.34000000,98.08000000,1233048.89800000
2026-05-15 06:00:00,98.08000000,98.21000000,95.66000000,97.05000000,1724802.58300000
2026-05-15 10:00:00,97.05000000,97.08000000,95.72000000,96.09000000,971803.11100000
2026-05-15 14:00:00,96.09000000,96.23000000,92.22000000,93.34000000,2992647.11300000
2026-05-15 18:00:00,93.34000000,94.22000000,92.67000000,92.69000000,1109640.45900000
2026-05-15 22:00:00,92.69000000,93.09000000,92.28000000,92.82000000,738799.60700000
2026-05-16 02:00:00,92.82000000,93.38000000,91.94000000,92.00000000,927582.61100000
2026-05-16 06:00:00,92.00000000,92.16000000,87.98000000,89.05000000,2540349.72500000
2026-05-16 10:00:00,89.05000000,89.53000000,87.78000000,89.04000000,1449847.64200000
2026-05-16 14:00:00,89.04000000,90.61000000,88.90000000,90.44000000,1397308.85700000
2026-05-16 18:00:00,90.44000000,90.91000000,90.25000000,90.36000000,593279.85400000
2026-05-16 22:00:00,90.36000000,90.51000000,89.93000000,89.99000000,543271.83700000
2026-05-17 02:00:00,89.99000000,90.20000000,88.96000000,89.86000000,890136.84300000
2026-05-17 06:00:00,89.86000000,91.06000000,89.81000000,90.79000000,1076618.89500000
2026-05-17 10:00:00,90.79000000,91.58000000,90.57000000,90.98000000,919122.92000000
2026-05-17 14:00:00,90.98000000,91.36000000,90.14000000,90.49000000,776581.31100000
2026-05-17 18:00:00,90.49000000,90.77000000,89.95000000,90.58000000,821824.94300000
2026-05-17 22:00:00,90.58000000,90.81000000,86.63000000,89.15000000,1705749.41800000
2026-05-18 02:00:00,89.15000000,89.27000000,88.19000000,88.35000000,1269686.88200000
2026-05-18 06:00:00,88.35000000,88.88000000,87.88000000,88.39000000,946649.98900000
2026-05-18 10:00:00,88.39000000,89.69000000,87.76000000,89.17000000,1033812.03900000
2026-05-18 14:00:00,89.17000000,89.89000000,87.15000000,87.84000000,1644824.26400000
2026-05-18 18:00:00,87.84000000,88.94000000,87.05000000,88.73000000,1067389.97800000
2026-05-18 22:00:00,88.73000000,89.82000000,88.65000000,89.42000000,717737.54500000
2026-05-19 02:00:00,89.42000000,90.08000000,88.66000000,89.08000000,582544.25600000
2026-05-19 06:00:00,89.08000000,89.73000000,88.73000000,89.49000000,539645.05300000
2026-05-19 10:00:00,89.49000000,89.53000000,87.98000000,88.11000000,865816.59900000
2026-05-19 14:00:00,88.11000000,88.81000000,87.37000000,88.15000000,1719322.05300000
2026-05-19 18:00:00,88.15000000,89.09000000,87.79000000,87.92000000,1323611.08500000
2026-05-19 22:00:00,87.92000000,88.35000000,87.11000000,87.39000000,1178701.72700000
2026-05-20 02:00:00,87.39000000,87.49000000,86.61000000,87.01000000,772932.56800000
2026-05-20 06:00:00,87.01000000,88.28000000,86.78000000,87.67000000,697280.01400000
2026-05-20 10:00:00,87.67000000,88.05000000,87.08000000,87.31000000,752385.59300000
2026-05-20 14:00:00,87.31000000,88.98000000,86.86000000,88.57000000,1732040.80200000
2026-05-20 18:00:00,88.57000000,89.20000000,88.09000000,88.86000000,866582.75500000
2026-05-20 22:00:00,88.86000000,89.07000000,87.59000000,88.00000000,640262.76000000
2026-05-21 02:00:00,88.00000000,90.03000000,87.97000000,89.94000000,1058553.30800000
2026-05-21 06:00:00,89.94000000,90.14000000,88.45000000,89.28000000,851044.83600000
2026-05-21 10:00:00,89.28000000,89.96000000,87.64000000,87.92000000,1242635.27900000
2026-05-21 14:00:00,87.92000000,88.99000000,87.59000000,88.53000000,1373675.35900000
2026-05-21 18:00:00,88.53000000,89.70000000,87.98000000,88.97000000,1351331.62600000
2026-05-21 22:00:00,88.97000000,89.11000000,87.82000000,88.11000000,683693.97800000
2026-05-22 02:00:00,88.11000000,88.16000000,87.42000000,88.08000000,979699.65700000
2026-05-22 06:00:00,88.08000000,88.44000000,87.25000000,87.83000000,1106876.91500000
2026-05-22 10:00:00,87.83000000,88.55000000,87.65000000,88.51000000,931444.92200000
2026-05-22 14:00:00,88.51000000,89.57000000,87.34000000,88.11000000,1862268.43100000
2026-05-22 18:00:00,88.11000000,88.47000000,84.73000000,85.44000000,2548631.71400000
2026-05-22 22:00:00,85.44000000,86.84000000,85.29000000,86.10000000,1418225.14900000
2026-05-23 02:00:00,86.10000000,86.50000000,85.57000000,86.03000000,755892.27100000
2026-05-23 06:00:00,86.03000000,86.06000000,82.48000000,83.39000000,2055311.25100000
2026-05-23 10:00:00,83.39000000,83.70000000,82.95000000,83.29000000,1099193.42500000
2026-05-23 14:00:00,83.29000000,85.54000000,83.02000000,85.33000000,1130948.16300000
2026-05-23 18:00:00,85.33000000,86.75000000,85.19000000,86.48000000,735047.20500000
2026-05-23 22:00:00,86.48000000,89.08000000,86.32000000,86.61000000,1549582.19800000
2026-05-24 02:00:00,86.61000000,86.82000000,85.97000000,86.06000000,663165.90500000
2026-05-24 06:00:00,86.06000000,86.75000000,85.87000000,86.55000000,729975.29000000
2026-05-24 10:00:00,86.55000000,87.84000000,86.24000000,87.84000000,1285889.93300000
2026-05-24 14:00:00,87.84000000,87.86000000,84.51000000,85.80000000,1491345.29000000
2026-05-24 18:00:00,85.80000000,86.28000000,85.29000000,85.57000000,689324.87600000
2026-05-24 22:00:00,85.57000000,85.74000000,83.86000000,85.53000000,996940.57100000
2026-05-25 02:00:00,85.53000000,86.08000000,85.17000000,85.41000000,595514.77600000
2026-05-25 06:00:00,85.41000000,86.81000000,85.38000000,86.56000000,582291.84100000
2026-05-25 10:00:00,86.56000000,87.12000000,86.26000000,86.44000000,558839.06900000
2026-05-25 14:00:00,86.44000000,87.16000000,86.21000000,86.83000000,795951.74800000
2026-05-25 18:00:00,86.83000000,87.26000000,86.53000000,87.14000000,871687.22800000
2026-05-25 22:00:00,87.14000000,87.34000000,85.72000000,86.32000000,826372.40600000
2026-05-26 02:00:00,86.32000000,86.47000000,84.96000000,85.56000000,836477.24100000
2026-05-26 06:00:00,85.56000000,86.63000000,85.52000000,86.05000000,916847.71400000
2026-05-26 10:00:00,86.05000000,88.36000000,86.01000000,87.49000000,978641.28400000
2026-05-26 14:00:00,87.49000000,88.45000000,86.08000000,86.59000000,2047276.85900000
2026-05-26 18:00:00,86.59000000,87.05000000,85.36000000,86.43000000,984766.58600000
2026-05-26 22:00:00,86.43000000,86.67000000,85.46000000,85.73000000,478622.15600000
2026-05-27 02:00:00,85.73000000,86.49000000,85.18000000,85.22000000,678474.02300000
2026-05-27 06:00:00,85.22000000,85.55000000,83.78000000,85.52000000,927382.14000000
2026-05-27 10:00:00,85.52000000,85.88000000,84.74000000,85.06000000,573326.87800000
2026-05-27 14:00:00,85.06000000,86.99000000,84.36000000,86.20000000,1164050.94500000
2026-05-27 18:00:00,86.20000000,86.51000000,84.17000000,85.15000000,840934.26300000
2026-05-27 22:00:00,85.15000000,85.40000000,82.68000000,83.22000000,1142196.43700000
2026-05-28 02:00:00,83.22000000,83.42000000,80.66000000,80.86000000,1460660.36600000
2026-05-28 06:00:00,80.86000000,81.35000000,79.94000000,81.33000000,1154853.40400000
2026-05-28 10:00:00,81.33000000,81.35000000,80.13000000,80.37000000,783063.74900000
2026-05-28 14:00:00,80.37000000,80.82000000,78.01000000,79.36000000,2074123.09200000
2026-05-28 18:00:00,79.36000000,81.43000000,79.02000000,80.95000000,1049875.00400000
2026-05-28 22:00:00,80.95000000,81.68000000,80.42000000,80.77000000,694338.98500000
2026-05-29 02:00:00,80.77000000,81.37000000,80.49000000,80.53000000,712877.95500000
2026-05-29 06:00:00,80.53000000,81.99000000,80.16000000,81.71000000,708209.46400000
2026-05-29 10:00:00,81.71000000,82.40000000,81.13000000,81.53000000,781964.65100000
2026-05-29 14:00:00,81.53000000,83.83000000,80.17000000,82.88000000,1514426.06700000
2026-05-29 18:00:00,82.88000000,83.65000000,81.53000000,82.29000000,1066921.36700000
2026-05-29 22:00:00,82.29000000,82.99000000,81.93000000,82.43000000,758580.90200000
2026-05-30 02:00:00,82.43000000,83.92000000,82.23000000,82.98000000,830203.04000000
2026-05-30 06:00:00,82.98000000,83.22000000,81.99000000,82.56000000,605562.02800000
2026-05-30 10:00:00,82.56000000,83.08000000,82.49000000,82.88000000,541455.74600000
2026-05-30 14:00:00,82.88000000,83.45000000,82.76000000,83.01000000,717399.16100000
2026-05-30 18:00:00,83.01000000,83.54000000,82.86000000,83.28000000,413079.39200000
2026-05-30 22:00:00,83.28000000,83.51000000,82.44000000,82.74000000,455074.32600000
2026-05-31 02:00:00,82.74000000,83.59000000,82.62000000,83.52000000,583198.90800000
2026-05-31 06:00:00,83.52000000,83.58000000,82.66000000,82.85000000,587917.79400000
2026-05-31 10:00:00,82.85000000,83.22000000,82.27000000,82.77000000,494870.30700000
2026-05-31 14:00:00,82.77000000,82.92000000,81.30000000,81.68000000,715449.71100000
2026-05-31 18:00:00,81.68000000,81.79000000,80.89000000,81.32000000,647012.68800000
2026-05-31 22:00:00,81.32000000,82.78000000,81.33000000,82.12000000,537964.79100000
2026-06-01 02:00:00,82.12000000,83.00000000,81.39000000,82.68000000,554813.33900000
2026-06-01 06:00:00,82.68000000,82.85000000,80.58000000,80.66000000,731682.78700000
2026-06-01 10:00:00,80.66000000,81.49000000,80.42000000,80.89000000,683394.96100000
2026-06-01 14:00:00,80.89000000,81.04000000,78.79000000,79.07000000,1797192.97800000
2026-06-01 18:00:00,79.07000000,80.83000000,78.32000000,80.65000000,1159176.72200000
2026-06-01 22:00:00,80.65000000,80.71000000,79.43000000,80.25000000,632963.35600000
2026-06-02 02:00:00,80.25000000,80.32000000,77.77000000,79.68000000,1180843.67400000
2026-06-02 06:00:00,79.68000000,79.84000000,77.28000000,77.71000000,1045715.45800000
2026-06-02 10:00:00,77.71000000,78.16000000,77.24000000,77.39000000,730619.81600000
2026-06-02 14:00:00,77.39000000,77.91000000,74.24000000,75.25000000,2891056.91700000
2026-06-02 18:00:00,75.25000000,77.83000000,73.68000000,75.09000000,2416148.40500000
2026-06-02 22:00:00,75.09000000,75.59000000,72.09000000,73.62000000,1293926.88200000
2026-06-03 02:00:00,73.62000000,74.49000000,72.23000000,72.74000000,966768.94200000
2026-06-03 06:00:00,72.74000000,76.18000000,72.75000000,76.06000000,1001221.72700000
2026-06-03 10:00:00,76.06000000,76.92000000,75.51000000,76.38000000,624536.57300000
2026-06-03 14:00:00,76.38000000,76.58000000,75.11000000,75.40000000,1013393.08700000
2026-06-03 18:00:00,75.40000000,75.83000000,74.24000000,74.51000000,990712.25600000
2026-06-03 22:00:00,74.51000000,75.95000000,73.29000000,74.33000000,1422330.94800000
2026-06-04 02:00:00,74.33000000,74.96000000,68.14000000,73.02000000,2179067.16300000
2026-06-04 06:00:00,73.02000000,73.27000000,71.01000000,71.04000000,912926.19700000
2026-06-04 10:00:00,71.04000000,71.41000000,69.43000000,70.62000000,1112406.59100000
2026-06-04 14:00:00,70.62000000,72.84000000,70.16000000,72.44000000,958650.76300000
2026-06-04 18:00:00,72.44000000,72.72000000,71.29000000,72.05000000,739543.68600000
2026-06-04 22:00:00,72.05000000,72.11000000,69.80000000,71.27000000,577408.85300000
2026-06-05 02:00:00,71.27000000,71.71000000,68.73000000,68.87000000,750164.57200000
2026-06-05 06:00:00,68.87000000,70.12000000,64.02000000,69.37000000,4574409.67900000
2026-06-05 10:00:00,69.37000000,69.42000000,66.08000000,66.11000000,1339776.35200000
2026-06-05 14:00:00,66.11000000,66.46000000,60.39000000,62.23000000,3257406.88800000
2026-06-05 18:00:00,62.23000000,63.60000000,59.25000000,60.24000000,2049271.30000000
2026-06-05 22:00:00,60.24000000,63.63000000,59.76000000,62.21000000,1772437.57400000
2026-06-06 02:00:00,62.21000000,63.23000000,59.61000000,59.91000000,1219937.08800000
2026-06-06 06:00:00,59.91000000,61.94000000,57.75000000,61.23000000,1481189.93500000
2026-06-06 10:00:00,61.23000000,62.44000000,59.89000000,61.29000000,908139.22100000
2026-06-06 14:00:00,61.29000000,62.29000000,59.59000000,60.36000000,1126321.65500000
2026-06-06 18:00:00,60.36000000,60.99000000,59.86000000,59.90000000,689359.90700000
2026-06-06 22:00:00,59.90000000,60.98000000,59.68000000,60.91000000,464261.55400000
2026-06-07 02:00:00,60.91000000,62.51000000,60.61000000,62.06000000,674418.70800000
2026-06-07 06:00:00,62.06000000,63.80000000,61.68000000,63.45000000,1358676.07000000
2026-06-07 10:00:00,63.45000000,64.24000000,62.77000000,63.28000000,1207720.98900000
2026-06-07 14:00:00,63.28000000,63.53000000,61.82000000,63.01000000,963476.49300000
2026-06-07 18:00:00,63.01000000,63.20000000,61.02000000,61.39000000,816223.72300000
2026-06-07 22:00:00,61.39000000,65.39000000,61.18000000,63.67000000,1153023.47200000
2026-06-08 02:00:00,63.67000000,64.35000000,62.47000000,63.01000000,747977.36000000
2026-06-08 06:00:00,63.01000000,63.13000000,61.77000000,62.66000000,539262.40900000
2026-06-08 10:00:00,62.66000000,64.51000000,62.29000000,64.24000000,603254.51700000
2026-06-08 14:00:00,64.24000000,65.05000000,63.38000000,64.13000000,829557.46100000
2026-06-08 18:00:00,64.13000000,64.69000000,63.64000000,64.03000000,610269.41200000
2026-06-08 22:00:00,64.03000000,64.88000000,63.13000000,63.42000000,514423.89900000
2026-06-09 02:00:00,63.42000000,63.52000000,61.64000000,62.03000000,618310.56700000
2026-06-09 06:00:00,62.03000000,63.28000000,61.52000000,62.94000000,578594.38900000
2026-06-09 10:00:00,62.94000000,62.98000000,61.91000000,62.34000000,569802.25100000
2026-06-09 14:00:00,62.34000000,62.70000000,60.08000000,60.16000000,951246.84400000
2026-06-09 18:00:00,60.16000000,62.07000000,59.67000000,61.87000000,858129.99300000
2026-06-09 22:00:00,61.87000000,62.80000000,61.68000000,62.06000000,511012.30100000
2026-06-10 02:00:00,62.06000000,62.61000000,61.32000000,61.60000000,373070.53900000
2026-06-10 06:00:00,61.60000000,62.09000000,60.94000000,62.01000000,375486.92500000
2026-06-10 10:00:00,62.01000000,62.02000000,60.33000000,60.58000000,576998.13700000
2026-06-10 14:00:00,60.58000000,63.88000000,60.38000000,63.44000000,1365412.42500000
2026-06-10 18:00:00,63.44000000,63.66000000,61.42000000,61.62000000,845457.11800000
2026-06-10 22:00:00,61.62000000,61.90000000,60.06000000,61.22000000,601263.09300000
2026-06-11 02:00:00,61.22000000,63.93000000,61.23000000,63.73000000,611494.80500000
2026-06-11 06:00:00,63.73000000,63.77000000,62.77000000,63.41000000,517562.86600000
2026-06-11 10:00:00,63.41000000,64.07000000,62.92000000,63.15000000,622508.34500000
2026-06-11 14:00:00,63.15000000,63.71000000,62.23000000,63.71000000,595233.54200000
2026-06-11 18:00:00,63.71000000,64.99000000,62.58000000,64.62000000,809518.87600000
2026-06-11 22:00:00,64.62000000,64.78000000,64.01000000,64.28000000,386166.82700000
2026-06-12 02:00:00,64.28000000,64.64000000,63.84000000,64.52000000,270867.67900000
2026-06-12 06:00:00,64.52000000,64.82000000,63.03000000,63.68000000,502381.64800000
2026-06-12 10:00:00,63.68000000,65.27000000,63.66000000,64.67000000,716538.06200000
2026-06-12 14:00:00,64.67000000,65.53000000,63.61000000,64.05000000,1384748.74900000
2026-06-12 18:00:00,64.05000000,65.28000000,63.84000000,64.81000000,343824.18500000
2026-06-12 22:00:00,64.81000000,65.02000000,63.93000000,64.18000000,253193.74300000
2026-06-13 02:00:00,64.18000000,65.55000000,64.08000000,65.24000000,424605.09200000
2026-06-13 06:00:00,65.24000000,66.35000000,64.90000000,66.21000000,592694.82000000
2026-06-13 10:00:00,66.21000000,67.23000000,65.98000000,66.82000000,582245.43300000
2026-06-13 14:00:00,66.82000000,67.51000000,66.69000000,66.98000000,399226.42900000
2026-06-13 18:00:00,66.98000000,67.04000000,65.77000000,66.39000000,443015.27600000
2026-06-13 22:00:00,66.39000000,67.37000000,66.16000000,67.07000000,292738.75800000
2026-06-14 02:00:00,67.07000000,67.73000000,66.88000000,67.09000000,282471.32100000
2026-06-14 06:00:00,67.09000000,67.14000000,65.93000000,66.08000000,331675.84800000
2026-06-14 10:00:00,66.08000000,66.52000000,65.83000000,65.98000000,225027.44900000
2026-06-14 14:00:00,65.98000000,66.49000000,65.25000000,65.52000000,452178.89800000
2026-06-14 18:00:00,65.52000000,65.90000000,65.22000000,65.45000000,302253.47100000
2026-06-14 22:00:00,65.45000000,68.33000000,65.33000000,68.28000000,837748.59900000
2026-06-15 02:00:00,68.28000000,69.05000000,67.81000000,68.96000000,517982.44100000
2026-06-15 06:00:00,68.96000000,70.69000000,68.74000000,70.07000000,702257.29200000
2026-06-15 10:00:00,70.07000000,74.54000000,70.09000000,74.14000000,2173988.60200000
2026-06-15 14:00:00,74.14000000,77.60000000,73.50000000,77.57000000,2053664.23700000
2026-06-15 18:00:00,77.57000000,77.69000000,73.98000000,74.45000000,1206411.87300000
2026-06-15 22:00:00,74.45000000,74.64000000,72.94000000,73.69000000,699790.25300000
2026-06-16 02:00:00,73.69000000,74.23000000,72.23000000,73.63000000,834447.07400000
2026-06-16 06:00:00,73.63000000,75.91000000,73.30000000,75.71000000,839291.50700000
2026-06-16 10:00:00,75.71000000,75.90000000,74.65000000,75.40000000,834280.70500000
2026-06-16 14:00:00,75.40000000,76.35000000,72.67000000,74.24000000,1513098.81800000
2026-06-16 18:00:00,74.24000000,76.49000000,73.92000000,76.01000000,1121025.29200000
2026-06-16 22:00:00,76.01000000,76.95000000,75.65000000,75.87000000,634975.44500000
2026-06-17 02:00:00,75.87000000,77.94000000,75.79000000,76.35000000,999903.44000000
2026-06-17 06:00:00,76.35000000,76.69000000,75.83000000,76.42000000,568930.44100000
2026-06-17 10:00:00,76.42000000,76.48000000,74.31000000,74.50000000,1309976.91300000
2026-06-17 14:00:00,74.50000000,76.49000000,74.14000000,76.40000000,1021883.25300000
2026-06-17 18:00:00,76.40000000,77.76000000,73.40000000,73.66000000,2277457.41600000
2026-06-17 22:00:00,73.66000000,74.18000000,72.51000000,73.86000000,668806.65800000
2026-06-18 02:00:00,73.86000000,75.96000000,73.75000000,73.88000000,560307.99100000
2026-06-18 06:00:00,73.88000000,74.96000000,72.65000000,74.27000000,1116191.15800000
2026-06-18 10:00:00,74.27000000,74.98000000,73.24000000,73.44000000,576315.59600000
2026-06-18 14:00:00,73.44000000,74.38000000,70.80000000,70.94000000,1812972.83000000
2026-06-18 18:00:00,70.94000000,73.69000000,70.82000000,73.49000000,817862.66900000
2026-06-18 22:00:00,73.49000000,74.92000000,73.51000000,74.81000000,849225.63300000
2026-06-19 02:00:00,74.81000000,76.41000000,72.51000000,73.12000000,1497233.22400000
2026-06-19 06:00:00,73.12000000,73.67000000,71.91000000,72.26000000,933397.48100000
2026-06-19 10:00:00,72.26000000,72.84000000,72.07000000,72.31000000,772724.52200000
2026-06-19 14:00:00,72.31000000,74.00000000,71.97000000,73.24000000,1030398.52700000
2026-06-19 18:00:00,73.24000000,73.58000000,71.75000000,72.16000000,609508.51700000
2026-06-19 22:00:00,72.16000000,73.73000000,71.90000000,73.61000000,386112.99100000
2026-06-20 02:00:00,73.61000000,75.06000000,72.76000000,73.44000000,1433348.50900000
2026-06-20 06:00:00,73.44000000,75.38000000,73.24000000,74.25000000,530565.59400000
2026-06-20 10:00:00,74.25000000,75.28000000,73.90000000,74.67000000,471251.37200000
2026-06-20 14:00:00,74.67000000,76.07000000,73.57000000,75.74000000,852975.38200000
2026-06-20 18:00:00,75.74000000,75.78000000,73.09000000,74.00000000,802257.33900000
2026-06-20 22:00:00,74.00000000,77.07000000,73.97000000,75.92000000,938062.26300000
2026-06-21 02:00:00,75.92000000,76.43000000,75.41000000,76.26000000,462644.92800000
2026-06-21 06:00:00,76.26000000,76.74000000,75.45000000,75.83000000,342671.72400000
2026-06-21 10:00:00,75.83000000,75.99000000,73.84000000,73.98000000,615931.04300000
2026-06-21 14:00:00,73.98000000,75.27000000,73.71000000,75.06000000,335097.34100000
2026-06-21 18:00:00,75.06000000,75.08000000,73.96000000,74.66000000,416679.50400000
2026-06-21 22:00:00,74.66000000,74.87000000,73.30000000,73.92000000,672717.96100000
2026-06-22 02:00:00,73.92000000,76.91000000,73.93000000,74.84000000,942594.95400000
2026-06-22 06:00:00,74.84000000,76.23000000,74.74000000,75.78000000,539692.26800000
2026-06-22 10:00:00,75.78000000,76.87000000,74.95000000,76.63000000,774213.25700000
2026-06-22 14:00:00,76.63000000,77.02000000,74.65000000,75.68000000,2434589.64100000
2026-06-22 18:00:00,75.68000000,76.28000000,74.98000000,75.24000000,1056241.32200000
2026-06-22 22:00:00,75.24000000,75.57000000,74.19000000,75.01000000,1078585.94400000
2026-06-23 02:00:00,75.01000000,76.03000000,74.87000000,75.85000000,431244.77400000
2026-06-23 06:00:00,75.85000000,75.98000000,71.16000000,72.13000000,1246856.43300000
2026-06-23 10:00:00,72.13000000,73.40000000,70.59000000,72.75000000,1960890.38900000
2026-06-23 14:00:00,72.75000000,73.91000000,71.60000000,72.05000000,1262348.46300000
2026-06-23 18:00:00,72.05000000,72.41000000,71.45000000,72.04000000,1147286.73500000
2026-06-23 22:00:00,72.04000000,73.02000000,71.98000000,72.42000000,604398.61300000
2026-06-24 02:00:00,72.42000000,72.87000000,71.39000000,72.07000000,701940.46900000
2026-06-24 06:00:00,72.07000000,72.16000000,71.11000000,71.50000000,1753704.09700000
2026-06-24 10:00:00,71.50000000,78.38000000,71.37000000,75.85000000,5178119.78600000
2026-06-24 14:00:00,75.85000000,77.56000000,73.59000000,75.71000000,3951224.03800000
2026-06-24 18:00:00,75.71000000,77.27000000,72.03000000,75.40000000,4499259.22200000
2026-06-24 22:00:00,75.40000000,80.45000000,74.98000000,80.28000000,4797149.45200000
2026-06-25 02:00:00,80.28000000,83.63000000,78.60000000,82.95000000,5634694.51200000
2026-06-25 06:00:00,82.95000000,85.10000000,80.87000000,81.94000000,6844731.29200000
2026-06-25 10:00:00,81.94000000,83.16000000,80.99000000,82.13000000,2429746.24100000
2026-06-25 14:00:00,82.13000000,84.69000000,77.37000000,82.11000000,6421745.52300000
2026-06-25 18:00:00,82.11000000,88.47000000,78.87000000,80.85000000,8986325.57300000
2026-06-25 22:00:00,80.85000000,83.10000000,80.66000000,82.34000000,1753445.11600000
2026-06-26 02:00:00,82.34000000,83.93000000,80.70000000,83.42000000,2681747.19900000
2026-06-26 06:00:00,83.42000000,87.99000000,82.42000000,86.27000000,2928877.06600000
2026-06-26 10:00:00,86.27000000,86.75000000,83.46000000,86.21000000,3169165.91600000
2026-06-26 14:00:00,86.21000000,93.33000000,85.54000000,92.93000000,6824265.17900000
2026-06-26 18:00:00,92.93000000,98.14000000,92.29000000,94.96000000,10098644.84200000
2026-06-26 22:00:00,94.96000000,96.46000000,92.26000000,95.15000000,5177946.93900000
2026-06-27 02:00:00,95.15000000,97.58000000,92.42000000,92.60000000,4441799.54300000
2026-06-27 06:00:00,92.60000000,96.25000000,92.43000000,96.16000000,2406251.01600000
2026-06-27 10:00:00,96.16000000,97.44000000,94.65000000,96.97000000,2349969.47000000
2026-06-27 14:00:00,96.97000000,99.04000000,95.35000000,96.16000000,5088800.27200000
2026-06-27 18:00:00,96.16000000,96.26000000,93.33000000,93.79000000,2576892.39500000
2026-06-27 22:00:00,93.79000000,95.73000000,92.71000000,93.97000000,2032280.49500000
2026-06-28 02:00:00,93.97000000,95.29000000,93.12000000,94.73000000,1681284.26800000
2026-06-28 06:00:00,94.73000000,95.25000000,90.28000000,90.91000000,2311813.88600000
2026-06-28 10:00:00,90.91000000,91.92000000,88.34000000,89.26000000,3884649.38400000
2026-06-28 14:00:00,89.26000000,90.28000000,88.10000000,89.05000000,2552344.94000000
2026-06-28 18:00:00,89.05000000,90.94000000,88.18000000,90.10000000,2216848.23200000
2026-06-28 22:00:00,90.10000000,92.32000000,89.72000000,91.66000000,2408952.77100000
2026-06-29 02:00:00,91.66000000,94.64000000,90.24000000,94.06000000,2982757.16800000
2026-06-29 06:00:00,94.06000000,94.41000000,91.46000000,91.56000000,2350825.34900000
2026-06-29 10:00:00,91.56000000,92.98000000,90.67000000,92.36000000,1493353.22200000
2026-06-29 14:00:00,92.36000000,94.03000000,88.95000000,90.62000000,2956309.21400000
2026-06-29 18:00:00,90.62000000,93.43000000,90.53000000,93.19000000,2009036.41800000
2026-06-29 22:00:00,93.19000000,93.27000000,90.93000000,91.44000000,895442.18100000
2026-06-30 02:00:00,91.44000000,91.62000000,89.58000000,89.76000000,1460135.76800000
2026-06-30 06:00:00,89.76000000,91.72000000,89.71000000,90.16000000,980491.63100000
2026-06-30 10:00:00,90.16000000,90.30000000,88.30000000,88.38000000,1414313.42900000
2026-06-30 14:00:00,88.38000000,88.61000000,84.94000000,85.34000000,3117801.01400000
2026-06-30 18:00:00,85.34000000,86.41000000,85.01000000,85.19000000,905150.17400000
2026-06-30 22:00:00,85.19000000,85.91000000,84.60000000,85.08000000,642092.03000000
2026-07-01 02:00:00,85.08000000,87.82000000,84.24000000,87.16000000,1667666.26100000
2026-07-01 06:00:00,87.16000000,87.75000000,85.28000000,85.49000000,957211.22100000
2026-07-01 10:00:00,85.49000000,87.69000000,85.28000000,86.23000000,1150825.70200000
2026-07-01 14:00:00,86.23000000,87.61000000,85.36000000,86.90000000,1582703.27400000
2026-07-01 18:00:00,86.90000000,87.03000000,85.00000000,85.41000000,1178469.80100000
2026-07-01 22:00:00,85.41000000,86.56000000,82.95000000,83.15000000,1493546.42900000
2026-07-02 02:00:00,83.15000000,85.90000000,82.72000000,85.58000000,1297133.60700000
2026-07-02 06:00:00,85.58000000,85.60000000,84.35000000,84.62000000,919442.85000000
2026-07-02 10:00:00,84.62000000,87.96000000,84.28000000,87.42000000,1916507.61800000
2026-07-02 14:00:00,87.42000000,88.49000000,85.75000000,86.07000000,2246427.18000000
2026-07-02 18:00:00,86.07000000,87.89000000,85.88000000,86.89000000,1409715.72800000
2026-07-02 22:00:00,86.89000000,87.55000000,85.82000000,86.18000000,874030.83700000
2026-07-03 02:00:00,86.18000000,86.64000000,85.62000000,86.14000000,649128.46000000
2026-07-03 06:00:00,86.14000000,86.73000000,85.11000000,85.98000000,656226.62900000
2026-07-03 10:00:00,85.98000000,87.34000000,85.75000000,86.81000000,1936952.82300000
2026-07-03 14:00:00,86.81000000,90.96000000,86.57000000,88.67000000,3333776.34300000
2026-07-03 18:00:00,88.67000000,89.30000000,86.89000000,86.97000000,1575986.64200000
2026-07-03 22:00:00,86.97000000,88.21000000,86.87000000,87.56000000,899538.50700000
2026-07-04 02:00:00,87.56000000,89.16000000,87.50000000,88.88000000,1130408.96300000
2026-07-04 06:00:00,88.88000000,89.12000000,86.88000000,87.62000000,1020751.17100000
2026-07-04 10:00:00,87.62000000,88.47000000,86.94000000,87.93000000,1269196.03600000
2026-07-04 14:00:00,87.93000000,89.85000000,87.50000000,89.56000000,1611062.28000000
2026-07-04 18:00:00,89.56000000,90.24000000,88.64000000,89.26000000,1787007.80000000
2026-07-04 22:00:00,89.26000000,89.87000000,87.91000000,88.58000000,632925.03200000
2026-07-05 02:00:00,88.58000000,88.88000000,87.02000000,87.47000000,819563.60700000
2026-07-05 06:00:00,87.47000000,88.00000000,87.01000000,87.85000000,623099.64900000
2026-07-05 10:00:00,87.85000000,88.73000000,87.20000000,88.06000000,830559.61900000
2026-07-05 14:00:00,88.06000000,89.74000000,87.59000000,89.39000000,1547673.25300000
2026-07-05 18:00:00,89.39000000,90.16000000,88.35000000,88.47000000,760166.72200000
2026-07-05 22:00:00,88.47000000,89.83000000,88.08000000,89.04000000,556619.43600000
2026-07-06 02:00:00,89.04000000,89.50000000,87.89000000,88.41000000,924363.27600000
2026-07-06 06:00:00,88.41000000,90.88000000,88.00000000,90.73000000,1149194.66900000
2026-07-06 10:00:00,90.73000000,93.25000000,89.03000000,91.57000000,2752312.61600000
2026-07-06 14:00:00,91.57000000,96.62000000,89.71000000,96.41000000,6348868.09600000
2026-07-06 18:00:00,96.41000000,97.36000000,95.01000000,96.28000000,2365937.74600000
2026-07-06 22:00:00,96.28000000,96.75000000,93.41000000,94.20000000,2259211.47100000
2026-07-07 02:00:00,94.20000000,94.36000000,91.28000000,91.77000000,1989465.60200000
2026-07-07 06:00:00,91.77000000,94.27000000,90.98000000,93.43000000,1884525.71600000
2026-07-07 10:00:00,93.43000000,94.58000000,92.04000000,93.29000000,1628942.87600000
2026-07-07 14:00:00,93.29000000,93.92000000,90.07000000,92.33000000,3130539.38600000
2026-07-07 18:00:00,92.33000000,92.96000000,89.45000000,91.12000000,1718386.34200000
2026-07-07 22:00:00,91.12000000,91.55000000,89.70000000,89.89000000,865614.25700000
2026-07-08 02:00:00,89.89000000,90.26000000,87.56000000,87.98000000,1812990.02600000
2026-07-08 06:00:00,87.98000000,89.34000000,87.79000000,88.97000000,1091594.23500000
2026-07-08 10:00:00,88.97000000,89.22000000,86.32000000,87.90000000,1801255.09400000
2026-07-08 14:00:00,87.90000000,88.28000000,85.85000000,87.03000000,1675808.95400000
2026-07-08 18:00:00,87.03000000,88.71000000,87.03000000,87.95000000,1130399.56100000
2026-07-08 22:00:00,87.95000000,88.61000000,87.44000000,88.27000000,1153737.24000000
2026-07-09 02:00:00,88.27000000,88.85000000,86.78000000,87.11000000,2193886.24900000
2026-07-09 06:00:00,87.11000000,88.89000000,87.08000000,88.48000000,1013776.18500000
2026-07-09 10:00:00,88.48000000,89.96000000,88.06000000,89.09000000,922239.40900000
2026-07-09 14:00:00,89.09000000,93.10000000,88.84000000,92.30000000,2693361.45200000
2026-07-09 18:00:00,92.30000000,92.41000000,90.77000000,90.91000000,1253391.55400000
2026-07-09 22:00:00,90.91000000,91.62000000,90.48000000,91.27000000,502150.98400000
2026-07-10 02:00:00,91.27000000,93.73000000,90.79000000,93.61000000,1484983.91600000
2026-07-10 06:00:00,93.61000000,94.95000000,92.34000000,94.18000000,1936602.22400000
2026-07-10 10:00:00,94.18000000,98.26000000,93.99000000,96.32000000,2725411.35900000
2026-07-10 14:00:00,96.32000000,96.70000000,94.13000000,95.56000000,3413901.98900000
2026-07-10 18:00:00,95.56000000,96.98000000,94.60000000,96.12000000,1352214.02600000
2026-07-10 22:00:00,96.12000000,97.48000000,95.50000000,95.70000000,1488490.64900000
