timestamp,open,high,low,close,volume
2024-06-13 22:00:00,7.91000000,7.94400000,7.79600000,7.88600000,1014899.33980000
2024-06-14 02:00:00,7.88600000,8.02700000,7.83100000,7.96300000,1909121.27190000
2024-06-14 06:00:00,7.96300000,8.09500000,7.96300000,8.07300000,1505023.78100000
2024-06-14 10:00:00,8.07300000,8.10700000,8.00500000,8.05300000,1111602.10840000
2024-06-14 14:00:00,8.05300000,8.08700000,7.81900000,7.85700000,2321049.18980000
2024-06-14 18:00:00,7.85700000,7.87300000,7.42000000,7.48600000,5594945.65480000
2024-06-14 22:00:00,7.48600000,7.72000000,7.47000000,7.68500000,1742127.52560000
2024-06-15 02:00:00,7.68500000,7.75500000,7.63600000,7.75500000,917428.22030000
2024-06-15 06:00:00,7.75500000,7.90100000,7.74500000,7.86000000,1456725.84760000
2024-06-15 10:00:00,7.86000000,7.88500000,7.78800000,7.81300000,1074626.86470000
2024-06-15 14:00:00,7.81300000,7.92100000,7.79200000,7.90900000,1394523.59540000
2024-06-15 18:00:00,7.90900000,7.94000000,7.86100000,7.90300000,1412087.61100000
2024-06-15 22:00:00,7.90300000,7.92100000,7.84100000,7.88000000,907701.93130000
2024-06-16 02:00:00,7.88000000,7.92100000,7.75500000,7.78000000,1070247.16320000
2024-06-16 06:00:00,7.78000000,7.88900000,7.73300000,7.84400000,1206530.48920000
2024-06-16 10:00:00,7.84400000,7.89600000,7.78700000,7.81500000,1059641.60890000
2024-06-16 14:00:00,7.81500000,7.89400000,7.81000000,7.88000000,1130853.64170000
2024-06-16 18:00:00,7.88000000,7.88600000,7.82400000,7.86700000,741450.17620000
2024-06-16 22:00:00,7.86700000,7.96300000,7.84500000,7.89600000,1042682.48260000
2024-06-17 02:00:00,7.89600000,7.93400000,7.69200000,7.71700000,2013770.38970000
2024-06-17 06:00:00,7.71700000,7.76400000,7.57900000,7.64300000,1961537.38880000
2024-06-17 10:00:00,7.64300000,7.67200000,7.37000000,7.53700000,3122312.70470000
2024-06-17 14:00:00,7.53700000,7.57400000,7.41300000,7.44200000,2123596.77530000
2024-06-17 18:00:00,7.44200000,7.75600000,7.18400000,7.60600000,4744948.82800000
2024-06-17 22:00:00,7.60600000,7.61100000,7.42200000,7.43700000,2318514.04610000
2024-06-18 02:00:00,7.43700000,7.46200000,6.33800000,6.85700000,12237328.62950000
2024-06-18 06:00:00,6.85700000,6.99500000,6.80800000,6.95800000,1987064.09100000
2024-06-18 10:00:00,6.95800000,6.98900000,6.66500000,6.75100000,2920238.39900000
2024-06-18 14:00:00,6.75100000,6.78300000,6.50100000,6.70700000,5701507.86920000
2024-06-18 18:00:00,6.70700000,6.70800000,6.48900000,6.67800000,3298452.92980000
2024-06-18 22:00:00,6.67800000,6.89000000,6.63900000,6.82100000,2126322.34510000
2024-06-19 02:00:00,6.82100000,7.08100000,6.74200000,7.02700000,2617523.74250000
2024-06-19 06:00:00,7.02700000,7.11100000,6.99900000,7.01000000,1678646.48010000
2024-06-19 10:00:00,7.01000000,7.02400000,6.87300000,6.90800000,1743065.44120000
2024-06-19 14:00:00,6.90800000,6.97400000,6.76800000,6.83200000,2374363.99510000
2024-06-19 18:00:00,6.83200000,6.98100000,6.81200000,6.94400000,1869530.91310000
2024-06-19 22:00:00,6.94400000,6.99700000,6.85400000,6.90300000,1245047.98230000
2024-06-20 02:00:00,6.90300000,7.06000000,6.86100000,6.91800000,1804392.37850000
2024-06-20 06:00:00,6.91800000,7.14600000,6.87300000,7.12300000,1935616.07050000
2024-06-20 10:00:00,7.12300000,7.17500000,7.01400000,7.05000000,1898130.98950000
2024-06-20 14:00:00,7.05000000,7.07400000,6.74200000,6.79900000,3984096.30000000
2024-06-20 18:00:00,6.79900000,7.11700000,6.70800000,6.97900000,3314933.58670000
2024-06-20 22:00:00,6.97900000,7.00800000,6.89700000,6.90300000,1055626.22100000
2024-06-21 02:00:00,6.90300000,7.00600000,6.84100000,6.97800000,1759633.86990000
2024-06-21 06:00:00,6.97800000,7.01100000,6.90500000,6.95400000,1340474.82820000
2024-06-21 10:00:00,6.95400000,7.04200000,6.83800000,6.92900000,3398712.44480000
2024-06-21 14:00:00,6.92900000,6.99700000,6.79200000,6.97400000,3594405.57910000
2024-06-21 18:00:00,6.97400000,6.98800000,6.79200000,6.89400000,2223719.99170000
2024-06-21 22:00:00,6.89400000,6.97200000,6.86000000,6.93500000,1303657.87910000
2024-06-22 02:00:00,6.93500000,6.93700000,6.82600000,6.85300000,1263133.27700000
2024-06-22 06:00:00,6.85300000,6.87600000,6.80900000,6.83200000,735052.44650000
2024-06-22 10:00:00,6.83200000,6.88100000,6.80600000,6.86400000,1052640.27820000
2024-06-22 14:00:00,6.86400000,6.93800000,6.84000000,6.91900000,833854.32130000
2024-06-22 18:00:00,6.91900000,6.93500000,6.87300000,6.90900000,586702.97280000
2024-06-22 22:00:00,6.90900000,6.91200000,6.84400000,6.85400000,686757.58200000
2024-06-23 02:00:00,6.85400000,6.98300000,6.84100000,6.97400000,1009490.54510000
2024-06-23 06:00:00,6.97400000,6.98800000,6.94100000,6.96000000,516758.17590000
2024-06-23 10:00:00,6.96000000,6.98800000,6.89200000,6.91700000,798547.49170000
2024-06-23 14:00:00,6.91700000,6.91800000,6.73800000,6.78000000,1262617.18620000
2024-06-23 18:00:00,6.78000000,6.78700000,6.67800000,6.77100000,1295711.11060000
2024-06-23 22:00:00,6.77100000,6.79200000,6.65100000,6.74200000,1619474.61570000
2024-06-24 02:00:00,6.74200000,6.79400000,6.69400000,6.77100000,1522969.93430000
2024-06-24 06:00:00,6.77100000,6.78100000,6.52700000,6.58500000,2946537.30640000
2024-06-24 10:00:00,6.58500000,6.73900000,6.36400000,6.65800000,4180148.56040000
2024-06-24 14:00:00,6.65800000,6.87200000,6.64900000,6.73600000,2138010.78810000
2024-06-24 18:00:00,6.73600000,6.85800000,6.68100000,6.71600000,2743595.35330000
2024-06-24 22:00:00,6.71600000,6.95700000,6.65500000,6.94400000,2149012.97940000
2024-06-25 02:00:00,6.94400000,7.01200000,6.89400000,6.95600000,1272782.39790000
2024-06-25 06:00:00,6.95600000,6.98600000,6.89300000,6.89900000,1239494.13990000
2024-06-25 10:00:00,6.89900000,7.04000000,6.84100000,7.02400000,1689364.96680000
2024-06-25 14:00:00,7.02400000,7.09900000,6.99700000,7.04700000,1681261.08940000
2024-06-25 18:00:00,7.04700000,7.05600000,6.93700000,7.01500000,1377999.68270000
2024-06-25 22:00:00,7.01500000,7.02100000,6.93100000,6.94700000,753234.72220000
2024-06-26 02:00:00,6.94700000,7.01100000,6.88900000,6.89600000,1201635.83430000
2024-06-26 06:00:00,6.89600000,6.90300000,6.81500000,6.86700000,1106058.05800000
2024-06-26 10:00:00,6.86700000,6.87300000,6.80300000,6.82200000,853282.49360000
2024-06-26 14:00:00,6.82200000,6.89300000,6.77700000,6.79300000,1240673.93940000
2024-06-26 18:00:00,6.79300000,6.88300000,6.70500000,6.88100000,1532994.85200000
2024-06-26 22:00:00,6.88100000,6.95000000,6.83200000,6.84400000,1015456.35530000
2024-06-27 02:00:00,6.84400000,6.85400000,6.76800000,6.82500000,889223.30020000
2024-06-27 06:00:00,6.82500000,6.84000000,6.73300000,6.76000000,820522.68150000
2024-06-27 10:00:00,6.76000000,6.92100000,6.74000000,6.89900000,945676.38100000
2024-06-27 14:00:00,6.89900000,7.09500000,6.89700000,7.02400000,2473405.91790000
2024-06-27 18:00:00,7.02400000,7.09200000,6.99400000,7.08200000,881655.83340000
2024-06-27 22:00:00,7.08200000,7.08800000,7.02100000,7.03300000,566138.80400000
2024-06-28 02:00:00,7.03300000,7.09900000,6.96600000,7.01400000,1857052.01430000
2024-06-28 06:00:00,7.01400000,7.03700000,6.97900000,7.03000000,850906.48460000
2024-06-28 10:00:00,7.03000000,7.09000000,6.99200000,7.06600000,976966.87780000
2024-06-28 14:00:00,7.06600000,7.12600000,6.97300000,7.03000000,2279251.28850000
2024-06-28 18:00:00,7.03000000,7.04600000,6.88600000,6.92800000,1488551.38190000
2024-06-28 22:00:00,6.92800000,6.96600000,6.83800000,6.85400000,976567.88600000
2024-06-29 02:00:00,6.85400000,7.02200000,6.83700000,6.99500000,876785.44660000
2024-06-29 06:00:00,6.99500000,7.04900000,6.91800000,7.02100000,729176.98100000
2024-06-29 10:00:00,7.02100000,7.02900000,6.96600000,7.00500000,736561.88880000
2024-06-29 14:00:00,7.00500000,7.01400000,6.93300000,6.98300000,574481.88080000
2024-06-29 18:00:00,6.98300000,6.98600000,6.90900000,6.96300000,679765.06990000
2024-06-29 22:00:00,6.96300000,6.98200000,6.88600000,6.89900000,720588.98280000
2024-06-30 02:00:00,6.89900000,6.94600000,6.80600000,6.84500000,973277.19150000
2024-06-30 06:00:00,6.84500000,6.96700000,6.79200000,6.91900000,1290895.49380000
2024-06-30 10:00:00,6.91900000,6.97000000,6.87700000,6.89000000,1081559.34210000
2024-06-30 14:00:00,6.89000000,6.95600000,6.85100000,6.94400000,979432.51210000
2024-06-30 18:00:00,6.94400000,6.99500000,6.89900000,6.98200000,905060.84910000
2024-06-30 22:00:00,6.98200000,7.08500000,6.95400000,7.07400000,1119603.85290000
2024-07-01 02:00:00,7.07400000,7.23900000,7.05300000,7.18100000,1842571.86070000
2024-07-01 06:00:00,7.18100000,7.21300000,7.11100000,7.14300000,1134294.40340000
2024-07-01 10:00:00,7.14300000,7.14900000,7.05900000,7.07800000,1149828.11310000
2024-07-01 14:00:00,7.07800000,7.13200000,7.00200000,7.07900000,1788180.71720000
2024-07-01 18:00:00,7.07900000,7.22000000,7.06300000,7.15800000,1753082.27310000
2024-07-01 22:00:00,7.15800000,7.17100000,7.03800000,7.05300000,886441.27630000
2024-07-02 02:00:00,7.05300000,7.08200000,7.00300000,7.02400000,1011760.14940000
2024-07-02 06:00:00,7.02400000,7.07200000,6.95100000,6.96500000,1109735.11160000
2024-07-02 10:00:00,6.96500000,6.98200000,6.92200000,6.94200000,1023814.80380000
2024-07-02 14:00:00,6.94200000,7.00500000,6.85400000,6.90100000,1920261.82440000
2024-07-02 18:00:00,6.90100000,6.95700000,6.84400000,6.94900000,1217421.78250000
2024-07-02 22:00:00,6.94900000,6.99500000,6.94600000,6.95800000,722706.90790000
2024-07-03 02:00:00,6.95800000,6.99700000,6.68900000,6.78500000,1887997.25960000
2024-07-03 06:00:00,6.78500000,6.83800000,6.74700000,6.81900000,1033930.22290000
2024-07-03 10:00:00,6.81900000,6.84200000,6.66800000,6.75200000,2035307.75040000
2024-07-03 14:00:00,6.75200000,6.78400000,6.64300000,6.72200000,1791975.63680000
2024-07-03 18:00:00,6.72200000,6.75500000,6.56600000,6.59000000,1859655.44410000
2024-07-03 22:00:00,6.59000000,6.63900000,6.55000000,6.59800000,1216278.69920000
2024-07-04 02:00:00,6.59800000,6.65200000,6.28300000,6.40900000,4215519.94270000
2024-07-04 06:00:00,6.40900000,6.44600000,6.26500000,6.28400000,1562181.19820000
2024-07-04 10:00:00,6.28400000,6.30800000,6.18500000,6.25300000,2324980.05320000
2024-07-04 14:00:00,6.25300000,6.26400000,6.03100000,6.21000000,3753293.77910000
2024-07-04 18:00:00,6.21000000,6.27100000,6.13600000,6.20000000,1524211.05530000
2024-07-04 22:00:00,6.20000000,6.28500000,5.94100000,5.97000000,2356294.71980000
2024-07-05 02:00:00,5.97000000,5.97900000,5.14900000,5.30900000,11174059.98290000
2024-07-05 06:00:00,5.30900000,5.50600000,5.22600000,5.41800000,4068799.92220000
2024-07-05 10:00:00,5.41800000,5.64300000,5.24200000,5.62000000,3220349.49840000
2024-07-05 14:00:00,5.62000000,5.76000000,5.55600000,5.63600000,3159163.71900000
2024-07-05 18:00:00,5.63600000,5.67500000,5.53500000,5.57900000,2267107.92640000
2024-07-05 22:00:00,5.57900000,5.61700000,5.53700000,5.54400000,1062895.91310000
2024-07-06 02:00:00,5.54400000,5.69100000,5.46800000,5.53500000,1888498.19618200
2024-07-06 06:00:00,5.53500000,5.67200000,5.48100000,5.67100000,1369098.42110000
2024-07-06 10:00:00,5.67100000,5.71000000,5.57500000,5.68500000,1173253.13520000
2024-07-06 14:00:00,5.68500000,5.80800000,5.63300000,5.77400000,1243568.28110000
2024-07-06 18:00:00,5.77400000,6.01400000,5.74400000,6.00200000,2345529.92850000
2024-07-06 22:00:00,6.00200000,6.05800000,5.96000000,5.97300000,996520.91680000
2024-07-07 02:00:00,5.97300000,5.99200000,5.85100000,5.92100000,1497493.23040000
2024-07-07 06:00:00,5.92100000,5.93100000,5.81000000,5.87300000,1765590.32040000
2024-07-07 10:00:00,5.87300000,5.92200000,5.83500000,5.88900000,1532546.29030000
2024-07-07 14:00:00,5.88900000,5.92400000,5.64300000,5.72900000,3432626.47930000
2024-07-07 18:00:00,5.72900000,5.84000000,5.71600000,5.77200000,2001892.36680000
2024-07-07 22:00:00,5.77200000,5.79000000,5.55100000,5.58200000,2151088.00280000
2024-07-08 02:00:00,5.58200000,5.59000000,5.31900000,5.48800000,5219669.90570000
2024-07-08 06:00:00,5.48800000,5.63600000,5.46600000,5.58300000,2677484.54880000
2024-07-08 10:00:00,5.58300000,5.97600000,5.57100000,5.94000000,6101658.48590000
2024-07-08 14:00:00,5.94000000,5.97000000,5.62400000,5.69100000,7182664.58170000
2024-07-08 18:00:00,5.69100000,5.85100000,5.60900000,5.82600000,3222018.45870000
2024-07-08 22:00:00,5.82600000,5.86000000,5.77100000,5.83500000,1923595.69400000
2024-07-09 02:00:00,5.83500000,5.91000000,5.74100000,5.84400000,2491527.67180000
2024-07-09 06:00:00,5.84400000,5.93100000,5.82800000,5.88100000,1601236.47590000
2024-07-09 10:00:00,5.88100000,5.95700000,5.86100000,5.86800000,1963211.53113120
2024-07-09 14:00:00,5.86800000,5.93300000,5.80000000,5.92300000,3188458.88740000
2024-07-09 18:00:00,5.92300000,5.97900000,5.88900000,5.96200000,1587136.02380000
2024-07-09 22:00:00,5.96200000,6.05600000,5.94900000,6.01800000,2129707.73240000
2024-07-10 02:00:00,6.01800000,6.04000000,5.93400000,6.02200000,1781311.29230000
2024-07-10 06:00:00,6.02200000,6.25100000,6.02100000,6.14700000,3925102.43400000
2024-07-10 10:00:00,6.14700000,6.15500000,6.02000000,6.06500000,2301668.60090000
2024-07-10 14:00:00,6.06500000,6.14900000,5.99000000,6.10800000,2375007.99860000
2024-07-10 18:00:00,6.10800000,6.16400000,6.06700000,6.10200000,1414808.42230000
2024-07-10 22:00:00,6.10200000,6.15700000,6.07200000,6.14000000,1157366.86530000
2024-07-11 02:00:00,6.14000000,6.22400000,6.06300000,6.10700000,1766136.32610000
2024-07-11 06:00:00,6.10700000,6.20300000,6.09200000,6.19400000,1243132.14350000
2024-07-11 10:00:00,6.19400000,6.29600000,6.17200000,6.28800000,1763440.19690000
2024-07-11 14:00:00,6.28800000,6.38700000,6.10400000,6.13100000,4192216.86280000
2024-07-11 18:00:00,6.13100000,6.19600000,6.08300000,6.14200000,1476989.67630000
2024-07-11 22:00:00,6.14200000,6.15000000,6.01100000,6.03200000,1888860.85140000
2024-07-12 02:00:00,6.03200000,6.11100000,5.92500000,6.01000000,2020904.68410000
2024-07-12 06:00:00,6.01000000,6.04200000,5.95400000,5.98200000,1093562.37560000
2024-07-12 10:00:00,5.98200000,6.01500000,5.90100000,5.96200000,1907747.35220000
2024-07-12 14:00:00,5.96200000,6.09100000,5.93800000,6.08200000,1896238.85180000
2024-07-12 18:00:00,6.08200000,6.13800000,6.04500000,6.04800000,1370187.99920000
2024-07-12 22:00:00,6.04800000,6.10600000,5.99400000,6.10500000,941755.81100000
2024-07-13 02:00:00,6.10500000,6.18700000,6.09800000,6.16800000,811113.99040000
2024-07-13 06:00:00,6.16800000,6.31100000,6.15500000,6.29600000,1383263.28280000
2024-07-13 10:00:00,6.29600000,6.30100000,6.21200000,6.23000000,1466899.39330000
2024-07-13 14:00:00,6.23000000,6.29300000,6.20900000,6.27700000,1867848.22920000
2024-07-13 18:00:00,6.27700000,6.33100000,6.24900000,6.29000000,1374641.43730000
2024-07-13 22:00:00,6.29000000,6.40700000,6.26400000,6.34300000,1855319.96420000
2024-07-14 02:00:00,6.34300000,6.46900000,6.32400000,6.43600000,2262406.77310000
2024-07-14 06:00:00,6.43600000,6.67000000,6.42900000,6.58700000,2641833.86120000
2024-07-14 10:00:00,6.58700000,6.70600000,6.56900000,6.63700000,2931506.33970000
2024-07-14 14:00:00,6.63700000,6.63700000,6.50200000,6.57400000,2675293.76080000
2024-07-14 18:00:00,6.57400000,6.59700000,6.52900000,6.57200000,1224109.21900000
2024-07-14 22:00:00,6.57200000,6.67100000,6.55700000,6.62900000,1814042.31940000
2024-07-15 02:00:00,6.62900000,6.78900000,6.60800000,6.72500000,2722300.39600000
2024-07-15 06:00:00,6.72500000,6.75100000,6.64300000,6.72200000,1943439.49210000
2024-07-15 10:00:00,6.72200000,6.78400000,6.64700000,6.68800000,2824574.22480000
2024-07-15 14:00:00,6.68800000,6.76800000,6.66400000,6.73100000,2404150.05640000
2024-07-15 18:00:00,6.73100000,6.78700000,6.67600000,6.73200000,3458233.96280000
2024-07-15 22:00:00,6.73200000,6.99800000,6.72300000,6.98600000,3745045.57290000
2024-07-16 02:00:00,6.98600000,7.07100000,6.90400000,7.05600000,3132816.54260000
2024-07-16 06:00:00,7.05600000,7.09000000,6.68700000,6.71600000,4909880.46970000
2024-07-16 10:00:00,6.71600000,6.81800000,6.60800000,6.78500000,2645218.65310000
2024-07-16 14:00:00,6.78500000,7.07600000,6.74500000,7.04000000,3142588.28850000
2024-07-16 18:00:00,7.04000000,7.16700000,6.98500000,7.08500000,3397571.64740000
2024-07-16 22:00:00,7.08500000,7.13000000,7.02600000,7.06600000,1602515.52960000
2024-07-17 02:00:00,7.06600000,7.19300000,7.04700000,7.09900000,2040189.59750000
2024-07-17 06:00:00,7.09900000,7.35200000,7.07200000,7.32100000,4115627.81690000
2024-07-17 10:00:00,7.32100000,7.37200000,7.07500000,7.12100000,3701317.56160000
2024-07-17 14:00:00,7.12100000,7.37100000,7.10000000,7.21300000,3625125.21960000
2024-07-17 18:00:00,7.21300000,7.27000000,7.07700000,7.24800000,2656350.28810000
2024-07-17 22:00:00,7.24800000,7.25500000,7.04800000,7.05900000,1777127.45230000
2024-07-18 02:00:00,7.05900000,7.14500000,7.01800000,7.09600000,1848886.39790000
2024-07-18 06:00:00,7.09600000,7.11200000,6.95900000,6.99700000,3242312.50190000
2024-07-18 10:00:00,6.99700000,7.08700000,6.92200000,7.03500000,3270637.19760000
2024-07-18 14:00:00,7.03500000,7.10400000,6.86800000,6.88600000,2255351.20760000
2024-07-18 18:00:00,6.88600000,7.02000000,6.82400000,6.92400000,2314807.26820000
2024-07-18 22:00:00,6.92400000,6.99700000,6.89000000,6.99500000,960944.24150000
2024-07-19 02:00:00,6.99500000,7.12600000,6.84400000,7.09500000,2024834.84140000
2024-07-19 06:00:00,7.09500000,7.22600000,7.01800000,7.05200000,2329835.00320000
2024-07-19 10:00:00,7.05200000,7.09100000,6.93200000,7.02600000,2780901.64350000
2024-07-19 14:00:00,7.02600000,7.35300000,6.97900000,7.29400000,4687779.74920000
2024-07-19 18:00:00,7.29400000,7.44300000,7.28800000,7.41500000,3456992.35420000
2024-07-19 22:00:00,7.41500000,7.49500000,7.40400000,7.45200000,1793544.99950000
2024-07-20 02:00:00,7.45200000,7.48800000,7.38000000,7.44300000,1456493.92080000
2024-07-20 06:00:00,7.44300000,7.47900000,7.38000000,7.41600000,1400655.77290000
2024-07-20 10:00:00,7.41600000,7.42800000,7.32200000,7.32400000,1321789.39880000
2024-07-20 14:00:00,7.32400000,7.42700000,7.25100000,7.40100000,1743876.10920000
2024-07-20 18:00:00,7.40100000,7.46800000,7.34600000,7.39200000,1814183.33340000
2024-07-20 22:00:00,7.39200000,7.43200000,7.35600000,7.35700000,1254576.58010000
2024-07-21 02:00:00,7.35700000,7.45600000,7.33700000,7.38800000,1097854.04090000
2024-07-21 06:00:00,7.38800000,7.40000000,7.25700000,7.30200000,1588491.77190000
2024-07-21 10:00:00,7.30200000,7.39900000,7.30100000,7.35200000,1095298.62740000
2024-07-21 14:00:00,7.35200000,7.44700000,7.26800000,7.34800000,2176150.31180000
2024-07-21 18:00:00,7.34800000,7.43600000,7.06400000,7.31300000,6004658.18860000
2024-07-21 22:00:00,7.31300000,7.55500000,7.29100000,7.48200000,2363697.09930000
2024-07-22 02:00:00,7.48200000,7.65100000,7.46500000,7.49800000,3592651.24060000
2024-07-22 06:00:00,7.49800000,7.52700000,7.31000000,7.34800000,2412869.12010000
2024-07-22 10:00:00,7.34800000,7.44100000,7.30600000,7.42200000,1671394.91040000
2024-07-22 14:00:00,7.42200000,7.47100000,7.27000000,7.30000000,2750715.74890000
2024-07-22 18:00:00,7.30000000,7.38300000,7.27700000,7.37600000,1427078.89230000
2024-07-22 22:00:00,7.37600000,7.39800000,7.14900000,7.21000000,1874472.83840000
2024-07-23 02:00:00,7.21000000,7.32500000,7.18400000,7.23400000,1491826.18920000
2024-07-23 06:00:00,7.23400000,7.25400000,7.00100000,7.07300000,2173361.54050000
2024-07-23 10:00:00,7.07300000,7.35800000,7.06300000,7.27100000,2854617.88310000
2024-07-23 14:00:00,7.27100000,7.28500000,7.07300000,7.12300000,3758844.79710000
2024-07-23 18:00:00,7.12300000,7.13800000,6.91700000,7.08600000,3775637.84860000
2024-07-23 22:00:00,7.08600000,7.16700000,7.06400000,7.14000000,1410402.01140000
2024-07-24 02:00:00,7.14000000,7.19700000,6.99400000,7.02000000,1561616.16320000
2024-07-24 06:00:00,7.02000000,7.03600000,6.91900000,7.03400000,1432525.74800000
2024-07-24 10:00:00,7.03400000,7.09200000,7.01200000,7.08100000,1464318.14480000
2024-07-24 14:00:00,7.08100000,7.15400000,6.99000000,6.99000000,1845619.62120000
2024-07-24 18:00:00,6.99000000,7.10200000,6.92500000,6.94400000,1650282.92480000
2024-07-24 22:00:00,6.94400000,6.99400000,6.76100000,6.80700000,2304739.34230000
2024-07-25 02:00:00,6.80700000,6.83400000,6.51100000,6.57700000,3999616.50530000
2024-07-25 06:00:00,6.57700000,6.69600000,6.53500000,6.62100000,1622098.77080000
2024-07-25 10:00:00,6.62100000,6.67500000,6.59000000,6.62200000,1212757.85830000
2024-07-25 14:00:00,6.62200000,6.69800000,6.49600000,6.63600000,2429057.37380000
2024-07-25 18:00:00,6.63600000,6.69000000,6.44200000,6.52600000,2071128.39840000
2024-07-25 22:00:00,6.52600000,6.66300000,6.41600000,6.61600000,1725417.77870000
2024-07-26 02:00:00,6.61600000,6.78600000,6.60000000,6.73500000,1434664.65280000
2024-07-26 06:00:00,6.73500000,6.86100000,6.72200000,6.81100000,1159288.05360000
2024-07-26 10:00:00,6.81100000,6.85800000,6.78000000,6.81700000,1017093.29100000
2024-07-26 14:00:00,6.81700000,6.92900000,6.76400000,6.90000000,1609149.06240000
2024-07-26 18:00:00,6.90000000,6.97500000,6.88700000,6.95500000,1099024.46570000
2024-07-26 22:00:00,6.95500000,6.98300000,6.89200000,6.97800000,757812.15020000
2024-07-27 02:00:00,6.97800000,7.09500000,6.96900000,7.09400000,1270638.99370000
2024-07-27 06:00:00,7.09400000,7.35500000,7.09300000,7.25100000,3854310.60870000
2024-07-27 10:00:00,7.25100000,7.27900000,7.13600000,7.21500000,1928881.30540000
2024-07-27 14:00:00,7.21500000,7.29900000,7.10700000,7.15100000,2328012.58540000
2024-07-27 18:00:00,7.15100000,7.18300000,7.03600000,7.11500000,1813973.35880000
2024-07-27 22:00:00,7.11500000,7.24000000,6.98400000,7.13400000,3159118.71980000
2024-07-28 02:00:00,7.13400000,7.13800000,7.00200000,7.00300000,1166625.34840000
2024-07-28 06:00:00,7.00300000,7.01600000,6.89000000,6.95400000,1590039.88160000
2024-07-28 10:00:00,6.95400000,7.03300000,6.92500000,6.99000000,1288435.28290000
2024-07-28 14:00:00,6.99000000,7.00700000,6.89300000,6.92500000,1364364.20000000
2024-07-28 18:00:00,6.92500000,6.94000000,6.86800000,6.88900000,857856.92920000
2024-07-28 22:00:00,6.88900000,6.89400000,6.77900000,6.84300000,1601363.88620000
2024-07-29 02:00:00,6.84300000,7.09400000,6.82600000,6.99100000,2148431.65760000
2024-07-29 06:00:00,6.99100000,7.07100000,6.95900000,7.04300000,1390581.73360000
2024-07-29 10:00:00,7.04300000,7.05600000,6.96700000,6.99800000,1343679.07450000
2024-07-29 14:00:00,6.99800000,7.01900000,6.76700000,6.81000000,3585699.72730000
2024-07-29 18:00:00,6.81000000,6.82800000,6.71100000,6.81000000,2631962.51170000
2024-07-29 22:00:00,6.81000000,6.86000000,6.74200000,6.75500000,1393634.18810000
2024-07-30 02:00:00,6.75500000,6.85000000,6.68300000,6.78300000,1423701.87230000
2024-07-30 06:00:00,6.78300000,6.87600000,6.74900000,6.81900000,1122785.71230000
2024-07-30 10:00:00,6.81900000,6.83200000,6.73700000,6.77000000,1531516.81170000
2024-07-30 14:00:00,6.77000000,6.83100000,6.69200000,6.76200000,1555386.96340000
2024-07-30 18:00:00,6.76200000,6.78000000,6.54400000,6.59100000,2725470.73680000
2024-07-30 22:00:00,6.59100000,6.62000000,6.49800000,6.58700000,1540419.61500000
2024-07-31 02:00:00,6.58700000,6.67100000,6.54300000,6.62100000,1272686.92490000
2024-07-31 06:00:00,6.62100000,6.66200000,6.52800000,6.60300000,1572982.77810000
2024-07-31 10:00:00,6.60300000,6.60900000,6.52100000,6.55900000,1331384.30400000
2024-07-31 14:00:00,6.55900000,6.69000000,6.54600000,6.56900000,2045394.04280000
2024-07-31 18:00:00,6.56900000,6.63900000,6.45500000,6.50100000,2784449.04350000
2024-07-31 22:00:00,6.50100000,6.49900000,6.38000000,6.40700000,2239147.01410000
2024-08-01 02:00:00,6.40700000,6.46700000,6.37000000,6.39500000,1687227.86530000
2024-08-01 06:00:00,6.39500000,6.41300000,6.23100000,6.31000000,2658442.87370000
2024-08-01 10:00:00,6.31000000,6.37900000,6.30200000,6.37100000,1169333.63420000
2024-08-01 14:00:00,6.37100000,6.44100000,6.18400000,6.20100000,3597781.48700000
2024-08-01 18:00:00,6.20100000,6.23000000,6.04400000,6.20600000,5013284.49160000
2024-08-01 22:00:00,6.20600000,6.43700000,6.17000000,6.40600000,2015790.89880000
2024-08-02 02:00:00,6.40600000,6.44300000,6.27000000,6.36700000,1538517.57510000
2024-08-02 06:00:00,6.36700000,6.38000000,6.14000000,6.24100000,1639581.85530000
2024-08-02 10:00:00,6.24100000,6.32200000,6.18700000,6.27800000,1098694.23620000
2024-08-02 14:00:00,6.27800000,6.33300000,5.90200000,6.07200000,5515742.30250000
2024-08-02 18:00:00,6.07200000,6.09600000,5.96400000,6.02400000,2052135.03960000
2024-08-02 22:00:00,6.02400000,6.07200000,5.91700000,6.00400000,2176377.21630000
2024-08-03 02:00:00,6.00400000,6.02800000,5.82400000,5.93700000,3207756.27380000
2024-08-03 06:00:00,5.93700000,5.98900000,5.91500000,5.92300000,1224023.21190000
2024-08-03 10:00:00,5.92300000,5.94700000,5.87700000,5.94200000,1330480.81760000
2024-08-03 14:00:00,5.94200000,6.02100000,5.72800000,5.74300000,2651596.67870000
2024-08-03 18:00:00,5.74300000,5.74800000,5.47400000,5.47700000,5549220.38320000
2024-08-03 22:00:00,5.47700000,5.60800000,5.45200000,5.57400000,2041974.24990000
2024-08-04 02:00:00,5.57400000,5.63100000,5.52100000,5.57900000,1432024.96510000
2024-08-04 06:00:00,5.57900000,5.60100000,5.51700000,5.52300000,1005110.83510000
2024-08-04 10:00:00,5.52300000,5.59800000,5.49100000,5.55100000,1177730.13710000
2024-08-04 14:00:00,5.55100000,5.59400000,5.33500000,5.34000000,2941513.32150000
2024-08-04 18:00:00,5.34000000,5.47200000,5.11800000,5.43300000,5173848.43460000
2024-08-04 22:00:00,5.43300000,5.48400000,5.31300000,5.33600000,2018966.94690000
2024-08-05 02:00:00,5.33600000,5.39000000,4.55700000,4.64700000,14091912.66640000
2024-08-05 06:00:00,4.64700000,4.86000000,4.31300000,4.81300000,17199230.69960000
2024-08-05 10:00:00,4.81300000,4.81100000,4.40200000,4.55900000,7545568.39350000
2024-08-05 14:00:00,4.55900000,5.07000000,4.40700000,5.06200000,12013193.80520000
2024-08-05 18:00:00,5.06200000,5.11000000,4.85600000,4.94700000,6025081.14690000
2024-08-05 22:00:00,4.94700000,5.08500000,4.93000000,4.97900000,2949959.61540000
2024-08-06 02:00:00,4.97900000,5.30300000,4.96900000,5.16600000,3775020.74340000
2024-08-06 06:00:00,5.16600000,5.27200000,5.13300000,5.26000000,1928276.46010000
2024-08-06 10:00:00,5.26000000,5.25700000,5.09000000,5.14400000,2368724.94120000
2024-08-06 14:00:00,5.14400000,5.30600000,5.02800000,5.22500000,4516683.99950000
2024-08-06 18:00:00,5.22500000,5.25300000,5.17500000,5.20700000,2058489.43040000
2024-08-06 22:00:00,5.20700000,5.25200000,5.10400000,5.13000000,2150206.50650000
2024-08-07 02:00:00,5.13000000,5.27000000,5.05700000,5.23200000,2169271.05919590
2024-08-07 06:00:00,5.23200000,5.29400000,5.21900000,5.26900000,1353657.35901550
2024-08-07 10:00:00,5.26900000,5.32700000,5.18400000,5.19200000,1741689.05120320
2024-08-07 14:00:00,5.19200000,5.27500000,4.93900000,5.08600000,3394138.98249140
2024-08-07 18:00:00,5.08600000,5.14200000,4.95900000,5.02800000,2615189.38669010
2024-08-07 22:00:00,5.02800000,5.12800000,4.99700000,5.07800000,1742518.40669390
2024-08-08 02:00:00,5.07800000,5.34400000,4.98600000,5.27700000,3030543.65150780
2024-08-08 06:00:00,5.27700000,5.42400000,5.25400000,5.26100000,2935562.59520000
2024-08-08 10:00:00,5.26100000,5.31900000,5.24700000,5.28900000,1289653.08720000
2024-08-08 14:00:00,5.28900000,5.50200000,5.24800000,5.49100000,3849144.79630000
2024-08-08 18:00:00,5.49100000,5.54000000,5.45600000,5.49200000,2154533.20020000
2024-08-08 22:00:00,5.49200000,5.76500000,5.48500000,5.76200000,2815398.80000000
2024-08-09 02:00:00,5.76200000,5.80800000,5.69900000,5.73100000,3092604.17630000
2024-08-09 06:00:00,5.73100000,5.79100000,5.65000000,5.76100000,1814543.28800000
2024-08-09 10:00:00,5.76100000,5.88800000,5.68800000,5.69900000,3309794.95130000
2024-08-09 14:00:00,5.69900000,5.80300000,5.62400000,5.65400000,3026361.49640000
2024-08-09 18:00:00,5.65400000,5.76400000,5.64200000,5.68700000,3058630.82610000
2024-08-09 22:00:00,5.68700000,5.76500000,5.67000000,5.74300000,1718374.14920000
2024-08-10 02:00:00,5.74300000,5.82500000,5.70400000,5.72900000,1621490.33330000
2024-08-10 06:00:00,5.72900000,5.82800000,5.68300000,5.81200000,1347911.07250000
2024-08-10 10:00:00,5.81200000,6.04200000,5.78600000,5.91800000,3858716.52090000
2024-08-10 14:00:00,5.91800000,6.26900000,5.88100000,6.24900000,5874919.71040000
2024-08-10 18:00:00,6.24900000,6.37600000,6.19700000,6.31500000,7189803.46260000
2024-08-10 22:00:00,6.31500000,6.35800000,6.23600000,6.26700000,3595743.94140000
2024-08-11 02:00:00,6.26700000,6.28500000,6.12900000,6.13200000,2670456.41630000
2024-08-11 06:00:00,6.13200000,6.21100000,6.12000000,6.18400000,2085514.85400000
2024-08-11 10:00:00,6.18400000,6.22300000,6.11900000,6.14900000,2318801.24960000
2024-08-11 14:00:00,6.14900000,6.15600000,5.93000000,6.01300000,4479099.71260000
2024-08-11 18:00:00,6.01300000,6.02300000,5.86100000,5.87600000,2633940.10720000
2024-08-11 22:00:00,5.87600000,5.88500000,5.72400000,5.72400000,3490792.53080000
2024-08-12 02:00:00,5.72400000,5.87200000,5.71900000,5.83000000,2730622.67010000
2024-08-12 06:00:00,5.83000000,5.98500000,5.78000000,5.95000000,2580843.08270000
2024-08-12 10:00:00,5.95000000,6.66800000,5.94600000,6.66800000,11766053.99930000
2024-08-12 14:00:00,6.66800000,6.84100000,6.38900000,6.54400000,19104633.39590000
2024-08-12 18:00:00,6.54400000,6.56900000,6.37800000,6.38800000,5175720.22240000
2024-08-12 22:00:00,6.38800000,6.48800000,6.30000000,6.43300000,3907283.91890000
2024-08-13 02:00:00,6.43300000,6.49100000,6.24600000,6.24800000,4041862.94570000
2024-08-13 06:00:00,6.24800000,6.30900000,6.20600000,6.25100000,2838850.37780000
2024-08-13 10:00:00,6.25100000,6.27400000,6.14700000,6.24500000,2734537.65050000
2024-08-13 14:00:00,6.24500000,6.56100000,6.22800000,6.53900000,7196733.47190000
2024-08-13 18:00:00,6.53900000,6.93500000,6.50600000,6.91900000,11297183.61470000
2024-08-13 22:00:00,6.91900000,6.92500000,6.76600000,6.79200000,4779108.67790000
2024-08-14 02:00:00,6.79200000,6.95800000,6.76900000,6.85800000,6089078.26450000
2024-08-14 06:00:00,6.85800000,6.88400000,6.74100000,6.82600000,4811751.30210000
2024-08-14 10:00:00,6.82600000,6.84800000,6.72500000,6.75300000,4608418.25280000
2024-08-14 14:00:00,6.75300000,6.82900000,6.60500000,6.64600000,8505502.09140000
2024-08-14 18:00:00,6.64600000,6.70100000,6.57700000,6.66400000,3499547.10300000
2024-08-14 22:00:00,6.66400000,6.71200000,6.60900000,6.67900000,2010377.25870000
2024-08-15 02:00:00,6.67900000,6.75400000,6.62000000,6.69400000,3299355.77970000
2024-08-15 06:00:00,6.69400000,6.70000000,6.53100000,6.59400000,3916315.79530000
2024-08-15 10:00:00,6.59400000,6.65500000,6.45700000,6.50100000,4067694.89270000
2024-08-15 14:00:00,6.50100000,6.57900000,6.36200000,6.36700000,7091991.77680000
2024-08-15 18:00:00,6.36700000,6.40500000,6.09700000,6.24100000,8298590.21210000
2024-08-15 22:00:00,6.24100000,6.27300000,6.19800000,6.22300000,5464484.67820000
2024-08-16 02:00:00,6.22300000,6.49800000,6.20800000,6.21200000,7873596.77170000
2024-08-16 06:00:00,6.21200000,6.28800000,6.17800000,6.25100000,2642503.02960000
2024-08-16 10:00:00,6.25100000,6.25700000,6.06000000,6.06300000,2544203.62500000
2024-08-16 14:00:00,6.06300000,6.13800000,5.84200000,5.87500000,8686793.21270000
2024-08-16 18:00:00,5.87500000,6.00000000,5.78000000,5.95000000,5159707.35200000
2024-08-16 22:00:00,5.95000000,5.98400000,5.90700000,5.91000000,2372639.15200000
2024-08-17 02:00:00,5.91000000,5.96900000,5.88100000,5.91800000,1963876.12060000
2024-08-17 06:00:00,5.91800000,5.92700000,5.86200000,5.89800000,1620795.51970000
2024-08-17 10:00:00,5.89800000,5.96000000,5.85600000,5.87500000,2225696.17230000
2024-08-17 14:00:00,5.87500000,5.91200000,5.78800000,5.79000000,4198788.99910000
2024-08-17 18:00:00,5.79000000,5.89200000,5.78800000,5.86000000,3340073.86870000
2024-08-17 22:00:00,5.86000000,5.89500000,5.78700000,5.81700000,3660288.20690000
2024-08-18 02:00:00,5.81700000,5.90000000,5.79000000,5.80400000,2403778.62780000
2024-08-18 06:00:00,5.80400000,5.88500000,5.79000000,5.83200000,1593174.38200000
2024-08-18 10:00:00,5.83200000,5.88300000,5.80700000,5.88100000,2939105.57620000
2024-08-18 14:00:00,5.88100000,5.98100000,5.81400000,5.84000000,4943273.66300000
2024-08-18 18:00:00,5.84000000,5.89200000,5.81100000,5.87400000,2960702.50990000
2024-08-18 22:00:00,5.87400000,5.92000000,5.76600000,5.77800000,4151643.22500000
2024-08-19 02:00:00,5.77800000,5.89700000,5.72400000,5.84800000,4398692.13090000
2024-08-19 06:00:00,5.84800000,5.90500000,5.82100000,5.89300000,2419967.72780000
2024-08-19 10:00:00,5.89300000,6.03300000,5.77600000,5.85700000,10821485.19010000
2024-08-19 14:00:00,5.85700000,6.00800000,5.84800000,5.94800000,7352534.49060000
2024-08-19 18:00:00,5.94800000,6.02500000,5.81800000,6.01200000,6456737.25640000
2024-08-19 22:00:00,6.01200000,6.05000000,5.95700000,6.04200000,3716007.87280000
2024-08-20 02:00:00,6.04200000,6.22100000,6.02800000,6.12400000,4624236.92620000
2024-08-20 06:00:00,6.12400000,6.45000000,6.09700000,6.24900000,6800274.06330000
2024-08-20 10:00:00,6.24900000,6.27100000,6.10600000,6.11100000,3669770.19870000
2024-08-20 14:00:00,6.11100000,6.16000000,5.95000000,6.01600000,5353334.53290000
2024-08-20 18:00:00,6.01600000,6.10600000,5.97200000,6.09600000,2669987.56210000
2024-08-20 22:00:00,6.09600000,6.12800000,6.03600000,6.05200000,1924905.46830000
2024-08-21 02:00:00,6.05200000,6.11100000,6.00500000,6.08800000,2148897.89070000
2024-08-21 06:00:00,6.08800000,6.23400000,6.07500000,6.22400000,3177168.23600000
2024-08-21 10:00:00,6.22400000,6.25300000,6.12700000,6.17700000,4360650.21160000
2024-08-21 14:00:00,6.17700000,6.25400000,6.05800000,6.10500000,7170960.20430000
2024-08-21 18:00:00,6.10500000,6.30400000,6.07800000,6.29700000,4277503.70320000
2024-08-21 22:00:00,6.29700000,6.37000000,6.27300000,6.35200000,2500720.16640000
2024-08-22 02:00:00,6.35200000,6.37100000,6.23800000,6.32100000,2318230.16940000
2024-08-22 06:00:00,6.32100000,6.42300000,6.31500000,6.38600000,2292545.15680000
2024-08-22 10:00:00,6.38600000,6.40700000,6.33400000,6.36600000,2701204.82930000
2024-08-22 14:00:00,6.36600000,6.45700000,6.33900000,6.36000000,3880946.00910000
2024-08-22 18:00:00,6.36000000,6.41500000,6.34400000,6.40400000,2220425.25190000
2024-08-22 22:00:00,6.40400000,6.50800000,6.38200000,6.50200000,2250142.21950000
2024-08-23 02:00:00,6.50200000,6.65800000,6.48700000,6.64800000,2946362.44650000
2024-08-23 06:00:00,6.64800000,6.83000000,6.61700000,6.80500000,3819240.38910000
2024-08-23 10:00:00,6.80500000,6.93200000,6.77000000,6.78100000,4538476.76530000
2024-08-23 14:00:00,6.78100000,6.94600000,6.72800000,6.89200000,7197008.07010000
2024-08-23 18:00:00,6.89200000,7.18800000,6.87200000,7.08000000,7514265.04890000
2024-08-23 22:00:00,7.08000000,7.20000000,7.07600000,7.09100000,4081160.97390000
2024-08-24 02:00:00,7.09100000,7.16700000,7.03900000,7.07300000,2127468.07020000
2024-08-24 06:00:00,7.07300000,7.15500000,7.07400000,7.11800000,2732210.17380000
2024-08-24 10:00:00,7.11800000,7.24400000,7.06400000,7.18400000,3345295.88230000
2024-08-24 14:00:00,7.18400000,7.30600000,7.16900000,7.24700000,3881906.06210000
2024-08-24 18:00:00,7.24700000,7.39000000,7.24000000,7.26300000,4077636.53620000
2024-08-24 22:00:00,7.26300000,7.28400000,7.05500000,7.15100000,4263933.68400000
2024-08-25 02:00:00,7.15100000,7.19200000,6.95400000,7.04900000,4874553.80020000
2024-08-25 06:00:00,7.04900000,7.05800000,6.82600000,6.85200000,3384395.17540000
2024-08-25 10:00:00,6.85200000,7.11300000,6.82300000,7.06100000,3252812.92100000
2024-08-25 14:00:00,7.06100000,7.39900000,7.03100000,7.30200000,6253258.75610000
2024-08-25 18:00:00,7.30200000,7.42200000,7.25800000,7.37000000,5684367.66770000
2024-08-25 22:00:00,7.37000000,7.47200000,7.30000000,7.33300000,4865677.03050000
2024-08-26 02:00:00,7.33300000,7.37700000,7.15400000,7.24800000,4296552.68480000
2024-08-26 06:00:00,7.24800000,7.27700000,7.13400000,7.17500000,3639936.59750000
2024-08-26 10:00:00,7.17500000,7.23300000,7.09700000,7.16700000,3780710.03340000
2024-08-26 14:00:00,7.16700000,7.22500000,7.07400000,7.12100000,5447569.04810000
2024-08-26 18:00:00,7.12100000,7.19200000,6.96100000,6.99200000,5153780.02100000
2024-08-26 22:00:00,6.99200000,7.05600000,6.94600000,7.00700000,2724124.23200000
2024-08-27 02:00:00,7.00700000,7.27800000,7.00600000,7.24400000,4871732.41670000
2024-08-27 06:00:00,7.24400000,7.35200000,7.20100000,7.23100000,5176555.80450000
2024-08-27 10:00:00,7.23100000,7.30100000,7.01400000,7.07000000,8723028.61380000
2024-08-27 14:00:00,7.07000000,7.24800000,6.99500000,7.22600000,9556133.09380000
2024-08-27 18:00:00,7.22600000,7.55900000,7.16400000,7.25000000,23248418.90700000
2024-08-27 22:00:00,7.25000000,7.27000000,6.70300000,6.82800000,14908360.20210000
2024-08-28 02:00:00,6.82800000,6.86100000,6.63700000,6.84100000,9682637.73550000
2024-08-28 06:00:00,6.84100000,6.84500000,6.54500000,6.54700000,5486692.68810000
2024-08-28 10:00:00,6.54700000,6.97300000,6.49100000,6.91300000,12025220.97710000
2024-08-28 14:00:00,6.91300000,7.28300000,6.87200000,6.88000000,17080859.51270000
2024-08-28 18:00:00,6.88000000,7.02000000,6.62300000,6.80500000,11799046.91460000
2024-08-28 22:00:00,6.80500000,6.89000000,6.60100000,6.73300000,6380627.91730000
2024-08-29 02:00:00,6.73300000,6.81000000,6.62500000,6.65700000,4172154.55820000
2024-08-29 06:00:00,6.65700000,6.95100000,6.58800000,6.79900000,8804220.21080000
2024-08-29 10:00:00,6.79900000,7.04100000,6.65500000,6.96500000,8630462.50330000
2024-08-29 14:00:00,6.96500000,7.26900000,6.84600000,7.13200000,12572320.62550000
2024-08-29 18:00:00,7.13200000,7.17500000,6.68800000,6.77300000,11415821.74270000
2024-08-29 22:00:00,6.77300000,6.80100000,6.64500000,6.79100000,4959704.84700000
2024-08-30 02:00:00,6.79100000,6.98800000,6.71100000,6.79100000,9292218.82440000
2024-08-30 06:00:00,6.79100000,6.98800000,6.63500000,6.91200000,11372306.43550000
2024-08-30 10:00:00,6.91200000,7.02500000,6.73200000,6.73200000,8961529.08040000
2024-08-30 14:00:00,6.73200000,6.81400000,6.38200000,6.40200000,15155239.53420000
2024-08-30 18:00:00,6.40200000,6.87800000,6.36500000,6.69000000,13378375.01650000
2024-08-30 22:00:00,6.69000000,6.79200000,6.60200000,6.70900000,5009644.26770000
2024-08-31 02:00:00,6.70900000,6.79300000,6.66800000,6.77200000,4327210.62890000
2024-08-31 06:00:00,6.77200000,6.79200000,6.66600000,6.71800000,4209262.26470000
2024-08-31 10:00:00,6.71800000,6.77900000,6.65400000,6.70800000,3532648.80150000
2024-08-31 14:00:00,6.70800000,6.70900000,6.56900000,6.63600000,3903227.83160000
2024-08-31 18:00:00,6.63600000,6.63800000,6.37800000,6.43900000,7311789.30330000
2024-08-31 22:00:00,6.43900000,6.53300000,6.41800000,6.48400000,3651796.01630000
2024-09-01 02:00:00,6.48400000,6.50800000,6.36900000,6.43300000,3269188.25110000
2024-09-01 06:00:00,6.43300000,6.44700000,6.33200000,6.38800000,3799469.34090000
2024-09-01 10:00:00,6.38800000,6.40000000,6.26900000,6.30800000,3922389.29320000
2024-09-01 14:00:00,6.30800000,6.30900000,6.13600000,6.29200000,6917413.22040000
2024-09-01 18:00:00,6.29200000,6.39800000,6.16500000,6.39100000,5638013.08980000
2024-09-01 22:00:00,6.39100000,6.40000000,6.09600000,6.16200000,5803870.90320000
2024-09-02 02:00:00,6.16200000,6.33900000,6.13400000,6.27300000,4919635.05480000
2024-09-02 06:00:00,6.27300000,6.28900000,6.12200000,6.14700000,3208477.19700000
2024-09-02 10:00:00,6.14700000,6.34400000,6.12200000,6.25400000,5332495.46740000
2024-09-02 14:00:00,6.25400000,6.29900000,6.10800000,6.22400000,3508604.71720000
2024-09-02 18:00:00,6.22400000,6.38300000,6.22200000,6.29000000,2919286.04350000
2024-09-02 22:00:00,6.29000000,6.45600000,6.27700000,6.35300000,2665262.47190000
2024-09-03 02:00:00,6.35300000,6.47200000,6.31100000,6.34900000,2324793.54370000
2024-09-03 06:00:00,6.34900000,6.36800000,6.25500000,6.33800000,2730771.44340000
2024-09-03 10:00:00,6.33800000,6.34900000,6.21800000,6.27900000,2430842.91500000
2024-09-03 14:00:00,6.27900000,6.31400000,6.05700000,6.06800000,4562753.45500000
2024-09-03 18:00:00,6.06800000,6.28700000,6.05000000,6.19600000,3549917.37670000
2024-09-03 22:00:00,6.19600000,6.20700000,6.10700000,6.12800000,1639782.86400000
2024-09-04 02:00:00,6.12800000,6.15900000,5.82200000,6.11300000,5797600.38360000
2024-09-04 06:00:00,6.11300000,6.19400000,6.08000000,6.15200000,2269526.46680000
2024-09-04 10:00:00,6.15200000,6.18400000,6.05500000,6.09900000,2259338.02100000
2024-09-04 14:00:00,6.09900000,6.26000000,6.05500000,6.24800000,3888195.87660000
2024-09-04 18:00:00,6.24800000,6.32600000,6.12800000,6.16900000,2914747.71850000
2024-09-04 22:00:00,6.16900000,6.19400000,6.10900000,6.11900000,1382529.13980000
2024-09-05 02:00:00,6.11900000,6.14000000,5.86800000,5.88300000,2666166.60910000
2024-09-05 06:00:00,5.88300000,5.95900000,5.84500000,5.89100000,3021693.11450000
2024-09-05 10:00:00,5.89100000,5.91700000,5.82700000,5.85300000,2541046.14160000
2024-09-05 14:00:00,5.85300000,5.90500000,5.67200000,5.74900000,6384975.54540000
2024-09-05 18:00:00,5.74900000,5.79600000,5.67500000,5.72600000,3740832.04400000
2024-09-05 22:00:00,5.72600000,5.79300000,5.70300000,5.77200000,1631800.88490000
2024-09-06 02:00:00,5.77200000,5.87600000,5.74400000,5.84100000,1966960.91770000
2024-09-06 06:00:00,5.84100000,5.87200000,5.72600000,5.76500000,2054424.22540000
2024-09-06 10:00:00,5.76500000,5.79700000,5.71000000,5.76000000,1792232.19740000
2024-09-06 14:00:00,5.76000000,5.91200000,5.66300000,5.80000000,4580958.58260000
2024-09-06 18:00:00,5.80000000,5.80600000,5.65900000,5.68200000,2265720.21550000
2024-09-06 22:00:00,5.68200000,5.70700000,5.48100000,5.70400000,2512428.16830000
2024-09-07 02:00:00,5.70400000,5.80400000,5.69400000,5.78100000,1053860.47850000
2024-09-07 06:00:00,5.78100000,5.86400000,5.76900000,5.86000000,1152761.92950000
2024-09-07 10:00:00,5.86000000,5.89300000,5.84800000,5.87400000,899642.07450000
2024-09-07 14:00:00,5.87400000,5.96100000,5.85900000,5.89900000,1395859.81350000
2024-09-07 18:00:00,5.89900000,5.91500000,5.82100000,5.88700000,1301144.97980000
2024-09-07 22:00:00,5.88700000,5.89300000,5.78800000,5.85000000,742472.37620000
2024-09-08 02:00:00,5.85000000,5.90500000,5.79700000,5.90500000,893908.24930000
2024-09-08 06:00:00,5.90500000,6.02400000,5.89200000,6.00700000,1036945.81360000
2024-09-08 10:00:00,6.00700000,6.03700000,5.94100000,5.94100000,1145908.59190000
2024-09-08 14:00:00,5.94100000,5.95600000,5.85400000,5.86400000,1512190.55640000
2024-09-08 18:00:00,5.86400000,5.99400000,5.84200000,5.95100000,1029742.82680000
2024-09-08 22:00:00,5.95100000,6.10700000,5.92900000,6.03600000,1616106.00800000
2024-09-09 02:00:00,6.03600000,6.11900000,6.01300000,6.07600000,1009400.18170000
2024-09-09 06:00:00,6.07600000,6.13000000,6.01700000,6.12500000,764339.33570000
2024-09-09 10:00:00,6.12500000,6.21300000,6.11500000,6.15100000,1345847.84010000
2024-09-09 14:00:00,6.15100000,6.17300000,6.06400000,6.14600000,1106862.50450000
2024-09-09 18:00:00,6.14600000,6.29800000,6.13700000,6.29600000,1474114.72520000
2024-09-09 22:00:00,6.29600000,6.42100000,6.26100000,6.29700000,1168599.38080000
2024-09-10 02:00:00,6.29700000,6.30600000,6.19400000,6.20400000,694106.97790000
2024-09-10 06:00:00,6.20400000,6.22800000,6.15700000,6.20300000,952515.18360000
2024-09-10 10:00:00,6.20300000,6.23200000,6.14400000,6.22300000,1176849.06270000
2024-09-10 14:00:00,6.22300000,6.23700000,6.12300000,6.17000000,1368579.30330000
2024-09-10 18:00:00,6.17000000,6.33400000,6.16800000,6.28600000,905220.90040000
2024-09-10 22:00:00,6.28600000,6.32600000,6.22900000,6.27200000,621853.48830000
2024-09-11 02:00:00,6.27200000,6.30100000,6.13500000,6.14800000,1065800.49450000
2024-09-11 06:00:00,6.14800000,6.14800000,6.01700000,6.13300000,1018977.67620000
2024-09-11 10:00:00,6.13300000,6.14100000,6.04100000,6.09200000,1337897.47920000
2024-09-11 14:00:00,6.09200000,6.21200000,5.95600000,6.07400000,2556768.35280000
2024-09-11 18:00:00,6.07400000,6.15100000,6.05400000,6.09100000,941422.40430000
2024-09-11 22:00:00,6.09100000,6.13200000,6.08000000,6.09000000,473642.46840000
2024-09-12 02:00:00,6.09000000,6.23100000,6.08100000,6.15300000,1015142.48830000
2024-09-12 06:00:00,6.15300000,6.20400000,6.13300000,6.16900000,834255.80150000
2024-09-12 10:00:00,6.16900000,6.18500000,6.12000000,6.13100000,758276.22740000
2024-09-12 14:00:00,6.13100000,6.21700000,6.04000000,6.06400000,1767932.50610000
2024-09-12 18:00:00,6.06400000,6.15500000,6.05600000,6.15200000,1253911.60670000
2024-09-12 22:00:00,6.15200000,6.18700000,6.11000000,6.17400000,653993.54490000
2024-09-13 02:00:00,6.17400000,6.19400000,6.12900000,6.13500000,568218.76130000
2024-09-13 06:00:00,6.13500000,6.15600000,6.09600000,6.14200000,630621.30880000
2024-09-13 10:00:00,6.14200000,6.16800000,6.10700000,6.11800000,616152.53840000
2024-09-13 14:00:00,6.11800000,6.28400000,6.08700000,6.26900000,1820851.88170000
2024-09-13 18:00:00,6.26900000,6.29800000,6.22100000,6.26300000,1249585.28390000
2024-09-13 22:00:00,6.26300000,6.34300000,6.25800000,6.30300000,684601.12110000
2024-09-14 02:00:00,6.30300000,6.35400000,6.27800000,6.34500000,574738.70340000
2024-09-14 06:00:00,6.34500000,6.35600000,6.23900000,6.24900000,670504.68670000
2024-09-14 10:00:00,6.24900000,6.25700000,6.10300000,6.13500000,861306.60570000
2024-09-14 14:00:00,6.13500000,6.16700000,6.10200000,6.12100000,959250.22490000
2024-09-14 18:00:00,6.12100000,6.13700000,5.98300000,6.02000000,2367009.95430000
2024-09-14 22:00:00,6.02000000,6.06200000,6.00600000,6.06000000,970047.36730000
2024-09-15 02:00:00,6.06000000,6.16600000,6.04100000,6.11300000,1519095.30450000
2024-09-15 06:00:00,6.11300000,6.12700000,6.08000000,6.12400000,765119.48170000
2024-09-15 10:00:00,6.12400000,6.13600000,6.08900000,6.11600000,1431732.73050000
2024-09-15 14:00:00,6.11600000,6.15800000,6.07600000,6.13000000,1560606.07560000
2024-09-15 18:00:00,6.13000000,6.14400000,6.02100000,6.06800000,2189115.59380000
2024-09-15 22:00:00,6.06800000,6.09000000,5.81900000,5.87000000,4215220.49300000
2024-09-16 02:00:00,5.87000000,5.88300000,5.74600000,5.76500000,3345179.15380000
2024-09-16 06:00:00,5.76500000,5.84600000,5.72800000,5.83000000,2375199.94750000
2024-09-16 10:00:00,5.83000000,5.87300000,5.75300000,5.77800000,2534576.36020000
2024-09-16 14:00:00,5.77800000,5.78500000,5.65700000,5.71700000,3945738.69340000
2024-09-16 18:00:00,5.71700000,5.80500000,5.69300000,5.73900000,2231074.55170000
2024-09-16 22:00:00,5.73900000,5.75500000,5.67100000,5.73900000,1154294.26180000
2024-09-17 02:00:00,5.73900000,5.76700000,5.68500000,5.75200000,1000029.07230000
2024-09-17 06:00:00,5.75200000,5.87900000,5.75000000,5.85200000,1597475.47400000
2024-09-17 10:00:00,5.85200000,5.90900000,5.83900000,5.86500000,3811015.83980000
2024-09-17 14:00:00,5.86500000,6.00800000,5.83200000,5.98600000,5870202.27800000
2024-09-17 18:00:00,5.98600000,5.99900000,5.87500000,5.91800000,4163373.88380000
2024-09-17 22:00:00,5.91800000,5.95800000,5.90000000,5.93800000,1298009.07580000
2024-09-18 02:00:00,5.93800000,5.98600000,5.86700000,5.95500000,1684687.73530000
2024-09-18 06:00:00,5.95500000,5.96400000,5.89700000,5.93600000,920028.20400000
2024-09-18 10:00:00,5.93600000,5.94000000,5.73600000,5.79800000,3491515.04240000
2024-09-18 14:00:00,5.79800000,5.84600000,5.70500000,5.72500000,2517566.57570000
2024-09-18 18:00:00,5.72500000,6.03200000,5.70000000,5.93700000,6670235.69340000
2024-09-18 22:00:00,5.93700000,6.22700000,5.90000000,6.22500000,4654133.27740000
2024-09-19 02:00:00,6.22500000,6.40900000,6.22500000,6.37200000,5139549.61200000
2024-09-19 06:00:00,6.37200000,6.39600000,6.30200000,6.35900000,2774146.72050000
2024-09-19 10:00:00,6.35900000,6.51100000,6.28400000,6.50800000,5609451.85440000
2024-09-19 14:00:00,6.50800000,6.72100000,6.48600000,6.69900000,7713222.02570000
2024-09-19 18:00:00,6.69900000,6.95400000,6.69400000,6.84900000,10968448.05050000
2024-09-19 22:00:00,6.84900000,6.87800000,6.78400000,6.80800000,3606963.96370000
2024-09-20 02:00:00,6.80800000,6.82400000,6.70700000,6.79900000,3686833.34700000
2024-09-20 06:00:00,6.79900000,7.28400000,6.76600000,7.12800000,10564240.63827000
2024-09-20 10:00:00,7.12800000,7.26310000,7.04800000,7.12590000,6107052.53137000
2024-09-20 14:00:00,7.12590000,7.45010000,7.10310000,7.19390000,10707141.76935000
2024-09-20 18:00:00,7.19390000,7.32510000,7.13120000,7.25260000,5687922.53531000
2024-09-20 22:00:00,7.25260000,7.40810000,7.23000000,7.30470000,3952263.79368000
2024-09-21 02:00:00,7.30470000,7.55360000,7.22810000,7.31400000,6734956.01332000
2024-09-21 06:00:00,7.31400000,7.39190000,7.19150000,7.37730000,3864353.43289000
2024-09-21 10:00:00,7.37730000,7.83420000,7.35710000,7.70010000,15602759.66746000
2024-09-21 14:00:00,7.70010000,8.38120000,7.69790000,8.08120000,26100438.54948000
2024-09-21 18:00:00,8.08120000,8.30770000,8.02840000,8.16210000,12284702.80209000
2024-09-21 22:00:00,8.16210000,8.28200000,8.06400000,8.24610000,6873204.24730000
2024-09-22 02:00:00,8.24610000,8.25110000,7.87900000,7.91040000,9474318.39275000
2024-09-22 06:00:00,7.91040000,7.94460000,7.80760000,7.83410000,5041085.18280000
2024-09-22 10:00:00,7.83410000,7.98240000,7.81410000,7.95460000,8242840.95227000
2024-09-22 14:00:00,7.95460000,8.07290000,7.84890000,7.87800000,9397569.02961000
2024-09-22 18:00:00,7.87800000,8.06810000,7.83600000,8.00780000,5128489.81743000
2024-09-22 22:00:00,8.00780000,8.01820000,7.74450000,7.96390000,6060955.53521000
2024-09-23 02:00:00,7.96390000,8.11660000,7.66760000,7.98030000,9145681.42664000
2024-09-23 06:00:00,7.98030000,8.11100000,7.73700000,7.79890000,6273680.28698000
2024-09-23 10:00:00,7.79890000,7.84240000,7.67280000,7.81040000,6664625.92993000
2024-09-23 14:00:00,7.81040000,7.93900000,7.75300000,7.88400000,5822522.43045000
2024-09-23 18:00:00,7.88400000,7.94780000,7.83100000,7.91360000,3257372.85934000
2024-09-23 22:00:00,7.91360000,7.96840000,7.76320000,7.95400000,3417419.47907000
2024-09-24 02:00:00,7.95400000,7.95410000,7.71440000,7.92120000,5534149.62401000
2024-09-24 06:00:00,7.92120000,7.94400000,7.78540000,7.84480000,4412907.90713000
2024-09-24 10:00:00,7.84480000,8.05900000,7.80120000,7.98720000,9701039.93582000
2024-09-24 14:00:00,7.98720000,8.09400000,7.68680000,7.80280000,11558618.38201000
2024-09-24 18:00:00,7.80280000,8.27570000,7.80310000,8.19280000,10931300.74793000
2024-09-24 22:00:00,8.19280000,8.38830000,8.12140000,8.15550000,7289134.75884000
2024-09-25 02:00:00,8.15550000,8.46670000,8.06080000,8.24230000,8067645.27908000
2024-09-25 06:00:00,8.24230000,8.27650000,8.01860000,8.18630000,7267215.24976000
2024-09-25 10:00:00,8.18630000,8.30290000,8.16070000,8.23680000,6142462.47137000
2024-09-25 14:00:00,8.23680000,8.25600000,7.96560000,8.00670000,7447579.44060000
2024-09-25 18:00:00,8.00670000,8.10760000,7.93520000,8.01050000,4547318.97129000
2024-09-25 22:00:00,8.01050000,8.08760000,7.94020000,8.01220000,2871119.87780000
2024-09-26 02:00:00,8.01220000,8.19650000,7.86340000,8.18500000,6523159.26596000
2024-09-26 06:00:00,8.18500000,8.63570000,8.16680000,8.40160000,13871797.43520000
2024-09-26 10:00:00,8.40160000,8.42460000,8.24910000,8.27900000,8333142.65655000
2024-09-26 14:00:00,8.27900000,8.39410000,8.19190000,8.29660000,9490072.74421000
2024-09-26 18:00:00,8.29660000,8.36280000,8.04150000,8.15010000,9420314.07551000
2024-09-26 22:00:00,8.15010000,8.17890000,8.00090000,8.06240000,4497285.54294000
2024-09-27 02:00:00,8.06240000,8.27880000,8.03100000,8.26430000,4206842.32252000
2024-09-27 06:00:00,8.26430000,8.47360000,8.21280000,8.24750000,7020360.18225000
2024-09-27 10:00:00,8.24750000,8.28440000,8.07130000,8.16200000,6289131.90402000
2024-09-27 14:00:00,8.16200000,8.29890000,8.06640000,8.29420000,8300390.88866000
2024-09-27 18:00:00,8.29420000,8.37080000,8.18800000,8.31900000,6108754.34644000
2024-09-27 22:00:00,8.31900000,8.58740000,8.31230000,8.50220000,5823817.57855000
2024-09-28 02:00:00,8.50220000,8.54490000,8.28120000,8.31750000,4952773.61112000
2024-09-28 06:00:00,8.31750000,8.34670000,8.13150000,8.15190000,4077043.40004000
2024-09-28 10:00:00,8.15190000,8.19170000,7.96330000,8.13870000,6084529.52536000
2024-09-28 14:00:00,8.13870000,8.13990000,8.00360000,8.09470000,4567671.16125000
2024-09-28 18:00:00,8.09470000,8.14070000,8.04210000,8.05460000,2405271.96114000
2024-09-28 22:00:00,8.05460000,8.08540000,7.93230000,8.06280000,3361544.08602000
2024-09-29 02:00:00,8.06280000,8.09850000,7.97170000,8.04600000,3032826.23261000
2024-09-29 06:00:00,8.04600000,8.05000000,7.82030000,7.84420000,4090839.52035000
2024-09-29 10:00:00,7.84420000,7.93890000,7.75470000,7.93890000,3523892.10023000
2024-09-29 14:00:00,7.93890000,8.10670000,7.80370000,8.02820000,5421557.22580000
2024-09-29 18:00:00,8.02820000,8.29430000,8.00010000,8.22930000,5617334.61897000
2024-09-29 22:00:00,8.22930000,8.24990000,8.03020000,8.07760000,3482054.39125000
2024-09-30 02:00:00,8.07760000,8.11990000,7.85010000,7.93900000,6162291.43257000
2024-09-30 06:00:00,7.93900000,8.08540000,7.86510000,8.06370000,4004826.12142000
2024-09-30 10:00:00,8.06370000,8.07800000,7.75720000,7.90670000,6228037.81904000
2024-09-30 14:00:00,7.90670000,7.98670000,7.82300000,7.84010000,5206878.56142000
2024-09-30 18:00:00,7.84010000,7.95280000,7.80620000,7.88120000,4531199.24650000
2024-09-30 22:00:00,7.88120000,7.95360000,7.57500000,7.66950000,4984702.16789000
2024-10-01 02:00:00,7.66950000,7.98890000,7.61160000,7.95750000,4795770.10725000
2024-10-01 06:00:00,7.95750000,8.29080000,7.94300000,8.18840000,8477818.76300000
2024-10-01 10:00:00,8.18840000,8.37380000,8.15970000,8.25560000,6516828.45333000
2024-10-01 14:00:00,8.25560000,8.32220000,7.55980000,7.98120000,18278849.70961000
2024-10-01 18:00:00,7.98120000,8.06560000,7.23500000,7.57820000,20121602.09221000
2024-10-01 22:00:00,7.57820000,7.72670000,7.40540000,7.54950000,7733560.02342000
2024-10-02 02:00:00,7.54950000,7.70380000,7.46950000,7.61690000,4992966.70556000
2024-10-02 06:00:00,7.61690000,7.97700000,7.52530000,7.80480000,7888789.48919000
2024-10-02 10:00:00,7.80480000,7.87820000,7.49070000,7.60380000,7654458.68980000
2024-10-02 14:00:00,7.60380000,7.90880000,7.49060000,7.77640000,12192821.29021000
2024-10-02 18:00:00,7.77640000,7.89240000,7.47220000,7.61160000,12137896.00051000
2024-10-02 22:00:00,7.61160000,7.87590000,7.55430000,7.78710000,7217939.13633000
2024-10-03 02:00:00,7.78710000,8.23140000,7.62240000,8.19030000,12566465.16315000
2024-10-03 06:00:00,8.19030000,8.35980000,8.05360000,8.14310000,15136545.54159000
2024-10-03 10:00:00,8.14310000,8.53200000,7.88890000,8.36150000,29641780.08295000
2024-10-03 14:00:00,8.36150000,8.72300000,8.13180000,8.36420000,54821650.69515000
2024-10-03 18:00:00,8.36420000,8.37970000,8.08190000,8.37230000,26506504.17104000
2024-10-03 22:00:00,8.37230000,8.57960000,8.28560000,8.55550000,17967565.29353000
2024-10-04 02:00:00,8.55550000,8.62400000,8.18810000,8.25890000,15539194.21440000
2024-10-04 06:00:00,8.25890000,8.66640000,8.25070000,8.61780000,19232003.07430000
2024-10-04 10:00:00,8.61780000,9.04720000,8.59020000,8.88970000,29733383.42343000
2024-10-04 14:00:00,8.88970000,9.29740000,8.72770000,9.25760000,30215098.28515000
2024-10-04 18:00:00,9.25760000,9.28330000,9.08050000,9.14910000,15021181.67126000
2024-10-04 22:00:00,9.14910000,9.16000000,9.04320000,9.08960000,6879844.94303000
2024-10-05 02:00:00,9.08960000,9.11790000,8.88120000,8.99560000,9580170.39012000
2024-10-05 06:00:00,8.99560000,9.21050000,8.89610000,9.03840000,14306667.05869000
2024-10-05 10:00:00,9.03840000,9.09190000,8.86730000,8.91170000,8615830.92839000
2024-10-05 14:00:00,8.91170000,9.12670000,8.91170000,8.93350000,9661775.12112000
2024-10-05 18:00:00,8.93350000,8.94860000,8.73750000,8.75360000,9583728.30362000
2024-10-05 22:00:00,8.75360000,8.75300000,8.58920000,8.60100000,8509125.56069000
2024-10-06 02:00:00,8.60100000,8.83940000,8.58990000,8.70970000,7823593.93744000
2024-10-06 06:00:00,8.70970000,8.81490000,8.64100000,8.73480000,5354548.73492000
2024-10-06 10:00:00,8.73480000,8.85490000,8.56120000,8.58640000,7166336.98500000
2024-10-06 14:00:00,8.58640000,8.99590000,8.55090000,8.73930000,12475884.46563000
2024-10-06 18:00:00,8.73930000,8.82040000,8.49280000,8.50650000,9483033.00698000
2024-10-06 22:00:00,8.50650000,8.71150000,8.48290000,8.69910000,5793180.22843000
2024-10-07 02:00:00,8.69910000,9.11940000,8.66060000,8.79800000,14439135.38688000
2024-10-07 06:00:00,8.79800000,8.90100000,8.72040000,8.74080000,6587944.06911000
2024-10-07 10:00:00,8.74080000,8.98630000,8.50320000,8.61940000,15796209.25928000
2024-10-07 14:00:00,8.61940000,8.82580000,8.42760000,8.60430000,18778065.52203000
2024-10-07 18:00:00,8.60430000,9.32450000,8.55540000,9.01970000,28650492.50002000
2024-10-07 22:00:00,9.01970000,9.05390000,8.64020000,8.67460000,9687869.19943000
2024-10-08 02:00:00,8.67460000,9.14910000,8.67460000,9.05300000,10896522.21306000
2024-10-08 06:00:00,9.05300000,9.12350000,8.82330000,8.94480000,12653040.99961000
2024-10-08 10:00:00,8.94480000,9.25200000,8.88520000,9.20550000,13601629.65352000
2024-10-08 14:00:00,9.20550000,9.23320000,8.78360000,9.11330000,24052543.76313000
2024-10-08 18:00:00,9.11330000,9.48940000,9.00820000,9.36180000,26164304.28118000
2024-10-08 22:00:00,9.36180000,9.55000000,9.27520000,9.32630000,11876209.25820000
2024-10-09 02:00:00,9.32630000,9.45450000,9.15040000,9.25020000,10229091.60228000
2024-10-09 06:00:00,9.25020000,9.39880000,9.15260000,9.19990000,10180261.07240000
2024-10-09 10:00:00,9.19990000,9.24000000,9.05080000,9.12410000,8618121.52668000
2024-10-09 14:00:00,9.12410000,9.29100000,9.05000000,9.17190000,15188656.78443000
2024-10-09 18:00:00,9.17190000,9.19360000,8.83770000,8.84590000,11445747.06268000
2024-10-09 22:00:00,8.84590000,8.84890000,8.50600000,8.55410000,12820995.93139000
2024-10-10 02:00:00,8.55410000,8.55640000,8.36730000,8.45050000,8065955.21971000
2024-10-10 06:00:00,8.45050000,8.50990000,8.28990000,8.29750000,7041478.27163000
2024-10-10 10:00:00,8.29750000,8.35470000,8.11200000,8.31860000,11626168.94843000
2024-10-10 14:00:00,8.31860000,8.35330000,8.00880000,8.06520000,12763180.06284000
2024-10-10 18:00:00,8.06520000,8.12850000,7.86270000,8.09600000,12421510.39366000
2024-10-10 22:00:00,8.09600000,8.18140000,8.06490000,8.10280000,4636642.26855000
2024-10-11 02:00:00,8.10280000,8.14100000,8.01710000,8.02690000,4118404.05086000
2024-10-11 06:00:00,8.02690000,8.11370000,7.94630000,8.07590000,4931647.32998000
2024-10-11 10:00:00,8.07590000,8.32700000,8.06970000,8.27690000,8052983.33886000
2024-10-11 14:00:00,8.27690000,8.48740000,8.22500000,8.48170000,11367188.82660000
2024-10-11 18:00:00,8.48170000,8.49990000,8.30010000,8.38890000,7407984.66619000
2024-10-11 22:00:00,8.38890000,8.59860000,8.37120000,8.51040000,6545627.44042000
2024-10-12 02:00:00,8.51040000,8.55720000,8.40540000,8.48490000,4447628.63478000
2024-10-12 06:00:00,8.48490000,8.57690000,8.42760000,8.48130000,3662293.37896000
2024-10-12 10:00:00,8.48130000,8.68620000,8.45710000,8.62820000,6539763.33837000
2024-10-12 14:00:00,8.62820000,9.27990000,8.55760000,9.15990000,19514431.42030000
2024-10-12 18:00:00,9.15990000,9.70260000,9.15990000,9.59200000,27754397.95835000
2024-10-12 22:00:00,9.59200000,9.96290000,9.56330000,9.93520000,14249664.02656000
2024-10-13 02:00:00,9.93520000,10.21570000,9.80910000,10.06810000,26302938.90037000
2024-10-13 06:00:00,10.06810000,10.41500000,10.05270000,10.11170000,32871547.46463000
2024-10-13 10:00:00,10.11170000,10.16390000,9.87890000,9.97920000,25287780.94843000
2024-10-13 14:00:00,9.97920000,10.14920000,9.73600000,9.82000000,24831812.50351000
2024-10-13 18:00:00,9.82000000,9.98920000,9.67830000,9.87840000,22215939.11591000
2024-10-13 22:00:00,9.87840000,10.34940000,9.84930000,10.18960000,15794760.81497000
2024-10-14 02:00:00,10.18960000,10.45360000,9.90000000,10.14240000,24678235.56941000
2024-10-14 06:00:00,10.14240000,10.22540000,9.97650000,10.01710000,12869646.24830000
2024-10-14 10:00:00,10.01710000,10.30340000,9.93770000,10.18420000,14723514.38516000
2024-10-14 14:00:00,10.18420000,10.30090000,9.97800000,10.01870000,15371795.78333000
2024-10-14 18:00:00,10.01870000,10.17260000,9.95060000,10.08210000,8626897.00385000
2024-10-14 22:00:00,10.08210000,10.28390000,10.04130000,10.17760000,8921837.35680000
2024-10-15 02:00:00,10.17760000,10.56610000,9.95600000,10.27370000,19577354.22239000
2024-10-15 06:00:00,10.27370000,10.43500000,10.06640000,10.25430000,14602217.81119000
2024-10-15 10:00:00,10.25430000,10.68380000,10.00840000,10.09500000,24935598.99931000
2024-10-15 14:00:00,10.09500000,10.60660000,10.04440000,10.29600000,35780531.58463000
2024-10-15 18:00:00,10.29600000,10.74180000,10.29630000,10.47150000,18572302.42286000
2024-10-15 22:00:00,10.47150000,10.57220000,10.17640000,10.46170000,11806578.55400000
2024-10-16 02:00:00,10.46170000,10.47630000,10.21000000,10.25950000,10095981.56680000
2024-10-16 06:00:00,10.25950000,10.39400000,10.11870000,10.20630000,13602924.17600000
2024-10-16 10:00:00,10.20630000,10.38670000,10.00450000,10.00520000,14702701.21026000
2024-10-16 14:00:00,10.00520000,10.07670000,9.75680000,9.79310000,16797924.39587000
2024-10-16 18:00:00,9.79310000,9.93080000,9.69850000,9.82400000,7654911.33772000
2024-10-16 22:00:00,9.82400000,10.22690000,9.81760000,10.03690000,14206645.61442000
2024-10-17 02:00:00,10.03690000,10.15950000,9.95750000,10.05090000,6339315.47185000
2024-10-17 06:00:00,10.05090000,10.28790000,9.97360000,10.11350000,12680559.98536000
2024-10-17 10:00:00,10.11350000,10.14690000,9.85210000,9.87280000,10419787.38262000
2024-10-17 14:00:00,9.87280000,10.19670000,9.87100000,10.06420000,13188664.77204000
2024-10-17 18:00:00,10.06420000,10.12300000,9.73250000,9.90460000,11043958.69372000
2024-10-17 22:00:00,9.90460000,9.98470000,9.87210000,9.93890000,3910590.15173000
2024-10-18 02:00:00,9.93890000,10.02920000,9.80570000,9.81240000,8558621.58920000
2024-10-18 06:00:00,9.81240000,10.01810000,9.76410000,10.00560000,7455743.53785000
2024-10-18 10:00:00,10.00560000,10.02920000,9.79850000,9.83820000,10914498.59270000
2024-10-18 14:00:00,9.83820000,10.00000000,9.82210000,9.92700000,8691859.28584000
2024-10-18 18:00:00,9.92700000,10.19000000,9.85210000,9.97700000,10179207.83995000
2024-10-18 22:00:00,9.97700000,10.06610000,9.94230000,10.01960000,3995140.39700000
2024-10-19 02:00:00,10.01960000,10.02170000,9.84650000,9.91940000,5478491.73824000
2024-10-19 06:00:00,9.91940000,9.93770000,9.79580000,9.82490000,6751871.25930000
2024-10-19 10:00:00,9.82490000,9.85680000,9.72010000,9.74940000,6074543.60221000
2024-10-19 14:00:00,9.74940000,9.80800000,9.63700000,9.75090000,8471074.68042000
2024-10-19 18:00:00,9.75090000,9.77730000,9.65690000,9.72930000,3624232.86112000
2024-10-19 22:00:00,9.72930000,9.78650000,9.68460000,9.71780000,2652493.22871000
2024-10-20 02:00:00,9.71780000,9.79120000,9.69670000,9.75330000,3921159.06095000
2024-10-20 06:00:00,9.75330000,9.85440000,9.69110000,9.77810000,4897743.20546000
2024-10-20 10:00:00,9.77810000,9.99280000,9.70090000,9.96950000,7545293.91222000
2024-10-20 14:00:00,9.96950000,10.19530000,9.85140000,10.14340000,14392886.69081000
2024-10-20 18:00:00,10.14340000,10.17360000,9.82320000,9.82870000,8045952.69043000
2024-10-20 22:00:00,9.82870000,10.09690000,9.82870000,9.99680000,7233470.40121000
2024-10-21 02:00:00,9.99680000,10.03970000,9.86000000,9.98050000,6387004.96092000
2024-10-21 06:00:00,9.98050000,10.29910000,9.94750000,10.14970000,9375398.48639000
2024-10-21 10:00:00,10.14970000,10.29540000,9.92950000,9.98000000,10815144.30304000
2024-10-21 14:00:00,9.98000000,10.12590000,9.81020000,10.12090000,14548635.03135000
2024-10-21 18:00:00,10.12090000,10.24010000,9.96210000,10.04990000,10682345.26794000
2024-10-21 22:00:00,10.04990000,10.31280000,10.03830000,10.10160000,7164453.12027000
2024-10-22 02:00:00,10.10160000,11.23410000,10.01310000,11.14730000,37331365.51280000
2024-10-22 06:00:00,11.14730000,11.18320000,10.76360000,11.04030000,33788896.43467000
2024-10-22 10:00:00,11.04030000,11.13770000,10.77920000,10.90450000,29160060.90158000
2024-10-22 14:00:00,10.90450000,11.08650000,10.43160000,10.45600000,33287014.57185000
2024-10-22 18:00:00,10.45600000,10.46350000,10.13790000,10.28210000,16746120.21493000
2024-10-22 22:00:00,10.28210000,10.42190000,10.25110000,10.39520000,6026250.94082000
2024-10-23 02:00:00,10.39520000,10.63560000,10.23280000,10.51570000,11214879.37416000
2024-10-23 06:00:00,10.51570000,10.62060000,10.38430000,10.45210000,12089943.72078000
2024-10-23 10:00:00,10.45210000,10.45600000,9.87120000,9.91780000,19727596.26088000
2024-10-23 14:00:00,9.91780000,10.00620000,9.78760000,9.90970000,17287960.70937000
2024-10-23 18:00:00,9.90970000,10.02260000,9.64250000,9.82510000,17024413.25663000
2024-10-23 22:00:00,9.82510000,10.06070000,9.81010000,9.92550000,7078530.97670000
2024-10-24 02:00:00,9.92550000,10.10400000,9.81120000,10.07760000,13287648.95683000
2024-10-24 06:00:00,10.07760000,10.28840000,9.98530000,10.10950000,13182860.42534000
2024-10-24 10:00:00,10.10950000,10.21240000,9.89850000,9.92790000,11204553.99713000
2024-10-24 14:00:00,9.92790000,10.40710000,9.90600000,10.23950000,22481650.20673000
2024-10-24 18:00:00,10.23950000,10.32450000,10.16000000,10.26170000,6765546.30380000
2024-10-24 22:00:00,10.26170000,10.43620000,10.16980000,10.18470000,6676364.81389000
2024-10-25 02:00:00,10.18470000,10.23790000,10.00300000,10.01890000,11222190.00861000
2024-10-25 06:00:00,10.01890000,10.06000000,9.76810000,9.96700000,13270096.57286000
2024-10-25 10:00:00,9.96700000,10.03340000,9.85330000,9.98250000,8295663.52332000
2024-10-25 14:00:00,9.98250000,10.04670000,9.77210000,9.82550000,9424012.03398000
2024-10-25 18:00:00,9.82550000,9.87560000,9.30730000,9.43190000,22331689.60297000
2024-10-25 22:00:00,9.43190000,9.49960000,8.44660000,8.93860000,21530103.72364000
2024-10-26 02:00:00,8.93860000,8.94040000,8.70570000,8.88740000,14157994.18640000
2024-10-26 06:00:00,8.88740000,9.16330000,8.81510000,9.11200000,9233354.38552000
2024-10-26 10:00:00,9.11200000,9.31950000,9.10320000,9.24860000,7857393.59321000
2024-10-26 14:00:00,9.24860000,9.26970000,8.91040000,9.02050000,10144569.62878000
2024-10-26 18:00:00,9.02050000,9.30630000,8.96040000,9.25130000,6687997.68924000
2024-10-26 22:00:00,9.25130000,9.31810000,9.21660000,9.30080000,3810154.86349000
2024-10-27 02:00:00,9.30080000,9.38000000,9.21820000,9.35320000,5533629.92527000
2024-10-27 05:00:00,9.35320000,9.35820000,9.09740000,9.17300000,6204548.14918000
2024-10-27 09:00:00,9.17300000,9.24670000,9.10180000,9.18800000,6226877.66805000
2024-10-27 13:00:00,9.18800000,9.30730000,9.15350000,9.22000000,7328724.80967000
2024-10-27 17:00:00,9.22000000,9.26020000,9.06720000,9.09830000,5076462.54170000
2024-10-27 21:00:00,9.09830000,9.26780000,9.07950000,9.20180000,4496892.16871000
2024-10-28 01:00:00,9.20180000,9.20370000,8.70550000,8.72380000,10292697.85769000
2024-10-28 05:00:00,8.72380000,9.17530000,8.70510000,9.10080000,11063391.48075000
2024-10-28 09:00:00,9.10080000,9.26530000,8.96770000,9.00190000,12764732.47364000
2024-10-28 13:00:00,9.00190000,9.09310000,8.81650000,8.85960000,10519516.27609000
2024-10-28 17:00:00,8.85960000,9.11470000,8.73250000,9.00930000,8927038.14646000
2024-10-28 21:00:00,9.00930000,9.30310000,9.00770000,9.21280000,8429149.44219000
2024-10-29 01:00:00,9.21280000,9.81920000,9.19360000,9.77530000,18015176.25013000
2024-10-29 05:00:00,9.77530000,9.84220000,9.50430000,9.63280000,13160774.59737000
2024-10-29 09:00:00,9.63280000,9.79530000,9.53650000,9.78690000,15447139.15088000
2024-10-29 13:00:00,9.78690000,10.19200000,9.78080000,9.95790000,25455353.98831000
2024-10-29 17:00:00,9.95790000,10.11100000,9.83430000,9.86590000,15827689.14582000
2024-10-29 21:00:00,9.86590000,10.09880000,9.73330000,10.04610000,10385847.40969000
2024-10-30 01:00:00,10.04610000,10.22240000,10.00000000,10.10860000,14121973.93237000
2024-10-30 05:00:00,10.10860000,10.14880000,9.94520000,9.95180000,7864403.98320000
2024-10-30 09:00:00,9.95180000,9.99790000,9.75620000,9.78590000,7261297.53459000
2024-10-30 13:00:00,9.78590000,9.97100000,9.67520000,9.73680000,14178544.51763000
2024-10-30 17:00:00,9.73680000,9.83640000,9.71450000,9.73680000,4603721.75249000
2024-10-30 21:00:00,9.73680000,9.90070000,9.68000000,9.79470000,6191752.24763000
2024-10-31 01:00:00,9.79470000,9.80860000,9.63010000,9.66890000,5210955.30068000
2024-10-31 05:00:00,9.66890000,9.73390000,9.59130000,9.63160000,5507623.54297000
2024-10-31 09:00:00,9.63160000,9.63410000,9.39150000,9.42510000,13969647.74005000
2024-10-31 13:00:00,9.42510000,9.47290000,9.20860000,9.46870000,17723229.75031000
2024-10-31 17:00:00,9.46870000,9.46770000,9.13070000,9.14960000,9801205.90021000
2024-10-31 21:00:00,9.14960000,9.24300000,9.08160000,9.09170000,7949702.36632000
2024-11-01 01:00:00,9.09170000,9.18560000,8.94240000,9.04090000,8815242.71492000
2024-11-01 05:00:00,9.04090000,9.07510000,8.79640000,8.84100000,8399633.86461000
2024-11-01 09:00:00,8.84100000,9.04870000,8.81890000,8.99630000,8685782.71784000
2024-11-01 13:00:00,8.99630000,9.29730000,8.67540000,8.73380000,23280534.69275000
2024-11-01 17:00:00,8.73380000,9.00510000,8.71240000,8.92880000,13799257.99929000
2024-11-01 21:00:00,8.92880000,8.95060000,8.73460000,8.93180000,5788972.58185000
2024-11-02 01:00:00,8.93180000,8.96320000,8.82840000,8.84380000,4572469.25936000
2024-11-02 05:00:00,8.84380000,8.86820000,8.76900000,8.81870000,4381812.24847000
2024-11-02 09:00:00,8.81870000,8.82160000,8.68260000,8.69440000,7046821.60806000
2024-11-02 13:00:00,8.69440000,8.71840000,8.56630000,8.64180000,10369270.36803000
2024-11-02 17:00:00,8.64180000,8.71300000,8.53200000,8.57630000,5677325.35730000
2024-11-02 21:00:00,8.57630000,8.65170000,8.55500000,8.63090000,3492266.70339000
2024-11-03 01:00:00,8.63090000,8.65700000,8.08850000,8.21080000,16173588.18114000
2024-11-03 05:00:00,8.21080000,8.33670000,8.16420000,8.26490000,7142478.11141000
2024-11-03 09:00:00,8.26490000,8.26860000,8.05160000,8.05900000,7895161.15017000
2024-11-03 13:00:00,8.05900000,8.11490000,7.84430000,7.96980000,18564383.21129000
2024-11-03 17:00:00,7.96980000,8.09540000,7.87690000,8.08460000,12097861.21669000
2024-11-03 21:00:00,8.08460000,8.25760000,8.05260000,8.19080000,8790185.38734000
2024-11-04 01:00:00,8.19080000,8.34920000,8.09140000,8.23280000,12766694.47188000
2024-11-04 05:00:00,8.23280000,8.33690000,8.12400000,8.13190000,10418764.83097000
2024-11-04 09:00:00,8.13190000,8.31990000,8.05710000,8.26080000,11111294.70744000
2024-11-04 13:00:00,8.26080000,8.33490000,8.07300000,8.12100000,12405706.95410000
2024-11-04 17:00:00,8.12100000,8.14710000,7.97890000,8.08730000,10077596.95413000
2024-11-04 21:00:00,8.08730000,8.08990000,7.73450000,8.05880000,15972699.11538000
2024-11-05 01:00:00,8.05880000,8.18830000,8.04040000,8.17670000,8709731.12799000
2024-11-05 05:00:00,8.17670000,8.23560000,8.14050000,8.21200000,9458965.59720000
2024-11-05 09:00:00,8.21200000,8.27620000,8.15710000,8.25090000,11492419.85904000
2024-11-05 13:00:00,8.25090000,8.62770000,8.22650000,8.51640000,23063502.58305000
2024-11-05 17:00:00,8.51640000,8.63800000,8.30420000,8.34390000,17898908.05580000
2024-11-05 21:00:00,8.34390000,8.53790000,8.31190000,8.46070000,10737517.46105000
2024-11-06 01:00:00,8.46070000,9.23190000,8.44760000,9.18850000,24858939.49430000
2024-11-06 05:00:00,9.18850000,9.47000000,9.08370000,9.23370000,33354086.39651000
2024-11-06 09:00:00,9.23370000,9.44870000,9.02230000,9.34900000,19244420.88818000
2024-11-06 13:00:00,9.34900000,9.38070000,9.16370000,9.24760000,14099675.57852000
2024-11-06 17:00:00,9.24760000,9.36490000,9.16700000,9.33840000,10177915.58237000
2024-11-06 21:00:00,9.33840000,9.72990000,9.30620000,9.56470000,13970002.38478000
2024-11-07 01:00:00,9.56470000,9.84960000,9.47010000,9.71560000,23017021.79620000
2024-11-07 05:00:00,9.71560000,9.80220000,9.43880000,9.55280000,21527783.55106000
2024-11-07 09:00:00,9.55280000,9.89820000,9.53910000,9.78680000,20812687.24332000
2024-11-07 13:00:00,9.78680000,9.96440000,9.51320000,9.82960000,30396121.19666000
2024-11-07 17:00:00,9.82960000,9.87040000,9.61620000,9.80070000,19842047.52672000
2024-11-07 21:00:00,9.80070000,9.90340000,9.66170000,9.82700000,15324809.29713000
2024-11-08 01:00:00,9.82700000,10.11750000,9.47640000,9.55260000,31989225.97136000
2024-11-08 05:00:00,9.55260000,9.78710000,9.53890000,9.71870000,18230580.89439000
2024-11-08 09:00:00,9.71870000,9.75340000,9.55750000,9.68840000,13038683.91424000
2024-11-08 13:00:00,9.68840000,9.82470000,9.59520000,9.66210000,18947850.33965000
2024-11-08 17:00:00,9.66210000,9.76480000,9.42830000,9.68810000,24389858.26896000
2024-11-08 21:00:00,9.68810000,9.80160000,9.52630000,9.72480000,13130689.70961000
2024-11-09 01:00:00,9.72480000,9.80900000,9.55470000,9.57480000,11313454.58208000
2024-11-09 05:00:00,9.57480000,9.99300000,9.57580000,9.86800000,28139676.78154000
2024-11-09 09:00:00,9.86800000,10.05050000,9.86380000,9.92300000,18401022.21169000
2024-11-09 13:00:00,9.92300000,9.95810000,9.64230000,9.75080000,17861532.85238000
2024-11-09 17:00:00,9.75080000,9.91640000,9.61320000,9.85890000,15344449.31370000
2024-11-09 21:00:00,9.85890000,10.59940000,9.82010000,10.44280000,37436657.57579000
2024-11-10 01:00:00,10.44280000,10.73390000,10.20400000,10.72990000,26175024.93372000
2024-11-10 05:00:00,10.72990000,11.38190000,10.67000000,11.06270000,61007083.77732000
2024-11-10 09:00:00,11.06270000,11.52270000,11.02920000,11.30980000,50187807.82873000
2024-11-10 13:00:00,11.30980000,11.34470000,10.73540000,10.92030000,50623959.93971000
2024-11-10 17:00:00,10.92030000,11.18660000,10.80010000,10.96710000,40225627.31128000
2024-11-10 21:00:00,10.96710000,11.05190000,10.24390000,10.91350000,45635127.63011000
2024-11-11 01:00:00,10.91350000,11.45790000,10.85500000,11.41050000,32929217.43105000
2024-11-11 05:00:00,11.41050000,11.42810000,10.56660000,10.82800000,48532474.69535000
2024-11-11 09:00:00,10.82800000,11.39870000,10.67980000,11.39630000,34351665.95124000
2024-11-11 13:00:00,11.39630000,12.10170000,11.11730000,11.88850000,98581962.07723001
2024-11-11 17:00:00,11.88850000,12.63970000,11.84160000,12.23190000,74494298.38202000
2024-11-11 21:00:00,12.23190000,14.11800000,12.11440000,13.73460000,129073192.68927000
2024-11-12 01:00:00,13.73460000,13.77360000,12.38650000,12.84300000,114528168.54616000
2024-11-12 05:00:00,12.84300000,13.22470000,12.64490000,12.80980000,72964451.23047000
2024-11-12 09:00:00,12.80980000,13.21930000,11.55930000,12.25170000,129744137.22062001
2024-11-12 13:00:00,12.25170000,12.61910000,11.99910000,12.48090000,78818416.41732000
2024-11-12 17:00:00,12.48090000,12.53990000,12.13880000,12.36330000,43487921.89256000
2024-11-12 21:00:00,12.36330000,12.56260000,12.08610000,12.36610000,33514758.33516000
2024-11-13 01:00:00,12.36610000,12.48560000,11.53450000,11.54600000,43477072.72203000
2024-11-13 05:00:00,11.54600000,11.93270000,11.22100000,11.88530000,67537082.89410000
2024-11-13 09:00:00,11.88530000,12.37730000,11.70650000,12.21590000,43951898.01658000
2024-11-13 13:00:00,12.21590000,13.00190000,11.61430000,12.61070000,140521766.37232000
2024-11-13 17:00:00,12.61070000,12.65020000,11.68630000,11.75010000,60062072.80314000
2024-11-13 21:00:00,11.75010000,11.85410000,11.39220000,11.72970000,39515830.72187000
2024-11-14 01:00:00,11.72970000,11.75100000,11.34100000,11.70200000,32825389.17628000
2024-11-14 05:00:00,11.70200000,12.35150000,11.60550000,12.01950000,51354358.70918000
2024-11-14 09:00:00,12.01950000,12.08420000,11.50060000,11.70900000,34261711.47864000
2024-11-14 13:00:00,11.70900000,11.80140000,11.09030000,11.52840000,57217041.87944000
2024-11-14 17:00:00,11.52840000,11.66410000,11.36890000,11.54410000,29962746.30914000
2024-11-14 21:00:00,11.54410000,11.56080000,11.01130000,11.24370000,36375817.07585000
2024-11-15 01:00:00,11.24370000,11.51070000,11.02320000,11.47740000,24534597.13289000
2024-11-15 05:00:00,11.47740000,11.82380000,11.15080000,11.68850000,43463264.28527000
2024-11-15 09:00:00,11.68850000,12.13460000,11.56320000,12.01510000,31621085.84797000
2024-11-15 13:00:00,12.01510000,12.22190000,11.34560000,11.50480000,49770254.69842000
2024-11-15 17:00:00,11.50480000,11.76890000,11.44910000,11.61130000,28433799.12442000
2024-11-15 21:00:00,11.61130000,11.98980000,11.58090000,11.87580000,21666845.96937000
2024-11-16 01:00:00,11.87580000,12.52710000,11.73620000,12.51710000,31887028.18453000
2024-11-16 05:00:00,12.51710000,12.52870000,12.10480000,12.15900000,29703801.74913000
2024-11-16 09:00:00,12.15900000,12.75780000,12.08120000,12.48080000,35876168.54924000
2024-11-16 13:00:00,12.48080000,12.54410000,11.83060000,11.94770000,39993519.49694000
2024-11-16 17:00:00,11.94770000,12.53780000,11.85400000,12.38170000,31094271.70021000
2024-11-16 21:00:00,12.38170000,12.47930000,12.16670000,12.31260000,21292450.66297000
2024-11-17 01:00:00,12.31260000,12.47160000,11.56470000,11.91710000,35724429.55132000
2024-11-17 05:00:00,11.91710000,12.66000000,11.71610000,12.51170000,36604294.15930000
2024-11-17 09:00:00,12.51170000,12.71890000,12.28320000,12.28680000,35175525.53054000
2024-11-17 13:00:00,12.28680000,12.65230000,12.09250000,12.15550000,30768596.69640000
2024-11-17 17:00:00,12.15550000,12.20670000,11.69420000,11.80560000,21253943.16272000
2024-11-17 21:00:00,11.80560000,11.90450000,11.51690000,11.78690000,19855472.11453000
2024-11-18 01:00:00,11.78690000,12.16370000,11.70720000,12.13440000,19988946.59643000
2024-11-18 05:00:00,12.13440000,12.24980000,11.84820000,12.09880000,22950622.19445000
2024-11-18 09:00:00,12.09880000,12.13320000,11.65970000,11.77500000,21299679.50516000
2024-11-18 13:00:00,11.77500000,12.11460000,11.61840000,12.04210000,26897463.65289000
2024-11-18 17:00:00,12.04210000,12.28130000,11.54840000,11.74260000,32961312.08048000
2024-11-18 21:00:00,11.74260000,12.13100000,11.67850000,12.05560000,24039035.98808000
2024-11-19 01:00:00,12.05560000,12.34590000,11.86400000,11.88250000,20954244.43787000
2024-11-19 05:00:00,11.88250000,11.91260000,11.69640000,11.71500000,16440913.05637000
2024-11-19 09:00:00,11.71500000,11.81640000,11.60090000,11.80090000,14575741.18488000
2024-11-19 13:00:00,11.80090000,12.01050000,11.50810000,11.78550000,27268074.91157000
2024-11-19 17:00:00,11.78550000,12.04530000,11.70660000,11.84580000,20035967.18271000
2024-11-19 21:00:00,11.84580000,11.90250000,11.42420000,11.81260000,20265416.66241000
2024-11-20 01:00:00,11.81260000,11.82980000,11.12060000,11.27650000,22543253.92477000
2024-11-20 05:00:00,11.27650000,11.84920000,11.19000000,11.79430000,25721473.89228000
2024-11-20 09:00:00,11.79430000,13.45070000,11.78970000,12.72800000,225437283.86120000
2024-11-20 13:00:00,12.72800000,12.79280000,11.97380000,12.17740000,99896388.87339000
2024-11-20 17:00:00,12.17740000,12.27910000,11.46100000,11.54570000,55205928.06223000
2024-11-20 21:00:00,11.54570000,12.19050000,11.50800000,11.78890000,32906984.29852000
2024-11-21 01:00:00,11.78890000,11.93180000,11.22630000,11.42200000,33438638.67156000
2024-11-21 05:00:00,11.42200000,11.83670000,11.31570000,11.61110000,37655152.88658000
2024-11-21 09:00:00,11.61110000,11.77720000,11.36610000,11.61810000,30824326.76682000
2024-11-21 13:00:00,11.61810000,12.35830000,11.60540000,11.97820000,82846323.91596000
2024-11-21 17:00:00,11.97820000,12.25610000,11.93230000,12.01040000,32182631.96508000
2024-11-21 21:00:00,12.01040000,12.12030000,11.88730000,12.07880000,16157506.52099000
2024-11-22 01:00:00,12.07880000,12.28080000,11.78410000,12.07350000,31072530.73072000
2024-11-22 05:00:00,12.07350000,12.23830000,11.86000000,11.87290000,19906525.21299000
2024-11-22 09:00:00,11.87290000,12.07070000,11.63120000,12.03040000,38757238.86123000
2024-11-22 13:00:00,12.03040000,12.15810000,11.64860000,12.01790000,49011239.89455000
2024-11-22 17:00:00,12.01790000,12.14450000,11.80500000,12.00970000,33594420.53164000
2024-11-22 21:00:00,12.00970000,12.51330000,11.93610000,12.48820000,23648826.30938000
2024-11-23 01:00:00,12.48820000,12.77440000,12.30800000,12.58210000,38172450.35293000
2024-11-23 05:00:00,12.58210000,12.91620000,12.50580000,12.83270000,42306020.93357000
2024-11-23 09:00:00,12.83270000,12.89820000,12.46670000,12.60600000,26365980.21324000
2024-11-23 13:00:00,12.60600000,13.23530000,12.56070000,13.05960000,42067979.34745000
2024-11-23 17:00:00,13.05960000,13.17800000,12.30010000,12.79980000,65938535.99715000
2024-11-23 21:00:00,12.79980000,13.07090000,12.34720000,12.75060000,33155334.44263000
2024-11-24 01:00:00,12.75060000,13.36340000,12.65580000,13.32070000,34537890.67970000
2024-11-24 05:00:00,13.32070000,13.38080000,12.78600000,12.94370000,33238043.12438000
2024-11-24 09:00:00,12.94370000,12.99630000,11.98110000,12.00740000,49221628.02512000
2024-11-24 13:00:00,12.00740000,12.13470000,11.55010000,11.68220000,60926156.75377000
2024-11-24 17:00:00,11.68220000,12.11620000,11.60340000,11.98370000,29518995.99064000
2024-11-24 21:00:00,11.98370000,12.55540000,11.94050000,12.52460000,25456600.03514000
2024-11-25 01:00:00,12.52460000,12.55510000,11.88250000,12.28360000,29236947.33841000
2024-11-25 05:00:00,12.28360000,12.54830000,12.25530000,12.48150000,26202371.22686000
2024-11-25 09:00:00,12.48150000,12.85730000,12.40290000,12.64000000,29414443.60378000
2024-11-25 13:00:00,12.64000000,12.82610000,11.92700000,12.62610000,68239390.98586001
2024-11-25 17:00:00,12.62610000,12.79110000,11.92540000,12.11240000,39458043.67128000
2024-11-25 21:00:00,12.11240000,12.28720000,11.67010000,11.83380000,27761334.67842000
2024-11-26 01:00:00,11.83380000,12.12540000,11.72270000,11.98990000,16217748.90456000
2024-11-26 05:00:00,11.98990000,12.07340000,11.70240000,11.76500000,16065672.21646000
2024-11-26 09:00:00,11.76500000,11.77180000,10.93180000,11.26960000,53779130.36635000
2024-11-26 13:00:00,11.26960000,11.71740000,11.15000000,11.41710000,38081666.78145000
2024-11-26 17:00:00,11.41710000,11.82070000,11.34990000,11.64930000,26630052.67686000
2024-11-26 21:00:00,11.64930000,12.02870000,11.60370000,12.00130000,20834024.19652000
2024-11-27 01:00:00,12.00130000,12.09180000,11.74370000,11.92910000,25787794.25928000
2024-11-27 05:00:00,11.92910000,12.10150000,11.78010000,12.04940000,17680637.46501000
2024-11-27 09:00:00,12.04940000,12.30360000,11.95790000,12.21290000,25796758.47917000
2024-11-27 13:00:00,12.21290000,12.41230000,12.02560000,12.35220000,23218237.21594000
2024-11-27 17:00:00,12.35220000,12.50490000,12.23370000,12.47210000,18554785.84471000
2024-11-27 21:00:00,12.47210000,12.73800000,12.44380000,12.66940000,15568616.37814000
2024-11-28 01:00:00,12.66940000,13.01680000,12.55920000,12.95420000,29588694.03054000
2024-11-28 05:00:00,12.95420000,13.07300000,12.57510000,12.61320000,21634823.06541000
2024-11-28 09:00:00,12.61320000,12.78600000,12.34910000,12.53720000,31217423.86861000
2024-11-28 13:00:00,12.53720000,12.64770000,12.24700000,12.26260000,23771211.64738000
2024-11-28 17:00:00,12.26260000,12.78180000,12.25750000,12.68850000,16723316.69868000
2024-11-28 21:00:00,12.68850000,12.97980000,12.50960000,12.78460000,18602066.91627000
2024-11-29 01:00:00,12.78460000,12.92670000,12.65000000,12.76440000,16340573.31945000
2024-11-29 05:00:00,12.76440000,12.86520000,12.56650000,12.63090000,24030519.29777000
2024-11-29 09:00:00,12.63090000,13.25000000,12.62800000,13.19180000,26768822.18202000
2024-11-29 13:00:00,13.19180000,13.27760000,12.93410000,13.01520000,26165218.44974000
2024-11-29 17:00:00,13.01520000,13.18450000,12.91110000,13.14180000,17583987.89417000
2024-11-29 21:00:00,13.14180000,13.35770000,13.08270000,13.29540000,13924869.29399000
2024-11-30 01:00:00,13.29540000,13.48620000,13.10420000,13.20710000,21902620.89499000
2024-11-30 05:00:00,13.20710000,13.25810000,12.97990000,13.13670000,21060732.47687000
2024-11-30 09:00:00,13.13670000,13.22720000,12.85040000,12.94750000,29066623.10981000
2024-11-30 13:00:00,12.94750000,13.30000000,12.94350000,13.26200000,16225522.58893000
2024-11-30 17:00:00,13.26200000,13.67410000,13.26200000,13.46900000,27652772.42729000
2024-11-30 21:00:00,13.46900000,13.54810000,13.31010000,13.39700000,12125161.11956000
2024-12-01 01:00:00,13.39700000,13.54210000,12.90390000,13.05870000,32481496.48285000
2024-12-01 05:00:00,13.05870000,13.42990000,13.02090000,13.37390000,19716994.26611000
2024-12-01 09:00:00,13.37390000,13.50470000,13.26850000,13.46720000,13311548.08809000
2024-12-01 13:00:00,13.46720000,13.92160000,13.40320000,13.78670000,28361208.85214000
2024-12-01 17:00:00,13.78670000,13.82570000,13.43860000,13.50940000,16737618.66413000
2024-12-01 21:00:00,13.50940000,13.55600000,13.27280000,13.46950000,16166180.13441000
2024-12-02 01:00:00,13.46950000,13.63920000,12.79340000,12.86040000,38483449.62312000
2024-12-02 05:00:00,12.86040000,13.19970000,12.66490000,13.01290000,39666070.12935000
2024-12-02 09:00:00,13.01290000,13.04360000,12.32010000,12.48770000,39832135.63623000
2024-12-02 13:00:00,12.48770000,13.17360000,12.42080000,13.09610000,28582466.73954000
2024-12-02 17:00:00,13.09610000,13.14680000,12.47950000,12.83040000,23936173.24274000
2024-12-02 21:00:00,12.83040000,13.81670000,12.80320000,13.73650000,30400927.55457000
2024-12-03 01:00:00,13.73650000,14.37800000,13.68660000,13.97610000,50790810.38255000
2024-12-03 05:00:00,13.97610000,14.38500000,13.80000000,14.19100000,40148409.70714000
2024-12-03 09:00:00,14.19100000,14.49440000,13.94670000,14.27180000,48919520.81952000
2024-12-03 13:00:00,14.27180000,14.67420000,13.01290000,13.95000000,102981376.07070000
2024-12-03 17:00:00,13.95000000,14.12260000,13.53190000,13.97780000,33309984.11461000
2024-12-03 21:00:00,13.97780000,14.76390000,13.94120000,14.52210000,32678595.82402000
2024-12-04 01:00:00,14.52210000,14.64860000,14.10220000,14.38070000,29497361.47797000
2024-12-04 05:00:00,14.38070000,14.60570000,14.12370000,14.52610000,40694117.91718000
2024-12-04 09:00:00,14.52610000,14.88320000,14.41100000,14.77380000,23564188.25063000
2024-12-04 13:00:00,14.77380000,14.81090000,14.24930000,14.50960000,41862527.14816000
2024-12-04 17:00:00,14.50960000,14.61110000,13.68090000,14.51800000,48738236.95517000
2024-12-04 21:00:00,14.51800000,14.74900000,13.85830000,14.14650000,33441742.33737000
2024-12-05 01:00:00,14.14650000,14.19150000,13.05880000,13.50800000,60713046.61135000
2024-12-05 05:00:00,13.50800000,14.18000000,13.46110000,14.06830000,35622253.69018000
2024-12-05 09:00:00,14.06830000,14.19140000,13.90350000,14.11540000,24234074.05947000
2024-12-05 13:00:00,14.11540000,14.44670000,14.00030000,14.24740000,40639684.86797000
2024-12-05 17:00:00,14.24740000,14.35920000,13.77930000,13.82390000,24065212.69149000
2024-12-05 21:00:00,13.82390000,13.95150000,13.24370000,13.64170000,31743614.61789000
2024-12-06 01:00:00,13.64170000,14.22980000,13.46860000,14.12860000,22394257.90548000
2024-12-06 05:00:00,14.12860000,14.39540000,14.04260000,14.38520000,17111854.74257000
2024-12-06 09:00:00,14.38520000,14.47650000,13.81190000,14.35890000,27365536.20551000
2024-12-06 13:00:00,14.35890000,14.59780000,13.75800000,14.51810000,38266563.96105000
2024-12-06 17:00:00,14.51810000,14.65640000,14.41620000,14.58520000,15439792.21604000
2024-12-06 21:00:00,14.58520000,14.78410000,14.43910000,14.68610000,13191909.32746000
2024-12-07 01:00:00,14.68610000,15.32830000,14.41770000,15.12980000,30296105.01034000
2024-12-07 05:00:00,15.12980000,15.24000000,14.86260000,14.99080000,17484920.73440000
2024-12-07 09:00:00,14.99080000,15.11270000,14.83550000,14.96680000,15258625.41131000
2024-12-07 13:00:00,14.96680000,15.03310000,14.68920000,14.77180000,17817985.48613000
2024-12-07 17:00:00,14.77180000,14.77980000,14.47200000,14.53370000,13315581.62026000
2024-12-07 21:00:00,14.53370000,14.71840000,14.52580000,14.58550000,8861962.94168000
2024-12-08 01:00:00,14.58550000,14.64970000,14.41880000,14.53440000,11636052.77781000
2024-12-08 05:00:00,14.53440000,14.58920000,14.22360000,14.49000000,15063288.59514000
2024-12-08 09:00:00,14.49000000,14.50580000,14.06160000,14.28630000,19141971.99676000
2024-12-08 13:00:00,14.28630000,14.56360000,14.15050000,14.52020000,14573394.63700000
2024-12-08 17:00:00,14.52020000,14.56060000,14.20080000,14.28530000,11511693.50246000
2024-12-08 21:00:00,14.28530000,14.56600000,14.17140000,14.51670000,10549907.70220000
2024-12-09 01:00:00,14.51670000,14.52060000,13.80040000,13.94520000,19342094.58946000
2024-12-09 05:00:00,13.94520000,14.11160000,13.64430000,13.84750000,16313954.36989000
2024-12-09 09:00:00,13.84750000,13.85060000,13.15350000,13.18910000,34437265.70530000
2024-12-09 13:00:00,13.18910000,13.66910000,13.08870000,13.28690000,29624807.91041000
2024-12-09 17:00:00,13.28690000,13.40150000,13.13330000,13.17080000,14522496.06666000
2024-12-09 21:00:00,13.17080000,13.19540000,10.24960000,11.93760000,96069995.03562000
2024-12-10 01:00:00,11.93760000,12.17990000,11.05910000,11.48680000,36060971.03610000
2024-12-10 05:00:00,11.48680000,11.87340000,11.24420000,11.78860000,25991205.98191000
2024-12-10 09:00:00,11.78860000,11.99120000,11.60200000,11.74780000,17683009.88257000
2024-12-10 13:00:00,11.74780000,11.77700000,10.99020000,11.00180000,42615584.50909000
2024-12-10 17:00:00,11.00180000,11.32860000,10.64780000,11.31530000,49563608.15173000
2024-12-10 21:00:00,11.31530000,11.69180000,11.25060000,11.62030000,15431833.35078000
2024-12-11 01:00:00,11.62030000,11.67460000,11.16350000,11.57590000,18745857.95336000
2024-12-11 05:00:00,11.57590000,11.68370000,11.46520000,11.47830000,8933993.27754000
2024-12-11 09:00:00,11.47830000,11.94940000,11.46880000,11.84210000,13794816.27089000
2024-12-11 13:00:00,11.84210000,12.64740000,11.83450000,12.60240000,30016977.21304000
2024-12-11 17:00:00,12.60240000,12.94070000,12.56740000,12.85630000,25068030.24827000
2024-12-11 21:00:00,12.85630000,12.95770000,12.75880000,12.87770000,9636647.83003000
2024-12-12 01:00:00,12.87770000,14.13540000,12.85000000,13.91880000,45908142.99876000
2024-12-12 05:00:00,13.91880000,13.96770000,13.71350000,13.93730000,21254235.80209000
2024-12-12 09:00:00,13.93730000,14.10910000,13.56820000,13.71230000,25397687.79250000
2024-12-12 13:00:00,13.71230000,13.81850000,13.44800000,13.68400000,25677966.51747000
2024-12-12 17:00:00,13.68400000,13.97630000,13.41180000,13.48760000,24724142.48719000
2024-12-12 21:00:00,13.48760000,13.75550000,13.42650000,13.67810000,17299831.36980000
2024-12-13 01:00:00,13.67810000,13.98790000,13.49290000,13.91440000,24095142.68548000
2024-12-13 05:00:00,13.91440000,13.93650000,13.41020000,13.73650000,18465577.54363000
2024-12-13 09:00:00,13.73650000,14.48870000,13.65170000,14.42770000,27899943.27485000
2024-12-13 13:00:00,14.42770000,14.55660000,14.00010000,14.23850000,37444347.28602000
2024-12-13 17:00:00,14.23850000,14.34590000,13.95230000,14.07300000,21438709.98762000
2024-12-13 21:00:00,14.07300000,14.29870000,14.02000000,14.22350000,15702279.74541000
2024-12-14 01:00:00,14.22350000,14.71060000,14.17910000,14.26880000,23102093.91572000
2024-12-14 05:00:00,14.26880000,14.29090000,14.01430000,14.12540000,11934730.23773000
2024-12-14 09:00:00,14.12540000,14.19930000,13.92350000,13.94390000,10631641.62420000
2024-12-14 13:00:00,13.94390000,13.97280000,13.47070000,13.62940000,26539375.72876000
2024-12-14 17:00:00,13.62940000,13.65480000,13.15140000,13.29080000,20782699.46990000
2024-12-14 21:00:00,13.29080000,13.46580000,13.14780000,13.41570000,9084167.97663000
2024-12-15 01:00:00,13.41570000,13.50070000,13.19810000,13.24530000,9757298.59274000
2024-12-15 05:00:00,13.24530000,13.46420000,13.03840000,13.13800000,12484898.27347000
2024-12-15 09:00:00,13.13800000,13.42320000,13.10990000,13.29970000,8631113.47616000
2024-12-15 13:00:00,13.29970000,13.76200000,13.24620000,13.58520000,13534930.35943000
2024-12-15 17:00:00,13.58520000,13.66330000,13.38310000,13.50930000,12432924.25363000
2024-12-15 21:00:00,13.50930000,13.75590000,13.17250000,13.66210000,17416239.18982000
2024-12-16 01:00:00,13.66210000,14.24080000,13.56490000,13.65210000,25879145.16495000
2024-12-16 05:00:00,13.65210000,13.90450000,13.56080000,13.84190000,11510261.23586000
2024-12-16 09:00:00,13.84190000,13.87610000,13.21710000,13.24790000,15455757.81201000
2024-12-16 13:00:00,13.24790000,13.80630000,13.23850000,13.68860000,23970897.30430000
2024-12-16 17:00:00,13.68860000,14.14720000,13.59100000,14.04810000,24055507.45540000
2024-12-16 21:00:00,14.04810000,14.18190000,13.86210000,13.92320000,13918793.85007000
2024-12-17 01:00:00,13.92320000,14.20800000,13.49810000,14.17000000,18789400.06079000
2024-12-17 05:00:00,14.17000000,14.38490000,13.93430000,14.10280000,32298944.11697000
2024-12-17 09:00:00,14.10280000,14.18570000,13.84220000,13.90930000,16396835.25793000
2024-12-17 13:00:00,13.90930000,13.94440000,13.18450000,13.25640000,26300657.12549000
2024-12-17 17:00:00,13.25640000,13.45890000,13.02090000,13.19020000,24666329.91596000
2024-12-17 21:00:00,13.19020000,13.40810000,12.74000000,12.93220000,27524073.12376000
2024-12-18 01:00:00,12.93220000,12.99250000,12.70070000,12.83470000,15651084.05092000
2024-12-18 05:00:00,12.83470000,12.84600000,12.46060000,12.57590000,22761061.12663000
2024-12-18 09:00:00,12.57590000,12.96490000,12.50340000,12.93120000,12949318.01496000
2024-12-18 13:00:00,12.93120000,12.95100000,12.60330000,12.81950000,16288902.52522000
2024-12-18 17:00:00,12.81950000,12.97470000,12.44200000,12.44400000,16930302.43167000
2024-12-18 21:00:00,12.44400000,12.51750000,11.46010000,11.82610000,54565224.81082000
2024-12-19 01:00:00,11.82610000,12.07860000,11.26020000,12.05580000,32313111.75430000
2024-12-19 05:00:00,12.05580000,12.10340000,11.86360000,11.96500000,10523120.25132000
2024-12-19 09:00:00,11.96500000,12.58680000,11.84760000,12.53830000,17994674.41847000
2024-12-19 13:00:00,12.53830000,12.74240000,12.12260000,12.33530000,30230894.36447000
2024-12-19 17:00:00,12.33530000,12.47730000,11.29180000,11.65890000,58180375.42144000
2024-12-19 21:00:00,11.65890000,11.86240000,11.22510000,11.36990000,52049926.79116000
2024-12-20 01:00:00,11.36990000,11.91210000,11.15160000,11.72960000,26003818.45978000
2024-12-20 05:00:00,11.72960000,11.79390000,11.19780000,11.39430000,21338610.75954000
2024-12-20 09:00:00,11.39430000,11.39860000,9.95000000,9.96770000,75209009.10087000
2024-12-20 13:00:00,9.96770000,10.79440000,9.96260000,10.63400000,43306234.35127000
2024-12-20 17:00:00,10.63400000,10.89930000,10.51910000,10.80090000,29701925.73069000
2024-12-20 21:00:00,10.80090000,10.94040000,10.47320000,10.86560000,20943374.20861000
2024-12-21 01:00:00,10.86560000,10.86650000,10.02580000,10.24160000,41828044.75889000
2024-12-21 05:00:00,10.24160000,11.23750000,10.22130000,11.07890000,48357170.65441000
2024-12-21 09:00:00,11.07890000,11.10990000,10.47080000,10.61120000,43865199.98646000
2024-12-21 13:00:00,10.61120000,10.61270000,9.71820000,9.90300000,69295963.90447000
2024-12-21 17:00:00,9.90300000,9.91000000,9.25870000,9.49620000,49838928.41661000
2024-12-21 21:00:00,9.49620000,9.61230000,9.26400000,9.52240000,26429053.67580000
2024-12-22 01:00:00,9.52240000,9.58520000,9.18290000,9.36640000,23884371.06458000
2024-12-22 05:00:00,9.36640000,9.45730000,9.03590000,9.43240000,28521822.55501000
2024-12-22 09:00:00,9.43240000,9.66930000,9.39480000,9.50240000,24010541.01532000
2024-12-22 13:00:00,9.50240000,9.56070000,9.15900000,9.23240000,30273549.39843000
2024-12-22 17:00:00,9.23240000,9.45070000,9.07540000,9.11040000,20569074.07096000
2024-12-22 21:00:00,9.11040000,9.38470000,8.97050000,9.22120000,22038895.98211000
2024-12-23 01:00:00,9.22120000,9.44440000,8.87320000,9.40850000,31589797.36069000
2024-12-23 05:00:00,9.40850000,9.45710000,9.00630000,9.08730000,17702657.82800000
2024-12-23 09:00:00,9.08730000,9.37650000,9.04380000,9.17860000,19557989.68123000
2024-12-23 13:00:00,9.17860000,9.28720000,8.98120000,8.99860000,25961992.80125000
2024-12-23 17:00:00,8.99860000,9.48000000,8.98420000,9.36990000,22779109.52575000
2024-12-23 21:00:00,9.36990000,9.83000000,9.36490000,9.69670000,29685629.38795000
2024-12-24 01:00:00,9.69670000,9.69680000,9.28600000,9.46890000,17721748.58894000
2024-12-24 05:00:00,9.46890000,9.60450000,9.36120000,9.40780000,14694696.14449000
2024-12-24 09:00:00,9.40780000,9.46130000,9.26300000,9.43450000,19994286.14036000
2024-12-24 13:00:00,9.43450000,9.94350000,9.35290000,9.83820000,28092055.08905000
2024-12-24 17:00:00,9.83820000,9.90160000,9.62280000,9.62840000,19084213.98783000
2024-12-24 21:00:00,9.62840000,9.84130000,9.50330000,9.80900000,14142312.11361000
2024-12-25 01:00:00,9.80900000,9.90120000,9.71120000,9.73390000,14687488.16447000
2024-12-25 05:00:00,9.73390000,9.88280000,9.61260000,9.62630000,12499574.21316000
2024-12-25 09:00:00,9.62630000,9.86030000,9.50020000,9.53140000,15424852.25771000
2024-12-25 13:00:00,9.53140000,9.78690000,9.46900000,9.62710000,14688053.38453000
2024-12-25 17:00:00,9.62710000,9.69000000,9.47330000,9.65410000,10943806.57746000
2024-12-25 21:00:00,9.65410000,9.69340000,9.47070000,9.54990000,10393514.82768000
2024-12-26 01:00:00,9.54990000,9.66010000,9.31860000,9.33900000,14900102.22088000
2024-12-26 05:00:00,9.33900000,9.33680000,9.17460000,9.21340000,12171903.86724000
2024-12-26 09:00:00,9.21340000,9.23390000,8.92290000,8.96370000,20607949.02131000
2024-12-26 13:00:00,8.96370000,9.02410000,8.85200000,8.93170000,17952730.74344000
2024-12-26 17:00:00,8.93170000,9.09160000,8.87500000,8.95330000,13676846.43553000
2024-12-26 21:00:00,8.95330000,8.96190000,8.75080000,8.81550000,12860954.31873000
2024-12-27 01:00:00,8.81550000,9.04840000,8.72710000,8.98290000,12856072.17470000
2024-12-27 05:00:00,8.98290000,9.10010000,8.82140000,8.91240000,15025254.29878000
2024-12-27 09:00:00,8.91240000,9.30330000,8.91240000,9.15520000,18939206.89155000
2024-12-27 13:00:00,9.15520000,9.17100000,8.70250000,8.74930000,19050718.92791000
2024-12-27 17:00:00,8.74930000,8.96910000,8.65670000,8.82270000,16198414.13094000
2024-12-27 21:00:00,8.82270000,8.83230000,8.65100000,8.73750000,10549896.61170000
2024-12-28 01:00:00,8.73750000,8.77020000,8.61290000,8.73700000,9534152.84404000
2024-12-28 05:00:00,8.73700000,8.79570000,8.66600000,8.67170000,7316563.51446000
2024-12-28 09:00:00,8.67170000,9.02610000,8.66800000,8.99750000,12763322.80328000
2024-12-28 13:00:00,8.99750000,9.14640000,8.91120000,9.02250000,13587914.24591000
2024-12-28 17:00:00,9.02250000,9.18520000,9.00510000,9.11600000,8595506.30493000
2024-12-28 21:00:00,9.11600000,9.27410000,9.08040000,9.18910000,6604692.20256000
2024-12-29 01:00:00,9.18910000,9.19460000,9.08550000,9.17140000,6560808.57141000
2024-12-29 05:00:00,9.17140000,9.22670000,9.07950000,9.22000000,5284256.71252000
2024-12-29 09:00:00,9.22000000,9.23330000,9.06710000,9.06870000,5695203.09962000
2024-12-29 13:00:00,9.06870000,9.16760000,8.99090000,9.09580000,10891879.41192000
2024-12-29 17:00:00,9.09580000,9.10150000,8.92540000,8.94080000,8659622.36966000
2024-12-29 21:00:00,8.94080000,8.99900000,8.79390000,8.87270000,9285465.54804000
2024-12-30 01:00:00,8.87270000,9.23590000,8.82990000,9.12250000,12209805.40233000
2024-12-30 05:00:00,9.12250000,9.31980000,9.04400000,9.15640000,9777177.09108000
2024-12-30 09:00:00,9.15640000,9.24600000,8.90790000,9.01380000,11096043.38308000
2024-12-30 13:00:00,9.01380000,9.12380000,8.71240000,8.76450000,17265183.27294000
2024-12-30 17:00:00,8.76450000,9.10650000,8.67370000,9.08670000,14518648.63724000
2024-12-30 21:00:00,9.08670000,9.14120000,8.75730000,8.87490000,10264371.24828000
2024-12-31 01:00:00,8.87490000,8.88380000,8.68280000,8.72910000,8594253.52625000
2024-12-31 05:00:00,8.72910000,8.80500000,8.64990000,8.71030000,7688428.43452000
2024-12-31 09:00:00,8.71030000,8.98750000,8.70900000,8.83850000,10132021.97042000
2024-12-31 13:00:00,8.83850000,9.04620000,8.79400000,8.92400000,13987238.67580000
2024-12-31 17:00:00,8.92400000,8.95860000,8.65760000,8.77880000,11555437.99011000
2024-12-31 21:00:00,8.77880000,8.81580000,8.67600000,8.71210000,5988454.67237000
2025-01-01 01:00:00,8.71210000,8.80270000,8.66780000,8.71060000,7109039.62850000
2025-01-01 05:00:00,8.71060000,8.73160000,8.67000000,8.67950000,4797949.10548000
2025-01-01 09:00:00,8.67950000,8.69930000,8.41450000,8.53200000,19046985.40969000
2025-01-01 13:00:00,8.53200000,8.81760000,8.53000000,8.80950000,12428631.81839000
2025-01-01 17:00:00,8.80950000,8.95470000,8.71110000,8.90760000,10697645.41337000
2025-01-01 21:00:00,8.90760000,9.03530000,8.90870000,9.02480000,8470655.62478000
2025-01-02 01:00:00,9.02480000,9.19180000,9.01130000,9.16200000,11649199.78631000
2025-01-02 05:00:00,9.16200000,9.28670000,9.12120000,9.22400000,10715199.30911000
2025-01-02 09:00:00,9.22400000,9.41900000,9.16710000,9.35730000,13693770.73090000
2025-01-02 13:00:00,9.35730000,9.44120000,9.21780000,9.27130000,13004820.93761000
2025-01-02 17:00:00,9.27130000,9.36630000,9.20700000,9.25650000,8129847.38722000
2025-01-02 21:00:00,9.25650000,9.32660000,9.16330000,9.28960000,6628272.43291000
2025-01-03 01:00:00,9.28960000,9.35370000,9.16840000,9.32410000,7708465.05478000
2025-01-03 05:00:00,9.32410000,9.32200000,9.15150000,9.18220000,6525702.11316000
2025-01-03 09:00:00,9.18220000,9.49040000,9.18120000,9.48780000,9673062.40481000
2025-01-03 13:00:00,9.48780000,9.77350000,9.45100000,9.75510000,14479243.23259000
2025-01-03 17:00:00,9.75510000,9.88410000,9.71020000,9.87310000,14147610.45736000
2025-01-03 21:00:00,9.87310000,9.87780000,9.70560000,9.81030000,8559010.40391000
2025-01-04 01:00:00,9.81030000,9.82420000,9.64080000,9.75410000,7925706.26069000
2025-01-04 05:00:00,9.75410000,9.96480000,9.68790000,9.82080000,11321005.70891000
2025-01-04 09:00:00,9.82080000,9.82080000,9.64390000,9.80070000,9400331.75585000
2025-01-04 13:00:00,9.80070000,9.99230000,9.69050000,9.71960000,15061862.37714000
2025-01-04 17:00:00,9.71960000,9.88280000,9.68340000,9.88160000,7378445.56505000
2025-01-04 21:00:00,9.88160000,10.07330000,9.85830000,9.99170000,10717848.96600000
2025-01-05 01:00:00,9.99170000,10.03290000,9.82030000,9.88110000,8121061.71194000
2025-01-05 05:00:00,9.88110000,9.98680000,9.84200000,9.89040000,5594926.86659000
2025-01-05 09:00:00,9.89040000,9.91090000,9.73370000,9.84300000,9245671.42366000
2025-01-05 13:00:00,9.84300000,9.92340000,9.72010000,9.87430000,9516147.08519000
2025-01-05 17:00:00,9.87430000,9.99800000,9.82250000,9.99610000,8488311.41135000
2025-01-05 21:00:00,9.99610000,10.16910000,9.93860000,10.08820000,7663129.76286000
2025-01-06 01:00:00,10.08820000,10.13450000,9.84590000,10.11810000,10792184.80256000
2025-01-06 05:00:00,10.11810000,10.14750000,9.90680000,9.95000000,8473519.41899000
2025-01-06 09:00:00,9.95000000,9.98430000,9.81410000,9.95720000,7880486.08251000
2025-01-06 13:00:00,9.95720000,10.20000000,9.84680000,10.17450000,15779044.02163000
2025-01-06 17:00:00,10.17450000,10.33000000,9.97340000,10.10580000,15314392.98471000
2025-01-06 21:00:00,10.10580000,10.17090000,10.00010000,10.16900000,7313877.83352000
2025-01-07 01:00:00,10.16900000,10.33950000,10.11410000,10.25710000,12083775.05616000
2025-01-07 05:00:00,10.25710000,10.47950000,10.13280000,10.30420000,12822341.29229000
2025-01-07 09:00:00,10.30420000,10.47940000,10.22700000,10.43020000,17705550.61186000
2025-01-07 13:00:00,10.43020000,10.64860000,9.84980000,9.97760000,64587045.30112000
2025-01-07 17:00:00,9.97760000,10.06180000,9.62360000,9.69160000,29134363.64368000
2025-01-07 21:00:00,9.69160000,9.78260000,9.50870000,9.64630000,15709867.07279000
2025-01-08 01:00:00,9.64630000,9.71030000,9.34500000,9.42890000,15021755.59139000
2025-01-08 05:00:00,9.42890000,9.48590000,9.01000000,9.19650000,19901846.27685000
2025-01-08 09:00:00,9.19650000,9.41220000,9.15970000,9.19130000,15082766.71348000
2025-01-08 13:00:00,9.19130000,9.27420000,9.01590000,9.09460000,16738572.93580000
2025-01-08 17:00:00,9.09460000,9.11520000,8.63600000,8.92520000,30598062.05251000
2025-01-08 21:00:00,8.92520000,9.07640000,8.82000000,9.00630000,7839731.19244000
2025-01-09 01:00:00,9.00630000,9.12790000,8.90380000,8.91780000,11392751.26496000
2025-01-09 05:00:00,8.91780000,8.96310000,8.63760000,8.66630000,10601186.77344000
2025-01-09 09:00:00,8.66630000,8.88430000,8.64620000,8.79530000,8830200.91369000
2025-01-09 13:00:00,8.79530000,8.92670000,8.50670000,8.85540000,21389009.06863000
2025-01-09 17:00:00,8.85540000,8.92270000,8.53810000,8.55510000,11374932.39643000
2025-01-09 21:00:00,8.55510000,8.68420000,8.44700000,8.64110000,10261395.97276000
2025-01-10 01:00:00,8.64110000,8.79730000,8.64050000,8.72290000,8755806.44739000
2025-01-10 05:00:00,8.72290000,9.01510000,8.68800000,8.98850000,10501365.37094000
2025-01-10 09:00:00,8.98850000,9.20710000,8.96000000,9.08720000,13684312.12161000
2025-01-10 13:00:00,9.08720000,9.17060000,8.80520000,9.01880000,26521762.23446000
2025-01-10 17:00:00,9.01880000,9.23590000,8.82140000,9.21060000,13093019.40231000
2025-01-10 21:00:00,9.21060000,9.24320000,9.07790000,9.13310000,7388177.59792000
2025-01-11 01:00:00,9.13310000,9.22570000,8.89470000,8.92920000,9596776.27366000
2025-01-11 05:00:00,8.92920000,8.99140000,8.86040000,8.91010000,5459250.56172000
2025-01-11 09:00:00,8.91010000,9.01850000,8.83720000,9.00600000,6386286.88286000
2025-01-11 13:00:00,9.00600000,9.06830000,8.87100000,9.00530000,8581101.28049000
2025-01-11 17:00:00,9.00530000,9.11580000,8.95760000,8.99750000,6515105.58642000
2025-01-11 21:00:00,8.99750000,9.26150000,8.98230000,9.12080000,8479594.33698000
2025-01-12 01:00:00,9.12080000,9.15660000,8.95290000,9.00330000,8187529.17921000
2025-01-12 05:00:00,9.00330000,9.04800000,8.89230000,8.95580000,4221542.16565000
2025-01-12 09:00:00,8.95580000,8.97080000,8.83270000,8.93770000,9157233.16633000
2025-01-12 13:00:00,8.93770000,9.11420000,8.88770000,9.06910000,6142090.19894000
2025-01-12 17:00:00,9.06910000,9.09680000,8.98580000,9.01620000,4302778.37731000
2025-01-12 21:00:00,9.01620000,9.05170000,8.71660000,8.82450000,10376385.91901000
2025-01-13 01:00:00,8.82450000,9.08150000,8.51070000,8.54210000,20672665.08156000
2025-01-13 05:00:00,8.54210000,8.70480000,8.37040000,8.46340000,14616433.70607000
2025-01-13 09:00:00,8.46340000,8.47360000,8.12770000,8.13390000,20290328.96053000
2025-01-13 13:00:00,8.13390000,8.36990000,7.89860000,8.25370000,27757217.68519000
2025-01-13 17:00:00,8.25370000,8.28640000,7.97920000,8.10170000,15305094.76437000
2025-01-13 21:00:00,8.10170000,8.50260000,8.01960000,8.47240000,14773107.66416000
2025-01-14 01:00:00,8.47240000,8.56030000,8.40580000,8.50960000,7021632.59948000
2025-01-14 05:00:00,8.50960000,8.64680000,8.51080000,8.54660000,5513954.47954000
2025-01-14 09:00:00,8.54660000,8.93790000,8.54660000,8.81330000,12552967.26004000
2025-01-14 13:00:00,8.81330000,8.83900000,8.67140000,8.71860000,12800347.46772000
2025-01-14 17:00:00,8.71860000,8.89780000,8.63400000,8.83780000,11120779.77313000
2025-01-14 21:00:00,8.83780000,9.10990000,8.77810000,9.01620000,9565299.94079000
2025-01-15 01:00:00,9.01620000,9.08200000,8.90120000,9.04480000,10506396.68427000
2025-01-15 05:00:00,9.04480000,9.08210000,8.93670000,9.04250000,5209298.35172000
2025-01-15 09:00:00,9.04250000,9.09120000,8.73730000,8.80940000,10061741.78283000
2025-01-15 13:00:00,8.80940000,9.40590000,8.75370000,9.30300000,25872806.25422000
2025-01-15 17:00:00,9.30300000,9.37450000,9.13570000,9.31650000,12342202.30772000
2025-01-15 21:00:00,9.31650000,9.51320000,9.26880000,9.46590000,10662847.57762000
2025-01-16 01:00:00,9.46590000,9.49510000,9.22300000,9.34950000,13227332.47999000
2025-01-16 05:00:00,9.34950000,9.39770000,9.28850000,9.30730000,4140315.98729000
2025-01-16 09:00:00,9.30730000,9.33720000,9.11450000,9.32390000,12810457.84164000
2025-01-16 13:00:00,9.32390000,9.50730000,9.02250000,9.27520000,23796303.49987000
2025-01-16 17:00:00,9.27520000,9.44620000,9.27080000,9.43180000,9474437.68115000
2025-01-16 21:00:00,9.43180000,9.47920000,9.15180000,9.23260000,7732938.12069000
2025-01-17 01:00:00,9.23260000,9.61690000,9.23290000,9.55080000,9792198.63803000
2025-01-17 05:00:00,9.55080000,9.65930000,9.45430000,9.47190000,9471065.59062000
2025-01-17 09:00:00,9.47190000,9.73870000,9.44710000,9.67090000,12150065.69096000
2025-01-17 13:00:00,9.67090000,9.72810000,9.53240000,9.69260000,13013631.35389000
2025-01-17 17:00:00,9.69260000,9.76450000,9.56750000,9.65510000,10350602.67563000
2025-01-17 21:00:00,9.65510000,9.83440000,9.62470000,9.75180000,7920803.76402000
2025-01-18 01:00:00,9.75180000,9.87000000,9.45340000,9.49030000,9397157.04887000
2025-01-18 05:00:00,9.49030000,9.54200000,9.14380000,9.18470000,15339039.36388000
2025-01-18 09:00:00,9.18470000,9.29310000,9.05280000,9.27170000,12882387.19395000
2025-01-18 13:00:00,9.27170000,9.38420000,9.13420000,9.28230000,10890929.27941000
2025-01-18 17:00:00,9.28230000,9.36350000,9.10490000,9.27500000,12386853.74682000
2025-01-18 21:00:00,9.27500000,9.34240000,9.11620000,9.31770000,6137934.37255000
2025-01-19 01:00:00,9.31770000,9.50760000,9.30000000,9.34770000,7415451.93644000
2025-01-19 05:00:00,9.34770000,9.53670000,9.22020000,9.28090000,13328862.84865000
2025-01-19 09:00:00,9.28090000,9.28260000,8.66900000,8.74160000,26537166.64916000
2025-01-19 13:00:00,8.74160000,9.48240000,8.72330000,9.34470000,23224457.23974000
2025-01-19 17:00:00,9.34470000,9.56080000,9.27710000,9.47310000,10738331.46143000
2025-01-19 21:00:00,9.47310000,9.51170000,8.39430000,8.50020000,37402269.32029000
2025-01-20 01:00:00,8.50020000,8.58410000,8.20740000,8.40860000,30639901.56774000
2025-01-20 05:00:00,8.40860000,9.27240000,8.32820000,9.04170000,26958766.57142000
2025-01-20 09:00:00,9.04170000,9.13120000,8.79770000,8.90620000,9583339.00821000
2025-01-20 13:00:00,8.90620000,8.91200000,8.53090000,8.76150000,23391724.98789000
2025-01-20 17:00:00,8.76150000,8.85670000,8.29030000,8.62250000,24327174.37118000
2025-01-20 21:00:00,8.62250000,8.66380000,8.37360000,8.54830000,8053576.21479000
2025-01-21 01:00:00,8.54830000,8.58420000,8.28760000,8.36010000,12102581.92829000
2025-01-21 05:00:00,8.36010000,8.35860000,8.15000000,8.24910000,16690990.27655000
2025-01-21 09:00:00,8.24910000,8.47710000,8.12000000,8.46050000,12471986.63590000
2025-01-21 13:00:00,8.46050000,8.56100000,8.34900000,8.47620000,9381794.86804000
2025-01-21 17:00:00,8.47620000,8.87860000,8.45450000,8.78380000,12084014.45326000
2025-01-21 21:00:00,8.78380000,8.84790000,8.67740000,8.74260000,10544879.48055000
2025-01-22 01:00:00,8.74260000,8.97190000,8.71640000,8.86750000,7855690.11589000
2025-01-22 05:00:00,8.86750000,8.90960000,8.63290000,8.63920000,7429362.22820000
2025-01-22 09:00:00,8.63920000,8.74770000,8.55420000,8.72660000,6819976.71998000
2025-01-22 13:00:00,8.72660000,8.75460000,8.51280000,8.56120000,8103413.29795000
2025-01-22 17:00:00,8.56120000,8.67140000,8.49780000,8.56320000,13372424.93710000
2025-01-22 21:00:00,8.56320000,8.63430000,8.44610000,8.50000000,7033594.49896000
2025-01-23 01:00:00,8.50000000,8.50640000,8.28010000,8.36580000,8487634.22225000
2025-01-23 05:00:00,8.36580000,8.39030000,8.25260000,8.37940000,5180481.25797000
2025-01-23 09:00:00,8.37940000,8.38960000,8.20670000,8.29220000,5125925.27068000
2025-01-23 13:00:00,8.29220000,8.52740000,8.18790000,8.45280000,13776778.71451000
2025-01-23 17:00:00,8.45280000,8.58410000,8.17710000,8.19700000,11649814.64938000
2025-01-23 21:00:00,8.19700000,8.42600000,8.07990000,8.33240000,16456784.80011000
2025-01-24 01:00:00,8.33240000,8.37070000,7.98850000,8.09280000,9556103.26032000
2025-01-24 05:00:00,8.09280000,8.47010000,8.05100000,8.33540000,10146848.28473000
2025-01-24 09:00:00,8.33540000,8.54380000,8.30100000,8.50460000,12874057.30697000
2025-01-24 13:00:00,8.50460000,8.57630000,8.42230000,8.50870000,10013489.63607000
2025-01-24 17:00:00,8.50870000,8.57000000,8.38500000,8.40530000,6133563.52680000
2025-01-24 21:00:00,8.40530000,8.44590000,8.14590000,8.20580000,7083039.17690000
2025-01-25 01:00:00,8.20580000,8.22170000,8.04500000,8.17470000,11189810.73400000
2025-01-25 05:00:00,8.17470000,8.17550000,8.03700000,8.09610000,8569272.13936000
2025-01-25 09:00:00,8.09610000,8.17140000,8.04590000,8.14990000,7142483.96273000
2025-01-25 13:00:00,8.14990000,8.22300000,8.05410000,8.18020000,6204437.38104000
2025-01-25 17:00:00,8.18020000,8.25470000,8.11650000,8.20020000,4648914.32483000
2025-01-25 21:00:00,8.20020000,8.26100000,8.08340000,8.09390000,6041998.02646000
2025-01-26 01:00:00,8.09390000,8.27320000,8.07210000,8.23000000,5114291.17612000
2025-01-26 05:00:00,8.23000000,8.43590000,8.22060000,8.30840000,9668318.69369000
2025-01-26 09:00:00,8.30840000,8.34890000,8.12280000,8.20870000,10912216.95042000
2025-01-26 13:00:00,8.20870000,8.22810000,8.15840000,8.18550000,5031312.63516000
2025-01-26 17:00:00,8.18550000,8.27330000,8.15000000,8.23140000,4099960.06891000
2025-01-26 21:00:00,8.23140000,8.24410000,7.80470000,7.81390000,10280501.12912000
2025-01-27 01:00:00,7.81390000,7.81620000,7.31970000,7.40780000,25418488.71497000
2025-01-27 05:00:00,7.40780000,7.41810000,6.86100000,7.08760000,22272214.16736000
2025-01-27 09:00:00,7.08760000,7.17160000,6.91250000,7.08570000,14462732.85836000
2025-01-27 13:00:00,7.08570000,7.48860000,7.06430000,7.44620000,18279761.31514000
2025-01-27 17:00:00,7.44620000,7.47190000,7.20120000,7.31830000,11729522.43743000
2025-01-27 21:00:00,7.31830000,7.76350000,7.32920000,7.62360000,13652922.39205000
2025-01-28 01:00:00,7.62360000,7.71150000,7.50280000,7.64600000,5288738.04780000
2025-01-28 05:00:00,7.64600000,7.75810000,7.64200000,7.66170000,5012284.11930000
2025-01-28 09:00:00,7.66170000,7.67860000,7.58640000,7.62720000,4789559.83654000
2025-01-28 13:00:00,7.62720000,7.69750000,7.48850000,7.59040000,8389588.98633000
2025-01-28 17:00:00,7.59040000,7.59840000,7.39200000,7.44720000,5863409.49381000
2025-01-28 21:00:00,7.44720000,7.46790000,7.12610000,7.20820000,10161156.80145000
2025-01-29 01:00:00,7.20820000,7.39860000,7.15280000,7.35700000,5881717.15759000
2025-01-29 05:00:00,7.35700000,7.53050000,7.33440000,7.49840000,4335363.12301000
2025-01-29 09:00:00,7.49840000,7.52910000,7.36960000,7.43670000,4715664.62743000
2025-01-29 13:00:00,7.43670000,7.51030000,7.23100000,7.29400000,9012318.11813000
2025-01-29 17:00:00,7.29400000,7.54610000,7.17480000,7.45370000,12765346.49658000
2025-01-29 21:00:00,7.45370000,7.67590000,7.35940000,7.42460000,11491876.43441000
2025-01-30 01:00:00,7.42460000,7.63520000,7.35590000,7.61260000,6989042.69744000
2025-01-30 05:00:00,7.61260000,7.63790000,7.51250000,7.57900000,4634160.75190000
2025-01-30 09:00:00,7.57900000,7.69260000,7.51450000,7.68740000,5902563.11889000
2025-01-30 13:00:00,7.68740000,7.90360000,7.63000000,7.84570000,12386582.99895000
2025-01-30 17:00:00,7.84570000,8.01360000,7.82510000,7.89180000,11885347.90460000
2025-01-30 21:00:00,7.89180000,7.96060000,7.81790000,7.83360000,6215716.37017000
2025-01-31 01:00:00,7.83360000,7.92000000,7.68280000,7.74100000,6099702.61628000
2025-01-31 05:00:00,7.74100000,8.08690000,7.66800000,7.97620000,11436505.71350000
2025-01-31 09:00:00,7.97620000,8.22090000,7.83930000,8.11820000,11908481.36370000
2025-01-31 13:00:00,8.11820000,8.40460000,8.07240000,8.39200000,11058103.75595000
2025-01-31 17:00:00,8.39200000,8.38850000,7.89620000,7.92450000,13098966.26593000
2025-01-31 21:00:00,7.92450000,7.93750000,7.77870000,7.81050000,7479430.79442000
2025-02-01 01:00:00,7.81050000,7.85810000,7.69710000,7.72100000,6025558.37779000
2025-02-01 05:00:00,7.72100000,7.74010000,7.61040000,7.61690000,5504493.70091000
2025-02-01 09:00:00,7.61690000,7.63810000,7.34580000,7.41410000,12996918.77440000
2025-02-01 13:00:00,7.41410000,7.49680000,7.33090000,7.42110000,10892250.51058000
2025-02-01 17:00:00,7.42110000,7.44650000,7.20690000,7.23070000,8567242.93189000
2025-02-01 21:00:00,7.23070000,7.27950000,7.00830000,7.04910000,10136869.75847000
2025-02-02 01:00:00,7.04910000,7.18760000,6.85470000,6.87600000,10748968.19214000
2025-02-02 05:00:00,6.87600000,7.09910000,6.86360000,6.97010000,10639691.20989000
2025-02-02 09:00:00,6.97010000,7.11130000,6.87660000,6.90790000,8194953.33461000
2025-02-02 13:00:00,6.90790000,7.04550000,6.84190000,6.91940000,11309884.15397000
2025-02-02 17:00:00,6.91940000,6.92260000,6.22600000,6.42770000,33998836.25529000
2025-02-02 21:00:00,6.42770000,6.46120000,5.80010000,6.15220000,23586430.20755000
2025-02-03 01:00:00,6.15220000,6.15750000,4.53290000,5.16170000,57062162.71445000
2025-02-03 05:00:00,5.16170000,5.83070000,5.07170000,5.77580000,28136478.18380000
2025-02-03 09:00:00,5.77580000,5.93000000,5.54960000,5.74410000,18814703.53614000
2025-02-03 13:00:00,5.74410000,6.20300000,5.56900000,6.12730000,32061035.25721000
2025-02-03 17:00:00,6.12730000,6.34000000,6.04840000,6.33270000,15505747.21970000
2025-02-03 21:00:00,6.33270000,6.50690000,6.18290000,6.49750000,12156953.71763000
2025-02-04 01:00:00,6.49750000,6.57340000,6.25000000,6.25980000,9483835.72215000
2025-02-04 05:00:00,6.25980000,6.29770000,5.84220000,5.86260000,18172328.93606000
2025-02-04 09:00:00,5.86260000,6.16580000,5.83150000,6.07680000,12206344.66177000
2025-02-04 13:00:00,6.07680000,6.33160000,6.07800000,6.17130000,13421818.78678000
2025-02-04 17:00:00,6.17130000,6.37170000,6.09640000,6.09640000,11310734.43064000
2025-02-04 21:00:00,6.09640000,6.15910000,5.82600000,6.07730000,19118384.91354000
2025-02-05 01:00:00,6.07730000,6.17310000,6.00680000,6.12830000,7339158.31685000
2025-02-05 05:00:00,6.12830000,6.23420000,6.05580000,6.10980000,6538523.53053000
2025-02-05 09:00:00,6.10980000,6.26250000,6.08120000,6.23930000,7128886.36622000
2025-02-05 13:00:00,6.23930000,6.26710000,6.08420000,6.13960000,8624097.21636000
2025-02-05 17:00:00,6.13960000,6.15560000,5.87500000,6.05150000,13801553.99249000
2025-02-05 21:00:00,6.05150000,6.08410000,5.87160000,5.96620000,7650130.39622000
2025-02-06 01:00:00,5.96620000,6.04810000,5.89010000,6.01080000,6504442.42779000
2025-02-06 05:00:00,6.01080000,6.15070000,5.99360000,6.04920000,9010915.05390000
2025-02-06 09:00:00,6.04920000,6.12840000,5.96680000,6.01260000,9179536.31276000
2025-02-06 13:00:00,6.01260000,6.03210000,5.70520000,5.76080000,17978403.39110000
2025-02-06 17:00:00,5.76080000,5.84680000,5.67030000,5.71950000,13717232.84102000
2025-02-06 21:00:00,5.71950000,5.83250000,5.67520000,5.72500000,7627933.35527000
2025-02-07 01:00:00,5.72500000,6.01910000,5.71840000,5.91740000,10243281.30961000
2025-02-07 05:00:00,5.91740000,5.94020000,5.70610000,5.70770000,9825251.22078000
2025-02-07 09:00:00,5.70770000,5.92170000,5.68020000,5.88960000,11375099.77206000
2025-02-07 13:00:00,5.88960000,6.24330000,5.82560000,6.01450000,23316211.21451000
2025-02-07 17:00:00,6.01450000,6.03450000,5.78520000,5.78870000,11305967.76760000
2025-02-07 21:00:00,5.78870000,5.79720000,5.52520000,5.70720000,14330353.83939000
2025-02-08 01:00:00,5.70720000,5.77010000,5.63210000,5.64330000,5931958.51939000
2025-02-08 05:00:00,5.64330000,5.65250000,5.50520000,5.59180000,7043160.19230000
2025-02-08 09:00:00,5.59180000,5.65970000,5.53140000,5.59250000,11929873.06433000
2025-02-08 13:00:00,5.59250000,5.75570000,5.53720000,5.67110000,7931804.78135000
2025-02-08 17:00:00,5.67110000,5.85030000,5.61860000,5.83100000,7410308.68883000
2025-02-08 21:00:00,5.83100000,5.88800000,5.78530000,5.84130000,4942500.82391000
2025-02-09 01:00:00,5.84130000,5.97910000,5.77140000,5.97040000,9676626.48923000
2025-02-09 05:00:00,5.97040000,5.96700000,5.84640000,5.89600000,4501373.92719000
2025-02-09 09:00:00,5.89600000,5.94830000,5.87860000,5.87890000,5198443.46813000
2025-02-09 13:00:00,5.87890000,5.91520000,5.74200000,5.90290000,7246033.63974000
2025-02-09 17:00:00,5.90290000,5.95920000,5.80780000,5.82860000,5877890.80063000
2025-02-09 21:00:00,5.82860000,5.92220000,5.59330000,5.89950000,12076864.01393000
2025-02-10 01:00:00,5.89950000,6.10110000,5.66550000,5.91870000,15439063.67386000
2025-02-10 05:00:00,5.91870000,6.13530000,5.89880000,6.06760000,16127430.25113000
2025-02-10 09:00:00,6.06760000,6.36200000,6.05730000,6.21020000,14249176.46494000
2025-02-10 13:00:00,6.21020000,6.39050000,6.08400000,6.21000000,17924456.41609000
2025-02-10 17:00:00,6.21000000,6.29450000,6.16670000,6.19280000,7153496.22381000
2025-02-10 21:00:00,6.19280000,6.24080000,6.12460000,6.18800000,4012783.80746000
2025-02-11 01:00:00,6.18800000,6.37920000,6.17890000,6.29190000,6560957.02811000
2025-02-11 05:00:00,6.29190000,6.39610000,6.14700000,6.32440000,11668029.62712000
2025-02-11 09:00:00,6.32440000,6.36060000,6.10290000,6.14410000,10732560.74531000
2025-02-11 13:00:00,6.14410000,6.15450000,5.84110000,5.95760000,14490354.34746000
2025-02-11 17:00:00,5.95760000,6.02330000,5.80320000,5.81670000,8887608.68884000
2025-02-11 21:00:00,5.81670000,5.93670000,5.80290000,5.88410000,5216866.11981000
2025-02-12 01:00:00,5.88410000,5.98350000,5.83050000,5.88220000,7993997.83011000
2025-02-12 05:00:00,5.88220000,5.94210000,5.82890000,5.90220000,4267975.86201000
2025-02-12 09:00:00,5.90220000,6.04500000,5.88560000,6.00540000,5260291.81456000
2025-02-12 13:00:00,6.00540000,6.12920000,5.73450000,5.90810000,18043670.80954000
2025-02-12 17:00:00,5.90810000,6.13690000,5.83250000,6.00780000,14453105.98713000
2025-02-12 21:00:00,6.00780000,6.24200000,5.97850000,6.14920000,7891063.61995000
2025-02-13 01:00:00,6.14920000,6.29710000,6.10040000,6.25880000,6782913.85150000
2025-02-13 05:00:00,6.25880000,6.27200000,6.06650000,6.08210000,9746474.21423000
2025-02-13 09:00:00,6.08210000,6.21440000,6.06890000,6.16840000,6595629.79558000
2025-02-13 13:00:00,6.16840000,6.19060000,5.94270000,6.06020000,12577321.07358000
2025-02-13 17:00:00,6.06020000,6.14560000,5.96670000,6.06190000,6764224.69288000
2025-02-13 21:00:00,6.06190000,6.20000000,6.05850000,6.13390000,4660774.53165000
2025-02-14 01:00:00,6.13390000,6.26060000,6.07740000,6.24410000,4622062.33156000
2025-02-14 05:00:00,6.24410000,6.24730000,6.14240000,6.18950000,3974783.98150000
2025-02-14 09:00:00,6.18950000,6.31450000,6.11630000,6.15430000,11382332.62198000
2025-02-14 13:00:00,6.15430000,6.27180000,6.05910000,6.14880000,12540512.21995000
2025-02-14 17:00:00,6.14880000,6.27600000,6.04640000,6.17110000,9758360.66595000
2025-02-14 21:00:00,6.17110000,6.19780000,6.01740000,6.09930000,7057151.48755000
2025-02-15 01:00:00,6.09930000,6.17850000,6.01540000,6.16980000,5271527.98531000
2025-02-15 05:00:00,6.16980000,6.25600000,6.11590000,6.13980000,6895441.74695000
2025-02-15 09:00:00,6.13980000,6.16370000,6.03050000,6.06220000,4904493.88676000
2025-02-15 13:00:00,6.06220000,6.14260000,5.95760000,5.98440000,6987165.75279000
2025-02-15 17:00:00,5.98440000,6.18830000,5.96040000,6.00760000,11596852.06581000
2025-02-15 21:00:00,6.00760000,6.05640000,5.97560000,6.00290000,3510602.54368000
2025-02-16 01:00:00,6.00290000,6.04270000,5.91660000,5.97120000,4732371.01130000
2025-02-16 05:00:00,5.97120000,6.01570000,5.86930000,5.88490000,5271866.52776000
2025-02-16 09:00:00,5.88490000,5.99600000,5.86220000,5.99600000,6018251.33430000
2025-02-16 13:00:00,5.99600000,6.00490000,5.83870000,5.89330000,5760311.44578000
2025-02-16 17:00:00,5.89330000,5.91450000,5.76110000,5.83310000,9708435.20304000
2025-02-16 21:00:00,5.83310000,5.85880000,5.76300000,5.81010000,4327114.58161000
2025-02-17 01:00:00,5.81010000,5.91700000,5.80370000,5.90180000,6438748.53000000
2025-02-17 05:00:00,5.90180000,5.91990000,5.75540000,5.83400000,5670594.71246000
2025-02-17 09:00:00,5.83400000,6.11630000,5.80880000,6.03100000,7960261.99559000
2025-02-17 13:00:00,6.03100000,6.15330000,5.98590000,5.99800000,6881050.31934000
2025-02-17 17:00:00,5.99800000,6.04890000,5.79640000,5.91680000,7979054.62951000
2025-02-17 21:00:00,5.91680000,6.05900000,5.87060000,5.93160000,7364276.68922000
2025-02-18 01:00:00,5.93160000,5.94980000,5.82900000,5.88500000,5333030.93878000
2025-02-18 05:00:00,5.88500000,5.92780000,5.48440000,5.54560000,18914654.84961000
2025-02-18 09:00:00,5.54560000,5.63100000,5.47900000,5.58880000,8710011.47161000
2025-02-18 13:00:00,5.58880000,5.67640000,5.40680000,5.43900000,11341472.09924000
2025-02-18 17:00:00,5.43900000,5.54150000,5.33630000,5.51120000,10351983.02578000
2025-02-18 21:00:00,5.51120000,5.63850000,5.48150000,5.62720000,5631285.05034000
2025-02-19 01:00:00,5.62720000,5.85870000,5.58240000,5.80820000,7397333.12355000
2025-02-19 05:00:00,5.80820000,6.25740000,5.74650000,6.17930000,20234923.04702000
2025-02-19 09:00:00,6.17930000,6.50030000,6.16560000,6.46460000,31346764.78292000
2025-02-19 13:00:00,6.46460000,6.60760000,6.36860000,6.42980000,45441197.96110000
2025-02-19 17:00:00,6.42980000,6.57200000,6.38960000,6.42420000,24015951.12232000
2025-02-19 21:00:00,6.42420000,6.49340000,6.23060000,6.31910000,19801649.23579000
2025-02-20 01:00:00,6.31910000,6.75260000,6.27040000,6.71800000,25965422.66306000
2025-02-20 05:00:00,6.71800000,7.04540000,6.53370000,6.55070000,40047220.76874000
2025-02-20 09:00:00,6.55070000,6.69230000,6.45330000,6.57690000,20681556.17978000
2025-02-20 13:00:00,6.57690000,6.58420000,6.17090000,6.17880000,24469710.22936000
2025-02-20 17:00:00,6.17880000,6.38900000,6.14580000,6.29520000,18965283.41990000
2025-02-20 21:00:00,6.29520000,6.36650000,6.22180000,6.31800000,10405066.84381000
2025-02-21 01:00:00,6.31800000,6.43280000,6.21500000,6.35090000,16456888.55292000
2025-02-21 05:00:00,6.35090000,6.44570000,6.32250000,6.34610000,11187245.29224000
2025-02-21 09:00:00,6.34610000,6.49490000,6.32240000,6.35330000,11604339.69780000
2025-02-21 13:00:00,6.35330000,6.43100000,6.03380000,6.16170000,26374214.54202000
2025-02-21 17:00:00,6.16170000,6.30990000,5.89700000,5.91820000,25505633.68358000
2025-02-21 21:00:00,5.91820000,6.06140000,5.90890000,5.98080000,8443682.04089000
2025-02-22 01:00:00,5.98080000,6.04050000,5.92150000,5.96130000,7429190.21118000
2025-02-22 05:00:00,5.96130000,6.10660000,5.95040000,6.04980000,7277284.81479000
2025-02-22 09:00:00,6.04980000,6.07820000,5.91670000,6.05290000,10217265.08616000
2025-02-22 13:00:00,6.05290000,6.10510000,5.99390000,6.08310000,7323918.84687000
2025-02-22 17:00:00,6.08310000,6.15880000,6.05440000,6.06080000,7470728.35728000
2025-02-22 21:00:00,6.06080000,6.08670000,6.02010000,6.02240000,3611584.75438000
2025-02-23 01:00:00,6.02240000,6.15160000,5.99740000,6.00320000,7191662.90282000
2025-02-23 05:00:00,6.00320000,6.22770000,5.95730000,6.20580000,8764564.93330000
2025-02-23 09:00:00,6.20580000,6.23320000,6.12510000,6.14570000,6797540.33718000
2025-02-23 13:00:00,6.14570000,6.20740000,6.05740000,6.07080000,6615524.76116000
2025-02-23 17:00:00,6.07080000,6.17640000,6.06270000,6.10110000,4579188.36893000
2025-02-23 21:00:00,6.10110000,6.15430000,6.04620000,6.11260000,4518877.27981000
2025-02-24 01:00:00,6.11260000,6.15240000,5.77960000,5.79160000,12625301.91146000
2025-02-24 05:00:00,5.79160000,5.85660000,5.73360000,5.81360000,6468586.34185000
2025-02-24 09:00:00,5.81360000,5.82710000,5.70530000,5.78730000,8638910.94989000
2025-02-24 13:00:00,5.78730000,5.85330000,5.63530000,5.70720000,11532985.93972000
2025-02-24 17:00:00,5.70720000,5.75170000,5.53850000,5.60360000,8369105.55538000
2025-02-24 21:00:00,5.60360000,5.71840000,5.27010000,5.40220000,15450804.28046000
2025-02-25 01:00:00,5.40220000,5.48510000,5.27300000,5.32830000,10958887.35723000
2025-02-25 05:00:00,5.32830000,5.43280000,5.04090000,5.24310000,20908624.00246000
2025-02-25 09:00:00,5.24310000,5.45780000,5.17120000,5.42580000,14029275.79638000
2025-02-25 13:00:00,5.42580000,5.54760000,5.27190000,5.48350000,14588283.49208000
2025-02-25 17:00:00,5.48350000,5.70480000,5.45420000,5.69950000,8931002.65544000
2025-02-25 21:00:00,5.69950000,5.78990000,5.62880000,5.63080000,7358392.06065000
2025-02-26 01:00:00,5.63080000,5.64330000,5.51560000,5.58200000,9674617.61830000
2025-02-26 05:00:00,5.58200000,5.68640000,5.57790000,5.64020000,5703338.38316000
2025-02-26 09:00:00,5.64020000,5.74620000,5.57780000,5.64460000,7126857.08445000
2025-02-26 13:00:00,5.64460000,5.78980000,5.52160000,5.77180000,11099910.23587000
2025-02-26 17:00:00,5.77180000,5.85740000,5.56970000,5.68080000,14491089.08216000
2025-02-26 21:00:00,5.68080000,5.95200000,5.66760000,5.90210000,11045360.41231000
2025-02-27 01:00:00,5.90210000,6.48490000,5.90210000,6.25840000,22003085.98296000
2025-02-27 05:00:00,6.25840000,6.48990000,6.05610000,6.13270000,20839987.72286000
2025-02-27 09:00:00,6.13270000,6.20810000,6.08970000,6.10570000,9380923.65811000
2025-02-27 13:00:00,6.10570000,6.30010000,6.09010000,6.23200000,15601789.24375000
2025-02-27 17:00:00,6.23200000,6.25250000,6.07200000,6.09620000,9020342.14908000
2025-02-27 21:00:00,6.09620000,6.15120000,6.01740000,6.14970000,7949609.90679000
2025-02-28 01:00:00,6.14970000,6.17220000,5.76250000,5.77740000,22206699.25663000
2025-02-28 05:00:00,5.77740000,5.83240000,5.63090000,5.70940000,13030431.09051000
2025-02-28 09:00:00,5.70940000,5.96240000,5.62710000,5.91090000,12286097.06692000
2025-02-28 13:00:00,5.91090000,6.28120000,5.84600000,6.19400000,13806327.78328000
2025-02-28 17:00:00,6.19400000,6.47320000,6.16770000,6.38460000,11705144.32693000
2025-02-28 21:00:00,6.38460000,6.48180000,6.31430000,6.45500000,8125612.53666000
2025-03-01 01:00:00,6.45500000,6.49770000,6.35670000,6.41570000,6966020.69157000
2025-03-01 05:00:00,6.41570000,6.47570000,6.36090000,6.42040000,6526409.40121000
2025-03-01 09:00:00,6.42040000,6.60480000,6.41370000,6.51840000,16069906.55866000
2025-03-01 13:00:00,6.51840000,6.55090000,6.30550000,6.39360000,12903104.06091000
2025-03-01 17:00:00,6.39360000,6.45380000,6.33350000,6.36980000,5523480.64554000
2025-03-01 21:00:00,6.36980000,6.44290000,6.22390000,6.30380000,7680567.06951000
2025-03-02 01:00:00,6.30380000,6.30440000,6.20810000,6.22410000,4952226.77611000
2025-03-02 05:00:00,6.22410000,6.27960000,6.20420000,6.21140000,4261467.96592000
2025-03-02 09:00:00,6.21140000,6.29490000,6.18200000,6.22410000,4940027.15407000
2025-03-02 13:00:00,6.22410000,6.46300000,6.15430000,6.30100000,13965756.62727000
2025-03-02 17:00:00,6.30100000,6.80700000,6.28160000,6.65130000,23010930.80680000
2025-03-02 21:00:00,6.65130000,6.75490000,6.57410000,6.75490000,6965917.35229000
2025-03-03 01:00:00,6.75490000,6.78210000,6.35130000,6.40440000,9515451.01512000
2025-03-03 05:00:00,6.40440000,6.44220000,6.17150000,6.39530000,12838249.31053000
2025-03-03 09:00:00,6.39530000,6.40760000,6.26900000,6.33130000,7673505.21986000
2025-03-03 13:00:00,6.33130000,6.43510000,6.19310000,6.21480000,10810615.44630000
2025-03-03 17:00:00,6.21480000,6.25270000,5.76080000,5.79110000,14285114.04434000
2025-03-03 21:00:00,5.79110000,5.84740000,5.61450000,5.73140000,10625437.86454000
2025-03-04 01:00:00,5.73140000,5.77140000,5.32730000,5.51100000,15768679.96756000
2025-03-04 05:00:00,5.51100000,5.54380000,5.42110000,5.45200000,10717861.83266000
2025-03-04 09:00:00,5.45200000,5.50870000,5.37390000,5.40730000,6056623.13395000
2025-03-04 13:00:00,5.40730000,5.55040000,5.23060000,5.35340000,15691494.94694000
2025-03-04 17:00:00,5.35340000,5.53040000,5.03290000,5.51310000,15929774.71017000
2025-03-04 21:00:00,5.51310000,5.59020000,5.38840000,5.45290000,7094534.46496000
2025-03-05 01:00:00,5.45290000,5.62630000,5.39490000,5.43430000,8003212.72002000
2025-03-05 05:00:00,5.43430000,5.51670000,5.41850000,5.49520000,4762425.58994000
2025-03-05 09:00:00,5.49520000,5.99190000,5.49080000,5.83070000,19059794.29792000
2025-03-05 13:00:00,5.83070000,5.95650000,5.75330000,5.89950000,12458311.71360000
2025-03-05 17:00:00,5.89950000,6.44530000,5.81260000,6.35340000,34365474.08670000
2025-03-05 21:00:00,6.35340000,6.54380000,6.12530000,6.20460000,40939930.43464000
2025-03-06 01:00:00,6.20460000,6.30140000,6.10970000,6.24490000,11027186.41733000
2025-03-06 05:00:00,6.24490000,6.28560000,6.14920000,6.17240000,9928524.11701000
2025-03-06 09:00:00,6.17240000,6.25930000,6.13660000,6.23210000,7796979.62507000
2025-03-06 13:00:00,6.23210000,6.24640000,6.02060000,6.13100000,15759717.63423000
2025-03-06 17:00:00,6.13100000,6.14830000,5.91110000,5.95820000,10933153.14932000
2025-03-06 21:00:00,5.95820000,6.07930000,5.94410000,5.99510000,6798722.04520000
2025-03-07 01:00:00,5.99510000,6.20390000,5.80960000,6.03540000,17942965.99186000
2025-03-07 05:00:00,6.03540000,6.25360000,6.02410000,6.09960000,7244225.46123000
2025-03-07 09:00:00,6.09960000,6.22220000,6.05760000,6.20210000,6713209.02328000
2025-03-07 13:00:00,6.20210000,6.32310000,6.13840000,6.18790000,10459771.86999000
2025-03-07 17:00:00,6.18790000,6.37220000,6.05990000,6.24750000,10245129.54504000
2025-03-07 21:00:00,6.24750000,6.37740000,6.15020000,6.16350000,11385758.60331000
2025-03-08 01:00:00,6.16350000,6.21280000,6.02810000,6.07330000,9274919.88525000
2025-03-08 05:00:00,6.07330000,6.13350000,5.98700000,5.99900000,4243188.84464000
2025-03-08 09:00:00,5.99900000,6.00840000,5.85160000,5.86150000,6327172.82744000
2025-03-08 13:00:00,5.86150000,5.97740000,5.82370000,5.83230000,6202626.98868000
2025-03-08 17:00:00,5.83230000,5.98840000,5.76840000,5.97950000,5826755.66176000
2025-03-08 21:00:00,5.97950000,5.98140000,5.86410000,5.94990000,3426489.86314000
2025-03-09 01:00:00,5.94990000,5.99320000,5.91300000,5.91810000,3054035.57994000
2025-03-09 05:00:00,5.91810000,6.14330000,5.90830000,6.05170000,7754887.36450000
2025-03-09 09:00:00,6.05170000,6.06860000,5.92480000,5.96150000,7847469.09854000
2025-03-09 13:00:00,5.96150000,6.08480000,5.87710000,5.93480000,14546194.02941000
2025-03-09 17:00:00,5.93480000,6.02650000,5.62370000,5.79600000,20328317.71940000
2025-03-09 21:00:00,5.79600000,5.83460000,5.57420000,5.60880000,9799270.16852000
2025-03-10 01:00:00,5.60880000,5.74560000,5.49970000,5.59460000,13787878.35822000
2025-03-10 05:00:00,5.59460000,5.68410000,5.50850000,5.53450000,6759061.32988000
2025-03-10 09:00:00,5.53450000,5.75330000,5.36570000,5.62240000,15218184.09333000
2025-03-10 13:00:00,5.62240000,5.66580000,5.28760000,5.35190000,13316299.16086000
2025-03-10 17:00:00,5.35190000,5.36650000,5.00520000,5.19550000,17717110.39667000
2025-03-10 21:00:00,5.19550000,5.25060000,5.06510000,5.19330000,12289239.86047000
2025-03-11 01:00:00,5.19330000,5.31430000,5.01090000,5.21970000,19128429.46883000
2025-03-11 05:00:00,5.21970000,5.45650000,5.20440000,5.44000000,7134782.97496000
2025-03-11 09:00:00,5.44000000,5.65390000,5.41380000,5.52140000,12857322.20944000
2025-03-11 13:00:00,5.52140000,5.62800000,5.33220000,5.49070000,17926713.68277000
2025-03-11 17:00:00,5.49070000,5.61500000,5.39260000,5.57390000,8914338.47548000
2025-03-11 21:00:00,5.57390000,5.58110000,5.26340000,5.30670000,10601476.60316000
2025-03-12 01:00:00,5.30670000,5.36350000,5.09260000,5.10260000,10244997.52508000
2025-03-12 05:00:00,5.10260000,5.18560000,5.06070000,5.17980000,8396072.89222000
2025-03-12 09:00:00,5.17980000,5.26890000,5.11050000,5.18310000,9573481.74087000
2025-03-12 13:00:00,5.18310000,5.29980000,5.01170000,5.10400000,19089538.88135000
2025-03-12 17:00:00,5.10400000,5.15450000,5.05140000,5.11360000,7966608.59759000
2025-03-12 21:00:00,5.11360000,5.21140000,5.10010000,5.20130000,5463790.88408000
2025-03-13 01:00:00,5.20130000,5.22000000,5.10390000,5.12060000,5862585.36869000
2025-03-13 05:00:00,5.12060000,5.14340000,5.02380000,5.12480000,6065411.79731000
2025-03-13 09:00:00,5.12480000,5.20740000,5.05640000,5.17470000,9030179.85902000
2025-03-13 13:00:00,5.17470000,5.20840000,5.02800000,5.10320000,10901213.14895000
2025-03-13 17:00:00,5.10320000,5.13360000,4.90490000,4.99160000,16599150.33585000
2025-03-13 21:00:00,4.99160000,5.17870000,4.96550000,5.14660000,5826530.17871000
2025-03-14 01:00:00,5.14660000,5.20980000,5.12090000,5.14970000,4814661.65000000
2025-03-14 05:00:00,5.14970000,5.16780000,5.11370000,5.13720000,3429719.91096000
2025-03-14 09:00:00,5.13720000,5.24730000,5.12870000,5.21540000,5175034.62493000
2025-03-14 13:00:00,5.21540000,5.32380000,5.13750000,5.25170000,10853688.90425000
2025-03-14 17:00:00,5.25170000,5.32550000,5.20210000,5.22610000,6668636.95712000
2025-03-14 21:00:00,5.22610000,5.25100000,5.16080000,5.20620000,4467852.93493000
2025-03-15 01:00:00,5.20620000,5.30570000,5.18050000,5.28980000,3448312.33230000
2025-03-15 05:00:00,5.28980000,5.35460000,5.26600000,5.28010000,5017609.65822000
2025-03-15 09:00:00,5.28010000,5.38170000,5.26870000,5.30340000,6451220.09858000
2025-03-15 13:00:00,5.30340000,5.35720000,5.29020000,5.31700000,4539615.99432000
2025-03-15 17:00:00,5.31700000,5.37180000,5.30670000,5.35030000,4137020.28217000
2025-03-15 21:00:00,5.35030000,5.43740000,5.33660000,5.34480000,4049663.22782000
2025-03-16 01:00:00,5.34480000,5.38270000,5.28660000,5.34670000,3751853.00146000
2025-03-16 05:00:00,5.34670000,5.38730000,5.31020000,5.32450000,2282365.27943000
2025-03-16 09:00:00,5.32450000,5.33180000,5.15610000,5.16770000,6113021.00350000
2025-03-16 13:00:00,5.16770000,5.24360000,5.12890000,5.16970000,4823926.79320000
2025-03-16 17:00:00,5.16970000,5.27340000,5.09440000,5.13330000,5483762.39669000
2025-03-16 21:00:00,5.13330000,5.18810000,5.10250000,5.13970000,2935200.19834000
2025-03-17 01:00:00,5.13970000,5.39230000,5.13970000,5.35320000,5621805.74442000
2025-03-17 05:00:00,5.35320000,5.38770000,5.25150000,5.34510000,6306004.70697000
2025-03-17 09:00:00,5.34510000,5.41570000,5.31360000,5.36950000,5259253.55496000
2025-03-17 13:00:00,5.36950000,5.44060000,5.33750000,5.38360000,6004105.95054000
2025-03-17 17:00:00,5.38360000,5.44480000,5.34140000,5.38180000,4277383.03859000
2025-03-17 21:00:00,5.38180000,5.43010000,5.33370000,5.34270000,3096592.21357000
2025-03-18 01:00:00,5.34270000,5.34480000,5.22190000,5.23490000,3454626.58126000
2025-03-18 05:00:00,5.23490000,5.33260000,5.21640000,5.32630000,4608790.68483000
2025-03-18 09:00:00,5.32630000,5.46990000,5.32190000,5.36910000,7787926.55378000
2025-03-18 13:00:00,5.36910000,5.46010000,5.30080000,5.38400000,7010101.96630000
2025-03-18 17:00:00,5.38400000,5.40060000,5.20790000,5.28860000,5926292.47367000
2025-03-18 21:00:00,5.28860000,5.45400000,5.26010000,5.42620000,4382875.42199000
2025-03-19 01:00:00,5.42620000,5.54660000,5.35670000,5.53870000,5086194.68553000
2025-03-19 05:00:00,5.53870000,5.56550000,5.43230000,5.49890000,4499738.66982000
2025-03-19 09:00:00,5.49890000,5.63560000,5.46810000,5.60370000,9344407.23244000
2025-03-19 13:00:00,5.60370000,5.63120000,5.50050000,5.59580000,8025824.92697000
2025-03-19 17:00:00,5.59580000,5.61080000,5.48290000,5.56620000,6983997.32937000
2025-03-19 21:00:00,5.56620000,5.61570000,5.52350000,5.60060000,3186592.93571000
2025-03-20 01:00:00,5.60060000,5.62460000,5.47750000,5.49990000,3711465.73518000
2025-03-20 05:00:00,5.49990000,5.52310000,5.47140000,5.47860000,2559038.13873000
2025-03-20 09:00:00,5.47860000,5.52400000,5.40270000,5.41970000,4630526.93982000
2025-03-20 13:00:00,5.41970000,5.53500000,5.40560000,5.46190000,5051316.42346000
2025-03-20 17:00:00,5.46190000,5.54670000,5.45410000,5.54460000,4657641.41143000
2025-03-20 21:00:00,5.54460000,5.63790000,5.54000000,5.62600000,4795245.40027000
2025-03-21 01:00:00,5.62600000,5.68610000,5.54660000,5.55960000,5103359.86905000
2025-03-21 05:00:00,5.55960000,5.62540000,5.46550000,5.48630000,4866398.43478000
2025-03-21 09:00:00,5.48630000,5.51280000,5.40040000,5.48860000,4675283.05993000
2025-03-21 13:00:00,5.48860000,5.55550000,5.44580000,5.49060000,5495030.92532000
2025-03-21 17:00:00,5.49060000,5.63620000,5.46490000,5.63290000,4349365.05014000
2025-03-21 21:00:00,5.63290000,5.74080000,5.60500000,5.61470000,4993695.83612000
2025-03-22 01:00:00,5.61470000,5.67240000,5.58500000,5.65740000,2765030.70880000
2025-03-22 05:00:00,5.65740000,5.72130000,5.65090000,5.68280000,2964459.79697000
2025-03-22 09:00:00,5.68280000,5.79910000,5.67880000,5.76460000,4485206.81062000
2025-03-22 13:00:00,5.76460000,5.81410000,5.70650000,5.77040000,5282382.88808000
2025-03-22 17:00:00,5.77040000,5.81390000,5.73990000,5.74920000,3284388.86187000
2025-03-22 21:00:00,5.74920000,5.75390000,5.65850000,5.67420000,4357804.18909000
2025-03-23 01:00:00,5.67420000,5.67420000,5.62110000,5.64340000,3556822.35910000
2025-03-23 05:00:00,5.64340000,5.65700000,5.58400000,5.64140000,3954282.04916000
2025-03-23 09:00:00,5.64140000,5.66140000,5.60320000,5.61690000,3657951.32105000
2025-03-23 13:00:00,5.61690000,5.66560000,5.60490000,5.65180000,3099543.09040000
2025-03-23 17:00:00,5.65180000,5.69620000,5.61160000,5.67710000,2811871.95237000
2025-03-23 21:00:00,5.67710000,5.71620000,5.62870000,5.70940000,2857656.89826000
2025-03-24 01:00:00,5.70940000,5.79230000,5.60880000,5.71370000,6970052.63499000
2025-03-24 05:00:00,5.71370000,5.92860000,5.71280000,5.78470000,9046195.21493000
2025-03-24 09:00:00,5.78470000,5.86720000,5.77820000,5.83260000,4088707.20857000
2025-03-24 13:00:00,5.83260000,5.91710000,5.79230000,5.85470000,4571153.09702000
2025-03-24 17:00:00,5.85470000,5.92740000,5.79730000,5.91520000,3589226.87837000
2025-03-24 21:00:00,5.91520000,6.04980000,5.90620000,6.02900000,5484138.53013000
2025-03-25 01:00:00,6.02900000,6.09960000,5.89950000,5.92650000,4693913.97559000
2025-03-25 05:00:00,5.92650000,5.99400000,5.91570000,5.96620000,3122746.27971000
2025-03-25 09:00:00,5.96620000,5.98810000,5.91790000,5.96100000,4305469.03862000
2025-03-25 13:00:00,5.96100000,5.99410000,5.81940000,5.84710000,6560812.65734000
2025-03-25 17:00:00,5.84710000,5.90770000,5.83040000,5.87970000,4329715.30511000
2025-03-25 21:00:00,5.87970000,5.94800000,5.86080000,5.91140000,2678766.52213000
2025-03-26 01:00:00,5.91140000,5.94840000,5.85120000,5.86260000,2946372.00329000
2025-03-26 05:00:00,5.86260000,5.98470000,5.85720000,5.97940000,2691943.70094000
2025-03-26 09:00:00,5.97940000,6.05140000,5.95010000,6.03190000,4363327.55099000
2025-03-26 13:00:00,6.03190000,6.03580000,5.81980000,5.89350000,6223163.59628000
2025-03-26 17:00:00,5.89350000,5.91490000,5.78520000,5.87050000,3806873.73141000
2025-03-26 21:00:00,5.87050000,5.94640000,5.82600000,5.94220000,3455242.25099000
2025-03-27 01:00:00,5.94220000,6.03960000,5.91100000,6.02940000,3932404.85223000
2025-03-27 05:00:00,6.02940000,6.07900000,5.97780000,5.99350000,4218579.19865000
2025-03-27 09:00:00,5.99350000,6.03790000,5.86400000,5.87320000,3664009.85747000
2025-03-27 13:00:00,5.87320000,5.97870000,5.82290000,5.94270000,5208646.09694000
2025-03-27 17:00:00,5.94270000,5.96930000,5.89910000,5.90760000,2317397.49500000
2025-03-27 21:00:00,5.90760000,6.02560000,5.89840000,5.95860000,5592198.86776000
2025-03-28 01:00:00,5.95860000,5.96090000,5.84330000,5.86830000,2900301.62476000
2025-03-28 05:00:00,5.86830000,5.87790000,5.54810000,5.57940000,8981800.74556000
2025-03-28 09:00:00,5.57940000,5.64440000,5.46000000,5.50440000,6340164.50463000
2025-03-28 13:00:00,5.50440000,5.56040000,5.43030000,5.53360000,5872815.84962000
2025-03-28 17:00:00,5.53360000,5.57450000,5.50120000,5.50630000,3693507.93883000
2025-03-28 21:00:00,5.50630000,5.57970000,5.47870000,5.54450000,2783852.73160000
2025-03-29 01:00:00,5.54450000,5.59070000,5.45230000,5.54610000,3317352.17726000
2025-03-29 05:00:00,5.54610000,5.54780000,5.42360000,5.45640000,2852342.48138000
2025-03-29 09:00:00,5.45640000,5.50380000,5.31040000,5.33620000,6669332.98362000
2025-03-29 13:00:00,5.33620000,5.38900000,5.29100000,5.30130000,3069570.39701000
2025-03-29 17:00:00,5.30130000,5.31260000,5.15630000,5.21530000,5691659.98882000
2025-03-29 21:00:00,5.21530000,5.22990000,5.14610000,5.22400000,2434094.26130000
2025-03-30 01:00:00,5.22400000,5.31360000,5.16190000,5.27260000,3111387.22147000
2025-03-30 06:00:00,5.27260000,5.31700000,5.25620000,5.29270000,2131258.87817000
2025-03-30 10:00:00,5.29270000,5.35120000,5.28080000,5.31330000,2724539.76112000
2025-03-30 14:00:00,5.31330000,5.32380000,5.22500000,5.29140000,2810090.23136000
2025-03-30 18:00:00,5.29140000,5.40470000,5.25170000,5.35220000,3973452.31866000
2025-03-30 22:00:00,5.35220000,5.36660000,5.21980000,5.29480000,2992576.37658000
2025-03-31 02:00:00,5.29480000,5.34460000,5.20310000,5.22960000,3362932.43488000
2025-03-31 06:00:00,5.22960000,5.28150000,5.09340000,5.13340000,3926133.97431000
2025-03-31 10:00:00,5.13340000,5.20790000,5.06650000,5.19250000,3568795.55251000
2025-03-31 14:00:00,5.19250000,5.42350000,5.16410000,5.34010000,6793319.12053000
2025-03-31 18:00:00,5.34010000,5.36650000,5.25540000,5.25860000,3096287.56233000
2025-03-31 22:00:00,5.25860000,5.29220000,5.22460000,5.26170000,1623811.51566000
2025-04-01 02:00:00,5.26170000,5.33970000,5.24700000,5.29530000,2131168.36465000
2025-04-01 06:00:00,5.29530000,5.32980000,5.27020000,5.29210000,1960171.73432000
2025-04-01 10:00:00,5.29210000,5.41220000,5.28300000,5.34130000,4260417.41177000
2025-04-01 14:00:00,5.34130000,5.45550000,5.26830000,5.42160000,3889280.69411000
2025-04-01 18:00:00,5.42160000,5.44250000,5.33770000,5.37470000,3404026.46564000
2025-04-01 22:00:00,5.37470000,5.44430000,5.33150000,5.39870000,1599490.45399000
2025-04-02 02:00:00,5.39870000,5.39870000,5.20290000,5.27970000,2976533.19037000
2025-04-02 06:00:00,5.27970000,5.30340000,5.18530000,5.26460000,5129702.43718000
2025-04-02 10:00:00,5.26460000,5.33890000,5.24900000,5.30150000,1973958.55646000
2025-04-02 14:00:00,5.30150000,5.44680000,5.22690000,5.41320000,3806008.14790000
2025-04-02 18:00:00,5.41320000,5.45210000,5.33440000,5.41370000,3062560.76587000
2025-04-02 22:00:00,5.41370000,5.50850000,5.01520000,5.09540000,8493752.39958000
2025-04-03 02:00:00,5.09540000,5.27610000,5.07790000,5.25730000,2810925.82264000
2025-04-03 06:00:00,5.25730000,5.32760000,5.17380000,5.21690000,2409045.28732000
2025-04-03 10:00:00,5.21690000,5.28130000,5.11970000,5.13860000,3631006.81563000
2025-04-03 14:00:00,5.13860000,5.16500000,4.95680000,4.99980000,6834997.90784000
2025-04-03 18:00:00,4.99980000,5.05660000,4.94100000,5.00420000,3433094.94380000
2025-04-03 22:00:00,5.00420000,5.09230000,4.98010000,5.05450000,2524629.49197000
2025-04-04 02:00:00,5.05450000,5.07180000,4.95260000,4.98380000,2635026.28864000
2025-04-04 06:00:00,4.98380000,5.07800000,4.92250000,5.07360000,3185984.83075000
2025-04-04 10:00:00,5.07360000,5.09740000,4.73490000,4.78020000,7271068.45341000
2025-04-04 14:00:00,4.78020000,4.94620000,4.73600000,4.82600000,6931347.83179000
2025-04-04 18:00:00,4.82600000,4.89890000,4.75710000,4.88800000,6431597.41181000
2025-04-04 22:00:00,4.88800000,4.94520000,4.87110000,4.90350000,2126838.87930000
2025-04-05 02:00:00,4.90350000,4.94180000,4.82870000,4.83170000,1648016.66673000
2025-04-05 06:00:00,4.83170000,4.90210000,4.82460000,4.89040000,1547745.84227000
2025-04-05 10:00:00,4.89040000,4.93340000,4.87950000,4.89200000,1603863.17360000
2025-04-05 14:00:00,4.89200000,4.89860000,4.77970000,4.80090000,2702172.05213000
2025-04-05 18:00:00,4.80090000,4.83260000,4.78840000,4.81230000,1502290.56589000
2025-04-05 22:00:00,4.81230000,4.89060000,4.79770000,4.88310000,1873987.82730000
2025-04-06 02:00:00,4.88310000,4.91380000,4.83220000,4.85830000,1578837.93189000
2025-04-06 06:00:00,4.85830000,4.86080000,4.71560000,4.74800000,2403615.20242000
2025-04-06 10:00:00,4.74800000,4.80570000,4.72650000,4.76360000,2262793.21591000
2025-04-06 14:00:00,4.76360000,4.77590000,4.61870000,4.64280000,5470219.10962000
2025-04-06 18:00:00,4.64280000,4.64930000,4.35020000,4.40070000,8267388.51513000
2025-04-06 22:00:00,4.40070000,4.43170000,4.23880000,4.34480000,5418406.71327000
2025-04-07 02:00:00,4.34480000,4.43430000,4.12800000,4.22310000,4709082.92308000
2025-04-07 06:00:00,4.22310000,4.27990000,3.88950000,4.01230000,8105392.15581000
2025-04-07 10:00:00,4.01230000,4.28250000,3.98650000,4.19130000,5340420.19243000
2025-04-07 14:00:00,4.19130000,4.57560000,4.14540000,4.33320000,12083498.15507000
2025-04-07 18:00:00,4.33320000,4.48200000,4.31450000,4.39530000,4458300.42042000
2025-04-07 22:00:00,4.39530000,4.49880000,4.39730000,4.40940000,2071209.13070000
2025-04-08 02:00:00,4.40940000,4.56710000,4.36470000,4.48180000,2754140.66754000
2025-04-08 06:00:00,4.48180000,4.51730000,4.37160000,4.40190000,2034864.80771000
2025-04-08 10:00:00,4.40190000,4.68170000,4.38540000,4.67560000,4752555.07578000
2025-04-08 14:00:00,4.67560000,4.71320000,4.55510000,4.55850000,5879564.11350000
2025-04-08 18:00:00,4.55850000,4.56340000,4.31440000,4.34180000,5577123.13334000
2025-04-08 22:00:00,4.34180000,4.40660000,4.30590000,4.35390000,2917636.39902000
2025-04-09 02:00:00,4.35390000,4.40860000,4.17480000,4.30960000,4856069.79914000
2025-04-09 06:00:00,4.30960000,4.42400000,4.29540000,4.38680000,5320379.33177000
2025-04-09 10:00:00,4.38680000,4.41450000,4.23240000,4.24700000,3901719.26948000
2025-04-09 14:00:00,4.24700000,4.40110000,4.22100000,4.35820000,3437456.96891000
2025-04-09 18:00:00,4.35820000,4.79150000,4.34780000,4.77870000,8148585.91194000
2025-04-09 22:00:00,4.77870000,4.82730000,4.71550000,4.73040000,3011259.62131000
2025-04-10 02:00:00,4.73040000,4.73340000,4.58400000,4.62580000,2406256.81568000
2025-04-10 06:00:00,4.62580000,4.65900000,4.56720000,4.58740000,1721404.69133000
2025-04-10 10:00:00,4.58740000,4.61640000,4.52290000,4.55760000,2674391.62982000
2025-04-10 14:00:00,4.55760000,4.63650000,4.43550000,4.46310000,3525158.70754000
2025-04-10 18:00:00,4.46310000,4.59220000,4.44300000,4.56590000,1947804.89577000
2025-04-10 22:00:00,4.56590000,4.63070000,4.56490000,4.60930000,1123950.40232000
2025-04-11 02:00:00,4.60930000,4.76290000,4.60850000,4.73090000,2521668.36266000
2025-04-11 06:00:00,4.73090000,4.75140000,4.70400000,4.72130000,1178098.86175000
2025-04-11 10:00:00,4.72130000,4.78720000,4.69820000,4.74410000,2178939.36892000
2025-04-11 14:00:00,4.74410000,4.83060000,4.71650000,4.80340000,2712817.64048000
2025-04-11 18:00:00,4.80340000,4.86570000,4.76550000,4.81490000,2429272.68208000
2025-04-11 22:00:00,4.81490000,4.83450000,4.78080000,4.78530000,1196986.83489000
2025-04-12 02:00:00,4.78530000,4.79270000,4.74550000,4.78960000,1219157.00443000
2025-04-12 06:00:00,4.78960000,4.85420000,4.76100000,4.83870000,2292885.69981000
2025-04-12 10:00:00,4.83870000,4.88740000,4.83550000,4.85530000,1671394.89696000
2025-04-12 14:00:00,4.85530000,4.98980000,4.82540000,4.95540000,2725883.60916000
2025-04-12 18:00:00,4.95540000,4.98080000,4.91070000,4.92020000,1798363.54821000
2025-04-12 22:00:00,4.92020000,4.98940000,4.91000000,4.96070000,1306289.23487000
2025-04-13 02:00:00,4.96070000,5.00660000,4.91460000,4.95800000,1947653.33316000
2025-04-13 06:00:00,4.95800000,4.96530000,4.89700000,4.90900000,1252037.42614000
2025-04-13 10:00:00,4.90900000,5.19990000,4.88700000,5.00440000,8343881.14399000
2025-04-13 14:00:00,5.00440000,5.04050000,4.90330000,4.93440000,2928357.20130000
2025-04-13 18:00:00,4.93440000,5.05380000,4.81630000,4.88130000,3855405.55616000
2025-04-13 22:00:00,4.88130000,4.91440000,4.74440000,4.82110000,2657202.90131000
2025-04-14 02:00:00,4.82110000,4.98890000,4.80470000,4.90610000,2567591.56269000
2025-04-14 06:00:00,4.90610000,4.97830000,4.80610000,4.85160000,3220914.74904000
2025-04-14 10:00:00,4.85160000,4.99760000,4.82700000,4.95910000,2246412.22288000
2025-04-14 14:00:00,4.95910000,4.99460000,4.80310000,4.81880000,3904790.34114000
2025-04-14 18:00:00,4.81880000,4.89210000,4.76930000,4.86970000,3013329.70347000
2025-04-14 22:00:00,4.86970000,4.89860000,4.78310000,4.80900000,1815360.59280000
2025-04-15 02:00:00,4.80900000,4.82650000,4.72930000,4.80230000,2185785.76153000
2025-04-15 06:00:00,4.80230000,4.81000000,4.63740000,4.73220000,6059352.29988000
2025-04-15 10:00:00,4.73220000,4.77060000,4.68350000,4.70180000,2632884.93043000
2025-04-15 14:00:00,4.70180000,4.77650000,4.61730000,4.68340000,3831171.87476000
2025-04-15 18:00:00,4.68340000,4.70620000,4.60820000,4.66240000,1814760.43840000
2025-04-15 22:00:00,4.66240000,4.69350000,4.60880000,4.62020000,1536883.65152000
2025-04-16 02:00:00,4.62020000,4.70040000,4.58440000,4.68360000,1846053.43488000
2025-04-16 06:00:00,4.68360000,4.73170000,4.64160000,4.70170000,5855619.64103000
2025-04-16 10:00:00,4.70170000,4.70450000,4.55890000,4.62540000,4546945.32539000
2025-04-16 14:00:00,4.62540000,4.71800000,4.54000000,4.64320000,3124896.73252000
2025-04-16 18:00:00,4.64320000,4.70120000,4.49310000,4.66190000,4483000.57418000
2025-04-16 22:00:00,4.66190000,4.69960000,4.59650000,4.61920000,1676252.40964000
2025-04-17 02:00:00,4.61920000,4.66960000,4.60530000,4.63190000,1440767.53270000
2025-04-17 06:00:00,4.63190000,4.72710000,4.61790000,4.69680000,1558972.54428000
2025-04-17 10:00:00,4.69680000,4.69720000,4.60290000,4.60360000,2118376.34907000
2025-04-17 14:00:00,4.60360000,4.63110000,4.51220000,4.58000000,8115174.67902000
2025-04-17 18:00:00,4.58000000,4.68590000,4.55970000,4.61140000,3236903.02554000
2025-04-17 22:00:00,4.61140000,4.65750000,4.57670000,4.58810000,1407899.87858000
2025-04-18 02:00:00,4.58810000,4.61680000,4.54610000,4.57420000,1277195.58376000
2025-04-18 06:00:00,4.57420000,4.62940000,4.56250000,4.62450000,1402385.21139000
2025-04-18 10:00:00,4.62450000,4.70910000,4.61230000,4.70680000,3129292.05816000
2025-04-18 14:00:00,4.70680000,4.80060000,4.66570000,4.71680000,7311854.78494000
2025-04-18 18:00:00,4.71680000,4.76550000,4.71060000,4.74300000,1593316.58852000
2025-04-18 22:00:00,4.74300000,4.74840000,4.67440000,4.69490000,1385845.34442000
2025-04-19 02:00:00,4.69490000,4.75680000,4.68130000,4.73410000,1352916.20385000
2025-04-19 06:00:00,4.73410000,4.76040000,4.63370000,4.75380000,6867404.22010000
2025-04-19 10:00:00,4.75380000,4.82460000,4.75350000,4.81120000,2846229.16695000
2025-04-19 14:00:00,4.81120000,4.85440000,4.79310000,4.84570000,2107120.93252000
2025-04-19 18:00:00,4.84570000,4.93460000,4.82500000,4.89760000,2149330.54349000
2025-04-19 22:00:00,4.89760000,4.95690000,4.89600000,4.91460000,1416917.42602000
2025-04-20 02:00:00,4.91460000,4.93750000,4.89230000,4.91400000,1388588.89237000
2025-04-20 06:00:00,4.91400000,4.94720000,4.85400000,4.89300000,2160128.79309000
2025-04-20 10:00:00,4.89300000,4.94230000,4.87040000,4.92830000,2608570.69883000
2025-04-20 14:00:00,4.92830000,5.02290000,4.90440000,4.96580000,4587723.87259000
2025-04-20 18:00:00,4.96580000,5.07820000,4.95660000,5.04380000,3112999.76339000
2025-04-20 22:00:00,5.04380000,5.07860000,5.01910000,5.06720000,1462646.91997000
2025-04-21 02:00:00,5.06720000,5.17770000,5.06080000,5.12440000,3504094.98483000
2025-04-21 06:00:00,5.12440000,5.19090000,5.09510000,5.18560000,2798738.95356000
2025-04-21 10:00:00,5.18560000,5.23980000,5.12710000,5.15660000,2958122.61134000
2025-04-21 14:00:00,5.15660000,5.20160000,4.98360000,5.05970000,6167049.79630000
2025-04-21 18:00:00,5.05970000,5.08020000,4.96100000,5.01140000,3632358.77419000
2025-04-21 22:00:00,5.01140000,5.01660000,4.90220000,4.91430000,2255404.06820000
2025-04-22 02:00:00,4.91430000,4.96220000,4.84240000,4.86680000,3780656.75985000
2025-04-22 06:00:00,4.86680000,4.88390000,4.76070000,4.86630000,4487123.75739000
2025-04-22 10:00:00,4.86630000,4.95910000,4.82560000,4.93870000,4406244.43869000
2025-04-22 14:00:00,4.93870000,5.19060000,4.93030000,5.11000000,9185749.48918000
2025-04-22 18:00:00,5.11000000,5.13490000,5.06160000,5.12340000,2964234.65997000
2025-04-22 22:00:00,5.12340000,5.29740000,5.09570000,5.26350000,4093714.08424000
2025-04-23 02:00:00,5.26350000,5.34060000,5.22200000,5.28390000,3715554.23576000
2025-04-23 06:00:00,5.28390000,5.35370000,5.24380000,5.31970000,4057640.73676000
2025-04-23 10:00:00,5.31970000,5.38920000,5.30080000,5.35580000,3324267.72450000
2025-04-23 14:00:00,5.35580000,5.39630000,5.20790000,5.32400000,7097200.87261000
2025-04-23 18:00:00,5.32400000,5.38520000,5.27620000,5.33100000,3858294.10830000
2025-04-23 22:00:00,5.33100000,5.39850000,5.31730000,5.35080000,2233959.99354000
2025-04-24 02:00:00,5.35080000,5.48980000,5.26400000,5.27300000,10039364.10061000
2025-04-24 06:00:00,5.27300000,5.33340000,5.22650000,5.25180000,2937321.11415000
2025-04-24 10:00:00,5.25180000,5.29340000,5.17680000,5.28590000,3511294.80285000
2025-04-24 14:00:00,5.28590000,5.60660000,5.25860000,5.49720000,7422756.95067000
2025-04-24 18:00:00,5.49720000,5.54550000,5.38280000,5.45780000,4831720.91354000
2025-04-24 22:00:00,5.45780000,5.51390000,5.41630000,5.49510000,1657414.61542000
2025-04-25 02:00:00,5.49510000,5.55800000,5.33690000,5.45650000,7865527.09164000
2025-04-25 06:00:00,5.45650000,5.63840000,5.41770000,5.57060000,3947720.67190000
2025-04-25 10:00:00,5.57060000,5.61410000,5.52110000,5.57700000,3883531.54751000
2025-04-25 14:00:00,5.57700000,5.60930000,5.47380000,5.50890000,6529404.52936000
2025-04-25 18:00:00,5.50890000,5.57510000,5.46450000,5.52250000,3074741.71982000
2025-04-25 22:00:00,5.52250000,5.57800000,5.50230000,5.54290000,1634164.33906000
2025-04-26 02:00:00,5.54290000,5.64350000,5.54190000,5.56220000,2800520.03456000
2025-04-26 06:00:00,5.56220000,5.65020000,5.50760000,5.57370000,3387278.43073000
2025-04-26 10:00:00,5.57370000,5.68420000,5.48940000,5.56580000,12302709.81289000
2025-04-26 14:00:00,5.56580000,5.61310000,5.49500000,5.59260000,3376183.09361000
2025-04-26 18:00:00,5.59260000,5.64010000,5.53650000,5.61420000,2273857.63847000
2025-04-26 22:00:00,5.61420000,5.64670000,5.58350000,5.61650000,1364132.14348000
2025-04-27 02:00:00,5.61650000,5.65870000,5.47360000,5.53630000,2911160.47992000
2025-04-27 06:00:00,5.53630000,5.55190000,5.42930000,5.50980000,1687240.55168000
2025-04-27 10:00:00,5.50980000,5.56630000,5.49260000,5.55450000,1746992.10188000
2025-04-27 14:00:00,5.55450000,5.56120000,5.36770000,5.39430000,3644695.32023000
2025-04-27 18:00:00,5.39430000,5.44890000,5.31030000,5.44810000,4646603.02890000
2025-04-27 22:00:00,5.44810000,5.46490000,5.35630000,5.36760000,1181160.57669000
2025-04-28 02:00:00,5.36760000,5.46230000,5.24230000,5.44090000,2659587.63777000
2025-04-28 06:00:00,5.44090000,5.61890000,5.43640000,5.58000000,2432285.67693000
2025-04-28 10:00:00,5.58000000,5.65910000,5.52290000,5.60790000,3371100.84330000
2025-04-28 14:00:00,5.60790000,5.64360000,5.44040000,5.48860000,3561396.84591000
2025-04-28 18:00:00,5.48860000,5.60120000,5.39900000,5.58960000,2975597.14787000
2025-04-28 22:00:00,5.58960000,5.59040000,5.51500000,5.52460000,1162477.84974000
2025-04-29 02:00:00,5.52460000,5.67140000,5.51420000,5.57040000,3024109.91809000
2025-04-29 06:00:00,5.57040000,5.61530000,5.47110000,5.59300000,1554648.49926000
2025-04-29 10:00:00,5.59300000,5.67690000,5.52670000,5.56800000,2212865.43573000
2025-04-29 14:00:00,5.56800000,5.61170000,5.50620000,5.54450000,1991749.89999000
2025-04-29 18:00:00,5.54450000,5.62480000,5.51910000,5.53950000,1310994.29200000
2025-04-29 22:00:00,5.53950000,5.54990000,5.37700000,5.42500000,1972232.29007000
2025-04-30 02:00:00,5.42500000,5.45700000,5.34010000,5.41410000,1519590.48099000
2025-04-30 06:00:00,5.41410000,5.43240000,5.35080000,5.37510000,1151155.46227000
2025-04-30 10:00:00,5.37510000,5.44230000,5.35140000,5.42730000,970073.48904000
2025-04-30 14:00:00,5.42730000,5.43230000,5.15650000,5.27110000,3820142.57713000
2025-04-30 18:00:00,5.27110000,5.39060000,5.23330000,5.36020000,1435015.79102000
2025-04-30 22:00:00,5.36020000,5.40980000,5.32390000,5.34310000,998698.28738000
2025-05-01 02:00:00,5.34310000,5.44580000,5.34280000,5.38160000,1380132.21221000
2025-05-01 06:00:00,5.38160000,5.42630000,5.34570000,5.37980000,1085358.83679000
2025-05-01 10:00:00,5.37980000,5.55400000,5.37840000,5.55300000,2298124.09241000
2025-05-01 14:00:00,5.55300000,5.56990000,5.46840000,5.49510000,1827488.14816000
2025-05-01 18:00:00,5.49510000,5.58720000,5.49160000,5.54120000,1556322.53874000
2025-05-01 22:00:00,5.54120000,5.55220000,5.48600000,5.50330000,755988.59392000
2025-05-02 02:00:00,5.50330000,5.58000000,5.48910000,5.52170000,1040873.26383000
2025-05-02 06:00:00,5.52170000,5.53470000,5.44040000,5.44250000,1817368.94343000
2025-05-02 10:00:00,5.44250000,5.54400000,5.41810000,5.41810000,2215616.53388000
2025-05-02 14:00:00,5.41810000,5.49700000,5.39490000,5.45350000,1769285.25013000
2025-05-02 18:00:00,5.45350000,5.52210000,5.37690000,5.40230000,1229341.37720000
2025-05-02 22:00:00,5.40230000,5.44350000,5.37950000,5.44150000,781302.66754000
2025-05-03 02:00:00,5.44150000,5.45630000,5.38100000,5.41090000,756192.76428000
2025-05-03 06:00:00,5.41090000,5.41460000,5.33930000,5.36340000,808687.27920000
2025-05-03 10:00:00,5.36340000,5.36960000,5.21330000,5.21770000,1786168.53624000
2025-05-03 14:00:00,5.21770000,5.25680000,5.20540000,5.21970000,1381715.18374000
2025-05-03 18:00:00,5.21970000,5.25330000,5.13360000,5.24180000,2503772.90785000
2025-05-03 22:00:00,5.24180000,5.24930000,5.17830000,5.18000000,867066.82114000
2025-05-04 02:00:00,5.18000000,5.21160000,5.12500000,5.15160000,1243563.23420000
2025-05-04 06:00:00,5.15160000,5.19620000,5.13040000,5.14890000,903865.89969000
2025-05-04 10:00:00,5.14890000,5.18110000,5.09800000,5.15750000,1339068.07418000
2025-05-04 14:00:00,5.15750000,5.17500000,5.08600000,5.11080000,1192220.57370000
2025-05-04 18:00:00,5.11080000,5.12960000,5.06940000,5.12230000,1336837.96043000
2025-05-04 22:00:00,5.12230000,5.16200000,5.06950000,5.09780000,1370926.16185000
2025-05-05 02:00:00,5.09780000,5.17690000,5.04630000,5.15470000,1432496.29631000
2025-05-05 06:00:00,5.15470000,5.20530000,5.13180000,5.15510000,1138360.36078000
2025-05-05 10:00:00,5.15510000,5.17460000,5.05710000,5.07730000,1437119.03860000
2025-05-05 14:00:00,5.07730000,5.10340000,5.01010000,5.04200000,1422905.96469000
2025-05-05 18:00:00,5.04200000,5.10710000,5.03390000,5.03900000,1151018.32495000
2025-05-05 22:00:00,5.03900000,5.05520000,4.96500000,4.96870000,1439735.74339000
2025-05-06 02:00:00,4.96870000,4.97060000,4.83770000,4.93180000,2236498.51287000
2025-05-06 06:00:00,4.93180000,4.93270000,4.86860000,4.88050000,1156150.93770000
2025-05-06 10:00:00,4.88050000,4.88500000,4.70400000,4.73730000,2774408.52597000
2025-05-06 14:00:00,4.73730000,4.79450000,4.67050000,4.68850000,2729622.63827000
2025-05-06 18:00:00,4.68850000,4.77230000,4.65670000,4.69820000,1776170.51010000
2025-05-06 22:00:00,4.69820000,4.77740000,4.58420000,4.75710000,2381096.93466000
2025-05-07 02:00:00,4.75710000,4.81190000,4.71010000,4.76090000,1811804.83378000
2025-05-07 06:00:00,4.76090000,4.80000000,4.70440000,4.76560000,1654859.63484000
2025-05-07 10:00:00,4.76560000,4.82190000,4.73930000,4.76520000,1657259.06841000
2025-05-07 14:00:00,4.76520000,4.78960000,4.69420000,4.71100000,2622301.07306000
2025-05-07 18:00:00,4.71100000,4.77960000,4.64430000,4.72800000,2084026.53178000
2025-05-07 22:00:00,4.72800000,4.81210000,4.70500000,4.79120000,1014726.01323000
2025-05-08 02:00:00,4.79120000,4.97810000,4.78290000,4.97360000,1964971.35915000
2025-05-08 06:00:00,4.97360000,5.06550000,4.97480000,5.03510000,2816429.15749000
2025-05-08 10:00:00,5.03510000,5.12840000,5.03360000,5.07930000,1946379.74555000
2025-05-08 14:00:00,5.07930000,5.24870000,5.05820000,5.17840000,2713482.02835000
2025-05-08 18:00:00,5.17840000,5.31920000,5.16330000,5.31270000,2421119.91960000
2025-05-08 22:00:00,5.31270000,5.49840000,5.27710000,5.48640000,2827358.51583000
2025-05-09 02:00:00,5.48640000,5.63290000,5.47820000,5.55210000,3142447.68364000
2025-05-09 06:00:00,5.55210000,5.73260000,5.51230000,5.68780000,3188602.71551000
2025-05-09 10:00:00,5.68780000,5.85720000,5.59930000,5.69250000,5801062.31583000
2025-05-09 14:00:00,5.69250000,5.71950000,5.50430000,5.54480000,3961664.67886000
2025-05-09 18:00:00,5.54480000,5.57950000,5.45340000,5.50240000,3168290.44031000
2025-05-09 22:00:00,5.50240000,5.58570000,5.47760000,5.58360000,2349510.85649000
2025-05-10 02:00:00,5.58360000,5.69670000,5.50210000,5.65130000,3266706.61911000
2025-05-10 06:00:00,5.65130000,5.79750000,5.58130000,5.78000000,2564760.16137000
2025-05-10 10:00:00,5.78000000,5.85400000,5.64210000,5.67000000,3379565.37886000
2025-05-10 14:00:00,5.67000000,5.81040000,5.67000000,5.71440000,2282125.82184000
2025-05-10 18:00:00,5.71440000,5.88100000,5.70690000,5.77800000,2572773.81522000
2025-05-10 22:00:00,5.77800000,6.08080000,5.73400000,6.07410000,2823808.05746000
2025-05-11 02:00:00,6.07410000,6.28050000,5.90610000,6.17380000,5887484.31997000
2025-05-11 06:00:00,6.17380000,6.22360000,5.80700000,5.84920000,4201819.55375000
2025-05-11 10:00:00,5.84920000,6.03020000,5.83630000,6.01410000,3180567.08466000
2025-05-11 14:00:00,6.01410000,6.02290000,5.79090000,5.84480000,2760787.58444000
2025-05-11 18:00:00,5.84480000,5.92750000,5.77650000,5.87000000,2406905.52965000
2025-05-11 22:00:00,5.87000000,5.96120000,5.84170000,5.88750000,1838652.65543000
2025-05-12 02:00:00,5.88750000,5.98990000,5.80350000,5.96570000,2347580.50525000
2025-05-12 06:00:00,5.96570000,6.16210000,5.90280000,6.03410000,4279067.20518000
2025-05-12 10:00:00,6.03410000,6.08490000,5.94260000,5.98140000,3254472.66868000
2025-05-12 14:00:00,5.98140000,6.11680000,5.80280000,5.85740000,5832673.04443000
2025-05-12 18:00:00,5.85740000,5.98890000,5.60570000,5.81870000,4449956.97077000
2025-05-12 22:00:00,5.81870000,5.89970000,5.76800000,5.84620000,1653500.68106000
2025-05-13 02:00:00,5.84620000,5.85260000,5.50920000,5.52360000,3302762.34172000
2025-05-13 06:00:00,5.52360000,5.69090000,5.50350000,5.66850000,1874995.62421000
2025-05-13 10:00:00,5.66850000,5.79910000,5.63860000,5.75380000,1873156.67863000
2025-05-13 14:00:00,5.75380000,5.84090000,5.69690000,5.83760000,2721489.73088000
2025-05-13 18:00:00,5.83760000,6.25340000,5.82940000,6.18210000,5643354.89406000
2025-05-13 22:00:00,6.18210000,6.23390000,6.12300000,6.13850000,2419189.14677000
2025-05-14 02:00:00,6.13850000,6.18740000,5.99050000,6.02230000,2438811.53528000
2025-05-14 06:00:00,6.02230000,6.13030000,5.98260000,6.01490000,2164207.18872000
2025-05-14 10:00:00,6.01490000,6.03430000,5.89100000,5.95710000,2823728.14630000
2025-05-14 14:00:00,5.95710000,5.96970000,5.77060000,5.80590000,3307700.51399000
2025-05-14 18:00:00,5.80590000,5.83830000,5.72840000,5.78880000,1640494.40145000
2025-05-14 22:00:00,5.78880000,5.80420000,5.68540000,5.73510000,1228530.76911000
2025-05-15 02:00:00,5.73510000,5.82320000,5.68940000,5.73240000,1653735.48055000
2025-05-15 06:00:00,5.73240000,5.79510000,5.47730000,5.48290000,3225171.18972000
2025-05-15 10:00:00,5.48290000,5.60610000,5.43740000,5.50950000,2450852.67240000
2025-05-15 14:00:00,5.50950000,5.56210000,5.35360000,5.55330000,3779102.95213000
2025-05-15 18:00:00,5.55330000,5.64590000,5.31990000,5.36830000,4464514.23132000
2025-05-15 22:00:00,5.36830000,5.39880000,5.19070000,5.31110000,3004316.32611000
2025-05-16 02:00:00,5.31110000,5.42340000,5.27260000,5.40800000,2011242.35133000
2025-05-16 06:00:00,5.40800000,5.42670000,5.33500000,5.38780000,1293844.83174000
2025-05-16 10:00:00,5.38780000,5.44500000,5.27870000,5.40220000,1846861.52928000
2025-05-16 14:00:00,5.40220000,5.42400000,5.32610000,5.37620000,2050696.05680000
2025-05-16 18:00:00,5.37620000,5.40330000,5.29270000,5.35210000,1411711.26256000
2025-05-16 22:00:00,5.35210000,5.35750000,5.21120000,5.25250000,1798825.90924000
2025-05-17 02:00:00,5.25250000,5.27600000,5.04510000,5.17170000,3197599.69749000
2025-05-17 06:00:00,5.17170000,5.20800000,5.08650000,5.11940000,1381756.75120000
2025-05-17 10:00:00,5.11940000,5.15900000,5.04790000,5.11430000,1781434.56245000
2025-05-17 14:00:00,5.11430000,5.16120000,5.03840000,5.11870000,1373948.60899000
2025-05-17 18:00:00,5.11870000,5.13230000,5.03000000,5.06050000,1478925.85062000
2025-05-17 22:00:00,5.06050000,5.14100000,5.01610000,5.07600000,1476148.22391000
2025-05-18 02:00:00,5.07600000,5.09330000,5.02800000,5.05970000,1174757.53471000
2025-05-18 06:00:00,5.05970000,5.20690000,5.05800000,5.20060000,1337450.46671000
2025-05-18 10:00:00,5.20060000,5.25860000,5.16670000,5.16840000,1329424.13421000
2025-05-18 14:00:00,5.16840000,5.32190000,5.13510000,5.30120000,2556436.57510000
2025-05-18 18:00:00,5.30120000,5.31250000,5.00410000,5.01210000,3590759.26192000
2025-05-18 22:00:00,5.01210000,5.20810000,4.88550000,5.18560000,3179462.42133000
2025-05-19 02:00:00,5.18560000,5.22470000,4.93510000,4.93900000,2089480.62937000
2025-05-19 06:00:00,4.93900000,4.97230000,4.82580000,4.94710000,2873440.00526000
2025-05-19 10:00:00,4.94710000,5.01560000,4.91780000,4.97620000,2230041.71122000
2025-05-19 14:00:00,4.97620000,5.12120000,4.94190000,5.09870000,2269359.00136000
2025-05-19 18:00:00,5.09870000,5.19560000,5.07460000,5.16810000,2029669.64146000
2025-05-19 22:00:00,5.16810000,5.21500000,5.11390000,5.21370000,1043990.20978000
2025-05-20 02:00:00,5.21370000,5.29850000,5.18220000,5.25250000,1940124.43813000
2025-05-20 06:00:00,5.25250000,5.25570000,5.14380000,5.14870000,1675443.83466000
2025-05-20 10:00:00,5.14870000,5.16060000,5.05960000,5.08940000,1726906.83206000
2025-05-20 14:00:00,5.08940000,5.09640000,5.03700000,5.08860000,1541052.36915000
2025-05-20 18:00:00,5.08860000,5.12630000,4.98830000,5.10950000,1707685.18473000
2025-05-20 22:00:00,5.10950000,5.17820000,5.09060000,5.14710000,1563230.68307000
2025-05-21 02:00:00,5.14710000,5.19040000,5.07280000,5.17330000,1099905.07497000
2025-05-21 06:00:00,5.17330000,5.25120000,5.13330000,5.13520000,2305850.86121000
2025-05-21 10:00:00,5.13520000,5.20430000,5.10250000,5.19110000,1314730.24499000
2025-05-21 14:00:00,5.19110000,5.26890000,5.14340000,5.25930000,2173354.72899000
2025-05-21 18:00:00,5.25930000,5.39260000,5.10920000,5.20730000,5248325.17098000
2025-05-21 22:00:00,5.20730000,5.33420000,5.16640000,5.27080000,1514871.22338000
2025-05-22 02:00:00,5.27080000,5.37910000,5.26410000,5.36460000,1673113.43793000
2025-05-22 06:00:00,5.36460000,5.40470000,5.33110000,5.39160000,2083911.88386000
2025-05-22 10:00:00,5.39160000,5.49540000,5.38480000,5.44580000,2642420.97233000
2025-05-22 14:00:00,5.44580000,5.72550000,5.36020000,5.66030000,5228821.57614000
2025-05-22 18:00:00,5.66030000,5.73570000,5.63960000,5.70720000,2188008.54225000
2025-05-22 22:00:00,5.70720000,5.77650000,5.65350000,5.71410000,2039733.35256000
2025-05-23 02:00:00,5.71410000,5.99160000,5.71330000,5.98710000,3438831.72451000
2025-05-23 06:00:00,5.98710000,5.99260000,5.75310000,5.76870000,3215168.50807000
2025-05-23 10:00:00,5.76870000,5.90740000,5.58820000,5.62480000,5036018.16046000
2025-05-23 14:00:00,5.62480000,5.73990000,5.45220000,5.57280000,6572288.47747000
2025-05-23 18:00:00,5.57280000,5.63060000,5.49950000,5.53190000,2535807.50956000
2025-05-23 22:00:00,5.53190000,5.53430000,5.31180000,5.33730000,2367949.69879000
2025-05-24 02:00:00,5.33730000,5.39590000,5.30580000,5.36680000,1854910.87093000
2025-05-24 06:00:00,5.36680000,5.44500000,5.35210000,5.40230000,1450782.03056000
2025-05-24 10:00:00,5.40230000,5.44240000,5.33960000,5.41100000,1866856.70955000
2025-05-24 14:00:00,5.41100000,5.44160000,5.34510000,5.39400000,1400658.56465000
2025-05-24 18:00:00,5.39400000,5.41310000,5.34890000,5.38770000,851763.63976000
2025-05-24 22:00:00,5.38770000,5.41100000,5.28110000,5.30970000,1339841.45202000
2025-05-25 02:00:00,5.30970000,5.34180000,5.17570000,5.24420000,1738668.32073000
2025-05-25 06:00:00,5.24420000,5.25280000,5.15500000,5.17780000,1355820.06793000
2025-05-25 10:00:00,5.17780000,5.17810000,5.10080000,5.12770000,1464566.44308000
2025-05-25 14:00:00,5.12770000,5.14530000,5.00310000,5.05290000,2213864.13692000
2025-05-25 18:00:00,5.05290000,5.15770000,5.00820000,5.13720000,1294426.57150000
2025-05-25 22:00:00,5.13720000,5.27600000,5.10270000,5.26360000,1420661.41069000
2025-05-26 02:00:00,5.26360000,5.37700000,5.24520000,5.33800000,1513000.42588000
2025-05-26 06:00:00,5.33800000,5.48030000,5.33300000,5.43440000,1750085.00806000
2025-05-26 10:00:00,5.43440000,5.45750000,5.34980000,5.38310000,1569899.03742000
2025-05-26 14:00:00,5.38310000,5.43480000,5.31580000,5.38030000,1987597.72973000
2025-05-26 18:00:00,5.38030000,5.40140000,5.23620000,5.28610000,1401957.02967000
2025-05-26 22:00:00,5.28610000,5.35160000,5.25110000,5.29070000,775164.19442000
2025-05-27 02:00:00,5.29070000,5.33070000,5.18120000,5.26950000,1204221.78352000
2025-05-27 06:00:00,5.26950000,5.42070000,5.23610000,5.39800000,1772255.90115000
2025-05-27 10:00:00,5.39800000,5.47900000,5.39930000,5.43790000,1858392.78498000
2025-05-27 14:00:00,5.43790000,5.51960000,5.34100000,5.42030000,2249130.77555000
2025-05-27 18:00:00,5.42030000,5.46830000,5.38980000,5.41910000,1309829.01503000
2025-05-27 22:00:00,5.41910000,5.45020000,5.35310000,5.36640000,1002124.35881000
2025-05-28 02:00:00,5.36640000,5.43120000,5.33310000,5.39550000,1242215.03711000
2025-05-28 06:00:00,5.39550000,5.40770000,5.31230000,5.34800000,1067229.04776000
2025-05-28 10:00:00,5.34800000,5.41590000,5.26170000,5.41280000,1525088.75556000
2025-05-28 14:00:00,5.41280000,5.47830000,5.22570000,5.24570000,2509235.00043000
2025-05-28 18:00:00,5.24570000,5.36100000,5.23500000,5.24150000,1777437.35597000
2025-05-28 22:00:00,5.24150000,5.41620000,5.23100000,5.39150000,1324173.70099000
2025-05-29 02:00:00,5.39150000,5.57790000,5.36020000,5.49360000,2065162.79577000
2025-05-29 06:00:00,5.49360000,5.50930000,5.35530000,5.37210000,1580413.64100000
2025-05-29 10:00:00,5.37210000,5.42160000,5.33520000,5.41950000,1130609.78041000
2025-05-29 14:00:00,5.41950000,5.42250000,5.24660000,5.29790000,1757078.88545000
2025-05-29 18:00:00,5.29790000,5.32870000,5.16140000,5.18310000,1654725.31159000
2025-05-29 22:00:00,5.18310000,5.25870000,5.13250000,5.15720000,1140688.60562000
2025-05-30 02:00:00,5.15720000,5.18300000,4.85060000,4.97280000,3702206.31033000
2025-05-30 06:00:00,4.97280000,5.01550000,4.86590000,4.95150000,3038617.25379000
2025-05-30 10:00:00,4.95150000,5.10860000,4.92260000,5.07960000,3010419.87592000
2025-05-30 14:00:00,5.07960000,5.16560000,4.97440000,4.97560000,2520903.57688000
2025-05-30 18:00:00,4.97560000,5.00880000,4.86040000,4.96910000,2477363.66684000
2025-05-30 22:00:00,4.96910000,4.98940000,4.67300000,4.73670000,2626680.02805000
2025-05-31 02:00:00,4.73670000,4.74070000,4.51940000,4.62590000,3137203.14228000
2025-05-31 06:00:00,4.62590000,4.70720000,4.58100000,4.64290000,1415252.30546000
2025-05-31 10:00:00,4.64290000,4.68380000,4.58480000,4.60420000,1363204.03164000
2025-05-31 14:00:00,4.60420000,4.75570000,4.58950000,4.69200000,1928307.01315000
2025-05-31 18:00:00,4.69200000,4.77740000,4.67460000,4.76880000,1139697.26903000
2025-05-31 22:00:00,4.76880000,4.81720000,4.72180000,4.72530000,835278.37544000
2025-06-01 02:00:00,4.72530000,4.76730000,4.68610000,4.72120000,1084130.03326000
2025-06-01 06:00:00,4.72120000,4.77250000,4.70770000,4.74070000,672085.84813000
2025-06-01 10:00:00,4.74070000,4.74420000,4.62390000,4.68850000,1185177.07107000
2025-06-01 14:00:00,4.68850000,4.77140000,4.64160000,4.76850000,1128665.79413000
2025-06-01 18:00:00,4.76850000,4.82210000,4.69170000,4.76620000,1130918.87759000
2025-06-01 22:00:00,4.76620000,4.82660000,4.74290000,4.80790000,728622.87003000
2025-06-02 02:00:00,4.80790000,4.82410000,4.70350000,4.71940000,830579.66529000
2025-06-02 06:00:00,4.71940000,4.79200000,4.68590000,4.76150000,877547.84150000
2025-06-02 10:00:00,4.76150000,4.78890000,4.65580000,4.68800000,1238078.27602000
2025-06-02 14:00:00,4.68800000,4.76480000,4.67650000,4.74960000,1231175.25625000
2025-06-02 18:00:00,4.74960000,4.81500000,4.71220000,4.73440000,1011211.37538000
2025-06-02 22:00:00,4.73440000,4.90860000,4.73340000,4.88680000,1473155.07508000
2025-06-03 02:00:00,4.88680000,4.97290000,4.87730000,4.88280000,1129324.98833000
2025-06-03 06:00:00,4.88280000,4.95810000,4.85590000,4.90860000,801495.80212000
2025-06-03 10:00:00,4.90860000,4.94760000,4.87570000,4.92940000,564427.02504000
2025-06-03 14:00:00,4.92940000,5.02680000,4.91460000,4.99200000,1349595.50806000
2025-06-03 18:00:00,4.99200000,5.04060000,4.97520000,5.01980000,734509.15000000
2025-06-03 22:00:00,5.01980000,5.02070000,4.90830000,4.93730000,883031.87067000
2025-06-04 02:00:00,4.93730000,5.01290000,4.90930000,4.98900000,643097.16836000
2025-06-04 06:00:00,4.98900000,5.00040000,4.92420000,4.94460000,572794.42229000
2025-06-04 10:00:00,4.94460000,4.99350000,4.90870000,4.91360000,676290.98421000
2025-06-04 14:00:00,4.91360000,4.93260000,4.82510000,4.92770000,1453675.44002000
2025-06-04 18:00:00,4.92770000,4.94220000,4.83910000,4.83910000,1125897.76719000
2025-06-04 22:00:00,4.83910000,4.84300000,4.75320000,4.79030000,1329977.97145000
2025-06-05 02:00:00,4.79030000,4.83570000,4.76360000,4.81160000,725955.63398000
2025-06-05 06:00:00,4.81160000,4.83250000,4.74520000,4.77830000,870953.78239000
2025-06-05 10:00:00,4.77830000,4.82640000,4.74180000,4.78440000,891761.06225000
2025-06-05 14:00:00,4.78440000,4.86200000,4.72140000,4.80490000,1768806.66810000
2025-06-05 18:00:00,4.80490000,4.80960000,4.57800000,4.61870000,2021759.42551000
2025-06-05 22:00:00,4.61870000,4.63210000,4.44030000,4.48150000,2253558.45909000
2025-06-06 02:00:00,4.48150000,4.57890000,4.45610000,4.57420000,800426.11912000
2025-06-06 06:00:00,4.57420000,4.62100000,4.55650000,4.59500000,814922.49947000
2025-06-06 10:00:00,4.59500000,4.63450000,4.57420000,4.59710000,704504.27335000
2025-06-06 14:00:00,4.59710000,4.72230000,4.59720000,4.67620000,1556743.13785000
2025-06-06 18:00:00,4.67620000,4.68670000,4.58520000,4.59800000,1085659.53766000
2025-06-06 22:00:00,4.59800000,4.64350000,4.58990000,4.61120000,469267.57645000
2025-06-07 02:00:00,4.61120000,4.73760000,4.60120000,4.72640000,626892.77577000
2025-06-07 06:00:00,4.72640000,4.76890000,4.70790000,4.75640000,506817.88555000
2025-06-07 10:00:00,4.75640000,4.76520000,4.71010000,4.71620000,781342.84383000
2025-06-07 14:00:00,4.71620000,4.75630000,4.71330000,4.73300000,648186.60977000
2025-06-07 18:00:00,4.73300000,4.74980000,4.67860000,4.72210000,1176863.57444000
2025-06-07 22:00:00,4.72210000,4.77090000,4.72210000,4.75040000,548614.76025000
2025-06-08 02:00:00,4.75040000,4.75440000,4.71190000,4.71380000,376513.59834000
2025-06-08 06:00:00,4.71380000,4.72520000,4.68000000,4.68540000,530891.25704000
2025-06-08 10:00:00,4.68540000,4.74880000,4.58640000,4.71130000,2593543.13475000
2025-06-08 14:00:00,4.71130000,4.75250000,4.67830000,4.73400000,839382.55538000
2025-06-08 18:00:00,4.73400000,4.78170000,4.72130000,4.74360000,624939.74514000
2025-06-08 22:00:00,4.74360000,4.76410000,4.69570000,4.70920000,516148.26689000
2025-06-09 02:00:00,4.70920000,4.72590000,4.66530000,4.69020000,443633.89564000
2025-06-09 06:00:00,4.69020000,4.70580000,4.63740000,4.66550000,603669.46658000
2025-06-09 10:00:00,4.66550000,4.78310000,4.64490000,4.76440000,1059388.20336000
2025-06-09 14:00:00,4.76440000,4.78550000,4.71560000,4.76580000,856862.03315000
2025-06-09 18:00:00,4.76580000,4.85050000,4.76620000,4.84180000,1024518.12284000
2025-06-09 22:00:00,4.84180000,4.96190000,4.82840000,4.95250000,1260729.73174000
2025-06-10 02:00:00,4.95250000,4.98890000,4.93510000,4.93720000,772424.64672000
2025-06-10 06:00:00,4.93720000,4.94670000,4.87370000,4.90430000,796016.92862000
2025-06-10 10:00:00,4.90430000,5.07850000,4.88610000,5.07010000,1281462.13048000
2025-06-10 14:00:00,5.07010000,5.13680000,4.96460000,5.03980000,1922174.58720000
2025-06-10 18:00:00,5.03980000,5.10050000,5.00120000,5.05930000,826368.29373000
2025-06-10 22:00:00,5.05930000,5.14040000,5.02710000,5.14020000,873094.70212000
2025-06-11 02:00:00,5.14020000,5.15530000,5.04790000,5.10310000,713413.16670000
2025-06-11 06:00:00,5.10310000,5.14050000,5.05930000,5.11680000,668070.53115000
2025-06-11 10:00:00,5.11680000,5.20400000,5.00740000,5.02370000,3291696.73791000
2025-06-11 14:00:00,5.02370000,5.24720000,5.00540000,5.22080000,2968446.52817000
2025-06-11 18:00:00,5.22080000,5.22850000,5.07220000,5.08220000,1297206.12494000
2025-06-11 22:00:00,5.08220000,5.12110000,4.94170000,5.01750000,1355451.34452000
2025-06-12 02:00:00,5.01750000,5.06940000,4.96520000,4.96710000,806434.76197000
2025-06-12 06:00:00,4.96710000,4.98110000,4.89570000,4.90240000,1161639.06405000
2025-06-12 10:00:00,4.90240000,4.93730000,4.83830000,4.85690000,1730744.08395000
2025-06-12 14:00:00,4.85690000,4.94120000,4.82730000,4.83870000,1559579.17259000
2025-06-12 18:00:00,4.83870000,4.92250000,4.73790000,4.75880000,1205248.40227000
2025-06-12 22:00:00,4.75880000,4.77490000,4.67460000,4.69310000,1060163.65644000
2025-06-13 02:00:00,4.69310000,4.69830000,4.34040000,4.44980000,3588745.18915000
2025-06-13 06:00:00,4.44980000,4.45490000,4.38200000,4.44610000,1051668.84552000
2025-06-13 10:00:00,4.44610000,4.55610000,4.38780000,4.43960000,2769141.71526000
2025-06-13 14:00:00,4.43960000,4.45680000,4.35210000,4.43180000,1405683.79866000
2025-06-13 18:00:00,4.43180000,4.48100000,4.38880000,4.42310000,1016857.42509000
2025-06-13 22:00:00,4.42310000,4.50420000,4.41420000,4.49350000,638386.83631000
2025-06-14 02:00:00,4.49350000,4.51830000,4.46530000,4.49970000,561514.77114000
2025-06-14 06:00:00,4.49970000,4.54210000,4.47500000,4.50950000,567493.29240000
2025-06-14 10:00:00,4.50950000,4.54380000,4.48840000,4.53270000,415615.78479000
2025-06-14 14:00:00,4.53270000,4.54310000,4.45530000,4.47860000,581640.94939000
2025-06-14 18:00:00,4.47860000,4.49160000,4.30770000,4.41360000,2636963.75127000
2025-06-14 22:00:00,4.41360000,4.47740000,4.38540000,4.45650000,573246.10391000
2025-06-15 02:00:00,4.45650000,4.50990000,4.45260000,4.50120000,388152.96384000
2025-06-15 06:00:00,4.50120000,4.54160000,4.46200000,4.48030000,592108.26033000
2025-06-15 10:00:00,4.48030000,4.50250000,4.42880000,4.49270000,845838.74741000
2025-06-15 14:00:00,4.49270000,4.55240000,4.47570000,4.52400000,571037.04741000
2025-06-15 18:00:00,4.52400000,4.53290000,4.47770000,4.49210000,477829.06779000
2025-06-15 22:00:00,4.49210000,4.54360000,4.43460000,4.53570000,614589.95390000
2025-06-16 02:00:00,4.53570000,4.59180000,4.49290000,4.55870000,628722.32435000
2025-06-16 06:00:00,4.55870000,4.66580000,4.55420000,4.65890000,633811.77304000
2025-06-16 10:00:00,4.65890000,4.68160000,4.62170000,4.66910000,575902.44533000
2025-06-16 14:00:00,4.66910000,4.71750000,4.64710000,4.69570000,751259.08908000
2025-06-16 18:00:00,4.69570000,4.83200000,4.69220000,4.80830000,1228672.67890000
2025-06-16 22:00:00,4.80830000,4.90150000,4.67060000,4.68160000,1867732.09155000
2025-06-17 02:00:00,4.68160000,4.75750000,4.58280000,4.70960000,1650470.89232000
2025-06-17 06:00:00,4.70960000,4.71050000,4.61920000,4.63200000,573094.22142000
2025-06-17 10:00:00,4.63200000,4.63970000,4.53760000,4.56010000,825053.63347000
2025-06-17 14:00:00,4.56010000,4.58810000,4.44340000,4.46930000,1177184.35768000
2025-06-17 18:00:00,4.46930000,4.54290000,4.38000000,4.50960000,1397982.93184000
2025-06-17 22:00:00,4.50960000,4.52930000,4.39540000,4.44170000,690085.37224000
2025-06-18 02:00:00,4.44170000,4.48880000,4.42470000,4.48420000,548687.56985000
2025-06-18 06:00:00,4.48420000,4.53460000,4.44900000,4.46570000,506695.63205000
2025-06-18 10:00:00,4.46570000,4.48220000,4.32640000,4.38220000,1391040.45288000
2025-06-18 14:00:00,4.38220000,4.39020000,4.26630000,4.35950000,1416089.01868000
2025-06-18 18:00:00,4.35950000,4.40410000,4.31790000,4.35130000,850901.07874000
2025-06-18 22:00:00,4.35130000,4.48220000,4.34120000,4.45670000,809047.70041000
2025-06-19 02:00:00,4.45670000,4.50540000,4.41640000,4.45700000,590945.28652000
2025-06-19 06:00:00,4.45700000,4.48720000,4.42290000,4.43040000,555293.74613000
2025-06-19 10:00:00,4.43040000,4.46260000,4.41280000,4.43480000,902691.64655000
2025-06-19 14:00:00,4.43480000,4.45720000,4.38110000,4.38540000,655297.96177000
2025-06-19 18:00:00,4.38540000,4.41890000,4.30800000,4.35520000,982417.37729000
2025-06-19 22:00:00,4.35520000,4.41540000,4.35250000,4.38600000,499921.23038000
2025-06-20 02:00:00,4.38600000,4.40590000,4.34560000,4.36450000,386628.77217000
2025-06-20 06:00:00,4.36450000,4.44080000,4.31420000,4.43270000,471835.00086000
2025-06-20 10:00:00,4.43270000,4.46490000,4.41180000,4.44290000,550412.94265000
2025-06-20 14:00:00,4.44290000,4.47280000,4.33260000,4.35780000,1143365.31943000
2025-06-20 18:00:00,4.35780000,4.36270000,4.16810000,4.30350000,1763358.36192000
2025-06-20 22:00:00,4.30350000,4.34190000,4.22330000,4.27030000,690171.35818000
2025-06-21 02:00:00,4.27030000,4.44010000,4.26540000,4.42490000,768685.87162000
2025-06-21 06:00:00,4.42490000,4.58680000,4.42070000,4.53530000,3171104.74557000
2025-06-21 10:00:00,4.53530000,4.68780000,4.52640000,4.53750000,3426735.44188000
2025-06-21 14:00:00,4.53750000,4.56890000,4.34180000,4.38410000,2968407.94910000
2025-06-21 18:00:00,4.38410000,4.39780000,4.26950000,4.27410000,1705499.21966000
2025-06-21 22:00:00,4.27410000,4.31740000,4.06030000,4.16080000,2666955.80338000
2025-06-22 02:00:00,4.16080000,4.21890000,4.01120000,4.03590000,2184410.32608000
2025-06-22 06:00:00,4.03590000,4.09020000,4.01740000,4.02560000,1298896.94200000
2025-06-22 10:00:00,4.02560000,4.04200000,3.95070000,4.02440000,1872035.90476000
2025-06-22 14:00:00,4.02440000,4.04300000,3.80560000,3.85870000,4167703.26141000
2025-06-22 18:00:00,3.85870000,3.88910000,3.81230000,3.83660000,1300429.59271000
2025-06-22 22:00:00,3.83660000,3.94280000,3.74460000,3.92650000,1747515.64891000
2025-06-23 02:00:00,3.92650000,3.97790000,3.90030000,3.92080000,800165.33967000
2025-06-23 06:00:00,3.92080000,4.01630000,3.91660000,3.98650000,910038.53700000
2025-06-23 10:00:00,3.98650000,4.02810000,3.96600000,4.02460000,724438.57636000
2025-06-23 14:00:00,4.02460000,4.09150000,3.97140000,3.98140000,1680658.18541000
2025-06-23 18:00:00,3.98140000,4.12510000,3.86900000,4.10700000,2455958.62949000
2025-06-23 22:00:00,4.10700000,4.35380000,4.10720000,4.31390000,1951920.13851000
2025-06-24 02:00:00,4.31390000,4.36670000,4.29170000,4.31480000,895791.78858000
2025-06-24 06:00:00,4.31480000,4.43880000,4.27570000,4.33450000,1641167.78310000
2025-06-24 10:00:00,4.33450000,4.35840000,4.24690000,4.27270000,1116429.81722000
2025-06-24 14:00:00,4.27270000,4.88080000,4.25610000,4.67540000,7340679.82715000
2025-06-24 18:00:00,4.67540000,5.14120000,4.67340000,4.88630000,10436646.69793000
2025-06-24 22:00:00,4.88630000,4.96440000,4.80330000,4.95560000,3092591.15582000
2025-06-25 02:00:00,4.95560000,4.97740000,4.83860000,4.87290000,5104872.54582000
2025-06-25 06:00:00,4.87290000,5.08180000,4.76390000,4.79870000,5581025.06854000
2025-06-25 10:00:00,4.79870000,4.80680000,4.72630000,4.77200000,2951954.78599000
2025-06-25 14:00:00,4.77200000,4.80770000,4.63450000,4.65430000,3886615.00040000
2025-06-25 18:00:00,4.65430000,4.93940000,4.65090000,4.89230000,5060393.59105000
2025-06-25 22:00:00,4.89230000,4.93640000,4.81470000,4.88870000,1821787.83670000
2025-06-26 02:00:00,4.88870000,4.98870000,4.79230000,4.82730000,4291849.64127000
2025-06-26 06:00:00,4.82730000,4.89120000,4.75630000,4.87710000,1723910.23877000
2025-06-26 10:00:00,4.87710000,4.88790000,4.74610000,4.76730000,1807520.32330000
2025-06-26 14:00:00,4.76730000,4.77700000,4.64120000,4.72930000,2841996.14765000
2025-06-26 18:00:00,4.72930000,4.96320000,4.70110000,4.94490000,3352764.69381000
2025-06-26 22:00:00,4.94490000,5.02830000,4.85650000,4.87290000,3029075.86548000
2025-06-27 02:00:00,4.87290000,5.04790000,4.80270000,5.04510000,3616626.21890000
2025-06-27 06:00:00,5.04510000,5.22450000,5.03960000,5.13320000,8754682.89406000
2025-06-27 10:00:00,5.13320000,5.29490000,4.98570000,5.03910000,8262827.88524000
2025-06-27 14:00:00,5.03910000,5.04900000,4.80980000,4.84560000,6333448.62041000
2025-06-27 18:00:00,4.84560000,4.92370000,4.81210000,4.83720000,3315809.95679000
2025-06-27 22:00:00,4.83720000,4.89820000,4.82360000,4.83530000,1483490.57489000
2025-06-28 02:00:00,4.83530000,4.95030000,4.80220000,4.82240000,2778735.17605000
2025-06-28 06:00:00,4.82240000,4.82620000,4.72340000,4.78670000,2359177.98142000
2025-06-28 10:00:00,4.78670000,4.82600000,4.73550000,4.73730000,1641395.96215000
2025-06-28 14:00:00,4.73730000,4.79190000,4.73110000,4.79010000,1331605.21824000
2025-06-28 18:00:00,4.79010000,4.83350000,4.77550000,4.81160000,1423325.19685000
2025-06-28 22:00:00,4.81160000,4.86400000,4.79530000,4.84630000,982070.15957000
2025-06-29 02:00:00,4.84630000,4.84950000,4.71010000,4.75990000,2296639.89138000
2025-06-29 06:00:00,4.75990000,4.81420000,4.74440000,4.79540000,1617997.83678000
2025-06-29 10:00:00,4.79540000,4.88400000,4.77040000,4.86500000,2430467.45728000
2025-06-29 14:00:00,4.86500000,4.89830000,4.74580000,4.75280000,2966046.73409000
2025-06-29 18:00:00,4.75280000,4.84720000,4.75210000,4.84150000,1179755.79198000
2025-06-29 22:00:00,4.84150000,5.01240000,4.80200000,4.94960000,2475284.76053000
2025-06-30 02:00:00,4.94960000,4.95790000,4.87050000,4.89510000,1770626.93231000
2025-06-30 06:00:00,4.89510000,4.95110000,4.82490000,4.93150000,1769944.00647000
2025-06-30 10:00:00,4.93150000,4.93630000,4.80060000,4.80900000,1924535.97189000
2025-06-30 14:00:00,4.80900000,4.84510000,4.76380000,4.80650000,2639230.42948000
2025-06-30 18:00:00,4.80650000,4.90260000,4.79810000,4.89830000,1569899.48073000
2025-06-30 22:00:00,4.89830000,4.93790000,4.86400000,4.89010000,1353624.00313000
2025-07-01 02:00:00,4.89010000,4.95430000,4.82620000,4.82760000,1685942.75701000
2025-07-01 06:00:00,4.82760000,4.82870000,4.67550000,4.71820000,2331017.71919000
2025-07-01 10:00:00,4.71820000,4.71870000,4.63640000,4.64480000,1470859.87763000
2025-07-01 14:00:00,4.64480000,4.70020000,4.60350000,4.63490000,2610279.72051000
2025-07-01 18:00:00,4.63490000,4.64710000,4.52900000,4.53250000,1681417.20787000
2025-07-01 22:00:00,4.53250000,4.58140000,4.48450000,4.48900000,1216645.54148000
2025-07-02 02:00:00,4.48900000,4.49260000,4.42210000,4.43420000,1679870.83729000
2025-07-02 06:00:00,4.43420000,4.55090000,4.41370000,4.53940000,1788761.90458000
2025-07-02 10:00:00,4.53940000,4.60250000,4.52360000,4.55050000,1486401.20762000
2025-07-02 14:00:00,4.55050000,4.67930000,4.51490000,4.67230000,2101304.06258000
2025-07-02 18:00:00,4.67230000,4.81800000,4.66010000,4.80710000,2736263.02588000
2025-07-02 22:00:00,4.80710000,4.85220000,4.73630000,4.73900000,1483402.78198000
2025-07-03 02:00:00,4.73900000,4.76640000,4.70910000,4.71080000,1024350.81707000
2025-07-03 06:00:00,4.71080000,4.83870000,4.70390000,4.83110000,1661166.90125000
2025-07-03 10:00:00,4.83110000,4.85520000,4.76590000,4.78520000,1902620.15160000
2025-07-03 14:00:00,4.78520000,4.84690000,4.64600000,4.66440000,3615982.49413000
2025-07-03 18:00:00,4.66440000,4.74930000,4.66310000,4.74690000,1118110.93738000
2025-07-03 22:00:00,4.74690000,4.78810000,4.72410000,4.73690000,794627.18354000
2025-07-04 02:00:00,4.73690000,4.76890000,4.66510000,4.68490000,1382218.01063000
2025-07-04 06:00:00,4.68490000,4.72170000,4.52120000,4.52720000,2560853.00613000
2025-07-04 10:00:00,4.52720000,4.56500000,4.49790000,4.52410000,1609128.00028000
2025-07-04 14:00:00,4.52410000,4.53630000,4.34020000,4.34300000,2969914.36921000
2025-07-04 18:00:00,4.34300000,4.39500000,4.31570000,4.36290000,1507462.14658000
2025-07-04 22:00:00,4.36290000,4.42500000,4.35680000,4.40070000,741683.42826000
2025-07-05 02:00:00,4.40070000,4.43370000,4.37480000,4.40120000,744217.12315000
2025-07-05 06:00:00,4.40120000,4.43030000,4.37320000,4.40720000,636551.07153000
2025-07-05 10:00:00,4.40720000,4.45510000,4.38190000,4.45080000,537935.19711000
2025-07-05 14:00:00,4.45080000,4.45140000,4.39170000,4.39800000,634958.91240000
2025-07-05 18:00:00,4.39800000,4.43270000,4.34510000,4.40430000,842235.19143000
2025-07-05 22:00:00,4.40430000,4.43650000,4.38430000,4.41750000,395836.76032000
2025-07-06 02:00:00,4.41750000,4.43160000,4.38660000,4.39230000,342700.11763000
2025-07-06 06:00:00,4.39230000,4.41990000,4.36960000,4.39980000,517160.27990000
2025-07-06 10:00:00,4.39980000,4.43400000,4.37780000,4.43250000,698827.36302000
2025-07-06 14:00:00,4.43250000,4.48890000,4.41560000,4.48390000,1363447.65224000
2025-07-06 18:00:00,4.48390000,4.49970000,4.44070000,4.45260000,692010.40105000
2025-07-06 22:00:00,4.45260000,4.53270000,4.44740000,4.46410000,899196.34434000
2025-07-07 02:00:00,4.46410000,4.51060000,4.43950000,4.47140000,581256.46910000
2025-07-07 06:00:00,4.47140000,4.49450000,4.43240000,4.47340000,651989.72241000
2025-07-07 10:00:00,4.47340000,4.49750000,4.43820000,4.46170000,626883.73080000
2025-07-07 14:00:00,4.46170000,4.48960000,4.41140000,4.44500000,1028314.84693000
2025-07-07 18:00:00,4.44500000,4.49320000,4.40820000,4.46350000,1174940.30263000
2025-07-07 22:00:00,4.46350000,4.46370000,4.39580000,4.44990000,648670.06051000
2025-07-08 02:00:00,4.44990000,4.46070000,4.36150000,4.37200000,858705.02225000
2025-07-08 06:00:00,4.37200000,4.40160000,4.35110000,4.39670000,610120.21920000
2025-07-08 10:00:00,4.39670000,4.44490000,4.36270000,4.42820000,945932.27040000
2025-07-08 14:00:00,4.42820000,4.44990000,4.36120000,4.37250000,1097392.70590000
2025-07-08 18:00:00,4.37250000,4.47650000,4.36030000,4.44650000,1341912.75200000
2025-07-08 22:00:00,4.44650000,4.47630000,4.43550000,4.47100000,646773.45385000
2025-07-09 02:00:00,4.47100000,4.47350000,4.39940000,4.41910000,919306.92994000
2025-07-09 06:00:00,4.41910000,4.51770000,4.41660000,4.50800000,1270114.63972000
2025-07-09 10:00:00,4.50800000,4.54890000,4.48730000,4.53840000,1129989.79501000
2025-07-09 14:00:00,4.53840000,4.57360000,4.49600000,4.53370000,2209724.08590000
2025-07-09 18:00:00,4.53370000,4.64630000,4.51120000,4.63180000,1736988.67095000
2025-07-09 22:00:00,4.63180000,4.68550000,4.58570000,4.63810000,1743620.83996000
2025-07-10 02:00:00,4.63810000,4.65190000,4.58620000,4.59610000,1111418.93409000
2025-07-10 06:00:00,4.59610000,4.63590000,4.55950000,4.60620000,1493727.52414000
2025-07-10 10:00:00,4.60620000,4.62750000,4.58490000,4.60420000,1393339.99266000
2025-07-10 14:00:00,4.60420000,4.62400000,4.56300000,4.58040000,1982200.59426000
2025-07-10 18:00:00,4.58040000,4.73450000,4.57240000,4.68890000,2670971.82423000
2025-07-10 22:00:00,4.68890000,4.90820000,4.68830000,4.88100000,3213658.86961000
2025-07-11 02:00:00,4.88100000,4.94340000,4.77660000,4.92390000,2566298.34872000
2025-07-11 06:00:00,4.92390000,5.03270000,4.89470000,4.91110000,3313482.61134000
2025-07-11 10:00:00,4.91110000,5.01150000,4.91160000,4.94050000,1997150.67648000
2025-07-11 14:00:00,4.94050000,5.05790000,4.92640000,4.95000000,3282782.95105000
2025-07-11 18:00:00,4.95000000,5.07810000,4.91610000,5.07570000,2998195.85760000
2025-07-11 22:00:00,5.07570000,5.09110000,4.80410000,4.88430000,2833606.92472000
2025-07-12 02:00:00,4.88430000,4.92950000,4.78280000,4.90870000,1765591.50596000
2025-07-12 06:00:00,4.90870000,4.91770000,4.78750000,4.87780000,1440260.97991000
2025-07-12 10:00:00,4.87780000,4.94750000,4.84600000,4.89830000,1212731.09632000
2025-07-12 14:00:00,4.89830000,4.91510000,4.67050000,4.72090000,3346001.40167000
2025-07-12 18:00:00,4.72090000,4.80180000,4.70200000,4.78990000,1263178.61957000
2025-07-12 22:00:00,4.78990000,4.81050000,4.72480000,4.80210000,698885.65958000
2025-07-13 02:00:00,4.80210000,4.89810000,4.78450000,4.89760000,1027846.51205000
2025-07-13 06:00:00,4.89760000,4.98180000,4.86810000,4.98070000,1826896.15793000
2025-07-13 10:00:00,4.98070000,5.02960000,4.90180000,4.94970000,2091106.95156000
2025-07-13 14:00:00,4.94970000,5.05720000,4.92060000,5.00240000,2299806.32783000
2025-07-13 18:00:00,5.00240000,5.04730000,4.96910000,4.99770000,1733236.53512000
2025-07-13 22:00:00,4.99770000,5.02790000,4.90510000,4.93880000,1383766.41994000
2025-07-14 02:00:00,4.93880000,5.17760000,4.92150000,5.14660000,3131580.82226000
2025-07-14 06:00:00,5.14660000,5.20920000,5.06400000,5.15370000,3144273.76836000
2025-07-14 10:00:00,5.15370000,5.20660000,5.08140000,5.12440000,2625490.33598000
2025-07-14 14:00:00,5.12440000,5.14550000,4.96610000,5.00460000,3317474.47708000
2025-07-14 18:00:00,5.00460000,5.05130000,4.94090000,4.95900000,2202153.45050000
2025-07-14 22:00:00,4.95900000,4.99800000,4.89130000,4.97060000,2062308.81276000
2025-07-15 02:00:00,4.97060000,4.99350000,4.80150000,4.84160000,2488397.74939000
2025-07-15 06:00:00,4.84160000,4.90360000,4.80770000,4.84620000,1296011.99500000
2025-07-15 10:00:00,4.84620000,4.86870000,4.79670000,4.84040000,1918174.85593000
2025-07-15 14:00:00,4.84040000,4.95060000,4.77920000,4.89810000,3656082.74360000
2025-07-15 18:00:00,4.89810000,5.08260000,4.89310000,4.93280000,2967178.06853000
2025-07-15 22:00:00,4.93280000,5.11650000,4.91260000,5.09730000,1567785.15364000
2025-07-16 02:00:00,5.09730000,5.17790000,5.03120000,5.08790000,1825881.08585000
2025-07-16 06:00:00,5.08790000,5.23460000,5.05360000,5.22910000,2261696.75732000
2025-07-16 10:00:00,5.22910000,5.24550000,5.14160000,5.18000000,2290701.06344000
2025-07-16 14:00:00,5.18000000,5.22990000,5.11220000,5.17800000,3785474.64339000
2025-07-16 18:00:00,5.17800000,5.31410000,5.15360000,5.26750000,3657608.53533000
2025-07-16 22:00:00,5.26750000,5.37450000,5.16720000,5.20140000,2810255.11892000
2025-07-17 02:00:00,5.20140000,5.26870000,5.05000000,5.09490000,2507935.87498000
2025-07-17 06:00:00,5.09490000,5.22650000,5.07670000,5.19460000,1855751.33108000
2025-07-17 10:00:00,5.19460000,5.29170000,5.16950000,5.17760000,3141814.71355000
2025-07-17 14:00:00,5.17760000,5.27880000,5.10700000,5.23370000,3667206.03525000
2025-07-17 18:00:00,5.23370000,5.26440000,5.13070000,5.16640000,2670158.64955000
2025-07-17 22:00:00,5.16640000,5.36570000,5.08890000,5.29170000,3519426.17711000
2025-07-18 02:00:00,5.29170000,5.44830000,5.26150000,5.41900000,2960521.82692000
2025-07-18 06:00:00,5.41900000,5.58000000,5.40420000,5.44400000,4496254.36359000
2025-07-18 10:00:00,5.44400000,5.54760000,5.39010000,5.50570000,4232681.80973000
2025-07-18 14:00:00,5.50570000,5.58690000,5.27970000,5.31950000,6243907.77592000
2025-07-18 18:00:00,5.31950000,5.40870000,5.24330000,5.33260000,2677165.24431000
2025-07-18 22:00:00,5.33260000,5.39650000,5.20080000,5.32100000,3163778.37070000
2025-07-19 02:00:00,5.32100000,5.39550000,5.16510000,5.38440000,2047689.89976000
2025-07-19 06:00:00,5.38440000,5.43750000,5.29200000,5.29340000,1469776.92260000
2025-07-19 10:00:00,5.29340000,5.30430000,5.20930000,5.21480000,1627907.44682000
2025-07-19 14:00:00,5.21480000,5.24640000,5.15180000,5.18510000,2130972.95439000
2025-07-19 18:00:00,5.18510000,5.32770000,5.16350000,5.31510000,1902868.06086000
2025-07-19 22:00:00,5.31510000,5.36250000,5.24890000,5.32200000,1931261.35446000
2025-07-20 02:00:00,5.32200000,5.36490000,5.25070000,5.31500000,1595340.30772000
2025-07-20 06:00:00,5.31500000,5.36600000,5.25560000,5.33720000,1490619.58485000
2025-07-20 10:00:00,5.33720000,5.48080000,5.33620000,5.44240000,2425807.38604000
2025-07-20 14:00:00,5.44240000,5.48120000,5.38310000,5.43940000,2817027.53696000
2025-07-20 18:00:00,5.43940000,5.51760000,5.35610000,5.39330000,3859572.40189000
2025-07-20 22:00:00,5.39330000,5.39880000,5.20670000,5.31150000,3229081.55345000
2025-07-21 02:00:00,5.31150000,5.46370000,5.22450000,5.46140000,2618026.40509000
2025-07-21 06:00:00,5.46140000,5.54360000,5.37920000,5.52810000,3270166.26397000
2025-07-21 10:00:00,5.52810000,5.55560000,5.42560000,5.48910000,3981753.81034000
2025-07-21 14:00:00,5.48910000,5.54040000,5.41610000,5.49010000,5493682.80646000
2025-07-21 18:00:00,5.49010000,5.51300000,5.31880000,5.34490000,5660507.78023000
2025-07-21 22:00:00,5.34490000,5.45440000,5.31740000,5.40690000,1777320.60588000
2025-07-22 02:00:00,5.40690000,5.48420000,5.23780000,5.34110000,4921440.62408000
2025-07-22 06:00:00,5.34110000,5.35110000,5.16710000,5.25620000,4845995.47690000
2025-07-22 10:00:00,5.25620000,5.32740000,5.15420000,5.30380000,3558997.40415000
2025-07-22 14:00:00,5.30380000,5.33780000,5.15220000,5.29350000,4366204.79966000
2025-07-22 18:00:00,5.29350000,5.45370000,5.27600000,5.31290000,4888599.31135000
2025-07-22 22:00:00,5.31290000,5.48080000,5.30140000,5.47610000,1800716.92273000
2025-07-23 02:00:00,5.47610000,5.49220000,5.37370000,5.40370000,2206349.37343000
2025-07-23 06:00:00,5.40370000,5.56340000,5.39230000,5.51130000,3306436.08926000
2025-07-23 10:00:00,5.51130000,5.65740000,5.32510000,5.35470000,6832317.73252000
2025-07-23 14:00:00,5.35470000,5.35470000,4.99470000,5.10870000,9400560.31594000
2025-07-23 18:00:00,5.10870000,5.10830000,4.84810000,4.87100000,5678638.52215000
2025-07-23 22:00:00,4.87100000,4.89590000,4.69070000,4.80830000,5368780.63238000
2025-07-24 02:00:00,4.80830000,4.86510000,4.76890000,4.77240000,2234656.14803000
2025-07-24 06:00:00,4.77240000,4.78370000,4.45400000,4.62320000,7895415.63409000
2025-07-24 10:00:00,4.62320000,4.69620000,4.57080000,4.67660000,4154789.58224000
2025-07-24 14:00:00,4.67660000,4.78460000,4.57920000,4.74620000,4358922.65248000
2025-07-24 18:00:00,4.74620000,4.75070000,4.62710000,4.69610000,2690068.76944000
2025-07-24 22:00:00,4.69610000,4.75750000,4.60550000,4.62370000,1588556.33940000
2025-07-25 02:00:00,4.62370000,4.68890000,4.50820000,4.58850000,3029263.67734000
2025-07-25 06:00:00,4.58850000,4.68790000,4.54910000,4.64780000,2712397.10206000
2025-07-25 10:00:00,4.64780000,4.74500000,4.63770000,4.73020000,3035606.12063000
2025-07-25 14:00:00,4.73020000,4.75860000,4.57580000,4.62990000,2757002.53336000
2025-07-25 18:00:00,4.62990000,4.68100000,4.60370000,4.65200000,1308286.37973000
2025-07-25 22:00:00,4.65200000,4.75870000,4.64630000,4.74980000,1550161.07082000
2025-07-26 02:00:00,4.74980000,4.79240000,4.72320000,4.77980000,1277405.88902000
2025-07-26 06:00:00,4.77980000,4.78920000,4.75500000,4.75930000,969320.83128000
2025-07-26 10:00:00,4.75930000,4.80390000,4.75790000,4.77520000,1287082.97208000
2025-07-26 14:00:00,4.77520000,4.83190000,4.75530000,4.83180000,1676826.31237000
2025-07-26 18:00:00,4.83180000,4.84510000,4.78220000,4.84440000,1268362.18658000
2025-07-26 22:00:00,4.84440000,4.85990000,4.79310000,4.80160000,1018457.89191000
2025-07-27 02:00:00,4.80160000,4.86760000,4.78870000,4.83570000,931963.01159000
2025-07-27 06:00:00,4.83570000,4.86730000,4.81130000,4.82250000,1030242.35610000
2025-07-27 10:00:00,4.82250000,4.84480000,4.75660000,4.81270000,1839809.69320000
2025-07-27 14:00:00,4.81270000,4.85060000,4.77830000,4.81920000,1472008.73144000
2025-07-27 18:00:00,4.81920000,4.88050000,4.81610000,4.85740000,1749271.54817000
2025-07-27 22:00:00,4.85740000,4.91820000,4.82460000,4.90110000,1127732.33831000
2025-07-28 02:00:00,4.90110000,4.93790000,4.84680000,4.89960000,1437229.25961000
2025-07-28 06:00:00,4.89960000,4.97960000,4.86730000,4.94810000,2082091.05711000
2025-07-28 10:00:00,4.94810000,4.98430000,4.87760000,4.90470000,1496110.57886000
2025-07-28 14:00:00,4.90470000,4.92810000,4.70550000,4.73320000,3362405.42258000
2025-07-28 18:00:00,4.73320000,4.76740000,4.65920000,4.70180000,2068538.79890000
2025-07-28 22:00:00,4.70180000,4.71150000,4.60550000,4.65030000,1436520.92301000
2025-07-29 02:00:00,4.65030000,4.68310000,4.56370000,4.64850000,1558537.98803000
2025-07-29 06:00:00,4.64850000,4.77250000,4.62030000,4.76210000,1456173.45044000
2025-07-29 10:00:00,4.76210000,4.77200000,4.63820000,4.68010000,1648279.79594000
2025-07-29 14:00:00,4.68010000,4.74070000,4.56420000,4.57970000,2722585.95764000
2025-07-29 18:00:00,4.57970000,4.58720000,4.47780000,4.49160000,2628980.24687000
2025-07-29 22:00:00,4.49160000,4.58880000,4.44690000,4.58220000,1815810.14684000
2025-07-30 02:00:00,4.58220000,4.59040000,4.50440000,4.55330000,906280.54127000
2025-07-30 06:00:00,4.55330000,4.58250000,4.50660000,4.53230000,1148857.99827000
2025-07-30 10:00:00,4.53230000,4.56860000,4.40000000,4.42000000,1889171.98294000
2025-07-30 14:00:00,4.42000000,4.51940000,4.39520000,4.47920000,1866211.84340000
2025-07-30 18:00:00,4.47920000,4.53840000,4.26290000,4.45760000,3601635.45728000
2025-07-30 22:00:00,4.45760000,4.50340000,4.40920000,4.48730000,1002269.37343000
2025-07-31 02:00:00,4.48730000,4.59720000,4.47110000,4.58010000,914261.73899000
2025-07-31 06:00:00,4.58010000,4.61810000,4.56060000,4.58860000,993456.89932000
2025-07-31 10:00:00,4.58860000,4.62110000,4.55800000,4.57780000,1201413.15647000
2025-07-31 14:00:00,4.57780000,4.58550000,4.38640000,4.45650000,2750384.00402000
2025-07-31 18:00:00,4.45650000,4.53560000,4.38040000,4.39920000,1884756.48541000
2025-07-31 22:00:00,4.39920000,4.43460000,4.29480000,4.31630000,1857968.94947000
2025-08-01 02:00:00,4.31630000,4.38120000,4.21400000,4.36890000,2501331.02333000
2025-08-01 06:00:00,4.36890000,4.36870000,4.25380000,4.28640000,1406677.65697000
2025-08-01 10:00:00,4.28640000,4.29380000,4.19100000,4.29300000,1921398.63308000
2025-08-01 14:00:00,4.29300000,4.34360000,4.16760000,4.28740000,2912159.92473000
2025-08-01 18:00:00,4.28740000,4.31980000,4.18400000,4.29090000,1612527.76038000
2025-08-01 22:00:00,4.29090000,4.30270000,4.10500000,4.22770000,2571658.74250000
2025-08-02 02:00:00,4.22770000,4.26890000,4.22110000,4.25230000,742397.93601000
2025-08-02 06:00:00,4.25230000,4.28010000,4.14850000,4.24150000,1586571.71068000
2025-08-02 10:00:00,4.24150000,4.24460000,4.14360000,4.19140000,1169634.76604000
2025-08-02 14:00:00,4.19140000,4.20030000,4.10660000,4.11860000,1221908.49026000
2025-08-02 18:00:00,4.11860000,4.16500000,4.04430000,4.10490000,2452613.87129000
2025-08-02 22:00:00,4.10490000,4.16070000,4.08170000,4.11860000,904089.83144000
2025-08-03 02:00:00,4.11860000,4.17350000,4.05660000,4.16340000,937785.14742000
2025-08-03 06:00:00,4.16340000,4.19680000,4.14380000,4.18950000,574153.90562000
2025-08-03 10:00:00,4.18950000,4.24310000,4.18040000,4.21240000,741819.98904000
2025-08-03 14:00:00,4.21240000,4.22160000,4.17750000,4.21950000,629854.26502000
2025-08-03 18:00:00,4.21950000,4.24390000,4.19800000,4.22010000,624538.29657000
2025-08-03 22:00:00,4.22010000,4.24990000,4.20990000,4.22320000,599147.32006000
2025-08-04 02:00:00,4.22320000,4.29480000,4.21950000,4.26180000,839389.86194000
2025-08-04 06:00:00,4.26180000,4.27920000,4.22210000,4.26910000,823792.67328000
2025-08-04 10:00:00,4.26910000,4.28000000,4.23480000,4.24470000,754414.35437000
2025-08-04 14:00:00,4.24470000,4.32590000,4.23830000,4.29090000,1687152.44862000
2025-08-04 18:00:00,4.29090000,4.34960000,4.27940000,4.28990000,1105249.01398000
2025-08-04 22:00:00,4.28990000,4.36730000,4.28510000,4.36560000,827723.45928000
2025-08-05 02:00:00,4.36560000,4.37700000,4.29920000,4.29970000,847606.65407000
2025-08-05 06:00:00,4.29970000,4.32120000,4.20420000,4.21320000,1273262.24685000
2025-08-05 10:00:00,4.21320000,4.33710000,4.20500000,4.33210000,883340.02123000
2025-08-05 14:00:00,4.33210000,4.33650000,4.19370000,4.21140000,2611548.09339000
2025-08-05 18:00:00,4.21140000,4.31490000,4.20430000,4.23580000,1673469.89363000
2025-08-05 22:00:00,4.23580000,4.29250000,4.17170000,4.28520000,1083308.03065000
2025-08-06 02:00:00,4.28520000,4.28760000,4.17350000,4.18870000,1008493.60697000
2025-08-06 06:00:00,4.18870000,4.30290000,4.16320000,4.28640000,1381547.87674000
2025-08-06 10:00:00,4.28640000,4.28660000,4.22740000,4.23770000,877066.14683000
2025-08-06 14:00:00,4.23770000,4.28230000,4.16920000,4.27860000,3070557.20240000
2025-08-06 18:00:00,4.27860000,4.28730000,4.22440000,4.24950000,1954637.81852000
2025-08-06 22:00:00,4.24950000,4.25650000,4.22770000,4.24490000,594780.31840000
2025-08-07 02:00:00,4.24490000,4.27430000,4.21210000,4.21700000,739447.23580000
2025-08-07 06:00:00,4.21700000,4.28070000,4.21510000,4.24710000,1052274.55103000
2025-08-07 10:00:00,4.24710000,4.33530000,4.23550000,4.32080000,2480513.94926000
2025-08-07 14:00:00,4.32080000,4.35430000,4.30740000,4.33510000,1914769.25122000
2025-08-07 18:00:00,4.33510000,4.38070000,4.25610000,4.38060000,1901510.25281000
2025-08-07 22:00:00,4.38060000,4.42590000,4.36930000,4.41490000,1826606.86261000
2025-08-08 02:00:00,4.41490000,4.56140000,4.34750000,4.51820000,6814866.90817000
2025-08-08 06:00:00,4.51820000,4.69520000,4.48090000,4.65000000,2974972.50958000
2025-08-08 10:00:00,4.65000000,4.71620000,4.62120000,4.67950000,2421095.03236000
2025-08-08 14:00:00,4.67950000,4.68630000,4.57220000,4.60130000,2720936.57338000
2025-08-08 18:00:00,4.60130000,4.70000000,4.58500000,4.67150000,1488630.53783000
2025-08-08 22:00:00,4.67150000,4.69370000,4.64010000,4.64090000,932091.99720000
2025-08-09 02:00:00,4.64090000,4.75810000,4.62500000,4.74450000,2442259.55968000
2025-08-09 06:00:00,4.74450000,4.83950000,4.72420000,4.83820000,2173797.11476000
2025-08-09 10:00:00,4.83820000,4.86790000,4.80680000,4.82070000,1841174.10744000
2025-08-09 14:00:00,4.82070000,4.84520000,4.75200000,4.80400000,2230791.86818000
2025-08-09 18:00:00,4.80400000,4.83400000,4.78070000,4.80090000,1195298.21826000
2025-08-09 22:00:00,4.80090000,4.85120000,4.77480000,4.78170000,1229237.80847000
2025-08-10 02:00:00,4.78170000,4.85190000,4.77100000,4.82010000,1488453.00324000
2025-08-10 06:00:00,4.82010000,4.85000000,4.68250000,4.68450000,1961764.14321000
2025-08-10 10:00:00,4.68450000,4.72690000,4.60750000,4.61060000,1858214.55319000
2025-08-10 14:00:00,4.61060000,4.72260000,4.58380000,4.70530000,1666818.51618000
2025-08-10 18:00:00,4.70530000,4.73230000,4.68290000,4.70740000,1050101.35178000
2025-08-10 22:00:00,4.70740000,4.71160000,4.63710000,4.69710000,1188731.05241000
2025-08-11 02:00:00,4.69710000,4.81680000,4.66630000,4.78970000,1798368.80980000
2025-08-11 06:00:00,4.78970000,4.83560000,4.71080000,4.72100000,1591049.44827000
2025-08-11 10:00:00,4.72100000,4.75690000,4.59410000,4.60880000,2085906.67417000
2025-08-11 14:00:00,4.60880000,4.70280000,4.55070000,4.69320000,3393803.03786000
2025-08-11 18:00:00,4.69320000,4.76270000,4.57350000,4.60650000,2240353.72256000
2025-08-11 22:00:00,4.60650000,4.62680000,4.50120000,4.52250000,1517877.75615000
2025-08-12 02:00:00,4.52250000,4.61610000,4.51340000,4.56170000,1169431.12151000
2025-08-12 06:00:00,4.56170000,4.60310000,4.51630000,4.60310000,953549.54992000
2025-08-12 10:00:00,4.60310000,4.60690000,4.48230000,4.54910000,1549965.71704000
2025-08-12 14:00:00,4.54910000,4.76020000,4.52320000,4.75440000,3028287.89955000
2025-08-12 18:00:00,4.75440000,4.84530000,4.73510000,4.84190000,2166764.76441000
2025-08-12 22:00:00,4.84190000,4.90190000,4.79470000,4.81960000,2895319.87250000
2025-08-13 02:00:00,4.81960000,4.84780000,4.72610000,4.83640000,2123000.89887000
2025-08-13 06:00:00,4.83640000,4.86190000,4.73220000,4.82390000,1787895.83148000
2025-08-13 10:00:00,4.82390000,5.00110000,4.81750000,4.96280000,4089596.99791000
2025-08-13 14:00:00,4.96280000,5.01730000,4.86190000,4.94080000,3909593.28258000
2025-08-13 18:00:00,4.94080000,5.06850000,4.90690000,4.98580000,3071950.46588000
2025-08-13 22:00:00,4.98580000,5.09130000,4.95510000,5.04750000,2042361.53630000
2025-08-14 02:00:00,5.04750000,5.13950000,4.99720000,5.13950000,2394041.46973000
2025-08-14 06:00:00,5.13950000,5.15010000,4.95710000,4.98640000,3285939.45812000
2025-08-14 10:00:00,4.98640000,5.02910000,4.88070000,4.93630000,2933032.30668000
2025-08-14 14:00:00,4.93630000,4.98180000,4.65680000,4.76710000,7198513.52654000
2025-08-14 18:00:00,4.76710000,4.81490000,4.68160000,4.75770000,2855461.24934000
2025-08-14 22:00:00,4.75770000,4.75850000,4.64700000,4.71960000,1471655.70189000
2025-08-15 02:00:00,4.71960000,4.83470000,4.70310000,4.81610000,1256412.55325000
2025-08-15 06:00:00,4.81610000,4.84570000,4.73860000,4.81160000,1524995.62252000
2025-08-15 10:00:00,4.81160000,4.84330000,4.73560000,4.74400000,1446741.68852000
2025-08-15 14:00:00,4.74400000,4.80830000,4.55020000,4.58070000,3760756.25836000
2025-08-15 18:00:00,4.58070000,4.64070000,4.53050000,4.57530000,2113677.24182000
2025-08-15 22:00:00,4.57530000,4.71780000,4.56260000,4.65960000,1084364.62851000
2025-08-16 02:00:00,4.65960000,4.72050000,4.65130000,4.66410000,767935.14199000
2025-08-16 06:00:00,4.66410000,4.69460000,4.64010000,4.68180000,662450.66016000
2025-08-16 10:00:00,4.68180000,4.70470000,4.62260000,4.62560000,1166842.53093000
2025-08-16 14:00:00,4.62560000,4.73660000,4.61080000,4.70690000,1595551.79739000
2025-08-16 18:00:00,4.70690000,4.72440000,4.67020000,4.70040000,750516.58243000
2025-08-16 22:00:00,4.70040000,4.75550000,4.69560000,4.73910000,548800.71341000
2025-08-17 02:00:00,4.73910000,4.75760000,4.70090000,4.74700000,809949.73551000
2025-08-17 06:00:00,4.74700000,4.82770000,4.74440000,4.77780000,1297916.73813000
2025-08-17 10:00:00,4.77780000,4.86350000,4.77330000,4.85690000,1507776.15424000
2025-08-17 14:00:00,4.85690000,4.93050000,4.79740000,4.92860000,1721592.27358000
2025-08-17 18:00:00,4.92860000,4.94740000,4.78680000,4.81810000,1676510.84916000
2025-08-17 22:00:00,4.81810000,4.85710000,4.78180000,4.78450000,872597.60042000
2025-08-18 02:00:00,4.78450000,4.79280000,4.57090000,4.62280000,2910764.57336000
2025-08-18 06:00:00,4.62280000,4.65770000,4.56220000,4.58970000,1079930.10119000
2025-08-18 10:00:00,4.58970000,4.61330000,4.54510000,4.58780000,1055966.16370000
2025-08-18 14:00:00,4.58780000,4.65860000,4.55200000,4.60310000,1729490.77863000
2025-08-18 18:00:00,4.60310000,4.64170000,4.55270000,4.61430000,1016100.38705000
2025-08-18 22:00:00,4.61430000,4.67040000,4.55970000,4.56910000,735908.17993000
2025-08-19 02:00:00,4.56910000,4.62550000,4.43690000,4.45650000,1585050.83111000
2025-08-19 06:00:00,4.45650000,4.47860000,4.39690000,4.42940000,1144609.48274000
2025-08-19 10:00:00,4.42940000,4.50960000,4.39620000,4.49660000,1567755.46402000
2025-08-19 14:00:00,4.49660000,4.49660000,4.33960000,4.35060000,3357666.47120000
2025-08-19 18:00:00,4.35060000,4.36440000,4.30060000,4.33650000,2100924.54802000
2025-08-19 22:00:00,4.33650000,4.36150000,4.28440000,4.29640000,805405.20453000
2025-08-20 02:00:00,4.29640000,4.34290000,4.26930000,4.31010000,1096995.31114000
2025-08-20 06:00:00,4.31010000,4.36060000,4.30980000,4.33380000,517560.61453000
2025-08-20 10:00:00,4.33380000,4.39210000,4.30480000,4.35670000,977879.35044000
2025-08-20 14:00:00,4.35670000,4.44750000,4.27010000,4.40760000,1690346.96868000
2025-08-20 18:00:00,4.40760000,4.50390000,4.40660000,4.50040000,1785839.04687000
2025-08-20 22:00:00,4.50040000,4.51160000,4.45970000,4.49130000,590736.12911000
2025-08-21 02:00:00,4.49130000,4.50400000,4.42530000,4.44500000,780988.33083000
2025-08-21 06:00:00,4.44500000,4.46590000,4.40920000,4.44820000,490633.07286000
2025-08-21 10:00:00,4.44820000,4.46140000,4.41810000,4.44920000,1115826.17964000
2025-08-21 14:00:00,4.44920000,4.45540000,4.34740000,4.35460000,1960249.72672000
2025-08-21 18:00:00,4.35460000,4.43350000,4.33740000,4.39640000,973349.82700000
2025-08-21 22:00:00,4.39640000,4.44850000,4.37940000,4.41390000,821313.75958000
2025-08-22 02:00:00,4.41390000,4.47070000,4.37550000,4.39650000,740205.19316000
2025-08-22 06:00:00,4.39650000,4.43770000,4.37810000,4.42130000,502691.66996000
2025-08-22 10:00:00,4.42130000,4.44730000,4.33930000,4.34040000,799024.88532000
2025-08-22 14:00:00,4.34040000,4.59020000,4.27430000,4.54760000,3943033.76216000
2025-08-22 18:00:00,4.54760000,4.74370000,4.54860000,4.72870000,1860285.68641000
2025-08-22 22:00:00,4.72870000,4.81710000,4.72310000,4.79970000,921149.90208000
2025-08-23 02:00:00,4.79970000,4.80920000,4.60390000,4.61640000,1462350.83284000
2025-08-23 06:00:00,4.61640000,4.75210000,4.61540000,4.66550000,1166282.50834000
2025-08-23 10:00:00,4.66550000,4.70710000,4.64280000,4.69080000,742955.45464000
2025-08-23 14:00:00,4.69080000,4.76920000,4.67880000,4.72560000,965925.32343000
2025-08-23 18:00:00,4.72560000,4.77390000,4.70880000,4.76520000,505725.85101000
2025-08-23 22:00:00,4.76520000,4.77190000,4.73160000,4.75940000,486909.99528000
2025-08-24 02:00:00,4.75940000,4.77800000,4.68490000,4.70020000,573888.62758000
2025-08-24 06:00:00,4.70020000,4.70650000,4.61180000,4.62070000,792723.83971000
2025-08-24 10:00:00,4.62070000,4.64340000,4.54630000,4.56720000,904794.87723000
2025-08-24 14:00:00,4.56720000,4.64020000,4.55760000,4.60220000,686201.95230000
2025-08-24 18:00:00,4.60220000,4.80560000,4.57480000,4.65200000,2897222.59792000
2025-08-24 22:00:00,4.65200000,4.66790000,4.55510000,4.62260000,1435940.22731000
2025-08-25 02:00:00,4.62260000,4.65980000,4.52530000,4.60090000,2279620.44878000
2025-08-25 06:00:00,4.60090000,4.61250000,4.41910000,4.43140000,1254504.31572000
2025-08-25 10:00:00,4.43140000,4.45560000,4.36620000,4.41010000,1262249.02874000
2025-08-25 14:00:00,4.41010000,4.46330000,4.37810000,4.40500000,1249109.87077000
2025-08-25 18:00:00,4.40500000,4.44040000,4.29070000,4.30150000,1283251.41687000
2025-08-25 22:00:00,4.30150000,4.32310000,4.19650000,4.25150000,1757852.56682000
2025-08-26 02:00:00,4.25150000,4.31930000,4.22330000,4.29810000,877721.45641000
2025-08-26 06:00:00,4.29810000,4.34130000,4.28180000,4.32090000,709183.20837000
2025-08-26 10:00:00,4.32090000,4.35370000,4.29630000,4.31700000,643927.38945000
2025-08-26 14:00:00,4.31700000,4.39260000,4.27430000,4.31680000,1280710.53791000
2025-08-26 18:00:00,4.31680000,4.42360000,4.30910000,4.41720000,1560183.79831192
2025-08-26 22:00:00,4.41720000,4.40360000,4.34730000,4.37240000,883214.06732000
2025-08-27 02:00:00,4.37240000,4.42610000,4.34700000,4.39880000,452654.95272000
2025-08-27 06:00:00,4.39880000,4.43800000,4.36560000,4.37520000,418642.06237000
2025-08-27 10:00:00,4.37520000,4.40790000,4.34250000,4.37520000,434919.84789000
2025-08-27 14:00:00,4.37520000,4.42070000,4.33300000,4.40780000,580777.60308000
2025-08-27 18:00:00,4.40780000,4.42920000,4.35700000,4.38260000,426675.86826000
2025-08-27 22:00:00,4.38260000,4.42950000,4.34040000,4.36530000,1362513.78683000
2025-08-28 02:00:00,4.36530000,4.39340000,4.32840000,4.38760000,323085.60201000
2025-08-28 06:00:00,4.38760000,4.42640000,4.38760000,4.41190000,316143.88340000
2025-08-28 10:00:00,4.41190000,4.44090000,4.39520000,4.42520000,325139.63908000
2025-08-28 14:00:00,4.42520000,4.48240000,4.40820000,4.42110000,764056.52753000
2025-08-28 18:00:00,4.42110000,4.44600000,4.36660000,4.37150000,447265.04482000
2025-08-28 22:00:00,4.37150000,4.47370000,4.36710000,4.46710000,366159.43137000
2025-08-29 02:00:00,4.46710000,4.46960000,4.37900000,4.41810000,524387.13464000
2025-08-29 06:00:00,4.41810000,4.43780000,4.30360000,4.31330000,656296.74854000
2025-08-29 10:00:00,4.31330000,4.32560000,4.24700000,4.27590000,658220.75712000
2025-08-29 14:00:00,4.27590000,4.37180000,4.21680000,4.23940000,1410419.26623000
2025-08-29 18:00:00,4.23940000,4.26690000,4.18810000,4.23760000,856158.76188000
2025-08-29 22:00:00,4.23760000,4.27610000,4.20010000,4.26130000,375980.48221000
2025-08-30 02:00:00,4.26130000,4.29990000,4.18300000,4.28180000,508896.80980000
2025-08-30 06:00:00,4.28180000,4.32760000,4.27270000,4.32190000,412295.86084000
2025-08-30 10:00:00,4.32190000,4.32340000,4.28420000,4.30130000,289284.44718000
2025-08-30 14:00:00,4.30130000,4.30780000,4.24210000,4.30040000,400325.01253000
2025-08-30 18:00:00,4.30040000,4.30240000,4.26820000,4.29910000,206884.35154000
2025-08-30 22:00:00,4.29910000,4.33810000,4.28620000,4.32640000,269485.59553000
2025-08-31 02:00:00,4.32640000,4.36890000,4.32310000,4.36760000,289382.87949000
2025-08-31 06:00:00,4.36760000,4.36840000,4.32030000,4.32350000,296372.15136000
2025-08-31 10:00:00,4.32350000,4.35610000,4.30620000,4.33000000,294665.28822000
2025-08-31 14:00:00,4.33000000,4.33120000,4.27970000,4.31980000,394040.54720000
2025-08-31 18:00:00,4.31980000,4.32030000,4.28580000,4.28710000,269456.39655000
2025-08-31 22:00:00,4.28710000,4.31750000,4.24810000,4.25210000,318290.40310000
2025-09-01 02:00:00,4.25210000,4.25360000,4.16010000,4.18690000,726677.33110000
2025-09-01 06:00:00,4.18690000,4.31470000,4.13950000,4.31420000,946959.66648000
2025-09-01 10:00:00,4.31420000,4.46240000,4.26680000,4.26980000,1724058.78677000
2025-09-01 14:00:00,4.26980000,4.29310000,4.21300000,4.22080000,598223.34532000
2025-09-01 18:00:00,4.22080000,4.23450000,4.18240000,4.23310000,547444.67418000
2025-09-01 22:00:00,4.23310000,4.23400000,4.10490000,4.20990000,1158066.60258000
2025-09-02 02:00:00,4.20990000,4.28950000,4.17870000,4.28530000,489419.97128000
2025-09-02 06:00:00,4.28530000,4.31010000,4.25720000,4.26120000,443218.64792000
2025-09-02 10:00:00,4.26120000,4.31970000,4.25930000,4.30910000,398983.20234000
2025-09-02 14:00:00,4.30910000,4.35490000,4.22450000,4.25090000,1934049.42436000
2025-09-02 18:00:00,4.25090000,4.31850000,4.24330000,4.28700000,538972.72451000
2025-09-02 22:00:00,4.28700000,4.34880000,4.28260000,4.33530000,343997.75574000
2025-09-03 02:00:00,4.33530000,4.34190000,4.29390000,4.32350000,392468.76619000
2025-09-03 06:00:00,4.32350000,4.32920000,4.25830000,4.28480000,428187.66779000
2025-09-03 10:00:00,4.28480000,4.32650000,4.27590000,4.31550000,409904.14844000
2025-09-03 14:00:00,4.31550000,4.37940000,4.30390000,4.36510000,714623.20438000
2025-09-03 18:00:00,4.36510000,4.38610000,4.34840000,4.38500000,555525.72285000
2025-09-03 22:00:00,4.38500000,4.41360000,4.36630000,4.36950000,359830.84794000
2025-09-04 02:00:00,4.36950000,4.38340000,4.31870000,4.32260000,388046.88262000
2025-09-04 06:00:00,4.32260000,4.33730000,4.26370000,4.28470000,423056.87115000
2025-09-04 10:00:00,4.28470000,4.30560000,4.27290000,4.27290000,273439.35298000
2025-09-04 14:00:00,4.27290000,4.29020000,4.21340000,4.22270000,846178.31029000
2025-09-04 18:00:00,4.22270000,4.23810000,4.19840000,4.20520000,400695.72756000
2025-09-04 22:00:00,4.20520000,4.27880000,4.20130000,4.23980000,314294.32293000
2025-09-05 02:00:00,4.23980000,4.28440000,4.23590000,4.27860000,236339.63176000
2025-09-05 06:00:00,4.27860000,4.33530000,4.26880000,4.33210000,325258.27549000
2025-09-05 10:00:00,4.33210000,4.33370000,4.29710000,4.31140000,274857.79905000
2025-09-05 14:00:00,4.31140000,4.35860000,4.23060000,4.25640000,1026413.12931000
2025-09-05 18:00:00,4.25640000,4.26820000,4.22870000,4.26000000,309016.31462000
2025-09-05 22:00:00,4.26000000,4.27990000,4.23560000,4.24710000,270511.11907000
2025-09-06 02:00:00,4.24710000,4.26050000,4.23210000,4.23960000,186489.27772000
2025-09-06 06:00:00,4.23960000,4.23960000,4.21320000,4.22240000,316268.75335000
2025-09-06 10:00:00,4.22240000,4.22370000,4.20160000,4.21910000,276587.32292000
2025-09-06 14:00:00,4.21910000,4.22700000,4.18400000,4.19660000,655643.23800000
2025-09-06 18:00:00,4.19660000,4.22130000,4.17620000,4.18060000,392002.93440000
2025-09-06 22:00:00,4.18060000,4.21340000,4.17950000,4.20090000,265095.17395000
2025-09-07 02:00:00,4.20090000,4.24000000,4.19940000,4.23660000,224605.98050000
2025-09-07 06:00:00,4.23660000,4.25890000,4.22570000,4.23090000,283255.01827000
2025-09-07 10:00:00,4.23090000,4.25770000,4.22140000,4.25750000,344051.08728000
2025-09-07 14:00:00,4.25750000,4.27660000,4.24450000,4.26490000,393524.81557000
2025-09-07 18:00:00,4.26490000,4.27100000,4.23090000,4.25090000,369471.99592000
2025-09-07 22:00:00,4.25090000,4.28890000,4.24660000,4.27290000,226756.46689000
2025-09-08 02:00:00,4.27290000,4.35360000,4.25480000,4.34310000,564602.65625000
2025-09-08 06:00:00,4.34310000,4.35420000,4.30360000,4.31610000,516741.20174000
2025-09-08 10:00:00,4.31610000,4.38350000,4.31540000,4.34540000,718096.87414000
2025-09-08 14:00:00,4.34540000,4.43990000,4.34250000,4.43880000,1100985.37201000
2025-09-08 18:00:00,4.43880000,4.44360000,4.36720000,4.37700000,576362.76813000
2025-09-08 22:00:00,4.37700000,4.41700000,4.36130000,4.40580000,343401.31984000
2025-09-09 02:00:00,4.40580000,4.44490000,4.36470000,4.43120000,831660.23878000
2025-09-09 06:00:00,4.43120000,4.51440000,4.41310000,4.49120000,1237905.94911000
2025-09-09 10:00:00,4.49120000,4.53420000,4.49040000,4.50450000,628201.35022000
2025-09-09 14:00:00,4.50450000,4.53090000,4.35330000,4.37050000,1818812.94021000
2025-09-09 18:00:00,4.37050000,4.39920000,4.35030000,4.38500000,480999.82457000
2025-09-09 22:00:00,4.38500000,4.40200000,4.36380000,4.39090000,273505.66565000
2025-09-10 02:00:00,4.39090000,4.42950000,4.36120000,4.42200000,723713.19581000
2025-09-10 06:00:00,4.42200000,4.42900000,4.37710000,4.41480000,437516.81708000
2025-09-10 10:00:00,4.41480000,4.42380000,4.37210000,4.38890000,864446.60527000
2025-09-10 14:00:00,4.38890000,4.49470000,4.38850000,4.46170000,994564.01313000
2025-09-10 18:00:00,4.46170000,4.48550000,4.41310000,4.43480000,751849.63473000
2025-09-10 22:00:00,4.43480000,4.48890000,4.43310000,4.48230000,414906.28460000
2025-09-11 02:00:00,4.48230000,4.54470000,4.47140000,4.54130000,454673.31950000
2025-09-11 06:00:00,4.54130000,4.54790000,4.49810000,4.52790000,598379.95279000
2025-09-11 10:00:00,4.52790000,4.54480000,4.48600000,4.49080000,832833.57966000
2025-09-11 14:00:00,4.49080000,4.54820000,4.42930000,4.45220000,1397923.46587000
2025-09-11 18:00:00,4.45220000,4.49510000,4.44710000,4.48370000,379131.81867000
2025-09-11 22:00:00,4.48370000,4.52690000,4.47360000,4.52530000,389255.37101000
2025-09-12 02:00:00,4.52530000,4.56080000,4.51200000,4.55450000,584075.23559000
2025-09-12 06:00:00,4.55450000,4.59310000,4.52430000,4.54760000,743157.82300000
2025-09-12 10:00:00,4.54760000,4.54940000,4.48080000,4.48270000,490497.19987000
2025-09-12 14:00:00,4.48270000,4.54330000,4.46760000,4.50930000,539701.55157000
2025-09-12 18:00:00,4.50930000,4.60790000,4.50670000,4.60240000,1435892.81650000
2025-09-12 22:00:00,4.60240000,4.62940000,4.58270000,4.62280000,640853.99453000
2025-09-13 02:00:00,4.62280000,4.66240000,4.59610000,4.63830000,589067.58711000
2025-09-13 06:00:00,4.63830000,4.67620000,4.61600000,4.65270000,593713.34218000
2025-09-13 10:00:00,4.65270000,4.73590000,4.64890000,4.73370000,943389.31926000
2025-09-13 14:00:00,4.73370000,4.74720000,4.61490000,4.66660000,1539101.74237000
2025-09-13 18:00:00,4.66660000,4.68430000,4.56810000,4.61400000,1006105.08252000
2025-09-13 22:00:00,4.61400000,4.66810000,4.61040000,4.66630000,474997.58721000
2025-09-14 02:00:00,4.66630000,4.67020000,4.56690000,4.57330000,550291.17436000
2025-09-14 06:00:00,4.57330000,4.64030000,4.54290000,4.59760000,775085.84900000
2025-09-14 10:00:00,4.59760000,4.61740000,4.53220000,4.53790000,1464617.12346000
2025-09-14 14:00:00,4.53790000,4.55730000,4.45320000,4.48580000,1407479.47444000
2025-09-14 18:00:00,4.48580000,4.55020000,4.47640000,4.52560000,708382.65181000
2025-09-14 22:00:00,4.52560000,4.57470000,4.51020000,4.52390000,498316.45950000
2025-09-15 02:00:00,4.52390000,4.58680000,4.48190000,4.57360000,468414.52674000
2025-09-15 06:00:00,4.57360000,4.60660000,4.46430000,4.47490000,890587.46402000
2025-09-15 10:00:00,4.47490000,4.47540000,4.36040000,4.40550000,1334352.45452000
2025-09-15 14:00:00,4.40550000,4.40740000,4.31720000,4.34450000,835578.07049000
2025-09-15 18:00:00,4.34450000,4.37660000,4.31230000,4.36700000,626477.64655000
2025-09-15 22:00:00,4.36700000,4.39090000,4.36020000,4.37610000,208567.57517000
2025-09-16 02:00:00,4.37610000,4.38470000,4.34860000,4.35660000,264393.81517000
2025-09-16 06:00:00,4.35660000,4.41750000,4.32120000,4.40450000,429574.01346000
2025-09-16 10:00:00,4.40450000,4.43050000,4.38410000,4.40220000,499263.03979000
2025-09-16 14:00:00,4.40220000,4.42770000,4.34410000,4.41530000,734200.98542000
2025-09-16 18:00:00,4.41530000,4.44770000,4.38750000,4.43790000,512925.96102000
2025-09-16 22:00:00,4.43790000,4.47710000,4.43410000,4.44340000,361448.23161000
2025-09-17 02:00:00,4.44340000,4.46510000,4.41370000,4.41580000,323095.88044000
2025-09-17 06:00:00,4.41580000,4.45680000,4.38220000,4.44730000,485444.88528000
2025-09-17 10:00:00,4.44730000,4.44850000,4.38510000,4.41620000,464526.94016000
2025-09-17 14:00:00,4.41620000,4.42950000,4.37280000,4.37840000,450155.63125000
2025-09-17 18:00:00,4.37840000,4.46680000,4.35180000,4.45990000,1679143.14176000
2025-09-17 22:00:00,4.45990000,4.61040000,4.43000000,4.57470000,1144513.82030000
2025-09-18 02:00:00,4.57470000,4.63790000,4.55620000,4.63550000,564481.31293000
2025-09-18 06:00:00,4.63550000,4.64380000,4.55250000,4.58690000,569829.75105000
2025-09-18 10:00:00,4.58690000,4.65310000,4.57890000,4.60770000,695567.05601000
2025-09-18 14:00:00,4.60770000,4.67720000,4.59510000,4.66960000,914533.88045000
2025-09-18 18:00:00,4.66960000,4.74000000,4.66960000,4.69140000,1151280.83496000
2025-09-18 22:00:00,4.69140000,4.73530000,4.66410000,4.68610000,768534.82101000
2025-09-19 02:00:00,4.68610000,4.77630000,4.67550000,4.67960000,1413391.49031000
2025-09-19 06:00:00,4.67960000,4.73110000,4.61290000,4.64420000,1393867.42692000
2025-09-19 10:00:00,4.64420000,4.69080000,4.57630000,4.59650000,1211793.79446000
2025-09-19 14:00:00,4.59650000,4.64870000,4.55870000,4.59440000,1101207.26927000
2025-09-19 18:00:00,4.59440000,4.61890000,4.54020000,4.55130000,587269.00794000
2025-09-19 22:00:00,4.55130000,4.57790000,4.51550000,4.54720000,459847.19570000
2025-09-20 02:00:00,4.54720000,4.58790000,4.53370000,4.55730000,419531.37445000
2025-09-20 06:00:00,4.55730000,4.69520000,4.54680000,4.69460000,760355.64178000
2025-09-20 10:00:00,4.69460000,4.72620000,4.57490000,4.63050000,1205484.91679000
2025-09-20 14:00:00,4.63050000,4.68770000,4.59630000,4.65770000,583271.53556000
2025-09-20 18:00:00,4.65770000,4.71740000,4.59010000,4.60200000,1413783.87059000
2025-09-20 22:00:00,4.60200000,4.65120000,4.59440000,4.61570000,773083.54685000
2025-09-21 02:00:00,4.61570000,4.64440000,4.58140000,4.63320000,577967.07634000
2025-09-21 06:00:00,4.63320000,4.69420000,4.60890000,4.68340000,586204.86068000
2025-09-21 10:00:00,4.68340000,4.69760000,4.56530000,4.60590000,1111472.98582000
2025-09-21 14:00:00,4.60590000,4.65560000,4.59870000,4.60820000,808526.74821000
2025-09-21 18:00:00,4.60820000,4.65990000,4.56710000,4.65780000,718038.82436000
2025-09-21 22:00:00,4.65780000,4.65920000,4.60470000,4.60810000,487711.66384000
2025-09-22 02:00:00,4.60810000,4.63280000,4.39330000,4.46040000,2592319.34743000
2025-09-22 06:00:00,4.46040000,4.47330000,4.14000000,4.27380000,2934894.22737000
2025-09-22 10:00:00,4.27380000,4.30370000,4.22530000,4.27480000,994878.45699000
2025-09-22 14:00:00,4.27480000,4.29690000,4.21910000,4.22680000,870354.49293000
2025-09-22 18:00:00,4.22680000,4.24630000,4.19010000,4.19700000,683363.41117000
2025-09-22 22:00:00,4.19700000,4.30220000,4.19380000,4.30220000,559721.50207000
2025-09-23 02:00:00,4.30220000,4.31920000,4.20490000,4.28660000,689803.33036000
2025-09-23 06:00:00,4.28660000,4.36730000,4.24840000,4.33400000,845880.21491000
2025-09-23 10:00:00,4.33400000,4.36600000,4.31410000,4.33190000,554292.61590000
2025-09-23 14:00:00,4.33190000,4.33890000,4.28680000,4.30970000,694830.46081000
2025-09-23 18:00:00,4.30970000,4.35250000,4.24580000,4.25310000,632845.31339000
2025-09-23 22:00:00,4.25310000,4.31770000,4.25210000,4.29420000,519195.10301000
2025-09-24 02:00:00,4.29420000,4.33290000,4.24560000,4.24730000,793110.72854000
2025-09-24 06:00:00,4.24730000,4.31740000,4.19740000,4.30640000,1085200.96825000
2025-09-24 10:00:00,4.30640000,4.34680000,4.28980000,4.33410000,648197.69877000
2025-09-24 14:00:00,4.33410000,4.34360000,4.27560000,4.28960000,784914.54235000
2025-09-24 18:00:00,4.28960000,4.32050000,4.25410000,4.26930000,435643.93213000
2025-09-24 22:00:00,4.26930000,4.28090000,4.22230000,4.23390000,442213.62751000
2025-09-25 02:00:00,4.23390000,4.23820000,4.15320000,4.18620000,855609.65097000
2025-09-25 06:00:00,4.18620000,4.19500000,4.11000000,4.12730000,921122.81971000
2025-09-25 10:00:00,4.12730000,4.16120000,4.09400000,4.10760000,560461.20415000
2025-09-25 14:00:00,4.10760000,4.13710000,4.01210000,4.09350000,1422511.56599000
2025-09-25 18:00:00,4.09350000,4.09410000,3.91060000,3.98760000,3081093.87873000
2025-09-25 22:00:00,3.98760000,3.99150000,3.89350000,3.92970000,673338.88923000
2025-09-26 02:00:00,3.92970000,3.98880000,3.91700000,3.98400000,642377.13098000
2025-09-26 06:00:00,3.98400000,3.99780000,3.93160000,3.96150000,423379.91505000
2025-09-26 10:00:00,3.96150000,3.98590000,3.89510000,3.93630000,662145.29614000
2025-09-26 14:00:00,3.93630000,4.01480000,3.90210000,4.01250000,1024987.09338000
2025-09-26 18:00:00,4.01250000,4.11160000,4.00570000,4.07550000,924005.63445000
2025-09-26 22:00:00,4.07550000,4.11830000,4.06410000,4.10360000,332744.04307000
2025-09-27 02:00:00,4.10360000,4.11410000,4.07200000,4.08020000,255329.36228000
2025-09-27 06:00:00,4.08020000,4.12070000,4.07590000,4.10530000,199880.61769000
2025-09-27 10:00:00,4.10530000,4.11880000,4.05340000,4.09030000,544908.36036000
2025-09-27 14:00:00,4.09030000,4.12690000,4.07090000,4.12250000,513375.52838000
2025-09-27 18:00:00,4.12250000,4.18860000,4.09830000,4.18450000,675369.98322000
2025-09-27 22:00:00,4.18450000,4.28060000,4.17940000,4.21790000,3964340.82256000
2025-09-28 02:00:00,4.21790000,4.22370000,4.13940000,4.17180000,580226.23354000
2025-09-28 06:00:00,4.17180000,4.17220000,4.09280000,4.10530000,626048.46582000
2025-09-28 10:00:00,4.10530000,4.11160000,4.05560000,4.08170000,599989.72333000
2025-09-28 14:00:00,4.08170000,4.15220000,4.05740000,4.14080000,545935.18160000
2025-09-28 18:00:00,4.14080000,4.17190000,4.13740000,4.15280000,468788.71087000
2025-09-28 22:00:00,4.15280000,4.25280000,4.14760000,4.22680000,613019.12660000
2025-09-29 02:00:00,4.22680000,4.25050000,4.21600000,4.24110000,415345.59614000
2025-09-29 06:00:00,4.24110000,4.26670000,4.22450000,4.25320000,533383.86591000
2025-09-29 10:00:00,4.25320000,4.30360000,4.20910000,4.24920000,691156.10764000
2025-09-29 14:00:00,4.24920000,4.31180000,4.18770000,4.27650000,1264234.04477000
2025-09-29 18:00:00,4.27650000,4.29930000,4.23090000,4.29460000,564684.93000000
2025-09-29 22:00:00,4.29460000,4.32990000,4.27690000,4.27840000,509740.09214000
2025-09-30 02:00:00,4.27840000,4.28830000,4.21810000,4.24640000,544468.09212000
2025-09-30 06:00:00,4.24640000,4.26670000,4.23040000,4.23180000,460025.59430000
2025-09-30 10:00:00,4.23180000,4.28850000,4.19250000,4.28260000,739015.67775000
2025-09-30 14:00:00,4.28260000,4.29750000,4.20080000,4.24490000,1227014.23224000
2025-09-30 18:00:00,4.24490000,4.33790000,4.20660000,4.32960000,1072109.69343000
2025-09-30 22:00:00,4.32960000,4.40400000,4.32540000,4.39910000,1451039.07297000
2025-10-01 02:00:00,4.39910000,4.49640000,4.39360000,4.41460000,1323616.67989000
2025-10-01 06:00:00,4.41460000,4.45370000,4.37040000,4.43640000,1132073.64832000
2025-10-01 10:00:00,4.43640000,4.62000000,4.42990000,4.60630000,2574142.64995000
2025-10-01 14:00:00,4.60630000,4.64770000,4.55360000,4.64620000,1131226.60009000
2025-10-01 18:00:00,4.64620000,4.79810000,4.62090000,4.77450000,1628921.17979000
2025-10-01 22:00:00,4.77450000,4.87460000,4.76030000,4.87360000,1379029.18786000
2025-10-02 02:00:00,4.87360000,4.90990000,4.81300000,4.90740000,2749212.79057000
2025-10-02 06:00:00,4.90740000,4.99350000,4.84220000,4.85520000,2852194.18240000
2025-10-02 10:00:00,4.85520000,5.13710000,4.85540000,5.11010000,4947134.63364000
2025-10-02 14:00:00,5.11010000,5.14700000,4.92870000,5.01970000,3519026.57781000
2025-10-02 18:00:00,5.01970000,5.19670000,4.99810000,5.19160000,2212342.57738000
2025-10-02 22:00:00,5.19160000,5.23230000,5.14040000,5.22480000,2055953.68202000
2025-10-03 02:00:00,5.22480000,5.23650000,5.09390000,5.12070000,1891527.21241000
2025-10-03 06:00:00,5.12070000,5.18580000,5.07150000,5.13590000,1787071.65097000
2025-10-03 10:00:00,5.13590000,5.18460000,5.09360000,5.18030000,923027.46961000
2025-10-03 14:00:00,5.18030000,5.40220000,5.15950000,5.38030000,4715039.42391000
2025-10-03 18:00:00,5.38030000,5.45260000,5.21920000,5.41670000,4227820.88380000
2025-10-03 22:00:00,5.41670000,5.43510000,5.36070000,5.36840000,1183656.39818000
2025-10-04 02:00:00,5.36840000,5.46190000,5.34410000,5.43720000,1509993.85558000
2025-10-04 06:00:00,5.43720000,5.53790000,5.41530000,5.52990000,2426844.76360000
2025-10-04 10:00:00,5.52990000,5.55110000,5.10480000,5.14960000,5005188.05426000
2025-10-04 14:00:00,5.14960000,5.21790000,5.11120000,5.13550000,3012093.01265000
2025-10-04 18:00:00,5.13550000,5.23910000,5.12330000,5.23850000,1080087.47869000
2025-10-04 22:00:00,5.23850000,5.24720000,5.18210000,5.19640000,792727.21951000
2025-10-05 02:00:00,5.19640000,5.31060000,5.19630000,5.26660000,1613362.34752000
2025-10-05 06:00:00,5.26660000,5.59160000,5.26380000,5.58550000,3023152.53588000
2025-10-05 10:00:00,5.58550000,5.64460000,5.44070000,5.53370000,3462867.98140000
2025-10-05 14:00:00,5.53370000,5.54070000,5.37220000,5.49560000,2616485.88937000
2025-10-05 18:00:00,5.49560000,5.55310000,5.39600000,5.40250000,2145375.77433000
2025-10-05 22:00:00,5.40250000,5.51950000,5.38670000,5.45520000,1132405.29049000
2025-10-06 02:00:00,5.45520000,5.48500000,5.32910000,5.43500000,2026223.68060000
2025-10-06 06:00:00,5.43500000,5.44040000,5.30880000,5.35590000,1686795.04976000
2025-10-06 10:00:00,5.35590000,5.35910000,5.25200000,5.29290000,1912862.25106000
2025-10-06 14:00:00,5.29290000,5.40480000,5.28980000,5.38580000,1980017.33803000
2025-10-06 18:00:00,5.38580000,5.49410000,5.30980000,5.41690000,2330220.08994000
2025-10-06 22:00:00,5.41690000,5.42870000,5.26630000,5.27510000,1494252.25315000
2025-10-07 02:00:00,5.27510000,5.33790000,5.22250000,5.25800000,1139116.14931000
2025-10-07 06:00:00,5.25800000,5.40520000,5.21590000,5.34100000,1941975.78031000
2025-10-07 10:00:00,5.34100000,5.45250000,5.29210000,5.42360000,2082689.86790000
2025-10-07 14:00:00,5.42360000,5.47310000,5.20080000,5.25000000,3963320.58008000
2025-10-07 18:00:00,5.25000000,5.35470000,5.18810000,5.29080000,2194990.37455000
2025-10-07 22:00:00,5.29080000,5.36440000,5.26970000,5.31110000,1317867.74291000
2025-10-08 02:00:00,5.31110000,5.37300000,5.21250000,5.21790000,1455989.45789000
2025-10-08 06:00:00,5.21790000,5.36890000,5.17550000,5.28510000,1610009.97785000
2025-10-08 10:00:00,5.28510000,5.29320000,5.16750000,5.18870000,1319321.34803000
2025-10-08 14:00:00,5.18870000,5.27690000,5.13310000,5.20740000,1470845.62421000
2025-10-08 18:00:00,5.20740000,5.31120000,5.17190000,5.21140000,1813010.97165000
2025-10-08 22:00:00,5.21140000,5.22840000,5.15740000,5.16840000,646238.88005000
2025-10-09 02:00:00,5.16840000,5.16910000,4.97830000,5.05510000,2341265.24322000
2025-10-09 06:00:00,5.05510000,5.08650000,5.02070000,5.03860000,1435019.69480000
2025-10-09 10:00:00,5.03860000,5.04170000,4.93780000,4.94150000,1809654.24565000
2025-10-09 14:00:00,4.94150000,4.96540000,4.80100000,4.91030000,3615636.36947000
2025-10-09 18:00:00,4.91030000,5.01290000,4.86210000,5.00970000,1490123.55220000
2025-10-09 22:00:00,5.00970000,5.05040000,4.98520000,5.00150000,720744.01872000
2025-10-10 02:00:00,5.00150000,5.11390000,5.00080000,5.08310000,1510660.99749000
2025-10-10 06:00:00,5.08310000,5.10200000,4.94780000,4.96110000,1028893.36635000
2025-10-10 10:00:00,4.96110000,4.97710000,4.92290000,4.95050000,971395.69375000
2025-10-10 14:00:00,4.95050000,5.06270000,4.76420000,4.87920000,3116075.40652000
2025-10-10 18:00:00,4.87920000,4.91790000,4.74620000,4.76990000,2973785.91495000
2025-10-10 22:00:00,4.76990000,4.80880000,1.81140000,3.64570000,11259371.65692000
2025-10-11 02:00:00,3.64570000,3.93700000,3.50060000,3.87000000,3518573.11081000
2025-10-11 06:00:00,3.87000000,4.05090000,3.85080000,3.96810000,2299525.61310000
2025-10-11 10:00:00,3.96810000,4.09770000,3.83120000,3.87540000,1877654.81234000
2025-10-11 14:00:00,3.87540000,3.87530000,3.67000000,3.83400000,2115733.64751000
2025-10-11 18:00:00,3.83400000,3.87000000,3.62750000,3.65610000,1190789.44606000
2025-10-11 22:00:00,3.65610000,3.68320000,3.53500000,3.63790000,1265447.02755000
2025-10-12 02:00:00,3.63790000,3.64470000,3.49930000,3.54470000,1140710.69175000
2025-10-12 06:00:00,3.54470000,3.65230000,3.52990000,3.61790000,962599.52213000
2025-10-12 10:00:00,3.61790000,3.62570000,3.52090000,3.57490000,923572.98186000
2025-10-12 14:00:00,3.57490000,3.90190000,3.51410000,3.88640000,2779515.31511000
2025-10-12 18:00:00,3.88640000,3.97700000,3.82150000,3.96610000,2139415.75925000
2025-10-12 22:00:00,3.96610000,4.02390000,3.83420000,3.90110000,1317345.11567000
2025-10-13 02:00:00,3.90110000,3.92080000,3.79240000,3.83110000,1246754.92370000
2025-10-13 06:00:00,3.83110000,3.89670000,3.79640000,3.82210000,1376821.68907000
2025-10-13 10:00:00,3.82210000,3.86200000,3.64070000,3.71530000,2644756.09911000
2025-10-13 14:00:00,3.71530000,3.83970000,3.68340000,3.79930000,2241037.74569000
2025-10-13 18:00:00,3.79930000,3.92410000,3.76590000,3.91040000,1591251.71636000
2025-10-13 22:00:00,3.91040000,3.96310000,3.88220000,3.92270000,958969.33746000
2025-10-14 02:00:00,3.92270000,3.94390000,3.76660000,3.79540000,1072822.09508000
2025-10-14 06:00:00,3.79540000,3.80690000,3.57530000,3.61340000,1926647.60240000
2025-10-14 10:00:00,3.61340000,3.66060000,3.55690000,3.62540000,1168672.65565000
2025-10-14 14:00:00,3.62540000,3.66620000,3.52550000,3.65910000,1835065.93147000
2025-10-14 18:00:00,3.65910000,3.71350000,3.59970000,3.64590000,1731528.86883000
2025-10-14 22:00:00,3.64590000,3.69720000,3.62230000,3.68130000,559742.71583000
2025-10-15 02:00:00,3.68130000,3.69880000,3.61020000,3.66190000,795743.91141000
2025-10-15 06:00:00,3.66190000,3.70160000,3.62560000,3.69910000,643488.63757000
2025-10-15 10:00:00,3.69910000,3.75580000,3.60000000,3.62490000,1243918.56760000
2025-10-15 14:00:00,3.62490000,3.62970000,3.47040000,3.48750000,2078089.40813000
2025-10-15 18:00:00,3.48750000,3.53210000,3.47090000,3.48650000,1166728.59693000
2025-10-15 22:00:00,3.48650000,3.52300000,3.41320000,3.51870000,1090167.70027000
2025-10-16 02:00:00,3.51870000,3.58070000,3.45070000,3.46790000,1067468.04642000
2025-10-16 06:00:00,3.46790000,3.51610000,3.45820000,3.48790000,584966.12062000
2025-10-16 10:00:00,3.48790000,3.53640000,3.29650000,3.53260000,1651344.65911000
2025-10-16 14:00:00,3.53260000,3.56350000,3.34520000,3.35880000,1832057.24148000
2025-10-16 18:00:00,3.35880000,3.41850000,3.26830000,3.29870000,1650857.49674000
2025-10-16 22:00:00,3.29870000,3.32500000,3.23930000,3.29220000,1008883.09347000
2025-10-17 02:00:00,3.29220000,3.33930000,3.24730000,3.26620000,647152.33799000
2025-10-17 06:00:00,3.26620000,3.26920000,3.00970000,3.02630000,2050758.10045000
2025-10-17 10:00:00,3.02630000,3.13090000,2.95490000,3.11680000,2297240.50351000
2025-10-17 14:00:00,3.11680000,3.17590000,3.07040000,3.17390000,1717379.40689000
2025-10-17 18:00:00,3.17390000,3.22260000,3.14530000,3.15550000,1152115.20231000
2025-10-17 22:00:00,3.15550000,3.20910000,3.14730000,3.18780000,553063.39829000
2025-10-18 02:00:00,3.18780000,3.22840000,3.17150000,3.19030000,401802.65123000
2025-10-18 06:00:00,3.19030000,3.19800000,3.11690000,3.12220000,753840.40177000
2025-10-18 10:00:00,3.12220000,3.19190000,3.12020000,3.18130000,811343.56606000
2025-10-18 14:00:00,3.18130000,3.18890000,3.11340000,3.15570000,642998.56964000
2025-10-18 18:00:00,3.15570000,3.21190000,3.12910000,3.19710000,478639.47611000
2025-10-18 22:00:00,3.19710000,3.21840000,3.17750000,3.20290000,324477.18520000
2025-10-19 02:00:00,3.20290000,3.20490000,3.15060000,3.16980000,368273.53806000
2025-10-19 06:00:00,3.16980000,3.19260000,3.15690000,3.17010000,373694.09753000
2025-10-19 10:00:00,3.17010000,3.23320000,3.12330000,3.19040000,1047989.13015000
2025-10-19 14:00:00,3.19040000,3.25790000,3.15650000,3.23370000,1060324.36804000
2025-10-19 18:00:00,3.23370000,3.25030000,3.17710000,3.20070000,919569.16861000
2025-10-19 22:00:00,3.20070000,3.22650000,3.17890000,3.19110000,462779.78763000
2025-10-20 02:00:00,3.19110000,3.25940000,3.12360000,3.25040000,803416.47058000
2025-10-20 06:00:00,3.25040000,3.32630000,3.23190000,3.27320000,1013603.12673000
2025-10-20 10:00:00,3.27320000,3.33280000,3.25110000,3.32110000,728130.73869000
2025-10-20 14:00:00,3.32110000,3.35670000,3.28260000,3.28320000,780889.37650000
2025-10-20 18:00:00,3.28320000,3.28380000,3.20630000,3.26540000,941531.63826000
2025-10-20 22:00:00,3.26540000,3.28210000,3.24730000,3.25690000,271281.18004000
2025-10-21 02:00:00,3.25690000,3.26240000,3.16010000,3.17100000,600677.62820000
2025-10-21 06:00:00,3.17100000,3.17630000,3.11030000,3.15210000,908286.75100000
2025-10-21 10:00:00,3.15210000,3.17130000,3.11550000,3.15980000,492178.95314000
2025-10-21 14:00:00,3.15980000,3.36340000,3.14940000,3.35090000,1687412.50028000
2025-10-21 18:00:00,3.35090000,3.37920000,3.28820000,3.31260000,1084321.98578000
2025-10-21 22:00:00,3.31260000,3.31850000,3.20050000,3.21700000,883439.95988000
2025-10-22 02:00:00,3.21700000,3.30500000,3.20230000,3.22370000,1154823.70851000
2025-10-22 06:00:00,3.22370000,3.25170000,3.17580000,3.23150000,1195996.06400000
2025-10-22 10:00:00,3.23150000,3.36860000,3.19660000,3.31710000,2162183.47097000
2025-10-22 14:00:00,3.31710000,3.38270000,3.26720000,3.30350000,2155074.04302000
2025-10-22 18:00:00,3.30350000,3.32070000,3.19150000,3.21600000,1630629.18887000
2025-10-22 22:00:00,3.21600000,3.22490000,3.08500000,3.18630000,2240508.56527000
2025-10-23 02:00:00,3.18630000,3.21280000,3.15680000,3.19110000,823007.96274000
2025-10-23 06:00:00,3.19110000,3.25600000,3.17770000,3.22080000,912993.22927000
2025-10-23 10:00:00,3.22080000,3.26110000,3.20660000,3.20970000,562869.23441000
2025-10-23 14:00:00,3.20970000,3.29690000,3.17740000,3.27580000,1155412.42957000
2025-10-23 18:00:00,3.27580000,3.32080000,3.26430000,3.28300000,760000.06577000
2025-10-23 22:00:00,3.28300000,3.28330000,3.21000000,3.23990000,782976.34340000
2025-10-24 02:00:00,3.23990000,3.25550000,3.16410000,3.17880000,843089.83209000
2025-10-24 06:00:00,3.17880000,3.26140000,3.16010000,3.22920000,1031247.02117000
2025-10-24 10:00:00,3.22920000,3.26360000,3.20050000,3.23280000,608346.40561000
2025-10-24 14:00:00,3.23280000,3.30160000,3.18760000,3.23760000,1421871.52933000
2025-10-24 18:00:00,3.23760000,3.28920000,3.20870000,3.27620000,719789.37544000
2025-10-24 22:00:00,3.27620000,3.31510000,3.27360000,3.30040000,548518.58481000
2025-10-25 02:00:00,3.30040000,3.32560000,3.27120000,3.27420000,475150.66769000
2025-10-25 06:00:00,3.27420000,3.30210000,3.24310000,3.26690000,469555.22496000
2025-10-25 10:00:00,3.26690000,3.30620000,3.25510000,3.30020000,611377.17029000
2025-10-25 14:00:00,3.30020000,3.32320000,3.28460000,3.28960000,559141.73211000
2025-10-25 18:00:00,3.28960000,3.31620000,3.27870000,3.31280000,616380.66989000
2025-10-25 22:00:00,3.31280000,3.31470000,3.29690000,3.31020000,267036.44367000
2025-10-26 02:00:00,3.31020000,3.31860000,3.27530000,3.28530000,335779.07322000
2025-10-26 05:00:00,3.28530000,3.33180000,3.28460000,3.32410000,464789.70226000
2025-10-26 09:00:00,3.32410000,3.44250000,3.32270000,3.43640000,1168503.25942000
2025-10-26 13:00:00,3.43640000,3.58810000,3.43640000,3.58160000,1148336.29950000
2025-10-26 17:00:00,3.58160000,3.62160000,3.50450000,3.55810000,1483245.57356000
2025-10-26 21:00:00,3.55810000,3.60590000,3.51730000,3.58290000,677723.78006000
2025-10-27 01:00:00,3.58290000,3.61810000,3.55850000,3.58610000,1736278.15463000
2025-10-27 05:00:00,3.58610000,3.64210000,3.49190000,3.53180000,1023625.22831000
2025-10-27 09:00:00,3.53180000,3.54530000,3.46050000,3.50040000,1008966.42336000
2025-10-27 13:00:00,3.50040000,3.50800000,3.41520000,3.47020000,1334869.65850000
2025-10-27 17:00:00,3.47020000,3.53730000,3.47040000,3.48220000,819202.62378000
2025-10-27 21:00:00,3.48220000,3.48320000,3.42550000,3.45520000,573285.53565000
2025-10-28 01:00:00,3.45520000,3.46810000,3.40660000,3.42530000,385880.50450000
2025-10-28 05:00:00,3.42530000,3.50580000,3.40450000,3.45590000,778337.83748000
2025-10-28 09:00:00,3.45590000,3.50110000,3.43810000,3.44920000,557030.03642000
2025-10-28 13:00:00,3.44920000,3.50950000,3.38790000,3.44710000,940560.15941000
2025-10-28 17:00:00,3.44710000,3.48690000,3.40540000,3.41930000,926525.00378000
2025-10-28 21:00:00,3.41930000,3.41910000,3.29970000,3.35430000,1186210.70486000
2025-10-29 01:00:00,3.35430000,3.36160000,3.32570000,3.32580000,112542.24351000
2025-10-29 05:00:00,3.32580000,3.36450000,3.32400000,3.35650000,403034.27756000
2025-10-29 09:00:00,3.35650000,3.42630000,3.32520000,3.41700000,573008.52220000
2025-10-29 13:00:00,3.41700000,3.43980000,3.34220000,3.35760000,804107.76009000
2025-10-29 17:00:00,3.35760000,3.48440000,3.30380000,3.44870000,1727651.71032000
2025-10-29 21:00:00,3.44870000,3.50670000,3.38330000,3.40050000,683246.55171000
2025-10-30 01:00:00,3.40050000,3.44780000,3.37560000,3.40650000,658941.98702000
2025-10-30 05:00:00,3.40650000,3.46450000,3.27360000,3.45250000,1476450.44291000
2025-10-30 09:00:00,3.45250000,3.46110000,3.34570000,3.34830000,1112003.24084000
2025-10-30 13:00:00,3.34830000,3.35700000,3.17380000,3.19060000,1585278.94949000
2025-10-30 17:00:00,3.19060000,3.20530000,3.06610000,3.07520000,1154830.97771000
2025-10-30 21:00:00,3.07520000,3.20480000,3.06280000,3.19980000,732787.44107000
2025-10-31 01:00:00,3.19980000,3.26290000,3.18230000,3.21930000,747682.33757000
2025-10-31 05:00:00,3.21930000,3.27540000,3.21920000,3.23120000,390095.76309000
2025-10-31 09:00:00,3.23120000,3.28500000,3.20240000,3.27910000,575460.52038000
2025-10-31 13:00:00,3.27910000,3.30630000,3.24680000,3.28600000,626494.69141000
2025-10-31 17:00:00,3.28600000,3.29560000,3.18990000,3.28610000,775134.63027000
2025-10-31 21:00:00,3.28610000,3.29620000,3.24140000,3.25650000,321290.22118000
2025-11-01 01:00:00,3.25650000,3.29780000,3.23720000,3.28580000,312958.94941000
2025-11-01 05:00:00,3.28580000,3.29360000,3.22880000,3.28360000,348633.63817000
2025-11-01 09:00:00,3.28360000,3.30350000,3.26510000,3.28630000,481800.25063000
2025-11-01 13:00:00,3.28630000,3.33660000,3.27180000,3.31080000,701019.40594000
2025-11-01 17:00:00,3.31080000,3.33180000,3.29770000,3.31020000,415595.97280000
2025-11-01 21:00:00,3.31020000,3.33350000,3.27580000,3.32930000,396134.90276000
2025-11-02 01:00:00,3.32930000,3.33480000,3.28810000,3.29270000,250996.60320000
2025-11-02 05:00:00,3.29270000,3.39860000,3.28750000,3.38650000,447187.42166000
2025-11-02 09:00:00,3.38650000,3.42340000,3.34120000,3.38940000,834331.10637000
2025-11-02 13:00:00,3.38940000,3.41570000,3.27680000,3.28400000,752519.35822000
2025-11-02 17:00:00,3.28400000,3.31580000,3.24320000,3.28300000,442835.71034000
2025-11-02 21:00:00,3.28300000,3.38240000,3.27580000,3.37280000,475469.50452000
2025-11-03 01:00:00,3.37280000,3.38190000,3.13380000,3.14450000,1002036.64962000
2025-11-03 05:00:00,3.14450000,3.18170000,3.06960000,3.12890000,1024515.96079000
2025-11-03 09:00:00,3.12890000,3.16330000,3.06580000,3.10140000,919393.48664000
2025-11-03 13:00:00,3.10140000,3.13030000,2.76320000,2.84050000,2707002.73056000
2025-11-03 17:00:00,2.84050000,2.94760000,2.81060000,2.81540000,1291562.57873000
2025-11-03 21:00:00,2.81540000,2.81990000,2.72250000,2.77390000,1142136.72948000
2025-11-04 01:00:00,2.77390000,2.84080000,2.74190000,2.78370000,866165.05089000
2025-11-04 05:00:00,2.78370000,2.81400000,2.62730000,2.64300000,1744080.99089000
2025-11-04 09:00:00,2.64300000,2.77860000,2.62620000,2.73710000,1375406.80857000
2025-11-04 13:00:00,2.73710000,2.75600000,2.63150000,2.67560000,1481574.30271000
2025-11-04 17:00:00,2.67560000,2.69200000,2.50300000,2.54960000,2229855.84600000
2025-11-04 21:00:00,2.54960000,2.58920000,2.38660000,2.55750000,2301717.81106000
2025-11-05 01:00:00,2.55750000,2.62360000,2.41570000,2.61670000,1204571.56335000
2025-11-05 05:00:00,2.61670000,2.63450000,2.57580000,2.60700000,541137.54399000
2025-11-05 09:00:00,2.60700000,2.63160000,2.55380000,2.62330000,672491.30786000
2025-11-05 13:00:00,2.62330000,2.65590000,2.59960000,2.65360000,775735.06967000
2025-11-05 17:00:00,2.65360000,2.67660000,2.61640000,2.66060000,764799.07232000
2025-11-05 21:00:00,2.66060000,2.70330000,2.65260000,2.67590000,545925.39541000
2025-11-06 01:00:00,2.67590000,2.68930000,2.61350000,2.67190000,508378.38934000
2025-11-06 05:00:00,2.67190000,2.68730000,2.60070000,2.61970000,468747.61195000
2025-11-06 09:00:00,2.61970000,2.65730000,2.60840000,2.63630000,420191.33438000
2025-11-06 13:00:00,2.63630000,2.70140000,2.60250000,2.68640000,1245899.14585000
2025-11-06 17:00:00,2.68640000,2.73870000,2.63530000,2.70960000,1780763.97027000
2025-11-06 21:00:00,2.70960000,2.76430000,2.67720000,2.73410000,1009040.80825000
2025-11-07 01:00:00,2.73410000,3.03810000,2.72030000,2.98830000,2994738.68366000
2025-11-07 05:00:00,2.98830000,3.16970000,2.98780000,3.16750000,3261598.74288000
2025-11-07 09:00:00,3.16750000,3.17060000,2.90110000,2.92060000,2696707.22731000
2025-11-07 13:00:00,2.92060000,3.14120000,2.82910000,3.12510000,2932109.72894000
2025-11-07 17:00:00,3.12510000,3.23750000,3.04310000,3.17770000,2968577.08037000
2025-11-07 21:00:00,3.17770000,3.27710000,3.15290000,3.16320000,1035594.32042000
2025-11-08 01:00:00,3.16320000,3.23790000,3.10720000,3.12950000,1134686.30347000
2025-11-08 05:00:00,3.12950000,3.16590000,3.05370000,3.10970000,933579.22796000
2025-11-08 09:00:00,3.10970000,3.16730000,3.07990000,3.14060000,669406.63654000
2025-11-08 13:00:00,3.14060000,3.16490000,3.00820000,3.02240000,887561.14138000
2025-11-08 17:00:00,3.02240000,3.08290000,2.97540000,3.05650000,763611.31436000
2025-11-08 21:00:00,3.05650000,3.09850000,3.03760000,3.07930000,322756.65529000
2025-11-09 01:00:00,3.07930000,3.08090000,2.94890000,2.96920000,655027.98420000
2025-11-09 05:00:00,2.96920000,3.03180000,2.96650000,3.02750000,369076.27764000
2025-11-09 09:00:00,3.02750000,3.04780000,2.93210000,3.02670000,762568.24341000
2025-11-09 13:00:00,3.02670000,3.13230000,3.02130000,3.11520000,1051167.50608000
2025-11-09 17:00:00,3.11520000,3.24890000,3.09410000,3.24840000,1313260.99467000
2025-11-09 21:00:00,3.24840000,3.25480000,3.19270000,3.23350000,628690.93307000
2025-11-10 01:00:00,3.23350000,3.26260000,3.19100000,3.24900000,616833.81236000
2025-11-10 05:00:00,3.24900000,3.27360000,3.20680000,3.22770000,564680.06858000
2025-11-10 09:00:00,3.22770000,3.32520000,3.20190000,3.27120000,1179664.59591000
2025-11-10 13:00:00,3.27120000,3.28530000,3.17680000,3.22880000,1283306.71086000
2025-11-10 17:00:00,3.22880000,3.29250000,3.17820000,3.25760000,800376.76766000
2025-11-10 21:00:00,3.25760000,3.34870000,3.22890000,3.29560000,804704.23783000
2025-11-11 01:00:00,3.29560000,3.37680000,3.25640000,3.32780000,741275.00185000
2025-11-11 05:00:00,3.32780000,3.33590000,3.16040000,3.16320000,753698.59784000
2025-11-11 09:00:00,3.16320000,3.23120000,3.14350000,3.19290000,713167.76548000
2025-11-11 13:00:00,3.19290000,3.26480000,3.16210000,3.20160000,1118190.37198000
2025-11-11 17:00:00,3.20160000,3.23090000,3.11470000,3.12360000,638230.79770000
2025-11-11 21:00:00,3.12360000,3.13190000,3.06770000,3.08870000,756404.36090000
2025-11-12 01:00:00,3.08870000,3.14000000,3.05210000,3.13440000,604802.05774000
2025-11-12 05:00:00,3.13440000,3.14120000,3.09390000,3.09840000,341231.28405000
2025-11-12 09:00:00,3.09840000,3.19820000,3.09580000,3.13990000,677920.23089000
2025-11-12 13:00:00,3.13990000,3.16330000,3.03710000,3.07140000,1208122.09326000
2025-11-12 17:00:00,3.07140000,3.09150000,2.98660000,3.01540000,1088565.19372000
2025-11-12 21:00:00,3.01540000,3.07640000,3.00420000,3.03410000,373282.51271000
2025-11-13 01:00:00,3.03410000,3.08560000,2.97520000,3.05770000,647780.32792000
2025-11-13 05:00:00,3.05770000,3.13220000,3.03510000,3.08910000,575233.57472000
2025-11-13 09:00:00,3.08910000,3.10950000,3.05150000,3.08230000,555850.10348000
2025-11-13 13:00:00,3.08230000,3.16320000,3.03880000,3.06880000,1440054.16378000
2025-11-13 17:00:00,3.06880000,3.07780000,2.86370000,2.87910000,1689185.30678000
2025-11-13 21:00:00,2.87910000,2.99810000,2.86360000,2.97790000,709456.59280000
2025-11-14 01:00:00,2.97790000,2.99920000,2.90810000,2.92600000,636826.19757000
2025-11-14 05:00:00,2.92600000,2.96760000,2.80970000,2.94270000,1157339.79555000
2025-11-14 09:00:00,2.94270000,2.94530000,2.87400000,2.88280000,677723.09111000
2025-11-14 13:00:00,2.88280000,3.10790000,2.83100000,3.09750000,1518181.10986000
2025-11-14 17:00:00,3.09750000,3.13170000,3.02450000,3.03890000,1165837.72247000
2025-11-14 21:00:00,3.03890000,3.04220000,2.86500000,2.91820000,1075636.47627000
2025-11-15 01:00:00,2.91820000,2.97990000,2.91240000,2.95520000,577311.58069000
2025-11-15 05:00:00,2.95520000,3.02470000,2.95410000,2.96110000,703701.07850000
2025-11-15 09:00:00,2.96110000,2.96510000,2.88910000,2.89830000,540621.51752000
2025-11-15 13:00:00,2.89830000,2.95500000,2.88830000,2.93030000,588816.10006000
2025-11-15 17:00:00,2.93030000,2.96940000,2.90430000,2.94370000,395761.58456000
2025-11-15 21:00:00,2.94370000,2.94740000,2.89450000,2.92390000,266705.91942000
2025-11-16 01:00:00,2.92390000,2.94220000,2.85550000,2.94000000,414642.04469000
2025-11-16 05:00:00,2.94000000,2.97290000,2.90860000,2.95060000,310806.67789000
2025-11-16 09:00:00,2.95060000,2.95990000,2.87680000,2.88510000,415792.92197000
2025-11-16 13:00:00,2.88510000,2.90530000,2.82900000,2.83540000,734478.03496000
2025-11-16 17:00:00,2.83540000,2.85790000,2.74190000,2.80600000,1062365.02309000
2025-11-16 21:00:00,2.80600000,2.84270000,2.76240000,2.82890000,583966.30170000
2025-11-17 01:00:00,2.82890000,2.89720000,2.80880000,2.89270000,455662.72702000
2025-11-17 05:00:00,2.89270000,2.91290000,2.85690000,2.90810000,336107.98171000
2025-11-17 09:00:00,2.90810000,2.92480000,2.88450000,2.91510000,415671.94520000
2025-11-17 13:00:00,2.91510000,2.95260000,2.81220000,2.85120000,1392677.86342000
2025-11-17 17:00:00,2.85120000,2.88260000,2.69790000,2.71460000,1178753.03790000
2025-11-17 21:00:00,2.71460000,2.75180000,2.68000000,2.75120000,671196.61039000
2025-11-18 01:00:00,2.75120000,2.82090000,2.70930000,2.80440000,738300.06536000
2025-11-18 05:00:00,2.80440000,2.85260000,2.77080000,2.81170000,497912.62304000
2025-11-18 09:00:00,2.81170000,2.90920000,2.81100000,2.87750000,698422.36058000
2025-11-18 13:00:00,2.87750000,2.96690000,2.82960000,2.93790000,1068443.94684000
2025-11-18 17:00:00,2.93790000,2.96030000,2.90170000,2.93350000,594302.10471000
2025-11-18 21:00:00,2.93350000,2.94670000,2.88840000,2.91170000,302070.95558000
2025-11-19 01:00:00,2.91170000,2.92800000,2.86400000,2.87060000,414176.46233000
2025-11-19 05:00:00,2.87060000,2.87950000,2.80510000,2.87460000,640461.73684000
2025-11-19 09:00:00,2.87460000,2.90720000,2.85090000,2.89860000,473092.24049000
2025-11-19 13:00:00,2.89860000,2.90370000,2.80430000,2.80940000,842246.90417000
2025-11-19 17:00:00,2.80940000,2.82930000,2.71020000,2.73370000,1034736.99351000
2025-11-19 21:00:00,2.73370000,2.88450000,2.72520000,2.88330000,543121.21377000
2025-11-20 01:00:00,2.88330000,2.97630000,2.87150000,2.96280000,661573.24201000
2025-11-20 05:00:00,2.96280000,2.99840000,2.93430000,2.96550000,544675.81569000
2025-11-20 09:00:00,2.96550000,3.03520000,2.94850000,3.02490000,707167.97782000
2025-11-20 13:00:00,3.02490000,3.05790000,2.95110000,2.95490000,1183161.54383000
2025-11-20 17:00:00,2.95490000,2.95700000,2.74120000,2.77730000,2276492.37714000
2025-11-20 21:00:00,2.77730000,2.84870000,2.72930000,2.74180000,932696.13317000
2025-11-21 01:00:00,2.74180000,2.82430000,2.71370000,2.71480000,1113539.49209000
2025-11-21 05:00:00,2.71480000,2.72700000,2.39630000,2.54240000,1973046.34836000
2025-11-21 09:00:00,2.54240000,2.58160000,2.44920000,2.46210000,1210121.07381000
2025-11-21 13:00:00,2.46210000,2.53940000,2.41010000,2.46410000,1471403.84972000
2025-11-21 17:00:00,2.46410000,2.54620000,2.43170000,2.44510000,957485.76350000
2025-11-21 21:00:00,2.44510000,2.44610000,2.32970000,2.39150000,1086366.26661000
2025-11-22 01:00:00,2.39150000,2.40620000,2.35440000,2.37240000,516784.75306000
2025-11-22 05:00:00,2.37240000,2.37600000,2.27930000,2.34070000,785887.64683000
2025-11-22 09:00:00,2.34070000,2.34460000,2.29350000,2.33060000,1030811.07944000
2025-11-22 13:00:00,2.33060000,2.34910000,2.28240000,2.31810000,885065.76100000
2025-11-22 17:00:00,2.31810000,2.34270000,2.29600000,2.31270000,494257.34067000
2025-11-22 21:00:00,2.31270000,2.36710000,2.30440000,2.32560000,384760.22972000
2025-11-23 01:00:00,2.32560000,2.35870000,2.30630000,2.34470000,341361.54049000
2025-11-23 05:00:00,2.34470000,2.37130000,2.32270000,2.34040000,340576.06356000
2025-11-23 09:00:00,2.34040000,2.36270000,2.33060000,2.34700000,415157.18545000
2025-11-23 13:00:00,2.34700000,2.36880000,2.31770000,2.35030000,411654.58383000
2025-11-23 17:00:00,2.35030000,2.36580000,2.31080000,2.34920000,510114.38802000
2025-11-23 21:00:00,2.34920000,2.37620000,2.32530000,2.33770000,276477.50508000
2025-11-24 01:00:00,2.33770000,2.38470000,2.30650000,2.36480000,491670.02330000
2025-11-24 05:00:00,2.36480000,2.37370000,2.30240000,2.30650000,519708.62939000
2025-11-24 09:00:00,2.30650000,2.30730000,2.23500000,2.26580000,904091.37558000
2025-11-24 13:00:00,2.26580000,2.29090000,2.23170000,2.26440000,1948666.84656000
2025-11-24 17:00:00,2.26440000,2.36990000,2.26170000,2.35060000,1233718.92657000
2025-11-24 21:00:00,2.35060000,2.38730000,2.34010000,2.34130000,631831.33933000
2025-11-25 01:00:00,2.34130000,2.36180000,2.29640000,2.30570000,526929.32792000
2025-11-25 05:00:00,2.30570000,2.32310000,2.25850000,2.26090000,868893.18836000
2025-11-25 09:00:00,2.26090000,2.27690000,2.24120000,2.25470000,726671.27413000
2025-11-25 13:00:00,2.25470000,2.27470000,2.19190000,2.22350000,1560835.72955000
2025-11-25 17:00:00,2.22350000,2.29700000,2.19770000,2.23100000,963423.03052000
2025-11-25 21:00:00,2.23100000,2.31190000,2.22620000,2.29170000,893481.13596000
2025-11-26 01:00:00,2.29170000,2.29880000,2.24770000,2.26130000,564877.42582000
2025-11-26 05:00:00,2.26130000,2.28730000,2.25640000,2.28320000,308343.07952000
2025-11-26 09:00:00,2.28320000,2.28330000,2.22350000,2.22990000,600207.60633000
2025-11-26 13:00:00,2.22990000,2.23200000,2.14750000,2.16460000,1383104.18780000
2025-11-26 17:00:00,2.16460000,2.29120000,2.16370000,2.27300000,1241255.96909000
2025-11-26 21:00:00,2.27300000,2.29120000,2.25170000,2.26970000,605525.83488000
2025-11-27 01:00:00,2.26970000,2.29790000,2.23820000,2.23950000,745718.44797000
2025-11-27 05:00:00,2.23950000,2.26850000,2.22590000,2.26280000,393603.30291000
2025-11-27 09:00:00,2.26280000,2.28420000,2.24760000,2.25410000,370344.96434000
2025-11-27 13:00:00,2.25410000,2.31730000,2.24310000,2.30420000,902709.44379000
2025-11-27 17:00:00,2.30420000,2.34810000,2.30290000,2.31610000,588767.45169000
2025-11-27 21:00:00,2.31610000,2.31670000,2.26100000,2.26340000,418340.95191000
2025-11-28 01:00:00,2.26340000,2.27050000,2.20440000,2.21870000,562995.12908000
2025-11-28 05:00:00,2.21870000,2.22130000,2.17300000,2.19180000,816913.82897000
2025-11-28 09:00:00,2.19180000,2.24480000,2.15910000,2.17370000,799099.39796000
2025-11-28 13:00:00,2.17370000,2.22660000,2.15520000,2.19670000,1328524.53578000
2025-11-28 17:00:00,2.19670000,2.19660000,2.10530000,2.12710000,1514087.32640000
2025-11-28 21:00:00,2.12710000,2.15810000,2.10620000,2.15550000,658303.65748000
2025-11-29 01:00:00,2.15550000,2.15970000,2.12070000,2.12880000,607904.14780000
2025-11-29 05:00:00,2.12880000,2.14220000,2.10080000,2.11370000,584756.06477000
2025-11-29 09:00:00,2.11370000,2.11660000,2.06190000,2.07570000,1189606.19212000
2025-11-29 13:00:00,2.07570000,2.07580000,2.01610000,2.03350000,1475054.96961000
2025-11-29 17:00:00,2.03350000,2.03400000,1.96850000,2.02030000,2400493.23174000
2025-11-29 21:00:00,2.02030000,2.04600000,2.01010000,2.03640000,1214223.96594000
2025-11-30 01:00:00,2.03640000,2.03750000,2.00500000,2.03270000,468156.27732000
2025-11-30 05:00:00,2.03270000,2.05160000,2.00890000,2.03290000,468654.43328000
2025-11-30 09:00:00,2.03290000,2.03510000,2.00360000,2.00830000,386434.90803000
2025-11-30 13:00:00,2.00830000,2.04220000,1.99760000,2.02530000,804639.28136000
2025-11-30 17:00:00,2.02530000,2.05380000,2.02040000,2.02790000,656593.75419000
2025-11-30 21:00:00,2.02790000,2.03440000,1.97680000,1.98260000,836525.28890000
2025-12-01 01:00:00,1.98260000,1.98430000,1.83390000,1.85110000,2714217.05064000
2025-12-01 05:00:00,1.85110000,1.86310000,1.81420000,1.83160000,762822.36275000
2025-12-01 09:00:00,1.83160000,1.85570000,1.82020000,1.84040000,725972.09484000
2025-12-01 13:00:00,1.84040000,1.87990000,1.81040000,1.84080000,1444550.93196000
2025-12-01 17:00:00,1.84080000,1.85490000,1.81220000,1.83710000,771879.25415000
2025-12-01 21:00:00,1.83710000,1.87590000,1.83670000,1.86750000,593133.15829000
2025-12-02 01:00:00,1.86750000,1.87560000,1.83850000,1.86490000,471252.22151000
2025-12-02 05:00:00,1.86490000,1.95450000,1.85450000,1.93960000,1267288.93968000
2025-12-02 09:00:00,1.93960000,1.94380000,1.87460000,1.88930000,803815.06097000
2025-12-02 13:00:00,1.88930000,2.00640000,1.88890000,2.00330000,1299979.19455000
2025-12-02 17:00:00,2.00330000,2.00720000,1.96670000,1.97620000,718856.82715000
2025-12-02 21:00:00,1.97620000,1.98140000,1.94630000,1.96780000,510992.12724000
2025-12-03 01:00:00,1.96780000,2.00470000,1.96580000,1.98670000,402214.98125000
2025-12-03 05:00:00,1.98670000,2.01920000,1.98230000,2.00920000,555802.43577000
2025-12-03 09:00:00,2.00920000,2.03100000,1.98710000,1.99750000,661994.35394000
2025-12-03 13:00:00,1.99750000,2.01960000,1.95040000,1.98950000,933784.63983000
2025-12-03 17:00:00,1.98950000,2.01170000,1.97480000,2.00540000,398268.93145000
2025-12-03 21:00:00,2.00540000,2.04170000,1.99520000,2.01970000,611868.30509000
2025-12-04 01:00:00,2.01970000,2.03630000,2.00290000,2.01090000,511737.14552000
2025-12-04 05:00:00,2.01090000,2.01610000,1.98750000,1.99070000,475495.79948000
2025-12-04 09:00:00,1.99070000,2.01410000,1.98270000,1.99080000,389400.87608000
2025-12-04 13:00:00,1.99080000,2.01020000,1.96110000,1.99390000,610663.95191000
2025-12-04 17:00:00,1.99390000,2.00620000,1.91520000,1.95000000,863427.06311000
2025-12-04 21:00:00,1.95000000,1.95820000,1.92830000,1.93530000,282573.06573000
2025-12-05 01:00:00,1.93530000,1.95370000,1.92130000,1.92480000,351936.23010000
2025-12-05 05:00:00,1.92480000,1.93060000,1.89250000,1.90570000,509779.06653000
2025-12-05 09:00:00,1.90570000,1.90680000,1.83590000,1.84720000,892846.56991000
2025-12-05 13:00:00,1.84720000,1.85830000,1.80570000,1.81500000,1966758.25469000
2025-12-05 17:00:00,1.81500000,1.81540000,1.71220000,1.73740000,2197583.42826000
2025-12-05 21:00:00,1.73740000,1.75520000,1.71620000,1.74670000,805103.45750000
2025-12-06 01:00:00,1.74670000,1.74790000,1.70300000,1.73790000,852261.83355000
2025-12-06 05:00:00,1.73790000,1.73790000,1.70510000,1.72790000,497302.18930000
2025-12-06 09:00:00,1.72790000,1.72950000,1.68780000,1.71470000,958858.44304000
2025-12-06 13:00:00,1.71470000,1.77100000,1.70560000,1.75560000,920599.35405000
2025-12-06 17:00:00,1.75560000,1.81490000,1.75440000,1.76320000,1189428.25941000
2025-12-06 21:00:00,1.76320000,1.77540000,1.74350000,1.75540000,706138.74737000
2025-12-07 01:00:00,1.75540000,1.75910000,1.73850000,1.74690000,390249.55944000
2025-12-07 05:00:00,1.74690000,1.74950000,1.72220000,1.72730000,464082.58317000
2025-12-07 09:00:00,1.72730000,1.73530000,1.70340000,1.70990000,668279.81365000
2025-12-07 13:00:00,1.70990000,1.74260000,1.65900000,1.72460000,1756487.62639000
2025-12-07 17:00:00,1.72460000,1.77410000,1.70400000,1.75970000,1092001.53673000
2025-12-07 21:00:00,1.75970000,1.76220000,1.67010000,1.70690000,1034180.49250000
2025-12-08 01:00:00,1.70690000,1.74680000,1.68130000,1.73910000,810831.02314000
2025-12-08 05:00:00,1.73910000,1.77320000,1.73930000,1.76360000,592188.40798000
2025-12-08 09:00:00,1.76360000,1.78680000,1.75650000,1.76140000,557518.16855000
2025-12-08 13:00:00,1.76140000,1.80040000,1.75340000,1.76790000,807833.30908000
2025-12-08 17:00:00,1.76790000,1.80120000,1.75470000,1.77840000,830893.11386000
2025-12-08 21:00:00,1.77840000,1.81030000,1.77840000,1.79040000,718041.25045000
2025-12-09 01:00:00,1.79040000,1.79620000,1.75070000,1.77620000,503938.67161000
2025-12-09 05:00:00,1.77620000,1.79130000,1.73110000,1.78870000,619626.96957000
2025-12-09 09:00:00,1.78870000,1.79360000,1.72710000,1.74960000,600317.27276000
2025-12-09 13:00:00,1.74960000,1.83310000,1.74450000,1.83050000,881658.32357000
2025-12-09 17:00:00,1.83050000,1.92090000,1.83010000,1.89610000,1157049.92783000
2025-12-09 21:00:00,1.89610000,1.91090000,1.85500000,1.88510000,706699.11601000
2025-12-10 01:00:00,1.88510000,1.88990000,1.83670000,1.84130000,418518.08055000
2025-12-10 05:00:00,1.84130000,1.84690000,1.81470000,1.82460000,439438.24765000
2025-12-10 09:00:00,1.82460000,1.82640000,1.77710000,1.78570000,694009.83946000
2025-12-10 13:00:00,1.78570000,1.80760000,1.76850000,1.79320000,612522.42934000
2025-12-10 17:00:00,1.79320000,1.86060000,1.78770000,1.85680000,1127824.25113000
2025-12-10 21:00:00,1.85680000,1.91220000,1.76820000,1.77690000,1096353.49719000
2025-12-11 01:00:00,1.77690000,1.77940000,1.69210000,1.69360000,940809.50142000
2025-12-11 05:00:00,1.69360000,1.73920000,1.68620000,1.70880000,401132.38922000
2025-12-11 09:00:00,1.70880000,1.71110000,1.69550000,1.70480000,480740.58534000
2025-12-11 13:00:00,1.70480000,1.71660000,1.68210000,1.69640000,917849.95478000
2025-12-11 17:00:00,1.69640000,1.73670000,1.67950000,1.71220000,1002560.60062000
2025-12-11 21:00:00,1.71220000,1.75910000,1.70720000,1.72450000,766827.81752000
2025-12-12 01:00:00,1.72450000,1.73580000,1.69780000,1.71820000,508925.45174000
2025-12-12 05:00:00,1.71820000,1.73330000,1.70320000,1.70850000,390966.62298000
2025-12-12 09:00:00,1.70850000,1.72810000,1.68960000,1.70920000,589047.52038000
2025-12-12 13:00:00,1.70920000,1.71690000,1.61240000,1.62240000,1558201.48995000
2025-12-12 17:00:00,1.62240000,1.64870000,1.59890000,1.62310000,1568361.05573000
2025-12-12 21:00:00,1.62310000,1.63980000,1.62080000,1.63140000,317967.05123000
2025-12-13 01:00:00,1.63140000,1.66660000,1.62420000,1.66480000,328327.19256000
2025-12-13 05:00:00,1.66480000,1.67260000,1.64260000,1.66030000,408670.30045000
2025-12-13 09:00:00,1.66030000,1.68700000,1.65140000,1.68140000,557758.43966000
2025-12-13 13:00:00,1.68140000,1.68810000,1.65240000,1.68790000,815052.10764000
2025-12-13 17:00:00,1.68790000,1.70900000,1.68330000,1.69660000,769199.37560000
2025-12-13 21:00:00,1.69660000,1.70520000,1.67470000,1.69760000,390598.24001000
2025-12-14 01:00:00,1.69760000,1.70130000,1.68020000,1.68760000,173774.24565000
2025-12-14 05:00:00,1.68760000,1.68880000,1.66380000,1.67710000,230015.44876000
2025-12-14 09:00:00,1.67710000,1.69380000,1.65050000,1.66860000,669033.20148000
2025-12-14 13:00:00,1.66860000,1.67700000,1.63590000,1.63840000,471721.00865000
2025-12-14 17:00:00,1.63840000,1.64980000,1.62180000,1.62790000,469569.31472000
2025-12-14 21:00:00,1.62790000,1.63660000,1.59580000,1.61440000,571465.16150000
2025-12-15 01:00:00,1.61440000,1.67030000,1.61240000,1.65040000,439363.38025000
2025-12-15 05:00:00,1.65040000,1.67010000,1.64000000,1.64440000,346353.02668000
2025-12-15 09:00:00,1.64440000,1.66170000,1.63610000,1.63960000,274494.60575000
2025-12-15 13:00:00,1.63960000,1.66160000,1.54240000,1.55310000,1313652.21010000
2025-12-15 17:00:00,1.55310000,1.57360000,1.52220000,1.55530000,1017244.46797000
2025-12-15 21:00:00,1.55530000,1.57410000,1.53410000,1.57150000,323201.71543000
2025-12-16 01:00:00,1.57150000,1.58850000,1.55210000,1.56760000,458187.19565000
2025-12-16 05:00:00,1.56760000,1.56980000,1.53740000,1.55230000,389895.45928000
2025-12-16 09:00:00,1.55230000,1.59740000,1.55070000,1.59510000,443628.59919000
2025-12-16 13:00:00,1.59510000,1.60480000,1.55140000,1.60110000,830556.44520000
2025-12-16 17:00:00,1.60110000,1.60600000,1.58040000,1.59880000,554819.73249000
2025-12-16 21:00:00,1.59880000,1.60340000,1.58360000,1.59080000,277489.10336000
2025-12-17 01:00:00,1.59080000,1.59980000,1.57680000,1.58160000,218064.12106000
2025-12-17 05:00:00,1.58160000,1.58460000,1.55550000,1.57260000,354686.72960000
2025-12-17 09:00:00,1.57260000,1.57260000,1.54350000,1.55950000,370531.86430000
2025-12-17 13:00:00,1.55950000,1.64160000,1.54620000,1.56120000,1377808.23614000
2025-12-17 17:00:00,1.56120000,1.57200000,1.48920000,1.51370000,1116460.81037000
2025-12-17 21:00:00,1.51370000,1.52970000,1.47660000,1.50010000,398617.87312000
2025-12-18 01:00:00,1.50010000,1.50240000,1.47080000,1.47810000,465615.94253000
2025-12-18 05:00:00,1.47810000,1.48740000,1.45890000,1.48640000,415301.87318000
2025-12-18 09:00:00,1.48640000,1.50340000,1.48240000,1.49250000,272756.25315000
2025-12-18 13:00:00,1.49250000,1.56690000,1.48960000,1.54430000,945921.53236000
2025-12-18 17:00:00,1.54430000,1.55040000,1.41580000,1.41960000,1509492.87289000
2025-12-18 21:00:00,1.41960000,1.46910000,1.41930000,1.44910000,654479.29459000
2025-12-19 01:00:00,1.44910000,1.50190000,1.42410000,1.49050000,596664.50913000
2025-12-19 05:00:00,1.49050000,1.52590000,1.47730000,1.51600000,456329.78435000
2025-12-19 09:00:00,1.51600000,1.52520000,1.50970000,1.51790000,243958.24608000
2025-12-19 13:00:00,1.51790000,1.58310000,1.51310000,1.56840000,771308.40029000
2025-12-19 17:00:00,1.56840000,1.66040000,1.56710000,1.63130000,1624554.94317000
2025-12-19 21:00:00,1.63130000,1.66220000,1.62270000,1.63790000,713333.97993000
2025-12-20 01:00:00,1.63790000,1.64790000,1.62160000,1.63580000,355728.77491000
2025-12-20 05:00:00,1.63580000,1.65930000,1.62010000,1.65650000,489426.47046000
2025-12-20 09:00:00,1.65650000,1.69740000,1.62860000,1.63800000,1840081.27769000
2025-12-20 13:00:00,1.63800000,1.64030000,1.59770000,1.59870000,545429.74658000
2025-12-20 17:00:00,1.59870000,1.61150000,1.59150000,1.59960000,325468.17822000
2025-12-20 21:00:00,1.59960000,1.62800000,1.59910000,1.61070000,379855.41897000
2025-12-21 01:00:00,1.61070000,1.61580000,1.59400000,1.60940000,217962.78721000
2025-12-21 05:00:00,1.60940000,1.63480000,1.60530000,1.62440000,389752.16663000
2025-12-21 09:00:00,1.62440000,1.65630000,1.61440000,1.61730000,675548.36855000
2025-12-21 13:00:00,1.61730000,1.62320000,1.55420000,1.56500000,1017107.77411000
2025-12-21 17:00:00,1.56500000,1.58620000,1.55600000,1.57460000,330981.06691000
2025-12-21 21:00:00,1.57460000,1.59210000,1.54840000,1.57340000,379239.71749000
2025-12-22 01:00:00,1.57340000,1.61210000,1.55530000,1.58660000,591402.00797000
2025-12-22 05:00:00,1.58660000,1.63610000,1.58080000,1.63560000,692332.27049000
2025-12-22 09:00:00,1.63560000,1.64870000,1.61040000,1.64370000,745531.15504000
2025-12-22 13:00:00,1.64370000,1.65190000,1.62090000,1.64770000,738910.02536000
2025-12-22 17:00:00,1.64770000,1.66630000,1.60420000,1.60820000,1615851.14014000
2025-12-22 21:00:00,1.60820000,1.62970000,1.59920000,1.62010000,453156.42657000
2025-12-23 01:00:00,1.62010000,1.63340000,1.59060000,1.59720000,365866.31670000
2025-12-23 05:00:00,1.59720000,1.64120000,1.58320000,1.59420000,743926.70872000
2025-12-23 09:00:00,1.59420000,1.60870000,1.56720000,1.60280000,472463.47791000
2025-12-23 13:00:00,1.60280000,1.60280000,1.55630000,1.58090000,1064976.84145000
2025-12-23 17:00:00,1.58090000,1.62600000,1.57810000,1.61200000,816201.41838000
2025-12-23 21:00:00,1.61200000,1.62950000,1.59890000,1.61190000,371855.85139000
2025-12-24 01:00:00,1.61190000,1.62220000,1.56910000,1.59220000,408908.97740000
2025-12-24 05:00:00,1.59220000,1.60190000,1.56640000,1.57980000,413578.03786000
2025-12-24 09:00:00,1.57980000,1.58730000,1.56290000,1.56570000,319941.70355000
2025-12-24 13:00:00,1.56570000,1.61070000,1.55360000,1.59150000,714599.87606000
2025-12-24 17:00:00,1.59150000,1.61860000,1.58030000,1.61640000,642801.62292000
2025-12-24 21:00:00,1.61640000,1.64480000,1.61120000,1.64090000,490222.21501000
2025-12-25 01:00:00,1.64090000,1.65830000,1.61760000,1.64850000,396461.42147000
2025-12-25 05:00:00,1.64850000,1.68800000,1.64100000,1.67140000,715742.56976000
2025-12-25 09:00:00,1.67140000,1.67880000,1.63110000,1.64340000,515529.83504000
2025-12-25 13:00:00,1.64340000,1.66250000,1.63450000,1.65710000,570248.13795000
2025-12-25 17:00:00,1.65710000,1.65900000,1.62920000,1.64950000,253694.58305000
2025-12-25 21:00:00,1.64950000,1.65390000,1.58860000,1.59130000,492655.00931000
2025-12-26 01:00:00,1.59130000,1.69730000,1.58850000,1.67480000,734090.50124000
2025-12-26 05:00:00,1.67480000,1.71920000,1.65990000,1.66720000,642174.89686000
2025-12-26 09:00:00,1.66720000,1.69320000,1.66370000,1.68980000,287458.89767000
2025-12-26 13:00:00,1.68980000,1.70990000,1.65870000,1.66940000,641201.31501000
2025-12-26 17:00:00,1.66940000,1.69390000,1.64340000,1.68720000,487589.46086000
2025-12-26 21:00:00,1.68720000,1.70290000,1.67140000,1.67960000,273441.55237000
2025-12-27 01:00:00,1.67960000,1.71680000,1.67440000,1.71630000,354183.05389000
2025-12-27 05:00:00,1.71630000,1.71750000,1.69320000,1.69630000,194430.32286000
2025-12-27 09:00:00,1.69630000,1.73680000,1.68930000,1.73060000,504640.64769000
2025-12-27 13:00:00,1.73060000,1.75260000,1.71040000,1.73750000,848959.78546000
2025-12-27 17:00:00,1.73750000,1.74060000,1.71540000,1.72230000,196905.61087000
2025-12-27 21:00:00,1.72230000,1.76090000,1.71240000,1.75480000,441548.61279000
2025-12-28 01:00:00,1.75480000,1.75700000,1.73060000,1.74370000,240785.17538000
2025-12-28 05:00:00,1.74370000,1.75220000,1.73830000,1.74650000,227483.25104000
2025-12-28 09:00:00,1.74650000,1.75720000,1.72470000,1.73140000,290332.02424000
2025-12-28 13:00:00,1.73140000,1.74090000,1.71720000,1.72820000,411717.78998000
2025-12-28 17:00:00,1.72820000,1.74030000,1.70180000,1.70230000,318579.91018000
2025-12-28 21:00:00,1.70230000,1.72540000,1.69520000,1.72540000,269937.54660000
2025-12-29 01:00:00,1.72540000,1.77600000,1.71420000,1.76610000,802129.87835000
2025-12-29 05:00:00,1.76610000,1.80430000,1.74760000,1.75570000,784920.16904000
2025-12-29 09:00:00,1.75570000,1.76090000,1.71540000,1.72090000,435864.32838000
2025-12-29 13:00:00,1.72090000,1.72260000,1.68560000,1.70530000,821751.48406000
2025-12-29 17:00:00,1.70530000,1.71490000,1.67900000,1.68350000,663563.91776000
2025-12-29 21:00:00,1.68350000,1.68940000,1.67310000,1.67600000,245213.46993000
2025-12-30 01:00:00,1.67600000,1.72150000,1.66850000,1.68270000,687209.85711000
2025-12-30 05:00:00,1.68270000,1.69390000,1.66750000,1.68470000,245004.01030000
2025-12-30 09:00:00,1.68470000,1.73310000,1.68480000,1.72910000,454603.64325000
2025-12-30 13:00:00,1.72910000,1.75410000,1.70290000,1.75050000,683628.17512000
2025-12-30 17:00:00,1.75050000,1.75320000,1.70410000,1.72100000,360325.15569000
2025-12-30 21:00:00,1.72100000,1.72090000,1.69910000,1.71590000,296026.17588000
2025-12-31 01:00:00,1.71590000,1.73460000,1.70180000,1.72560000,529700.96756000
2025-12-31 05:00:00,1.72560000,1.73940000,1.69050000,1.70200000,761190.78544000
2025-12-31 09:00:00,1.70200000,1.70370000,1.68340000,1.70040000,242849.94594000
2025-12-31 13:00:00,1.70040000,1.70550000,1.68460000,1.70330000,433847.62757000
2025-12-31 17:00:00,1.70330000,1.70850000,1.64380000,1.65480000,609778.58465000
2025-12-31 21:00:00,1.65480000,1.67470000,1.64210000,1.65860000,305877.20606000
2026-01-01 01:00:00,1.65860000,1.66840000,1.65210000,1.66130000,214413.23001000
2026-01-01 05:00:00,1.66130000,1.68630000,1.65310000,1.67640000,196946.05935000
2026-01-01 09:00:00,1.67640000,1.70690000,1.66470000,1.70640000,252502.55977000
2026-01-01 13:00:00,1.70640000,1.77690000,1.69870000,1.77640000,778726.13467000
2026-01-01 17:00:00,1.77640000,1.85840000,1.77470000,1.84980000,1870453.96048000
2026-01-01 21:00:00,1.84980000,1.87140000,1.82540000,1.86360000,930292.19113000
2026-01-02 01:00:00,1.86360000,1.87530000,1.83260000,1.87310000,418697.48974000
2026-01-02 05:00:00,1.87310000,1.88460000,1.84040000,1.84750000,452493.53401000
2026-01-02 09:00:00,1.84750000,1.87160000,1.84060000,1.84470000,465089.89933000
2026-01-02 13:00:00,1.84470000,1.85790000,1.80830000,1.84420000,771691.69927000
2026-01-02 17:00:00,1.84420000,1.89400000,1.83340000,1.88480000,736343.33890000
2026-01-02 21:00:00,1.88480000,1.90760000,1.87230000,1.90400000,538702.47229000
2026-01-03 01:00:00,1.90400000,1.93170000,1.88540000,1.92860000,394160.79531000
2026-01-03 05:00:00,1.92860000,1.92820000,1.85380000,1.86080000,372260.64259000
2026-01-03 09:00:00,1.86080000,1.86730000,1.84730000,1.86480000,193880.93396000
2026-01-03 13:00:00,1.86480000,1.89760000,1.85940000,1.88780000,219692.36379000
2026-01-03 17:00:00,1.88780000,1.91710000,1.88410000,1.90340000,217879.49171000
2026-01-03 21:00:00,1.90340000,1.91870000,1.89140000,1.89970000,177895.41548000
2026-01-04 01:00:00,1.89970000,1.92140000,1.89470000,1.91750000,246651.14876000
2026-01-04 05:00:00,1.91750000,1.92710000,1.89590000,1.91780000,313920.27398000
2026-01-04 09:00:00,1.91780000,1.91780000,1.89710000,1.91380000,238994.60195000
2026-01-04 13:00:00,1.91380000,1.92690000,1.90680000,1.92430000,341871.13274000
2026-01-04 17:00:00,1.92430000,1.95710000,1.90320000,1.91930000,723415.35446000
2026-01-04 21:00:00,1.91930000,1.95240000,1.91470000,1.93990000,417233.66254000
2026-01-05 01:00:00,1.93990000,1.97780000,1.92980000,1.94190000,820267.51664000
2026-01-05 05:00:00,1.94190000,1.94640000,1.89740000,1.91730000,281531.72136000
2026-01-05 09:00:00,1.91730000,1.92540000,1.89620000,1.91760000,324537.44708000
2026-01-05 13:00:00,1.91760000,1.96130000,1.90120000,1.95560000,535943.49004000
2026-01-05 17:00:00,1.95560000,1.98580000,1.91670000,1.96130000,939566.01771000
2026-01-05 21:00:00,1.96130000,1.97980000,1.94180000,1.96380000,393971.42965000
2026-01-06 01:00:00,1.96380000,1.97690000,1.92990000,1.96490000,336230.92596000
2026-01-06 05:00:00,1.96490000,1.98120000,1.92710000,1.93240000,340424.23151000
2026-01-06 09:00:00,1.93240000,1.96090000,1.92360000,1.96070000,447835.01744000
2026-01-06 13:00:00,1.96070000,2.01040000,1.91290000,1.93220000,1736155.73506000
2026-01-06 17:00:00,1.93220000,1.93530000,1.86280000,1.90560000,892621.34728000
2026-01-06 21:00:00,1.90560000,1.97860000,1.90480000,1.95880000,527562.76648000
2026-01-07 01:00:00,1.95880000,1.96010000,1.90280000,1.91860000,432807.74966000
2026-01-07 05:00:00,1.91860000,1.95280000,1.88960000,1.95170000,536648.13289000
2026-01-07 09:00:00,1.95170000,1.96000000,1.90950000,1.93440000,424541.76013000
2026-01-07 13:00:00,1.93440000,1.93840000,1.86340000,1.87730000,1048092.59265000
2026-01-07 17:00:00,1.87730000,1.89670000,1.86740000,1.88650000,320334.21993000
2026-01-07 21:00:00,1.88650000,1.89420000,1.86160000,1.88460000,243102.10273000
2026-01-08 01:00:00,1.88460000,1.89610000,1.85550000,1.85990000,382428.44320000
2026-01-08 05:00:00,1.85990000,1.87560000,1.81010000,1.84560000,577298.67289000
2026-01-08 09:00:00,1.84560000,1.85620000,1.79820000,1.81110000,468275.61314000
2026-01-08 13:00:00,1.81110000,1.81980000,1.76840000,1.81920000,554678.25383000
2026-01-08 17:00:00,1.81920000,1.83730000,1.80190000,1.80990000,330672.09717000
2026-01-08 21:00:00,1.80990000,1.83960000,1.79390000,1.81680000,210861.04480000
2026-01-09 01:00:00,1.81680000,1.83210000,1.79350000,1.83050000,268544.76926000
2026-01-09 05:00:00,1.83050000,1.83810000,1.80160000,1.81300000,221816.74639000
2026-01-09 09:00:00,1.81300000,1.81780000,1.77890000,1.78870000,250950.07111000
2026-01-09 13:00:00,1.78870000,1.83320000,1.77110000,1.81740000,587432.37036000
2026-01-09 17:00:00,1.81740000,1.84160000,1.79530000,1.79860000,414952.73179000
2026-01-09 21:00:00,1.79860000,1.83520000,1.79650000,1.82420000,169404.73519000
2026-01-10 01:00:00,1.82420000,1.82470000,1.80440000,1.80720000,191798.60368000
2026-01-10 05:00:00,1.80720000,1.82890000,1.79740000,1.82520000,156599.05499000
2026-01-10 09:00:00,1.82520000,1.83740000,1.81600000,1.82860000,154301.84394000
2026-01-10 13:00:00,1.82860000,1.83860000,1.81690000,1.81900000,184119.90766000
2026-01-10 17:00:00,1.81900000,1.83000000,1.80470000,1.82840000,237255.26533000
2026-01-10 21:00:00,1.82840000,1.83250000,1.80300000,1.81300000,233057.64141000
2026-01-11 01:00:00,1.81300000,1.82420000,1.80620000,1.81380000,173763.04824000
2026-01-11 05:00:00,1.81380000,1.82260000,1.78120000,1.80290000,826937.79312000
2026-01-11 09:00:00,1.80290000,1.80860000,1.79260000,1.80290000,147236.17636000
2026-01-11 13:00:00,1.80290000,1.81790000,1.78320000,1.78920000,313373.97295000
2026-01-11 17:00:00,1.78920000,1.81320000,1.78350000,1.78580000,285997.45859000
2026-01-11 21:00:00,1.78580000,1.78560000,1.74280000,1.76830000,517471.63847000
2026-01-12 01:00:00,1.76830000,1.82130000,1.74510000,1.78780000,471539.81988000
2026-01-12 05:00:00,1.78780000,1.80300000,1.75890000,1.76140000,351539.25768000
2026-01-12 09:00:00,1.76140000,1.77200000,1.73780000,1.76460000,420520.90295000
2026-01-12 13:00:00,1.76460000,1.77790000,1.72830000,1.77410000,542800.90676000
2026-01-12 17:00:00,1.77410000,1.80850000,1.75790000,1.76960000,633406.51570000
2026-01-12 21:00:00,1.76960000,1.78450000,1.74430000,1.76490000,392017.44114000
2026-01-13 01:00:00,1.76490000,1.78910000,1.76180000,1.78320000,240804.37996000
2026-01-13 05:00:00,1.78320000,1.81200000,1.78010000,1.79290000,351895.82408000
2026-01-13 09:00:00,1.79290000,1.81300000,1.78730000,1.80540000,293454.55266000
2026-01-13 13:00:00,1.80540000,1.91250000,1.80110000,1.91140000,1629567.15919000
2026-01-13 17:00:00,1.91140000,2.00110000,1.90460000,1.91520000,1597707.70038000
2026-01-13 21:00:00,1.91520000,1.99790000,1.89100000,1.97360000,899640.05882000
2026-01-14 01:00:00,1.97360000,1.98860000,1.94830000,1.96480000,376286.11021000
2026-01-14 05:00:00,1.96480000,1.96850000,1.92560000,1.93940000,298373.90059000
2026-01-14 09:00:00,1.93940000,1.95940000,1.92680000,1.93040000,983714.10813000
2026-01-14 13:00:00,1.93040000,1.95770000,1.90460000,1.94850000,644723.08841000
2026-01-14 17:00:00,1.94850000,1.97020000,1.89860000,1.94010000,627716.36510000
2026-01-14 21:00:00,1.94010000,1.94920000,1.91950000,1.93380000,324569.78435000
2026-01-15 01:00:00,1.93380000,1.94850000,1.87870000,1.88460000,350275.96790000
2026-01-15 05:00:00,1.88460000,1.92860000,1.88150000,1.91630000,309016.90376000
2026-01-15 09:00:00,1.91630000,1.92380000,1.90280000,1.90970000,314879.63007000
2026-01-15 13:00:00,1.90970000,1.92880000,1.83150000,1.86060000,589887.89383000
2026-01-15 17:00:00,1.86060000,1.86460000,1.76230000,1.78340000,713339.45497000
2026-01-15 21:00:00,1.78340000,1.81070000,1.77730000,1.80060000,343532.40378000
2026-01-16 01:00:00,1.80060000,1.80950000,1.78390000,1.79470000,258581.47887000
2026-01-16 05:00:00,1.79470000,1.81030000,1.77960000,1.80090000,209004.33215000
2026-01-16 09:00:00,1.80090000,1.80910000,1.78510000,1.79280000,206898.62244000
2026-01-16 13:00:00,1.79280000,1.79530000,1.74820000,1.75470000,384257.73497000
2026-01-16 17:00:00,1.75470000,1.77270000,1.74590000,1.76980000,325076.81194000
2026-01-16 21:00:00,1.76980000,1.80000000,1.76380000,1.78800000,271001.03657000
2026-01-17 01:00:00,1.78800000,1.80840000,1.78510000,1.80700000,209731.44747000
2026-01-17 05:00:00,1.80700000,1.86340000,1.79870000,1.85090000,381005.81849000
2026-01-17 09:00:00,1.85090000,1.88880000,1.83560000,1.84030000,462492.30371000
2026-01-17 13:00:00,1.84030000,1.90770000,1.83960000,1.89690000,390361.83222000
2026-01-17 17:00:00,1.89690000,1.90740000,1.87890000,1.89690000,323660.49768000
2026-01-17 21:00:00,1.89690000,1.90080000,1.86010000,1.86460000,258355.71793000
2026-01-18 01:00:00,1.86460000,1.88160000,1.83020000,1.83130000,422059.02933000
2026-01-18 05:00:00,1.83130000,1.83160000,1.81420000,1.82360000,313354.08867000
2026-01-18 09:00:00,1.82360000,1.82590000,1.81170000,1.81780000,196964.29649000
2026-01-18 13:00:00,1.81780000,1.83090000,1.78710000,1.82210000,546060.16573000
2026-01-18 17:00:00,1.82210000,1.85170000,1.81360000,1.82960000,238822.67452000
2026-01-18 21:00:00,1.82960000,1.84560000,1.71970000,1.72220000,621124.12214000
2026-01-19 01:00:00,1.72220000,1.72230000,1.50630000,1.64720000,2353658.26034000
2026-01-19 05:00:00,1.64720000,1.64710000,1.60500000,1.60630000,463648.07350000
2026-01-19 09:00:00,1.60630000,1.62460000,1.59250000,1.59920000,504469.96423000
2026-01-19 13:00:00,1.59920000,1.60050000,1.57450000,1.58370000,483077.50331000
2026-01-19 17:00:00,1.58370000,1.62870000,1.58160000,1.61530000,512002.02553000
2026-01-19 21:00:00,1.61530000,1.62690000,1.59030000,1.61140000,413133.76322000
2026-01-20 01:00:00,1.61140000,1.61770000,1.59680000,1.60260000,296908.35033000
2026-01-20 05:00:00,1.60260000,1.61380000,1.57820000,1.58350000,393203.28777000
2026-01-20 09:00:00,1.58350000,1.62930000,1.56290000,1.58300000,586425.91800000
2026-01-20 13:00:00,1.58300000,1.60140000,1.56240000,1.57500000,677445.63974000
2026-01-20 17:00:00,1.57500000,1.58240000,1.53730000,1.54610000,659256.23517000
2026-01-20 21:00:00,1.54610000,1.56620000,1.51670000,1.53230000,410776.71756000
2026-01-21 01:00:00,1.53230000,1.59220000,1.53050000,1.57620000,294008.56015000
2026-01-21 05:00:00,1.57620000,1.59220000,1.57220000,1.58110000,199130.77006000
2026-01-21 09:00:00,1.58110000,1.58990000,1.55680000,1.56010000,264147.59431000
2026-01-21 13:00:00,1.56010000,1.60260000,1.53630000,1.57630000,628030.94559000
2026-01-21 17:00:00,1.57630000,1.59420000,1.50520000,1.59340000,864463.63427000
2026-01-21 21:00:00,1.59340000,1.59770000,1.54810000,1.55670000,389464.14571000
2026-01-22 01:00:00,1.55670000,1.58380000,1.55650000,1.56650000,296207.32809000
2026-01-22 05:00:00,1.56650000,1.58110000,1.55040000,1.55870000,183131.22647000
2026-01-22 09:00:00,1.55870000,1.58320000,1.55300000,1.55990000,225054.40773000
2026-01-22 13:00:00,1.55990000,1.57680000,1.51530000,1.53420000,486952.14059000
2026-01-22 17:00:00,1.53420000,1.56800000,1.52880000,1.56020000,395027.20701000
2026-01-22 21:00:00,1.56020000,1.56010000,1.53220000,1.54760000,265234.45596000
2026-01-23 01:00:00,1.54760000,1.59790000,1.54250000,1.59780000,427455.93329000
2026-01-23 05:00:00,1.59780000,1.61580000,1.57280000,1.58550000,595447.95185000
2026-01-23 09:00:00,1.58550000,1.58640000,1.56440000,1.57560000,473477.97080000
2026-01-23 13:00:00,1.57560000,1.58290000,1.54080000,1.57660000,462136.95568000
2026-01-23 17:00:00,1.57660000,1.61060000,1.55070000,1.55780000,470168.01177000
2026-01-23 21:00:00,1.55780000,1.56160000,1.53190000,1.55180000,362489.59288000
2026-01-24 01:00:00,1.55180000,1.56530000,1.54210000,1.55940000,166045.57917000
2026-01-24 05:00:00,1.55940000,1.56340000,1.54620000,1.54860000,127685.02695000
2026-01-24 09:00:00,1.54860000,1.55930000,1.54670000,1.55320000,111170.73556000
2026-01-24 13:00:00,1.55320000,1.56370000,1.54010000,1.54230000,158761.51426000
2026-01-24 17:00:00,1.54230000,1.55520000,1.53320000,1.54420000,238313.78374000
2026-01-24 21:00:00,1.54420000,1.55820000,1.54360000,1.54440000,143986.29215000
2026-01-25 01:00:00,1.54440000,1.56480000,1.53470000,1.54000000,357763.85042000
2026-01-25 05:00:00,1.54000000,1.56120000,1.53510000,1.54910000,208689.31128000
2026-01-25 09:00:00,1.54910000,1.58480000,1.53610000,1.56530000,360493.49938000
2026-01-25 13:00:00,1.56530000,1.57990000,1.52020000,1.53260000,887036.81717000
2026-01-25 17:00:00,1.53260000,1.53240000,1.44640000,1.45710000,1381736.02920000
2026-01-25 21:00:00,1.45710000,1.49050000,1.44930000,1.48720000,472773.86441000
2026-01-26 01:00:00,1.48720000,1.53370000,1.48020000,1.51380000,353380.33921000
2026-01-26 05:00:00,1.51380000,1.54230000,1.51320000,1.53380000,240190.88516000
2026-01-26 09:00:00,1.53380000,1.55170000,1.52660000,1.53510000,411041.08485000
2026-01-26 13:00:00,1.53510000,1.59050000,1.53190000,1.56260000,578493.69448000
2026-01-26 17:00:00,1.56260000,1.56940000,1.53000000,1.54240000,526283.47310000
2026-01-26 21:00:00,1.54240000,1.55770000,1.53470000,1.54850000,198646.48789000
2026-01-27 01:00:00,1.54850000,1.56440000,1.54500000,1.55140000,169455.39284000
2026-01-27 05:00:00,1.55140000,1.58400000,1.53920000,1.54930000,609732.58374000
2026-01-27 09:00:00,1.54930000,1.55480000,1.52800000,1.53080000,671807.88050000
2026-01-27 13:00:00,1.53080000,1.55120000,1.52280000,1.55020000,604709.62436000
2026-01-27 17:00:00,1.55020000,1.57470000,1.53180000,1.56280000,600497.66569000
2026-01-27 21:00:00,1.56280000,1.59870000,1.56150000,1.59190000,387815.09663000
2026-01-28 01:00:00,1.59190000,1.60780000,1.57960000,1.60370000,370442.27953000
2026-01-28 05:00:00,1.60370000,1.62590000,1.59030000,1.59580000,597690.23751000
2026-01-28 09:00:00,1.59580000,1.60230000,1.58240000,1.59580000,342913.23472000
2026-01-28 13:00:00,1.59580000,1.59900000,1.57080000,1.58520000,356527.14147000
2026-01-28 17:00:00,1.58520000,1.61220000,1.57960000,1.60670000,372308.00463000
2026-01-28 21:00:00,1.60670000,1.62840000,1.59330000,1.61120000,718443.53276000
2026-01-29 01:00:00,1.61120000,1.61570000,1.54900000,1.55630000,573472.14269000
2026-01-29 05:00:00,1.55630000,1.56340000,1.54370000,1.55780000,153728.38402000
2026-01-29 09:00:00,1.55780000,1.56340000,1.54680000,1.55050000,256265.99899000
2026-01-29 13:00:00,1.55050000,1.56160000,1.45930000,1.48690000,841775.54238000
2026-01-29 17:00:00,1.48690000,1.51150000,1.44110000,1.46450000,707779.22184000
2026-01-29 21:00:00,1.46450000,1.49450000,1.46210000,1.49250000,258846.89744000
2026-01-30 01:00:00,1.49250000,1.50630000,1.43370000,1.45470000,656818.46829000
2026-01-30 05:00:00,1.45470000,1.48290000,1.42170000,1.44680000,316557.14650000
2026-01-30 09:00:00,1.44680000,1.47430000,1.44340000,1.46870000,401073.61185000
2026-01-30 13:00:00,1.46870000,1.48480000,1.44430000,1.45390000,614445.53014000
2026-01-30 17:00:00,1.45390000,1.48230000,1.41230000,1.46850000,609955.02372000
2026-01-30 21:00:00,1.46850000,1.46850000,1.43810000,1.45130000,289220.83853000
2026-01-31 01:00:00,1.45130000,1.45340000,1.42930000,1.43310000,200618.26581000
2026-01-31 05:00:00,1.43310000,1.43730000,1.40030000,1.41330000,209631.79133000
2026-01-31 09:00:00,1.41330000,1.41570000,1.36260000,1.36340000,615607.63376000
2026-01-31 13:00:00,1.36340000,1.36990000,1.27320000,1.29090000,941382.93079000
2026-01-31 17:00:00,1.29090000,1.31570000,1.14080000,1.22330000,1997539.96190000
2026-01-31 21:00:00,1.22330000,1.27990000,1.21190000,1.27350000,549049.52215000
2026-02-01 01:00:00,1.27350000,1.28440000,1.25340000,1.27530000,221441.28401000
2026-02-01 05:00:00,1.27530000,1.29840000,1.26400000,1.29320000,239650.46266000
2026-02-01 09:00:00,1.29320000,1.29350000,1.26310000,1.27650000,299983.92679000
2026-02-01 13:00:00,1.27650000,1.28500000,1.22390000,1.24340000,377063.47975000
2026-02-01 17:00:00,1.24340000,1.26790000,1.22840000,1.24130000,323528.93478000
2026-02-01 21:00:00,1.24130000,1.25900000,1.20440000,1.23450000,471691.53635000
2026-02-02 01:00:00,1.23450000,1.27280000,1.19570000,1.24760000,522460.45843000
2026-02-02 05:00:00,1.24760000,1.26500000,1.20960000,1.23900000,495754.79539000
2026-02-02 09:00:00,1.23900000,1.27030000,1.23710000,1.26130000,309390.64512000
2026-02-02 13:00:00,1.26130000,1.29670000,1.26050000,1.28570000,359295.64838000
2026-02-02 17:00:00,1.28570000,1.29160000,1.27270000,1.27530000,271062.52895000
2026-02-02 21:00:00,1.27530000,1.28620000,1.26560000,1.27830000,168591.42037000
2026-02-03 01:00:00,1.27830000,1.28060000,1.24720000,1.27220000,281595.93325000
2026-02-03 05:00:00,1.27220000,1.28410000,1.25940000,1.27260000,205468.18632000
2026-02-03 09:00:00,1.27260000,1.28340000,1.25220000,1.26810000,289555.78607000
2026-02-03 13:00:00,1.26810000,1.28740000,1.24590000,1.28520000,439456.73126000
2026-02-03 17:00:00,1.28520000,1.28530000,1.19470000,1.25170000,794764.00842000
2026-02-03 21:00:00,1.25170000,1.30180000,1.23850000,1.24730000,548955.97141000
2026-02-04 01:00:00,1.24730000,1.27690000,1.23870000,1.26990000,232719.86960000
2026-02-04 05:00:00,1.26990000,1.28080000,1.25620000,1.27490000,192036.40040000
2026-02-04 09:00:00,1.27490000,1.27780000,1.25050000,1.26170000,252504.96473000
2026-02-04 13:00:00,1.26170000,1.26450000,1.20130000,1.21980000,597511.11395000
2026-02-04 17:00:00,1.21980000,1.24870000,1.20050000,1.24620000,814716.02718000
2026-02-04 21:00:00,1.24620000,1.24780000,1.19520000,1.21940000,481398.67170000
2026-02-05 01:00:00,1.21940000,1.23660000,1.20230000,1.20460000,389439.26900000
2026-02-05 05:00:00,1.20460000,1.22060000,1.18960000,1.19550000,480826.64411000
2026-02-05 09:00:00,1.19550000,1.20980000,1.14120000,1.15750000,604474.49004000
2026-02-05 13:00:00,1.15750000,1.18500000,1.07870000,1.10750000,1156207.76333000
2026-02-05 17:00:00,1.10750000,1.13280000,1.07050000,1.07790000,969913.75442000
2026-02-05 21:00:00,1.07790000,1.08590000,1.01700000,1.03030000,1442240.88888000
2026-02-06 01:00:00,1.03030000,1.05420000,0.89910000,1.02290000,2179017.68719000
2026-02-06 05:00:00,1.02290000,1.06970000,1.01690000,1.02940000,868165.69674000
2026-02-06 09:00:00,1.02940000,1.07260000,1.02190000,1.06930000,770188.52199000
2026-02-06 13:00:00,1.06930000,1.11080000,1.06080000,1.10870000,928239.08127000
2026-02-06 17:00:00,1.10870000,1.16380000,1.10290000,1.13720000,497338.59849000
2026-02-06 21:00:00,1.13720000,1.15250000,1.12010000,1.13750000,231493.85192000
2026-02-07 01:00:00,1.13750000,1.14230000,1.11930000,1.13750000,185014.62100000
2026-02-07 05:00:00,1.13750000,1.14720000,1.08620000,1.09780000,360105.77169000
2026-02-07 09:00:00,1.09780000,1.10470000,1.07970000,1.08620000,392285.44638000
2026-02-07 13:00:00,1.08620000,1.12370000,1.08490000,1.11080000,466701.54511000
2026-02-07 17:00:00,1.11080000,1.14470000,1.10850000,1.12130000,1028194.61392000
2026-02-07 21:00:00,1.12130000,1.12970000,1.10740000,1.11170000,204119.13940000
2026-02-08 01:00:00,1.11170000,1.11190000,1.08970000,1.09030000,147513.45197000
2026-02-08 05:00:00,1.09030000,1.09690000,1.08330000,1.08920000,143134.41508000
2026-02-08 09:00:00,1.08920000,1.10610000,1.07900000,1.09280000,259075.70746000
2026-02-08 13:00:00,1.09280000,1.09540000,1.06700000,1.07180000,273467.17100000
2026-02-08 17:00:00,1.07180000,1.08240000,1.04840000,1.07520000,195060.04575000
2026-02-08 21:00:00,1.07520000,1.08990000,1.05350000,1.06760000,198554.06569000
2026-02-09 01:00:00,1.06760000,1.07910000,1.05700000,1.07430000,183546.12333000
2026-02-09 05:00:00,1.07430000,1.07500000,1.05620000,1.05860000,153878.71392000
2026-02-09 09:00:00,1.05860000,1.06070000,1.01640000,1.02730000,283212.67118000
2026-02-09 13:00:00,1.02730000,1.05090000,1.00730000,1.02840000,474046.87714000
2026-02-09 17:00:00,1.02840000,1.06960000,1.02040000,1.05570000,419316.25308000
2026-02-09 21:00:00,1.05570000,1.05800000,1.03790000,1.04140000,268724.84797000
2026-02-10 01:00:00,1.04140000,1.04690000,1.01210000,1.01940000,223526.96959000
2026-02-10 05:00:00,1.01940000,1.03100000,0.99690000,1.00080000,315077.37774000
2026-02-10 09:00:00,1.00080000,1.00750000,0.98920000,0.99090000,343837.58369000
2026-02-10 13:00:00,0.99090000,1.01270000,0.97990000,0.98740000,536320.26188000
2026-02-10 17:00:00,0.98740000,0.99300000,0.97040000,0.98380000,432060.10763000
2026-02-10 21:00:00,0.98380000,0.99350000,0.97830000,0.98790000,181829.32818000
2026-02-11 01:00:00,0.98790000,1.01020000,0.98580000,0.99710000,369568.60331000
2026-02-11 05:00:00,0.99710000,1.00290000,0.95970000,0.96180000,515309.17603000
2026-02-11 09:00:00,0.96180000,0.96640000,0.94710000,0.96130000,468895.10504000
2026-02-11 13:00:00,0.96130000,0.99410000,0.92040000,0.92990000,966185.96063000
2026-02-11 17:00:00,0.92990000,0.94570000,0.92260000,0.92630000,455970.84873000
2026-02-11 21:00:00,0.92630000,0.94780000,0.91510000,0.92210000,442703.13495000
2026-02-12 01:00:00,0.92210000,0.95990000,0.92260000,0.95370000,479559.59713000
2026-02-12 05:00:00,0.95370000,0.96060000,0.94280000,0.95960000,258888.90939000
2026-02-12 09:00:00,0.95960000,0.96170000,0.94020000,0.94940000,336362.83796000
2026-02-12 13:00:00,0.94940000,0.94960000,0.91320000,0.91360000,580970.15707000
2026-02-12 17:00:00,0.91360000,0.92270000,0.89100000,0.90660000,646526.41796000
2026-02-12 21:00:00,0.90660000,0.92700000,0.89240000,0.92380000,257697.62467000
2026-02-13 01:00:00,0.92380000,0.92510000,0.91110000,0.91600000,217427.37915000
2026-02-13 05:00:00,0.91600000,0.92050000,0.89560000,0.91500000,214514.86664000
2026-02-13 09:00:00,0.91500000,0.92680000,0.90630000,0.91080000,264578.66055000
2026-02-13 13:00:00,0.91080000,0.94770000,0.90700000,0.93520000,456020.73847000
2026-02-13 17:00:00,0.93520000,0.95700000,0.93420000,0.94930000,421718.76578000
2026-02-13 21:00:00,0.94930000,0.95530000,0.93640000,0.93940000,194825.28457000
2026-02-14 01:00:00,0.93940000,0.95510000,0.93510000,0.94650000,276524.00633000
2026-02-14 05:00:00,0.94650000,0.95870000,0.94180000,0.95570000,193504.68479000
2026-02-14 09:00:00,0.95570000,0.96670000,0.95510000,0.96420000,305483.83809000
2026-02-14 13:00:00,0.96420000,0.97570000,0.94960000,0.97490000,411814.41629000
2026-02-14 17:00:00,0.97490000,1.00740000,0.96180000,1.00420000,472663.72280000
2026-02-14 21:00:00,1.00420000,1.00590000,0.98310000,0.98720000,564828.22282000
2026-02-15 01:00:00,0.98720000,0.98790000,0.95830000,0.97470000,437861.19811000
2026-02-15 05:00:00,0.97470000,0.98670000,0.96850000,0.98460000,289498.94133000
2026-02-15 09:00:00,0.98460000,0.98750000,0.95440000,0.96270000,314218.14657000
2026-02-15 13:00:00,0.96270000,0.96380000,0.92120000,0.92710000,638896.46624000
2026-02-15 17:00:00,0.92710000,0.92860000,0.90490000,0.91490000,461026.02566000
2026-02-15 21:00:00,0.91490000,0.93410000,0.91110000,0.93310000,272478.72078000
2026-02-16 01:00:00,0.93310000,0.93850000,0.92250000,0.92630000,487536.47385000
2026-02-16 05:00:00,0.92630000,0.93510000,0.91340000,0.91580000,211993.18432000
2026-02-16 09:00:00,0.91580000,0.92330000,0.90290000,0.91070000,332236.73340000
2026-02-16 13:00:00,0.91070000,0.93550000,0.89720000,0.90030000,855436.28067000
2026-02-16 17:00:00,0.90030000,0.91890000,0.89830000,0.91560000,543809.80739000
2026-02-16 21:00:00,0.91560000,0.93790000,0.91210000,0.92870000,538402.69874000
2026-02-17 01:00:00,0.92870000,0.93740000,0.92030000,0.92870000,336848.85080000
2026-02-17 05:00:00,0.92870000,0.93430000,0.91680000,0.93010000,204490.56661000
2026-02-17 09:00:00,0.93010000,0.93690000,0.91560000,0.93610000,481118.00138000
2026-02-17 13:00:00,0.93610000,0.94740000,0.90900000,0.92560000,803884.73883000
2026-02-17 17:00:00,0.92560000,0.93980000,0.90670000,0.92170000,682345.64162000
2026-02-17 21:00:00,0.92170000,0.92250000,0.91280000,0.91640000,216810.25831000
2026-02-18 01:00:00,0.91640000,0.92390000,0.90580000,0.92280000,236256.87225000
2026-02-18 05:00:00,0.92280000,0.92740000,0.91590000,0.92310000,206248.01325000
2026-02-18 09:00:00,0.92310000,0.92870000,0.89880000,0.90510000,835124.76905000
2026-02-18 13:00:00,0.90510000,0.91150000,0.88160000,0.90070000,1128957.18346000
2026-02-18 17:00:00,0.90070000,0.90620000,0.86890000,0.87480000,692796.10452000
2026-02-18 21:00:00,0.87480000,0.88280000,0.86740000,0.87780000,430211.24478000
2026-02-19 01:00:00,0.87780000,0.88860000,0.87040000,0.88600000,296616.58134000
2026-02-19 05:00:00,0.88600000,0.89170000,0.88110000,0.88510000,252038.94773000
2026-02-19 09:00:00,0.88510000,0.88530000,0.85460000,0.86240000,679087.63361000
2026-02-19 13:00:00,0.86240000,0.86910000,0.84070000,0.84690000,818067.74139000
2026-02-19 17:00:00,0.84690000,0.86260000,0.83770000,0.85980000,523841.96265000
2026-02-19 21:00:00,0.85980000,0.86610000,0.85310000,0.86590000,288137.40280000
2026-02-20 01:00:00,0.86590000,0.87390000,0.86410000,0.86640000,296161.77256000
2026-02-20 05:00:00,0.86640000,0.87070000,0.85680000,0.85970000,367954.69072000
2026-02-20 09:00:00,0.85970000,0.87430000,0.85950000,0.86210000,394449.46617000
2026-02-20 13:00:00,0.86210000,0.88620000,0.84360000,0.88180000,730522.08341000
2026-02-20 17:00:00,0.88180000,0.88730000,0.85820000,0.87390000,512816.29492000
2026-02-20 21:00:00,0.87390000,0.88530000,0.87070000,0.88260000,171898.94659000
2026-02-21 01:00:00,0.88260000,0.88570000,0.87430000,0.88080000,158996.19426000
2026-02-21 05:00:00,0.88080000,0.89390000,0.87880000,0.88460000,189986.89676000
2026-02-21 09:00:00,0.88460000,0.90860000,0.88440000,0.90210000,261540.40411000
2026-02-21 13:00:00,0.90210000,0.90570000,0.89280000,0.89830000,207239.94596000
2026-02-21 17:00:00,0.89830000,0.89840000,0.88900000,0.89330000,182718.06753000
2026-02-21 21:00:00,0.89330000,0.89340000,0.88430000,0.88530000,202827.07327000
2026-02-22 01:00:00,0.88530000,0.88510000,0.85480000,0.86050000,370772.09841000
2026-02-22 05:00:00,0.86050000,0.86210000,0.85210000,0.85770000,270646.37854000
2026-02-22 09:00:00,0.85770000,0.86030000,0.84600000,0.85320000,535667.16542000
2026-02-22 13:00:00,0.85320000,0.85330000,0.82070000,0.83340000,1374245.65278000
2026-02-22 17:00:00,0.83340000,0.83610000,0.82440000,0.83110000,252418.69212000
2026-02-22 21:00:00,0.83110000,0.84190000,0.82480000,0.84030000,331810.52885000
2026-02-23 01:00:00,0.84030000,0.84210000,0.78920000,0.80540000,1041047.20043000
2026-02-23 05:00:00,0.80540000,0.84670000,0.80130000,0.83890000,556808.83191000
2026-02-23 09:00:00,0.83890000,0.86480000,0.83740000,0.85870000,630114.73999000
2026-02-23 13:00:00,0.85870000,0.86650000,0.81990000,0.82170000,685600.43949000
2026-02-23 17:00:00,0.82170000,0.82690000,0.80190000,0.80930000,510759.33440000
2026-02-23 21:00:00,0.80930000,0.81910000,0.80730000,0.80950000,299783.41879000
2026-02-24 01:00:00,0.80950000,0.82100000,0.79760000,0.81040000,628005.47637000
2026-02-24 05:00:00,0.81040000,0.81410000,0.79700000,0.80290000,414144.44174000
2026-02-24 09:00:00,0.80290000,0.81270000,0.79900000,0.81180000,317497.04307000
2026-02-24 13:00:00,0.81180000,0.82690000,0.79910000,0.82660000,678289.19562000
2026-02-24 17:00:00,0.82660000,0.83700000,0.82110000,0.82640000,442901.15116000
2026-02-24 21:00:00,0.82640000,0.82860000,0.81780000,0.82320000,299777.40941000
2026-02-25 01:00:00,0.82320000,0.86840000,0.82100000,0.84520000,483164.17924000
2026-02-25 05:00:00,0.84520000,0.85090000,0.83240000,0.84740000,189428.62143000
2026-02-25 09:00:00,0.84740000,0.87270000,0.84430000,0.87110000,321615.39446000
2026-02-25 13:00:00,0.87110000,0.95890000,0.87090000,0.95410000,837763.65959000
2026-02-25 17:00:00,0.95410000,1.05620000,0.95400000,1.05590000,1774281.95042000
2026-02-25 21:00:00,1.05590000,1.11050000,0.99140000,1.00430000,3781100.79119000
2026-02-26 01:00:00,1.00430000,1.00980000,0.96720000,0.97870000,1361461.72242000
2026-02-26 05:00:00,0.97870000,0.98350000,0.95140000,0.96110000,639966.91818000
2026-02-26 09:00:00,0.96110000,0.97150000,0.95070000,0.95490000,474728.89308000
2026-02-26 13:00:00,0.95490000,0.99110000,0.95260000,0.97190000,674448.85433000
2026-02-26 17:00:00,0.97190000,0.97320000,0.92710000,0.96730000,1049052.97095000
2026-02-26 21:00:00,0.96730000,0.97230000,0.95210000,0.96490000,354587.63522000
2026-02-27 01:00:00,0.96490000,0.98530000,0.96230000,0.98410000,334123.10599000
2026-02-27 05:00:00,0.98410000,1.01510000,0.98330000,1.01200000,532553.15576000
2026-02-27 09:00:00,1.01200000,1.02530000,0.96220000,0.97170000,755553.72413000
2026-02-27 13:00:00,0.97170000,0.97310000,0.94130000,0.95470000,620256.81509000
2026-02-27 17:00:00,0.95470000,0.95530000,0.92750000,0.93210000,487395.84889000
2026-02-27 21:00:00,0.93210000,0.94250000,0.91900000,0.93490000,353084.09177000
2026-02-28 01:00:00,0.93490000,0.94260000,0.92340000,0.92510000,499398.15624000
2026-02-28 05:00:00,0.92510000,0.92610000,0.87790000,0.89430000,636112.24405000
2026-02-28 09:00:00,0.89430000,0.89430000,0.86450000,0.86510000,500578.97613000
2026-02-28 13:00:00,0.86510000,0.90170000,0.86510000,0.89150000,466093.91428000
2026-02-28 17:00:00,0.89150000,0.95270000,0.88460000,0.94190000,743448.96426000
2026-02-28 21:00:00,0.94190000,0.97290000,0.93780000,0.96170000,466055.25295000
2026-03-01 01:00:00,0.96170000,0.97920000,0.93830000,0.96050000,594856.90507000
2026-03-01 05:00:00,0.96050000,0.96790000,0.95030000,0.96540000,277891.21527000
2026-03-01 09:00:00,0.96540000,0.96620000,0.93770000,0.94250000,358660.06047000
2026-03-01 13:00:00,0.94250000,0.95410000,0.92710000,0.93830000,475414.88901000
2026-03-01 17:00:00,0.93830000,0.94670000,0.91690000,0.91930000,658375.56992000
2026-03-01 21:00:00,0.91930000,0.93680000,0.90560000,0.92740000,585270.70183000
2026-03-02 01:00:00,0.92740000,0.95980000,0.92760000,0.95360000,328055.43914000
2026-03-02 05:00:00,0.95360000,0.95960000,0.92310000,0.92630000,233946.09971000
2026-03-02 09:00:00,0.92630000,0.94270000,0.91410000,0.93080000,400673.31959000
2026-03-02 13:00:00,0.93080000,0.98780000,0.91740000,0.97500000,808447.51219000
2026-03-02 17:00:00,0.97500000,0.98550000,0.94600000,0.97380000,755047.57547000
2026-03-02 21:00:00,0.97380000,0.98940000,0.96220000,0.96940000,464253.88460000
2026-03-03 01:00:00,0.96940000,0.98790000,0.95250000,0.97110000,378127.27259000
2026-03-03 05:00:00,0.97110000,0.99090000,0.96430000,0.98990000,392711.51748000
2026-03-03 09:00:00,0.98990000,1.00530000,0.95200000,0.95770000,815018.67501000
2026-03-03 13:00:00,0.95770000,0.97810000,0.94680000,0.96440000,586747.71797000
2026-03-03 17:00:00,0.96440000,1.03580000,0.95810000,1.00370000,1176621.27319000
2026-03-03 21:00:00,1.00370000,1.01890000,0.98200000,1.01190000,626253.66882000
2026-03-04 01:00:00,1.01190000,1.02660000,0.99540000,1.01110000,431383.21064000
2026-03-04 05:00:00,1.01110000,1.01460000,0.98590000,0.99730000,510349.35506000
2026-03-04 09:00:00,0.99730000,1.02930000,0.98960000,0.99850000,788555.10078000
2026-03-04 13:00:00,0.99850000,1.02470000,0.98520000,1.02460000,629301.18143000
2026-03-04 17:00:00,1.02460000,1.02690000,0.99560000,1.01980000,542340.36678000
2026-03-04 21:00:00,1.01980000,1.02490000,0.99350000,1.00770000,440520.87254000
2026-03-05 01:00:00,1.00770000,1.01870000,1.00110000,1.00390000,263139.59646000
2026-03-05 05:00:00,1.00390000,1.01090000,0.98860000,0.99630000,474616.56034000
2026-03-05 09:00:00,0.99630000,1.01950000,0.99520000,0.99960000,424811.02002000
2026-03-05 13:00:00,0.99960000,1.01870000,0.99140000,0.99700000,527300.92239000
2026-03-05 17:00:00,0.99700000,0.99970000,0.96360000,0.98720000,715071.04811000
2026-03-05 21:00:00,0.98720000,1.00840000,0.98540000,0.99550000,272409.66686000
2026-03-06 01:00:00,0.99550000,1.01360000,0.99140000,1.00780000,299996.06687000
2026-03-06 05:00:00,1.00780000,1.02380000,0.99380000,1.02140000,247521.37532000
2026-03-06 09:00:00,1.02140000,1.02220000,0.98960000,0.99300000,507285.10788000
2026-03-06 13:00:00,0.99300000,1.00390000,0.94850000,0.95310000,1027007.71046000
2026-03-06 17:00:00,0.95310000,0.96230000,0.93830000,0.95380000,463475.79706000
2026-03-06 21:00:00,0.95380000,0.96250000,0.94780000,0.95660000,140276.49101000
2026-03-07 01:00:00,0.95660000,0.96410000,0.95090000,0.95610000,205954.31415000
2026-03-07 05:00:00,0.95610000,0.96120000,0.94670000,0.95230000,154519.93036000
2026-03-07 09:00:00,0.95230000,0.95800000,0.94540000,0.95130000,116117.96101000
2026-03-07 13:00:00,0.95130000,0.95250000,0.93580000,0.93990000,175069.71968000
2026-03-07 17:00:00,0.93990000,0.95090000,0.93050000,0.93560000,221081.49070000
2026-03-07 21:00:00,0.93560000,0.94210000,0.93060000,0.93820000,187424.74506000
2026-03-08 01:00:00,0.93820000,0.93910000,0.92220000,0.92830000,250182.21582000
2026-03-08 05:00:00,0.92830000,0.93500000,0.91970000,0.93280000,143155.87011000
2026-03-08 09:00:00,0.93280000,0.95270000,0.92500000,0.94970000,237726.19101000
2026-03-08 13:00:00,0.94970000,0.96100000,0.92760000,0.93080000,385622.34239000
2026-03-08 17:00:00,0.93080000,0.94530000,0.92380000,0.94120000,180350.04240000
2026-03-08 21:00:00,0.94120000,0.94680000,0.91040000,0.92760000,397726.12196000
2026-03-09 01:00:00,0.92760000,0.95740000,0.92690000,0.94230000,305660.08647000
2026-03-09 05:00:00,0.94230000,0.96500000,0.93840000,0.94520000,365650.41542000
2026-03-09 09:00:00,0.94520000,0.95420000,0.93760000,0.94440000,250349.71200000
2026-03-09 13:00:00,0.94440000,0.96990000,0.94450000,0.96610000,491720.41253000
2026-03-09 17:00:00,0.96610000,0.98470000,0.95680000,0.96980000,269910.28994000
2026-03-09 21:00:00,0.96980000,0.97270000,0.95260000,0.95560000,258297.56072000
2026-03-10 01:00:00,0.95560000,0.97810000,0.95410000,0.95830000,199299.13435000
2026-03-10 05:00:00,0.95830000,0.97450000,0.95690000,0.97100000,266191.79714000
2026-03-10 09:00:00,0.97100000,0.98420000,0.96470000,0.97790000,287425.53457000
2026-03-10 13:00:00,0.97790000,0.99940000,0.96330000,0.99020000,424023.97639000
2026-03-10 17:00:00,0.99020000,0.99740000,0.95560000,0.95890000,356186.10095000
2026-03-10 21:00:00,0.95890000,0.96230000,0.94350000,0.95230000,225428.85320000
2026-03-11 01:00:00,0.95230000,0.95400000,0.94140000,0.94620000,247854.58198000
2026-03-11 05:00:00,0.94620000,0.94890000,0.93450000,0.94030000,231475.19003000
2026-03-11 09:00:00,0.94030000,0.94660000,0.93840000,0.94290000,218411.76552000
2026-03-11 13:00:00,0.94290000,0.97510000,0.93360000,0.94030000,528011.45917000
2026-03-11 17:00:00,0.94030000,0.95170000,0.93180000,0.94210000,296932.98697000
2026-03-11 21:00:00,0.94210000,0.94970000,0.93520000,0.94410000,116193.51082000
2026-03-12 01:00:00,0.94410000,0.94570000,0.92540000,0.92730000,192507.05884000
2026-03-12 05:00:00,0.92730000,0.93180000,0.91860000,0.92610000,194226.28228000
2026-03-12 09:00:00,0.92610000,0.93440000,0.91960000,0.92170000,290793.75281000
2026-03-12 13:00:00,0.92170000,0.92570000,0.90150000,0.91070000,731512.67692000
2026-03-12 17:00:00,0.91070000,0.91890000,0.90260000,0.91080000,306608.89228000
2026-03-12 21:00:00,0.91080000,0.92000000,0.90290000,0.91620000,220848.19891000
2026-03-13 01:00:00,0.91620000,0.94900000,0.90880000,0.94780000,554503.15351000
2026-03-13 05:00:00,0.94780000,0.94990000,0.92430000,0.92560000,337928.20275000
2026-03-13 09:00:00,0.92560000,0.93610000,0.91500000,0.93370000,405086.25258000
2026-03-13 13:00:00,0.93370000,0.97420000,0.93330000,0.96260000,750808.06323000
2026-03-13 17:00:00,0.96260000,0.97120000,0.93190000,0.93860000,472614.99154000
2026-03-13 21:00:00,0.93860000,0.94810000,0.91960000,0.93340000,291315.84383000
2026-03-14 01:00:00,0.93340000,0.93370000,0.92090000,0.92780000,156636.72847000
2026-03-14 05:00:00,0.92780000,0.93350000,0.90700000,0.91040000,265233.26673000
2026-03-14 09:00:00,0.91040000,0.91570000,0.90690000,0.91500000,131548.14739000
2026-03-14 13:00:00,0.91500000,0.91770000,0.90580000,0.90940000,188160.67566000
2026-03-14 17:00:00,0.90940000,0.91670000,0.90790000,0.91140000,115814.73440000
2026-03-14 21:00:00,0.91140000,0.92130000,0.90920000,0.91990000,144235.49727000
2026-03-15 01:00:00,0.91990000,0.93650000,0.90950000,0.92670000,254301.19813000
2026-03-15 05:00:00,0.92670000,0.93090000,0.91580000,0.92580000,155785.78547000
2026-03-15 09:00:00,0.92580000,0.93040000,0.92050000,0.92760000,133214.50286000
2026-03-15 13:00:00,0.92760000,0.93390000,0.91590000,0.91890000,191975.65006000
2026-03-15 17:00:00,0.91890000,0.93010000,0.91800000,0.92490000,156054.53905000
2026-03-15 21:00:00,0.92490000,0.93890000,0.92180000,0.93440000,240150.58480000
2026-03-16 01:00:00,0.93440000,0.96150000,0.92770000,0.95130000,368736.44188000
2026-03-16 05:00:00,0.95130000,1.00700000,0.95140000,0.99060000,830278.47249000
2026-03-16 09:00:00,0.99060000,1.00190000,0.97460000,0.98060000,375040.92493000
2026-03-16 13:00:00,0.98060000,1.01700000,0.97980000,0.98910000,874966.41935000
2026-03-16 17:00:00,0.98910000,1.01390000,0.98510000,1.00540000,366757.99704000
2026-03-16 21:00:00,1.00540000,1.02860000,1.00290000,1.01900000,510728.80692000
2026-03-17 01:00:00,1.01900000,1.02190000,0.98840000,0.99530000,345409.06572000
2026-03-17 05:00:00,0.99530000,1.00020000,0.98100000,0.99820000,249952.11160000
2026-03-17 09:00:00,0.99820000,1.00400000,0.99210000,0.99280000,181961.09026000
2026-03-17 13:00:00,0.99280000,0.99900000,0.98260000,0.99090000,231518.99796000
2026-03-17 17:00:00,0.99090000,1.00080000,0.99070000,0.99220000,148660.68132000
2026-03-17 21:00:00,0.99220000,1.01310000,0.99110000,1.00460000,269001.18000000
2026-03-18 01:00:00,1.00460000,1.01640000,0.99630000,1.01040000,239251.31453000
2026-03-18 05:00:00,1.01040000,1.01690000,0.99890000,1.00370000,113489.60236000
2026-03-18 09:00:00,1.00370000,1.01490000,0.98110000,0.98310000,285783.41972000
2026-03-18 13:00:00,0.98310000,0.98310000,0.93800000,0.95020000,651586.39040000
2026-03-18 17:00:00,0.95020000,0.96510000,0.94260000,0.95230000,394935.63958000
2026-03-18 21:00:00,0.95230000,0.99090000,0.94410000,0.98930000,372313.19721000
2026-03-19 01:00:00,0.98930000,0.99350000,0.97230000,0.97930000,262789.51922000
2026-03-19 05:00:00,0.97930000,0.98690000,0.95720000,0.96510000,297709.64499000
2026-03-19 09:00:00,0.96510000,0.97290000,0.95960000,0.96480000,203816.43873000
2026-03-19 13:00:00,0.96480000,0.96590000,0.92260000,0.93780000,598374.25645000
2026-03-19 17:00:00,0.93780000,0.94600000,0.93190000,0.94470000,242049.30375000
2026-03-19 21:00:00,0.94470000,0.94980000,0.93620000,0.94800000,152389.23014000
2026-03-20 01:00:00,0.94800000,0.96740000,0.94570000,0.96060000,211271.44491000
2026-03-20 05:00:00,0.96060000,1.02550000,0.95840000,0.98710000,742359.30271000
2026-03-20 09:00:00,0.98710000,1.01250000,0.98150000,0.99370000,625545.54545000
2026-03-20 13:00:00,0.99370000,1.02180000,0.97650000,1.00510000,720056.34781000
2026-03-20 17:00:00,1.00510000,1.01000000,0.98530000,0.99780000,497673.67868000
2026-03-20 21:00:00,0.99780000,1.00420000,0.98510000,0.99030000,293798.43404000
2026-03-21 01:00:00,0.99030000,0.99650000,0.98360000,0.98460000,168948.08977000
2026-03-21 05:00:00,0.98460000,1.01360000,0.98140000,1.00580000,295818.14437000
2026-03-21 09:00:00,1.00580000,1.02540000,0.99260000,0.99680000,542200.69134000
2026-03-21 13:00:00,0.99680000,1.01080000,0.99530000,1.00960000,207348.16028000
2026-03-21 17:00:00,1.00960000,1.01700000,0.99540000,0.99990000,200674.33530000
2026-03-21 21:00:00,0.99990000,1.00180000,0.96490000,0.97150000,273833.32316000
2026-03-22 01:00:00,0.97150000,0.98330000,0.95580000,0.97470000,512010.32055000
2026-03-22 05:00:00,0.97470000,0.98610000,0.96160000,0.96190000,204814.85068000
2026-03-22 09:00:00,0.96190000,0.96220000,0.93170000,0.93380000,768634.68318000
2026-03-22 13:00:00,0.93380000,0.93930000,0.92450000,0.92960000,1016845.89181000
2026-03-22 17:00:00,0.92960000,0.93300000,0.91130000,0.91560000,472875.77594000
2026-03-22 21:00:00,0.91560000,0.93240000,0.91460000,0.92780000,374902.53004000
2026-03-23 01:00:00,0.92780000,0.95420000,0.92630000,0.94890000,352272.42602000
2026-03-23 05:00:00,0.94890000,0.95020000,0.90770000,0.91510000,408857.53954000
2026-03-23 09:00:00,0.91510000,0.96810000,0.90530000,0.94100000,957772.31074000
2026-03-23 13:00:00,0.94100000,0.98220000,0.93530000,0.97470000,498891.94920000
2026-03-23 17:00:00,0.97470000,1.01710000,0.97270000,1.00450000,900563.33967000
2026-03-23 21:00:00,1.00450000,1.07610000,1.00310000,1.06840000,1846511.91686000
2026-03-24 01:00:00,1.06840000,1.07360000,1.03690000,1.05610000,835372.82749000
2026-03-24 05:00:00,1.05610000,1.08600000,1.03780000,1.05600000,1416192.80431000
2026-03-24 09:00:00,1.05600000,1.08020000,1.04930000,1.05500000,1040122.95309000
2026-03-24 13:00:00,1.05500000,1.05810000,1.02340000,1.03230000,862432.62498000
2026-03-24 17:00:00,1.03230000,1.06140000,1.02960000,1.05290000,721577.67084000
2026-03-24 21:00:00,1.05290000,1.12390000,1.04940000,1.11450000,1278798.95966000
2026-03-25 01:00:00,1.11450000,1.11760000,1.05750000,1.06170000,545024.19215000
2026-03-25 05:00:00,1.06170000,1.07640000,1.04920000,1.06370000,424914.63513000
2026-03-25 09:00:00,1.06370000,1.08550000,1.06130000,1.07880000,448438.64449000
2026-03-25 13:00:00,1.07880000,1.08400000,1.06340000,1.06740000,721024.25425000
2026-03-25 17:00:00,1.06740000,1.08660000,1.06570000,1.07600000,409114.31931000
2026-03-25 21:00:00,1.07600000,1.07630000,1.05340000,1.05740000,298405.19821000
2026-03-26 01:00:00,1.05740000,1.06680000,1.03560000,1.03870000,377359.10650000
2026-03-26 05:00:00,1.03870000,1.04340000,1.02510000,1.03090000,329369.51066000
2026-03-26 09:00:00,1.03090000,1.03550000,1.02500000,1.02940000,312960.93123000
2026-03-26 13:00:00,1.02940000,1.05750000,1.02490000,1.03450000,479594.08744000
2026-03-26 17:00:00,1.03450000,1.03890000,1.02650000,1.02950000,298903.64251000
2026-03-26 21:00:00,1.02950000,1.04280000,1.01430000,1.03300000,426212.75579000
2026-03-27 01:00:00,1.03300000,1.03790000,1.01710000,1.02060000,246332.30929000
2026-03-27 05:00:00,1.02060000,1.02370000,1.00920000,1.02360000,272893.41423000
2026-03-27 09:00:00,1.02360000,1.02400000,0.98080000,0.98720000,556020.77593000
2026-03-27 13:00:00,0.98720000,1.00310000,0.97770000,0.99310000,394031.97461000
2026-03-27 17:00:00,0.99310000,0.99450000,0.97070000,0.97530000,218209.15291000
2026-03-27 21:00:00,0.97530000,0.98540000,0.97280000,0.97500000,191077.66604000
2026-03-28 01:00:00,0.97500000,0.97860000,0.94350000,0.94590000,347681.28041000
2026-03-28 05:00:00,0.94590000,0.95360000,0.94420000,0.95320000,176241.80648000
2026-03-28 09:00:00,0.95320000,0.95480000,0.94510000,0.95040000,203802.05354000
2026-03-28 13:00:00,0.95040000,0.96630000,0.94550000,0.95230000,299885.10081000
2026-03-28 17:00:00,0.95230000,0.95490000,0.93830000,0.94220000,221181.79553000
2026-03-28 21:00:00,0.94220000,0.94640000,0.92290000,0.93010000,329894.67826000
2026-03-29 01:00:00,0.93010000,0.94310000,0.92360000,0.93830000,186974.04973000
2026-03-29 06:00:00,0.93830000,0.93840000,0.92750000,0.92940000,120018.97736000
2026-03-29 10:00:00,0.92940000,0.93140000,0.92170000,0.92530000,179978.14497000
2026-03-29 14:00:00,0.92530000,0.92660000,0.91460000,0.91830000,256863.83947000
2026-03-29 18:00:00,0.91830000,0.92170000,0.91040000,0.91480000,175344.61218000
2026-03-29 22:00:00,0.91480000,0.92790000,0.89240000,0.92150000,340606.14751000
2026-03-30 02:00:00,0.92150000,0.94760000,0.91560000,0.94330000,277857.53356000
2026-03-30 06:00:00,0.94330000,0.94870000,0.93040000,0.94470000,225445.71112000
2026-03-30 10:00:00,0.94470000,0.95010000,0.93210000,0.93470000,287955.66138000
2026-03-30 14:00:00,0.93470000,0.93640000,0.91220000,0.91350000,364524.49423000
2026-03-30 18:00:00,0.91350000,0.91590000,0.88800000,0.89380000,543403.11870000
2026-03-30 22:00:00,0.89380000,0.90330000,0.88270000,0.89010000,316189.96594000
2026-03-31 02:00:00,0.89010000,0.90730000,0.88410000,0.90080000,295917.23113000
2026-03-31 06:00:00,0.90080000,0.91220000,0.89960000,0.90670000,336056.14961000
2026-03-31 10:00:00,0.90670000,0.91480000,0.88960000,0.89940000,484991.76527000
2026-03-31 14:00:00,0.89940000,0.90490000,0.87130000,0.88180000,622023.54858000
2026-03-31 18:00:00,0.88180000,0.90370000,0.88050000,0.89720000,377123.28717000
2026-03-31 22:00:00,0.89720000,0.90090000,0.88610000,0.89200000,139210.22264000
2026-04-01 02:00:00,0.89200000,0.89970000,0.88640000,0.89740000,177131.90010000
2026-04-01 06:00:00,0.89740000,0.91600000,0.89440000,0.90840000,251149.89168000
2026-04-01 10:00:00,0.90840000,0.91100000,0.89560000,0.89920000,277769.22484000
2026-04-01 14:00:00,0.89920000,0.91150000,0.89330000,0.90660000,452199.96827000
2026-04-01 18:00:00,0.90660000,0.91670000,0.89830000,0.89960000,248217.33075000
2026-04-01 22:00:00,0.89960000,0.90180000,0.88580000,0.88990000,183305.38053000
2026-04-02 02:00:00,0.88990000,0.89620000,0.86080000,0.86350000,577152.35996000
2026-04-02 06:00:00,0.86350000,0.86910000,0.85670000,0.86740000,245416.89440000
2026-04-02 10:00:00,0.86740000,0.86760000,0.85490000,0.86280000,188736.84337000
2026-04-02 14:00:00,0.86280000,0.86930000,0.84760000,0.84890000,418517.67927000
2026-04-02 18:00:00,0.84890000,0.85740000,0.84380000,0.85230000,237993.35084000
2026-04-02 22:00:00,0.85230000,0.85960000,0.84870000,0.85870000,146637.39711000
2026-04-03 02:00:00,0.85870000,0.86690000,0.85470000,0.86490000,124630.36619000
2026-04-03 06:00:00,0.86490000,0.87190000,0.85920000,0.86330000,138998.84455000
2026-04-03 10:00:00,0.86330000,0.87190000,0.86220000,0.86700000,140235.05751000
2026-04-03 14:00:00,0.86700000,0.87180000,0.84840000,0.84900000,378030.42241000
2026-04-03 18:00:00,0.84900000,0.85270000,0.84170000,0.84930000,297794.24568000
2026-04-03 22:00:00,0.84930000,0.85240000,0.84530000,0.84790000,83711.92777000
2026-04-04 02:00:00,0.84790000,0.84860000,0.83770000,0.84370000,219318.29561000
2026-04-04 06:00:00,0.84370000,0.84560000,0.84050000,0.84250000,133907.86883000
2026-04-04 10:00:00,0.84250000,0.84500000,0.83830000,0.84450000,94233.77734000
2026-04-04 14:00:00,0.84450000,0.85280000,0.84080000,0.84670000,177730.50357000
2026-04-04 18:00:00,0.84670000,0.85270000,0.84160000,0.84650000,220600.86911000
2026-04-04 22:00:00,0.84650000,0.85030000,0.84620000,0.84930000,69760.51498000
2026-04-05 02:00:00,0.84930000,0.84940000,0.84380000,0.84460000,82803.45346000
2026-04-05 06:00:00,0.84460000,0.84510000,0.82840000,0.83310000,277211.92859000
2026-04-05 10:00:00,0.83310000,0.83710000,0.83020000,0.83360000,95107.40494000
2026-04-05 14:00:00,0.83360000,0.84270000,0.82540000,0.83600000,212412.72394000
2026-04-05 18:00:00,0.83600000,0.83980000,0.83050000,0.83390000,140406.53148000
2026-04-05 22:00:00,0.83390000,0.84980000,0.82900000,0.84970000,223977.15339000
2026-04-06 02:00:00,0.84970000,0.85770000,0.84270000,0.85270000,206284.59407000
2026-04-06 06:00:00,0.85270000,0.85820000,0.84890000,0.85720000,129258.80326000
2026-04-06 10:00:00,0.85720000,0.88000000,0.85690000,0.87420000,280500.36709000
2026-04-06 14:00:00,0.87420000,0.87960000,0.85680000,0.86400000,281533.20242000
2026-04-06 18:00:00,0.86400000,0.86420000,0.85390000,0.85530000,101164.15821000
2026-04-06 22:00:00,0.85530000,0.85840000,0.83020000,0.83770000,205110.37442000
2026-04-07 02:00:00,0.83770000,0.84070000,0.82780000,0.83390000,136879.31556000
2026-04-07 06:00:00,0.83390000,0.83690000,0.82640000,0.83370000,149565.49142000
2026-04-07 10:00:00,0.83370000,0.83890000,0.82720000,0.82900000,184647.45121000
2026-04-07 14:00:00,0.82900000,0.83440000,0.81940000,0.82080000,424101.89057000
2026-04-07 18:00:00,0.82080000,0.83610000,0.81720000,0.83600000,324566.53070000
2026-04-07 22:00:00,0.83600000,0.87990000,0.83160000,0.87130000,586713.21238000
2026-04-08 02:00:00,0.87130000,0.87440000,0.85970000,0.86700000,365081.97722000
2026-04-08 06:00:00,0.86700000,0.88350000,0.86720000,0.87680000,250597.47642000
2026-04-08 10:00:00,0.87680000,0.87720000,0.85850000,0.86220000,218771.72392000
2026-04-08 14:00:00,0.86220000,0.86470000,0.83810000,0.84370000,342989.74341000
2026-04-08 18:00:00,0.84370000,0.84890000,0.83500000,0.84000000,202412.84610000
2026-04-08 22:00:00,0.84000000,0.84420000,0.82760000,0.83100000,293822.88990000
2026-04-09 02:00:00,0.83100000,0.83210000,0.81230000,0.81990000,433977.62240000
2026-04-09 06:00:00,0.81990000,0.82990000,0.81850000,0.82520000,133890.76218000
2026-04-09 10:00:00,0.82520000,0.82920000,0.81910000,0.82390000,130728.79758000
2026-04-09 14:00:00,0.82390000,0.85070000,0.82170000,0.84720000,279090.10455000
2026-04-09 18:00:00,0.84720000,0.85400000,0.84070000,0.84670000,260260.47427000
2026-04-09 22:00:00,0.84670000,0.86990000,0.84240000,0.84570000,232569.91039000
2026-04-10 02:00:00,0.84570000,0.85030000,0.83270000,0.83460000,179748.89117000
2026-04-10 06:00:00,0.83460000,0.84770000,0.83310000,0.83460000,178908.03463000
2026-04-10 10:00:00,0.83460000,0.83940000,0.83120000,0.83450000,200451.79700000
2026-04-10 14:00:00,0.83450000,0.86560000,0.83360000,0.85860000,369777.77020000
2026-04-10 18:00:00,0.85860000,0.87430000,0.85680000,0.87280000,356525.11886000
2026-04-10 22:00:00,0.87280000,0.87740000,0.86310000,0.86770000,165840.11085000
2026-04-11 02:00:00,0.86770000,0.86810000,0.85480000,0.85610000,144275.17959000
2026-04-11 06:00:00,0.85610000,0.85750000,0.84590000,0.85140000,131184.34808000
2026-04-11 10:00:00,0.85140000,0.85700000,0.84410000,0.85410000,187141.13792000
2026-04-11 14:00:00,0.85410000,0.85720000,0.84440000,0.85620000,184540.27192000
2026-04-11 18:00:00,0.85620000,0.88000000,0.85620000,0.87940000,228246.60471000
2026-04-11 22:00:00,0.87940000,0.87990000,0.85890000,0.86280000,196979.66466000
2026-04-12 02:00:00,0.86280000,0.86290000,0.82580000,0.82990000,387421.27747000
2026-04-12 06:00:00,0.82990000,0.83070000,0.82420000,0.82730000,167685.38344000
2026-04-12 10:00:00,0.82730000,0.82720000,0.81480000,0.82280000,211915.79195000
2026-04-12 14:00:00,0.82280000,0.82790000,0.81530000,0.81990000,278003.43233000
2026-04-12 18:00:00,0.81990000,0.82840000,0.81580000,0.82070000,119853.75459000
2026-04-12 22:00:00,0.82070000,0.82630000,0.80540000,0.81030000,228327.00551000
2026-04-13 02:00:00,0.81030000,0.82160000,0.80960000,0.81950000,161878.13319000
2026-04-13 06:00:00,0.81950000,0.82440000,0.81070000,0.81660000,140192.67652000
2026-04-13 10:00:00,0.81660000,0.82480000,0.81430000,0.82370000,112355.15245000
2026-04-13 14:00:00,0.82370000,0.84970000,0.82110000,0.84870000,424570.26451000
2026-04-13 18:00:00,0.84870000,0.86430000,0.84630000,0.85730000,439755.69861000
2026-04-13 22:00:00,0.85730000,0.87620000,0.84220000,0.87290000,400774.55179000
2026-04-14 02:00:00,0.87290000,0.87600000,0.86610000,0.87030000,231856.47639000
2026-04-14 06:00:00,0.87030000,0.87480000,0.86190000,0.86380000,176484.35152000
2026-04-14 10:00:00,0.86380000,0.86990000,0.85810000,0.85860000,363120.36225000
2026-04-14 14:00:00,0.85860000,0.87580000,0.85640000,0.87360000,464228.15041000
2026-04-14 18:00:00,0.87360000,0.88160000,0.84760000,0.85550000,387161.13040000
2026-04-14 22:00:00,0.85550000,0.86150000,0.85260000,0.85910000,186954.69730000
2026-04-15 02:00:00,0.85910000,0.86670000,0.85880000,0.86570000,123577.09330000
2026-04-15 06:00:00,0.86570000,0.87240000,0.85190000,0.85420000,168763.59846000
2026-04-15 10:00:00,0.85420000,0.88120000,0.85360000,0.87650000,170646.63931000
2026-04-15 14:00:00,0.87650000,0.90300000,0.87490000,0.90270000,737084.61093000
2026-04-15 18:00:00,0.90270000,0.93410000,0.89380000,0.89900000,1339240.88693000
2026-04-15 22:00:00,0.89900000,0.90300000,0.88890000,0.89480000,271452.67660000
2026-04-16 02:00:00,0.89480000,0.90970000,0.87740000,0.90770000,481802.82506000
2026-04-16 06:00:00,0.90770000,0.93180000,0.90370000,0.92540000,517370.21638000
2026-04-16 10:00:00,0.92540000,0.93430000,0.91750000,0.92710000,494726.36672000
2026-04-16 14:00:00,0.92710000,0.98810000,0.91510000,0.98680000,1126027.36395000
2026-04-16 18:00:00,0.98680000,1.00750000,0.96090000,0.98990000,871099.90807000
2026-04-16 22:00:00,0.98990000,1.00510000,0.97910000,1.00030000,355217.81466000
2026-04-17 02:00:00,1.00030000,1.00350000,0.97130000,0.98000000,280235.73532000
2026-04-17 06:00:00,0.98000000,1.00230000,0.96260000,1.00140000,301456.32166000
2026-04-17 10:00:00,1.00140000,1.01540000,0.96890000,0.97100000,709794.80997000
2026-04-17 14:00:00,0.97100000,1.01180000,0.97030000,0.99590000,605972.71047000
2026-04-17 18:00:00,0.99590000,1.01300000,0.99360000,1.00540000,400261.43297000
2026-04-17 22:00:00,1.00540000,1.01690000,0.99140000,0.99690000,290338.40065000
2026-04-18 02:00:00,0.99690000,1.00200000,0.97740000,0.98160000,257973.93239000
2026-04-18 06:00:00,0.98160000,0.98990000,0.97670000,0.98110000,168190.96681000
2026-04-18 10:00:00,0.98110000,0.98440000,0.94840000,0.95060000,337322.86013000
2026-04-18 14:00:00,0.95060000,0.95390000,0.93550000,0.94350000,400773.27848000
2026-04-18 18:00:00,0.94350000,0.95010000,0.93280000,0.93690000,314889.25324000
2026-04-18 22:00:00,0.93690000,0.94610000,0.93420000,0.93510000,131070.44184000
2026-04-19 02:00:00,0.93510000,0.93740000,0.92050000,0.92570000,265164.49885000
2026-04-19 06:00:00,0.92570000,0.93580000,0.92050000,0.93000000,187198.07929000
2026-04-19 10:00:00,0.93000000,0.94510000,0.92680000,0.94150000,194022.20678000
2026-04-19 14:00:00,0.94150000,0.96080000,0.92670000,0.93670000,342661.48901000
2026-04-19 18:00:00,0.93670000,0.93850000,0.91890000,0.92740000,212205.01473000
2026-04-19 22:00:00,0.92740000,0.93260000,0.90850000,0.90990000,200545.04716000
2026-04-20 02:00:00,0.90990000,0.92700000,0.90910000,0.92300000,177202.46354000
2026-04-20 06:00:00,0.92300000,0.93450000,0.91230000,0.92600000,218629.85119000
2026-04-20 10:00:00,0.92600000,0.94150000,0.92390000,0.92800000,198116.70781000
2026-04-20 14:00:00,0.92800000,0.94480000,0.92430000,0.94280000,236528.96321000
2026-04-20 18:00:00,0.94280000,0.94870000,0.93510000,0.94150000,201519.92294000
2026-04-20 22:00:00,0.94150000,0.94950000,0.93330000,0.93500000,180109.30947000
2026-04-21 02:00:00,0.93500000,0.93950000,0.92380000,0.92690000,177591.45139000
2026-04-21 06:00:00,0.92690000,0.93830000,0.92540000,0.93400000,134413.76506000
2026-04-21 10:00:00,0.93400000,0.94870000,0.93220000,0.94370000,200313.17663000
2026-04-21 14:00:00,0.94370000,0.94450000,0.93000000,0.94110000,233638.41652000
2026-04-21 18:00:00,0.94110000,0.94420000,0.91670000,0.92020000,328459.41033000
2026-04-21 22:00:00,0.92020000,0.93890000,0.91980000,0.93890000,167901.72627000
2026-04-22 02:00:00,0.93890000,0.94480000,0.93070000,0.94210000,199312.99785000
2026-04-22 06:00:00,0.94210000,0.96210000,0.93780000,0.95320000,352991.95493000
2026-04-22 10:00:00,0.95320000,1.00480000,0.95260000,0.98450000,802629.81874000
2026-04-22 14:00:00,0.98450000,0.98580000,0.96460000,0.97170000,330029.48762000
2026-04-22 18:00:00,0.97170000,0.97620000,0.94920000,0.95500000,349733.81873000
2026-04-22 22:00:00,0.95500000,0.96080000,0.94390000,0.94460000,189769.69562000
2026-04-23 02:00:00,0.94460000,0.94890000,0.93160000,0.93810000,241984.40553000
2026-04-23 06:00:00,0.93810000,0.95800000,0.93630000,0.94780000,174584.56292000
2026-04-23 10:00:00,0.94780000,0.95120000,0.93770000,0.94550000,166307.63897000
2026-04-23 14:00:00,0.94550000,0.96090000,0.94360000,0.95690000,187293.07871000
2026-04-23 18:00:00,0.95690000,0.95770000,0.92530000,0.93280000,263600.07282000
2026-04-23 22:00:00,0.93280000,0.95460000,0.93250000,0.95140000,151414.71615000
2026-04-24 02:00:00,0.95140000,0.95810000,0.94040000,0.94510000,141436.34312000
2026-04-24 06:00:00,0.94510000,0.94930000,0.94030000,0.94510000,88977.05895000
2026-04-24 10:00:00,0.94510000,0.96410000,0.94340000,0.96240000,171528.24662000
2026-04-24 14:00:00,0.96240000,0.96670000,0.95160000,0.96460000,254820.49980000
2026-04-24 18:00:00,0.96460000,0.96960000,0.95610000,0.96960000,146086.76714000
2026-04-24 22:00:00,0.96960000,0.98740000,0.96640000,0.98680000,249883.82828000
2026-04-25 02:00:00,0.98680000,0.99640000,0.98010000,0.99180000,211979.78125000
2026-04-25 06:00:00,0.99180000,0.99680000,0.96820000,0.97130000,346373.93924000
2026-04-25 10:00:00,0.97130000,0.98050000,0.96730000,0.96960000,164147.70591000
2026-04-25 14:00:00,0.96960000,0.96980000,0.95840000,0.96040000,144251.28880000
2026-04-25 18:00:00,0.96040000,0.96420000,0.95530000,0.96020000,120176.67699000
2026-04-25 22:00:00,0.96020000,0.96790000,0.95830000,0.96680000,63449.35266000
2026-04-26 02:00:00,0.96680000,0.96740000,0.95700000,0.96200000,85444.07289000
2026-04-26 06:00:00,0.96200000,0.98110000,0.96060000,0.97950000,130167.63680000
2026-04-26 10:00:00,0.97950000,1.00160000,0.97670000,0.99020000,270629.75748000
2026-04-26 14:00:00,0.99020000,0.99240000,0.97560000,0.99180000,215802.22115000
2026-04-26 18:00:00,0.99180000,0.99380000,0.98280000,0.98620000,182596.58095000
2026-04-26 22:00:00,0.98620000,0.99330000,0.97810000,0.98260000,109200.49890000
2026-04-27 02:00:00,0.98260000,0.99430000,0.97760000,0.98690000,175219.18161000
2026-04-27 06:00:00,0.98690000,0.98690000,0.94910000,0.95200000,363929.10570000
2026-04-27 10:00:00,0.95200000,0.95870000,0.94770000,0.95780000,117761.76812000
2026-04-27 14:00:00,0.95780000,0.96830000,0.93900000,0.94580000,333619.88169000
2026-04-27 18:00:00,0.94580000,0.95540000,0.94290000,0.94940000,150125.02389000
2026-04-27 22:00:00,0.94940000,0.96770000,0.94940000,0.96590000,163160.81606000
2026-04-28 02:00:00,0.96590000,0.97590000,0.95950000,0.97520000,184596.64180000
2026-04-28 06:00:00,0.97520000,0.99450000,0.95450000,0.95830000,426987.76856000
2026-04-28 10:00:00,0.95830000,0.97160000,0.95570000,0.95950000,166659.51332000
2026-04-28 14:00:00,0.95950000,0.97310000,0.95520000,0.96390000,228210.10511000
2026-04-28 18:00:00,0.96390000,0.97200000,0.95920000,0.97010000,123892.02619000
2026-04-28 22:00:00,0.97010000,0.97300000,0.95970000,0.96560000,83474.32989000
2026-04-29 02:00:00,0.96560000,0.99180000,0.96250000,0.99100000,164486.37830000
2026-04-29 06:00:00,0.99100000,1.00980000,0.98920000,1.00030000,479358.13849000
2026-04-29 10:00:00,1.00030000,1.00850000,0.97560000,0.99250000,628457.56062000
2026-04-29 14:00:00,0.99250000,0.99340000,0.96530000,0.96770000,513136.88956000
2026-04-29 18:00:00,0.96770000,0.98360000,0.94570000,0.97050000,609319.41105000
2026-04-29 22:00:00,0.97050000,0.99870000,0.96810000,0.98980000,1017617.05304000
2026-04-30 02:00:00,0.98980000,1.03700000,0.98710000,1.03610000,693053.07575000
2026-04-30 06:00:00,1.03610000,1.03610000,0.98960000,1.00900000,600136.57145000
2026-04-30 10:00:00,1.00900000,1.01310000,0.99330000,0.99940000,288104.36908000
2026-04-30 14:00:00,0.99940000,1.01370000,0.97990000,0.99570000,563833.26325000
2026-04-30 18:00:00,0.99570000,1.00450000,0.98480000,0.98820000,385594.42221000
2026-04-30 22:00:00,0.98820000,0.99850000,0.98660000,0.99330000,222323.72979000
2026-05-01 02:00:00,0.99330000,1.03340000,0.99240000,1.02830000,466243.01692000
2026-05-01 06:00:00,1.02830000,1.04750000,1.02080000,1.02900000,465221.95822000
2026-05-01 10:00:00,1.02900000,1.03110000,1.00250000,1.00990000,280534.92421000
2026-05-01 14:00:00,1.00990000,1.02180000,1.00300000,1.00900000,516151.66032000
2026-05-01 18:00:00,1.00900000,1.01230000,0.99690000,0.99840000,257440.32465000
2026-05-01 22:00:00,0.99840000,0.99910000,0.98570000,0.98920000,241119.37566000
2026-05-02 02:00:00,0.98920000,1.01880000,0.98780000,1.00100000,708471.81727000
2026-05-02 06:00:00,1.00100000,1.00390000,0.98850000,0.99350000,230856.68552000
2026-05-02 10:00:00,0.99350000,1.00630000,0.98910000,0.99280000,176289.91893000
2026-05-02 14:00:00,0.99280000,1.00400000,0.99030000,1.00380000,124683.76933000
2026-05-02 18:00:00,1.00380000,1.00580000,0.99200000,1.00350000,188814.56846000
2026-05-02 22:00:00,1.00350000,1.01430000,1.00120000,1.00190000,195718.53004000
2026-05-03 02:00:00,1.00190000,1.00270000,0.97380000,0.97970000,489612.53953000
2026-05-03 06:00:00,0.97970000,0.98650000,0.97550000,0.98410000,128113.74391000
2026-05-03 10:00:00,0.98410000,0.99240000,0.97610000,0.98720000,163804.25838000
2026-05-03 14:00:00,0.98720000,0.99650000,0.98590000,0.99360000,178874.77199000
2026-05-03 18:00:00,0.99360000,0.99880000,0.98900000,0.99370000,146893.10564000
2026-05-03 22:00:00,0.99370000,1.00250000,0.98410000,0.98520000,261045.88537000
2026-05-04 02:00:00,0.98520000,1.01770000,0.97470000,1.01160000,528522.90276000
2026-05-04 06:00:00,1.01160000,1.02020000,0.99090000,0.99190000,320834.71499000
2026-05-04 10:00:00,0.99190000,0.99810000,0.96010000,0.97240000,486376.88682000
2026-05-04 14:00:00,0.97240000,0.99700000,0.96510000,0.97280000,480967.19303000
2026-05-04 18:00:00,0.97280000,0.98350000,0.96420000,0.97530000,259463.33119000
2026-05-04 22:00:00,0.97530000,0.97990000,0.96120000,0.96550000,157013.95455000
2026-05-05 02:00:00,0.96550000,0.97460000,0.95860000,0.97150000,194746.55013000
2026-05-05 06:00:00,0.97150000,0.98030000,0.96810000,0.97420000,176686.89643000
2026-05-05 10:00:00,0.97420000,0.99290000,0.97170000,0.99260000,305135.23054000
2026-05-05 14:00:00,0.99260000,0.99810000,0.96990000,0.97010000,605614.97325000
2026-05-05 18:00:00,0.97010000,0.97840000,0.95970000,0.97260000,593469.39832000
2026-05-05 22:00:00,0.97260000,1.00000000,0.97240000,0.99080000,426749.22235000
2026-05-06 02:00:00,0.99080000,1.02890000,0.98200000,1.01720000,445651.66133000
2026-05-06 06:00:00,1.01720000,1.02480000,1.00460000,1.01860000,366393.37429000
2026-05-06 10:00:00,1.01860000,1.06500000,1.01770000,1.04300000,824718.35404000
2026-05-06 14:00:00,1.04300000,1.04700000,1.00140000,1.02000000,752083.27972000
2026-05-06 18:00:00,1.02000000,1.02420000,1.00820000,1.01720000,293804.66051000
2026-05-06 22:00:00,1.01720000,1.03280000,1.00910000,1.02200000,225390.23615000
2026-05-07 02:00:00,1.02200000,1.02530000,0.99450000,0.99920000,377729.42941000
2026-05-07 06:00:00,0.99920000,1.03460000,0.99840000,1.02830000,408291.17497000
2026-05-07 10:00:00,1.02830000,1.02980000,1.01150000,1.02290000,254990.32971000
2026-05-07 14:00:00,1.02290000,1.03720000,0.99900000,1.00520000,519293.94134000
2026-05-07 18:00:00,1.00520000,1.03130000,1.00090000,1.02720000,296174.52949000
2026-05-07 22:00:00,1.02720000,1.03410000,1.01160000,1.02660000,240515.35577000
2026-05-08 02:00:00,1.02660000,1.04970000,1.01900000,1.04150000,448712.80107000
2026-05-08 06:00:00,1.04150000,1.05580000,1.02690000,1.04060000,387665.43440000
2026-05-08 10:00:00,1.04060000,1.06580000,1.03540000,1.06080000,493927.33629000
2026-05-08 14:00:00,1.06080000,1.07820000,1.04080000,1.07560000,766820.15596000
2026-05-08 18:00:00,1.07560000,1.12510000,1.06230000,1.11950000,769930.23186000
2026-05-08 22:00:00,1.11950000,1.14520000,1.11120000,1.12940000,527026.35425000
2026-05-09 02:00:00,1.12940000,1.14450000,1.11960000,1.13110000,381788.01867000
2026-05-09 06:00:00,1.13110000,1.13750000,1.11260000,1.11820000,324762.31985000
2026-05-09 10:00:00,1.11820000,1.12780000,1.09620000,1.10150000,351598.01821000
2026-05-09 14:00:00,1.10150000,1.10830000,1.09550000,1.09980000,366692.47282000
2026-05-09 18:00:00,1.09980000,1.11790000,1.09490000,1.11130000,319811.84328000
2026-05-09 22:00:00,1.11130000,1.11800000,1.09980000,1.10310000,172517.42786000
2026-05-10 02:00:00,1.10310000,1.10480000,1.08150000,1.09620000,363286.39342000
2026-05-10 06:00:00,1.09620000,1.10400000,1.09470000,1.09600000,161188.52700000
2026-05-10 10:00:00,1.09600000,1.12200000,1.09480000,1.10780000,362634.89260000
2026-05-10 14:00:00,1.10780000,1.12390000,1.10010000,1.12380000,322575.52303000
2026-05-10 18:00:00,1.12380000,1.23850000,1.12350000,1.21750000,2051700.49019000
2026-05-10 22:00:00,1.21750000,1.23460000,1.12320000,1.15320000,2313408.86752000
2026-05-11 02:00:00,1.15320000,1.15600000,1.09820000,1.11410000,672787.66154000
2026-05-11 06:00:00,1.11410000,1.14050000,1.10660000,1.12910000,508720.10705000
2026-05-11 10:00:00,1.12910000,1.14270000,1.11210000,1.12350000,523660.54337000
2026-05-11 14:00:00,1.12350000,1.13330000,1.10380000,1.12720000,616921.17602000
2026-05-11 18:00:00,1.12720000,1.14160000,1.11850000,1.13930000,367025.90235000
2026-05-11 22:00:00,1.13930000,1.14290000,1.12450000,1.12850000,253313.71744000
2026-05-12 02:00:00,1.12850000,1.13260000,1.09510000,1.10290000,388581.56841000
2026-05-12 06:00:00,1.10290000,1.12470000,1.09970000,1.11120000,264176.93313000
2026-05-12 10:00:00,1.11120000,1.11220000,1.08410000,1.09040000,437804.61130000
2026-05-12 14:00:00,1.09040000,1.09270000,1.06030000,1.06640000,633275.02117000
2026-05-12 18:00:00,1.06640000,1.08760000,1.05680000,1.08290000,298408.46610000
2026-05-12 22:00:00,1.08290000,1.09060000,1.07930000,1.08110000,139598.26417000
2026-05-13 02:00:00,1.08110000,1.10640000,1.07710000,1.10540000,294779.97266000
2026-05-13 10:00:00,1.10540000,1.12730000,1.09270000,1.09580000,429168.60541000
2026-05-13 14:00:00,1.09580000,1.09830000,1.03150000,1.03410000,874600.41641000
2026-05-13 18:00:00,1.03410000,1.05600000,1.03390000,1.04450000,326167.72197000
2026-05-13 22:00:00,1.04450000,1.05160000,1.03370000,1.04440000,133362.99859000
2026-05-14 02:00:00,1.04440000,1.05050000,1.02100000,1.02320000,339873.12927000
2026-05-14 06:00:00,1.02320000,1.03990000,1.02080000,1.03180000,395252.68647000
2026-05-14 10:00:00,1.03180000,1.03790000,1.02570000,1.02750000,168953.04755000
2026-05-14 14:00:00,1.02750000,1.06460000,1.02680000,1.06340000,380648.48967000
2026-05-14 18:00:00,1.06340000,1.07790000,1.05100000,1.06650000,366716.20715000
2026-05-14 22:00:00,1.06650000,1.06780000,1.04910000,1.05180000,415639.68724000
2026-05-15 02:00:00,1.05180000,1.05980000,1.03680000,1.04310000,264813.49524000
2026-05-15 06:00:00,1.04310000,1.04320000,1.00840000,1.02150000,574604.00135000
2026-05-15 10:00:00,1.02150000,1.02370000,1.01060000,1.01660000,344816.88161000
2026-05-15 14:00:00,1.01660000,1.01880000,0.96890000,0.98310000,785028.84457000
2026-05-15 18:00:00,0.98310000,1.00200000,0.98030000,0.99450000,227593.81499000
2026-05-15 22:00:00,0.99450000,0.99510000,0.98550000,0.98740000,106193.16668000
2026-05-16 02:00:00,0.98740000,0.99180000,0.98440000,0.98540000,82572.02356000
2026-05-16 06:00:00,0.98540000,0.98580000,0.94280000,0.95830000,581314.72917000
2026-05-16 10:00:00,0.95830000,0.96250000,0.94000000,0.94770000,290665.72703000
2026-05-16 14:00:00,0.94770000,0.95970000,0.94530000,0.95720000,435667.09014000
2026-05-16 18:00:00,0.95720000,0.96190000,0.94940000,0.95050000,118052.04623000
2026-05-16 22:00:00,0.95050000,0.95210000,0.94420000,0.94480000,150740.78788000
2026-05-17 02:00:00,0.94480000,0.94680000,0.93350000,0.94210000,146665.41010000
2026-05-17 06:00:00,0.94210000,0.96140000,0.94110000,0.95620000,222761.30394000
2026-05-17 10:00:00,0.95620000,0.96890000,0.95120000,0.96520000,318941.33937000
2026-05-17 14:00:00,0.96520000,0.96870000,0.93470000,0.94020000,418453.43542000
2026-05-17 18:00:00,0.94020000,0.94700000,0.92980000,0.94590000,223474.48773000
2026-05-17 22:00:00,0.94590000,0.95390000,0.89510000,0.92920000,597321.50820000
2026-05-18 02:00:00,0.92920000,0.93850000,0.92090000,0.93060000,293341.75396000
2026-05-18 06:00:00,0.93060000,0.93770000,0.91640000,0.92190000,269779.26164000
2026-05-18 10:00:00,0.92190000,0.93460000,0.91520000,0.92940000,279871.02307000
2026-05-18 14:00:00,0.92940000,0.94180000,0.91620000,0.92140000,763065.45600000
2026-05-18 18:00:00,0.92140000,0.94040000,0.91460000,0.93830000,614102.79053000
2026-05-18 22:00:00,0.93830000,0.94870000,0.93170000,0.94760000,260092.84448000
2026-05-19 02:00:00,0.94760000,0.95510000,0.93770000,0.94360000,214308.64531000
2026-05-19 06:00:00,0.94360000,0.95310000,0.93850000,0.95070000,110989.68523000
2026-05-19 10:00:00,0.95070000,0.95190000,0.93240000,0.93390000,344899.20000000
2026-05-19 14:00:00,0.93390000,0.94710000,0.92690000,0.93550000,331517.04748000
2026-05-19 18:00:00,0.93550000,0.94390000,0.93120000,0.93320000,116498.17147000
2026-05-19 22:00:00,0.93320000,0.93780000,0.92670000,0.92930000,62698.60903000
2026-05-20 02:00:00,0.92930000,0.93470000,0.92460000,0.93150000,124157.63326000
2026-05-20 06:00:00,0.93150000,0.94620000,0.93070000,0.94190000,134122.22466000
2026-05-20 10:00:00,0.94190000,0.94680000,0.93360000,0.93600000,127899.47687000
2026-05-20 14:00:00,0.93600000,0.95690000,0.92880000,0.95490000,324326.52786000
2026-05-20 18:00:00,0.95490000,0.95980000,0.94690000,0.95590000,387257.04916000
2026-05-20 22:00:00,0.95590000,0.95860000,0.94330000,0.95030000,149637.77265000
2026-05-21 02:00:00,0.95030000,0.96780000,0.94870000,0.96640000,318951.17354000
2026-05-21 06:00:00,0.96640000,0.96890000,0.95230000,0.96180000,194119.79386000
2026-05-21 10:00:00,0.96180000,0.97040000,0.94530000,0.94820000,217392.16634000
2026-05-21 14:00:00,0.94820000,0.96050000,0.94360000,0.95760000,367249.65364000
2026-05-21 18:00:00,0.95760000,0.98120000,0.95410000,0.97760000,476139.02142000
2026-05-21 22:00:00,0.97760000,0.98320000,0.96860000,0.97280000,173830.79681000
2026-05-22 02:00:00,0.97280000,0.98210000,0.96290000,0.98020000,138124.53224000
2026-05-22 06:00:00,0.98020000,0.99010000,0.96940000,0.97920000,197435.56990000
2026-05-22 10:00:00,0.97920000,0.99240000,0.97660000,0.99120000,222252.36286000
2026-05-22 14:00:00,0.99120000,1.00190000,0.97020000,0.97960000,452543.45876000
2026-05-22 18:00:00,0.97960000,0.98780000,0.93620000,0.94510000,514029.64389000
2026-05-22 22:00:00,0.94510000,0.95770000,0.93160000,0.93930000,277060.71843000
2026-05-23 02:00:00,0.93930000,0.94880000,0.93190000,0.94560000,190507.44274000
2026-05-23 06:00:00,0.94560000,0.94570000,0.89900000,0.91180000,327923.91056000
2026-05-23 10:00:00,0.91180000,0.91540000,0.90480000,0.90890000,227987.05932000
2026-05-23 14:00:00,0.90890000,0.94500000,0.90770000,0.94280000,223663.07941000
2026-05-23 18:00:00,0.94280000,0.97430000,0.94020000,0.96350000,292821.36090000
2026-05-23 22:00:00,0.96350000,1.00080000,0.96090000,0.96970000,535851.19905000
2026-05-24 02:00:00,0.96970000,0.97190000,0.95780000,0.96030000,202758.02695000
2026-05-24 06:00:00,0.96030000,0.96680000,0.95180000,0.96050000,160902.11790000
2026-05-24 10:00:00,0.96050000,0.96830000,0.95740000,0.96040000,181990.03740000
2026-05-24 14:00:00,0.96040000,0.96050000,0.93350000,0.94910000,238617.61154000
2026-05-24 18:00:00,0.94910000,0.95320000,0.94440000,0.94790000,101215.90194000
2026-05-24 22:00:00,0.94790000,0.94840000,0.92530000,0.94470000,224153.26317000
2026-05-25 02:00:00,0.94470000,0.95020000,0.93860000,0.94040000,152685.81784000
2026-05-25 06:00:00,0.94040000,0.96420000,0.93830000,0.96080000,186152.93598000
2026-05-25 10:00:00,0.96080000,0.96780000,0.95810000,0.95900000,130580.75861000
2026-05-25 14:00:00,0.95900000,0.97920000,0.95660000,0.97910000,246276.75914000
2026-05-25 18:00:00,0.97910000,0.98880000,0.97280000,0.97840000,333930.75523000
2026-05-25 22:00:00,0.97840000,0.98310000,0.96070000,0.96720000,205487.97497000
2026-05-26 02:00:00,0.96720000,0.96910000,0.94970000,0.95720000,217962.24242000
2026-05-26 06:00:00,0.95720000,0.98740000,0.95470000,0.97410000,302349.67876000
2026-05-26 10:00:00,0.97410000,1.00060000,0.97360000,0.99480000,560822.80821000
2026-05-26 14:00:00,0.99480000,1.00950000,0.97840000,0.98880000,551532.64766000
2026-05-26 18:00:00,0.98880000,0.98910000,0.96140000,0.97240000,331206.29295000
2026-05-26 22:00:00,0.97240000,0.97730000,0.96530000,0.97130000,153033.63408000
2026-05-27 02:00:00,0.97130000,0.98130000,0.96270000,0.96740000,252925.93520000
2026-05-27 06:00:00,0.96740000,0.98150000,0.95290000,0.97720000,343938.75214000
2026-05-27 10:00:00,0.97720000,0.98580000,0.96280000,0.96660000,287546.03290000
2026-05-27 14:00:00,0.96660000,1.00420000,0.94940000,0.99640000,621767.39706000
2026-05-27 18:00:00,0.99640000,1.00090000,0.95990000,0.97370000,336874.01617000
2026-05-27 22:00:00,0.97370000,0.97810000,0.94090000,0.94980000,288344.87390000
2026-05-28 02:00:00,0.94980000,0.95450000,0.91330000,0.91580000,425523.06923000
2026-05-28 06:00:00,0.91580000,0.92140000,0.89950000,0.91780000,414321.73814000
2026-05-28 10:00:00,0.91780000,0.93240000,0.90950000,0.92580000,417477.01743000
2026-05-28 14:00:00,0.92580000,0.94110000,0.90260000,0.91990000,385418.37618000
2026-05-28 18:00:00,0.91990000,0.95050000,0.91250000,0.93940000,214193.79276000
2026-05-28 22:00:00,0.93940000,0.95190000,0.92880000,0.93980000,155758.25733000
2026-05-29 02:00:00,0.93980000,0.95350000,0.92380000,0.92500000,275026.37843000
2026-05-29 06:00:00,0.92500000,0.94100000,0.91680000,0.92450000,416175.63789000
2026-05-29 10:00:00,0.92450000,0.93020000,0.90910000,0.91400000,192792.28186000
2026-05-29 14:00:00,0.91400000,0.94730000,0.88870000,0.94210000,839322.44043000
2026-05-29 18:00:00,0.94210000,0.95310000,0.92030000,0.93440000,485945.75395000
2026-05-29 22:00:00,0.93440000,0.93930000,0.92400000,0.93710000,165395.54161000
2026-05-30 02:00:00,0.93710000,0.97410000,0.93310000,0.95880000,425263.96504000
2026-05-30 06:00:00,0.95880000,0.96320000,0.93170000,0.94510000,264319.05380000
2026-05-30 10:00:00,0.94510000,0.94770000,0.93370000,0.93870000,185403.43209000
2026-05-30 14:00:00,0.93870000,0.94930000,0.93480000,0.93990000,216341.78950000
2026-05-30 18:00:00,0.93990000,0.94840000,0.93800000,0.94440000,111377.57239000
2026-05-30 22:00:00,0.94440000,0.95020000,0.93390000,0.93990000,151251.75598000
2026-05-31 02:00:00,0.93990000,0.95150000,0.93630000,0.95010000,185056.85872000
2026-05-31 06:00:00,0.95010000,0.95490000,0.93410000,0.93850000,169614.90324000
2026-05-31 10:00:00,0.93850000,0.94610000,0.92840000,0.94010000,211142.36432000
2026-05-31 14:00:00,0.94010000,0.94330000,0.91750000,0.92180000,264530.26422000
2026-05-31 18:00:00,0.92180000,0.92400000,0.91390000,0.91940000,143031.25688000
2026-05-31 22:00:00,0.91940000,0.95540000,0.91950000,0.94610000,207096.62692000
2026-06-01 02:00:00,0.94610000,0.96010000,0.92970000,0.95310000,278745.76200000
2026-06-01 06:00:00,0.95310000,0.95750000,0.91700000,0.91810000,288012.94837000
2026-06-01 10:00:00,0.91810000,0.93020000,0.91280000,0.92190000,205507.99557000
2026-06-01 14:00:00,0.92190000,0.92690000,0.90020000,0.91150000,445231.53094000
2026-06-01 18:00:00,0.91150000,0.95020000,0.90420000,0.94790000,371885.50812000
2026-06-01 22:00:00,0.94790000,0.94930000,0.92440000,0.94230000,186302.98171000
2026-06-02 02:00:00,0.94230000,0.94330000,0.90360000,0.93530000,270129.66448000
2026-06-02 06:00:00,0.93530000,0.93810000,0.89710000,0.90560000,297437.82080000
2026-06-02 10:00:00,0.90560000,0.91440000,0.89800000,0.90440000,254514.71782000
2026-06-02 14:00:00,0.90440000,0.91630000,0.83930000,0.85270000,951803.75262000
2026-06-02 18:00:00,0.85270000,0.87290000,0.82390000,0.84470000,529653.63535000
2026-06-02 22:00:00,0.84470000,0.85240000,0.80570000,0.82430000,442369.91640000
2026-06-03 02:00:00,0.82430000,0.83710000,0.80990000,0.81390000,283576.51981000
2026-06-03 06:00:00,0.81390000,0.85880000,0.81360000,0.85640000,324484.96741000
2026-06-03 10:00:00,0.85640000,0.86970000,0.84390000,0.85720000,346506.80325000
2026-06-03 14:00:00,0.85720000,0.86030000,0.84110000,0.84280000,252177.72405000
2026-06-03 18:00:00,0.84280000,0.84430000,0.81700000,0.81900000,324847.32148000
2026-06-03 22:00:00,0.81900000,0.83630000,0.80250000,0.81080000,467083.46339000
2026-06-04 02:00:00,0.81080000,0.81770000,0.73160000,0.78900000,913699.52403000
2026-06-04 06:00:00,0.78900000,0.79440000,0.76250000,0.76360000,394229.92239000
2026-06-04 10:00:00,0.76360000,0.76850000,0.73100000,0.74610000,578996.50902000
2026-06-04 14:00:00,0.74610000,0.78460000,0.73810000,0.77330000,575522.09541000
2026-06-04 18:00:00,0.77330000,0.77930000,0.75720000,0.76890000,311416.93083000
2026-06-04 22:00:00,0.76890000,0.76930000,0.73650000,0.75360000,328158.91905000
2026-06-05 02:00:00,0.75360000,0.75640000,0.71690000,0.72130000,365921.23192000
2026-06-05 06:00:00,0.72130000,0.74350000,0.67450000,0.70810000,789422.82975000
2026-06-05 10:00:00,0.70810000,0.71060000,0.69100000,0.69400000,297033.34181000
2026-06-05 14:00:00,0.69400000,0.70320000,0.65970000,0.66580000,649588.68425000
2026-06-05 18:00:00,0.66580000,0.68610000,0.63110000,0.65560000,734071.88446000
2026-06-05 22:00:00,0.65560000,0.68330000,0.64820000,0.66590000,387289.77404000
2026-06-06 02:00:00,0.66590000,0.67740000,0.64820000,0.64980000,264042.73784000
2026-06-06 06:00:00,0.64980000,0.66070000,0.61490000,0.65470000,452571.94981000
2026-06-06 10:00:00,0.65470000,0.66800000,0.63910000,0.65220000,226091.46520000
2026-06-06 14:00:00,0.65220000,0.67700000,0.64440000,0.65420000,470546.98016000
2026-06-06 18:00:00,0.65420000,0.65590000,0.64380000,0.64650000,212717.08650000
2026-06-06 22:00:00,0.64650000,0.65760000,0.64370000,0.65560000,134895.35588000
2026-06-07 02:00:00,0.65560000,0.67810000,0.65540000,0.67390000,153079.02086000
2026-06-07 06:00:00,0.67390000,0.68310000,0.66950000,0.67960000,177702.89629000
2026-06-07 10:00:00,0.67960000,0.68700000,0.67020000,0.67290000,236252.58755000
2026-06-07 14:00:00,0.67290000,0.67890000,0.65510000,0.67160000,270143.47557000
2026-06-07 18:00:00,0.67160000,0.67370000,0.64690000,0.64960000,216737.41593000
2026-06-07 22:00:00,0.64960000,0.69330000,0.64750000,0.67080000,292526.52808000
2026-06-08 02:00:00,0.67080000,0.67710000,0.65670000,0.66710000,201541.93547000
2026-06-08 06:00:00,0.66710000,0.66880000,0.65380000,0.66680000,143965.55473000
2026-06-08 10:00:00,0.66680000,0.68420000,0.65770000,0.68050000,224444.75503000
2026-06-08 14:00:00,0.68050000,0.68640000,0.67250000,0.68160000,313854.35930000
2026-06-08 18:00:00,0.68160000,0.69230000,0.67590000,0.68100000,228086.90094000
2026-06-08 22:00:00,0.68100000,0.68640000,0.66810000,0.67190000,191789.65573000
2026-06-09 02:00:00,0.67190000,0.67240000,0.63840000,0.64480000,463853.22847000
2026-06-09 06:00:00,0.64480000,0.67280000,0.64330000,0.66970000,287965.59554000
2026-06-09 10:00:00,0.66970000,0.67190000,0.66090000,0.66790000,186952.35592000
2026-06-09 14:00:00,0.66790000,0.67590000,0.64920000,0.65180000,583174.12164000
2026-06-09 18:00:00,0.65180000,0.66460000,0.63960000,0.66260000,299833.76757000
2026-06-09 22:00:00,0.66260000,0.67050000,0.66040000,0.66440000,154443.47705000
2026-06-10 02:00:00,0.66440000,0.67130000,0.65480000,0.65810000,148190.75106000
2026-06-10 06:00:00,0.65810000,0.66090000,0.64870000,0.65630000,157853.30089000
2026-06-10 10:00:00,0.65630000,0.65660000,0.63210000,0.63710000,304966.76200000
2026-06-10 14:00:00,0.63710000,0.66280000,0.63420000,0.65330000,351003.94026000
2026-06-10 18:00:00,0.65330000,0.65470000,0.62850000,0.63120000,288182.22566000
2026-06-10 22:00:00,0.63120000,0.63230000,0.60720000,0.62040000,300003.43037000
2026-06-11 02:00:00,0.62040000,0.64190000,0.62030000,0.64000000,284957.96665000
2026-06-11 06:00:00,0.64000000,0.64320000,0.62910000,0.63490000,164391.75950000
2026-06-11 10:00:00,0.63490000,0.63900000,0.62840000,0.63260000,159406.39658000
2026-06-11 14:00:00,0.63260000,0.64010000,0.62270000,0.63090000,272152.48988000
2026-06-11 18:00:00,0.63090000,0.65560000,0.61810000,0.65130000,499460.10777000
2026-06-11 22:00:00,0.65130000,0.65790000,0.64290000,0.64590000,174241.96380000
2026-06-12 02:00:00,0.64590000,0.65250000,0.64070000,0.65240000,97977.89312000
2026-06-12 06:00:00,0.65240000,0.65520000,0.63230000,0.63590000,162933.14778000
2026-06-12 10:00:00,0.63590000,0.66920000,0.63570000,0.65800000,544425.09668000
2026-06-12 14:00:00,0.65800000,0.66930000,0.64150000,0.64260000,449731.27558000
2026-06-12 18:00:00,0.64260000,0.65740000,0.63890000,0.64510000,286702.75306000
2026-06-12 22:00:00,0.64510000,0.64820000,0.63540000,0.64200000,210945.32300000
2026-06-13 02:00:00,0.64200000,0.65720000,0.63980000,0.65470000,175182.11384000
2026-06-13 06:00:00,0.65470000,0.67590000,0.64910000,0.66820000,254040.44696000
2026-06-13 10:00:00,0.66820000,0.67490000,0.66210000,0.67190000,235430.98301000
2026-06-13 14:00:00,0.67190000,0.68460000,0.67030000,0.67920000,250563.71296000
2026-06-13 18:00:00,0.67920000,0.67970000,0.66860000,0.66990000,161812.24670000
2026-06-13 22:00:00,0.66990000,0.67790000,0.66710000,0.67070000,85246.66962000
2026-06-14 02:00:00,0.67070000,0.67310000,0.66400000,0.66720000,141786.24808000
2026-06-14 06:00:00,0.66720000,0.66910000,0.65760000,0.66240000,231118.15683000
2026-06-14 10:00:00,0.66240000,0.66880000,0.66090000,0.66230000,103497.99255000
2026-06-14 14:00:00,0.66230000,0.66410000,0.64430000,0.65030000,237359.83570000
2026-06-14 18:00:00,0.65030000,0.65460000,0.64500000,0.64810000,129125.44615000
2026-06-14 22:00:00,0.64810000,0.68490000,0.64740000,0.68020000,263658.14496000
2026-06-15 02:00:00,0.68020000,0.68590000,0.67370000,0.68310000,142590.89396000
2026-06-15 06:00:00,0.68310000,0.68930000,0.67790000,0.68210000,201780.65675000
2026-06-15 10:00:00,0.68210000,0.69730000,0.67670000,0.69230000,267699.14395000
2026-06-15 14:00:00,0.69230000,0.71540000,0.69010000,0.71400000,502487.15737000
2026-06-15 18:00:00,0.71400000,0.71420000,0.67960000,0.68250000,379109.65520000
2026-06-15 22:00:00,0.68250000,0.69520000,0.66970000,0.67840000,357427.26950000
2026-06-16 02:00:00,0.67840000,0.68180000,0.66110000,0.67510000,229852.72927000
2026-06-16 06:00:00,0.67510000,0.68420000,0.66660000,0.68370000,226936.81224000
2026-06-16 10:00:00,0.68370000,0.69610000,0.67770000,0.68170000,225624.04678000
2026-06-16 14:00:00,0.68170000,0.68670000,0.65310000,0.66610000,468084.75719000
2026-06-16 18:00:00,0.66610000,0.68090000,0.66080000,0.66680000,251037.28513000
2026-06-16 22:00:00,0.66680000,0.67670000,0.66410000,0.66860000,115880.44125000
2026-06-17 02:00:00,0.66860000,0.69040000,0.66570000,0.67640000,243844.73001000
2026-06-17 06:00:00,0.67640000,0.67840000,0.66030000,0.66520000,217813.95273000
2026-06-17 10:00:00,0.66520000,0.66610000,0.65380000,0.65940000,334567.45719000
2026-06-17 14:00:00,0.65940000,0.69330000,0.65750000,0.69150000,508037.69931000
2026-06-17 18:00:00,0.69150000,0.69580000,0.65390000,0.65740000,623504.86010000
2026-06-17 22:00:00,0.65740000,0.67560000,0.65350000,0.67200000,300225.45047000
2026-06-18 02:00:00,0.67200000,0.67880000,0.65560000,0.65730000,231692.82166000
2026-06-18 06:00:00,0.65730000,0.65810000,0.63650000,0.65170000,398026.96796000
2026-06-18 10:00:00,0.65170000,0.66000000,0.64480000,0.64680000,279767.19440000
2026-06-18 14:00:00,0.64680000,0.65510000,0.61870000,0.62080000,634482.05068000
2026-06-18 18:00:00,0.62080000,0.63570000,0.61890000,0.63440000,276509.02889000
2026-06-18 22:00:00,0.63440000,0.64430000,0.63290000,0.64220000,245389.26037000
2026-06-19 02:00:00,0.64220000,0.64860000,0.62870000,0.63340000,248624.40137000
2026-06-19 06:00:00,0.63340000,0.63340000,0.61330000,0.61740000,525351.55353000
2026-06-19 10:00:00,0.61740000,0.62550000,0.61720000,0.62340000,275115.20421000
2026-06-19 14:00:00,0.62340000,0.64150000,0.61910000,0.63940000,721906.52633000
2026-06-19 18:00:00,0.63940000,0.64300000,0.62430000,0.62660000,233194.28132000
2026-06-19 22:00:00,0.62660000,0.63500000,0.62540000,0.63360000,120589.68409000
2026-06-20 02:00:00,0.63360000,0.63780000,0.62210000,0.62510000,163183.08637000
2026-06-20 06:00:00,0.62510000,0.63970000,0.62370000,0.63460000,199205.24528000
2026-06-20 10:00:00,0.63460000,0.64290000,0.63200000,0.63770000,185410.29257000
2026-06-20 14:00:00,0.63770000,0.64390000,0.62600000,0.63820000,352294.19708000
2026-06-20 18:00:00,0.63820000,0.63850000,0.62650000,0.63350000,146730.84325000
2026-06-20 22:00:00,0.63350000,0.64940000,0.63230000,0.64530000,194219.85133000
2026-06-21 02:00:00,0.64530000,0.65850000,0.64380000,0.65390000,141383.17970000
2026-06-21 06:00:00,0.65390000,0.65700000,0.64560000,0.65290000,135742.56520000
2026-06-21 10:00:00,0.65290000,0.66660000,0.65000000,0.65240000,289529.71834000
2026-06-21 14:00:00,0.65240000,0.65870000,0.64950000,0.65730000,156288.25070000
2026-06-21 18:00:00,0.65730000,0.66120000,0.65140000,0.65970000,167568.90061000
2026-06-21 22:00:00,0.65970000,0.66430000,0.64380000,0.64740000,244033.30284000
2026-06-22 02:00:00,0.64740000,0.67790000,0.64660000,0.65770000,285402.12012000
2026-06-22 06:00:00,0.65770000,0.67670000,0.65620000,0.67250000,205787.14780000
2026-06-22 10:00:00,0.67250000,0.68130000,0.66400000,0.68110000,202665.64939000
2026-06-22 14:00:00,0.68110000,0.68580000,0.66610000,0.66790000,301260.73860000
2026-06-22 18:00:00,0.66790000,0.67450000,0.65880000,0.66140000,213360.45485000
2026-06-22 22:00:00,0.66140000,0.66490000,0.65080000,0.66090000,262892.08178000
2026-06-23 02:00:00,0.66090000,0.66150000,0.65080000,0.65790000,122693.11932000
2026-06-23 06:00:00,0.65790000,0.65880000,0.63000000,0.63600000,235323.14292000
2026-06-23 10:00:00,0.63600000,0.63850000,0.61490000,0.63170000,360911.96377000
2026-06-23 14:00:00,0.63170000,0.64280000,0.62720000,0.63240000,231732.45429000
2026-06-23 18:00:00,0.63240000,0.63880000,0.62940000,0.63740000,93675.33657000
2026-06-23 22:00:00,0.63740000,0.65270000,0.63750000,0.64540000,126775.06631000
2026-06-24 02:00:00,0.64540000,0.65550000,0.63940000,0.64110000,145189.46443000
2026-06-24 06:00:00,0.64110000,0.64960000,0.63450000,0.64540000,203330.37548000
2026-06-24 10:00:00,0.64540000,0.64860000,0.63180000,0.64120000,199994.58527000
2026-06-24 14:00:00,0.64120000,0.64210000,0.61290000,0.61470000,733335.34695000
2026-06-24 18:00:00,0.61470000,0.62310000,0.58730000,0.60750000,772294.49580000
2026-06-24 22:00:00,0.60750000,0.63930000,0.60640000,0.63080000,283733.06492000
2026-06-25 02:00:00,0.63080000,0.63280000,0.62250000,0.62380000,129059.10454000
2026-06-25 06:00:00,0.62380000,0.63770000,0.61940000,0.63770000,142313.26310000
2026-06-25 10:00:00,0.63770000,0.63850000,0.62200000,0.62320000,139771.02399000
2026-06-25 14:00:00,0.62320000,0.63120000,0.57030000,0.58810000,1015450.42416000
2026-06-25 18:00:00,0.58810000,0.60720000,0.58460000,0.59400000,460665.88705000
2026-06-25 22:00:00,0.59400000,0.60500000,0.59170000,0.59370000,155522.77923000
2026-06-26 02:00:00,0.59370000,0.59720000,0.56860000,0.59130000,335613.73970000
2026-06-26 06:00:00,0.59130000,0.60580000,0.58390000,0.60450000,171894.95497000
2026-06-26 10:00:00,0.60450000,0.60590000,0.58130000,0.58380000,244734.22500000
2026-06-26 14:00:00,0.58380000,0.60380000,0.57440000,0.60040000,304655.14872000
2026-06-26 18:00:00,0.60040000,0.61390000,0.59810000,0.60120000,229434.10662000
2026-06-26 22:00:00,0.60120000,0.60790000,0.59380000,0.59780000,117437.22917000
2026-06-27 02:00:00,0.59780000,0.60590000,0.59480000,0.60170000,107429.42530000
2026-06-27 06:00:00,0.60170000,0.60680000,0.60010000,0.60450000,87612.70592000
2026-06-27 10:00:00,0.60450000,0.60480000,0.59350000,0.59740000,148616.15597000
2026-06-27 14:00:00,0.59740000,0.60820000,0.59540000,0.60590000,214258.01000000
2026-06-27 18:00:00,0.60590000,0.60590000,0.58060000,0.58390000,282487.83369000
2026-06-27 22:00:00,0.58390000,0.58710000,0.57670000,0.58070000,131184.38742000
2026-06-28 02:00:00,0.58070000,0.58350000,0.57890000,0.58280000,93354.70406000
2026-06-28 06:00:00,0.58280000,0.58440000,0.57660000,0.58330000,153810.79528000
2026-06-28 10:00:00,0.58330000,0.59050000,0.58000000,0.58720000,153094.13119000
2026-06-28 14:00:00,0.58720000,0.59000000,0.58060000,0.58320000,130551.56823000
2026-06-28 18:00:00,0.58320000,0.58350000,0.56880000,0.57290000,266626.04846000
2026-06-28 22:00:00,0.57290000,0.58010000,0.56300000,0.57420000,224520.59191000
2026-06-29 02:00:00,0.57420000,0.58580000,0.56520000,0.58320000,210997.24946000
2026-06-29 06:00:00,0.58320000,0.58630000,0.56930000,0.57980000,133008.28988000
2026-06-29 10:00:00,0.57980000,0.58550000,0.57540000,0.57870000,212232.89581000
2026-06-29 14:00:00,0.57870000,0.58980000,0.57060000,0.58280000,491688.85153000
2026-06-29 18:00:00,0.58280000,0.59590000,0.57710000,0.58850000,263815.20389000
2026-06-29 22:00:00,0.58850000,0.58900000,0.57880000,0.58060000,105713.12334000
2026-06-30 02:00:00,0.58060000,0.58050000,0.56930000,0.57290000,216166.13012000
2026-06-30 06:00:00,0.57290000,0.57770000,0.57050000,0.57350000,108161.31723000
2026-06-30 10:00:00,0.57350000,0.57420000,0.56360000,0.56690000,533001.14826000
2026-06-30 14:00:00,0.56690000,0.57320000,0.55420000,0.56580000,1276554.44168000
2026-06-30 18:00:00,0.56580000,0.57490000,0.56280000,0.57120000,197160.69779000
2026-06-30 22:00:00,0.57120000,0.57340000,0.56640000,0.57150000,83388.14840000
2026-07-01 02:00:00,0.57150000,0.58570000,0.55790000,0.58450000,233204.22417000
2026-07-01 06:00:00,0.58450000,0.58740000,0.57290000,0.57950000,154224.65497000
2026-07-01 10:00:00,0.57950000,0.58950000,0.57540000,0.58640000,254698.42865000
2026-07-01 14:00:00,0.58640000,0.60340000,0.57770000,0.59820000,282202.18537000
2026-07-01 18:00:00,0.59820000,0.60020000,0.58580000,0.58690000,169206.42166000
2026-07-01 22:00:00,0.58690000,0.60310000,0.58430000,0.58610000,189916.58460000
2026-07-02 02:00:00,0.58610000,0.60350000,0.58310000,0.60280000,208474.29576000
2026-07-02 06:00:00,0.60280000,0.60750000,0.59730000,0.60640000,157341.21830000
2026-07-02 10:00:00,0.60640000,0.61860000,0.60560000,0.61580000,233100.49078000
2026-07-02 14:00:00,0.61580000,0.62560000,0.60900000,0.60990000,350429.69390000
2026-07-02 18:00:00,0.60990000,0.61370000,0.60590000,0.60810000,163815.32928000
2026-07-02 22:00:00,0.60810000,0.61060000,0.60610000,0.60890000,67017.56374000
2026-07-03 02:00:00,0.60890000,0.61950000,0.60720000,0.61690000,122527.84757000
2026-07-03 06:00:00,0.61690000,0.61940000,0.61280000,0.61830000,117691.44212000
2026-07-03 10:00:00,0.61830000,0.62490000,0.61770000,0.62370000,161461.45495000
2026-07-03 14:00:00,0.62370000,0.62600000,0.61130000,0.61590000,251727.74396000
2026-07-03 18:00:00,0.61590000,0.62520000,0.61380000,0.62290000,120641.13237000
2026-07-03 22:00:00,0.62290000,0.64440000,0.62270000,0.63750000,253935.95545000
2026-07-04 02:00:00,0.63750000,0.64620000,0.62980000,0.63670000,132960.82971000
2026-07-04 06:00:00,0.63670000,0.63800000,0.62430000,0.62690000,77938.75309000
2026-07-04 10:00:00,0.62690000,0.62780000,0.62140000,0.62380000,134925.72892000
2026-07-04 14:00:00,0.62380000,0.64160000,0.62380000,0.63730000,133519.72380000
2026-07-04 18:00:00,0.63730000,0.64410000,0.63250000,0.63700000,104672.36172000
2026-07-04 22:00:00,0.63700000,0.63880000,0.62550000,0.62740000,151559.27419000
2026-07-05 02:00:00,0.62740000,0.62800000,0.61200000,0.61600000,191828.62027000
2026-07-05 06:00:00,0.61600000,0.62210000,0.61230000,0.62130000,101968.51744000
2026-07-05 10:00:00,0.62130000,0.62290000,0.61290000,0.61660000,116180.97199000
2026-07-05 14:00:00,0.61660000,0.62770000,0.61390000,0.62590000,142062.21821000
2026-07-05 18:00:00,0.62590000,0.63230000,0.62420000,0.62880000,139079.16187000
2026-07-05 22:00:00,0.62880000,0.64090000,0.62590000,0.63310000,151633.29350000
2026-07-06 02:00:00,0.63310000,0.63510000,0.62220000,0.62660000,156005.38312000
2026-07-06 06:00:00,0.62660000,0.62720000,0.61450000,0.62260000,122752.49207000
2026-07-06 10:00:00,0.62260000,0.62550000,0.61590000,0.61610000,149548.05539000
2026-07-06 14:00:00,0.61610000,0.62950000,0.60130000,0.62780000,378958.94173000
2026-07-06 18:00:00,0.62780000,0.63390000,0.62640000,0.63160000,179339.33021000
2026-07-06 22:00:00,0.63160000,0.64520000,0.62830000,0.63130000,135572.44397000
2026-07-07 02:00:00,0.63130000,0.63710000,0.61890000,0.62060000,143256.37080000
2026-07-07 06:00:00,0.62060000,0.63760000,0.61820000,0.63420000,188929.75340000
2026-07-07 10:00:00,0.63420000,0.64700000,0.63290000,0.64600000,272674.85186000
2026-07-07 14:00:00,0.64600000,0.64890000,0.62450000,0.64760000,600938.57068000
2026-07-07 18:00:00,0.64760000,0.65130000,0.62770000,0.64430000,427928.11503000
2026-07-07 22:00:00,0.64430000,0.64570000,0.62440000,0.62820000,311154.80735000
2026-07-08 02:00:00,0.62820000,0.63510000,0.61040000,0.61470000,317620.54099000
2026-07-08 06:00:00,0.61470000,0.63390000,0.61190000,0.63290000,264363.67106000
2026-07-08 10:00:00,0.63290000,0.63390000,0.61110000,0.61790000,575010.20114000
2026-07-08 14:00:00,0.61790000,0.61820000,0.59410000,0.60020000,426657.53868000
2026-07-08 18:00:00,0.60020000,0.62660000,0.59970000,0.61990000,377202.07628000
2026-07-08 22:00:00,0.61990000,0.62160000,0.60940000,0.61610000,155926.69081000
2026-07-09 02:00:00,0.61610000,0.62780000,0.61290000,0.62060000,150296.46367000
2026-07-09 06:00:00,0.62060000,0.63740000,0.61880000,0.63130000,204263.13052000
2026-07-09 10:00:00,0.63130000,0.63260000,0.62460000,0.62990000,133225.36249000
2026-07-09 14:00:00,0.62990000,0.63190000,0.62260000,0.62830000,181820.58466000
2026-07-09 18:00:00,0.62830000,0.63230000,0.62390000,0.62540000,137441.02872000
2026-07-09 22:00:00,0.62540000,0.62790000,0.62200000,0.62480000,214143.28412000
2026-07-10 02:00:00,0.62480000,0.63650000,0.61870000,0.63230000,187739.89676000
2026-07-10 06:00:00,0.63230000,0.63550000,0.62720000,0.62810000,215011.60330000
2026-07-10 10:00:00,0.62810000,0.63610000,0.62650000,0.63230000,213640.64088000
2026-07-10 14:00:00,0.63230000,0.63650000,0.61780000,0.62680000,320359.59696000
2026-07-10 18:00:00,0.62680000,0.63260000,0.62270000,0.62750000,118995.55877000
2026-07-10 22:00:00,0.62750000,0.63080000,0.62420000,0.62950000,79121.65219000
