timestamp,open,high,low,close,volume
2024-06-13 22:00:00,0.94780000,0.95090000,0.93520000,0.93680000,1757539.46259000
2024-06-14 02:00:00,0.93680000,0.94530000,0.92930000,0.93860000,3038318.76305000
2024-06-14 06:00:00,0.93860000,0.95290000,0.93870000,0.94880000,3152226.69595000
2024-06-14 10:00:00,0.94880000,0.95370000,0.94320000,0.94810000,2096003.63369000
2024-06-14 14:00:00,0.94810000,0.95070000,0.92470000,0.92740000,3852667.87051000
2024-06-14 18:00:00,0.92740000,0.92840000,0.87700000,0.89310000,11582484.14965000
2024-06-14 22:00:00,0.89310000,0.92540000,0.89300000,0.91210000,4116197.12651000
2024-06-15 02:00:00,0.91210000,0.92310000,0.91160000,0.91880000,2214759.71412000
2024-06-15 06:00:00,0.91880000,0.93630000,0.91600000,0.92840000,2591379.32069000
2024-06-15 10:00:00,0.92840000,0.93130000,0.91820000,0.92230000,2017543.54035000
2024-06-15 14:00:00,0.92230000,0.93840000,0.91940000,0.93000000,2638651.07564000
2024-06-15 18:00:00,0.93000000,0.93160000,0.92040000,0.92300000,1792857.14366000
2024-06-15 22:00:00,0.92300000,0.92420000,0.91520000,0.92200000,1287548.51242000
2024-06-16 02:00:00,0.92200000,0.92230000,0.90720000,0.90940000,2082788.48561000
2024-06-16 06:00:00,0.90940000,0.91930000,0.90020000,0.91480000,1898868.49673000
2024-06-16 10:00:00,0.91480000,0.92120000,0.91130000,0.91550000,1454803.63066000
2024-06-16 14:00:00,0.91550000,0.93150000,0.91450000,0.92540000,2335994.75944000
2024-06-16 18:00:00,0.92540000,0.92630000,0.92020000,0.92270000,1373398.83442000
2024-06-16 22:00:00,0.92270000,0.93720000,0.91950000,0.92420000,2140611.12160000
2024-06-17 02:00:00,0.92420000,0.92940000,0.90020000,0.90320000,3364844.48847000
2024-06-17 06:00:00,0.90320000,0.91020000,0.88130000,0.88730000,3861644.41776000
2024-06-17 10:00:00,0.88730000,0.89010000,0.86090000,0.87870000,7054919.54323000
2024-06-17 14:00:00,0.87870000,0.88020000,0.85870000,0.86270000,4256329.61071000
2024-06-17 18:00:00,0.86270000,0.88990000,0.83970000,0.88440000,8030522.20505000
2024-06-17 22:00:00,0.88440000,0.88560000,0.85630000,0.85750000,3320691.16501000
2024-06-18 02:00:00,0.85750000,0.86170000,0.73300000,0.78660000,22015456.15566000
2024-06-18 06:00:00,0.78660000,0.80300000,0.78210000,0.79770000,4189778.55555000
2024-06-18 10:00:00,0.79770000,0.79970000,0.77760000,0.78570000,4686311.93212000
2024-06-18 14:00:00,0.78570000,0.79050000,0.76780000,0.78000000,7737077.76805000
2024-06-18 18:00:00,0.78000000,0.78220000,0.76820000,0.77770000,4263826.30671000
2024-06-18 22:00:00,0.77770000,0.79600000,0.77110000,0.79440000,4000106.35349000
2024-06-19 02:00:00,0.79440000,0.83150000,0.78690000,0.82700000,5698900.85935000
2024-06-19 06:00:00,0.82700000,0.83450000,0.81930000,0.82080000,3218253.97266000
2024-06-19 10:00:00,0.82080000,0.82170000,0.80590000,0.81210000,3312733.13644000
2024-06-19 14:00:00,0.81210000,0.81850000,0.79700000,0.80720000,3743181.03771000
2024-06-19 18:00:00,0.80720000,0.82580000,0.80420000,0.81570000,2879946.44135000
2024-06-19 22:00:00,0.81570000,0.82310000,0.80710000,0.81270000,2014870.04478000
2024-06-20 02:00:00,0.81270000,0.82960000,0.80820000,0.81650000,2601511.69045000
2024-06-20 06:00:00,0.81650000,0.84300000,0.81120000,0.84270000,3299668.49035000
2024-06-20 10:00:00,0.84270000,0.84840000,0.83090000,0.83870000,3990403.22053000
2024-06-20 14:00:00,0.83870000,0.84170000,0.80470000,0.81100000,8431637.82447000
2024-06-20 18:00:00,0.81100000,0.81850000,0.79930000,0.81080000,3677837.92176000
2024-06-20 22:00:00,0.81080000,0.81220000,0.80010000,0.80070000,1601396.63111000
2024-06-21 02:00:00,0.80070000,0.80810000,0.79100000,0.79850000,2844544.48551000
2024-06-21 06:00:00,0.79850000,0.80480000,0.79110000,0.79440000,2933531.53632000
2024-06-21 10:00:00,0.79440000,0.80740000,0.78230000,0.79850000,5657775.52388000
2024-06-21 14:00:00,0.79850000,0.80940000,0.78500000,0.80100000,6746094.32025000
2024-06-21 18:00:00,0.80100000,0.80770000,0.79050000,0.80470000,4126630.65005000
2024-06-21 22:00:00,0.80470000,0.81010000,0.79620000,0.80170000,1902600.67911000
2024-06-22 02:00:00,0.80170000,0.80590000,0.79360000,0.80330000,1824035.30349000
2024-06-22 06:00:00,0.80330000,0.80430000,0.79640000,0.79780000,1192817.31328000
2024-06-22 10:00:00,0.79780000,0.80480000,0.79130000,0.80340000,1763368.66081000
2024-06-22 14:00:00,0.80340000,0.80750000,0.80020000,0.80700000,1699797.34133000
2024-06-22 18:00:00,0.80700000,0.81040000,0.80250000,0.80570000,1414319.17235000
2024-06-22 22:00:00,0.80570000,0.80860000,0.80060000,0.80450000,1256191.02771000
2024-06-23 02:00:00,0.80450000,0.81440000,0.80240000,0.81360000,1642761.14413000
2024-06-23 06:00:00,0.81360000,0.81470000,0.80750000,0.81250000,790889.02021000
2024-06-23 10:00:00,0.81250000,0.81450000,0.80410000,0.80870000,1352177.52677000
2024-06-23 14:00:00,0.80870000,0.80900000,0.78890000,0.79330000,2344715.87958000
2024-06-23 18:00:00,0.79330000,0.79560000,0.78210000,0.79430000,1970169.39645000
2024-06-23 22:00:00,0.79430000,0.79470000,0.77870000,0.78390000,3007423.13729000
2024-06-24 02:00:00,0.78390000,0.79140000,0.77610000,0.78200000,2682310.72993000
2024-06-24 06:00:00,0.78200000,0.78410000,0.76280000,0.77180000,4819630.09452000
2024-06-24 10:00:00,0.77180000,0.77960000,0.73920000,0.77360000,7731145.60931000
2024-06-24 14:00:00,0.77360000,0.78630000,0.76520000,0.76920000,4660401.07392000
2024-06-24 18:00:00,0.76920000,0.78910000,0.76710000,0.78610000,5169798.44291000
2024-06-24 22:00:00,0.78610000,0.82010000,0.77590000,0.81980000,4960143.76305000
2024-06-25 02:00:00,0.81980000,0.82500000,0.81100000,0.82060000,3082423.99962000
2024-06-25 06:00:00,0.82060000,0.83040000,0.81820000,0.81970000,2731754.30991000
2024-06-25 10:00:00,0.81970000,0.83650000,0.81350000,0.83100000,3764477.01405000
2024-06-25 14:00:00,0.83100000,0.84600000,0.82670000,0.84410000,3484487.58358000
2024-06-25 18:00:00,0.84410000,0.84540000,0.83100000,0.83770000,2671587.91169000
2024-06-25 22:00:00,0.83770000,0.83860000,0.82810000,0.82940000,1332719.49262000
2024-06-26 02:00:00,0.82940000,0.83880000,0.81920000,0.82260000,2661893.91569000
2024-06-26 06:00:00,0.82260000,0.82720000,0.81650000,0.82670000,2054493.38550000
2024-06-26 10:00:00,0.82670000,0.82760000,0.81460000,0.81960000,1916583.27385000
2024-06-26 14:00:00,0.81960000,0.82630000,0.80900000,0.81240000,3347046.24018000
2024-06-26 18:00:00,0.81240000,0.82240000,0.79400000,0.82200000,4298586.04556000
2024-06-26 22:00:00,0.82200000,0.83030000,0.81030000,0.81210000,2405234.24661000
2024-06-27 02:00:00,0.81210000,0.81660000,0.80820000,0.81180000,1811611.18525000
2024-06-27 06:00:00,0.81180000,0.81350000,0.80080000,0.80410000,3785152.39354000
2024-06-27 10:00:00,0.80410000,0.81380000,0.80340000,0.81150000,2102220.33733000
2024-06-27 14:00:00,0.81150000,0.83480000,0.81150000,0.82420000,5606155.17077000
2024-06-27 18:00:00,0.82420000,0.83000000,0.82200000,0.82560000,1481024.97919000
2024-06-27 22:00:00,0.82560000,0.82670000,0.82060000,0.82260000,1629900.92706000
2024-06-28 02:00:00,0.82260000,0.83430000,0.81840000,0.82700000,2390325.81282000
2024-06-28 06:00:00,0.82700000,0.82700000,0.81850000,0.82290000,2093419.52797000
2024-06-28 10:00:00,0.82290000,0.82970000,0.81980000,0.82680000,1721990.32848000
2024-06-28 14:00:00,0.82680000,0.83210000,0.80860000,0.81250000,5124700.37007000
2024-06-28 18:00:00,0.81250000,0.81400000,0.79540000,0.80160000,4098946.08965000
2024-06-28 22:00:00,0.80160000,0.80640000,0.79100000,0.79140000,2045277.79189000
2024-06-29 02:00:00,0.79140000,0.80140000,0.79110000,0.79940000,1681259.97597000
2024-06-29 06:00:00,0.79940000,0.80240000,0.79340000,0.79980000,1240651.75016000
2024-06-29 10:00:00,0.79980000,0.80120000,0.79580000,0.79920000,1239110.50645000
2024-06-29 14:00:00,0.79920000,0.79970000,0.79000000,0.79530000,1390621.00441000
2024-06-29 18:00:00,0.79530000,0.79540000,0.78230000,0.78750000,1957637.16248000
2024-06-29 22:00:00,0.78750000,0.78920000,0.77700000,0.77910000,1859797.64876000
2024-06-30 02:00:00,0.77910000,0.78590000,0.76900000,0.77560000,2840247.61138000
2024-06-30 06:00:00,0.77560000,0.78870000,0.77270000,0.78610000,1834605.24867000
2024-06-30 10:00:00,0.78610000,0.78930000,0.78170000,0.78310000,1531911.91340000
2024-06-30 14:00:00,0.78310000,0.78700000,0.77820000,0.78650000,1639150.13249000
2024-06-30 18:00:00,0.78650000,0.79320000,0.78000000,0.79130000,1798303.48807000
2024-06-30 22:00:00,0.79130000,0.80550000,0.78770000,0.80150000,2163987.89868000
2024-07-01 02:00:00,0.80150000,0.81820000,0.79740000,0.80990000,2696066.99928000
2024-07-01 06:00:00,0.80990000,0.81110000,0.80340000,0.80660000,1473524.22350000
2024-07-01 10:00:00,0.80660000,0.80790000,0.79020000,0.79250000,2157853.01445000
2024-07-01 14:00:00,0.79250000,0.79550000,0.78260000,0.78720000,2441577.44424000
2024-07-01 18:00:00,0.78720000,0.80130000,0.78450000,0.79490000,1896134.93439000
2024-07-01 22:00:00,0.79490000,0.79630000,0.77680000,0.77940000,1945384.76575000
2024-07-02 02:00:00,0.77940000,0.78440000,0.77480000,0.78100000,1524824.81626000
2024-07-02 06:00:00,0.78100000,0.78430000,0.77270000,0.77430000,1689699.27917000
2024-07-02 10:00:00,0.77430000,0.78130000,0.77190000,0.78020000,1835169.59066000
2024-07-02 14:00:00,0.78020000,0.78630000,0.77220000,0.77790000,3879895.64914000
2024-07-02 18:00:00,0.77790000,0.78480000,0.77340000,0.78100000,2092536.30595000
2024-07-02 22:00:00,0.78100000,0.78410000,0.77760000,0.78320000,1379820.19868000
2024-07-03 02:00:00,0.78320000,0.78940000,0.76120000,0.76980000,4208402.98264000
2024-07-03 06:00:00,0.76980000,0.77840000,0.76470000,0.77420000,2543725.89429000
2024-07-03 10:00:00,0.77420000,0.77810000,0.75650000,0.76980000,6641659.73067000
2024-07-03 14:00:00,0.76980000,0.77320000,0.76080000,0.77100000,4264912.52181000
2024-07-03 18:00:00,0.77100000,0.77380000,0.75260000,0.75580000,3227849.56173000
2024-07-03 22:00:00,0.75580000,0.76580000,0.75030000,0.76410000,2535887.60591000
2024-07-04 02:00:00,0.76410000,0.76810000,0.72150000,0.74050000,9206783.56686000
2024-07-04 06:00:00,0.74050000,0.74370000,0.72380000,0.72730000,3778899.91485000
2024-07-04 10:00:00,0.72730000,0.73080000,0.71340000,0.72090000,5429467.93363000
2024-07-04 14:00:00,0.72090000,0.72140000,0.69870000,0.71780000,7378336.61008000
2024-07-04 18:00:00,0.71780000,0.71790000,0.70950000,0.70990000,2530022.05179000
2024-07-04 22:00:00,0.70990000,0.71970000,0.67060000,0.67870000,5882724.28569000
2024-07-05 02:00:00,0.67870000,0.67970000,0.56390000,0.59020000,30755751.60308000
2024-07-05 06:00:00,0.59020000,0.60990000,0.57310000,0.60090000,11764492.90636000
2024-07-05 10:00:00,0.60090000,0.62010000,0.58750000,0.61910000,6648363.27462000
2024-07-05 14:00:00,0.61910000,0.62890000,0.61150000,0.62640000,6795113.58569000
2024-07-05 18:00:00,0.62640000,0.63280000,0.62100000,0.62300000,4347497.80357000
2024-07-05 22:00:00,0.62300000,0.62690000,0.61890000,0.62230000,2928036.52845000
2024-07-06 02:00:00,0.62230000,0.63830000,0.61320000,0.61950000,3850651.03239987
2024-07-06 06:00:00,0.61950000,0.63500000,0.61480000,0.62900000,2221087.57611000
2024-07-06 10:00:00,0.62900000,0.63590000,0.62300000,0.63410000,2263153.68083000
2024-07-06 14:00:00,0.63410000,0.66480000,0.63000000,0.66120000,5008751.94540000
2024-07-06 18:00:00,0.66120000,0.69740000,0.65910000,0.69040000,6350539.44437000
2024-07-06 22:00:00,0.69040000,0.69750000,0.68680000,0.69290000,2655433.29765000
2024-07-07 02:00:00,0.69290000,0.69840000,0.67820000,0.69520000,3931635.52482000
2024-07-07 06:00:00,0.69520000,0.69560000,0.67700000,0.68250000,5261417.46353000
2024-07-07 10:00:00,0.68250000,0.69070000,0.67940000,0.68840000,4136801.01904000
2024-07-07 14:00:00,0.68840000,0.69660000,0.66110000,0.67370000,11162965.72028000
2024-07-07 18:00:00,0.67370000,0.68750000,0.67060000,0.67470000,4733211.90376000
2024-07-07 22:00:00,0.67470000,0.67780000,0.64890000,0.65020000,5803031.07623000
2024-07-08 02:00:00,0.65020000,0.65310000,0.60460000,0.62700000,19493814.07715000
2024-07-08 06:00:00,0.62700000,0.64030000,0.62470000,0.63280000,5819984.45829000
2024-07-08 10:00:00,0.63280000,0.68810000,0.63120000,0.67560000,12784367.49672000
2024-07-08 14:00:00,0.67560000,0.68220000,0.63950000,0.65200000,15288890.43517000
2024-07-08 18:00:00,0.65200000,0.66330000,0.64600000,0.66010000,4515372.57190000
2024-07-08 22:00:00,0.66010000,0.67100000,0.65520000,0.66710000,3885694.47587000
2024-07-09 02:00:00,0.66710000,0.68220000,0.66070000,0.67410000,4987577.84365000
2024-07-09 06:00:00,0.67410000,0.68010000,0.67020000,0.67150000,3410772.78288000
2024-07-09 10:00:00,0.67150000,0.68470000,0.66850000,0.67490000,4291847.35961917
2024-07-09 14:00:00,0.67490000,0.68220000,0.66360000,0.67740000,6082711.98581000
2024-07-09 18:00:00,0.67740000,0.69780000,0.67610000,0.69730000,5273612.47929000
2024-07-09 22:00:00,0.69730000,0.71500000,0.69500000,0.70960000,5899299.68812000
2024-07-10 02:00:00,0.70960000,0.71600000,0.69450000,0.71070000,5873585.93182000
2024-07-10 06:00:00,0.71070000,0.72260000,0.70710000,0.70940000,6736644.28013000
2024-07-10 10:00:00,0.70940000,0.71000000,0.70010000,0.70420000,3909953.57401000
2024-07-10 14:00:00,0.70420000,0.72110000,0.69710000,0.71650000,5895680.45318000
2024-07-10 18:00:00,0.71650000,0.73140000,0.71060000,0.71380000,5045538.85678000
2024-07-10 22:00:00,0.71380000,0.71660000,0.70760000,0.71330000,2245261.00496000
2024-07-11 02:00:00,0.71330000,0.72450000,0.70240000,0.70960000,3225467.86717000
2024-07-11 06:00:00,0.70960000,0.71800000,0.70600000,0.71460000,2256227.47977000
2024-07-11 10:00:00,0.71460000,0.72400000,0.71030000,0.71930000,4415923.37138000
2024-07-11 14:00:00,0.71930000,0.73420000,0.70280000,0.70670000,8368645.85928000
2024-07-11 18:00:00,0.70670000,0.71240000,0.70120000,0.70300000,2887422.55841000
2024-07-11 22:00:00,0.70300000,0.70550000,0.68980000,0.69270000,3883198.85231000
2024-07-12 02:00:00,0.69270000,0.70010000,0.68110000,0.68840000,3651556.06455000
2024-07-12 06:00:00,0.68840000,0.69360000,0.68300000,0.68840000,2469595.04933000
2024-07-12 10:00:00,0.68840000,0.69250000,0.67890000,0.68390000,2910362.76711000
2024-07-12 14:00:00,0.68390000,0.70450000,0.68330000,0.70170000,4234205.74417000
2024-07-12 18:00:00,0.70170000,0.70800000,0.69370000,0.69440000,3751496.23183000
2024-07-12 22:00:00,0.69440000,0.69920000,0.68670000,0.69870000,1885652.08923000
2024-07-13 02:00:00,0.69870000,0.70380000,0.69500000,0.69670000,1471339.05930000
2024-07-13 06:00:00,0.69670000,0.70520000,0.69450000,0.70480000,2415193.77697000
2024-07-13 10:00:00,0.70480000,0.70810000,0.69850000,0.70110000,5460952.45724000
2024-07-13 14:00:00,0.70110000,0.70280000,0.69420000,0.69750000,2352490.39270000
2024-07-13 18:00:00,0.69750000,0.70240000,0.69480000,0.69790000,2684852.25094000
2024-07-13 22:00:00,0.69790000,0.70750000,0.68930000,0.70000000,3635883.52066000
2024-07-14 02:00:00,0.70000000,0.70550000,0.69320000,0.69620000,2834892.31445000
2024-07-14 06:00:00,0.69620000,0.70860000,0.69530000,0.70600000,3029236.90770000
2024-07-14 10:00:00,0.70600000,0.71650000,0.70450000,0.70850000,3684940.35456000
2024-07-14 14:00:00,0.70850000,0.71210000,0.69970000,0.71160000,3632773.80979000
2024-07-14 18:00:00,0.71160000,0.71570000,0.70870000,0.70980000,2674325.75121000
2024-07-14 22:00:00,0.70980000,0.72560000,0.70910000,0.72140000,3715821.00615000
2024-07-15 02:00:00,0.72140000,0.73140000,0.71810000,0.72980000,4974357.31796000
2024-07-15 06:00:00,0.72980000,0.74510000,0.72590000,0.73930000,4669228.30913000
2024-07-15 10:00:00,0.73930000,0.74360000,0.72700000,0.73120000,4066693.10921000
2024-07-15 14:00:00,0.73120000,0.73900000,0.72850000,0.73430000,3692913.82259000
2024-07-15 18:00:00,0.73430000,0.74430000,0.73080000,0.74040000,5357812.04798000
2024-07-15 22:00:00,0.74040000,0.77700000,0.73930000,0.77290000,8652552.36766000
2024-07-16 02:00:00,0.77290000,0.77850000,0.76240000,0.77020000,5645911.97117000
2024-07-16 06:00:00,0.77020000,0.77220000,0.73310000,0.73430000,7614319.22767000
2024-07-16 10:00:00,0.73430000,0.74350000,0.72140000,0.73840000,6665826.48569000
2024-07-16 14:00:00,0.73840000,0.76750000,0.73360000,0.76560000,6882600.90796000
2024-07-16 18:00:00,0.76560000,0.77070000,0.75450000,0.76070000,6537803.21429000
2024-07-16 22:00:00,0.76070000,0.76070000,0.74440000,0.75150000,4233854.80414000
2024-07-17 02:00:00,0.75150000,0.77040000,0.75120000,0.76160000,4588743.36106000
2024-07-17 06:00:00,0.76160000,0.77340000,0.75770000,0.76890000,3827137.01187000
2024-07-17 10:00:00,0.76890000,0.77830000,0.75630000,0.76130000,7376172.13805000
2024-07-17 14:00:00,0.76130000,0.77250000,0.75320000,0.75990000,7301615.58223000
2024-07-17 18:00:00,0.75990000,0.76330000,0.74070000,0.76000000,7941746.49255000
2024-07-17 22:00:00,0.76000000,0.76430000,0.74540000,0.74670000,3728817.54979000
2024-07-18 02:00:00,0.74670000,0.76300000,0.74680000,0.75940000,3386470.55022000
2024-07-18 06:00:00,0.75940000,0.76320000,0.74870000,0.75340000,3920131.07891000
2024-07-18 10:00:00,0.75340000,0.76150000,0.74800000,0.76100000,5065890.53840000
2024-07-18 14:00:00,0.76100000,0.76870000,0.73580000,0.73680000,9423013.40138000
2024-07-18 18:00:00,0.73680000,0.74980000,0.72680000,0.74180000,7050914.02086000
2024-07-18 22:00:00,0.74180000,0.74990000,0.73850000,0.74730000,2532870.98346000
2024-07-19 02:00:00,0.74730000,0.74850000,0.72720000,0.74540000,4437856.80803000
2024-07-19 06:00:00,0.74540000,0.75020000,0.73270000,0.73460000,3414368.75233000
2024-07-19 10:00:00,0.73460000,0.73610000,0.72510000,0.73390000,5779517.03392000
2024-07-19 14:00:00,0.73390000,0.75520000,0.73220000,0.75150000,5823141.94547000
2024-07-19 18:00:00,0.75150000,0.77080000,0.75130000,0.77010000,6432876.95894000
2024-07-19 22:00:00,0.77010000,0.77640000,0.76610000,0.77350000,3187961.82404000
2024-07-20 02:00:00,0.77350000,0.78640000,0.76500000,0.78290000,4871509.17840000
2024-07-20 06:00:00,0.78290000,0.79000000,0.78030000,0.78740000,2721316.94278000
2024-07-20 10:00:00,0.78740000,0.79470000,0.77040000,0.77110000,5871498.24110000
2024-07-20 14:00:00,0.77110000,0.78430000,0.76690000,0.78170000,4419598.73505000
2024-07-20 18:00:00,0.78170000,0.78670000,0.77370000,0.77570000,5406784.52043000
2024-07-20 22:00:00,0.77570000,0.77980000,0.77160000,0.77860000,2892515.27222000
2024-07-21 02:00:00,0.77860000,0.78760000,0.77590000,0.78310000,2556981.52241000
2024-07-21 06:00:00,0.78310000,0.78460000,0.76650000,0.77280000,3517388.88565000
2024-07-21 10:00:00,0.77280000,0.78340000,0.77220000,0.77740000,2063012.42321000
2024-07-21 14:00:00,0.77740000,0.79000000,0.77080000,0.78260000,4315290.97205000
2024-07-21 18:00:00,0.78260000,0.79170000,0.75160000,0.78130000,13070629.71990000
2024-07-21 22:00:00,0.78130000,0.80690000,0.77960000,0.80220000,6879790.94257000
2024-07-22 02:00:00,0.80220000,0.80790000,0.78880000,0.78900000,4428199.26796000
2024-07-22 06:00:00,0.78900000,0.79180000,0.77350000,0.77940000,5204900.23812000
2024-07-22 10:00:00,0.77940000,0.78760000,0.77560000,0.78650000,3415486.53174000
2024-07-22 14:00:00,0.78650000,0.78950000,0.76610000,0.77130000,7110067.32664000
2024-07-22 18:00:00,0.77130000,0.78050000,0.76700000,0.78010000,3344328.04253000
2024-07-22 22:00:00,0.78010000,0.78080000,0.75490000,0.75920000,5016001.50658000
2024-07-23 02:00:00,0.75920000,0.79080000,0.75810000,0.78160000,6766546.63238000
2024-07-23 06:00:00,0.78160000,0.78810000,0.75380000,0.76250000,7075357.65615000
2024-07-23 10:00:00,0.76250000,0.82790000,0.76130000,0.81570000,22500175.66685000
2024-07-23 14:00:00,0.81570000,0.81570000,0.78890000,0.80200000,17310026.09505000
2024-07-23 18:00:00,0.80200000,0.81060000,0.77310000,0.79770000,16056707.04581000
2024-07-23 22:00:00,0.79770000,0.80680000,0.78910000,0.79880000,7301193.81439000
2024-07-24 02:00:00,0.79880000,0.80000000,0.76810000,0.77620000,6961595.65508000
2024-07-24 06:00:00,0.77620000,0.77850000,0.76910000,0.77640000,3550926.10401000
2024-07-24 10:00:00,0.77640000,0.78440000,0.77420000,0.77900000,4437032.97653000
2024-07-24 14:00:00,0.77900000,0.78180000,0.76160000,0.76190000,6957367.77887000
2024-07-24 18:00:00,0.76190000,0.76860000,0.75190000,0.75310000,7053534.18163000
2024-07-24 22:00:00,0.75310000,0.75770000,0.73510000,0.73900000,6775820.91499000
2024-07-25 02:00:00,0.73900000,0.74130000,0.69860000,0.70010000,15819807.91548000
2024-07-25 06:00:00,0.70010000,0.71130000,0.69430000,0.70330000,4313955.51664000
2024-07-25 10:00:00,0.70330000,0.70580000,0.69080000,0.69640000,5289389.57007000
2024-07-25 14:00:00,0.69640000,0.70530000,0.68780000,0.69570000,7649885.10737000
2024-07-25 18:00:00,0.69570000,0.70360000,0.67510000,0.68220000,5783918.34207000
2024-07-25 22:00:00,0.68220000,0.70040000,0.67170000,0.69780000,4854109.96281000
2024-07-26 02:00:00,0.69780000,0.72120000,0.69610000,0.71570000,5000900.91999000
2024-07-26 06:00:00,0.71570000,0.73240000,0.71540000,0.72380000,4414070.34315000
2024-07-26 10:00:00,0.72380000,0.72740000,0.71740000,0.72200000,3353629.93695000
2024-07-26 14:00:00,0.72200000,0.72760000,0.71470000,0.71990000,4931975.14696000
2024-07-26 18:00:00,0.71990000,0.72830000,0.71840000,0.72530000,2913116.51872000
2024-07-26 22:00:00,0.72530000,0.73030000,0.72110000,0.72610000,2283220.22343000
2024-07-27 02:00:00,0.72610000,0.72730000,0.72030000,0.72150000,1822465.43810000
2024-07-27 06:00:00,0.72150000,0.73310000,0.72150000,0.73010000,2406690.38765000
2024-07-27 10:00:00,0.73010000,0.73270000,0.72500000,0.72880000,1841897.71512000
2024-07-27 14:00:00,0.72880000,0.74190000,0.72210000,0.72580000,6178104.59393000
2024-07-27 18:00:00,0.72580000,0.72940000,0.71200000,0.72180000,5407578.68275000
2024-07-27 22:00:00,0.72180000,0.73140000,0.70600000,0.72050000,7838410.51758000
2024-07-28 02:00:00,0.72050000,0.72410000,0.71420000,0.71700000,2636197.77275000
2024-07-28 06:00:00,0.71700000,0.71740000,0.70740000,0.71480000,2423282.52367000
2024-07-28 10:00:00,0.71480000,0.72440000,0.71230000,0.72050000,2127380.78652000
2024-07-28 14:00:00,0.72050000,0.72390000,0.71280000,0.71630000,2350820.91847000
2024-07-28 18:00:00,0.71630000,0.71890000,0.71400000,0.71450000,1341834.22641000
2024-07-28 22:00:00,0.71450000,0.71520000,0.70510000,0.71220000,2004504.30474000
2024-07-29 02:00:00,0.71220000,0.73520000,0.71120000,0.72830000,4543434.98840000
2024-07-29 06:00:00,0.72830000,0.73430000,0.72600000,0.72920000,3156412.96568000
2024-07-29 10:00:00,0.72920000,0.73210000,0.72420000,0.72440000,2686603.60170000
2024-07-29 14:00:00,0.72440000,0.73080000,0.70500000,0.71040000,6916835.55833000
2024-07-29 18:00:00,0.71040000,0.71040000,0.69640000,0.70830000,6104995.72256000
2024-07-29 22:00:00,0.70830000,0.71300000,0.70230000,0.70360000,2072346.90824000
2024-07-30 02:00:00,0.70360000,0.70920000,0.69590000,0.70300000,3081242.62038000
2024-07-30 06:00:00,0.70300000,0.71030000,0.70000000,0.70740000,1801279.01720000
2024-07-30 10:00:00,0.70740000,0.70860000,0.69920000,0.70030000,1881477.13460000
2024-07-30 14:00:00,0.70030000,0.70380000,0.68850000,0.69420000,3931190.66713000
2024-07-30 18:00:00,0.69420000,0.69540000,0.67240000,0.67640000,4671643.62055000
2024-07-30 22:00:00,0.67640000,0.67840000,0.66430000,0.67770000,3382270.27853000
2024-07-31 02:00:00,0.67770000,0.68280000,0.67260000,0.67880000,1910507.27140000
2024-07-31 06:00:00,0.67880000,0.68770000,0.66810000,0.68200000,3235019.10249000
2024-07-31 10:00:00,0.68200000,0.68310000,0.67600000,0.67970000,1826096.38677000
2024-07-31 14:00:00,0.67970000,0.68680000,0.67430000,0.67560000,3086750.32768000
2024-07-31 18:00:00,0.67560000,0.68050000,0.66010000,0.66640000,4955997.71255000
2024-07-31 22:00:00,0.66640000,0.66680000,0.65260000,0.65710000,4269018.48436000
2024-08-01 02:00:00,0.65710000,0.66190000,0.65110000,0.65320000,3084054.19075000
2024-08-01 06:00:00,0.65320000,0.65580000,0.63680000,0.64530000,5455800.98377000
2024-08-01 10:00:00,0.64530000,0.65270000,0.64240000,0.65020000,3435970.34398000
2024-08-01 14:00:00,0.65020000,0.65520000,0.63340000,0.63820000,7542571.03304000
2024-08-01 18:00:00,0.63820000,0.63870000,0.61310000,0.63240000,9446665.66555000
2024-08-01 22:00:00,0.63240000,0.65770000,0.62870000,0.65340000,4202786.35332000
2024-08-02 02:00:00,0.65340000,0.65570000,0.63050000,0.64010000,3331856.15792000
2024-08-02 06:00:00,0.64010000,0.64260000,0.61920000,0.62800000,3954573.54887000
2024-08-02 10:00:00,0.62800000,0.63640000,0.62420000,0.63260000,2563310.47772000
2024-08-02 14:00:00,0.63260000,0.64350000,0.59650000,0.61530000,10613349.95926000
2024-08-02 18:00:00,0.61530000,0.62060000,0.60120000,0.60550000,5207699.59900000
2024-08-02 22:00:00,0.60550000,0.61250000,0.59400000,0.60300000,4908916.05130000
2024-08-03 02:00:00,0.60300000,0.60840000,0.58730000,0.60640000,5374468.58092000
2024-08-03 06:00:00,0.60640000,0.61530000,0.60290000,0.61110000,1764156.43796000
2024-08-03 10:00:00,0.61110000,0.61710000,0.60870000,0.61470000,1900862.57568000
2024-08-03 14:00:00,0.61470000,0.62700000,0.60200000,0.60250000,5674253.53957000
2024-08-03 18:00:00,0.60250000,0.61230000,0.58680000,0.58690000,8765284.10708000
2024-08-03 22:00:00,0.58690000,0.60860000,0.58490000,0.60700000,4518547.97477000
2024-08-04 02:00:00,0.60700000,0.61900000,0.60400000,0.61100000,5167187.77692000
2024-08-04 06:00:00,0.61100000,0.61270000,0.60080000,0.60190000,2542285.94061000
2024-08-04 10:00:00,0.60190000,0.60810000,0.60060000,0.60390000,2668089.78723000
2024-08-04 14:00:00,0.60390000,0.61070000,0.58310000,0.58370000,5702058.73336000
2024-08-04 18:00:00,0.58370000,0.58960000,0.55350000,0.58560000,12068296.52895000
2024-08-04 22:00:00,0.58560000,0.59320000,0.56390000,0.56470000,4716394.35641000
2024-08-05 02:00:00,0.56470000,0.56810000,0.45860000,0.47700000,37505795.07345000
2024-08-05 06:00:00,0.47700000,0.48800000,0.43090000,0.47550000,24168041.59686000
2024-08-05 10:00:00,0.47550000,0.47550000,0.42830000,0.44630000,13955269.92445000
2024-08-05 14:00:00,0.44630000,0.48790000,0.43190000,0.48480000,19981733.91470000
2024-08-05 18:00:00,0.48480000,0.50260000,0.47560000,0.48360000,12467208.30307000
2024-08-05 22:00:00,0.48360000,0.49250000,0.48070000,0.48140000,5314712.55158000
2024-08-06 02:00:00,0.48140000,0.51820000,0.48080000,0.50340000,7210641.81460000
2024-08-06 06:00:00,0.50340000,0.51930000,0.50060000,0.51820000,4654622.34413000
2024-08-06 10:00:00,0.51820000,0.51850000,0.49820000,0.50100000,5327153.61911000
2024-08-06 14:00:00,0.50100000,0.52230000,0.49200000,0.51520000,11159253.13676000
2024-08-06 18:00:00,0.51520000,0.51990000,0.50550000,0.50770000,3693048.62826000
2024-08-06 22:00:00,0.50770000,0.51460000,0.50030000,0.50230000,3255908.44134000
2024-08-07 02:00:00,0.50230000,0.52320000,0.49620000,0.51340000,3297895.23699493
2024-08-07 06:00:00,0.51340000,0.52110000,0.51040000,0.51570000,2066958.57405664
2024-08-07 10:00:00,0.51570000,0.52220000,0.50870000,0.50900000,2398209.83485523
2024-08-07 14:00:00,0.50900000,0.51230000,0.48410000,0.49060000,5229271.01545728
2024-08-07 18:00:00,0.49060000,0.49140000,0.47880000,0.48250000,3836190.38573837
2024-08-07 22:00:00,0.48250000,0.48900000,0.47560000,0.48430000,3164559.88816220
2024-08-08 02:00:00,0.48430000,0.51200000,0.47740000,0.50330000,5623193.77031586
2024-08-08 06:00:00,0.50330000,0.50820000,0.50150000,0.50200000,2373969.31499000
2024-08-08 10:00:00,0.50200000,0.50980000,0.50030000,0.50650000,2367670.88537000
2024-08-08 14:00:00,0.50650000,0.52270000,0.50170000,0.52190000,9002502.63779000
2024-08-08 18:00:00,0.52190000,0.53580000,0.52070000,0.52900000,4626351.35975000
2024-08-08 22:00:00,0.52900000,0.55790000,0.52820000,0.55460000,6772744.77101000
2024-08-09 02:00:00,0.55460000,0.55910000,0.54750000,0.55540000,5399412.10827000
2024-08-09 06:00:00,0.55540000,0.55660000,0.54260000,0.54280000,3371851.90816000
2024-08-09 10:00:00,0.54280000,0.54960000,0.53610000,0.54290000,3741638.00962000
2024-08-09 14:00:00,0.54290000,0.56230000,0.53540000,0.54170000,8174022.64756000
2024-08-09 18:00:00,0.54170000,0.58680000,0.54060000,0.57730000,14313798.21384000
2024-08-09 22:00:00,0.57730000,0.58890000,0.56710000,0.57710000,10860022.24747000
2024-08-10 02:00:00,0.57710000,0.58320000,0.56150000,0.56430000,5587638.67490000
2024-08-10 06:00:00,0.56430000,0.59060000,0.56040000,0.58560000,7008516.80411000
2024-08-10 10:00:00,0.58560000,0.58680000,0.57430000,0.57480000,4703507.69824000
2024-08-10 14:00:00,0.57480000,0.57900000,0.56710000,0.57290000,5379143.06097000
2024-08-10 18:00:00,0.57290000,0.57850000,0.57130000,0.57410000,3300331.27678000
2024-08-10 22:00:00,0.57410000,0.58000000,0.57290000,0.57690000,2126294.21843000
2024-08-11 02:00:00,0.57690000,0.58540000,0.57510000,0.57970000,2836430.46158000
2024-08-11 06:00:00,0.57970000,0.59120000,0.57850000,0.58910000,3654383.94697000
2024-08-11 10:00:00,0.58910000,0.59670000,0.57710000,0.57930000,5847540.77406000
2024-08-11 14:00:00,0.57930000,0.58030000,0.55720000,0.56030000,7803674.81259000
2024-08-11 18:00:00,0.56030000,0.57160000,0.55790000,0.55990000,3813146.26948000
2024-08-11 22:00:00,0.55990000,0.56120000,0.54790000,0.55180000,5571894.36010000
2024-08-12 02:00:00,0.55180000,0.55790000,0.54610000,0.55230000,3331443.24437000
2024-08-12 06:00:00,0.55230000,0.56490000,0.54520000,0.56290000,3662196.75444000
2024-08-12 10:00:00,0.56290000,0.58770000,0.55720000,0.58130000,5585478.94468000
2024-08-12 14:00:00,0.58130000,0.59030000,0.55860000,0.58740000,9804890.47621000
2024-08-12 18:00:00,0.58740000,0.58930000,0.57710000,0.57960000,3682641.54313000
2024-08-12 22:00:00,0.57960000,0.59630000,0.57630000,0.58860000,4055926.51839000
2024-08-13 02:00:00,0.58860000,0.59230000,0.57380000,0.57560000,3719604.21934000
2024-08-13 06:00:00,0.57560000,0.57870000,0.57080000,0.57380000,2964517.92065000
2024-08-13 10:00:00,0.57380000,0.57570000,0.56600000,0.56950000,2474476.60530000
2024-08-13 14:00:00,0.56950000,0.57880000,0.56850000,0.57110000,3527441.60810000
2024-08-13 18:00:00,0.57110000,0.58980000,0.56990000,0.58220000,4779246.22258000
2024-08-13 22:00:00,0.58220000,0.58640000,0.57710000,0.57860000,1876079.30177000
2024-08-14 02:00:00,0.57860000,0.58240000,0.57300000,0.57760000,2411487.49900000
2024-08-14 06:00:00,0.57760000,0.58760000,0.57700000,0.57830000,2965194.10297000
2024-08-14 10:00:00,0.57830000,0.58470000,0.57460000,0.58090000,3061379.16846000
2024-08-14 14:00:00,0.58090000,0.58620000,0.55420000,0.57110000,8869390.57216000
2024-08-14 18:00:00,0.57110000,0.57140000,0.56280000,0.56640000,3280541.41039000
2024-08-14 22:00:00,0.56640000,0.56830000,0.55750000,0.56140000,2666628.44265000
2024-08-15 02:00:00,0.56140000,0.56320000,0.55640000,0.56040000,1793566.08320000
2024-08-15 06:00:00,0.56040000,0.56290000,0.55160000,0.55540000,3362353.59403000
2024-08-15 10:00:00,0.55540000,0.56670000,0.55250000,0.56430000,2602257.88130000
2024-08-15 14:00:00,0.56430000,0.57020000,0.56120000,0.56530000,3976446.29217000
2024-08-15 18:00:00,0.56530000,0.56670000,0.53160000,0.53630000,7631005.79017000
2024-08-15 22:00:00,0.53630000,0.54060000,0.53070000,0.53560000,3010175.96041000
2024-08-16 02:00:00,0.53560000,0.54630000,0.53440000,0.53870000,2074163.71915000
2024-08-16 06:00:00,0.53870000,0.54970000,0.53830000,0.54540000,1921329.74570000
2024-08-16 10:00:00,0.54540000,0.54640000,0.53890000,0.54040000,1456692.21869000
2024-08-16 14:00:00,0.54040000,0.54320000,0.52120000,0.52560000,5472920.08149000
2024-08-16 18:00:00,0.52560000,0.53790000,0.52370000,0.53590000,3261473.52076000
2024-08-16 22:00:00,0.53590000,0.53900000,0.53160000,0.53340000,1372294.02689000
2024-08-17 02:00:00,0.53340000,0.53620000,0.53050000,0.53280000,966325.67607000
2024-08-17 06:00:00,0.53280000,0.53420000,0.53120000,0.53360000,645803.55432000
2024-08-17 10:00:00,0.53360000,0.53590000,0.53090000,0.53260000,970969.77710000
2024-08-17 14:00:00,0.53260000,0.53900000,0.53150000,0.53520000,1958555.57525000
2024-08-17 18:00:00,0.53520000,0.54370000,0.53530000,0.53810000,1574832.61884000
2024-08-17 22:00:00,0.53810000,0.54070000,0.53600000,0.53980000,916636.53557000
2024-08-18 02:00:00,0.53980000,0.54460000,0.53760000,0.53770000,1700031.24016000
2024-08-18 06:00:00,0.53770000,0.53950000,0.53510000,0.53770000,792733.16874000
2024-08-18 10:00:00,0.53770000,0.55050000,0.53720000,0.54690000,2881938.68599000
2024-08-18 14:00:00,0.54690000,0.55390000,0.54580000,0.55110000,2132681.48928000
2024-08-18 18:00:00,0.55110000,0.55280000,0.54440000,0.54840000,1464459.48164000
2024-08-18 22:00:00,0.54840000,0.55010000,0.53600000,0.53650000,1582886.44070000
2024-08-19 02:00:00,0.53650000,0.54240000,0.53310000,0.54070000,2186320.14752000
2024-08-19 06:00:00,0.54070000,0.54170000,0.53570000,0.53670000,1133692.29230000
2024-08-19 10:00:00,0.53670000,0.53930000,0.52610000,0.53270000,3102215.67467000
2024-08-19 14:00:00,0.53270000,0.53780000,0.52730000,0.53090000,2521745.46483000
2024-08-19 18:00:00,0.53090000,0.54120000,0.52680000,0.53530000,3164763.03324000
2024-08-19 22:00:00,0.53530000,0.54080000,0.53410000,0.54000000,1219184.09228000
2024-08-20 02:00:00,0.54000000,0.55160000,0.53850000,0.54820000,2442805.94325000
2024-08-20 06:00:00,0.54820000,0.55400000,0.54620000,0.55050000,2156971.49028000
2024-08-20 10:00:00,0.55050000,0.55100000,0.54380000,0.54480000,1830901.04194000
2024-08-20 14:00:00,0.54480000,0.54840000,0.52630000,0.53120000,4802191.52541000
2024-08-20 18:00:00,0.53120000,0.54140000,0.52900000,0.54000000,2293232.59162000
2024-08-20 22:00:00,0.54000000,0.54200000,0.53400000,0.53500000,1955148.64138000
2024-08-21 02:00:00,0.53500000,0.53770000,0.53000000,0.53520000,1417916.81323000
2024-08-21 06:00:00,0.53520000,0.54000000,0.53440000,0.53850000,1261213.18638000
2024-08-21 10:00:00,0.53850000,0.53990000,0.53300000,0.53490000,2295827.93706000
2024-08-21 14:00:00,0.53490000,0.53920000,0.52590000,0.53590000,5022455.14535000
2024-08-21 18:00:00,0.53590000,0.55480000,0.53390000,0.55440000,4522247.04949000
2024-08-21 22:00:00,0.55440000,0.55930000,0.55070000,0.55260000,2583268.80078000
2024-08-22 02:00:00,0.55260000,0.55450000,0.54180000,0.55010000,2201934.67782000
2024-08-22 06:00:00,0.55010000,0.56470000,0.54880000,0.56270000,3565769.89094000
2024-08-22 10:00:00,0.56270000,0.56860000,0.56040000,0.56440000,4889130.84778000
2024-08-22 14:00:00,0.56440000,0.56500000,0.55370000,0.55540000,5080636.73866000
2024-08-22 18:00:00,0.55540000,0.55960000,0.55420000,0.55580000,1738254.72958000
2024-08-22 22:00:00,0.55580000,0.56220000,0.55550000,0.56150000,1335872.12426000
2024-08-23 02:00:00,0.56150000,0.56930000,0.56060000,0.56350000,2135836.42745000
2024-08-23 06:00:00,0.56350000,0.57510000,0.56230000,0.57020000,4400145.70646000
2024-08-23 10:00:00,0.57020000,0.57600000,0.56880000,0.56890000,2936038.96387000
2024-08-23 14:00:00,0.56890000,0.58320000,0.56560000,0.57670000,7543146.33502000
2024-08-23 18:00:00,0.57670000,0.59850000,0.57520000,0.59610000,5786189.89529000
2024-08-23 22:00:00,0.59610000,0.60870000,0.59600000,0.60240000,4209168.95840000
2024-08-24 02:00:00,0.60240000,0.60800000,0.59740000,0.60100000,3270308.04687000
2024-08-24 06:00:00,0.60100000,0.61570000,0.60090000,0.61190000,4844373.17854000
2024-08-24 10:00:00,0.61190000,0.62160000,0.60900000,0.61450000,4547458.06817000
2024-08-24 14:00:00,0.61450000,0.61870000,0.61020000,0.61430000,3103946.65709000
2024-08-24 18:00:00,0.61430000,0.63620000,0.61350000,0.62840000,5968413.10464000
2024-08-24 22:00:00,0.62840000,0.63150000,0.61000000,0.62130000,4647677.54441000
2024-08-25 02:00:00,0.62130000,0.62180000,0.59810000,0.60610000,5117981.97702000
2024-08-25 06:00:00,0.60610000,0.60810000,0.58850000,0.59190000,4017884.29813000
2024-08-25 10:00:00,0.59190000,0.59870000,0.58860000,0.59550000,2711708.50208000
2024-08-25 14:00:00,0.59550000,0.60660000,0.59400000,0.60080000,3031258.34951000
2024-08-25 18:00:00,0.60080000,0.60490000,0.59840000,0.59990000,2100075.98376000
2024-08-25 22:00:00,0.59990000,0.60920000,0.59510000,0.59740000,2700359.42065000
2024-08-26 02:00:00,0.59740000,0.60300000,0.58970000,0.60240000,3423222.92766000
2024-08-26 06:00:00,0.60240000,0.60430000,0.59550000,0.59660000,2615709.00198000
2024-08-26 10:00:00,0.59660000,0.60490000,0.59210000,0.59830000,2665842.62137000
2024-08-26 14:00:00,0.59830000,0.60090000,0.58700000,0.59260000,4813102.68669000
2024-08-26 18:00:00,0.59260000,0.59540000,0.57310000,0.57490000,4697437.67893000
2024-08-26 22:00:00,0.57490000,0.57840000,0.56820000,0.57070000,2551284.03715000
2024-08-27 02:00:00,0.57070000,0.57980000,0.56930000,0.57340000,2344049.06296000
2024-08-27 06:00:00,0.57340000,0.57840000,0.57080000,0.57220000,1870362.32742000
2024-08-27 10:00:00,0.57220000,0.57390000,0.55690000,0.56000000,4583992.15436000
2024-08-27 14:00:00,0.56000000,0.56140000,0.55060000,0.55430000,5331374.43966000
2024-08-27 18:00:00,0.55430000,0.56050000,0.55060000,0.55840000,3381796.06212000
2024-08-27 22:00:00,0.55840000,0.55800000,0.51230000,0.52480000,11287764.27078000
2024-08-28 02:00:00,0.52480000,0.53000000,0.51890000,0.52840000,3725120.38479000
2024-08-28 06:00:00,0.52840000,0.52830000,0.51590000,0.51700000,2551033.96764000
2024-08-28 10:00:00,0.51700000,0.53720000,0.51380000,0.53170000,5707617.30000000
2024-08-28 14:00:00,0.53170000,0.53510000,0.51800000,0.52220000,5427158.66702000
2024-08-28 18:00:00,0.52220000,0.52940000,0.50600000,0.51900000,7989343.10699000
2024-08-28 22:00:00,0.51900000,0.52910000,0.51640000,0.52150000,3701282.42195000
2024-08-29 02:00:00,0.52150000,0.52560000,0.51990000,0.52210000,2078810.60384000
2024-08-29 06:00:00,0.52210000,0.52970000,0.51930000,0.52630000,2030487.38852000
2024-08-29 10:00:00,0.52630000,0.53120000,0.52250000,0.52460000,2690729.68939000
2024-08-29 14:00:00,0.52460000,0.53370000,0.52430000,0.52980000,2991405.61074000
2024-08-29 18:00:00,0.52980000,0.53130000,0.50650000,0.51300000,5029848.58306000
2024-08-29 22:00:00,0.51300000,0.51760000,0.50820000,0.51250000,3046908.99625000
2024-08-30 02:00:00,0.51250000,0.51640000,0.50720000,0.50840000,1560892.66571000
2024-08-30 06:00:00,0.50840000,0.51480000,0.50360000,0.51200000,2461370.28132000
2024-08-30 10:00:00,0.51200000,0.51470000,0.50790000,0.50830000,1503681.16596000
2024-08-30 14:00:00,0.50830000,0.51330000,0.48620000,0.48840000,6259918.29551000
2024-08-30 18:00:00,0.48840000,0.51520000,0.48580000,0.50770000,6771299.59295000
2024-08-30 22:00:00,0.50770000,0.51460000,0.50710000,0.51360000,1674843.43581000
2024-08-31 02:00:00,0.51360000,0.51930000,0.51240000,0.51400000,1494408.21284000
2024-08-31 06:00:00,0.51400000,0.51560000,0.51160000,0.51240000,791624.81341000
2024-08-31 10:00:00,0.51240000,0.51490000,0.50900000,0.51380000,1379402.47085000
2024-08-31 14:00:00,0.51380000,0.51550000,0.51040000,0.51250000,1297025.73076000
2024-08-31 18:00:00,0.51250000,0.51290000,0.50650000,0.50940000,2115165.39931000
2024-08-31 22:00:00,0.50940000,0.51470000,0.50800000,0.51370000,1056863.41346000
2024-09-01 02:00:00,0.51370000,0.51410000,0.50320000,0.50680000,1980771.42577000
2024-09-01 06:00:00,0.50680000,0.50940000,0.50020000,0.50910000,1885176.43905000
2024-09-01 10:00:00,0.50910000,0.50950000,0.50110000,0.50460000,1490390.56453000
2024-09-01 14:00:00,0.50460000,0.50670000,0.49460000,0.50510000,3125354.03320000
2024-09-01 18:00:00,0.50510000,0.50940000,0.49650000,0.50570000,2698108.94394000
2024-09-01 22:00:00,0.50570000,0.50820000,0.48430000,0.48950000,4157124.46943000
2024-09-02 02:00:00,0.48950000,0.49690000,0.48860000,0.49650000,2466528.45406000
2024-09-02 06:00:00,0.49650000,0.50070000,0.49170000,0.49480000,1788035.29006000
2024-09-02 10:00:00,0.49480000,0.51840000,0.49400000,0.51180000,3393717.80574000
2024-09-02 14:00:00,0.51180000,0.51650000,0.50630000,0.51280000,2128302.83864000
2024-09-02 18:00:00,0.51280000,0.51600000,0.51030000,0.51350000,959887.66844000
2024-09-02 22:00:00,0.51350000,0.52210000,0.51250000,0.51610000,1815347.27172000
2024-09-03 02:00:00,0.51610000,0.52090000,0.51340000,0.51400000,1244092.86635000
2024-09-03 06:00:00,0.51400000,0.51720000,0.51180000,0.51660000,1034422.05046000
2024-09-03 10:00:00,0.51660000,0.51710000,0.50960000,0.51380000,1636402.31830000
2024-09-03 14:00:00,0.51380000,0.51580000,0.49550000,0.49710000,3451612.65506000
2024-09-03 18:00:00,0.49710000,0.50270000,0.49550000,0.50060000,1795129.88061000
2024-09-03 22:00:00,0.50060000,0.50310000,0.49160000,0.49390000,1356464.29813000
2024-09-04 02:00:00,0.49390000,0.49860000,0.46700000,0.48540000,3762125.05661000
2024-09-04 06:00:00,0.48540000,0.49370000,0.48260000,0.49220000,1356563.43655000
2024-09-04 10:00:00,0.49220000,0.49560000,0.48930000,0.49220000,1647481.74756000
2024-09-04 14:00:00,0.49220000,0.50750000,0.48860000,0.50710000,2746983.48159000
2024-09-04 18:00:00,0.50710000,0.51370000,0.49870000,0.50060000,2372906.79245000
2024-09-04 22:00:00,0.50060000,0.50310000,0.49560000,0.49690000,999288.44460000
2024-09-05 02:00:00,0.49690000,0.50120000,0.49060000,0.49410000,1778046.07553000
2024-09-05 06:00:00,0.49410000,0.49830000,0.48920000,0.49620000,1156805.12973000
2024-09-05 10:00:00,0.49620000,0.49780000,0.49250000,0.49480000,955952.94679000
2024-09-05 14:00:00,0.49480000,0.50140000,0.49200000,0.49680000,2660442.34613000
2024-09-05 18:00:00,0.49680000,0.50250000,0.49270000,0.49510000,1534772.91486000
2024-09-05 22:00:00,0.49510000,0.49970000,0.49290000,0.49700000,1032433.44658000
2024-09-06 02:00:00,0.49700000,0.50470000,0.49530000,0.50140000,1272177.61176000
2024-09-06 06:00:00,0.50140000,0.50290000,0.48810000,0.49400000,1975917.87088000
2024-09-06 10:00:00,0.49400000,0.50170000,0.49240000,0.49660000,1742990.03184000
2024-09-06 14:00:00,0.49660000,0.50740000,0.48770000,0.50400000,6616645.42580000
2024-09-06 18:00:00,0.50400000,0.50520000,0.48450000,0.48670000,4478791.29496000
2024-09-06 22:00:00,0.48670000,0.48810000,0.46830000,0.48030000,5103587.16691000
2024-09-07 02:00:00,0.48030000,0.48900000,0.47940000,0.48750000,1530669.75173000
2024-09-07 06:00:00,0.48750000,0.50180000,0.48710000,0.50010000,1840406.11325000
2024-09-07 10:00:00,0.50010000,0.50160000,0.49610000,0.49880000,1487477.63665000
2024-09-07 14:00:00,0.49880000,0.50490000,0.49850000,0.50320000,1910319.27981000
2024-09-07 18:00:00,0.50320000,0.50430000,0.49570000,0.50270000,1504312.40157000
2024-09-07 22:00:00,0.50270000,0.50330000,0.49700000,0.50090000,847609.80795000
2024-09-08 02:00:00,0.50090000,0.50380000,0.49850000,0.50380000,982287.98996000
2024-09-08 06:00:00,0.50380000,0.51270000,0.50330000,0.50940000,2288843.91312000
2024-09-08 10:00:00,0.50940000,0.51390000,0.50720000,0.50740000,1466976.26352000
2024-09-08 14:00:00,0.50740000,0.50950000,0.49710000,0.49760000,1741620.23190000
2024-09-08 18:00:00,0.49760000,0.50410000,0.49620000,0.50130000,1362737.95142000
2024-09-08 22:00:00,0.50130000,0.51580000,0.50090000,0.50840000,1489032.46590000
2024-09-09 02:00:00,0.50840000,0.51630000,0.50750000,0.51060000,1415776.80967000
2024-09-09 06:00:00,0.51060000,0.51470000,0.50520000,0.51440000,975690.17893000
2024-09-09 10:00:00,0.51440000,0.51930000,0.51280000,0.51330000,1578656.19865000
2024-09-09 14:00:00,0.51330000,0.51740000,0.50730000,0.51220000,1798215.49878000
2024-09-09 18:00:00,0.51220000,0.52620000,0.51150000,0.52550000,3809105.23245000
2024-09-09 22:00:00,0.52550000,0.53200000,0.52280000,0.52370000,1996296.35161000
2024-09-10 02:00:00,0.52370000,0.52400000,0.51620000,0.51710000,1035781.85149000
2024-09-10 06:00:00,0.51710000,0.52560000,0.51560000,0.52440000,1256486.30365000
2024-09-10 10:00:00,0.52440000,0.52720000,0.51960000,0.52660000,1225847.77127000
2024-09-10 14:00:00,0.52660000,0.52760000,0.51920000,0.52040000,1726468.36362000
2024-09-10 18:00:00,0.52040000,0.54060000,0.52030000,0.53180000,3878834.22254000
2024-09-10 22:00:00,0.53180000,0.53870000,0.53000000,0.53320000,1648273.88950000
2024-09-11 02:00:00,0.53320000,0.53400000,0.52060000,0.52170000,1500882.24204000
2024-09-11 06:00:00,0.52170000,0.52160000,0.50770000,0.51490000,2116925.42662000
2024-09-11 10:00:00,0.51490000,0.51500000,0.50840000,0.51050000,1404222.51794000
2024-09-11 14:00:00,0.51050000,0.51630000,0.50080000,0.51230000,4023949.35381000
2024-09-11 18:00:00,0.51230000,0.52280000,0.51140000,0.51270000,2619242.77433000
2024-09-11 22:00:00,0.51270000,0.51640000,0.51260000,0.51430000,773720.05874000
2024-09-12 02:00:00,0.51430000,0.52520000,0.51360000,0.52240000,1862982.57971000
2024-09-12 06:00:00,0.52240000,0.52680000,0.51850000,0.52070000,1275926.36265000
2024-09-12 10:00:00,0.52070000,0.52150000,0.51600000,0.51650000,1145133.99452000
2024-09-12 14:00:00,0.51650000,0.52100000,0.51010000,0.51150000,1645872.71908000
2024-09-12 18:00:00,0.51150000,0.52130000,0.51120000,0.52000000,999563.07434000
2024-09-12 22:00:00,0.52000000,0.52530000,0.51790000,0.52460000,603699.94733000
2024-09-13 02:00:00,0.52460000,0.52550000,0.51920000,0.51940000,454728.67319000
2024-09-13 06:00:00,0.51940000,0.52070000,0.51590000,0.51930000,703673.81129000
2024-09-13 10:00:00,0.51930000,0.52490000,0.51710000,0.51950000,1254272.94206000
2024-09-13 14:00:00,0.51950000,0.52990000,0.51630000,0.52860000,1954810.99755000
2024-09-13 18:00:00,0.52860000,0.53320000,0.52520000,0.53060000,1253410.93042000
2024-09-13 22:00:00,0.53060000,0.53960000,0.52990000,0.53660000,971971.42029000
2024-09-14 02:00:00,0.53660000,0.53920000,0.53380000,0.53800000,508302.03335000
2024-09-14 06:00:00,0.53800000,0.53820000,0.53160000,0.53190000,612737.65623000
2024-09-14 10:00:00,0.53190000,0.53280000,0.52690000,0.52850000,553822.50592000
2024-09-14 14:00:00,0.52850000,0.53420000,0.52810000,0.53280000,694925.43883000
2024-09-14 18:00:00,0.53280000,0.53490000,0.52470000,0.53000000,1068800.10862000
2024-09-14 22:00:00,0.53000000,0.53220000,0.52810000,0.53030000,706785.12251000
2024-09-15 02:00:00,0.53030000,0.53720000,0.52940000,0.53510000,746954.85275000
2024-09-15 06:00:00,0.53510000,0.53920000,0.53490000,0.53690000,1091341.91749000
2024-09-15 10:00:00,0.53690000,0.54030000,0.53260000,0.53570000,1781145.51976000
2024-09-15 14:00:00,0.53570000,0.54010000,0.53350000,0.53750000,1610765.44046000
2024-09-15 18:00:00,0.53750000,0.53800000,0.52660000,0.52800000,2135038.30119000
2024-09-15 22:00:00,0.52800000,0.52850000,0.50810000,0.51060000,3979959.61124000
2024-09-16 02:00:00,0.51060000,0.51160000,0.49780000,0.50520000,2829153.02026000
2024-09-16 06:00:00,0.50520000,0.51180000,0.50360000,0.51140000,1584582.79875000
2024-09-16 10:00:00,0.51140000,0.51690000,0.50520000,0.50750000,1909349.85247000
2024-09-16 14:00:00,0.50750000,0.50820000,0.49720000,0.50350000,3115688.13934000
2024-09-16 18:00:00,0.50350000,0.50530000,0.49830000,0.50060000,2051972.47519000
2024-09-16 22:00:00,0.50060000,0.51200000,0.49860000,0.51020000,2453600.71385000
2024-09-17 02:00:00,0.51020000,0.51280000,0.50430000,0.50720000,1530336.04905000
2024-09-17 06:00:00,0.50720000,0.51480000,0.50660000,0.51240000,1200175.57731000
2024-09-17 10:00:00,0.51240000,0.51450000,0.50860000,0.51050000,2866950.26872000
2024-09-17 14:00:00,0.51050000,0.53050000,0.50960000,0.52800000,5723688.28015000
2024-09-17 18:00:00,0.52800000,0.52960000,0.51490000,0.51970000,3154749.73911000
2024-09-17 22:00:00,0.51970000,0.52190000,0.51780000,0.52160000,1812142.56883000
2024-09-18 02:00:00,0.52160000,0.52560000,0.51460000,0.52360000,1567493.30920000
2024-09-18 06:00:00,0.52360000,0.52410000,0.51770000,0.52040000,1429769.06266000
2024-09-18 10:00:00,0.52040000,0.52050000,0.50490000,0.50920000,2236607.06207000
2024-09-18 14:00:00,0.50920000,0.51270000,0.50090000,0.50340000,2177033.97299000
2024-09-18 18:00:00,0.50340000,0.52060000,0.50050000,0.51320000,5356072.02984000
2024-09-18 22:00:00,0.51320000,0.52930000,0.50840000,0.52890000,2580482.57811000
2024-09-19 02:00:00,0.52890000,0.54700000,0.52890000,0.54260000,4680857.84825000
2024-09-19 06:00:00,0.54260000,0.55150000,0.53920000,0.55010000,3122479.01957000
2024-09-19 10:00:00,0.55010000,0.55160000,0.54260000,0.54750000,3343626.28030000
2024-09-19 14:00:00,0.54750000,0.56390000,0.54680000,0.55950000,5483360.06724000
2024-09-19 18:00:00,0.55950000,0.58090000,0.55910000,0.56250000,7508180.60806000
2024-09-19 22:00:00,0.56250000,0.56660000,0.55560000,0.55730000,2607629.59877000
2024-09-20 02:00:00,0.55730000,0.57590000,0.54930000,0.57580000,3068636.74929000
2024-09-20 06:00:00,0.57580000,0.58800000,0.57390000,0.58320000,7515722.02170000
2024-09-20 10:00:00,0.58320000,0.58350000,0.57220000,0.57390000,3229015.18931000
2024-09-20 14:00:00,0.57390000,0.57730000,0.56410000,0.57470000,5358897.60240000
2024-09-20 18:00:00,0.57470000,0.57540000,0.56330000,0.56870000,2140275.99100000
2024-09-20 22:00:00,0.56870000,0.57800000,0.56800000,0.57710000,1680860.30192000
2024-09-21 02:00:00,0.57710000,0.58270000,0.57020000,0.57140000,2467408.12917000
2024-09-21 06:00:00,0.57140000,0.57770000,0.56630000,0.57730000,1953294.48362000
2024-09-21 10:00:00,0.57730000,0.57930000,0.57340000,0.57820000,1376343.38019000
2024-09-21 14:00:00,0.57820000,0.60500000,0.57630000,0.60230000,7107642.44830000
2024-09-21 18:00:00,0.60230000,0.62290000,0.59420000,0.61190000,6920266.73406000
2024-09-21 22:00:00,0.61190000,0.62040000,0.60390000,0.61540000,4255729.66615000
2024-09-22 02:00:00,0.61540000,0.62130000,0.59550000,0.60130000,5150603.44244000
2024-09-22 06:00:00,0.60130000,0.61080000,0.59710000,0.60000000,2470049.67454000
2024-09-22 10:00:00,0.60000000,0.60110000,0.59150000,0.59860000,3741070.15873000
2024-09-22 14:00:00,0.59860000,0.60290000,0.58770000,0.59330000,3806098.78960000
2024-09-22 18:00:00,0.59330000,0.60190000,0.58760000,0.59910000,2879553.24055000
2024-09-22 22:00:00,0.59910000,0.60430000,0.58270000,0.59950000,4297897.19243000
2024-09-23 02:00:00,0.59950000,0.62350000,0.58860000,0.61700000,6262642.26868000
2024-09-23 06:00:00,0.61700000,0.61810000,0.60380000,0.60690000,3459024.14179000
2024-09-23 10:00:00,0.60690000,0.60810000,0.59780000,0.60090000,4282008.83878000
2024-09-23 14:00:00,0.60090000,0.60610000,0.59520000,0.60340000,3678183.59437000
2024-09-23 18:00:00,0.60340000,0.60840000,0.59830000,0.59990000,2839955.31663000
2024-09-23 22:00:00,0.59990000,0.60260000,0.59330000,0.59850000,1948734.27225000
2024-09-24 02:00:00,0.59850000,0.59990000,0.58620000,0.59330000,4679939.78188000
2024-09-24 06:00:00,0.59330000,0.59850000,0.58960000,0.59800000,2608707.31903000
2024-09-24 10:00:00,0.59800000,0.60290000,0.59550000,0.59870000,3338823.12021000
2024-09-24 14:00:00,0.59870000,0.60370000,0.58420000,0.59020000,5168053.64179000
2024-09-24 18:00:00,0.59020000,0.61420000,0.58900000,0.61250000,4448269.09558000
2024-09-24 22:00:00,0.61250000,0.61790000,0.60740000,0.61390000,3689007.52047000
2024-09-25 02:00:00,0.61390000,0.63380000,0.61150000,0.63050000,5473553.86840000
2024-09-25 06:00:00,0.63050000,0.63150000,0.61170000,0.61310000,4248901.15559000
2024-09-25 10:00:00,0.61310000,0.61800000,0.61060000,0.61740000,2529405.97913000
2024-09-25 14:00:00,0.61740000,0.61800000,0.60670000,0.60890000,3718018.63855000
2024-09-25 18:00:00,0.60890000,0.61550000,0.60290000,0.60710000,2590021.72388000
2024-09-25 22:00:00,0.60710000,0.61210000,0.59540000,0.59820000,3128280.10257000
2024-09-26 02:00:00,0.59820000,0.60400000,0.58720000,0.60340000,3635531.04032000
2024-09-26 06:00:00,0.60340000,0.61980000,0.60040000,0.61960000,3101587.65701000
2024-09-26 10:00:00,0.61960000,0.62690000,0.61360000,0.62170000,4093393.55919000
2024-09-26 14:00:00,0.62170000,0.63450000,0.61710000,0.62970000,6714257.35273000
2024-09-26 18:00:00,0.62970000,0.64440000,0.62720000,0.62980000,6871265.03024000
2024-09-26 22:00:00,0.62980000,0.63220000,0.60950000,0.61960000,5414732.42165000
2024-09-27 02:00:00,0.61960000,0.63070000,0.61780000,0.62980000,3008914.50366000
2024-09-27 06:00:00,0.62980000,0.64090000,0.62780000,0.63370000,4345331.20056000
2024-09-27 10:00:00,0.63370000,0.64920000,0.63250000,0.64420000,6727054.47643000
2024-09-27 14:00:00,0.64420000,0.65510000,0.63700000,0.64950000,7041202.34396000
2024-09-27 18:00:00,0.64950000,0.66590000,0.64660000,0.65530000,6259429.50113000
2024-09-27 22:00:00,0.65530000,0.68030000,0.65190000,0.66760000,6773923.17418000
2024-09-28 02:00:00,0.66760000,0.67250000,0.66180000,0.66830000,3741255.13921000
2024-09-28 06:00:00,0.66830000,0.66850000,0.64820000,0.64830000,5232664.93259000
2024-09-28 10:00:00,0.64830000,0.65340000,0.63300000,0.65160000,6277297.64646000
2024-09-28 14:00:00,0.65160000,0.65180000,0.63920000,0.64810000,3248868.37464000
2024-09-28 18:00:00,0.64810000,0.64930000,0.64180000,0.64780000,2057883.76762000
2024-09-28 22:00:00,0.64780000,0.64940000,0.63640000,0.64700000,2229909.74704000
2024-09-29 02:00:00,0.64700000,0.65070000,0.64020000,0.64770000,2313634.81967000
2024-09-29 06:00:00,0.64770000,0.64790000,0.63320000,0.63460000,2785746.39602000
2024-09-29 10:00:00,0.63460000,0.64250000,0.63210000,0.63990000,2744410.46649000
2024-09-29 14:00:00,0.63990000,0.64330000,0.63110000,0.64300000,3350422.38515000
2024-09-29 18:00:00,0.64300000,0.65460000,0.63850000,0.65440000,3708849.09182000
2024-09-29 22:00:00,0.65440000,0.65740000,0.64260000,0.64520000,3283848.73323000
2024-09-30 02:00:00,0.64520000,0.65360000,0.62750000,0.63590000,5669516.97109000
2024-09-30 06:00:00,0.63590000,0.64380000,0.62960000,0.63920000,2881172.49627000
2024-09-30 10:00:00,0.63920000,0.64000000,0.61590000,0.62790000,5645703.90037000
2024-09-30 14:00:00,0.62790000,0.63190000,0.61250000,0.61340000,4527157.15986000
2024-09-30 18:00:00,0.61340000,0.62010000,0.60980000,0.61630000,3868947.41041000
2024-09-30 22:00:00,0.61630000,0.62150000,0.59810000,0.60400000,3994998.65213000
2024-10-01 02:00:00,0.60400000,0.62000000,0.60090000,0.61860000,2488141.10704000
2024-10-01 06:00:00,0.61860000,0.62910000,0.61670000,0.62720000,2466146.70475000
2024-10-01 10:00:00,0.62720000,0.62830000,0.62200000,0.62230000,1555886.55457000
2024-10-01 14:00:00,0.62230000,0.62380000,0.55760000,0.57640000,15097603.31092000
2024-10-01 18:00:00,0.57640000,0.57870000,0.53280000,0.55280000,12023986.76359000
2024-10-01 22:00:00,0.55280000,0.55550000,0.53800000,0.55030000,5306750.84925000
2024-10-02 02:00:00,0.55030000,0.56250000,0.54690000,0.55920000,2983840.40348000
2024-10-02 06:00:00,0.55920000,0.56350000,0.55080000,0.55970000,3208260.10405000
2024-10-02 10:00:00,0.55970000,0.56290000,0.54310000,0.54960000,5341518.53966000
2024-10-02 14:00:00,0.54960000,0.55210000,0.53750000,0.54990000,6171474.41697000
2024-10-02 18:00:00,0.54990000,0.55600000,0.52420000,0.52980000,6434895.17643000
2024-10-02 22:00:00,0.52980000,0.53750000,0.52640000,0.53130000,2990748.57206000
2024-10-03 02:00:00,0.53130000,0.54240000,0.52540000,0.54230000,2787265.21066000
2024-10-03 06:00:00,0.54230000,0.54330000,0.52790000,0.52870000,2344043.06000000
2024-10-03 10:00:00,0.52870000,0.53440000,0.51500000,0.52780000,4773773.17945000
2024-10-03 14:00:00,0.52780000,0.53420000,0.51420000,0.52610000,5091098.32051000
2024-10-03 18:00:00,0.52610000,0.53200000,0.51640000,0.53200000,3340509.26621000
2024-10-03 22:00:00,0.53200000,0.53680000,0.52580000,0.53350000,1976642.00503000
2024-10-04 02:00:00,0.53350000,0.54380000,0.53120000,0.53980000,2268894.24654000
2024-10-04 06:00:00,0.53980000,0.55160000,0.53960000,0.54910000,2523585.51007000
2024-10-04 10:00:00,0.54910000,0.55480000,0.54810000,0.55230000,1930094.75403000
2024-10-04 14:00:00,0.55230000,0.56030000,0.54610000,0.56030000,4269747.23962000
2024-10-04 18:00:00,0.56030000,0.56750000,0.55870000,0.56540000,2492872.96863000
2024-10-04 22:00:00,0.56540000,0.56760000,0.56200000,0.56490000,1255449.29869000
2024-10-05 02:00:00,0.56490000,0.56950000,0.55640000,0.55850000,1554893.16106000
2024-10-05 06:00:00,0.55850000,0.56530000,0.55770000,0.55970000,1499432.26419000
2024-10-05 10:00:00,0.55970000,0.56350000,0.55710000,0.55920000,1339742.26007000
2024-10-05 14:00:00,0.55920000,0.56240000,0.55300000,0.55530000,1925322.56470000
2024-10-05 18:00:00,0.55530000,0.55580000,0.54420000,0.54580000,2207491.27831000
2024-10-05 22:00:00,0.54580000,0.55130000,0.54230000,0.55000000,1471697.05516000
2024-10-06 02:00:00,0.55000000,0.55510000,0.54770000,0.54900000,1174451.03331000
2024-10-06 06:00:00,0.54900000,0.55150000,0.54800000,0.55040000,1003078.83247000
2024-10-06 10:00:00,0.55040000,0.55260000,0.54790000,0.55010000,1381011.50467000
2024-10-06 14:00:00,0.55010000,0.56340000,0.54950000,0.55970000,3254739.10382000
2024-10-06 18:00:00,0.55970000,0.56250000,0.55360000,0.55440000,1919071.83672000
2024-10-06 22:00:00,0.55440000,0.55980000,0.55010000,0.55950000,1753244.17562000
2024-10-07 02:00:00,0.55950000,0.57540000,0.55620000,0.56880000,3705555.71946000
2024-10-07 06:00:00,0.56880000,0.57140000,0.56480000,0.56560000,2037562.32991000
2024-10-07 10:00:00,0.56560000,0.56800000,0.55000000,0.56040000,3757832.00658000
2024-10-07 14:00:00,0.56040000,0.57330000,0.55650000,0.56360000,4852488.87822000
2024-10-07 18:00:00,0.56360000,0.56740000,0.55260000,0.55960000,3248459.01381000
2024-10-07 22:00:00,0.55960000,0.56260000,0.54810000,0.54880000,2422969.92144000
2024-10-08 02:00:00,0.54880000,0.55550000,0.54800000,0.55270000,1720222.83550000
2024-10-08 06:00:00,0.55270000,0.55700000,0.54390000,0.55030000,2803933.80057000
2024-10-08 10:00:00,0.55030000,0.55160000,0.54640000,0.54960000,2004041.41678000
2024-10-08 14:00:00,0.54960000,0.55420000,0.53440000,0.54030000,4016446.20409000
2024-10-08 18:00:00,0.54030000,0.54560000,0.53620000,0.54130000,2192276.56440000
2024-10-08 22:00:00,0.54130000,0.54680000,0.53700000,0.54030000,1325180.87831000
2024-10-09 02:00:00,0.54030000,0.54840000,0.53660000,0.54210000,1711064.60368000
2024-10-09 06:00:00,0.54210000,0.54550000,0.53900000,0.54090000,1261151.85865000
2024-10-09 10:00:00,0.54090000,0.54210000,0.53720000,0.54150000,1256041.80760000
2024-10-09 14:00:00,0.54150000,0.54330000,0.52940000,0.54090000,3570361.11560000
2024-10-09 18:00:00,0.54090000,0.54140000,0.52120000,0.52490000,3219285.40740000
2024-10-09 22:00:00,0.52490000,0.52560000,0.51440000,0.52130000,2511417.52484000
2024-10-10 02:00:00,0.52130000,0.52610000,0.51800000,0.52450000,1203374.17423000
2024-10-10 06:00:00,0.52450000,0.52970000,0.52320000,0.52450000,1262003.88922000
2024-10-10 10:00:00,0.52450000,0.52810000,0.51550000,0.52780000,2044240.50940000
2024-10-10 14:00:00,0.52780000,0.52820000,0.51750000,0.52370000,3073246.56962000
2024-10-10 18:00:00,0.52370000,0.52700000,0.50590000,0.51640000,4079652.28244000
2024-10-10 22:00:00,0.51640000,0.52580000,0.51410000,0.52510000,1931476.46576000
2024-10-11 02:00:00,0.52510000,0.53090000,0.52260000,0.52820000,1584293.38373000
2024-10-11 06:00:00,0.52820000,0.53060000,0.52600000,0.52890000,1248039.88494000
2024-10-11 10:00:00,0.52890000,0.53520000,0.52850000,0.53160000,1608337.77472000
2024-10-11 14:00:00,0.53160000,0.53990000,0.53040000,0.53720000,3446967.62340000
2024-10-11 18:00:00,0.53720000,0.54250000,0.53480000,0.53950000,2837226.40290000
2024-10-11 22:00:00,0.53950000,0.54150000,0.53240000,0.53380000,2086817.24109000
2024-10-12 02:00:00,0.53380000,0.53760000,0.52870000,0.53040000,1823200.50887000
2024-10-12 06:00:00,0.53040000,0.53630000,0.53010000,0.53620000,2141186.72242000
2024-10-12 10:00:00,0.53620000,0.54080000,0.53440000,0.53810000,4374615.40237000
2024-10-12 14:00:00,0.53810000,0.54310000,0.53520000,0.53990000,3662546.01086000
2024-10-12 18:00:00,0.53990000,0.54510000,0.53390000,0.53650000,3375544.20984000
2024-10-12 22:00:00,0.53650000,0.54180000,0.53600000,0.53770000,1660970.68301000
2024-10-13 02:00:00,0.53770000,0.53890000,0.52720000,0.52940000,2503257.90247000
2024-10-13 06:00:00,0.52940000,0.53550000,0.52910000,0.53390000,1653703.89179000
2024-10-13 10:00:00,0.53390000,0.53930000,0.53210000,0.53250000,3694262.93514000
2024-10-13 14:00:00,0.53250000,0.53870000,0.52050000,0.52320000,4952286.69153000
2024-10-13 18:00:00,0.52320000,0.52880000,0.51770000,0.52240000,3080642.95749000
2024-10-13 22:00:00,0.52240000,0.53220000,0.52100000,0.52930000,3485701.51105000
2024-10-14 02:00:00,0.52930000,0.54010000,0.51790000,0.53890000,4051809.31674000
2024-10-14 06:00:00,0.53890000,0.54330000,0.53240000,0.54080000,4348537.17248000
2024-10-14 10:00:00,0.54080000,0.54880000,0.53540000,0.54770000,4353164.34792000
2024-10-14 14:00:00,0.54770000,0.56220000,0.54680000,0.56160000,6727679.73835000
2024-10-14 18:00:00,0.56160000,0.56390000,0.55590000,0.56260000,3612174.81662000
2024-10-14 22:00:00,0.56260000,0.56900000,0.55940000,0.56480000,2598979.19603000
2024-10-15 02:00:00,0.56480000,0.56860000,0.55740000,0.55810000,3579236.09324000
2024-10-15 06:00:00,0.55810000,0.56850000,0.55610000,0.56310000,3824201.60703000
2024-10-15 10:00:00,0.56310000,0.57550000,0.55050000,0.55400000,7405663.16680000
2024-10-15 14:00:00,0.55400000,0.58330000,0.54320000,0.55820000,13711944.31378000
2024-10-15 18:00:00,0.55820000,0.57180000,0.55720000,0.56320000,4012522.51973000
2024-10-15 22:00:00,0.56320000,0.56810000,0.55190000,0.56770000,3050642.79320000
2024-10-16 02:00:00,0.56770000,0.57230000,0.55930000,0.56780000,2706669.20238000
2024-10-16 06:00:00,0.56780000,0.58320000,0.56260000,0.56900000,7188145.29755000
2024-10-16 10:00:00,0.56900000,0.58000000,0.56500000,0.57670000,5903154.05783000
2024-10-16 14:00:00,0.57670000,0.58180000,0.56310000,0.56510000,7136594.91129000
2024-10-16 18:00:00,0.56510000,0.56750000,0.55490000,0.55760000,4489561.73340000
2024-10-16 22:00:00,0.55760000,0.56410000,0.55680000,0.55710000,2074222.04601000
2024-10-17 02:00:00,0.55710000,0.56590000,0.55700000,0.56230000,2614476.50923000
2024-10-17 06:00:00,0.56230000,0.56280000,0.54640000,0.55150000,3116216.15382000
2024-10-17 10:00:00,0.55150000,0.55230000,0.54060000,0.54310000,3694081.43817000
2024-10-17 14:00:00,0.54310000,0.55690000,0.54210000,0.55600000,4682828.92135000
2024-10-17 18:00:00,0.55600000,0.55680000,0.54060000,0.54580000,3463665.11968000
2024-10-17 22:00:00,0.54580000,0.55120000,0.54580000,0.54660000,1486341.61667000
2024-10-18 02:00:00,0.54660000,0.55890000,0.54340000,0.54970000,2460409.80655000
2024-10-18 06:00:00,0.54970000,0.56170000,0.54910000,0.56090000,2101628.45091000
2024-10-18 10:00:00,0.56090000,0.56210000,0.55680000,0.55760000,2107532.04075000
2024-10-18 14:00:00,0.55760000,0.56720000,0.55380000,0.56460000,3665488.02925000
2024-10-18 18:00:00,0.56460000,0.57190000,0.56110000,0.56480000,3266597.86058000
2024-10-18 22:00:00,0.56480000,0.56480000,0.55910000,0.56330000,1781960.14335000
2024-10-19 02:00:00,0.56330000,0.57210000,0.56140000,0.56710000,1614734.08303000
2024-10-19 06:00:00,0.56710000,0.57110000,0.56460000,0.56720000,1766039.63111000
2024-10-19 10:00:00,0.56720000,0.56900000,0.55780000,0.55800000,1655295.36753000
2024-10-19 14:00:00,0.55800000,0.56280000,0.55600000,0.56010000,2412865.22989000
2024-10-19 18:00:00,0.56010000,0.56300000,0.55750000,0.56070000,1760293.89099000
2024-10-19 22:00:00,0.56070000,0.56940000,0.56020000,0.56590000,1624218.47731000
2024-10-20 02:00:00,0.56590000,0.57070000,0.56060000,0.56380000,1625898.11365000
2024-10-20 06:00:00,0.56380000,0.57650000,0.56250000,0.57270000,3190992.95433000
2024-10-20 10:00:00,0.57270000,0.57700000,0.57140000,0.57700000,1829926.72524000
2024-10-20 14:00:00,0.57700000,0.61960000,0.57490000,0.60140000,15118559.07646000
2024-10-20 18:00:00,0.60140000,0.60400000,0.59490000,0.60380000,4478766.91881000
2024-10-20 22:00:00,0.60380000,0.61470000,0.60200000,0.61280000,4107793.64519000
2024-10-21 02:00:00,0.61280000,0.61680000,0.60190000,0.60560000,3745914.11623000
2024-10-21 06:00:00,0.60560000,0.61100000,0.60070000,0.60090000,2647779.54843000
2024-10-21 10:00:00,0.60090000,0.60370000,0.59030000,0.59510000,4103992.13720000
2024-10-21 14:00:00,0.59510000,0.59790000,0.58190000,0.58950000,5977116.32419000
2024-10-21 18:00:00,0.58950000,0.59520000,0.58020000,0.59240000,4925218.80725000
2024-10-21 22:00:00,0.59240000,0.59350000,0.58750000,0.58790000,1472021.61878000
2024-10-22 02:00:00,0.58790000,0.59760000,0.58040000,0.59600000,3536535.36334000
2024-10-22 06:00:00,0.59600000,0.60060000,0.59300000,0.59320000,2320672.57278000
2024-10-22 10:00:00,0.59320000,0.59610000,0.58160000,0.58670000,3800542.34728000
2024-10-22 14:00:00,0.58670000,0.58940000,0.57230000,0.57870000,5583645.54481000
2024-10-22 18:00:00,0.57870000,0.58220000,0.57270000,0.57920000,2313037.15856000
2024-10-22 22:00:00,0.57920000,0.58460000,0.57770000,0.57970000,1605899.05718000
2024-10-23 02:00:00,0.57970000,0.58140000,0.57010000,0.57530000,2228505.40730000
2024-10-23 06:00:00,0.57530000,0.58060000,0.57040000,0.57190000,2538814.06988000
2024-10-23 10:00:00,0.57190000,0.57390000,0.56120000,0.56390000,4255482.29147000
2024-10-23 14:00:00,0.56390000,0.56950000,0.55300000,0.55610000,5310990.97107000
2024-10-23 18:00:00,0.55610000,0.55750000,0.54270000,0.55580000,6309944.26974000
2024-10-23 22:00:00,0.55580000,0.56080000,0.55440000,0.55960000,1917105.63017000
2024-10-24 02:00:00,0.55960000,0.56760000,0.55600000,0.56420000,3095739.62552000
2024-10-24 06:00:00,0.56420000,0.56860000,0.55950000,0.56010000,2440357.55450000
2024-10-24 10:00:00,0.56010000,0.56290000,0.55150000,0.55720000,2824498.12624000
2024-10-24 14:00:00,0.55720000,0.56380000,0.55560000,0.56140000,3684652.41300000
2024-10-24 18:00:00,0.56140000,0.56580000,0.55810000,0.56510000,2339354.29480000
2024-10-24 22:00:00,0.56510000,0.56950000,0.55940000,0.56110000,2161096.55279000
2024-10-25 02:00:00,0.56110000,0.56250000,0.55140000,0.55450000,2362318.12291000
2024-10-25 06:00:00,0.55450000,0.55480000,0.54110000,0.54460000,3744590.64172000
2024-10-25 10:00:00,0.54460000,0.55570000,0.54170000,0.55360000,4309061.24169000
2024-10-25 14:00:00,0.55360000,0.55810000,0.54710000,0.55190000,4338531.62046000
2024-10-25 18:00:00,0.55190000,0.55230000,0.52620000,0.53670000,9560470.19207000
2024-10-25 22:00:00,0.53670000,0.54090000,0.48680000,0.50650000,12347862.98066000
2024-10-26 02:00:00,0.50650000,0.51380000,0.49650000,0.51300000,5684644.85038000
2024-10-26 06:00:00,0.51300000,0.51780000,0.51160000,0.51240000,2699194.26914000
2024-10-26 10:00:00,0.51240000,0.51710000,0.51130000,0.51510000,2081125.83779000
2024-10-26 14:00:00,0.51510000,0.51680000,0.49790000,0.50380000,3903140.16545000
2024-10-26 18:00:00,0.50380000,0.51550000,0.50290000,0.51460000,2381878.67953000
2024-10-26 22:00:00,0.51460000,0.51960000,0.51300000,0.51420000,1747377.88004000
2024-10-27 02:00:00,0.51420000,0.51640000,0.51110000,0.51640000,1230976.18544000
2024-10-27 05:00:00,0.51640000,0.51700000,0.51290000,0.51360000,1036356.68679000
2024-10-27 09:00:00,0.51360000,0.51560000,0.50630000,0.50740000,1906870.78295000
2024-10-27 13:00:00,0.50740000,0.51740000,0.50740000,0.51640000,2110195.23483000
2024-10-27 17:00:00,0.51640000,0.51870000,0.51160000,0.51400000,2023710.09124000
2024-10-27 21:00:00,0.51400000,0.52450000,0.51280000,0.51940000,2525426.00278000
2024-10-28 01:00:00,0.51940000,0.52120000,0.50640000,0.50780000,2131859.56477000
2024-10-28 05:00:00,0.50780000,0.52150000,0.50380000,0.51740000,3656336.40079000
2024-10-28 09:00:00,0.51740000,0.52400000,0.51670000,0.52160000,3092227.88174000
2024-10-28 13:00:00,0.52160000,0.52240000,0.50830000,0.51020000,4805480.16421000
2024-10-28 17:00:00,0.51020000,0.51580000,0.50220000,0.51410000,4893747.69010000
2024-10-28 21:00:00,0.51410000,0.52960000,0.51390000,0.52250000,4617281.90796000
2024-10-29 01:00:00,0.52250000,0.53560000,0.52090000,0.53250000,4573059.87084000
2024-10-29 05:00:00,0.53250000,0.53580000,0.52850000,0.53030000,2354638.30133000
2024-10-29 09:00:00,0.53030000,0.53770000,0.52970000,0.53720000,3948127.15173000
2024-10-29 13:00:00,0.53720000,0.54070000,0.53220000,0.54060000,6441627.80307000
2024-10-29 17:00:00,0.54060000,0.55070000,0.53950000,0.54130000,7584320.33463000
2024-10-29 21:00:00,0.54130000,0.54860000,0.53700000,0.54760000,3045842.09919000
2024-10-30 01:00:00,0.54760000,0.54840000,0.53910000,0.54680000,2746724.50955000
2024-10-30 05:00:00,0.54680000,0.55340000,0.54220000,0.55040000,4494833.87504000
2024-10-30 09:00:00,0.55040000,0.55720000,0.54280000,0.54310000,6783494.40606000
2024-10-30 13:00:00,0.54310000,0.57020000,0.54030000,0.56510000,12441755.42709000
2024-10-30 17:00:00,0.56510000,0.56900000,0.55750000,0.55890000,5460285.66666000
2024-10-30 21:00:00,0.55890000,0.56390000,0.55420000,0.55730000,3886461.21846000
2024-10-31 01:00:00,0.55730000,0.56130000,0.54910000,0.55120000,4161245.22167000
2024-10-31 05:00:00,0.55120000,0.55350000,0.54330000,0.54850000,2953277.38516000
2024-10-31 09:00:00,0.54850000,0.54860000,0.54030000,0.54220000,3943258.46506000
2024-10-31 13:00:00,0.54220000,0.54330000,0.52830000,0.53460000,7272599.52379000
2024-10-31 17:00:00,0.53460000,0.53460000,0.51920000,0.52010000,6388566.69368000
2024-10-31 21:00:00,0.52010000,0.52960000,0.51910000,0.52680000,3755394.18162000
2024-11-01 01:00:00,0.52680000,0.53130000,0.51770000,0.53060000,3953109.84695000
2024-11-01 05:00:00,0.53060000,0.53370000,0.51900000,0.52410000,3381430.88062000
2024-11-01 09:00:00,0.52410000,0.53460000,0.52280000,0.53020000,3334422.82920000
2024-11-01 13:00:00,0.53020000,0.54470000,0.51660000,0.52330000,8569085.01488000
2024-11-01 17:00:00,0.52330000,0.53360000,0.52250000,0.52510000,4554767.46126000
2024-11-01 21:00:00,0.52510000,0.52540000,0.51060000,0.51950000,3555643.51095000
2024-11-02 01:00:00,0.51950000,0.52550000,0.51910000,0.52030000,1690700.23215000
2024-11-02 05:00:00,0.52030000,0.52150000,0.51520000,0.51980000,2825792.30914000
2024-11-02 09:00:00,0.51980000,0.52070000,0.51620000,0.51660000,1978142.19817000
2024-11-02 13:00:00,0.51660000,0.51790000,0.50630000,0.50960000,4771250.52201000
2024-11-02 17:00:00,0.50960000,0.51280000,0.50020000,0.50460000,4383946.82349000
2024-11-02 21:00:00,0.50460000,0.50630000,0.50150000,0.50420000,1616422.94623000
2024-11-03 01:00:00,0.50420000,0.50530000,0.47360000,0.48710000,11269408.84294000
2024-11-03 05:00:00,0.48710000,0.49270000,0.48580000,0.48710000,5074454.38195000
2024-11-03 09:00:00,0.48710000,0.48830000,0.47740000,0.47830000,6725120.29272000
2024-11-03 13:00:00,0.47830000,0.48080000,0.46040000,0.47420000,15268702.78640000
2024-11-03 17:00:00,0.47420000,0.48070000,0.47080000,0.48030000,5721162.77170000
2024-11-03 21:00:00,0.48030000,0.48600000,0.47840000,0.48180000,3641146.50682000
2024-11-04 01:00:00,0.48180000,0.49160000,0.47650000,0.48550000,3708259.21424000
2024-11-04 05:00:00,0.48550000,0.48990000,0.47990000,0.48060000,3720156.14753000
2024-11-04 09:00:00,0.48060000,0.48890000,0.47700000,0.48780000,4673147.75825000
2024-11-04 13:00:00,0.48780000,0.49080000,0.47770000,0.47900000,5959453.15337000
2024-11-04 17:00:00,0.47900000,0.48010000,0.47130000,0.47750000,5958905.10169000
2024-11-04 21:00:00,0.47750000,0.47760000,0.45940000,0.47310000,9640744.95055000
2024-11-05 01:00:00,0.47310000,0.47950000,0.47230000,0.47860000,3653969.43945000
2024-11-05 05:00:00,0.47860000,0.48280000,0.47780000,0.48110000,3867086.89984000
2024-11-05 09:00:00,0.48110000,0.48480000,0.47860000,0.48320000,3927287.59697000
2024-11-05 13:00:00,0.48320000,0.49580000,0.48060000,0.48730000,8485414.39766000
2024-11-05 17:00:00,0.48730000,0.49620000,0.48100000,0.48310000,6367572.48384000
2024-11-05 21:00:00,0.48310000,0.49310000,0.48160000,0.49030000,4321538.57815000
2024-11-06 01:00:00,0.49030000,0.52550000,0.49030000,0.51950000,18740824.81649000
2024-11-06 05:00:00,0.51950000,0.53430000,0.51350000,0.52330000,13986770.23589000
2024-11-06 09:00:00,0.52330000,0.53140000,0.51310000,0.52970000,10253583.45862000
2024-11-06 13:00:00,0.52970000,0.53350000,0.51600000,0.52210000,10917281.88631000
2024-11-06 17:00:00,0.52210000,0.53670000,0.52160000,0.53630000,9250708.26105000
2024-11-06 21:00:00,0.53630000,0.55640000,0.53380000,0.54880000,10005780.90604000
2024-11-07 01:00:00,0.54880000,0.59400000,0.54570000,0.57830000,25044313.56298000
2024-11-07 05:00:00,0.57830000,0.57920000,0.55910000,0.56670000,15262577.02671000
2024-11-07 09:00:00,0.56670000,0.58350000,0.56610000,0.57190000,20563464.52816000
2024-11-07 13:00:00,0.57190000,0.58340000,0.56230000,0.57610000,19374753.17924000
2024-11-07 17:00:00,0.57610000,0.58520000,0.56940000,0.58520000,15961354.59026000
2024-11-07 21:00:00,0.58520000,0.59150000,0.57430000,0.58090000,14551451.00298000
2024-11-08 01:00:00,0.58090000,0.59380000,0.57130000,0.57480000,14213346.39490000
2024-11-08 05:00:00,0.57480000,0.57920000,0.56670000,0.57280000,9140892.45988000
2024-11-08 09:00:00,0.57280000,0.57500000,0.56690000,0.57230000,8270147.93678000
2024-11-08 13:00:00,0.57230000,0.58790000,0.57240000,0.58550000,18869139.33848000
2024-11-08 17:00:00,0.58550000,0.59750000,0.56870000,0.59180000,24833347.47154000
2024-11-08 21:00:00,0.59180000,0.59850000,0.58480000,0.59160000,11708213.65978000
2024-11-09 01:00:00,0.59160000,0.59920000,0.57920000,0.58120000,10287995.04852000
2024-11-09 05:00:00,0.58120000,0.61920000,0.58050000,0.60170000,22497725.22188000
2024-11-09 09:00:00,0.60170000,0.61490000,0.60130000,0.61450000,12231348.16634000
2024-11-09 13:00:00,0.61450000,0.61590000,0.59440000,0.59900000,20364300.04429000
2024-11-09 17:00:00,0.59900000,0.60010000,0.58350000,0.59330000,12928653.25028000
2024-11-09 21:00:00,0.59330000,0.62440000,0.59210000,0.61990000,15708633.06302000
2024-11-10 01:00:00,0.61990000,0.62030000,0.60510000,0.61530000,13767593.19889000
2024-11-10 05:00:00,0.61530000,0.63380000,0.61370000,0.62270000,19668499.93557000
2024-11-10 09:00:00,0.62270000,0.65020000,0.62100000,0.64650000,21820875.71949000
2024-11-10 13:00:00,0.64650000,0.65060000,0.63070000,0.64510000,32766932.68170000
2024-11-10 17:00:00,0.64510000,0.65610000,0.62560000,0.63280000,25359699.71456000
2024-11-10 21:00:00,0.63280000,0.63640000,0.59620000,0.62950000,29437932.08572000
2024-11-11 01:00:00,0.62950000,0.65530000,0.62530000,0.64930000,19756208.82539000
2024-11-11 05:00:00,0.64930000,0.65010000,0.61030000,0.62370000,21164741.32677000
2024-11-11 09:00:00,0.62370000,0.63750000,0.62060000,0.63710000,14194856.25050000
2024-11-11 13:00:00,0.63710000,0.64130000,0.61890000,0.63500000,26895908.95572000
2024-11-11 17:00:00,0.63500000,0.66120000,0.63400000,0.65150000,29616953.90686000
2024-11-11 21:00:00,0.65150000,0.67270000,0.64280000,0.67210000,26009709.35761000
2024-11-12 01:00:00,0.67210000,0.67320000,0.64640000,0.66690000,31322737.85419000
2024-11-12 05:00:00,0.66690000,0.68200000,0.65620000,0.66880000,24162014.95711000
2024-11-12 09:00:00,0.66880000,0.69010000,0.60400000,0.63420000,62808736.47449000
2024-11-12 13:00:00,0.63420000,0.63920000,0.60440000,0.62330000,32209421.81599000
2024-11-12 17:00:00,0.62330000,0.63260000,0.60670000,0.62740000,17691715.46613000
2024-11-12 21:00:00,0.62740000,0.64360000,0.61850000,0.63040000,13545892.40616000
2024-11-13 01:00:00,0.63040000,0.63790000,0.59870000,0.59920000,21517184.67940000
2024-11-13 05:00:00,0.59920000,0.60830000,0.57140000,0.58590000,30072382.77954000
2024-11-13 09:00:00,0.58590000,0.59870000,0.57590000,0.59220000,15041975.28346000
2024-11-13 13:00:00,0.59220000,0.63990000,0.58440000,0.63510000,40501811.05697000
2024-11-13 17:00:00,0.63510000,0.64500000,0.60710000,0.60930000,31836182.44653000
2024-11-13 21:00:00,0.60930000,0.61620000,0.59260000,0.61250000,19000612.22702000
2024-11-14 01:00:00,0.61250000,0.62210000,0.60420000,0.61950000,15025223.87504000
2024-11-14 05:00:00,0.61950000,0.63650000,0.61480000,0.62720000,14073872.86883000
2024-11-14 09:00:00,0.62720000,0.63110000,0.60040000,0.60980000,16729600.11893000
2024-11-14 13:00:00,0.60980000,0.61300000,0.57900000,0.58470000,22851130.38465000
2024-11-14 17:00:00,0.58470000,0.60310000,0.58070000,0.60050000,12747305.01719000
2024-11-14 21:00:00,0.60050000,0.60110000,0.57200000,0.58050000,18618248.61359000
2024-11-15 01:00:00,0.58050000,0.58780000,0.56950000,0.58510000,12273291.29444000
2024-11-15 05:00:00,0.58510000,0.58680000,0.56640000,0.57870000,13751250.41486000
2024-11-15 09:00:00,0.57870000,0.59720000,0.57330000,0.59640000,13283976.73743000
2024-11-15 13:00:00,0.59640000,0.60040000,0.57300000,0.57720000,19292513.59443000
2024-11-15 17:00:00,0.57720000,0.59660000,0.57400000,0.59290000,13033200.51627000
2024-11-15 21:00:00,0.59290000,0.61340000,0.59270000,0.60690000,11310207.04811000
2024-11-16 01:00:00,0.60690000,0.62340000,0.60220000,0.62320000,8834556.76738000
2024-11-16 05:00:00,0.62320000,0.62740000,0.61500000,0.62120000,10875530.79959000
2024-11-16 09:00:00,0.62120000,0.65460000,0.62110000,0.65450000,27055685.93824000
2024-11-16 13:00:00,0.65450000,0.66740000,0.64470000,0.65620000,34108830.73274000
2024-11-16 17:00:00,0.65620000,0.72160000,0.65180000,0.71770000,62809776.53907000
2024-11-16 21:00:00,0.71770000,0.76420000,0.71540000,0.72560000,75316334.12778001
2024-11-17 01:00:00,0.72560000,0.73300000,0.66960000,0.69310000,49408032.16051000
2024-11-17 05:00:00,0.69310000,0.70900000,0.68510000,0.70380000,24168000.44689000
2024-11-17 09:00:00,0.70380000,0.71880000,0.67890000,0.67910000,28364201.18144000
2024-11-17 13:00:00,0.67910000,0.69600000,0.67830000,0.68770000,17682913.12523000
2024-11-17 17:00:00,0.68770000,0.69680000,0.67130000,0.68180000,18842529.76943000
2024-11-17 21:00:00,0.68180000,0.68330000,0.65960000,0.67470000,16211826.27672000
2024-11-18 01:00:00,0.67470000,0.70270000,0.67130000,0.68910000,22410767.06747000
2024-11-18 05:00:00,0.68910000,0.70590000,0.68030000,0.70130000,16357322.75888000
2024-11-18 09:00:00,0.70130000,0.70370000,0.67580000,0.67830000,21259094.69126000
2024-11-18 13:00:00,0.67830000,0.71020000,0.67110000,0.70620000,25088394.43877000
2024-11-18 17:00:00,0.70620000,0.73640000,0.69540000,0.70720000,42761358.22328000
2024-11-18 21:00:00,0.70720000,0.74980000,0.70230000,0.73930000,28863271.29953000
2024-11-19 01:00:00,0.73930000,0.75640000,0.71240000,0.71580000,26237750.10315000
2024-11-19 05:00:00,0.71580000,0.71870000,0.70150000,0.70470000,11689159.10748000
2024-11-19 09:00:00,0.70470000,0.71100000,0.69240000,0.71050000,20298029.21022000
2024-11-19 13:00:00,0.71050000,0.71600000,0.68810000,0.69350000,21837615.24240000
2024-11-19 17:00:00,0.69350000,0.70350000,0.69020000,0.69510000,12725717.82794000
2024-11-19 21:00:00,0.69510000,0.69640000,0.67500000,0.69240000,15498437.59162000
2024-11-20 01:00:00,0.69240000,0.69240000,0.66510000,0.67730000,12352819.55256000
2024-11-20 05:00:00,0.67730000,0.68660000,0.67140000,0.68240000,7239185.08410000
2024-11-20 09:00:00,0.68240000,0.71680000,0.68050000,0.70230000,32742360.43816000
2024-11-20 13:00:00,0.70230000,0.71370000,0.67900000,0.69610000,29380539.81451000
2024-11-20 17:00:00,0.69610000,0.69780000,0.64860000,0.65580000,29915894.74599000
2024-11-20 21:00:00,0.65580000,0.67850000,0.65050000,0.67230000,11805947.68242000
2024-11-21 01:00:00,0.67230000,0.68490000,0.64940000,0.66760000,14967086.97952000
2024-11-21 05:00:00,0.66760000,0.70830000,0.66750000,0.70460000,32495689.97328000
2024-11-21 09:00:00,0.70460000,0.71480000,0.68850000,0.70130000,21332294.18017000
2024-11-21 13:00:00,0.70130000,0.82290000,0.70040000,0.78670000,172000145.04921001
2024-11-21 17:00:00,0.78670000,0.80910000,0.76860000,0.77680000,50082089.31714000
2024-11-21 21:00:00,0.77680000,0.79490000,0.77600000,0.77930000,20940090.09153000
2024-11-22 01:00:00,0.77930000,0.78570000,0.75630000,0.77250000,28409345.16847000
2024-11-22 05:00:00,0.77250000,0.80360000,0.76970000,0.77690000,30300183.17142000
2024-11-22 09:00:00,0.77690000,0.80140000,0.76950000,0.78480000,29148437.43075000
2024-11-22 13:00:00,0.78480000,0.84220000,0.77580000,0.79780000,95139759.11267000
2024-11-22 17:00:00,0.79780000,0.79930000,0.76240000,0.77180000,31902318.61937000
2024-11-22 21:00:00,0.77180000,0.81300000,0.76860000,0.80960000,22505238.46678000
2024-11-23 01:00:00,0.80960000,0.84020000,0.79940000,0.81620000,41054418.26008000
2024-11-23 05:00:00,0.81620000,0.83370000,0.80010000,0.82860000,22806247.84726000
2024-11-23 09:00:00,0.82860000,0.85730000,0.81780000,0.83210000,35502750.70109000
2024-11-23 13:00:00,0.83210000,0.88370000,0.82770000,0.86820000,57349788.02617000
2024-11-23 17:00:00,0.86820000,0.87870000,0.82120000,0.86260000,64260466.20243000
2024-11-23 21:00:00,0.86260000,0.87910000,0.83990000,0.85600000,27162923.93773000
2024-11-24 01:00:00,0.85600000,0.89970000,0.85050000,0.89790000,36257130.53674000
2024-11-24 05:00:00,0.89790000,0.91250000,0.87280000,0.88460000,32278843.78021000
2024-11-24 09:00:00,0.88460000,0.88980000,0.83550000,0.83990000,38598692.90874000
2024-11-24 13:00:00,0.83990000,0.84860000,0.79760000,0.80020000,52325012.46278000
2024-11-24 17:00:00,0.80020000,0.83610000,0.79580000,0.82540000,19279432.95240000
2024-11-24 21:00:00,0.82540000,0.86820000,0.82290000,0.86310000,16616399.57321000
2024-11-25 01:00:00,0.86310000,0.86370000,0.82380000,0.85150000,22537449.31018000
2024-11-25 05:00:00,0.85150000,0.87570000,0.84330000,0.86130000,21097136.39585000
2024-11-25 09:00:00,0.86130000,0.94540000,0.85950000,0.91040000,72121440.23748000
2024-11-25 13:00:00,0.91040000,0.95500000,0.87150000,0.94720000,79781989.77489001
2024-11-25 17:00:00,0.94720000,0.95600000,0.90090000,0.93230000,50464382.56057000
2024-11-25 21:00:00,0.93230000,0.95430000,0.89610000,0.90600000,50850497.01163000
2024-11-26 01:00:00,0.90600000,0.92190000,0.88810000,0.91440000,32535487.26997000
2024-11-26 05:00:00,0.91440000,0.92800000,0.88530000,0.89650000,27938582.87116000
2024-11-26 09:00:00,0.89650000,0.89770000,0.83860000,0.85750000,46441147.96402000
2024-11-26 13:00:00,0.85750000,0.88510000,0.84910000,0.85420000,30690074.82148000
2024-11-26 17:00:00,0.85420000,0.87650000,0.83010000,0.85280000,27713267.90831000
2024-11-26 21:00:00,0.85280000,0.87370000,0.84940000,0.87060000,16659816.65610000
2024-11-27 01:00:00,0.87060000,0.88510000,0.84840000,0.87900000,19080957.12078000
2024-11-27 05:00:00,0.87900000,0.92870000,0.87820000,0.91020000,40127787.00722000
2024-11-27 09:00:00,0.91020000,0.92960000,0.89140000,0.92170000,25576630.85046000
2024-11-27 13:00:00,0.92170000,0.93970000,0.91070000,0.92710000,41763462.50346000
2024-11-27 17:00:00,0.92710000,0.94120000,0.91660000,0.92430000,21643274.12556000
2024-11-27 21:00:00,0.92430000,0.97530000,0.92230000,0.96840000,39605816.24105000
2024-11-28 01:00:00,0.96840000,0.98180000,0.92210000,0.92820000,37733102.97677000
2024-11-28 05:00:00,0.92820000,0.93830000,0.91380000,0.91790000,13895530.88147000
2024-11-28 09:00:00,0.91790000,0.94160000,0.90270000,0.91580000,32416493.35429000
2024-11-28 13:00:00,0.91580000,0.93190000,0.88820000,0.88990000,38854943.23479000
2024-11-28 17:00:00,0.88990000,0.91020000,0.88960000,0.90810000,12533966.14824000
2024-11-28 21:00:00,0.90810000,0.92070000,0.89930000,0.91430000,13326119.62445000
2024-11-29 01:00:00,0.91430000,0.91740000,0.89830000,0.90830000,13329000.32019000
2024-11-29 05:00:00,0.90830000,0.91550000,0.89300000,0.89350000,11964502.12924000
2024-11-29 09:00:00,0.89350000,0.91980000,0.89350000,0.91760000,13554289.57410000
2024-11-29 13:00:00,0.91760000,0.94150000,0.90800000,0.92610000,27827754.42608000
2024-11-29 17:00:00,0.92610000,0.93250000,0.91560000,0.92820000,14998432.83908000
2024-11-29 21:00:00,0.92820000,0.93770000,0.92410000,0.93110000,10775618.26289000
2024-11-30 01:00:00,0.93110000,0.96430000,0.92110000,0.96170000,32291865.19751000
2024-11-30 05:00:00,0.96170000,0.98540000,0.94640000,0.96890000,39898648.98957000
2024-11-30 09:00:00,0.96890000,0.97730000,0.94140000,0.95460000,21206393.56911000
2024-11-30 13:00:00,0.95460000,0.97540000,0.95200000,0.95730000,19607525.13064000
2024-11-30 17:00:00,0.95730000,0.97100000,0.95320000,0.97010000,13169665.61261000
2024-11-30 21:00:00,0.97010000,0.98840000,0.96720000,0.97190000,19948829.82342000
2024-12-01 01:00:00,0.97190000,0.98310000,0.94340000,0.97040000,29929087.07691000
2024-12-01 05:00:00,0.97040000,0.97350000,0.94640000,0.96380000,16985722.94158000
2024-12-01 09:00:00,0.96380000,0.96850000,0.94680000,0.96150000,15074826.11402000
2024-12-01 13:00:00,0.96150000,0.99790000,0.95960000,0.98680000,26529563.14408000
2024-12-01 17:00:00,0.98680000,0.99150000,0.95630000,0.96140000,18738204.58617000
2024-12-01 21:00:00,0.96140000,0.97370000,0.94630000,0.96990000,20760475.10347000
2024-12-02 01:00:00,0.96990000,0.99850000,0.95690000,0.96010000,36435289.11095000
2024-12-02 05:00:00,0.96010000,0.98340000,0.94240000,0.95540000,38690066.08072000
2024-12-02 09:00:00,0.95540000,0.95700000,0.89720000,0.91200000,46275143.97171000
2024-12-02 13:00:00,0.91200000,0.97810000,0.90540000,0.97130000,42713441.78957000
2024-12-02 17:00:00,0.97130000,0.97470000,0.93570000,0.96580000,33994546.85959000
2024-12-02 21:00:00,0.96580000,1.05300000,0.96410000,1.02770000,68753440.22295000
2024-12-03 01:00:00,1.02770000,1.04860000,1.00190000,1.04220000,29532144.48405000
2024-12-03 05:00:00,1.04220000,1.08710000,1.03770000,1.06290000,41571064.52162000
2024-12-03 09:00:00,1.06290000,1.07910000,1.03690000,1.05270000,27184722.63748000
2024-12-03 13:00:00,1.05270000,1.05780000,0.96270000,1.00760000,74947474.54545000
2024-12-03 17:00:00,1.00760000,1.02930000,0.98790000,1.01730000,27687950.00407000
2024-12-03 21:00:00,1.01730000,1.05580000,1.01430000,1.04570000,24729366.11027000
2024-12-04 01:00:00,1.04570000,1.10470000,1.04430000,1.07510000,51885269.09710000
2024-12-04 05:00:00,1.07510000,1.11950000,1.07160000,1.11590000,23663762.48053000
2024-12-04 09:00:00,1.11590000,1.14330000,1.09260000,1.12030000,34572627.30807000
2024-12-04 13:00:00,1.12030000,1.17470000,1.09230000,1.16340000,64093269.18069000
2024-12-04 17:00:00,1.16340000,1.18860000,1.10440000,1.18560000,63528120.94277000
2024-12-04 21:00:00,1.18560000,1.18920000,1.11780000,1.13690000,42329582.13833000
2024-12-05 01:00:00,1.13690000,1.13850000,1.07030000,1.10290000,48491275.28316000
2024-12-05 05:00:00,1.10290000,1.13490000,1.09900000,1.12540000,28491187.34187000
2024-12-05 09:00:00,1.12540000,1.15970000,1.12230000,1.15670000,28817507.34876000
2024-12-05 13:00:00,1.15670000,1.16160000,1.12010000,1.13870000,32075359.13836000
2024-12-05 17:00:00,1.13870000,1.16070000,1.11140000,1.11530000,24516398.90675000
2024-12-05 21:00:00,1.11530000,1.13010000,1.07070000,1.10250000,34633759.43670000
2024-12-06 01:00:00,1.10250000,1.16540000,1.09260000,1.15840000,24355970.17818000
2024-12-06 05:00:00,1.15840000,1.18300000,1.15010000,1.15760000,18198892.45784000
2024-12-06 09:00:00,1.15760000,1.16600000,1.12490000,1.14290000,22484009.92888000
2024-12-06 13:00:00,1.14290000,1.23120000,1.11260000,1.21200000,65753699.50298000
2024-12-06 17:00:00,1.21200000,1.24020000,1.20770000,1.21400000,35651244.40798000
2024-12-06 21:00:00,1.21400000,1.21480000,1.16910000,1.17450000,19710661.48279000
2024-12-07 01:00:00,1.17450000,1.18690000,1.15770000,1.18200000,19849026.70412000
2024-12-07 05:00:00,1.18200000,1.18480000,1.16260000,1.16820000,9693183.97489000
2024-12-07 09:00:00,1.16820000,1.17430000,1.15150000,1.16810000,15006876.26694000
2024-12-07 13:00:00,1.16810000,1.17540000,1.16280000,1.17240000,11437260.51479000
2024-12-07 17:00:00,1.17240000,1.18480000,1.15840000,1.17030000,11873026.03572000
2024-12-07 21:00:00,1.17030000,1.17710000,1.15950000,1.16410000,8731253.79586000
2024-12-08 01:00:00,1.16410000,1.18800000,1.16330000,1.16820000,14807353.40577000
2024-12-08 05:00:00,1.16820000,1.17030000,1.14550000,1.16110000,11884835.14419000
2024-12-08 09:00:00,1.16110000,1.16150000,1.12940000,1.15330000,18238840.86912000
2024-12-08 13:00:00,1.15330000,1.16740000,1.14020000,1.15600000,14340547.54428000
2024-12-08 17:00:00,1.15600000,1.15910000,1.13860000,1.15060000,8731018.53425000
2024-12-08 21:00:00,1.15060000,1.16410000,1.14260000,1.15940000,7460931.72155000
2024-12-09 01:00:00,1.15940000,1.16240000,1.10170000,1.11670000,26399206.92274000
2024-12-09 05:00:00,1.11670000,1.13120000,1.08820000,1.10570000,23622532.86313000
2024-12-09 09:00:00,1.10570000,1.10570000,1.05390000,1.05740000,38045544.25035000
2024-12-09 13:00:00,1.05740000,1.10590000,1.04510000,1.06610000,37696570.53475000
2024-12-09 17:00:00,1.06610000,1.08200000,1.05930000,1.06150000,16194990.69310000
2024-12-09 21:00:00,1.06150000,1.06390000,0.83360000,0.96000000,109160605.73452000
2024-12-10 01:00:00,0.96000000,0.98270000,0.88230000,0.92380000,42722987.97630000
2024-12-10 05:00:00,0.92380000,0.97170000,0.90000000,0.95860000,27668073.94293000
2024-12-10 09:00:00,0.95860000,1.01550000,0.94850000,0.98800000,31993366.20816000
2024-12-10 13:00:00,0.98800000,0.99020000,0.90810000,0.90990000,54884688.84077000
2024-12-10 17:00:00,0.90990000,0.93100000,0.87440000,0.92630000,53112214.04344000
2024-12-10 21:00:00,0.92630000,0.95100000,0.91990000,0.93810000,18002365.59687000
2024-12-11 01:00:00,0.93810000,0.94160000,0.89200000,0.92910000,23497005.49278000
2024-12-11 05:00:00,0.92910000,0.93880000,0.91850000,0.91930000,11120241.22828000
2024-12-11 09:00:00,0.91930000,0.95900000,0.91820000,0.95570000,16877052.44972000
2024-12-11 13:00:00,0.95570000,1.02040000,0.95510000,1.00860000,42945106.94850000
2024-12-11 17:00:00,1.00860000,1.02150000,0.99360000,1.00340000,20399443.99599000
2024-12-11 21:00:00,1.00340000,1.00940000,0.99720000,0.99920000,10964424.59195000
2024-12-12 01:00:00,0.99920000,1.06770000,0.99120000,1.05940000,26931108.69365000
2024-12-12 05:00:00,1.05940000,1.08100000,1.04640000,1.05440000,24575165.71371000
2024-12-12 09:00:00,1.05440000,1.07240000,1.03430000,1.04100000,22564270.19437000
2024-12-12 13:00:00,1.04100000,1.10100000,1.04120000,1.07450000,51371714.96453000
2024-12-12 17:00:00,1.07450000,1.08520000,1.02740000,1.03290000,27377565.90671000
2024-12-12 21:00:00,1.03290000,1.04490000,1.00760000,1.02700000,22718463.21579000
2024-12-13 01:00:00,1.02700000,1.05380000,1.00130000,1.05210000,25271386.61951000
2024-12-13 05:00:00,1.05210000,1.07630000,1.02850000,1.04000000,33274928.58300000
2024-12-13 09:00:00,1.04000000,1.05670000,1.02610000,1.04500000,19367008.80766000
2024-12-13 13:00:00,1.04500000,1.06420000,1.02790000,1.02920000,26803644.69037000
2024-12-13 17:00:00,1.02920000,1.04630000,1.01510000,1.02900000,24900694.64074000
2024-12-13 21:00:00,1.02900000,1.05070000,1.01280000,1.03380000,15418229.91362000
2024-12-14 01:00:00,1.03380000,1.05120000,1.02110000,1.02630000,16221384.30387000
2024-12-14 05:00:00,1.02630000,1.03530000,1.01880000,1.02880000,8962496.76696000
2024-12-14 09:00:00,1.02880000,1.04250000,1.01270000,1.01480000,15051072.88646000
2024-12-14 13:00:00,1.01480000,1.01750000,0.97330000,0.98940000,33232707.89162000
2024-12-14 17:00:00,0.98940000,0.98970000,0.95730000,0.96980000,22291950.78593000
2024-12-14 21:00:00,0.96980000,0.98710000,0.95840000,0.98370000,11438470.80817000
2024-12-15 01:00:00,0.98370000,0.99840000,0.97280000,0.97810000,11575199.84185000
2024-12-15 05:00:00,0.97810000,0.99450000,0.95610000,0.96550000,10794464.51034000
2024-12-15 09:00:00,0.96550000,0.98550000,0.96330000,0.98040000,8871550.84604000
2024-12-15 13:00:00,0.98040000,1.00990000,0.97600000,1.00160000,15171408.84182000
2024-12-15 17:00:00,1.00160000,1.01800000,0.98740000,1.00500000,17404081.87445000
2024-12-15 21:00:00,1.00500000,1.02170000,0.95840000,1.01670000,26369495.62219000
2024-12-16 01:00:00,1.01670000,1.05520000,0.99900000,1.00500000,35854798.15118000
2024-12-16 05:00:00,1.00500000,1.01660000,0.99480000,1.00940000,14409960.42904000
2024-12-16 09:00:00,1.00940000,1.01160000,0.96930000,0.97240000,17729961.24192000
2024-12-16 13:00:00,0.97240000,0.99610000,0.96410000,0.98860000,19888420.31010000
2024-12-16 17:00:00,0.98860000,1.04490000,0.98710000,1.02250000,33576210.90300000
2024-12-16 21:00:00,1.02250000,1.03360000,1.00100000,1.00280000,19707218.46400000
2024-12-17 01:00:00,1.00280000,1.01430000,0.97670000,1.01010000,20846555.08317000
2024-12-17 05:00:00,1.01010000,1.01010000,0.97570000,0.98100000,12968898.60197000
2024-12-17 09:00:00,0.98100000,1.01620000,0.97730000,0.99860000,20666939.40721000
2024-12-17 13:00:00,0.99860000,1.00770000,0.95790000,0.96600000,28922137.50243000
2024-12-17 17:00:00,0.96600000,0.98980000,0.95460000,0.97520000,16486725.86228000
2024-12-17 21:00:00,0.97520000,0.98090000,0.93320000,0.94800000,20210867.13113000
2024-12-18 01:00:00,0.94800000,0.95500000,0.93370000,0.93610000,15828356.18165000
2024-12-18 05:00:00,0.93610000,0.93750000,0.91620000,0.92950000,18378460.31498000
2024-12-18 09:00:00,0.92950000,0.94710000,0.92620000,0.94380000,10160198.09294000
2024-12-18 13:00:00,0.94380000,0.94480000,0.91650000,0.93110000,19683890.24911000
2024-12-18 17:00:00,0.93110000,0.95530000,0.91020000,0.91020000,23264345.48600000
2024-12-18 21:00:00,0.91020000,0.91850000,0.84700000,0.86080000,62432124.69524000
2024-12-19 01:00:00,0.86080000,0.87080000,0.80070000,0.85690000,46118595.30416000
2024-12-19 05:00:00,0.85690000,0.86130000,0.84470000,0.85540000,12164642.48213000
2024-12-19 09:00:00,0.85540000,0.87180000,0.84000000,0.86200000,13199663.48133000
2024-12-19 13:00:00,0.86200000,0.86490000,0.81970000,0.83790000,27520503.56070000
2024-12-19 17:00:00,0.83790000,0.84170000,0.76060000,0.77710000,56357323.09806000
2024-12-19 21:00:00,0.77710000,0.80120000,0.75170000,0.77940000,27102857.65923000
2024-12-20 01:00:00,0.77940000,0.81390000,0.76480000,0.79830000,19486528.91839000
2024-12-20 05:00:00,0.79830000,0.80460000,0.76380000,0.78200000,17324872.43888000
2024-12-20 09:00:00,0.78200000,0.78280000,0.66710000,0.67000000,73406007.66636001
2024-12-20 13:00:00,0.67000000,0.76050000,0.66930000,0.75520000,31863497.95885000
2024-12-20 17:00:00,0.75520000,0.80260000,0.75020000,0.79250000,20104712.49187000
2024-12-20 21:00:00,0.79250000,0.80490000,0.77090000,0.79600000,16162204.87297000
2024-12-21 01:00:00,0.79600000,0.80760000,0.78690000,0.80030000,13118851.63771000
2024-12-21 05:00:00,0.80030000,0.84700000,0.79740000,0.83380000,13957103.80270000
2024-12-21 09:00:00,0.83380000,0.83660000,0.79480000,0.80240000,17641367.62651000
2024-12-21 13:00:00,0.80240000,0.80390000,0.74870000,0.76540000,28733858.18522000
2024-12-21 17:00:00,0.76540000,0.76560000,0.73200000,0.74330000,17811985.62054000
2024-12-21 21:00:00,0.74330000,0.75440000,0.73350000,0.74890000,13898973.04922000
2024-12-22 01:00:00,0.74890000,0.75740000,0.73590000,0.74880000,11152417.94667000
2024-12-22 05:00:00,0.74880000,0.75030000,0.72710000,0.74280000,10853644.18073000
2024-12-22 09:00:00,0.74280000,0.76950000,0.74260000,0.75950000,13502438.71145000
2024-12-22 13:00:00,0.75950000,0.77070000,0.73580000,0.74510000,19293336.53269000
2024-12-22 17:00:00,0.74510000,0.75970000,0.72720000,0.73000000,13976462.43010000
2024-12-22 21:00:00,0.73000000,0.75630000,0.72030000,0.74640000,14637116.62052000
2024-12-23 01:00:00,0.74640000,0.77170000,0.72520000,0.76860000,16201816.95982000
2024-12-23 05:00:00,0.76860000,0.77370000,0.74190000,0.75430000,11063519.55316000
2024-12-23 09:00:00,0.75430000,0.77130000,0.75250000,0.76050000,9343319.58216000
2024-12-23 13:00:00,0.76050000,0.77120000,0.74820000,0.75020000,16185533.11738000
2024-12-23 17:00:00,0.75020000,0.78140000,0.74850000,0.76960000,16008644.63879000
2024-12-23 21:00:00,0.76960000,0.81660000,0.76910000,0.80010000,21299216.08211000
2024-12-24 01:00:00,0.80010000,0.80240000,0.78100000,0.79500000,8391193.44742000
2024-12-24 05:00:00,0.79500000,0.80730000,0.78960000,0.79530000,9058758.56570000
2024-12-24 09:00:00,0.79530000,0.80290000,0.79000000,0.80260000,6387892.52902000
2024-12-24 13:00:00,0.80260000,0.83810000,0.79570000,0.82940000,19612411.15692000
2024-12-24 17:00:00,0.82940000,0.83670000,0.81150000,0.81150000,11738192.93916000
2024-12-24 21:00:00,0.81150000,0.82110000,0.79680000,0.81780000,13222652.41118000
2024-12-25 01:00:00,0.81780000,0.81910000,0.80240000,0.80490000,6771170.95014000
2024-12-25 05:00:00,0.80490000,0.81460000,0.79790000,0.79990000,8320582.43482000
2024-12-25 09:00:00,0.79990000,0.82220000,0.79540000,0.79680000,12398023.44312000
2024-12-25 13:00:00,0.79680000,0.80980000,0.79350000,0.79730000,10029373.96363000
2024-12-25 17:00:00,0.79730000,0.80550000,0.78760000,0.80300000,7430641.83644000
2024-12-25 21:00:00,0.80300000,0.80630000,0.78890000,0.80510000,7068378.30201000
2024-12-26 01:00:00,0.80510000,0.81080000,0.78300000,0.78580000,8819333.13066000
2024-12-26 05:00:00,0.78580000,0.78550000,0.77050000,0.77260000,7997625.85538000
2024-12-26 09:00:00,0.77260000,0.77430000,0.74690000,0.76020000,16212100.35112000
2024-12-26 13:00:00,0.76020000,0.76130000,0.74640000,0.74970000,11733037.79823000
2024-12-26 17:00:00,0.74970000,0.75640000,0.73730000,0.75120000,9231841.15313000
2024-12-26 21:00:00,0.75120000,0.75900000,0.74240000,0.75310000,5905344.97338000
2024-12-27 01:00:00,0.75310000,0.77400000,0.74780000,0.76690000,8351546.97036000
2024-12-27 05:00:00,0.76690000,0.77390000,0.75120000,0.75730000,8830876.07274000
2024-12-27 09:00:00,0.75730000,0.79320000,0.75730000,0.79090000,15959944.68326000
2024-12-27 13:00:00,0.79090000,0.79440000,0.75660000,0.76200000,12353903.37437000
2024-12-27 17:00:00,0.76200000,0.78160000,0.75530000,0.77120000,8896062.69940000
2024-12-27 21:00:00,0.77120000,0.77190000,0.75120000,0.76020000,8499493.88898000
2024-12-28 01:00:00,0.76020000,0.76280000,0.75190000,0.75920000,5283533.57578000
2024-12-28 05:00:00,0.75920000,0.76140000,0.74820000,0.74920000,3927613.18691000
2024-12-28 09:00:00,0.74920000,0.76020000,0.74900000,0.75960000,3973905.59236000
2024-12-28 13:00:00,0.75960000,0.77370000,0.75200000,0.76330000,7687517.19953000
2024-12-28 17:00:00,0.76330000,0.77900000,0.76190000,0.77100000,4823379.66099000
2024-12-28 21:00:00,0.77100000,0.78260000,0.76930000,0.77550000,3569089.38590000
2024-12-29 01:00:00,0.77550000,0.78300000,0.76720000,0.77780000,7515520.71493000
2024-12-29 05:00:00,0.77780000,0.78210000,0.76950000,0.78120000,3058956.06908000
2024-12-29 09:00:00,0.78120000,0.78230000,0.77080000,0.77160000,4069181.41065000
2024-12-29 13:00:00,0.77160000,0.77630000,0.75650000,0.76080000,9163264.09092000
2024-12-29 17:00:00,0.76080000,0.76120000,0.75020000,0.75230000,6804885.37974000
2024-12-29 21:00:00,0.75230000,0.75300000,0.73340000,0.74180000,11916053.46077000
2024-12-30 01:00:00,0.74180000,0.76940000,0.73880000,0.75760000,9147081.14777000
2024-12-30 05:00:00,0.75760000,0.76960000,0.75280000,0.76550000,5006720.85080000
2024-12-30 09:00:00,0.76550000,0.77090000,0.75510000,0.76400000,5720584.98399000
2024-12-30 13:00:00,0.76400000,0.77110000,0.72280000,0.72870000,16953308.97470000
2024-12-30 17:00:00,0.72870000,0.75090000,0.71720000,0.74770000,12992914.61794000
2024-12-30 21:00:00,0.74770000,0.75500000,0.72320000,0.73290000,9697964.76479000
2024-12-31 01:00:00,0.73290000,0.73300000,0.71330000,0.71950000,5682854.47144000
2024-12-31 05:00:00,0.71950000,0.72620000,0.71400000,0.72160000,4507981.92921000
2024-12-31 09:00:00,0.72160000,0.74190000,0.72130000,0.73630000,6123356.47202000
2024-12-31 13:00:00,0.73630000,0.75910000,0.73430000,0.74500000,10837177.52737000
2024-12-31 17:00:00,0.74500000,0.74590000,0.72010000,0.72880000,7877796.38896000
2024-12-31 21:00:00,0.72880000,0.73140000,0.71920000,0.72180000,4979125.17826000
2025-01-01 01:00:00,0.72180000,0.73180000,0.72070000,0.72420000,3263944.93042000
2025-01-01 05:00:00,0.72420000,0.72460000,0.71630000,0.72000000,3311749.28511000
2025-01-01 09:00:00,0.72000000,0.72100000,0.70430000,0.71500000,6678156.37110000
2025-01-01 13:00:00,0.71500000,0.73030000,0.71400000,0.72980000,5759917.24639000
2025-01-01 17:00:00,0.72980000,0.74390000,0.71940000,0.74260000,7516925.42611000
2025-01-01 21:00:00,0.74260000,0.75050000,0.74260000,0.74590000,5256005.98889000
2025-01-02 01:00:00,0.74590000,0.76490000,0.74590000,0.75710000,6917703.43103000
2025-01-02 05:00:00,0.75710000,0.76810000,0.75670000,0.76790000,6229567.95372000
2025-01-02 09:00:00,0.76790000,0.78300000,0.76520000,0.77840000,8381877.38647000
2025-01-02 13:00:00,0.77840000,0.78770000,0.77120000,0.77380000,12529277.82797000
2025-01-02 17:00:00,0.77380000,0.78170000,0.76810000,0.77400000,7440022.57620000
2025-01-02 21:00:00,0.77400000,0.77910000,0.76380000,0.77590000,5079706.23268000
2025-01-03 01:00:00,0.77590000,0.78110000,0.76700000,0.77580000,6244091.85758000
2025-01-03 05:00:00,0.77580000,0.77580000,0.76160000,0.76360000,5243572.35929000
2025-01-03 09:00:00,0.76360000,0.79380000,0.76160000,0.79360000,8668771.24602000
2025-01-03 13:00:00,0.79360000,0.82780000,0.79060000,0.82670000,14576118.54878000
2025-01-03 17:00:00,0.82670000,0.83600000,0.82050000,0.83210000,11898729.58682000
2025-01-03 21:00:00,0.83210000,0.83820000,0.82430000,0.83450000,6869761.98452000
2025-01-04 01:00:00,0.83450000,0.84230000,0.82510000,0.83440000,8964356.83961000
2025-01-04 05:00:00,0.83440000,0.84390000,0.82680000,0.84130000,4637112.66578000
2025-01-04 09:00:00,0.84130000,0.84300000,0.82460000,0.83810000,8826858.51201000
2025-01-04 13:00:00,0.83810000,0.89340000,0.83720000,0.86570000,32634088.19845000
2025-01-04 17:00:00,0.86570000,0.89620000,0.86520000,0.88510000,18718812.52498000
2025-01-04 21:00:00,0.88510000,0.90770000,0.88440000,0.89430000,17121636.50762000
2025-01-05 01:00:00,0.89430000,0.89640000,0.87670000,0.88820000,10518953.86450000
2025-01-05 05:00:00,0.88820000,0.91460000,0.88820000,0.90380000,17092514.08775000
2025-01-05 09:00:00,0.90380000,0.90820000,0.89040000,0.89200000,15928388.79673000
2025-01-05 13:00:00,0.89200000,0.89800000,0.87770000,0.89130000,14465729.08966000
2025-01-05 17:00:00,0.89130000,0.89930000,0.88440000,0.89910000,10004757.63528000
2025-01-05 21:00:00,0.89910000,0.92290000,0.89560000,0.91570000,14190384.24819000
2025-01-06 01:00:00,0.91570000,0.94430000,0.90280000,0.93700000,24598538.24874000
2025-01-06 05:00:00,0.93700000,0.95410000,0.92780000,0.93840000,16004124.19690000
2025-01-06 09:00:00,0.93840000,0.95270000,0.92870000,0.94920000,15863206.78226000
2025-01-06 13:00:00,0.94920000,0.95300000,0.92380000,0.94120000,22948781.53682000
2025-01-06 17:00:00,0.94120000,0.95430000,0.92310000,0.92800000,15782167.32185000
2025-01-06 21:00:00,0.92800000,0.93290000,0.91220000,0.91860000,9782583.87271000
2025-01-07 01:00:00,0.91860000,0.92060000,0.90440000,0.90850000,9063624.33686000
2025-01-07 05:00:00,0.90850000,0.91250000,0.90240000,0.90710000,4803541.31442000
2025-01-07 09:00:00,0.90710000,0.91550000,0.89230000,0.90030000,9640534.06661000
2025-01-07 13:00:00,0.90030000,0.90320000,0.84240000,0.85550000,37854062.62027000
2025-01-07 17:00:00,0.85550000,0.86340000,0.82450000,0.82840000,19311394.39444000
2025-01-07 21:00:00,0.82840000,0.83730000,0.81740000,0.82020000,11612118.28868000
2025-01-08 01:00:00,0.82020000,0.83000000,0.80350000,0.80970000,10655139.30400000
2025-01-08 05:00:00,0.80970000,0.81200000,0.77820000,0.80070000,15714427.90120000
2025-01-08 09:00:00,0.80070000,0.81730000,0.79390000,0.80010000,12765378.54175000
2025-01-08 13:00:00,0.80010000,0.81390000,0.79270000,0.79880000,10756690.02929000
2025-01-08 17:00:00,0.79880000,0.80230000,0.75120000,0.78140000,28633235.21425000
2025-01-08 21:00:00,0.78140000,0.79330000,0.77180000,0.78660000,8003689.38786000
2025-01-09 01:00:00,0.78660000,0.79830000,0.77830000,0.77950000,8403291.62153000
2025-01-09 05:00:00,0.77950000,0.78300000,0.75650000,0.75910000,8518540.82238000
2025-01-09 09:00:00,0.75910000,0.77300000,0.75340000,0.76240000,8239176.64828000
2025-01-09 13:00:00,0.76240000,0.78290000,0.73700000,0.77600000,19001556.61666000
2025-01-09 17:00:00,0.77600000,0.78080000,0.73950000,0.74020000,12826271.54117000
2025-01-09 21:00:00,0.74020000,0.75260000,0.73030000,0.74280000,9665667.45147000
2025-01-10 01:00:00,0.74280000,0.75320000,0.73570000,0.74890000,6444864.66761000
2025-01-10 05:00:00,0.74890000,0.77400000,0.74030000,0.76600000,9036302.57280000
2025-01-10 09:00:00,0.76600000,0.76850000,0.75410000,0.76020000,7591752.76582000
2025-01-10 13:00:00,0.76020000,0.76520000,0.73040000,0.74890000,26449899.77663000
2025-01-10 17:00:00,0.74890000,0.77050000,0.73830000,0.75970000,12875464.60564000
2025-01-10 21:00:00,0.75970000,0.76010000,0.74500000,0.74750000,4262489.98370000
2025-01-11 01:00:00,0.74750000,0.74940000,0.73550000,0.73700000,4315021.59253000
2025-01-11 05:00:00,0.73700000,0.74460000,0.73210000,0.73480000,4125250.38623000
2025-01-11 09:00:00,0.73480000,0.74320000,0.72750000,0.74030000,6247480.34667000
2025-01-11 13:00:00,0.74030000,0.74140000,0.72760000,0.73280000,6200101.62269000
2025-01-11 17:00:00,0.73280000,0.73600000,0.72450000,0.72970000,6997117.71526000
2025-01-11 21:00:00,0.72970000,0.76050000,0.72860000,0.74370000,10221702.41877000
2025-01-12 01:00:00,0.74370000,0.74660000,0.73630000,0.74080000,4414487.03023000
2025-01-12 05:00:00,0.74080000,0.74510000,0.73020000,0.73460000,4415135.57345000
2025-01-12 09:00:00,0.73460000,0.73610000,0.72190000,0.73220000,6768553.34692000
2025-01-12 13:00:00,0.73220000,0.75160000,0.72750000,0.74720000,9883214.12420000
2025-01-12 17:00:00,0.74720000,0.74850000,0.73580000,0.73800000,7136535.38930000
2025-01-12 21:00:00,0.73800000,0.74150000,0.71920000,0.72990000,7617069.11089000
2025-01-13 01:00:00,0.72990000,0.74950000,0.70460000,0.70810000,14491304.45242000
2025-01-13 05:00:00,0.70810000,0.72170000,0.69310000,0.70200000,12428300.60712000
2025-01-13 09:00:00,0.70200000,0.70370000,0.66390000,0.66460000,20438421.02521000
2025-01-13 13:00:00,0.66460000,0.69300000,0.64750000,0.68600000,26872976.15905000
2025-01-13 17:00:00,0.68600000,0.68930000,0.66220000,0.67350000,11636814.88979000
2025-01-13 21:00:00,0.67350000,0.70940000,0.66900000,0.70260000,11293208.50572000
2025-01-14 01:00:00,0.70260000,0.71040000,0.69740000,0.70700000,6117806.02086000
2025-01-14 05:00:00,0.70700000,0.72370000,0.70710000,0.71520000,7112262.01679000
2025-01-14 09:00:00,0.71520000,0.73380000,0.70880000,0.71860000,12755834.04944000
2025-01-14 13:00:00,0.71860000,0.73070000,0.71030000,0.72370000,9793857.79485000
2025-01-14 17:00:00,0.72370000,0.73540000,0.71570000,0.73030000,7450391.12402000
2025-01-14 21:00:00,0.73030000,0.74430000,0.72500000,0.73840000,6234764.61176000
2025-01-15 01:00:00,0.73840000,0.74450000,0.73030000,0.74100000,5809612.27655000
2025-01-15 05:00:00,0.74100000,0.74660000,0.73270000,0.74080000,4313981.07873000
2025-01-15 09:00:00,0.74080000,0.74430000,0.71750000,0.72330000,8536956.64893000
2025-01-15 13:00:00,0.72330000,0.78250000,0.71820000,0.77590000,25096192.71262000
2025-01-15 17:00:00,0.77590000,0.78990000,0.76450000,0.78770000,10325460.61851000
2025-01-15 21:00:00,0.78770000,0.79670000,0.78040000,0.79130000,8648572.56952000
2025-01-16 01:00:00,0.79130000,0.79780000,0.76880000,0.77360000,8547461.98509000
2025-01-16 05:00:00,0.77360000,0.77660000,0.76880000,0.77200000,4513140.78839000
2025-01-16 09:00:00,0.77200000,0.77450000,0.75030000,0.76530000,14113538.57329000
2025-01-16 13:00:00,0.76530000,0.78400000,0.74630000,0.76960000,24677909.40329000
2025-01-16 17:00:00,0.76960000,0.77890000,0.76370000,0.77490000,9707440.86044000
2025-01-16 21:00:00,0.77490000,0.77620000,0.75020000,0.75710000,9341815.44030000
2025-01-17 01:00:00,0.75710000,0.78830000,0.75710000,0.77740000,9062756.34017000
2025-01-17 05:00:00,0.77740000,0.78600000,0.77220000,0.78130000,5708723.01944000
2025-01-17 09:00:00,0.78130000,0.80910000,0.78010000,0.80600000,13541396.44034000
2025-01-17 13:00:00,0.80600000,0.80800000,0.79130000,0.79990000,14762750.60957000
2025-01-17 17:00:00,0.79990000,0.80770000,0.79310000,0.80230000,9528975.88482000
2025-01-17 21:00:00,0.80230000,0.82920000,0.80090000,0.81490000,15479742.16241000
2025-01-18 01:00:00,0.81490000,0.83450000,0.79450000,0.79820000,14295330.58314000
2025-01-18 05:00:00,0.79820000,0.80190000,0.75730000,0.76030000,20394835.51890000
2025-01-18 09:00:00,0.76030000,0.78320000,0.74880000,0.78020000,15524664.66683000
2025-01-18 13:00:00,0.78020000,0.78380000,0.76190000,0.76650000,12757860.81482000
2025-01-18 17:00:00,0.76650000,0.77240000,0.75130000,0.76370000,12739471.39433000
2025-01-18 21:00:00,0.76370000,0.77040000,0.75080000,0.76680000,6182526.52888000
2025-01-19 01:00:00,0.76680000,0.79470000,0.76330000,0.77590000,10988130.98224000
2025-01-19 05:00:00,0.77590000,0.77660000,0.74680000,0.75190000,11973159.68958000
2025-01-19 09:00:00,0.75190000,0.75220000,0.69560000,0.70170000,33520310.48126000
2025-01-19 13:00:00,0.70170000,0.78750000,0.70030000,0.77570000,42150905.57613000
2025-01-19 17:00:00,0.77570000,0.79000000,0.77070000,0.77880000,14675593.79036000
2025-01-19 21:00:00,0.77880000,0.78480000,0.68350000,0.69750000,60354293.20471000
2025-01-20 01:00:00,0.69750000,0.69910000,0.66510000,0.69690000,40618142.75011000
2025-01-20 05:00:00,0.69690000,0.76100000,0.68840000,0.74140000,29628817.80573000
2025-01-20 09:00:00,0.74140000,0.75260000,0.72230000,0.73660000,14486297.45760000
2025-01-20 13:00:00,0.73660000,0.73730000,0.70550000,0.72270000,23003656.92841000
2025-01-20 17:00:00,0.72270000,0.73410000,0.68000000,0.71490000,39996542.97879000
2025-01-20 21:00:00,0.71490000,0.71730000,0.69170000,0.69820000,13039813.43389000
2025-01-21 01:00:00,0.69820000,0.69960000,0.67440000,0.68520000,13063954.43950000
2025-01-21 05:00:00,0.68520000,0.68790000,0.67030000,0.68450000,12782459.69177000
2025-01-21 09:00:00,0.68450000,0.71110000,0.67820000,0.70830000,11108154.15566000
2025-01-21 13:00:00,0.70830000,0.71670000,0.70200000,0.71370000,14311258.40460000
2025-01-21 17:00:00,0.71370000,0.74860000,0.71170000,0.72900000,21801952.48092000
2025-01-21 21:00:00,0.72900000,0.73190000,0.71680000,0.72200000,9422264.67475000
2025-01-22 01:00:00,0.72200000,0.73720000,0.72090000,0.72950000,12691662.84159000
2025-01-22 05:00:00,0.72950000,0.73160000,0.71380000,0.71420000,4553179.25481000
2025-01-22 09:00:00,0.71420000,0.73120000,0.70580000,0.72510000,11036378.87504000
2025-01-22 13:00:00,0.72510000,0.72760000,0.70370000,0.70470000,10733269.95397000
2025-01-22 17:00:00,0.70470000,0.71910000,0.70180000,0.70820000,7751964.27959000
2025-01-22 21:00:00,0.70820000,0.71370000,0.69580000,0.70070000,6022389.04995000
2025-01-23 01:00:00,0.70070000,0.70350000,0.68770000,0.69480000,7498772.07729000
2025-01-23 05:00:00,0.69480000,0.70140000,0.68610000,0.70030000,5561793.97032000
2025-01-23 09:00:00,0.70030000,0.70210000,0.68470000,0.69100000,6672931.87188000
2025-01-23 13:00:00,0.69100000,0.71460000,0.68270000,0.70800000,19843835.15961000
2025-01-23 17:00:00,0.70800000,0.71810000,0.68580000,0.68860000,12611105.15911000
2025-01-23 21:00:00,0.68860000,0.72380000,0.68620000,0.71990000,19546069.16706000
2025-01-24 01:00:00,0.71990000,0.72460000,0.69690000,0.70820000,10194839.57381000
2025-01-24 05:00:00,0.70820000,0.74220000,0.70440000,0.72830000,12448956.40305000
2025-01-24 09:00:00,0.72830000,0.73340000,0.72330000,0.72880000,7621800.00173000
2025-01-24 13:00:00,0.72880000,0.73900000,0.71750000,0.72440000,10184604.78367000
2025-01-24 17:00:00,0.72440000,0.72600000,0.71240000,0.71350000,6614618.39777000
2025-01-24 21:00:00,0.71350000,0.71680000,0.69520000,0.69900000,8665969.63908000
2025-01-25 01:00:00,0.69900000,0.70690000,0.68610000,0.70600000,7143026.35360000
2025-01-25 05:00:00,0.70600000,0.70610000,0.69260000,0.69320000,4494411.69469000
2025-01-25 09:00:00,0.69320000,0.69910000,0.68730000,0.69810000,4618776.55958000
2025-01-25 13:00:00,0.69810000,0.70720000,0.69210000,0.70330000,6842995.33630000
2025-01-25 17:00:00,0.70330000,0.70640000,0.69900000,0.70510000,5085085.07573000
2025-01-25 21:00:00,0.70510000,0.71130000,0.69990000,0.70040000,5104274.29591000
2025-01-26 01:00:00,0.70040000,0.70950000,0.69730000,0.70670000,5577305.53592000
2025-01-26 05:00:00,0.70670000,0.71440000,0.70510000,0.71340000,5195131.95575000
2025-01-26 09:00:00,0.71340000,0.71600000,0.69930000,0.70550000,5303731.71330000
2025-01-26 13:00:00,0.70550000,0.70750000,0.70170000,0.70620000,4278594.63836000
2025-01-26 17:00:00,0.70620000,0.71580000,0.70110000,0.71500000,6743062.18253000
2025-01-26 21:00:00,0.71500000,0.71680000,0.67430000,0.67520000,11380021.62718000
2025-01-27 01:00:00,0.67520000,0.67760000,0.64200000,0.65140000,23395730.74231000
2025-01-27 05:00:00,0.65140000,0.65130000,0.60360000,0.62120000,22888409.90417000
2025-01-27 09:00:00,0.62120000,0.62660000,0.61000000,0.61510000,13681732.54277000
2025-01-27 13:00:00,0.61510000,0.64080000,0.61310000,0.63530000,15232927.76752000
2025-01-27 17:00:00,0.63530000,0.63640000,0.61420000,0.62280000,9931970.26021000
2025-01-27 21:00:00,0.62280000,0.65870000,0.62290000,0.64310000,12039383.24327000
2025-01-28 01:00:00,0.64310000,0.65000000,0.63430000,0.64660000,6163321.34085000
2025-01-28 05:00:00,0.64660000,0.65260000,0.64030000,0.64170000,5124309.74981000
2025-01-28 09:00:00,0.64170000,0.64340000,0.63330000,0.63600000,4856014.05999000
2025-01-28 13:00:00,0.63600000,0.63920000,0.62320000,0.63050000,10096758.13591000
2025-01-28 17:00:00,0.63050000,0.63110000,0.61180000,0.61710000,7862776.89519000
2025-01-28 21:00:00,0.61710000,0.61920000,0.58470000,0.59220000,12966060.21882000
2025-01-29 01:00:00,0.59220000,0.60740000,0.58980000,0.60560000,5907302.39036000
2025-01-29 05:00:00,0.60560000,0.61970000,0.60370000,0.61820000,5050651.03854000
2025-01-29 09:00:00,0.61820000,0.62110000,0.60520000,0.60990000,4265793.86266000
2025-01-29 13:00:00,0.60990000,0.61250000,0.59460000,0.60190000,7019405.86596000
2025-01-29 17:00:00,0.60190000,0.61960000,0.59000000,0.61260000,14890894.42218000
2025-01-29 21:00:00,0.61260000,0.62680000,0.60370000,0.60520000,12040548.41720000
2025-01-30 01:00:00,0.60520000,0.62490000,0.59880000,0.62400000,6565023.43776000
2025-01-30 05:00:00,0.62400000,0.62750000,0.61810000,0.62300000,4078903.28831000
2025-01-30 09:00:00,0.62300000,0.63260000,0.61920000,0.62970000,5788544.49686000
2025-01-30 13:00:00,0.62970000,0.64190000,0.62470000,0.63640000,8385482.30908000
2025-01-30 17:00:00,0.63640000,0.64330000,0.63280000,0.63820000,6651121.44911000
2025-01-30 21:00:00,0.63820000,0.63890000,0.62900000,0.62990000,4298335.63609000
2025-01-31 01:00:00,0.62990000,0.63600000,0.61900000,0.62230000,4801049.08479000
2025-01-31 05:00:00,0.62230000,0.63850000,0.61470000,0.63010000,5541124.61713000
2025-01-31 09:00:00,0.63010000,0.64920000,0.62480000,0.64840000,8178019.96278000
2025-01-31 13:00:00,0.64840000,0.67210000,0.64660000,0.67150000,13403304.53769000
2025-01-31 17:00:00,0.67150000,0.67390000,0.64170000,0.65040000,13621432.08140000
2025-01-31 21:00:00,0.65040000,0.65130000,0.63700000,0.64120000,6830231.44448000
2025-02-01 01:00:00,0.64120000,0.65230000,0.63470000,0.63650000,26675825.23965000
2025-02-01 05:00:00,0.63650000,0.64510000,0.63310000,0.63480000,19967319.14602000
2025-02-01 09:00:00,0.63480000,0.63640000,0.61720000,0.62540000,7347538.80220000
2025-02-01 13:00:00,0.62540000,0.62930000,0.61170000,0.61940000,5951340.11587000
2025-02-01 17:00:00,0.61940000,0.62360000,0.59730000,0.60030000,11607880.43369000
2025-02-01 21:00:00,0.60030000,0.60050000,0.57140000,0.57770000,14303649.98688000
2025-02-02 01:00:00,0.57770000,0.59090000,0.55720000,0.56030000,10039846.54705000
2025-02-02 05:00:00,0.56030000,0.57870000,0.55900000,0.56840000,7069441.01778000
2025-02-02 09:00:00,0.56840000,0.57760000,0.55590000,0.55820000,9261122.90474000
2025-02-02 13:00:00,0.55820000,0.57040000,0.55530000,0.56170000,7528375.92850000
2025-02-02 17:00:00,0.56170000,0.56200000,0.49950000,0.51850000,39722112.86401000
2025-02-02 21:00:00,0.51850000,0.52630000,0.46450000,0.49330000,31742721.29985000
2025-02-03 01:00:00,0.49330000,0.49340000,0.34880000,0.40440000,74690859.76181000
2025-02-03 05:00:00,0.40440000,0.44150000,0.39190000,0.43990000,25271068.49032000
2025-02-03 09:00:00,0.43990000,0.44310000,0.42030000,0.43500000,15892753.81966000
2025-02-03 13:00:00,0.43500000,0.46970000,0.42150000,0.46460000,30820347.57195000
2025-02-03 17:00:00,0.46460000,0.49910000,0.46160000,0.49800000,16959628.62602000
2025-02-03 21:00:00,0.49800000,0.51540000,0.48310000,0.51050000,16366209.50805000
2025-02-04 01:00:00,0.51050000,0.51330000,0.49000000,0.49620000,8973984.94406000
2025-02-04 05:00:00,0.49620000,0.50640000,0.45420000,0.45610000,21292883.13040000
2025-02-04 09:00:00,0.45610000,0.47500000,0.45200000,0.46510000,11334064.64924000
2025-02-04 13:00:00,0.46510000,0.48780000,0.46540000,0.47580000,16805220.92046000
2025-02-04 17:00:00,0.47580000,0.49910000,0.47240000,0.48010000,14390084.33690000
2025-02-04 21:00:00,0.48010000,0.48490000,0.45900000,0.47740000,19057456.49922000
2025-02-05 01:00:00,0.47740000,0.48620000,0.47150000,0.47810000,7495611.69274000
2025-02-05 05:00:00,0.47810000,0.49050000,0.47250000,0.48680000,7293346.75245000
2025-02-05 09:00:00,0.48680000,0.49810000,0.48350000,0.49480000,7946518.93221000
2025-02-05 13:00:00,0.49480000,0.49640000,0.48160000,0.48710000,9442017.13717000
2025-02-05 17:00:00,0.48710000,0.48910000,0.46640000,0.48190000,11469077.37842000
2025-02-05 21:00:00,0.48190000,0.48340000,0.46390000,0.47060000,6835791.41082000
2025-02-06 01:00:00,0.47060000,0.47710000,0.46320000,0.47080000,5565986.09918000
2025-02-06 05:00:00,0.47080000,0.48270000,0.47030000,0.47760000,5414868.75510000
2025-02-06 09:00:00,0.47760000,0.48020000,0.46660000,0.47110000,5694716.23018000
2025-02-06 13:00:00,0.47110000,0.47260000,0.44380000,0.44650000,13134114.47841000
2025-02-06 17:00:00,0.44650000,0.45430000,0.44370000,0.44530000,8075258.47631000
2025-02-06 21:00:00,0.44530000,0.45340000,0.44150000,0.44530000,5699942.17590000
2025-02-07 01:00:00,0.44530000,0.45490000,0.44090000,0.44730000,8342713.40205000
2025-02-07 05:00:00,0.44730000,0.44990000,0.43340000,0.44380000,6338887.76635000
2025-02-07 09:00:00,0.44380000,0.45530000,0.44200000,0.45500000,5633077.68179000
2025-02-07 13:00:00,0.45500000,0.46700000,0.44740000,0.45310000,14078870.34670000
2025-02-07 17:00:00,0.45310000,0.45340000,0.43720000,0.43800000,9366361.68052000
2025-02-07 21:00:00,0.43800000,0.43840000,0.42000000,0.43230000,9595987.28203000
2025-02-08 01:00:00,0.43230000,0.43970000,0.43030000,0.43400000,3795427.76323000
2025-02-08 05:00:00,0.43400000,0.43730000,0.42780000,0.43460000,3513581.46057000
2025-02-08 09:00:00,0.43460000,0.43570000,0.42990000,0.43320000,2703365.66459000
2025-02-08 13:00:00,0.43320000,0.44110000,0.43060000,0.43610000,4436083.71351000
2025-02-08 17:00:00,0.43610000,0.44700000,0.43220000,0.44510000,4360384.71499000
2025-02-08 21:00:00,0.44510000,0.45330000,0.44350000,0.44970000,3438982.35894000
2025-02-09 01:00:00,0.44970000,0.46760000,0.44870000,0.46530000,5045966.72083000
2025-02-09 05:00:00,0.46530000,0.46510000,0.45600000,0.45830000,3114318.38347000
2025-02-09 09:00:00,0.45830000,0.46250000,0.45620000,0.45770000,3677468.81687000
2025-02-09 13:00:00,0.45770000,0.45950000,0.44590000,0.45520000,5454633.60420000
2025-02-09 17:00:00,0.45520000,0.45880000,0.44560000,0.44680000,3626033.21867000
2025-02-09 21:00:00,0.44680000,0.45330000,0.42790000,0.44850000,9322272.24853000
2025-02-10 01:00:00,0.44850000,0.45710000,0.43460000,0.45040000,8186766.49527000
2025-02-10 05:00:00,0.45040000,0.46420000,0.44820000,0.45780000,4350628.96950000
2025-02-10 09:00:00,0.45780000,0.46470000,0.45690000,0.46190000,4412510.88120000
2025-02-10 13:00:00,0.46190000,0.47040000,0.45720000,0.46380000,6461634.52034000
2025-02-10 17:00:00,0.46380000,0.47580000,0.46230000,0.47210000,4725471.78915000
2025-02-10 21:00:00,0.47210000,0.48050000,0.46970000,0.47210000,4119163.01184000
2025-02-11 01:00:00,0.47210000,0.48200000,0.47130000,0.47520000,4458539.61161000
2025-02-11 05:00:00,0.47520000,0.49260000,0.47460000,0.48980000,5374580.94279000
2025-02-11 09:00:00,0.48980000,0.49360000,0.48170000,0.48360000,4382362.13277000
2025-02-11 13:00:00,0.48360000,0.48420000,0.46030000,0.47140000,9640924.33102000
2025-02-11 17:00:00,0.47140000,0.47460000,0.45750000,0.45940000,6504508.88972000
2025-02-11 21:00:00,0.45940000,0.46750000,0.45800000,0.46250000,4404464.32767000
2025-02-12 01:00:00,0.46250000,0.47080000,0.45960000,0.46370000,5301802.06982000
2025-02-12 05:00:00,0.46370000,0.46870000,0.46140000,0.46640000,3401613.30440000
2025-02-12 09:00:00,0.46640000,0.47200000,0.46420000,0.46860000,4515527.37168000
2025-02-12 13:00:00,0.46860000,0.47980000,0.44870000,0.46610000,18322360.61962000
2025-02-12 17:00:00,0.46610000,0.48730000,0.46160000,0.48430000,8348679.34985000
2025-02-12 21:00:00,0.48430000,0.50910000,0.48250000,0.49360000,9004450.48901000
2025-02-13 01:00:00,0.49360000,0.50310000,0.49020000,0.50280000,5178936.47124000
2025-02-13 05:00:00,0.50280000,0.50350000,0.48550000,0.48640000,5541726.58905000
2025-02-13 09:00:00,0.48640000,0.48840000,0.47930000,0.48250000,5180913.42963000
2025-02-13 13:00:00,0.48250000,0.48780000,0.47580000,0.48210000,6706829.24211000
2025-02-13 17:00:00,0.48210000,0.48850000,0.47550000,0.48170000,4389052.13224000
2025-02-13 21:00:00,0.48170000,0.48980000,0.48150000,0.48690000,3259008.52515000
2025-02-14 01:00:00,0.48690000,0.49840000,0.48340000,0.49730000,3254924.93650000
2025-02-14 05:00:00,0.49730000,0.49770000,0.48860000,0.49080000,3021995.27295000
2025-02-14 09:00:00,0.49080000,0.50290000,0.49050000,0.49800000,5489622.42745000
2025-02-14 13:00:00,0.49800000,0.50580000,0.49360000,0.50320000,5743445.71637000
2025-02-14 17:00:00,0.50320000,0.51150000,0.49790000,0.50200000,6671326.53495000
2025-02-14 21:00:00,0.50200000,0.50430000,0.49070000,0.49730000,5066992.89257000
2025-02-15 01:00:00,0.49730000,0.49870000,0.49130000,0.49440000,2749236.87420000
2025-02-15 05:00:00,0.49440000,0.49660000,0.48570000,0.48770000,2561855.17294000
2025-02-15 09:00:00,0.48770000,0.49080000,0.48020000,0.48270000,3561963.06597000
2025-02-15 13:00:00,0.48270000,0.48410000,0.47440000,0.47650000,4596524.31928000
2025-02-15 17:00:00,0.47650000,0.47870000,0.47310000,0.47480000,2871903.44228000
2025-02-15 21:00:00,0.47480000,0.47800000,0.47080000,0.47630000,2382185.81026000
2025-02-16 01:00:00,0.47630000,0.48040000,0.47110000,0.47500000,2911360.70657000
2025-02-16 05:00:00,0.47500000,0.48150000,0.47330000,0.47470000,2826069.73414000
2025-02-16 09:00:00,0.47470000,0.48880000,0.47380000,0.48800000,4720361.97738000
2025-02-16 13:00:00,0.48800000,0.48910000,0.47440000,0.48200000,5045062.82965000
2025-02-16 17:00:00,0.48200000,0.48540000,0.47300000,0.47810000,4988812.36344000
2025-02-16 21:00:00,0.47810000,0.47960000,0.47160000,0.47390000,3639151.54302000
2025-02-17 01:00:00,0.47390000,0.48150000,0.47340000,0.47730000,3147950.07374000
2025-02-17 05:00:00,0.47730000,0.48220000,0.46570000,0.47640000,5839679.63465000
2025-02-17 09:00:00,0.47640000,0.49730000,0.47410000,0.49190000,8189191.37166000
2025-02-17 13:00:00,0.49190000,0.51430000,0.49130000,0.49490000,11991617.20794000
2025-02-17 17:00:00,0.49490000,0.49770000,0.47530000,0.48490000,9878337.70714000
2025-02-17 21:00:00,0.48490000,0.50120000,0.48410000,0.49660000,7455181.24100000
2025-02-18 01:00:00,0.49660000,0.49850000,0.48330000,0.48540000,5540922.34735000
2025-02-18 05:00:00,0.48540000,0.48660000,0.46020000,0.46490000,10652404.75496000
2025-02-18 09:00:00,0.46490000,0.47180000,0.45790000,0.46460000,8479550.54714000
2025-02-18 13:00:00,0.46460000,0.47630000,0.44650000,0.44910000,20830806.30049000
2025-02-18 17:00:00,0.44910000,0.45350000,0.43860000,0.45000000,11812718.40611000
2025-02-18 21:00:00,0.45000000,0.46020000,0.44530000,0.46020000,6321465.78654000
2025-02-19 01:00:00,0.46020000,0.46590000,0.45170000,0.46350000,5186091.71695000
2025-02-19 05:00:00,0.46350000,0.47080000,0.45530000,0.46720000,5180826.03746000
2025-02-19 09:00:00,0.46720000,0.47310000,0.46470000,0.46990000,5514797.03672000
2025-02-19 13:00:00,0.46990000,0.47410000,0.46150000,0.46390000,6579138.01867000
2025-02-19 17:00:00,0.46390000,0.47140000,0.46350000,0.46830000,5096248.66863000
2025-02-19 21:00:00,0.46830000,0.47420000,0.46540000,0.47070000,5641273.83000000
2025-02-20 01:00:00,0.47070000,0.48480000,0.46980000,0.48370000,5776615.59803000
2025-02-20 05:00:00,0.48370000,0.48890000,0.47520000,0.47660000,3702912.49829000
2025-02-20 09:00:00,0.47660000,0.48270000,0.47510000,0.48030000,5211173.54606000
2025-02-20 13:00:00,0.48030000,0.49030000,0.47630000,0.47730000,10383937.66734000
2025-02-20 17:00:00,0.47730000,0.49500000,0.47640000,0.49160000,8165623.95219000
2025-02-20 21:00:00,0.49160000,0.49580000,0.48760000,0.49050000,4115447.45885000
2025-02-21 01:00:00,0.49050000,0.49190000,0.48550000,0.48750000,3049385.45956000
2025-02-21 05:00:00,0.48750000,0.49730000,0.48760000,0.49380000,4031945.62431000
2025-02-21 09:00:00,0.49380000,0.50720000,0.49150000,0.49980000,6502857.50270000
2025-02-21 13:00:00,0.49980000,0.51020000,0.47910000,0.48500000,16905951.78467000
2025-02-21 17:00:00,0.48500000,0.49350000,0.45740000,0.46060000,19063021.19151000
2025-02-21 21:00:00,0.46060000,0.46820000,0.45750000,0.46770000,6827393.74999000
2025-02-22 01:00:00,0.46770000,0.47490000,0.46490000,0.47050000,4591303.82394000
2025-02-22 05:00:00,0.47050000,0.47690000,0.46960000,0.47210000,3899430.19215000
2025-02-22 09:00:00,0.47210000,0.48300000,0.47100000,0.48210000,4255758.84062000
2025-02-22 13:00:00,0.48210000,0.48310000,0.47570000,0.48130000,3961919.18340000
2025-02-22 17:00:00,0.48130000,0.48660000,0.48020000,0.48090000,5037302.30825000
2025-02-22 21:00:00,0.48090000,0.48130000,0.47620000,0.47640000,2646058.46200000
2025-02-23 01:00:00,0.47640000,0.47870000,0.47210000,0.47500000,3790063.66355000
2025-02-23 05:00:00,0.47500000,0.49000000,0.47320000,0.48930000,4316209.01146000
2025-02-23 09:00:00,0.48930000,0.49050000,0.47950000,0.48090000,4048032.74375000
2025-02-23 13:00:00,0.48090000,0.48510000,0.47310000,0.47450000,4719273.63048000
2025-02-23 17:00:00,0.47450000,0.48320000,0.47440000,0.47780000,3177369.93160000
2025-02-23 21:00:00,0.47780000,0.48210000,0.47200000,0.47790000,3746127.03953000
2025-02-24 01:00:00,0.47790000,0.48130000,0.45750000,0.45960000,8956816.91253000
2025-02-24 05:00:00,0.45960000,0.46030000,0.45100000,0.45450000,8521944.12055000
2025-02-24 09:00:00,0.45450000,0.45480000,0.44350000,0.44950000,8287148.41147000
2025-02-24 13:00:00,0.44950000,0.45130000,0.43700000,0.44270000,9096461.39323000
2025-02-24 17:00:00,0.44270000,0.44690000,0.42890000,0.43500000,6725218.30999000
2025-02-24 21:00:00,0.43500000,0.44010000,0.39990000,0.41090000,19642983.76977000
2025-02-25 01:00:00,0.41090000,0.41480000,0.39680000,0.40470000,12504161.48170000
2025-02-25 05:00:00,0.40470000,0.40780000,0.38010000,0.39220000,19046291.32351000
2025-02-25 09:00:00,0.39220000,0.41350000,0.38720000,0.41230000,15116776.66968000
2025-02-25 13:00:00,0.41230000,0.41530000,0.39700000,0.40750000,12234682.31680000
2025-02-25 17:00:00,0.40750000,0.41730000,0.40270000,0.41710000,9384064.72269000
2025-02-25 21:00:00,0.41710000,0.42720000,0.41440000,0.41920000,6530811.70805000
2025-02-26 01:00:00,0.41920000,0.42560000,0.41560000,0.42370000,3857184.81691000
2025-02-26 05:00:00,0.42370000,0.42730000,0.41870000,0.42270000,3506669.93170000
2025-02-26 09:00:00,0.42270000,0.42780000,0.41770000,0.42040000,4460329.55284000
2025-02-26 13:00:00,0.42040000,0.42790000,0.40940000,0.42370000,8889127.19934000
2025-02-26 17:00:00,0.42370000,0.42550000,0.40340000,0.41090000,11581019.27008000
2025-02-26 21:00:00,0.41090000,0.43280000,0.40610000,0.42230000,9497535.09830000
2025-02-27 01:00:00,0.42230000,0.43200000,0.41930000,0.42870000,4856260.88271000
2025-02-27 05:00:00,0.42870000,0.43820000,0.42390000,0.43540000,4363534.81054000
2025-02-27 09:00:00,0.43540000,0.43890000,0.43130000,0.43380000,4428539.11723000
2025-02-27 13:00:00,0.43380000,0.43490000,0.42400000,0.43070000,6355020.83670000
2025-02-27 17:00:00,0.43070000,0.43320000,0.41890000,0.42100000,4643399.53598000
2025-02-27 21:00:00,0.42100000,0.42660000,0.41150000,0.42460000,5432004.86105000
2025-02-28 01:00:00,0.42460000,0.42660000,0.38950000,0.39080000,14621495.65818000
2025-02-28 05:00:00,0.39080000,0.39420000,0.38400000,0.38960000,10714328.75305000
2025-02-28 09:00:00,0.38960000,0.39920000,0.38330000,0.39420000,9723131.02059000
2025-02-28 13:00:00,0.39420000,0.41840000,0.39160000,0.41720000,8396263.04135000
2025-02-28 17:00:00,0.41720000,0.42390000,0.41320000,0.41980000,4568554.93117000
2025-02-28 21:00:00,0.41980000,0.42290000,0.41500000,0.42170000,3893381.76468000
2025-03-01 01:00:00,0.42170000,0.42640000,0.41740000,0.42340000,4200492.87759000
2025-03-01 05:00:00,0.42340000,0.42670000,0.41560000,0.41810000,3594032.00772000
2025-03-01 09:00:00,0.41810000,0.42080000,0.40720000,0.40910000,5299740.34793000
2025-03-01 13:00:00,0.40910000,0.41080000,0.40250000,0.40890000,3816997.20735000
2025-03-01 17:00:00,0.40890000,0.41640000,0.40690000,0.41410000,3083631.63754000
2025-03-01 21:00:00,0.41410000,0.42040000,0.41250000,0.41770000,3211903.49848000
2025-03-02 01:00:00,0.41770000,0.42140000,0.41460000,0.41890000,3115442.51673000
2025-03-02 05:00:00,0.41890000,0.42290000,0.41660000,0.41720000,2347427.10697000
2025-03-02 09:00:00,0.41720000,0.42400000,0.41490000,0.42070000,3336330.96710000
2025-03-02 13:00:00,0.42070000,0.43070000,0.40870000,0.42140000,9728286.42667000
2025-03-02 17:00:00,0.42140000,0.46380000,0.42140000,0.45990000,22473682.28632000
2025-03-02 21:00:00,0.45990000,0.46650000,0.45820000,0.46270000,4923360.54325000
2025-03-03 01:00:00,0.46270000,0.46420000,0.44270000,0.44680000,7068938.41524000
2025-03-03 05:00:00,0.44680000,0.44880000,0.42640000,0.43310000,6780776.97986000
2025-03-03 09:00:00,0.43310000,0.43330000,0.42050000,0.42910000,5660696.49409000
2025-03-03 13:00:00,0.42910000,0.43650000,0.41690000,0.42160000,10917125.13252000
2025-03-03 17:00:00,0.42160000,0.42420000,0.38600000,0.38820000,14624827.11277000
2025-03-03 21:00:00,0.38820000,0.39590000,0.38240000,0.39140000,9799772.79870000
2025-03-04 01:00:00,0.39140000,0.39360000,0.35900000,0.37560000,17951022.71608000
2025-03-04 05:00:00,0.37560000,0.38500000,0.37410000,0.37570000,5993472.44645000
2025-03-04 09:00:00,0.37570000,0.37890000,0.37030000,0.37360000,5735553.14776000
2025-03-04 13:00:00,0.37360000,0.38630000,0.36230000,0.37190000,14080895.80717000
2025-03-04 17:00:00,0.37190000,0.38120000,0.34930000,0.38070000,14194040.92445000
2025-03-04 21:00:00,0.38070000,0.38780000,0.37330000,0.37960000,5601213.86360000
2025-03-05 01:00:00,0.37960000,0.38280000,0.37450000,0.37490000,4375095.91578000
2025-03-05 05:00:00,0.37490000,0.38460000,0.37450000,0.38260000,3522804.03423000
2025-03-05 09:00:00,0.38260000,0.39990000,0.38260000,0.39080000,6546632.03843000
2025-03-05 13:00:00,0.39080000,0.43400000,0.39080000,0.41510000,51717456.77320000
2025-03-05 17:00:00,0.41510000,0.42480000,0.40670000,0.42360000,11371330.91783000
2025-03-05 21:00:00,0.42360000,0.42610000,0.41460000,0.41470000,5151843.75269000
2025-03-06 01:00:00,0.41470000,0.42560000,0.41270000,0.42390000,6959539.33153000
2025-03-06 05:00:00,0.42390000,0.42890000,0.42060000,0.42110000,5764000.75356000
2025-03-06 09:00:00,0.42110000,0.42690000,0.41970000,0.42370000,4391621.87337000
2025-03-06 13:00:00,0.42370000,0.42460000,0.40640000,0.41620000,9487005.04421000
2025-03-06 17:00:00,0.41620000,0.41760000,0.39950000,0.40230000,8408207.51247000
2025-03-06 21:00:00,0.40230000,0.41060000,0.40160000,0.40350000,4380576.36094000
2025-03-07 01:00:00,0.40350000,0.40740000,0.38530000,0.39850000,12791639.00665000
2025-03-07 05:00:00,0.39850000,0.40660000,0.39750000,0.40630000,4075243.37634000
2025-03-07 09:00:00,0.40630000,0.40960000,0.40120000,0.40750000,3793820.11769000
2025-03-07 13:00:00,0.40750000,0.41570000,0.40190000,0.40910000,7989630.20893000
2025-03-07 17:00:00,0.40910000,0.41390000,0.39710000,0.40730000,7861891.11539000
2025-03-07 21:00:00,0.40730000,0.40970000,0.39030000,0.39460000,6630144.63963000
2025-03-08 01:00:00,0.39460000,0.39750000,0.38850000,0.39340000,2615658.13252000
2025-03-08 05:00:00,0.39340000,0.39730000,0.38680000,0.38790000,2721112.30598000
2025-03-08 09:00:00,0.38790000,0.38920000,0.38150000,0.38470000,3412789.06437000
2025-03-08 13:00:00,0.38470000,0.39580000,0.38310000,0.39010000,4246514.70563000
2025-03-08 17:00:00,0.39010000,0.40380000,0.38540000,0.40260000,4831374.17072000
2025-03-08 21:00:00,0.40260000,0.40320000,0.39540000,0.39770000,2746641.65200000
2025-03-09 01:00:00,0.39770000,0.39940000,0.38810000,0.39030000,2672435.59873000
2025-03-09 05:00:00,0.39030000,0.39120000,0.38510000,0.38770000,2180958.95458000
2025-03-09 09:00:00,0.38770000,0.38770000,0.37520000,0.37770000,4725603.78232000
2025-03-09 13:00:00,0.37770000,0.37820000,0.36650000,0.36820000,6153869.48277000
2025-03-09 17:00:00,0.36820000,0.37000000,0.34550000,0.35480000,11866802.27033000
2025-03-09 21:00:00,0.35480000,0.35800000,0.34430000,0.34920000,5665218.21473000
2025-03-10 01:00:00,0.34920000,0.35640000,0.34340000,0.35390000,6974283.88310000
2025-03-10 05:00:00,0.35390000,0.36010000,0.35350000,0.35970000,4234341.63403000
2025-03-10 09:00:00,0.35970000,0.37220000,0.35340000,0.36710000,7393219.11545000
2025-03-10 13:00:00,0.36710000,0.36910000,0.33730000,0.34470000,12954511.21786000
2025-03-10 17:00:00,0.34470000,0.34580000,0.31410000,0.32590000,17092926.99361000
2025-03-10 21:00:00,0.32590000,0.32880000,0.31910000,0.32010000,6616117.77768000
2025-03-11 01:00:00,0.32010000,0.32590000,0.29440000,0.32010000,17405454.99107000
2025-03-11 05:00:00,0.32010000,0.33310000,0.31920000,0.33070000,6554885.92320000
2025-03-11 09:00:00,0.33070000,0.33590000,0.32870000,0.33320000,5001623.58666000
2025-03-11 13:00:00,0.33320000,0.33720000,0.31640000,0.33030000,13941559.74091000
2025-03-11 17:00:00,0.33030000,0.34690000,0.32630000,0.34570000,8242259.64134000
2025-03-11 21:00:00,0.34570000,0.34700000,0.33610000,0.33730000,4052864.94621000
2025-03-12 01:00:00,0.33730000,0.34340000,0.32830000,0.32880000,5487080.95459000
2025-03-12 05:00:00,0.32880000,0.33940000,0.32630000,0.33830000,5319455.16332000
2025-03-12 09:00:00,0.33830000,0.34960000,0.33550000,0.34570000,9075145.94257000
2025-03-12 13:00:00,0.34570000,0.35420000,0.33210000,0.33760000,9987668.82265000
2025-03-12 17:00:00,0.33760000,0.34660000,0.33720000,0.34430000,4376188.48113000
2025-03-12 21:00:00,0.34430000,0.35040000,0.34340000,0.34830000,2570323.60351000
2025-03-13 01:00:00,0.34830000,0.35060000,0.34330000,0.34400000,4382443.00813000
2025-03-13 05:00:00,0.34400000,0.34510000,0.33870000,0.34230000,3460494.47823000
2025-03-13 09:00:00,0.34230000,0.35160000,0.34010000,0.34950000,4760527.00775000
2025-03-13 13:00:00,0.34950000,0.35400000,0.33950000,0.34150000,6376788.84451000
2025-03-13 17:00:00,0.34150000,0.34220000,0.33050000,0.33620000,5023974.17364000
2025-03-13 21:00:00,0.33620000,0.34620000,0.33330000,0.34370000,3959112.62525000
2025-03-14 01:00:00,0.34370000,0.35020000,0.34220000,0.34740000,3259945.89215000
2025-03-14 05:00:00,0.34740000,0.35000000,0.34610000,0.34720000,2038685.02358000
2025-03-14 09:00:00,0.34720000,0.35210000,0.34720000,0.35100000,2847445.27481000
2025-03-14 13:00:00,0.35100000,0.36430000,0.34900000,0.36030000,6540661.05569000
2025-03-14 17:00:00,0.36030000,0.36650000,0.35890000,0.36320000,4186763.90362000
2025-03-14 21:00:00,0.36320000,0.36380000,0.35810000,0.35870000,3314814.29510000
2025-03-15 01:00:00,0.35870000,0.36170000,0.35660000,0.36120000,1869549.91360000
2025-03-15 05:00:00,0.36120000,0.36480000,0.35900000,0.35980000,2244629.79043000
2025-03-15 09:00:00,0.35980000,0.36370000,0.35880000,0.36200000,2832284.14754000
2025-03-15 13:00:00,0.36200000,0.36310000,0.35840000,0.36280000,2816242.23696000
2025-03-15 17:00:00,0.36280000,0.36620000,0.36220000,0.36550000,2565458.03723000
2025-03-15 21:00:00,0.36550000,0.36980000,0.36380000,0.36400000,2499876.53040000
2025-03-16 01:00:00,0.36400000,0.36500000,0.35870000,0.36160000,2431900.88483000
2025-03-16 05:00:00,0.36160000,0.36500000,0.36000000,0.36260000,1715302.82420000
2025-03-16 09:00:00,0.36260000,0.36350000,0.34800000,0.34920000,4899428.94414000
2025-03-16 13:00:00,0.34920000,0.35180000,0.34510000,0.34900000,4280519.93277000
2025-03-16 17:00:00,0.34900000,0.35790000,0.34530000,0.34910000,5214761.81077000
2025-03-16 21:00:00,0.34910000,0.35150000,0.34430000,0.34810000,3173588.55576000
2025-03-17 01:00:00,0.34810000,0.36190000,0.34800000,0.36050000,3643012.66372000
2025-03-17 05:00:00,0.36050000,0.36650000,0.35610000,0.36550000,3604663.24604000
2025-03-17 09:00:00,0.36550000,0.37570000,0.36350000,0.36870000,5407045.07974000
2025-03-17 13:00:00,0.36870000,0.37380000,0.36310000,0.36840000,6353179.71448000
2025-03-17 17:00:00,0.36840000,0.37490000,0.36520000,0.37180000,3783153.83137000
2025-03-17 21:00:00,0.37180000,0.37330000,0.36820000,0.36950000,2700399.96346000
2025-03-18 01:00:00,0.36950000,0.36970000,0.36050000,0.36110000,2950161.87322000
2025-03-18 05:00:00,0.36110000,0.36480000,0.35890000,0.36230000,2847280.32964000
2025-03-18 09:00:00,0.36230000,0.36600000,0.35750000,0.35870000,3198814.59499000
2025-03-18 13:00:00,0.35870000,0.36060000,0.35390000,0.35550000,3959661.57938000
2025-03-18 17:00:00,0.35550000,0.35920000,0.35160000,0.35850000,3092890.93795000
2025-03-18 21:00:00,0.35850000,0.37210000,0.35700000,0.37140000,4292448.63402000
2025-03-19 01:00:00,0.37140000,0.37340000,0.36670000,0.37180000,3076438.80129000
2025-03-19 05:00:00,0.37180000,0.37520000,0.36770000,0.36790000,3066722.16894000
2025-03-19 09:00:00,0.36790000,0.38290000,0.36780000,0.38190000,6944956.00776000
2025-03-19 13:00:00,0.38190000,0.38580000,0.37360000,0.38490000,7426072.25493000
2025-03-19 17:00:00,0.38490000,0.38500000,0.37530000,0.37850000,7289959.23765000
2025-03-19 21:00:00,0.37850000,0.38690000,0.37820000,0.38480000,3387718.43102000
2025-03-20 01:00:00,0.38480000,0.38710000,0.37730000,0.37780000,3471157.94136000
2025-03-20 05:00:00,0.37780000,0.37870000,0.37460000,0.37510000,2212673.82029000
2025-03-20 09:00:00,0.37510000,0.37780000,0.36790000,0.37050000,4673933.76229000
2025-03-20 13:00:00,0.37050000,0.37750000,0.37010000,0.37100000,3400204.69726000
2025-03-20 17:00:00,0.37100000,0.37350000,0.36630000,0.37210000,3005796.87567000
2025-03-20 21:00:00,0.37210000,0.37670000,0.37200000,0.37550000,2167104.12497000
2025-03-21 01:00:00,0.37550000,0.37920000,0.37290000,0.37360000,2213548.93853000
2025-03-21 05:00:00,0.37360000,0.37560000,0.36940000,0.37160000,2045865.38859000
2025-03-21 09:00:00,0.37160000,0.37300000,0.36170000,0.36300000,3481534.58929000
2025-03-21 13:00:00,0.36300000,0.36460000,0.35770000,0.36040000,3270100.78336000
2025-03-21 17:00:00,0.36040000,0.36580000,0.35970000,0.36360000,2337211.39836000
2025-03-21 21:00:00,0.36360000,0.36550000,0.35860000,0.35940000,2505411.81854000
2025-03-22 01:00:00,0.35940000,0.36290000,0.35900000,0.36240000,1768559.88093000
2025-03-22 05:00:00,0.36240000,0.36690000,0.36160000,0.36620000,1853269.56433000
2025-03-22 09:00:00,0.36620000,0.37120000,0.36490000,0.36800000,2299562.32278000
2025-03-22 13:00:00,0.36800000,0.36880000,0.36400000,0.36510000,1951016.46476000
2025-03-22 17:00:00,0.36510000,0.37180000,0.36450000,0.37050000,2117723.91316000
2025-03-22 21:00:00,0.37050000,0.37210000,0.36340000,0.36470000,1807137.43937000
2025-03-23 01:00:00,0.36470000,0.37290000,0.36330000,0.37270000,1914426.77414000
2025-03-23 05:00:00,0.37270000,0.37410000,0.36760000,0.37250000,1760605.08894000
2025-03-23 09:00:00,0.37250000,0.37360000,0.36950000,0.37020000,1663280.89404000
2025-03-23 13:00:00,0.37020000,0.37190000,0.36660000,0.36750000,2153037.65792000
2025-03-23 17:00:00,0.36750000,0.36750000,0.36230000,0.36470000,1924439.03809000
2025-03-23 21:00:00,0.36470000,0.36850000,0.36230000,0.36840000,1952030.07193000
2025-03-24 01:00:00,0.36840000,0.37400000,0.36120000,0.37290000,4787928.95773000
2025-03-24 05:00:00,0.37290000,0.38440000,0.37310000,0.38070000,5467708.22795000
2025-03-24 09:00:00,0.38070000,0.38540000,0.38070000,0.38360000,2891983.66113000
2025-03-24 13:00:00,0.38360000,0.39570000,0.38210000,0.39010000,8638520.33683000
2025-03-24 17:00:00,0.39010000,0.39380000,0.38620000,0.39240000,3277310.99400000
2025-03-24 21:00:00,0.39240000,0.39460000,0.38780000,0.39070000,3198503.14279000
2025-03-25 01:00:00,0.39070000,0.39390000,0.38400000,0.38470000,3030079.70947000
2025-03-25 05:00:00,0.38470000,0.38950000,0.38360000,0.38710000,1952882.99329000
2025-03-25 09:00:00,0.38710000,0.39160000,0.38710000,0.39020000,2498687.36701000
2025-03-25 13:00:00,0.39020000,0.39350000,0.38610000,0.39070000,3753445.01393000
2025-03-25 17:00:00,0.39070000,0.39510000,0.38840000,0.39260000,2822027.27022000
2025-03-25 21:00:00,0.39260000,0.39470000,0.39000000,0.39330000,2557647.53401000
2025-03-26 01:00:00,0.39330000,0.39720000,0.38770000,0.38890000,2625159.61459000
2025-03-26 05:00:00,0.38890000,0.40130000,0.38860000,0.40030000,3492923.31057000
2025-03-26 09:00:00,0.40030000,0.40260000,0.39650000,0.40010000,3570316.70796000
2025-03-26 13:00:00,0.40010000,0.40030000,0.38140000,0.38510000,8025127.81535000
2025-03-26 17:00:00,0.38510000,0.38710000,0.37760000,0.38180000,4046180.21414000
2025-03-26 21:00:00,0.38180000,0.38540000,0.37850000,0.38170000,2316495.85826000
2025-03-27 01:00:00,0.38170000,0.39080000,0.38090000,0.39030000,2436914.05997000
2025-03-27 05:00:00,0.39030000,0.39060000,0.38560000,0.38630000,1458202.52181000
2025-03-27 09:00:00,0.38630000,0.38840000,0.37920000,0.37990000,2879808.83621000
2025-03-27 13:00:00,0.37990000,0.38650000,0.37380000,0.38320000,4367453.13413000
2025-03-27 17:00:00,0.38320000,0.38600000,0.37850000,0.38330000,4183856.13568000
2025-03-27 21:00:00,0.38330000,0.38840000,0.38210000,0.38420000,1688270.31729000
2025-03-28 01:00:00,0.38420000,0.38740000,0.37800000,0.37910000,2298694.44182000
2025-03-28 05:00:00,0.37910000,0.38000000,0.35770000,0.35840000,7336349.33923000
2025-03-28 09:00:00,0.35840000,0.36020000,0.35060000,0.35620000,3655543.40166000
2025-03-28 13:00:00,0.35620000,0.35620000,0.34750000,0.34790000,5924154.50429000
2025-03-28 17:00:00,0.34790000,0.34980000,0.34210000,0.34340000,3256224.78251000
2025-03-28 21:00:00,0.34340000,0.34890000,0.34140000,0.34760000,3015729.40385000
2025-03-29 01:00:00,0.34760000,0.34930000,0.33830000,0.34360000,2922133.82622000
2025-03-29 05:00:00,0.34360000,0.34450000,0.33320000,0.33540000,3326186.66513000
2025-03-29 09:00:00,0.33540000,0.33940000,0.33050000,0.33220000,4963239.37157000
2025-03-29 13:00:00,0.33220000,0.33740000,0.33130000,0.33240000,2469023.59750000
2025-03-29 17:00:00,0.33240000,0.33420000,0.32620000,0.33090000,3700538.13007000
2025-03-29 21:00:00,0.33090000,0.33110000,0.32590000,0.33070000,1679364.73525000
2025-03-30 01:00:00,0.33070000,0.33860000,0.32770000,0.33580000,2733488.92598000
2025-03-30 06:00:00,0.33580000,0.33810000,0.33390000,0.33460000,1437871.72195000
2025-03-30 10:00:00,0.33460000,0.33860000,0.33310000,0.33410000,2054113.98483000
2025-03-30 14:00:00,0.33410000,0.33580000,0.32850000,0.33250000,5407887.36273000
2025-03-30 18:00:00,0.33250000,0.33650000,0.32700000,0.33370000,2527337.05233000
2025-03-30 22:00:00,0.33370000,0.33480000,0.32530000,0.33180000,2680030.55492000
2025-03-31 02:00:00,0.33180000,0.33510000,0.32610000,0.32850000,2389748.15553000
2025-03-31 06:00:00,0.32850000,0.33210000,0.32270000,0.32470000,2643287.63284000
2025-03-31 10:00:00,0.32470000,0.32710000,0.31770000,0.32490000,3788891.82563000
2025-03-31 14:00:00,0.32490000,0.33490000,0.32220000,0.33220000,4746586.75458000
2025-03-31 18:00:00,0.33220000,0.33380000,0.32670000,0.32910000,2305002.87152000
2025-03-31 22:00:00,0.32910000,0.33110000,0.32610000,0.32780000,1420369.26382000
2025-04-01 02:00:00,0.32780000,0.33500000,0.32730000,0.33280000,1733657.11267000
2025-04-01 06:00:00,0.33280000,0.33720000,0.33070000,0.33420000,2294137.78940000
2025-04-01 10:00:00,0.33420000,0.34250000,0.33210000,0.33350000,3746584.50314000
2025-04-01 14:00:00,0.33350000,0.34170000,0.32750000,0.33980000,3878592.87318000
2025-04-01 18:00:00,0.33980000,0.34120000,0.33240000,0.33370000,1829626.06985000
2025-04-01 22:00:00,0.33370000,0.33600000,0.33050000,0.33320000,1541782.77955000
2025-04-02 02:00:00,0.33320000,0.33320000,0.32310000,0.32730000,2318491.93040000
2025-04-02 06:00:00,0.32730000,0.32940000,0.31960000,0.32050000,4040870.35963000
2025-04-02 10:00:00,0.32050000,0.32850000,0.31960000,0.32330000,2406950.78317000
2025-04-02 14:00:00,0.32330000,0.33740000,0.31980000,0.33270000,4917645.91675000
2025-04-02 18:00:00,0.33270000,0.33470000,0.32490000,0.33040000,1957303.89071000
2025-04-02 22:00:00,0.33040000,0.33900000,0.30240000,0.30690000,9353858.58500000
2025-04-03 02:00:00,0.30690000,0.31670000,0.30520000,0.31410000,2692414.44494000
2025-04-03 06:00:00,0.31410000,0.31630000,0.30500000,0.30700000,2937112.62691000
2025-04-03 10:00:00,0.30700000,0.30860000,0.29650000,0.30110000,4729013.89565000
2025-04-03 14:00:00,0.30110000,0.30490000,0.29330000,0.30160000,5727990.43402000
2025-04-03 18:00:00,0.30160000,0.30610000,0.29920000,0.30420000,2427303.48345000
2025-04-03 22:00:00,0.30420000,0.31130000,0.30310000,0.31030000,2696260.72601000
2025-04-04 02:00:00,0.31030000,0.31180000,0.30570000,0.31100000,1795478.61952000
2025-04-04 06:00:00,0.31100000,0.31650000,0.30870000,0.31580000,2104822.59609000
2025-04-04 10:00:00,0.31580000,0.31810000,0.30030000,0.30540000,3302885.56713000
2025-04-04 14:00:00,0.30540000,0.31760000,0.30250000,0.31080000,4120885.01893000
2025-04-04 18:00:00,0.31080000,0.31670000,0.30880000,0.31210000,2412647.13898000
2025-04-04 22:00:00,0.31210000,0.31580000,0.31100000,0.31220000,1043091.01194000
2025-04-05 02:00:00,0.31220000,0.31500000,0.31110000,0.31130000,771310.27674000
2025-04-05 06:00:00,0.31130000,0.31370000,0.31040000,0.31340000,628692.31563000
2025-04-05 10:00:00,0.31340000,0.31520000,0.31270000,0.31320000,872162.80232000
2025-04-05 14:00:00,0.31320000,0.31360000,0.30570000,0.30680000,1470153.24274000
2025-04-05 18:00:00,0.30680000,0.30930000,0.30580000,0.30630000,832878.63372000
2025-04-05 22:00:00,0.30630000,0.30950000,0.30460000,0.30880000,906368.28562000
2025-04-06 02:00:00,0.30880000,0.30890000,0.30310000,0.30450000,915392.06927000
2025-04-06 06:00:00,0.30450000,0.30660000,0.30230000,0.30250000,1234107.94867000
2025-04-06 10:00:00,0.30250000,0.30490000,0.30090000,0.30300000,1221473.33309000
2025-04-06 14:00:00,0.30300000,0.30330000,0.29180000,0.29580000,3155159.03854000
2025-04-06 18:00:00,0.29580000,0.29570000,0.26900000,0.27420000,10123195.11250000
2025-04-06 22:00:00,0.27420000,0.27540000,0.25930000,0.26790000,6658003.80055000
2025-04-07 02:00:00,0.26790000,0.27540000,0.25890000,0.26390000,4623409.59424000
2025-04-07 06:00:00,0.26390000,0.27010000,0.24200000,0.25110000,9030534.15632000
2025-04-07 10:00:00,0.25110000,0.26960000,0.25020000,0.26440000,5801068.13470000
2025-04-07 14:00:00,0.26440000,0.28560000,0.26320000,0.27430000,11271204.41508000
2025-04-07 18:00:00,0.27430000,0.27800000,0.26830000,0.27260000,3796780.00148000
2025-04-07 22:00:00,0.27260000,0.27830000,0.27260000,0.27400000,1816480.74595000
2025-04-08 02:00:00,0.27400000,0.28260000,0.27120000,0.27700000,2059164.69835000
2025-04-08 06:00:00,0.27700000,0.27890000,0.26880000,0.27040000,1950138.69608000
2025-04-08 10:00:00,0.27040000,0.27890000,0.26800000,0.27840000,2576796.42020000
2025-04-08 14:00:00,0.27840000,0.28060000,0.27000000,0.27260000,4019947.30656000
2025-04-08 18:00:00,0.27260000,0.27260000,0.26040000,0.26430000,4855668.72063000
2025-04-08 22:00:00,0.26430000,0.26770000,0.26130000,0.26420000,1869407.94142000
2025-04-09 02:00:00,0.26420000,0.26830000,0.25550000,0.26410000,4571655.70738000
2025-04-09 06:00:00,0.26410000,0.27450000,0.26370000,0.27340000,3159227.62816000
2025-04-09 10:00:00,0.27340000,0.27560000,0.26790000,0.26910000,3001396.13084000
2025-04-09 14:00:00,0.26910000,0.27780000,0.26660000,0.27570000,3658366.03666000
2025-04-09 18:00:00,0.27570000,0.30110000,0.27510000,0.29480000,8804208.41690000
2025-04-09 22:00:00,0.29480000,0.29930000,0.29230000,0.29330000,2275528.86612000
2025-04-10 02:00:00,0.29330000,0.29380000,0.28170000,0.28390000,2317859.24031000
2025-04-10 06:00:00,0.28390000,0.28680000,0.28120000,0.28410000,2112111.19220000
2025-04-10 10:00:00,0.28410000,0.28490000,0.28030000,0.28320000,2395687.10072000
2025-04-10 14:00:00,0.28320000,0.28980000,0.27490000,0.27690000,4790634.21237000
2025-04-10 18:00:00,0.27690000,0.28280000,0.27530000,0.28120000,2556211.96281000
2025-04-10 22:00:00,0.28120000,0.28730000,0.28110000,0.28600000,1223074.24631000
2025-04-11 02:00:00,0.28600000,0.29500000,0.28510000,0.29410000,1991385.55745000
2025-04-11 06:00:00,0.29410000,0.29590000,0.29120000,0.29290000,1494819.88984000
2025-04-11 10:00:00,0.29290000,0.29630000,0.29080000,0.29220000,2474615.69721000
2025-04-11 14:00:00,0.29220000,0.29490000,0.28940000,0.29420000,2843639.46698000
2025-04-11 18:00:00,0.29420000,0.29880000,0.29320000,0.29600000,2489328.99970000
2025-04-11 22:00:00,0.29600000,0.29870000,0.29380000,0.29480000,1415121.40542000
2025-04-12 02:00:00,0.29480000,0.29660000,0.29360000,0.29590000,1234784.77091000
2025-04-12 06:00:00,0.29590000,0.30150000,0.29500000,0.30030000,1595670.41389000
2025-04-12 10:00:00,0.30030000,0.30450000,0.29870000,0.30030000,1902966.38575000
2025-04-12 14:00:00,0.30030000,0.31120000,0.29990000,0.31020000,2820937.51327000
2025-04-12 18:00:00,0.31020000,0.31130000,0.30570000,0.30830000,1738414.64627000
2025-04-12 22:00:00,0.30830000,0.31220000,0.30780000,0.31070000,1565928.11001000
2025-04-13 02:00:00,0.31070000,0.31150000,0.30480000,0.30630000,1516780.17987000
2025-04-13 06:00:00,0.30630000,0.30800000,0.30250000,0.30620000,1529775.24173000
2025-04-13 10:00:00,0.30620000,0.31130000,0.30530000,0.30710000,1747495.36243000
2025-04-13 14:00:00,0.30710000,0.30780000,0.30050000,0.30210000,2364912.86087000
2025-04-13 18:00:00,0.30210000,0.31670000,0.29710000,0.30130000,5036324.05102000
2025-04-13 22:00:00,0.30130000,0.30470000,0.29520000,0.30040000,2866755.99599000
2025-04-14 02:00:00,0.30040000,0.31240000,0.29990000,0.30430000,2306672.27445000
2025-04-14 06:00:00,0.30430000,0.30620000,0.29690000,0.29970000,2047297.28130000
2025-04-14 10:00:00,0.29970000,0.30850000,0.29740000,0.30480000,6111977.93698000
2025-04-14 14:00:00,0.30480000,0.30740000,0.29440000,0.29510000,6030309.87670000
2025-04-14 18:00:00,0.29510000,0.29980000,0.29290000,0.29730000,4217277.90569000
2025-04-14 22:00:00,0.29730000,0.29780000,0.29330000,0.29560000,2062187.76096000
2025-04-15 02:00:00,0.29560000,0.29690000,0.29070000,0.29320000,2523954.60180000
2025-04-15 06:00:00,0.29320000,0.29540000,0.29110000,0.29390000,2569900.67257000
2025-04-15 10:00:00,0.29390000,0.29580000,0.29020000,0.29180000,2469134.09127000
2025-04-15 14:00:00,0.29180000,0.29510000,0.28630000,0.28920000,4111918.59865000
2025-04-15 18:00:00,0.28920000,0.29010000,0.28240000,0.28340000,2787544.21149000
2025-04-15 22:00:00,0.28340000,0.28500000,0.27910000,0.27960000,2604164.75989000
2025-04-16 02:00:00,0.27960000,0.28370000,0.27750000,0.28140000,1747362.79417000
2025-04-16 06:00:00,0.28140000,0.28200000,0.27560000,0.27630000,2600363.55757000
2025-04-16 10:00:00,0.27630000,0.28040000,0.27450000,0.27930000,2170755.58336000
2025-04-16 14:00:00,0.27930000,0.28390000,0.27480000,0.28020000,5870029.74544000
2025-04-16 18:00:00,0.28020000,0.28290000,0.27080000,0.28220000,5772771.81230000
2025-04-16 22:00:00,0.28220000,0.28410000,0.27780000,0.27850000,2083357.51840000
2025-04-17 02:00:00,0.27850000,0.28120000,0.27650000,0.27800000,1578508.18558000
2025-04-17 06:00:00,0.27800000,0.28500000,0.27720000,0.28290000,1705075.77672000
2025-04-17 10:00:00,0.28290000,0.28400000,0.27950000,0.28100000,1856192.68352000
2025-04-17 14:00:00,0.28100000,0.28270000,0.27490000,0.28030000,3282400.11119000
2025-04-17 18:00:00,0.28030000,0.28670000,0.27890000,0.28210000,3389539.97567000
2025-04-17 22:00:00,0.28210000,0.28510000,0.28140000,0.28220000,1212557.35484000
2025-04-18 02:00:00,0.28220000,0.28460000,0.28070000,0.28440000,1318222.19670000
2025-04-18 06:00:00,0.28440000,0.28970000,0.28330000,0.28930000,1917980.37228000
2025-04-18 10:00:00,0.28930000,0.29320000,0.28710000,0.28930000,2382904.72857000
2025-04-18 14:00:00,0.28930000,0.29240000,0.28710000,0.28840000,2061336.69301000
2025-04-18 18:00:00,0.28840000,0.29290000,0.28800000,0.29130000,1637362.11822000
2025-04-18 22:00:00,0.29130000,0.29290000,0.28910000,0.29070000,1122003.55523000
2025-04-19 02:00:00,0.29070000,0.29600000,0.28990000,0.29410000,1374104.62392000
2025-04-19 06:00:00,0.29410000,0.29580000,0.29250000,0.29410000,1208200.62008000
2025-04-19 10:00:00,0.29410000,0.29470000,0.29130000,0.29260000,1212892.47331000
2025-04-19 14:00:00,0.29260000,0.29640000,0.29080000,0.29640000,1722484.99341000
2025-04-19 18:00:00,0.29640000,0.30420000,0.29470000,0.30240000,3358282.45082000
2025-04-19 22:00:00,0.30240000,0.30380000,0.30020000,0.30040000,1672645.82308000
2025-04-20 02:00:00,0.30040000,0.30450000,0.30000000,0.30430000,1402248.10149000
2025-04-20 06:00:00,0.30430000,0.30730000,0.30060000,0.30170000,2671085.01779000
2025-04-20 10:00:00,0.30170000,0.30220000,0.29620000,0.29780000,2299593.23164000
2025-04-20 14:00:00,0.29780000,0.30090000,0.29710000,0.29790000,1481260.57465000
2025-04-20 18:00:00,0.29790000,0.30370000,0.29750000,0.30320000,1521514.01452000
2025-04-20 22:00:00,0.30320000,0.30670000,0.30190000,0.30440000,1319716.81925000
2025-04-21 02:00:00,0.30440000,0.31110000,0.30370000,0.30890000,2497291.54569000
2025-04-21 06:00:00,0.30890000,0.31490000,0.30680000,0.31310000,1811659.67950000
2025-04-21 10:00:00,0.31310000,0.31430000,0.30950000,0.31120000,1454239.24203000
2025-04-21 14:00:00,0.31120000,0.31380000,0.30830000,0.31110000,1910077.70086000
2025-04-21 18:00:00,0.31110000,0.31200000,0.29960000,0.30280000,4440777.84063000
2025-04-21 22:00:00,0.30280000,0.30350000,0.29690000,0.29920000,2063004.85323000
2025-04-22 02:00:00,0.29920000,0.30270000,0.29300000,0.29910000,3316789.34733000
2025-04-22 06:00:00,0.29910000,0.30180000,0.29210000,0.30150000,2911072.14085000
2025-04-22 10:00:00,0.30150000,0.30360000,0.29840000,0.30220000,2618095.00030000
2025-04-22 14:00:00,0.30220000,0.31570000,0.30020000,0.31030000,6457662.59935000
2025-04-22 18:00:00,0.31030000,0.31300000,0.30660000,0.31250000,2704443.88936000
2025-04-22 22:00:00,0.31250000,0.32460000,0.31050000,0.32200000,3905828.38843000
2025-04-23 02:00:00,0.32200000,0.33080000,0.32030000,0.33030000,3705491.55632000
2025-04-23 06:00:00,0.33030000,0.33380000,0.32470000,0.32770000,3426064.04315000
2025-04-23 10:00:00,0.32770000,0.33210000,0.32520000,0.32990000,3280760.39049000
2025-04-23 14:00:00,0.32990000,0.33460000,0.32230000,0.32890000,7207747.20764000
2025-04-23 18:00:00,0.32890000,0.34360000,0.32590000,0.33430000,7278973.59870000
2025-04-23 22:00:00,0.33430000,0.34080000,0.33350000,0.33880000,1757019.27975000
2025-04-24 02:00:00,0.33880000,0.34130000,0.33130000,0.33170000,2792665.85236000
2025-04-24 06:00:00,0.33170000,0.33630000,0.32820000,0.33020000,2813296.19064000
2025-04-24 10:00:00,0.33020000,0.33410000,0.32480000,0.33380000,3402508.94614000
2025-04-24 14:00:00,0.33380000,0.34440000,0.33150000,0.34100000,4369889.22634000
2025-04-24 18:00:00,0.34100000,0.34350000,0.33230000,0.33760000,4833312.90887000
2025-04-24 22:00:00,0.33760000,0.34310000,0.33690000,0.34200000,1733104.04241000
2025-04-25 02:00:00,0.34200000,0.34600000,0.33520000,0.33890000,2539050.66088000
2025-04-25 06:00:00,0.33890000,0.34790000,0.33810000,0.34570000,2501640.91175000
2025-04-25 10:00:00,0.34570000,0.34950000,0.34350000,0.34660000,3267132.68794000
2025-04-25 14:00:00,0.34660000,0.35280000,0.34050000,0.34810000,5206978.64358000
2025-04-25 18:00:00,0.34810000,0.34860000,0.34290000,0.34500000,3497738.41154000
2025-04-25 22:00:00,0.34500000,0.34860000,0.34340000,0.34640000,1604682.37472000
2025-04-26 02:00:00,0.34640000,0.35630000,0.34610000,0.35110000,2273836.46248000
2025-04-26 06:00:00,0.35110000,0.35450000,0.34790000,0.35150000,4275032.97432000
2025-04-26 10:00:00,0.35150000,0.35770000,0.34540000,0.34590000,3394297.53664000
2025-04-26 14:00:00,0.34590000,0.35140000,0.34210000,0.35100000,2566129.36094000
2025-04-26 18:00:00,0.35100000,0.35190000,0.34840000,0.35070000,1366268.65233000
2025-04-26 22:00:00,0.35070000,0.35340000,0.34820000,0.35230000,1291612.22654000
2025-04-27 02:00:00,0.35230000,0.36310000,0.34460000,0.34580000,5724534.96757000
2025-04-27 06:00:00,0.34580000,0.34670000,0.33800000,0.34200000,1729715.95586000
2025-04-27 10:00:00,0.34200000,0.34530000,0.33860000,0.33880000,1442334.53725000
2025-04-27 14:00:00,0.33880000,0.34040000,0.33230000,0.33500000,2229777.18640000
2025-04-27 18:00:00,0.33500000,0.33930000,0.33240000,0.33930000,976000.51701000
2025-04-27 22:00:00,0.33930000,0.33950000,0.33500000,0.33560000,972520.49531000
2025-04-28 02:00:00,0.33560000,0.33670000,0.32700000,0.33590000,1997768.01450000
2025-04-28 06:00:00,0.33590000,0.34490000,0.33590000,0.34420000,1674199.34576000
2025-04-28 10:00:00,0.34420000,0.34820000,0.33820000,0.34430000,2830152.42789000
2025-04-28 14:00:00,0.34430000,0.34480000,0.32880000,0.33180000,2073765.47539000
2025-04-28 18:00:00,0.33180000,0.34170000,0.32870000,0.33990000,2123054.45923000
2025-04-28 22:00:00,0.33990000,0.34070000,0.33400000,0.33570000,1454604.58595000
2025-04-29 02:00:00,0.33570000,0.33840000,0.33220000,0.33590000,1244815.02068000
2025-04-29 06:00:00,0.33590000,0.34110000,0.33160000,0.34090000,1303599.85943000
2025-04-29 10:00:00,0.34090000,0.34270000,0.33590000,0.33740000,1514998.87294000
2025-04-29 14:00:00,0.33740000,0.33920000,0.33170000,0.33500000,1572076.36594000
2025-04-29 18:00:00,0.33500000,0.33880000,0.33340000,0.33530000,1193363.59986000
2025-04-29 22:00:00,0.33530000,0.33590000,0.32400000,0.32770000,2252584.22895000
2025-04-30 02:00:00,0.32770000,0.33030000,0.32460000,0.32900000,1298787.51822000
2025-04-30 06:00:00,0.32900000,0.32990000,0.32460000,0.32570000,909564.73548000
2025-04-30 10:00:00,0.32570000,0.33480000,0.32480000,0.33470000,1362669.12311000
2025-04-30 14:00:00,0.33470000,0.33470000,0.31480000,0.32260000,4107631.69832000
2025-04-30 18:00:00,0.32260000,0.32680000,0.31850000,0.32460000,1799843.04520000
2025-04-30 22:00:00,0.32460000,0.33080000,0.32440000,0.32570000,1439334.13166000
2025-05-01 02:00:00,0.32570000,0.33030000,0.32550000,0.32730000,1038690.49309000
2025-05-01 06:00:00,0.32730000,0.33120000,0.32610000,0.33070000,799361.62903000
2025-05-01 10:00:00,0.33070000,0.34070000,0.32990000,0.34010000,2406750.15280000
2025-05-01 14:00:00,0.34010000,0.34460000,0.33540000,0.34030000,2860496.48150000
2025-05-01 18:00:00,0.34030000,0.34370000,0.33760000,0.33980000,1530976.40603000
2025-05-01 22:00:00,0.33980000,0.34260000,0.33770000,0.33920000,1050970.98837000
2025-05-02 02:00:00,0.33920000,0.34540000,0.33840000,0.34270000,1121912.84984000
2025-05-02 06:00:00,0.34270000,0.34330000,0.33370000,0.33400000,1201112.07111000
2025-05-02 10:00:00,0.33400000,0.33860000,0.33380000,0.33510000,1115119.85392000
2025-05-02 14:00:00,0.33510000,0.34100000,0.33350000,0.33760000,1534590.74233000
2025-05-02 18:00:00,0.33760000,0.34310000,0.33450000,0.33680000,1478322.68760000
2025-05-02 22:00:00,0.33680000,0.34190000,0.33570000,0.33870000,1215496.57161000
2025-05-03 02:00:00,0.33870000,0.33960000,0.33500000,0.33720000,686256.31308000
2025-05-03 06:00:00,0.33720000,0.33760000,0.33140000,0.33240000,605591.99862000
2025-05-03 10:00:00,0.33240000,0.33300000,0.32580000,0.32580000,1405969.00270000
2025-05-03 14:00:00,0.32580000,0.33530000,0.32580000,0.32990000,1582155.40827000
2025-05-03 18:00:00,0.32990000,0.32990000,0.31590000,0.32420000,2714236.53288000
2025-05-03 22:00:00,0.32420000,0.32460000,0.31930000,0.31950000,1091420.55583000
2025-05-04 02:00:00,0.31950000,0.32250000,0.31660000,0.31720000,1210074.85387000
2025-05-04 06:00:00,0.31720000,0.32290000,0.31600000,0.31940000,1235154.50622000
2025-05-04 10:00:00,0.31940000,0.31940000,0.31530000,0.31750000,1155881.39106000
2025-05-04 14:00:00,0.31750000,0.31870000,0.31320000,0.31470000,1376048.98103000
2025-05-04 18:00:00,0.31470000,0.31500000,0.30960000,0.31240000,1505969.09962000
2025-05-04 22:00:00,0.31240000,0.31570000,0.30910000,0.31030000,2118958.04055000
2025-05-05 02:00:00,0.31030000,0.31610000,0.30830000,0.31380000,1516761.91857000
2025-05-05 06:00:00,0.31380000,0.31950000,0.31340000,0.31940000,1146029.07452000
2025-05-05 10:00:00,0.31940000,0.32090000,0.31010000,0.31120000,1484740.35728000
2025-05-05 14:00:00,0.31120000,0.31320000,0.30710000,0.30940000,1646770.95153000
2025-05-05 18:00:00,0.30940000,0.31580000,0.30900000,0.31080000,2501293.54749000
2025-05-05 22:00:00,0.31080000,0.31350000,0.30550000,0.31090000,1246317.54288000
2025-05-06 02:00:00,0.31090000,0.31210000,0.30500000,0.31070000,1289159.17999000
2025-05-06 06:00:00,0.31070000,0.31200000,0.30750000,0.30810000,769000.26691000
2025-05-06 10:00:00,0.30810000,0.30810000,0.29880000,0.30130000,1806673.45665000
2025-05-06 14:00:00,0.30130000,0.30520000,0.29770000,0.30110000,1847154.95721000
2025-05-06 18:00:00,0.30110000,0.30680000,0.29930000,0.30340000,1548096.06311000
2025-05-06 22:00:00,0.30340000,0.30910000,0.29430000,0.30830000,2059689.90023000
2025-05-07 02:00:00,0.30830000,0.31180000,0.30370000,0.30700000,2026242.39105000
2025-05-07 06:00:00,0.30700000,0.30870000,0.30400000,0.30830000,1288108.76948000
2025-05-07 10:00:00,0.30830000,0.31000000,0.30570000,0.30770000,1104484.65054000
2025-05-07 14:00:00,0.30770000,0.30800000,0.30090000,0.30160000,1522774.79690000
2025-05-07 18:00:00,0.30160000,0.31010000,0.29840000,0.30150000,6672037.81040000
2025-05-07 22:00:00,0.30150000,0.31290000,0.30070000,0.31080000,1564744.29781000
2025-05-08 02:00:00,0.31080000,0.32590000,0.31030000,0.32580000,3304527.77020000
2025-05-08 06:00:00,0.32580000,0.33190000,0.32500000,0.33050000,2766911.24994000
2025-05-08 10:00:00,0.33050000,0.33330000,0.32910000,0.33170000,2667894.91951000
2025-05-08 14:00:00,0.33170000,0.34870000,0.33150000,0.34570000,4334823.04238000
2025-05-08 18:00:00,0.34570000,0.35630000,0.34430000,0.35400000,4184792.55023000
2025-05-08 22:00:00,0.35400000,0.36720000,0.35220000,0.36240000,5119240.95308000
2025-05-09 02:00:00,0.36240000,0.36840000,0.35990000,0.36090000,3361699.54567000
2025-05-09 06:00:00,0.36090000,0.38130000,0.36070000,0.37710000,4789701.06921000
2025-05-09 10:00:00,0.37710000,0.39290000,0.36840000,0.37840000,8727625.63276000
2025-05-09 14:00:00,0.37840000,0.38490000,0.37040000,0.37520000,4308477.99408000
2025-05-09 18:00:00,0.37520000,0.37930000,0.37030000,0.37270000,2968253.17608000
2025-05-09 22:00:00,0.37270000,0.37870000,0.37190000,0.37850000,1475196.78228000
2025-05-10 02:00:00,0.37850000,0.38440000,0.37260000,0.38040000,2522143.55235000
2025-05-10 06:00:00,0.38040000,0.39180000,0.37620000,0.38960000,2867868.10082000
2025-05-10 10:00:00,0.38960000,0.40190000,0.38490000,0.39260000,5244066.50766000
2025-05-10 14:00:00,0.39260000,0.41740000,0.39260000,0.41650000,6683551.29837000
2025-05-10 18:00:00,0.41650000,0.44260000,0.41410000,0.43530000,9519429.80073000
2025-05-10 22:00:00,0.43530000,0.49680000,0.42920000,0.48410000,16050599.43319000
2025-05-11 02:00:00,0.48410000,0.50470000,0.46340000,0.47960000,13825661.16971000
2025-05-11 06:00:00,0.47960000,0.48380000,0.45420000,0.45830000,8471414.85634000
2025-05-11 10:00:00,0.45830000,0.47070000,0.45550000,0.46630000,4484703.79419000
2025-05-11 14:00:00,0.46630000,0.46630000,0.44230000,0.44680000,4806957.73309000
2025-05-11 18:00:00,0.44680000,0.46170000,0.43990000,0.45360000,4535129.94605000
2025-05-11 22:00:00,0.45360000,0.45700000,0.44570000,0.45110000,2185082.03611000
2025-05-12 02:00:00,0.45110000,0.46100000,0.44700000,0.46000000,3586038.39707000
2025-05-12 06:00:00,0.46000000,0.48010000,0.44830000,0.46270000,7411139.91160000
2025-05-12 10:00:00,0.46270000,0.47330000,0.45310000,0.45450000,5092239.82033000
2025-05-12 14:00:00,0.45450000,0.46810000,0.43660000,0.43960000,7318452.90581000
2025-05-12 18:00:00,0.43960000,0.44660000,0.41600000,0.42660000,6990513.72886000
2025-05-12 22:00:00,0.42660000,0.43440000,0.42370000,0.43010000,2632051.06616000
2025-05-13 02:00:00,0.43010000,0.43050000,0.40640000,0.40890000,4855998.75946000
2025-05-13 06:00:00,0.40890000,0.42250000,0.40760000,0.41890000,2410878.03874000
2025-05-13 10:00:00,0.41890000,0.43030000,0.41900000,0.42790000,2431882.83209000
2025-05-13 14:00:00,0.42790000,0.43210000,0.42020000,0.43130000,3822584.02619000
2025-05-13 18:00:00,0.43130000,0.46440000,0.43030000,0.45530000,8124988.97729000
2025-05-13 22:00:00,0.45530000,0.46380000,0.44890000,0.45680000,4705322.68432000
2025-05-14 02:00:00,0.45680000,0.46150000,0.44490000,0.44980000,3681889.97899000
2025-05-14 06:00:00,0.44980000,0.45770000,0.44210000,0.44300000,2402656.14445000
2025-05-14 10:00:00,0.44300000,0.44490000,0.42830000,0.43870000,4472712.32584000
2025-05-14 14:00:00,0.43870000,0.44050000,0.42370000,0.42970000,3299789.82510000
2025-05-14 18:00:00,0.42970000,0.43020000,0.42040000,0.42900000,2220413.72448000
2025-05-14 22:00:00,0.42900000,0.43020000,0.42160000,0.42630000,1261594.82943000
2025-05-15 02:00:00,0.42630000,0.43510000,0.41820000,0.42280000,2321581.64903000
2025-05-15 06:00:00,0.42280000,0.42640000,0.40550000,0.40630000,3200148.57095000
2025-05-15 10:00:00,0.40630000,0.41740000,0.40340000,0.41130000,3074515.34262000
2025-05-15 14:00:00,0.41130000,0.41660000,0.39500000,0.41430000,4893592.07612000
2025-05-15 18:00:00,0.41430000,0.42330000,0.39850000,0.40180000,3976195.07501000
2025-05-15 22:00:00,0.40180000,0.40540000,0.38710000,0.39790000,3287861.76863000
2025-05-16 02:00:00,0.39790000,0.40750000,0.39450000,0.40620000,2625195.16084000
2025-05-16 06:00:00,0.40620000,0.41540000,0.40240000,0.41200000,1955837.42550000
2025-05-16 10:00:00,0.41200000,0.41740000,0.40320000,0.41230000,2393877.60272000
2025-05-16 14:00:00,0.41230000,0.41410000,0.40310000,0.40980000,2449825.10692000
2025-05-16 18:00:00,0.40980000,0.41250000,0.40020000,0.40240000,1804181.83780000
2025-05-16 22:00:00,0.40240000,0.40280000,0.38520000,0.38960000,2744793.94793000
2025-05-17 02:00:00,0.38960000,0.39080000,0.37030000,0.38050000,4578786.62537000
2025-05-17 06:00:00,0.38050000,0.38490000,0.37460000,0.37750000,1526839.62497000
2025-05-17 10:00:00,0.37750000,0.38020000,0.37200000,0.37710000,1840881.25469000
2025-05-17 14:00:00,0.37710000,0.38070000,0.37060000,0.37620000,1982085.84854000
2025-05-17 18:00:00,0.37620000,0.38010000,0.36840000,0.37270000,2359026.77534000
2025-05-17 22:00:00,0.37270000,0.38180000,0.36960000,0.37580000,2286562.71943000
2025-05-18 02:00:00,0.37580000,0.37920000,0.37220000,0.37510000,1410349.05807000
2025-05-18 06:00:00,0.37510000,0.39260000,0.37490000,0.39150000,2790122.22331000
2025-05-18 10:00:00,0.39150000,0.39830000,0.38590000,0.38620000,2436584.36804000
2025-05-18 14:00:00,0.38620000,0.40750000,0.38350000,0.40470000,3484648.45180000
2025-05-18 18:00:00,0.40470000,0.40710000,0.37400000,0.37460000,4782630.18428000
2025-05-18 22:00:00,0.37460000,0.39760000,0.36650000,0.39480000,3945608.76158000
2025-05-19 02:00:00,0.39480000,0.39960000,0.37290000,0.37480000,2730611.85393000
2025-05-19 06:00:00,0.37480000,0.37810000,0.36380000,0.37410000,3535695.04122000
2025-05-19 10:00:00,0.37410000,0.37770000,0.36790000,0.37220000,2143978.54610000
2025-05-19 14:00:00,0.37220000,0.38770000,0.36750000,0.38390000,2978831.46640000
2025-05-19 18:00:00,0.38390000,0.39610000,0.37960000,0.39030000,3305010.67040000
2025-05-19 22:00:00,0.39030000,0.39280000,0.38620000,0.39170000,1404879.23497000
2025-05-20 02:00:00,0.39170000,0.40140000,0.38750000,0.39610000,2817666.59579000
2025-05-20 06:00:00,0.39610000,0.40190000,0.38910000,0.39100000,2422419.96755000
2025-05-20 10:00:00,0.39100000,0.39500000,0.38530000,0.39060000,2360359.68387000
2025-05-20 14:00:00,0.39060000,0.39080000,0.38270000,0.38720000,2291818.55513000
2025-05-20 18:00:00,0.38720000,0.39250000,0.37940000,0.39050000,2135128.51376000
2025-05-20 22:00:00,0.39050000,0.39680000,0.38740000,0.39340000,2299386.91669000
2025-05-21 02:00:00,0.39340000,0.40240000,0.38940000,0.39920000,2621565.29973000
2025-05-21 06:00:00,0.39920000,0.40780000,0.39470000,0.39610000,3700078.91683000
2025-05-21 10:00:00,0.39610000,0.40240000,0.39210000,0.39850000,2454038.92351000
2025-05-21 14:00:00,0.39850000,0.40530000,0.39490000,0.40410000,3137587.66784000
2025-05-21 18:00:00,0.40410000,0.41830000,0.39120000,0.40710000,8225804.48277000
2025-05-21 22:00:00,0.40710000,0.41970000,0.40240000,0.41100000,2601134.27523000
2025-05-22 02:00:00,0.41100000,0.42400000,0.41000000,0.42030000,2902717.24766000
2025-05-22 06:00:00,0.42030000,0.42640000,0.41720000,0.42410000,5721535.59800000
2025-05-22 10:00:00,0.42410000,0.43320000,0.42140000,0.42370000,4333187.52536000
2025-05-22 14:00:00,0.42370000,0.43860000,0.42090000,0.43240000,3281803.26079000
2025-05-22 18:00:00,0.43240000,0.43730000,0.42390000,0.42540000,2281051.09550000
2025-05-22 22:00:00,0.42540000,0.43010000,0.42150000,0.42880000,2160364.17905000
2025-05-23 02:00:00,0.42880000,0.44470000,0.42630000,0.44400000,2990189.40007000
2025-05-23 06:00:00,0.44400000,0.44450000,0.42320000,0.42640000,3412693.54317000
2025-05-23 10:00:00,0.42640000,0.43530000,0.40650000,0.41030000,4558543.17873000
2025-05-23 14:00:00,0.41030000,0.41620000,0.39560000,0.40700000,5948639.50559000
2025-05-23 18:00:00,0.40700000,0.41360000,0.40320000,0.40630000,2804292.51468000
2025-05-23 22:00:00,0.40630000,0.40630000,0.38790000,0.39060000,2777872.23198000
2025-05-24 02:00:00,0.39060000,0.39980000,0.38790000,0.39830000,1557710.06825000
2025-05-24 06:00:00,0.39830000,0.40160000,0.39420000,0.39500000,1082047.34277000
2025-05-24 10:00:00,0.39500000,0.40050000,0.39240000,0.39670000,1424623.95187000
2025-05-24 14:00:00,0.39670000,0.39990000,0.39460000,0.39740000,973874.96977000
2025-05-24 18:00:00,0.39740000,0.39900000,0.39360000,0.39540000,730872.56744000
2025-05-24 22:00:00,0.39540000,0.39630000,0.38910000,0.39180000,1014389.67031000
2025-05-25 02:00:00,0.39180000,0.39470000,0.38280000,0.38910000,1620537.59492000
2025-05-25 06:00:00,0.38910000,0.39020000,0.38260000,0.38430000,818609.19840000
2025-05-25 10:00:00,0.38430000,0.38430000,0.37710000,0.38120000,1691814.72012000
2025-05-25 14:00:00,0.38120000,0.38710000,0.37500000,0.38230000,1388700.68546000
2025-05-25 18:00:00,0.38230000,0.38620000,0.37720000,0.38420000,926945.40337000
2025-05-25 22:00:00,0.38420000,0.39420000,0.38020000,0.39370000,1316674.10653000
2025-05-26 02:00:00,0.39370000,0.40200000,0.39280000,0.39780000,1768796.39511000
2025-05-26 06:00:00,0.39780000,0.40640000,0.39700000,0.40580000,1392174.00549000
2025-05-26 10:00:00,0.40580000,0.40650000,0.39810000,0.39920000,1204698.40719000
2025-05-26 14:00:00,0.39920000,0.40210000,0.39130000,0.39720000,2286363.67068000
2025-05-26 18:00:00,0.39720000,0.39980000,0.38700000,0.39070000,1938636.07479000
2025-05-26 22:00:00,0.39070000,0.39640000,0.38860000,0.39200000,813731.56645000
2025-05-27 02:00:00,0.39200000,0.39420000,0.37940000,0.38790000,1664753.59737000
2025-05-27 06:00:00,0.38790000,0.39850000,0.38460000,0.39670000,1664805.26859000
2025-05-27 10:00:00,0.39670000,0.40900000,0.39670000,0.40870000,2225970.97682000
2025-05-27 14:00:00,0.40870000,0.41380000,0.39890000,0.40550000,2977658.81349000
2025-05-27 18:00:00,0.40550000,0.41440000,0.40290000,0.40860000,1865309.57496000
2025-05-27 22:00:00,0.40860000,0.41070000,0.40020000,0.40180000,1525280.57841000
2025-05-28 02:00:00,0.40180000,0.40420000,0.39600000,0.40340000,1387323.64994000
2025-05-28 06:00:00,0.40340000,0.40610000,0.39840000,0.40100000,1215393.28747000
2025-05-28 10:00:00,0.40100000,0.41090000,0.39850000,0.41020000,1784907.79524000
2025-05-28 14:00:00,0.41020000,0.41710000,0.39540000,0.39900000,3847528.62749000
2025-05-28 18:00:00,0.39900000,0.40650000,0.39030000,0.39080000,2157303.96661000
2025-05-28 22:00:00,0.39080000,0.41110000,0.38910000,0.40940000,2216934.53118000
2025-05-29 02:00:00,0.40940000,0.44150000,0.40850000,0.43250000,8510505.57749000
2025-05-29 06:00:00,0.43250000,0.43370000,0.41970000,0.42470000,3568826.07351000
2025-05-29 10:00:00,0.42470000,0.42650000,0.41630000,0.41750000,2107560.62291000
2025-05-29 14:00:00,0.41750000,0.41790000,0.40630000,0.40910000,4833756.74070000
2025-05-29 18:00:00,0.40910000,0.41570000,0.40280000,0.40400000,3073351.50609000
2025-05-29 22:00:00,0.40400000,0.40910000,0.39330000,0.39610000,2302478.80529000
2025-05-30 02:00:00,0.39610000,0.39890000,0.36930000,0.38140000,5900152.18783000
2025-05-30 06:00:00,0.38140000,0.38140000,0.36610000,0.37060000,3855120.24771000
2025-05-30 10:00:00,0.37060000,0.37360000,0.36690000,0.37020000,2216714.88978000
2025-05-30 14:00:00,0.37020000,0.37230000,0.36030000,0.36130000,3447106.99428000
2025-05-30 18:00:00,0.36130000,0.36310000,0.34840000,0.35490000,4522012.65365000
2025-05-30 22:00:00,0.35490000,0.35570000,0.33130000,0.33320000,5049356.87212000
2025-05-31 02:00:00,0.33320000,0.33420000,0.31990000,0.32830000,3992311.33035000
2025-05-31 06:00:00,0.32830000,0.33290000,0.32530000,0.33230000,1563067.14043000
2025-05-31 10:00:00,0.33230000,0.33980000,0.32940000,0.33810000,1743832.36497000
2025-05-31 14:00:00,0.33810000,0.34700000,0.33700000,0.33990000,2419833.83037000
2025-05-31 18:00:00,0.33990000,0.34490000,0.33890000,0.34250000,1313477.74610000
2025-05-31 22:00:00,0.34250000,0.34510000,0.33860000,0.33950000,1203688.39502000
2025-06-01 02:00:00,0.33950000,0.33980000,0.33320000,0.33730000,1268098.70694000
2025-06-01 06:00:00,0.33730000,0.34260000,0.33510000,0.33850000,1481644.73405000
2025-06-01 10:00:00,0.33850000,0.33890000,0.32980000,0.33500000,1680813.26642000
2025-06-01 14:00:00,0.33500000,0.34000000,0.33080000,0.33910000,1153084.85031000
2025-06-01 18:00:00,0.33910000,0.34390000,0.33270000,0.33770000,1714729.25315000
2025-06-01 22:00:00,0.33770000,0.34440000,0.33680000,0.34250000,727283.84561000
2025-06-02 02:00:00,0.34250000,0.34590000,0.33540000,0.33790000,1212547.58735000
2025-06-02 06:00:00,0.33790000,0.34400000,0.33560000,0.34140000,1107460.67172000
2025-06-02 10:00:00,0.34140000,0.34250000,0.33280000,0.33510000,1907346.76636000
2025-06-02 14:00:00,0.33510000,0.34720000,0.33370000,0.34590000,2510090.24043000
2025-06-02 18:00:00,0.34590000,0.34690000,0.33860000,0.34090000,1607156.89808000
2025-06-02 22:00:00,0.34090000,0.35990000,0.34110000,0.35760000,1973626.10020000
2025-06-03 02:00:00,0.35760000,0.36890000,0.35680000,0.35940000,1990203.24683000
2025-06-03 06:00:00,0.35940000,0.36580000,0.35550000,0.36240000,1121210.46514000
2025-06-03 10:00:00,0.36240000,0.36690000,0.35770000,0.36290000,1320365.39441000
2025-06-03 14:00:00,0.36290000,0.37310000,0.36160000,0.36810000,3644560.09715000
2025-06-03 18:00:00,0.36810000,0.37180000,0.36600000,0.36880000,1541757.49720000
2025-06-03 22:00:00,0.36880000,0.36940000,0.35790000,0.35960000,1715351.25768000
2025-06-04 02:00:00,0.35960000,0.37020000,0.35750000,0.36860000,1523796.08611000
2025-06-04 06:00:00,0.36860000,0.37090000,0.36620000,0.36720000,1221468.52370000
2025-06-04 10:00:00,0.36720000,0.37360000,0.36090000,0.36110000,2157559.80364000
2025-06-04 14:00:00,0.36110000,0.37250000,0.35650000,0.37190000,2807767.18517000
2025-06-04 18:00:00,0.37190000,0.37250000,0.36130000,0.36150000,1394737.13306000
2025-06-04 22:00:00,0.36150000,0.36590000,0.35430000,0.35880000,1945863.20267000
2025-06-05 02:00:00,0.35880000,0.36360000,0.35560000,0.36150000,1081525.99009000
2025-06-05 06:00:00,0.36150000,0.36270000,0.35110000,0.35410000,1556585.16371000
2025-06-05 10:00:00,0.35410000,0.35650000,0.34920000,0.35130000,1007159.13278000
2025-06-05 14:00:00,0.35130000,0.36170000,0.34610000,0.35220000,2372940.80782000
2025-06-05 18:00:00,0.35220000,0.35260000,0.33020000,0.33240000,3254646.12657000
2025-06-05 22:00:00,0.33240000,0.33320000,0.31680000,0.32290000,4740737.92501000
2025-06-06 02:00:00,0.32290000,0.33250000,0.32220000,0.33220000,1342409.32368000
2025-06-06 06:00:00,0.33220000,0.33490000,0.33020000,0.33240000,2035037.68276000
2025-06-06 10:00:00,0.33240000,0.33620000,0.33060000,0.33340000,3121761.92915000
2025-06-06 14:00:00,0.33340000,0.34650000,0.33230000,0.34060000,2376720.88626000
2025-06-06 18:00:00,0.34060000,0.34210000,0.33150000,0.33250000,2502371.61634000
2025-06-06 22:00:00,0.33250000,0.33620000,0.33100000,0.33170000,1585719.14876000
2025-06-07 02:00:00,0.33170000,0.34260000,0.33110000,0.34070000,1038256.20501000
2025-06-07 06:00:00,0.34070000,0.34440000,0.33840000,0.34420000,890992.54729000
2025-06-07 10:00:00,0.34420000,0.34560000,0.34050000,0.34370000,1420797.99426000
2025-06-07 14:00:00,0.34370000,0.34910000,0.34350000,0.34740000,1126517.02284000
2025-06-07 18:00:00,0.34740000,0.34840000,0.34260000,0.34600000,913494.45813000
2025-06-07 22:00:00,0.34600000,0.34970000,0.34540000,0.34760000,507613.73405000
2025-06-08 02:00:00,0.34760000,0.34780000,0.34350000,0.34360000,486363.64140000
2025-06-08 06:00:00,0.34360000,0.34510000,0.34080000,0.34130000,458758.20124000
2025-06-08 10:00:00,0.34130000,0.34530000,0.33760000,0.34450000,1125518.13905000
2025-06-08 14:00:00,0.34450000,0.34830000,0.34190000,0.34480000,878064.71593000
2025-06-08 18:00:00,0.34480000,0.34960000,0.34450000,0.34700000,598100.49887000
2025-06-08 22:00:00,0.34700000,0.34890000,0.34120000,0.34210000,712927.00500000
2025-06-09 02:00:00,0.34210000,0.34320000,0.33810000,0.34080000,636081.07964000
2025-06-09 06:00:00,0.34080000,0.34140000,0.33550000,0.33910000,719662.17381000
2025-06-09 10:00:00,0.33910000,0.35150000,0.33800000,0.34910000,1907219.97589000
2025-06-09 14:00:00,0.34910000,0.35160000,0.34430000,0.34890000,1622779.07713000
2025-06-09 18:00:00,0.34890000,0.35650000,0.34890000,0.35340000,1299364.03798000
2025-06-09 22:00:00,0.35340000,0.36970000,0.35310000,0.36860000,2111516.23118000
2025-06-10 02:00:00,0.36860000,0.37580000,0.36640000,0.36760000,1886214.93132000
2025-06-10 06:00:00,0.36760000,0.36870000,0.36180000,0.36630000,1200702.92220000
2025-06-10 10:00:00,0.36630000,0.39250000,0.36430000,0.39170000,2999649.29051000
2025-06-10 14:00:00,0.39170000,0.40320000,0.38810000,0.39620000,6118372.31986000
2025-06-10 18:00:00,0.39620000,0.40670000,0.39620000,0.40250000,3255546.17357000
2025-06-10 22:00:00,0.40250000,0.41890000,0.39850000,0.41420000,2747873.72734000
2025-06-11 02:00:00,0.41420000,0.41860000,0.40220000,0.40490000,2730644.42718000
2025-06-11 06:00:00,0.40490000,0.40990000,0.40410000,0.40740000,1482669.26796000
2025-06-11 10:00:00,0.40740000,0.40790000,0.39620000,0.40090000,2305642.00277000
2025-06-11 14:00:00,0.40090000,0.42650000,0.39990000,0.41980000,4669582.61127000
2025-06-11 18:00:00,0.41980000,0.42130000,0.40390000,0.40610000,2975763.12095000
2025-06-11 22:00:00,0.40610000,0.40850000,0.39330000,0.39720000,2138885.78062000
2025-06-12 02:00:00,0.39720000,0.40140000,0.39260000,0.39460000,2045224.52528000
2025-06-12 06:00:00,0.39460000,0.39490000,0.38370000,0.38430000,1983288.48501000
2025-06-12 10:00:00,0.38430000,0.38750000,0.37840000,0.37910000,1850800.31439000
2025-06-12 14:00:00,0.37910000,0.39070000,0.37760000,0.37980000,2318214.23688000
2025-06-12 18:00:00,0.37980000,0.39090000,0.37360000,0.37450000,1839437.76985000
2025-06-12 22:00:00,0.37450000,0.37750000,0.36520000,0.36570000,2139288.13305000
2025-06-13 02:00:00,0.36570000,0.36620000,0.32960000,0.34140000,6579894.01448000
2025-06-13 06:00:00,0.34140000,0.34130000,0.33370000,0.33780000,1828426.83655000
2025-06-13 10:00:00,0.33780000,0.34330000,0.33480000,0.34010000,1917533.33641000
2025-06-13 14:00:00,0.34010000,0.34640000,0.33340000,0.34350000,2818206.62133000
2025-06-13 18:00:00,0.34350000,0.35160000,0.33580000,0.33880000,2492237.80182000
2025-06-13 22:00:00,0.33880000,0.34940000,0.33790000,0.34850000,910934.20974000
2025-06-14 02:00:00,0.34850000,0.34990000,0.34340000,0.34460000,1678463.73707000
2025-06-14 06:00:00,0.34460000,0.34760000,0.34110000,0.34370000,984428.37300000
2025-06-14 10:00:00,0.34370000,0.34370000,0.33880000,0.34030000,698181.87261000
2025-06-14 14:00:00,0.34030000,0.34270000,0.33270000,0.33420000,1242614.02874000
2025-06-14 18:00:00,0.33420000,0.33560000,0.32690000,0.33090000,1925475.93287000
2025-06-14 22:00:00,0.33090000,0.33630000,0.32730000,0.33310000,1417085.31041000
2025-06-15 02:00:00,0.33310000,0.33620000,0.33120000,0.33190000,838969.36476000
2025-06-15 06:00:00,0.33190000,0.33470000,0.32710000,0.32750000,1198197.58984000
2025-06-15 10:00:00,0.32750000,0.32800000,0.32340000,0.32680000,1393592.30639000
2025-06-15 14:00:00,0.32680000,0.33450000,0.32580000,0.32950000,1823053.61920000
2025-06-15 18:00:00,0.32950000,0.33180000,0.32380000,0.32560000,1481805.72040000
2025-06-15 22:00:00,0.32560000,0.32870000,0.31890000,0.32750000,1628883.46621000
2025-06-16 02:00:00,0.32750000,0.33360000,0.32160000,0.32920000,2018933.85445000
2025-06-16 06:00:00,0.32920000,0.34070000,0.32900000,0.34040000,2262663.14678000
2025-06-16 10:00:00,0.34040000,0.34070000,0.33320000,0.33680000,1691347.37235000
2025-06-16 14:00:00,0.33680000,0.34190000,0.33410000,0.33530000,2059929.06270000
2025-06-16 18:00:00,0.33530000,0.33990000,0.33310000,0.33720000,1719230.24608000
2025-06-16 22:00:00,0.33720000,0.34020000,0.31700000,0.31830000,3420294.09671000
2025-06-17 02:00:00,0.31830000,0.32610000,0.31100000,0.32320000,3275919.00107000
2025-06-17 06:00:00,0.32320000,0.32390000,0.31590000,0.31660000,1624455.19972000
2025-06-17 10:00:00,0.31660000,0.31700000,0.30950000,0.31170000,1661840.32251000
2025-06-17 14:00:00,0.31170000,0.31460000,0.30180000,0.30560000,3273865.03765000
2025-06-17 18:00:00,0.30560000,0.31210000,0.29880000,0.30920000,3465985.84763000
2025-06-17 22:00:00,0.30920000,0.31080000,0.30040000,0.30310000,1165382.07062000
2025-06-18 02:00:00,0.30310000,0.30790000,0.30230000,0.30760000,1019134.75448000
2025-06-18 06:00:00,0.30760000,0.31090000,0.30470000,0.30610000,995981.70026000
2025-06-18 10:00:00,0.30610000,0.30740000,0.29480000,0.30010000,2102464.32772000
2025-06-18 14:00:00,0.30010000,0.30210000,0.28980000,0.29760000,3395562.13915000
2025-06-18 18:00:00,0.29760000,0.30210000,0.29320000,0.29850000,1918914.62248000
2025-06-18 22:00:00,0.29850000,0.30920000,0.29750000,0.30710000,1349007.75072000
2025-06-19 02:00:00,0.30710000,0.31070000,0.30520000,0.30930000,1317655.15933000
2025-06-19 06:00:00,0.30930000,0.31150000,0.30610000,0.30640000,753406.57818000
2025-06-19 10:00:00,0.30640000,0.30980000,0.30410000,0.30450000,887491.16499000
2025-06-19 14:00:00,0.30450000,0.30610000,0.29810000,0.29970000,1490885.74229000
2025-06-19 18:00:00,0.29970000,0.30350000,0.29630000,0.29880000,1506327.97123000
2025-06-19 22:00:00,0.29880000,0.30370000,0.29710000,0.30110000,859358.25269000
2025-06-20 02:00:00,0.30110000,0.30380000,0.29860000,0.29990000,688584.22332000
2025-06-20 06:00:00,0.29990000,0.30750000,0.29610000,0.30690000,1232690.20068000
2025-06-20 10:00:00,0.30690000,0.31010000,0.30520000,0.30840000,1265500.77658000
2025-06-20 14:00:00,0.30840000,0.30960000,0.29670000,0.29870000,1819022.00986000
2025-06-20 18:00:00,0.29870000,0.29920000,0.28370000,0.29060000,4141511.46213000
2025-06-20 22:00:00,0.29060000,0.29440000,0.28320000,0.28650000,1264026.34664000
2025-06-21 02:00:00,0.28650000,0.29210000,0.28620000,0.28920000,868414.02168000
2025-06-21 06:00:00,0.28920000,0.28990000,0.28670000,0.28760000,503650.22484000
2025-06-21 10:00:00,0.28760000,0.29060000,0.28730000,0.28780000,838686.60090000
2025-06-21 14:00:00,0.28780000,0.28850000,0.28040000,0.28440000,2431304.85140000
2025-06-21 18:00:00,0.28440000,0.28540000,0.27640000,0.27730000,1742802.11297000
2025-06-21 22:00:00,0.27730000,0.28170000,0.26730000,0.27480000,3439642.48062000
2025-06-22 02:00:00,0.27480000,0.28080000,0.26830000,0.27010000,3396439.69384000
2025-06-22 06:00:00,0.27010000,0.27450000,0.26870000,0.26960000,1234777.43140000
2025-06-22 10:00:00,0.26960000,0.27210000,0.26450000,0.26990000,1694455.77657000
2025-06-22 14:00:00,0.26990000,0.27180000,0.25570000,0.26180000,4878791.88438000
2025-06-22 18:00:00,0.26180000,0.26440000,0.25890000,0.26080000,1657350.91703000
2025-06-22 22:00:00,0.26080000,0.26800000,0.25240000,0.26750000,2219297.96353000
2025-06-23 02:00:00,0.26750000,0.27440000,0.26720000,0.27220000,1298918.02264000
2025-06-23 06:00:00,0.27220000,0.27380000,0.26690000,0.26770000,1703011.03770000
2025-06-23 10:00:00,0.26770000,0.27140000,0.26680000,0.26960000,1021157.21254000
2025-06-23 14:00:00,0.26960000,0.27920000,0.26830000,0.27000000,2286893.68200000
2025-06-23 18:00:00,0.27000000,0.28880000,0.26430000,0.28750000,3859589.68269000
2025-06-23 22:00:00,0.28750000,0.30460000,0.28770000,0.30170000,4312733.76949000
2025-06-24 02:00:00,0.30170000,0.30760000,0.29820000,0.30680000,2283428.68042000
2025-06-24 06:00:00,0.30680000,0.31780000,0.30420000,0.30910000,2104995.17563000
2025-06-24 10:00:00,0.30910000,0.31660000,0.30610000,0.31440000,2039905.35437000
2025-06-24 14:00:00,0.31440000,0.32260000,0.31120000,0.32220000,2601818.04557000
2025-06-24 18:00:00,0.32220000,0.33510000,0.31660000,0.31930000,3551142.33325000
2025-06-24 22:00:00,0.31930000,0.32080000,0.31210000,0.31520000,1569362.95451000
2025-06-25 02:00:00,0.31520000,0.31630000,0.31190000,0.31320000,1366830.92270000
2025-06-25 06:00:00,0.31320000,0.31490000,0.30810000,0.30990000,1023120.85243000
2025-06-25 10:00:00,0.30990000,0.31610000,0.30540000,0.31530000,1848037.64105000
2025-06-25 14:00:00,0.31530000,0.31960000,0.31030000,0.31510000,2923482.85072000
2025-06-25 18:00:00,0.31510000,0.32480000,0.31160000,0.31390000,2580609.42954000
2025-06-25 22:00:00,0.31390000,0.31810000,0.30790000,0.30880000,1028972.06292000
2025-06-26 02:00:00,0.30880000,0.31550000,0.30470000,0.30660000,3184000.59329000
2025-06-26 06:00:00,0.30660000,0.30910000,0.30190000,0.30840000,1282917.32615000
2025-06-26 10:00:00,0.30840000,0.30960000,0.29950000,0.30140000,1583901.22869000
2025-06-26 14:00:00,0.30140000,0.30510000,0.29430000,0.30430000,2936039.68306000
2025-06-26 18:00:00,0.30430000,0.30850000,0.30140000,0.30530000,1885435.45190000
2025-06-26 22:00:00,0.30530000,0.31060000,0.29990000,0.30350000,2140050.39181000
2025-06-27 02:00:00,0.30350000,0.30560000,0.29790000,0.30410000,1382222.85148000
2025-06-27 06:00:00,0.30410000,0.30850000,0.30220000,0.30360000,1147662.17542000
2025-06-27 10:00:00,0.30360000,0.30990000,0.30120000,0.30270000,1106170.03387000
2025-06-27 14:00:00,0.30270000,0.31330000,0.29790000,0.31160000,2707020.20147000
2025-06-27 18:00:00,0.31160000,0.31520000,0.30320000,0.30460000,1924595.08217000
2025-06-27 22:00:00,0.30460000,0.30840000,0.30360000,0.30550000,646741.59324000
2025-06-28 02:00:00,0.30550000,0.30650000,0.30250000,0.30260000,622174.95412000
2025-06-28 06:00:00,0.30260000,0.30540000,0.30120000,0.30460000,498716.78887000
2025-06-28 10:00:00,0.30460000,0.30510000,0.30060000,0.30280000,838907.57573000
2025-06-28 14:00:00,0.30280000,0.30630000,0.30060000,0.30510000,885230.21741000
2025-06-28 18:00:00,0.30510000,0.30840000,0.30210000,0.30610000,1466408.08030000
2025-06-28 22:00:00,0.30610000,0.31360000,0.30540000,0.31100000,801982.16539000
2025-06-29 02:00:00,0.31100000,0.31220000,0.30480000,0.30510000,1003117.71250000
2025-06-29 06:00:00,0.30510000,0.30950000,0.30500000,0.30940000,718493.43582000
2025-06-29 10:00:00,0.30940000,0.31290000,0.30820000,0.30960000,1077773.16466000
2025-06-29 14:00:00,0.30960000,0.31520000,0.30590000,0.31450000,2707976.08410000
2025-06-29 18:00:00,0.31450000,0.34890000,0.31450000,0.34780000,11535874.33728000
2025-06-29 22:00:00,0.34780000,0.39000000,0.34040000,0.36670000,15821108.34178000
2025-06-30 02:00:00,0.36670000,0.36910000,0.35540000,0.36080000,5606501.84612000
2025-06-30 06:00:00,0.36080000,0.37560000,0.35390000,0.37290000,7324244.15313000
2025-06-30 10:00:00,0.37290000,0.37610000,0.35610000,0.36550000,9187501.04923000
2025-06-30 14:00:00,0.36550000,0.37220000,0.33590000,0.33960000,17121208.60196000
2025-06-30 18:00:00,0.33960000,0.34880000,0.33600000,0.34430000,7695112.22582000
2025-06-30 22:00:00,0.34430000,0.34790000,0.34170000,0.34490000,2908769.18909000
2025-07-01 02:00:00,0.34490000,0.34630000,0.33200000,0.33290000,3901920.76119000
2025-07-01 06:00:00,0.33290000,0.33350000,0.32110000,0.32660000,5039296.76208000
2025-07-01 10:00:00,0.32660000,0.33010000,0.32220000,0.32660000,3652674.20353000
2025-07-01 14:00:00,0.32660000,0.33030000,0.32370000,0.32670000,3669465.58129000
2025-07-01 18:00:00,0.32670000,0.32960000,0.32320000,0.32660000,2246868.46127000
2025-07-01 22:00:00,0.32660000,0.32870000,0.32370000,0.32710000,1879433.03861000
2025-07-02 02:00:00,0.32710000,0.33630000,0.32210000,0.32990000,4005489.49859000
2025-07-02 06:00:00,0.32990000,0.35080000,0.32390000,0.34810000,8107987.84424000
2025-07-02 10:00:00,0.34810000,0.34870000,0.33780000,0.33900000,4353354.45182000
2025-07-02 14:00:00,0.33900000,0.34870000,0.33880000,0.34370000,4978978.81743000
2025-07-02 18:00:00,0.34370000,0.35690000,0.34270000,0.35220000,4795292.09554000
2025-07-02 22:00:00,0.35220000,0.35430000,0.34620000,0.34770000,2416077.92078000
2025-07-03 02:00:00,0.34770000,0.35920000,0.34720000,0.35330000,3483045.17755000
2025-07-03 06:00:00,0.35330000,0.36340000,0.35280000,0.35780000,3198074.36237000
2025-07-03 10:00:00,0.35780000,0.35900000,0.34790000,0.35020000,3595702.55394000
2025-07-03 14:00:00,0.35020000,0.35520000,0.33850000,0.34150000,5707270.37807000
2025-07-03 18:00:00,0.34150000,0.34520000,0.34110000,0.34340000,1599184.59694000
2025-07-03 22:00:00,0.34340000,0.34640000,0.34280000,0.34350000,1091371.68417000
2025-07-04 02:00:00,0.34350000,0.34740000,0.33880000,0.33980000,2667904.03140000
2025-07-04 06:00:00,0.33980000,0.34100000,0.32810000,0.32880000,2803110.95719000
2025-07-04 10:00:00,0.32880000,0.33290000,0.32690000,0.32910000,2233773.51184000
2025-07-04 14:00:00,0.32910000,0.33060000,0.32040000,0.32080000,3260111.93562000
2025-07-04 18:00:00,0.32080000,0.32140000,0.31340000,0.31860000,2993202.20989000
2025-07-04 22:00:00,0.31860000,0.32440000,0.31830000,0.32400000,1757022.50280000
2025-07-05 02:00:00,0.32400000,0.32840000,0.32020000,0.32310000,1897735.29713000
2025-07-05 06:00:00,0.32310000,0.32640000,0.32020000,0.32500000,1104547.47968000
2025-07-05 10:00:00,0.32500000,0.32990000,0.32400000,0.32430000,1098489.56174000
2025-07-05 14:00:00,0.32430000,0.32740000,0.32210000,0.32500000,1416488.76437000
2025-07-05 18:00:00,0.32500000,0.32590000,0.32010000,0.32280000,1517163.48087000
2025-07-05 22:00:00,0.32280000,0.33230000,0.32200000,0.32800000,1796175.32494000
2025-07-06 02:00:00,0.32800000,0.32840000,0.32300000,0.32380000,972801.01537000
2025-07-06 06:00:00,0.32380000,0.32550000,0.32150000,0.32410000,792082.10220000
2025-07-06 10:00:00,0.32410000,0.32700000,0.32230000,0.32470000,1239529.54828000
2025-07-06 14:00:00,0.32470000,0.33570000,0.32360000,0.33250000,2577563.89656000
2025-07-06 18:00:00,0.33250000,0.33350000,0.32760000,0.33270000,1118396.08392000
2025-07-06 22:00:00,0.33270000,0.33890000,0.33190000,0.33420000,1915225.65509000
2025-07-07 02:00:00,0.33420000,0.33730000,0.33190000,0.33380000,1050225.52060000
2025-07-07 06:00:00,0.33380000,0.33740000,0.33070000,0.33690000,2383108.24205000
2025-07-07 10:00:00,0.33690000,0.33850000,0.32990000,0.33190000,3686208.39096000
2025-07-07 14:00:00,0.33190000,0.33560000,0.32740000,0.32860000,2670268.13878000
2025-07-07 18:00:00,0.32860000,0.33320000,0.32530000,0.33060000,1905719.64719000
2025-07-07 22:00:00,0.33060000,0.33050000,0.32490000,0.32860000,1266763.21153000
2025-07-08 02:00:00,0.32860000,0.33090000,0.32470000,0.32550000,1838688.96896000
2025-07-08 06:00:00,0.32550000,0.32870000,0.32250000,0.32780000,1444462.14863000
2025-07-08 10:00:00,0.32780000,0.33580000,0.32440000,0.33520000,1713456.60924000
2025-07-08 14:00:00,0.33520000,0.33770000,0.33040000,0.33160000,1700612.41611000
2025-07-08 18:00:00,0.33160000,0.34240000,0.33050000,0.33790000,2075282.34180000
2025-07-08 22:00:00,0.33790000,0.33930000,0.33550000,0.33790000,778319.69451000
2025-07-09 02:00:00,0.33790000,0.33830000,0.33380000,0.33500000,831339.10822000
2025-07-09 06:00:00,0.33500000,0.34130000,0.33380000,0.34080000,1421237.31010000
2025-07-09 10:00:00,0.34080000,0.34170000,0.33680000,0.33990000,1233377.81703000
2025-07-09 14:00:00,0.33990000,0.34480000,0.33640000,0.33820000,3326210.60006000
2025-07-09 18:00:00,0.33820000,0.35440000,0.33680000,0.35320000,3579750.63351000
2025-07-09 22:00:00,0.35320000,0.35850000,0.34840000,0.35520000,2678862.03438000
2025-07-10 02:00:00,0.35520000,0.35890000,0.35110000,0.35820000,1756946.43594000
2025-07-10 06:00:00,0.35820000,0.36330000,0.35440000,0.36150000,2160463.69156000
2025-07-10 10:00:00,0.36150000,0.36380000,0.35780000,0.35970000,1551340.44470000
2025-07-10 14:00:00,0.35970000,0.36380000,0.35620000,0.35780000,2327805.49370000
2025-07-10 18:00:00,0.35780000,0.37580000,0.35740000,0.37350000,3754297.82847000
2025-07-10 22:00:00,0.37350000,0.39940000,0.37270000,0.39630000,4365528.50366000
2025-07-11 02:00:00,0.39630000,0.41790000,0.38870000,0.41610000,4208994.53165000
2025-07-11 06:00:00,0.41610000,0.43310000,0.40900000,0.41170000,6418677.39317000
2025-07-11 10:00:00,0.41170000,0.42570000,0.41160000,0.41240000,3441812.66642000
2025-07-11 14:00:00,0.41240000,0.42240000,0.40460000,0.40640000,4827671.49311000
2025-07-11 18:00:00,0.40640000,0.42180000,0.40390000,0.42090000,3228763.00214000
2025-07-11 22:00:00,0.42090000,0.42130000,0.39620000,0.40520000,3232284.24007000
2025-07-12 02:00:00,0.40520000,0.41320000,0.39790000,0.40820000,1892445.16846000
2025-07-12 06:00:00,0.40820000,0.40860000,0.39600000,0.40450000,1763186.74963000
2025-07-12 10:00:00,0.40450000,0.40630000,0.40110000,0.40290000,1189189.14910000
2025-07-12 14:00:00,0.40290000,0.40460000,0.38200000,0.38560000,3678135.49888000
2025-07-12 18:00:00,0.38560000,0.39670000,0.38390000,0.39610000,1356280.21345000
2025-07-12 22:00:00,0.39610000,0.40090000,0.39020000,0.39960000,1304987.98318000
2025-07-13 02:00:00,0.39960000,0.40340000,0.39710000,0.40250000,1421548.68276000
2025-07-13 06:00:00,0.40250000,0.41460000,0.40110000,0.41300000,2117635.28309000
2025-07-13 10:00:00,0.41300000,0.41590000,0.40580000,0.41550000,2162624.47869000
2025-07-13 14:00:00,0.41550000,0.42150000,0.40990000,0.41370000,3915219.67662000
2025-07-13 18:00:00,0.41370000,0.42010000,0.40960000,0.41510000,1751099.25240000
2025-07-13 22:00:00,0.41510000,0.41760000,0.40690000,0.41030000,1827703.30203000
2025-07-14 02:00:00,0.41030000,0.43150000,0.40780000,0.42680000,3075420.10901000
2025-07-14 06:00:00,0.42680000,0.43370000,0.41660000,0.42320000,4431087.03977000
2025-07-14 10:00:00,0.42320000,0.42710000,0.41510000,0.42010000,3100655.54545000
2025-07-14 14:00:00,0.42010000,0.42500000,0.40280000,0.40740000,5256908.71824000
2025-07-14 18:00:00,0.40740000,0.41270000,0.40180000,0.40390000,2689237.14313000
2025-07-14 22:00:00,0.40390000,0.40820000,0.39850000,0.40260000,1994300.76794000
2025-07-15 02:00:00,0.40260000,0.40590000,0.39030000,0.39550000,2856755.89066000
2025-07-15 06:00:00,0.39550000,0.40510000,0.39090000,0.39830000,2331642.50302000
2025-07-15 10:00:00,0.39830000,0.40270000,0.39530000,0.40120000,1456364.70399000
2025-07-15 14:00:00,0.40120000,0.41610000,0.39680000,0.41370000,5394532.36586000
2025-07-15 18:00:00,0.41370000,0.43170000,0.41340000,0.42010000,5176964.22893000
2025-07-15 22:00:00,0.42010000,0.44380000,0.41780000,0.43660000,3764805.64561000
2025-07-16 02:00:00,0.43660000,0.44340000,0.42370000,0.42840000,4374697.67408000
2025-07-16 06:00:00,0.42840000,0.44760000,0.42510000,0.44020000,4003741.76387000
2025-07-16 10:00:00,0.44020000,0.44030000,0.42990000,0.43150000,3408966.82203000
2025-07-16 14:00:00,0.43150000,0.45330000,0.43000000,0.44310000,7109279.97928000
2025-07-16 18:00:00,0.44310000,0.45430000,0.43960000,0.44990000,4982494.50868000
2025-07-16 22:00:00,0.44990000,0.45850000,0.43750000,0.44030000,5179751.59305000
2025-07-17 02:00:00,0.44030000,0.44840000,0.42770000,0.43030000,3351677.52380000
2025-07-17 06:00:00,0.43030000,0.45020000,0.42880000,0.44720000,3911626.42082000
2025-07-17 10:00:00,0.44720000,0.45700000,0.44380000,0.44400000,4049715.87257000
2025-07-17 14:00:00,0.44400000,0.45210000,0.43940000,0.44840000,4581830.28479000
2025-07-17 18:00:00,0.44840000,0.44940000,0.43210000,0.43470000,4333667.66353000
2025-07-17 22:00:00,0.43470000,0.45650000,0.42920000,0.44990000,5391958.42139000
2025-07-18 02:00:00,0.44990000,0.46640000,0.44640000,0.45760000,5847656.79088000
2025-07-18 06:00:00,0.45760000,0.48590000,0.45670000,0.47290000,7387456.59119000
2025-07-18 10:00:00,0.47290000,0.47990000,0.46310000,0.47010000,5093977.13711000
2025-07-18 14:00:00,0.47010000,0.49710000,0.46870000,0.47040000,12539347.56012000
2025-07-18 18:00:00,0.47040000,0.47650000,0.45220000,0.45520000,5528052.99897000
2025-07-18 22:00:00,0.45520000,0.45810000,0.43940000,0.45230000,5372151.93075000
2025-07-19 02:00:00,0.45230000,0.47080000,0.43760000,0.46980000,3479582.43804000
2025-07-19 06:00:00,0.46980000,0.47690000,0.45760000,0.45880000,3577511.57728000
2025-07-19 10:00:00,0.45880000,0.46110000,0.45140000,0.45350000,2690425.73655000
2025-07-19 14:00:00,0.45350000,0.45820000,0.44710000,0.45260000,2504039.52426000
2025-07-19 18:00:00,0.45260000,0.46520000,0.44790000,0.46320000,2802164.59942000
2025-07-19 22:00:00,0.46320000,0.46650000,0.45520000,0.46480000,2457324.21303000
2025-07-20 02:00:00,0.46480000,0.47130000,0.45730000,0.46840000,2845682.98246000
2025-07-20 06:00:00,0.46840000,0.47610000,0.46210000,0.47220000,3502554.50142000
2025-07-20 10:00:00,0.47220000,0.48990000,0.47230000,0.48500000,4909141.96280000
2025-07-20 14:00:00,0.48500000,0.49960000,0.48090000,0.49830000,5083874.19641000
2025-07-20 18:00:00,0.49830000,0.51010000,0.48800000,0.49220000,6618676.01372000
2025-07-20 22:00:00,0.49220000,0.49280000,0.47420000,0.48330000,4054461.85675000
2025-07-21 02:00:00,0.48330000,0.49290000,0.47420000,0.49180000,3332088.14023000
2025-07-21 06:00:00,0.49180000,0.49880000,0.48620000,0.49500000,3110503.25529000
2025-07-21 10:00:00,0.49500000,0.50150000,0.48790000,0.49480000,3531886.35049000
2025-07-21 14:00:00,0.49480000,0.51090000,0.48550000,0.49840000,7999911.01037000
2025-07-21 18:00:00,0.49840000,0.49960000,0.47710000,0.48080000,6433955.27546000
2025-07-21 22:00:00,0.48080000,0.48960000,0.47830000,0.48590000,2802591.36236000
2025-07-22 02:00:00,0.48590000,0.48980000,0.46470000,0.47080000,6556862.88718000
2025-07-22 06:00:00,0.47080000,0.47220000,0.45740000,0.46470000,5591599.83748000
2025-07-22 10:00:00,0.46470000,0.48350000,0.45350000,0.46970000,5639046.17823000
2025-07-22 14:00:00,0.46970000,0.48580000,0.46010000,0.47880000,6206839.98577000
2025-07-22 18:00:00,0.47880000,0.48690000,0.46440000,0.46660000,4143304.04486000
2025-07-22 22:00:00,0.46660000,0.48430000,0.46510000,0.48230000,2208312.95162000
2025-07-23 02:00:00,0.48230000,0.48380000,0.47040000,0.47220000,2646100.04221000
2025-07-23 06:00:00,0.47220000,0.47890000,0.45950000,0.46180000,3668425.72881000
2025-07-23 10:00:00,0.46180000,0.46740000,0.45250000,0.45710000,3798357.16084000
2025-07-23 14:00:00,0.45710000,0.45920000,0.42880000,0.44340000,10056105.97934000
2025-07-23 18:00:00,0.44340000,0.44330000,0.42390000,0.43220000,5276779.77156000
2025-07-23 22:00:00,0.43220000,0.43640000,0.41680000,0.43340000,4922063.39369000
2025-07-24 02:00:00,0.43340000,0.44390000,0.43220000,0.43720000,2199738.42561000
2025-07-24 06:00:00,0.43720000,0.43950000,0.40660000,0.42180000,7282150.85355000
2025-07-24 10:00:00,0.42180000,0.43680000,0.41830000,0.43560000,3746015.25968000
2025-07-24 14:00:00,0.43560000,0.44930000,0.42720000,0.44130000,4920268.09128000
2025-07-24 18:00:00,0.44130000,0.44310000,0.42940000,0.43720000,3325970.27041000
2025-07-24 22:00:00,0.43720000,0.44170000,0.42830000,0.43060000,1915113.98048000
2025-07-25 02:00:00,0.43060000,0.43140000,0.41350000,0.42080000,3898829.36901000
2025-07-25 06:00:00,0.42080000,0.42880000,0.41550000,0.42340000,2612729.11132000
2025-07-25 10:00:00,0.42340000,0.44340000,0.42310000,0.44090000,3018854.92001000
2025-07-25 14:00:00,0.44090000,0.44310000,0.42220000,0.42860000,4237547.62155000
2025-07-25 18:00:00,0.42860000,0.43550000,0.42450000,0.42880000,2760822.93994000
2025-07-25 22:00:00,0.42880000,0.44440000,0.42850000,0.44300000,1989472.13389000
2025-07-26 02:00:00,0.44300000,0.45190000,0.43970000,0.45070000,2235238.68869000
2025-07-26 06:00:00,0.45070000,0.45190000,0.44480000,0.44730000,1732450.90731000
2025-07-26 10:00:00,0.44730000,0.45130000,0.44540000,0.44580000,1877165.35984000
2025-07-26 14:00:00,0.44580000,0.45020000,0.44260000,0.44990000,1728079.44618000
2025-07-26 18:00:00,0.44990000,0.45670000,0.44760000,0.45510000,1669348.51456000
2025-07-26 22:00:00,0.45510000,0.45770000,0.44790000,0.44860000,1302989.15175000
2025-07-27 02:00:00,0.44860000,0.45710000,0.44580000,0.45230000,1475869.40506000
2025-07-27 06:00:00,0.45230000,0.45960000,0.45050000,0.45090000,1130951.13322000
2025-07-27 10:00:00,0.45090000,0.45790000,0.44610000,0.45150000,1989687.92553000
2025-07-27 14:00:00,0.45150000,0.45650000,0.44760000,0.45150000,2071398.79798000
2025-07-27 18:00:00,0.45150000,0.45970000,0.45010000,0.45380000,2900751.14518000
2025-07-27 22:00:00,0.45380000,0.46320000,0.45060000,0.46040000,1586125.27403000
2025-07-28 02:00:00,0.46040000,0.46610000,0.45140000,0.46200000,2717952.49419000
2025-07-28 06:00:00,0.46200000,0.47890000,0.45890000,0.47110000,5067889.28150000
2025-07-28 10:00:00,0.47110000,0.47670000,0.46500000,0.46980000,2539070.53345000
2025-07-28 14:00:00,0.46980000,0.47080000,0.44440000,0.44790000,4564515.43196000
2025-07-28 18:00:00,0.44790000,0.45020000,0.43210000,0.43680000,3367848.08946000
2025-07-28 22:00:00,0.43680000,0.43780000,0.42780000,0.43410000,2292653.43750000
2025-07-29 02:00:00,0.43410000,0.44000000,0.42150000,0.43080000,2864209.52906000
2025-07-29 06:00:00,0.43080000,0.45040000,0.42760000,0.44910000,2439045.30670000
2025-07-29 10:00:00,0.44910000,0.44940000,0.43280000,0.43510000,1924131.43840000
2025-07-29 14:00:00,0.43510000,0.44110000,0.41890000,0.42270000,3184263.28809000
2025-07-29 18:00:00,0.42270000,0.42930000,0.41650000,0.41960000,2330567.14429000
2025-07-29 22:00:00,0.41960000,0.42730000,0.41460000,0.42470000,1913114.14253000
2025-07-30 02:00:00,0.42470000,0.42630000,0.41580000,0.42330000,1337693.19087000
2025-07-30 06:00:00,0.42330000,0.42540000,0.41790000,0.41970000,1362011.75312000
2025-07-30 10:00:00,0.41970000,0.42280000,0.40230000,0.40610000,4045412.09371000
2025-07-30 14:00:00,0.40610000,0.41740000,0.40250000,0.41390000,2469498.23131000
2025-07-30 18:00:00,0.41390000,0.42280000,0.39260000,0.41290000,3972100.45937000
2025-07-30 22:00:00,0.41290000,0.41770000,0.40650000,0.41520000,1546622.67640000
2025-07-31 02:00:00,0.41520000,0.42530000,0.41290000,0.42430000,1138253.97941000
2025-07-31 06:00:00,0.42430000,0.43140000,0.42280000,0.42950000,1170479.59605000
2025-07-31 10:00:00,0.42950000,0.43110000,0.42190000,0.42360000,1341305.74441000
2025-07-31 14:00:00,0.42360000,0.42440000,0.40310000,0.40990000,3874094.73676000
2025-07-31 18:00:00,0.40990000,0.41970000,0.40450000,0.40600000,2585110.42027000
2025-07-31 22:00:00,0.40600000,0.40860000,0.39510000,0.39760000,2271569.65437000
2025-08-01 02:00:00,0.39760000,0.39890000,0.38340000,0.39620000,3353644.53548000
2025-08-01 06:00:00,0.39620000,0.39610000,0.38420000,0.38860000,3283974.16466000
2025-08-01 10:00:00,0.38860000,0.39010000,0.37830000,0.38950000,2638862.13334000
2025-08-01 14:00:00,0.38950000,0.39440000,0.37690000,0.38810000,3510301.09041000
2025-08-01 18:00:00,0.38810000,0.39120000,0.37770000,0.38690000,2147898.00786000
2025-08-01 22:00:00,0.38690000,0.38820000,0.36690000,0.37710000,3129906.18118000
2025-08-02 02:00:00,0.37710000,0.38230000,0.37660000,0.38050000,805977.07894000
2025-08-02 06:00:00,0.38050000,0.38130000,0.36690000,0.37810000,1701576.73702000
2025-08-02 10:00:00,0.37810000,0.37870000,0.36930000,0.37660000,1832170.99398000
2025-08-02 14:00:00,0.37660000,0.37890000,0.36890000,0.37040000,1836063.61864000
2025-08-02 18:00:00,0.37040000,0.37500000,0.36080000,0.36550000,3009234.42527000
2025-08-02 22:00:00,0.36550000,0.37230000,0.36510000,0.36860000,1066822.22068000
2025-08-03 02:00:00,0.36860000,0.37570000,0.36340000,0.37420000,1342678.95977000
2025-08-03 06:00:00,0.37420000,0.37740000,0.37200000,0.37650000,764260.77903000
2025-08-03 10:00:00,0.37650000,0.38400000,0.37530000,0.38090000,1183125.89198000
2025-08-03 14:00:00,0.38090000,0.38340000,0.37890000,0.38210000,905108.62892000
2025-08-03 18:00:00,0.38210000,0.38480000,0.38030000,0.38240000,562064.86214000
2025-08-03 22:00:00,0.38240000,0.38590000,0.37940000,0.38240000,958028.85015000
2025-08-04 02:00:00,0.38240000,0.39290000,0.38190000,0.38960000,1328660.51248000
2025-08-04 06:00:00,0.38960000,0.39300000,0.38610000,0.39120000,1654744.58763000
2025-08-04 10:00:00,0.39120000,0.39280000,0.38800000,0.38940000,811184.73400000
2025-08-04 14:00:00,0.38940000,0.40080000,0.38880000,0.39900000,1971100.91250000
2025-08-04 18:00:00,0.39900000,0.41170000,0.39860000,0.40070000,2805412.84462000
2025-08-04 22:00:00,0.40070000,0.41010000,0.39980000,0.40530000,1332713.95573000
2025-08-05 02:00:00,0.40530000,0.40570000,0.39480000,0.39500000,1184356.12816000
2025-08-05 06:00:00,0.39500000,0.39750000,0.38570000,0.38740000,1795131.26039000
2025-08-05 10:00:00,0.38740000,0.40010000,0.38650000,0.39790000,1447499.63060000
2025-08-05 14:00:00,0.39790000,0.39850000,0.37830000,0.38000000,3358502.70795000
2025-08-05 18:00:00,0.38000000,0.38610000,0.37950000,0.38160000,1305346.99912000
2025-08-05 22:00:00,0.38160000,0.38480000,0.37500000,0.38350000,1499797.65483000
2025-08-06 02:00:00,0.38350000,0.38370000,0.37360000,0.37510000,1201635.78251000
2025-08-06 06:00:00,0.37510000,0.38970000,0.37310000,0.38860000,1848708.62381000
2025-08-06 10:00:00,0.38860000,0.38990000,0.38220000,0.38340000,1125213.49228000
2025-08-06 14:00:00,0.38340000,0.39040000,0.37790000,0.38990000,2007964.06081000
2025-08-06 18:00:00,0.38990000,0.39220000,0.38360000,0.38870000,1259038.78861000
2025-08-06 22:00:00,0.38870000,0.38970000,0.38580000,0.38880000,654998.55047000
2025-08-07 02:00:00,0.38880000,0.39330000,0.38600000,0.38640000,811170.00741000
2025-08-07 06:00:00,0.38640000,0.39290000,0.38620000,0.39150000,1433299.32300000
2025-08-07 10:00:00,0.39150000,0.40960000,0.39080000,0.40890000,2416110.20467000
2025-08-07 14:00:00,0.40890000,0.41120000,0.40380000,0.40790000,1792285.18451000
2025-08-07 18:00:00,0.40790000,0.41070000,0.39750000,0.41020000,2172251.70725000
2025-08-07 22:00:00,0.41020000,0.41850000,0.40910000,0.41670000,1684395.43853000
2025-08-08 02:00:00,0.41670000,0.42490000,0.41010000,0.42330000,6347994.74932000
2025-08-08 06:00:00,0.42330000,0.42710000,0.41680000,0.42590000,1694098.40653000
2025-08-08 10:00:00,0.42590000,0.42890000,0.41980000,0.42190000,1824290.81002000
2025-08-08 14:00:00,0.42190000,0.43090000,0.41530000,0.41990000,3382159.02573000
2025-08-08 18:00:00,0.41990000,0.43560000,0.41920000,0.43320000,2450993.24675000
2025-08-08 22:00:00,0.43320000,0.43640000,0.43110000,0.43380000,1200244.47272000
2025-08-09 02:00:00,0.43380000,0.44010000,0.43350000,0.43830000,1269176.49020000
2025-08-09 06:00:00,0.43830000,0.45800000,0.43710000,0.45480000,3497998.59505000
2025-08-09 10:00:00,0.45480000,0.46600000,0.45400000,0.46480000,3173799.88551000
2025-08-09 14:00:00,0.46480000,0.46650000,0.45440000,0.46250000,2825513.06487000
2025-08-09 18:00:00,0.46250000,0.47180000,0.46070000,0.47020000,2086452.91922000
2025-08-09 22:00:00,0.47020000,0.48010000,0.46820000,0.47350000,3283578.15991000
2025-08-10 02:00:00,0.47350000,0.48520000,0.46450000,0.46970000,3418700.83521000
2025-08-10 06:00:00,0.46970000,0.47570000,0.45290000,0.45420000,3244718.31156000
2025-08-10 10:00:00,0.45420000,0.45900000,0.44870000,0.45130000,2359170.05090000
2025-08-10 14:00:00,0.45130000,0.46890000,0.45010000,0.46340000,2939210.80999000
2025-08-10 18:00:00,0.46340000,0.46920000,0.45990000,0.46490000,2069119.72023000
2025-08-10 22:00:00,0.46490000,0.46730000,0.45910000,0.46680000,1370447.68613000
2025-08-11 02:00:00,0.46680000,0.47630000,0.46310000,0.47460000,2638140.67702000
2025-08-11 06:00:00,0.47460000,0.48130000,0.45830000,0.45910000,3650542.43531000
2025-08-11 10:00:00,0.45910000,0.46370000,0.44410000,0.44630000,3690476.47941000
2025-08-11 14:00:00,0.44630000,0.45710000,0.44070000,0.45440000,4885786.03756000
2025-08-11 18:00:00,0.45440000,0.46330000,0.44420000,0.44720000,3466232.51164000
2025-08-11 22:00:00,0.44720000,0.44850000,0.43310000,0.43560000,2399373.23634000
2025-08-12 02:00:00,0.43560000,0.44800000,0.43520000,0.44150000,1539244.92447000
2025-08-12 06:00:00,0.44150000,0.44770000,0.43470000,0.44370000,1698765.29037000
2025-08-12 10:00:00,0.44370000,0.44610000,0.43320000,0.44180000,1766020.10872000
2025-08-12 14:00:00,0.44180000,0.46830000,0.43850000,0.46770000,6171166.70746000
2025-08-12 18:00:00,0.46770000,0.47650000,0.46380000,0.47060000,6178280.72197000
2025-08-12 22:00:00,0.47060000,0.47980000,0.46950000,0.47750000,3260271.55465000
2025-08-13 02:00:00,0.47750000,0.48490000,0.47030000,0.48180000,3837687.40720000
2025-08-13 06:00:00,0.48180000,0.48550000,0.47100000,0.47880000,2586268.61471000
2025-08-13 10:00:00,0.47880000,0.49890000,0.47800000,0.49360000,8569822.71066000
2025-08-13 14:00:00,0.49360000,0.54290000,0.49070000,0.53960000,23025474.84203000
2025-08-13 18:00:00,0.53960000,0.55990000,0.53710000,0.55470000,12971993.21600000
2025-08-13 22:00:00,0.55470000,0.58280000,0.54940000,0.57150000,12382551.65214000
2025-08-14 02:00:00,0.57150000,0.57620000,0.54580000,0.55890000,9589172.08373000
2025-08-14 06:00:00,0.55890000,0.56340000,0.53870000,0.54370000,7624751.66699000
2025-08-14 10:00:00,0.54370000,0.54860000,0.53110000,0.53670000,5723546.84184000
2025-08-14 14:00:00,0.53670000,0.53970000,0.49660000,0.52340000,20722998.05012000
2025-08-14 18:00:00,0.52340000,0.53360000,0.51610000,0.51890000,7117425.45897000
2025-08-14 22:00:00,0.51890000,0.52020000,0.50150000,0.51640000,4351397.09847000
2025-08-15 02:00:00,0.51640000,0.53110000,0.51630000,0.52240000,6155276.45162000
2025-08-15 06:00:00,0.52240000,0.53650000,0.51400000,0.52180000,5349698.57475000
2025-08-15 10:00:00,0.52180000,0.52270000,0.50920000,0.50980000,3624209.62878000
2025-08-15 14:00:00,0.50980000,0.52160000,0.47390000,0.47750000,12872249.26122000
2025-08-15 18:00:00,0.47750000,0.48380000,0.47090000,0.47370000,6072993.30911000
2025-08-15 22:00:00,0.47370000,0.49090000,0.47150000,0.48120000,3459159.34404000
2025-08-16 02:00:00,0.48120000,0.48690000,0.47770000,0.48010000,2350715.34641000
2025-08-16 06:00:00,0.48010000,0.49070000,0.47870000,0.48710000,2393611.88898000
2025-08-16 10:00:00,0.48710000,0.48810000,0.47310000,0.47350000,2884340.28150000
2025-08-16 14:00:00,0.47350000,0.48790000,0.47140000,0.48630000,2978582.16379000
2025-08-16 18:00:00,0.48630000,0.49400000,0.48310000,0.49110000,2408346.97448000
2025-08-16 22:00:00,0.49110000,0.49800000,0.49090000,0.49240000,1578236.69467000
2025-08-17 02:00:00,0.49240000,0.50300000,0.48530000,0.50000000,2138678.62133000
2025-08-17 06:00:00,0.50000000,0.53080000,0.49760000,0.52470000,8054652.18722000
2025-08-17 10:00:00,0.52470000,0.53400000,0.52040000,0.52980000,5068701.41351000
2025-08-17 14:00:00,0.52980000,0.55910000,0.52190000,0.55710000,8690710.64354000
2025-08-17 18:00:00,0.55710000,0.56450000,0.53160000,0.53320000,9051260.91869000
2025-08-17 22:00:00,0.53320000,0.54430000,0.53050000,0.53610000,3311717.91783000
2025-08-18 02:00:00,0.53610000,0.54360000,0.51040000,0.51630000,8361439.06629000
2025-08-18 06:00:00,0.51630000,0.53340000,0.51260000,0.51390000,6834266.31354000
2025-08-18 10:00:00,0.51390000,0.52300000,0.50580000,0.50910000,5607862.54770000
2025-08-18 14:00:00,0.50910000,0.52820000,0.50770000,0.51640000,6692758.11955000
2025-08-18 18:00:00,0.51640000,0.52510000,0.50820000,0.51260000,4228142.60749000
2025-08-18 22:00:00,0.51260000,0.52670000,0.50700000,0.51110000,3053385.80115000
2025-08-19 02:00:00,0.51110000,0.52420000,0.48930000,0.49310000,6683125.71491000
2025-08-19 06:00:00,0.49310000,0.49780000,0.48610000,0.49020000,2922243.33282000
2025-08-19 10:00:00,0.49020000,0.50580000,0.48570000,0.50350000,3359942.27250000
2025-08-19 14:00:00,0.50350000,0.50780000,0.48230000,0.49030000,5637058.23202000
2025-08-19 18:00:00,0.49030000,0.49340000,0.47560000,0.47970000,4115707.03810000
2025-08-19 22:00:00,0.47970000,0.48390000,0.47170000,0.47290000,2075685.47376000
2025-08-20 02:00:00,0.47290000,0.48690000,0.47140000,0.48200000,3116377.14416000
2025-08-20 06:00:00,0.48200000,0.48940000,0.48090000,0.48160000,2717395.96285000
2025-08-20 10:00:00,0.48160000,0.49620000,0.48040000,0.48740000,4159331.59102000
2025-08-20 14:00:00,0.48740000,0.50820000,0.47250000,0.50030000,6959563.79765000
2025-08-20 18:00:00,0.50030000,0.51890000,0.50010000,0.51430000,4647865.48714000
2025-08-20 22:00:00,0.51430000,0.51660000,0.50680000,0.51330000,2001855.04900000
2025-08-21 02:00:00,0.51330000,0.52050000,0.50470000,0.51320000,3161145.93732000
2025-08-21 06:00:00,0.51320000,0.51560000,0.50190000,0.50470000,1809501.12575000
2025-08-21 10:00:00,0.50470000,0.50510000,0.49350000,0.49580000,2384672.53719000
2025-08-21 14:00:00,0.49580000,0.50590000,0.48720000,0.48820000,4393199.98686000
2025-08-21 18:00:00,0.48820000,0.49550000,0.48510000,0.49080000,1731170.32478000
2025-08-21 22:00:00,0.49080000,0.50360000,0.48850000,0.49610000,1715126.02037000
2025-08-22 02:00:00,0.49610000,0.50630000,0.48960000,0.50010000,2157701.76876000
2025-08-22 06:00:00,0.50010000,0.50790000,0.49210000,0.50430000,2480030.69805000
2025-08-22 10:00:00,0.50430000,0.50780000,0.48660000,0.48670000,2865448.10790000
2025-08-22 14:00:00,0.48670000,0.54810000,0.47370000,0.53820000,13696989.48824000
2025-08-22 18:00:00,0.53820000,0.60770000,0.53830000,0.59720000,12175925.17510000
2025-08-22 22:00:00,0.59720000,0.60690000,0.57860000,0.58700000,5307516.39720000
2025-08-23 02:00:00,0.58700000,0.58830000,0.56740000,0.57940000,4180019.70470000
2025-08-23 06:00:00,0.57940000,0.59110000,0.57570000,0.58340000,3386813.79529000
2025-08-23 10:00:00,0.58340000,0.59760000,0.57940000,0.58610000,3420441.90857000
2025-08-23 14:00:00,0.58610000,0.59820000,0.58260000,0.59560000,3995291.49878000
2025-08-23 18:00:00,0.59560000,0.60860000,0.58690000,0.60670000,2989669.43940000
2025-08-23 22:00:00,0.60670000,0.61450000,0.59310000,0.61310000,4009372.27702000
2025-08-24 02:00:00,0.61310000,0.62460000,0.59050000,0.59390000,4827932.22089000
2025-08-24 06:00:00,0.59390000,0.59490000,0.57530000,0.57640000,2931730.21917000
2025-08-24 10:00:00,0.57640000,0.58300000,0.56630000,0.57110000,3415661.99472000
2025-08-24 14:00:00,0.57110000,0.59390000,0.56840000,0.58250000,4852946.42021000
2025-08-24 18:00:00,0.58250000,0.60930000,0.56610000,0.58380000,9466606.54176000
2025-08-24 22:00:00,0.58380000,0.58660000,0.56730000,0.57890000,4144121.30566000
2025-08-25 02:00:00,0.57890000,0.59100000,0.56310000,0.57570000,3579075.45187000
2025-08-25 06:00:00,0.57570000,0.57850000,0.54670000,0.54830000,3678458.83046000
2025-08-25 10:00:00,0.54830000,0.55480000,0.53900000,0.54600000,4018571.57163000
2025-08-25 14:00:00,0.54600000,0.55480000,0.54110000,0.54260000,3388312.23382000
2025-08-25 18:00:00,0.54260000,0.54580000,0.52140000,0.52210000,4544569.48164000
2025-08-25 22:00:00,0.52210000,0.52630000,0.51010000,0.51710000,4713666.47493000
2025-08-26 02:00:00,0.51710000,0.54160000,0.51320000,0.53050000,3708115.76233000
2025-08-26 06:00:00,0.53050000,0.53970000,0.52440000,0.52850000,2132203.62708000
2025-08-26 10:00:00,0.52850000,0.53390000,0.52280000,0.52660000,1632789.14403000
2025-08-26 14:00:00,0.52660000,0.54330000,0.52330000,0.53270000,4291092.09931000
2025-08-26 18:00:00,0.53270000,0.53890000,0.52490000,0.53720000,4808435.15479680
2025-08-26 22:00:00,0.53720000,0.53790000,0.52730000,0.52980000,2177940.68683000
2025-08-27 02:00:00,0.52980000,0.53300000,0.51720000,0.52720000,2557600.40024000
2025-08-27 06:00:00,0.52720000,0.53280000,0.51390000,0.51740000,2222125.15570000
2025-08-27 10:00:00,0.51740000,0.52180000,0.51110000,0.52040000,1968962.68329000
2025-08-27 14:00:00,0.52040000,0.53010000,0.51490000,0.52220000,3037236.72045000
2025-08-27 18:00:00,0.52220000,0.52280000,0.50420000,0.50940000,3163694.35462000
2025-08-27 22:00:00,0.50940000,0.51550000,0.49720000,0.50510000,4789326.49998000
2025-08-28 02:00:00,0.50510000,0.51270000,0.49990000,0.51220000,1859729.87856000
2025-08-28 06:00:00,0.51220000,0.52250000,0.51140000,0.52140000,1879615.74557000
2025-08-28 10:00:00,0.52140000,0.52650000,0.51740000,0.52240000,1963237.87715000
2025-08-28 14:00:00,0.52240000,0.53590000,0.51110000,0.51450000,5013259.72701000
2025-08-28 18:00:00,0.51450000,0.51800000,0.50310000,0.51010000,2896344.02367000
2025-08-28 22:00:00,0.51010000,0.52470000,0.50890000,0.52310000,1795878.22343000
2025-08-29 02:00:00,0.52310000,0.52410000,0.50980000,0.51540000,1751716.72863000
2025-08-29 06:00:00,0.51540000,0.51940000,0.49460000,0.49590000,2981449.91113000
2025-08-29 10:00:00,0.49590000,0.49880000,0.48750000,0.49380000,1868381.16095000
2025-08-29 14:00:00,0.49380000,0.51310000,0.48890000,0.49480000,4693816.38224000
2025-08-29 18:00:00,0.49480000,0.49810000,0.48380000,0.48860000,2388643.80483000
2025-08-29 22:00:00,0.48860000,0.49460000,0.48360000,0.49050000,1264134.61089000
2025-08-30 02:00:00,0.49050000,0.49640000,0.47930000,0.49170000,1693816.17034000
2025-08-30 06:00:00,0.49170000,0.50040000,0.48860000,0.50020000,1100595.61200000
2025-08-30 10:00:00,0.50020000,0.50340000,0.49530000,0.50010000,1342633.21894000
2025-08-30 14:00:00,0.50010000,0.50230000,0.49290000,0.49810000,1531810.01574000
2025-08-30 18:00:00,0.49810000,0.49790000,0.49240000,0.49480000,806953.55055000
2025-08-30 22:00:00,0.49480000,0.50020000,0.49280000,0.49880000,449755.01117000
2025-08-31 02:00:00,0.49880000,0.51320000,0.49860000,0.51280000,1392183.95370000
2025-08-31 06:00:00,0.51280000,0.51790000,0.50830000,0.50910000,1480485.22455000
2025-08-31 10:00:00,0.50910000,0.51660000,0.50670000,0.51310000,1436827.83740000
2025-08-31 14:00:00,0.51310000,0.51380000,0.50080000,0.50710000,1393492.15210000
2025-08-31 18:00:00,0.50710000,0.50970000,0.50360000,0.50450000,1109312.56148000
2025-08-31 22:00:00,0.50450000,0.50970000,0.49530000,0.49620000,1043565.24124000
2025-09-01 02:00:00,0.49620000,0.49640000,0.48370000,0.48730000,2167976.42746000
2025-09-01 06:00:00,0.48730000,0.50610000,0.48220000,0.50610000,1884012.43655000
2025-09-01 10:00:00,0.50610000,0.51360000,0.49530000,0.49610000,1982992.91657000
2025-09-01 14:00:00,0.49610000,0.49970000,0.48590000,0.48740000,1449271.90353000
2025-09-01 18:00:00,0.48740000,0.48960000,0.48060000,0.48840000,1406322.52740000
2025-09-01 22:00:00,0.48840000,0.48860000,0.46630000,0.47690000,2965905.43588000
2025-09-02 02:00:00,0.47690000,0.49400000,0.47460000,0.49070000,1466378.04850000
2025-09-02 06:00:00,0.49070000,0.49630000,0.48730000,0.48820000,1205917.98717000
2025-09-02 10:00:00,0.48820000,0.49240000,0.48650000,0.48760000,987012.01683000
2025-09-02 14:00:00,0.48760000,0.49930000,0.47650000,0.48440000,3606418.40895000
2025-09-02 18:00:00,0.48440000,0.49440000,0.48440000,0.48830000,1577830.30430000
2025-09-02 22:00:00,0.48830000,0.50620000,0.48710000,0.50250000,1720714.51851000
2025-09-03 02:00:00,0.50250000,0.50470000,0.49580000,0.50290000,977817.63165000
2025-09-03 06:00:00,0.50290000,0.50340000,0.49410000,0.49660000,831319.29772000
2025-09-03 10:00:00,0.49660000,0.50570000,0.49250000,0.50090000,1445457.08325000
2025-09-03 14:00:00,0.50090000,0.51910000,0.49760000,0.51510000,2780211.28391000
2025-09-03 18:00:00,0.51510000,0.51920000,0.51020000,0.51450000,1200359.30866000
2025-09-03 22:00:00,0.51450000,0.51610000,0.50940000,0.50990000,905887.01628000
2025-09-04 02:00:00,0.50990000,0.51340000,0.50180000,0.50250000,1291879.36794000
2025-09-04 06:00:00,0.50250000,0.50470000,0.49170000,0.49540000,1774713.35344000
2025-09-04 10:00:00,0.49540000,0.50230000,0.49470000,0.49610000,1168731.05358000
2025-09-04 14:00:00,0.49610000,0.49960000,0.48230000,0.48450000,2347169.19414000
2025-09-04 18:00:00,0.48450000,0.48700000,0.47760000,0.47930000,1702441.91017000
2025-09-04 22:00:00,0.47930000,0.48850000,0.47830000,0.48220000,982944.80980000
2025-09-05 02:00:00,0.48220000,0.48760000,0.48170000,0.48690000,705237.02703000
2025-09-05 06:00:00,0.48690000,0.50020000,0.48530000,0.49970000,993144.26285000
2025-09-05 10:00:00,0.49970000,0.50230000,0.49260000,0.50130000,1169742.63154000
2025-09-05 14:00:00,0.50130000,0.51180000,0.48430000,0.48840000,5824903.74863000
2025-09-05 18:00:00,0.48840000,0.49520000,0.48460000,0.49370000,1004890.19677000
2025-09-05 22:00:00,0.49370000,0.49980000,0.49130000,0.49440000,1009966.98053000
2025-09-06 02:00:00,0.49440000,0.50020000,0.49390000,0.49770000,858141.33653000
2025-09-06 06:00:00,0.49770000,0.49790000,0.48940000,0.49170000,729870.38291000
2025-09-06 10:00:00,0.49170000,0.49240000,0.48670000,0.49160000,1009418.12154000
2025-09-06 14:00:00,0.49160000,0.49290000,0.48420000,0.48430000,1008087.50353000
2025-09-06 18:00:00,0.48430000,0.49100000,0.48290000,0.48390000,1905044.62457000
2025-09-06 22:00:00,0.48390000,0.49120000,0.48360000,0.48810000,566923.95624000
2025-09-07 02:00:00,0.48810000,0.49690000,0.48760000,0.49490000,1715998.52780000
2025-09-07 06:00:00,0.49490000,0.49840000,0.49220000,0.49370000,714565.58825000
2025-09-07 10:00:00,0.49370000,0.49680000,0.49040000,0.49500000,728995.21297000
2025-09-07 14:00:00,0.49500000,0.49580000,0.49110000,0.49210000,789727.45369000
2025-09-07 18:00:00,0.49210000,0.49280000,0.48660000,0.49050000,910602.39399000
2025-09-07 22:00:00,0.49050000,0.49910000,0.48860000,0.49600000,607490.89970000
2025-09-08 02:00:00,0.49600000,0.50370000,0.49110000,0.50020000,921755.47595000
2025-09-08 06:00:00,0.50020000,0.50070000,0.49060000,0.49330000,921991.38479000
2025-09-08 10:00:00,0.49330000,0.50680000,0.49300000,0.49960000,1657541.54210000
2025-09-08 14:00:00,0.49960000,0.51050000,0.49820000,0.50800000,1815939.30390000
2025-09-08 18:00:00,0.50800000,0.51590000,0.50270000,0.50550000,2279085.63094000
2025-09-08 22:00:00,0.50550000,0.51490000,0.50100000,0.51320000,1115067.68581000
2025-09-09 02:00:00,0.51320000,0.51990000,0.50370000,0.51230000,1865264.01921000
2025-09-09 06:00:00,0.51230000,0.53260000,0.50970000,0.52880000,2971654.30510000
2025-09-09 10:00:00,0.52880000,0.53920000,0.52810000,0.53160000,1960541.03747000
2025-09-09 14:00:00,0.53160000,0.53740000,0.50790000,0.51150000,3596673.86207000
2025-09-09 18:00:00,0.51150000,0.51590000,0.50800000,0.51440000,1061927.68430000
2025-09-09 22:00:00,0.51440000,0.51820000,0.51010000,0.51230000,797974.59956000
2025-09-10 02:00:00,0.51230000,0.51390000,0.50300000,0.50960000,2011901.12487000
2025-09-10 06:00:00,0.50960000,0.51230000,0.50090000,0.50800000,1301660.08078000
2025-09-10 10:00:00,0.50800000,0.50820000,0.50230000,0.50460000,992337.64857000
2025-09-10 14:00:00,0.50460000,0.52630000,0.50420000,0.51630000,3297174.67071000
2025-09-10 18:00:00,0.51630000,0.51890000,0.50290000,0.50460000,2030015.80402000
2025-09-10 22:00:00,0.50460000,0.51320000,0.50440000,0.51240000,675684.18961000
2025-09-11 02:00:00,0.51240000,0.52570000,0.51030000,0.52480000,1229329.19919000
2025-09-11 06:00:00,0.52480000,0.52770000,0.51780000,0.52430000,1413343.19083000
2025-09-11 10:00:00,0.52430000,0.52550000,0.51690000,0.51780000,1042362.85739000
2025-09-11 14:00:00,0.51780000,0.52860000,0.50920000,0.51380000,3500593.23237000
2025-09-11 18:00:00,0.51380000,0.52380000,0.51370000,0.52190000,837711.82891000
2025-09-11 22:00:00,0.52190000,0.53250000,0.51980000,0.52990000,1240490.27204000
2025-09-12 02:00:00,0.52990000,0.53740000,0.52600000,0.53030000,1392587.05487000
2025-09-12 06:00:00,0.53030000,0.53760000,0.52810000,0.53010000,2054312.76529000
2025-09-12 10:00:00,0.53010000,0.53100000,0.52290000,0.52440000,1972937.99624000
2025-09-12 14:00:00,0.52440000,0.53310000,0.52070000,0.52790000,1444006.16485000
2025-09-12 18:00:00,0.52790000,0.54640000,0.52750000,0.54560000,2688541.67945000
2025-09-12 22:00:00,0.54560000,0.55000000,0.54090000,0.54750000,1573839.70542000
2025-09-13 02:00:00,0.54750000,0.55030000,0.54110000,0.54780000,1224614.13618000
2025-09-13 06:00:00,0.54780000,0.54820000,0.54170000,0.54300000,759943.93386000
2025-09-13 10:00:00,0.54300000,0.55760000,0.54310000,0.55490000,1683776.09530000
2025-09-13 14:00:00,0.55490000,0.55720000,0.53820000,0.54340000,2395014.81990000
2025-09-13 18:00:00,0.54340000,0.54610000,0.53120000,0.53840000,1564887.47310000
2025-09-13 22:00:00,0.53840000,0.54510000,0.53810000,0.54120000,740210.68365000
2025-09-14 02:00:00,0.54120000,0.54250000,0.52970000,0.53220000,1299463.14688000
2025-09-14 06:00:00,0.53220000,0.53850000,0.52660000,0.53080000,1191145.60674000
2025-09-14 10:00:00,0.53080000,0.53370000,0.51810000,0.52050000,2133889.42961000
2025-09-14 14:00:00,0.52050000,0.52330000,0.50650000,0.50970000,2819378.44974000
2025-09-14 18:00:00,0.50970000,0.51770000,0.50850000,0.51440000,1632064.98052000
2025-09-14 22:00:00,0.51440000,0.52030000,0.51180000,0.51310000,1426983.20083000
2025-09-15 02:00:00,0.51310000,0.52030000,0.50790000,0.51950000,925968.31363000
2025-09-15 06:00:00,0.51950000,0.52450000,0.50500000,0.50690000,2239570.25675000
2025-09-15 10:00:00,0.50690000,0.50700000,0.49100000,0.49640000,3734438.67520000
2025-09-15 14:00:00,0.49640000,0.49840000,0.48690000,0.49050000,2695874.19253000
2025-09-15 18:00:00,0.49050000,0.49190000,0.48480000,0.48970000,1452195.01297000
2025-09-15 22:00:00,0.48970000,0.49390000,0.48900000,0.49210000,620565.26409000
2025-09-16 02:00:00,0.49210000,0.49350000,0.48760000,0.48820000,669503.60562000
2025-09-16 06:00:00,0.48820000,0.50090000,0.48330000,0.49240000,2279454.20826000
2025-09-16 10:00:00,0.49240000,0.49860000,0.49160000,0.49190000,1332433.61073000
2025-09-16 14:00:00,0.49190000,0.49620000,0.48350000,0.49500000,1955244.04067000
2025-09-16 18:00:00,0.49500000,0.49940000,0.48960000,0.49620000,1375561.36834000
2025-09-16 22:00:00,0.49620000,0.49960000,0.49330000,0.49470000,955573.34772000
2025-09-17 02:00:00,0.49470000,0.50040000,0.49190000,0.49260000,810366.27569000
2025-09-17 06:00:00,0.49260000,0.49830000,0.48810000,0.49610000,1917425.03447000
2025-09-17 10:00:00,0.49610000,0.49620000,0.48680000,0.48990000,997249.55415000
2025-09-17 14:00:00,0.48990000,0.49300000,0.48560000,0.48800000,903893.21935000
2025-09-17 18:00:00,0.48800000,0.50650000,0.48430000,0.50590000,4109559.89745000
2025-09-17 22:00:00,0.50590000,0.52630000,0.49900000,0.52040000,2910338.94450000
2025-09-18 02:00:00,0.52040000,0.52860000,0.51640000,0.52460000,1976014.96578000
2025-09-18 06:00:00,0.52460000,0.52630000,0.51340000,0.51700000,1249190.48368000
2025-09-18 10:00:00,0.51700000,0.52060000,0.51330000,0.51450000,945943.58393000
2025-09-18 14:00:00,0.51450000,0.52360000,0.51210000,0.52020000,1396694.38792000
2025-09-18 18:00:00,0.52020000,0.52750000,0.51890000,0.52320000,1235660.19915000
2025-09-18 22:00:00,0.52320000,0.52770000,0.51960000,0.52400000,1094727.73532000
2025-09-19 02:00:00,0.52400000,0.53520000,0.51890000,0.51940000,1980201.77439000
2025-09-19 06:00:00,0.51940000,0.52210000,0.51070000,0.51540000,1694101.77023000
2025-09-19 10:00:00,0.51540000,0.51730000,0.49960000,0.50120000,1838106.86308000
2025-09-19 14:00:00,0.50120000,0.50630000,0.49080000,0.49550000,1989480.19884000
2025-09-19 18:00:00,0.49550000,0.49920000,0.48710000,0.48950000,1388996.07653000
2025-09-19 22:00:00,0.48950000,0.49310000,0.48430000,0.48850000,1169163.34548000
2025-09-20 02:00:00,0.48850000,0.49170000,0.48580000,0.49070000,734379.70486000
2025-09-20 06:00:00,0.49070000,0.49640000,0.48980000,0.49580000,774588.25589000
2025-09-20 10:00:00,0.49580000,0.49580000,0.48630000,0.48970000,917942.46813000
2025-09-20 14:00:00,0.48970000,0.49970000,0.48750000,0.49620000,1232809.94601000
2025-09-20 18:00:00,0.49620000,0.49830000,0.48910000,0.49120000,908341.85991000
2025-09-20 22:00:00,0.49120000,0.49740000,0.49070000,0.49290000,436030.44374000
2025-09-21 02:00:00,0.49290000,0.49560000,0.49020000,0.49410000,569470.60635000
2025-09-21 06:00:00,0.49410000,0.49890000,0.49160000,0.49520000,747456.47677000
2025-09-21 10:00:00,0.49520000,0.49590000,0.48180000,0.48630000,1612250.54909000
2025-09-21 14:00:00,0.48630000,0.49040000,0.48430000,0.48490000,850910.96188000
2025-09-21 18:00:00,0.48490000,0.48690000,0.47850000,0.48480000,1918051.53721000
2025-09-21 22:00:00,0.48480000,0.48520000,0.48030000,0.48030000,669014.52387000
2025-09-22 02:00:00,0.48030000,0.48270000,0.45370000,0.46090000,4840785.01016000
2025-09-22 06:00:00,0.46090000,0.46270000,0.41480000,0.43760000,5862763.54434000
2025-09-22 10:00:00,0.43760000,0.44120000,0.43260000,0.43690000,2892819.45733000
2025-09-22 14:00:00,0.43690000,0.44200000,0.43180000,0.43260000,1700047.55460000
2025-09-22 18:00:00,0.43260000,0.43500000,0.42670000,0.42790000,1246292.37957000
2025-09-22 22:00:00,0.42790000,0.43750000,0.42750000,0.43620000,654875.55760000
2025-09-23 02:00:00,0.43620000,0.43830000,0.42140000,0.43170000,1891846.69995000
2025-09-23 06:00:00,0.43170000,0.43580000,0.42460000,0.43450000,1241487.68437000
2025-09-23 10:00:00,0.43450000,0.43710000,0.43170000,0.43450000,827188.44552000
2025-09-23 14:00:00,0.43450000,0.44030000,0.43180000,0.43790000,1270518.11115000
2025-09-23 18:00:00,0.43790000,0.44330000,0.43010000,0.43180000,1357261.71379000
2025-09-23 22:00:00,0.43180000,0.43630000,0.42980000,0.43210000,649339.36629000
2025-09-24 02:00:00,0.43210000,0.43870000,0.42720000,0.42840000,1261188.91222000
2025-09-24 06:00:00,0.42840000,0.44310000,0.42050000,0.44020000,3254373.69715000
2025-09-24 10:00:00,0.44020000,0.44290000,0.43780000,0.44190000,1305380.48265000
2025-09-24 14:00:00,0.44190000,0.44310000,0.43460000,0.43530000,1178255.78805000
2025-09-24 18:00:00,0.43530000,0.43820000,0.43240000,0.43410000,630991.18252000
2025-09-24 22:00:00,0.43410000,0.43480000,0.42690000,0.42910000,671197.73319000
2025-09-25 02:00:00,0.42910000,0.43050000,0.42090000,0.42460000,1262348.75270000
2025-09-25 06:00:00,0.42460000,0.42620000,0.41430000,0.41800000,2076944.56664000
2025-09-25 10:00:00,0.41800000,0.42180000,0.41360000,0.41580000,1481600.36086000
2025-09-25 14:00:00,0.41580000,0.42700000,0.40750000,0.42240000,3646186.84295000
2025-09-25 18:00:00,0.42240000,0.42290000,0.39880000,0.41170000,4700071.43894000
2025-09-25 22:00:00,0.41170000,0.41430000,0.40410000,0.40780000,1325022.74677000
2025-09-26 02:00:00,0.40780000,0.41590000,0.40680000,0.41330000,1010084.95789000
2025-09-26 06:00:00,0.41330000,0.41420000,0.40630000,0.41030000,1006790.97242000
2025-09-26 10:00:00,0.41030000,0.41370000,0.40250000,0.40720000,1023065.47867000
2025-09-26 14:00:00,0.40720000,0.41600000,0.40180000,0.41390000,2219318.79292000
2025-09-26 18:00:00,0.41390000,0.42590000,0.41360000,0.42180000,1253550.12650000
2025-09-26 22:00:00,0.42180000,0.42580000,0.42090000,0.42470000,439230.69293000
2025-09-27 02:00:00,0.42470000,0.42600000,0.42240000,0.42360000,289547.38166000
2025-09-27 06:00:00,0.42360000,0.42650000,0.42230000,0.42320000,377800.29473000
2025-09-27 10:00:00,0.42320000,0.42460000,0.41840000,0.42260000,561428.68948000
2025-09-27 14:00:00,0.42260000,0.42430000,0.41860000,0.42330000,440988.53281000
2025-09-27 18:00:00,0.42330000,0.42340000,0.41810000,0.42240000,387361.06333000
2025-09-27 22:00:00,0.42240000,0.42950000,0.42140000,0.42390000,454113.46045000
2025-09-28 02:00:00,0.42390000,0.42450000,0.41680000,0.41880000,434657.92755000
2025-09-28 06:00:00,0.41880000,0.42020000,0.41460000,0.41580000,442241.16003000
2025-09-28 10:00:00,0.41580000,0.41670000,0.41110000,0.41260000,594777.80440000
2025-09-28 14:00:00,0.41260000,0.41880000,0.40870000,0.41720000,1191437.09104000
2025-09-28 18:00:00,0.41720000,0.42450000,0.41710000,0.42210000,552920.90208000
2025-09-28 22:00:00,0.42210000,0.43230000,0.42140000,0.43010000,754349.24127000
2025-09-29 02:00:00,0.43010000,0.43020000,0.42320000,0.42480000,528391.21356000
2025-09-29 06:00:00,0.42480000,0.42510000,0.41710000,0.42030000,553676.27464000
2025-09-29 10:00:00,0.42030000,0.42350000,0.41340000,0.41610000,810821.74590000
2025-09-29 14:00:00,0.41610000,0.42520000,0.40870000,0.41690000,2856927.85948000
2025-09-29 18:00:00,0.41690000,0.41970000,0.41010000,0.41820000,1846588.20427000
2025-09-29 22:00:00,0.41820000,0.42410000,0.41710000,0.41750000,663406.93645000
2025-09-30 02:00:00,0.41750000,0.41900000,0.40930000,0.41220000,1745985.76371000
2025-09-30 06:00:00,0.41220000,0.41630000,0.41010000,0.41150000,603506.00829000
2025-09-30 10:00:00,0.41150000,0.41210000,0.40650000,0.41080000,1229412.82768000
2025-09-30 14:00:00,0.41080000,0.41290000,0.40270000,0.41030000,1119922.27204000
2025-09-30 18:00:00,0.41030000,0.42140000,0.40450000,0.42120000,1388676.55967000
2025-09-30 22:00:00,0.42120000,0.42420000,0.41690000,0.42120000,943983.38624000
2025-10-01 02:00:00,0.42120000,0.42230000,0.41580000,0.41620000,526428.28685000
2025-10-01 06:00:00,0.41620000,0.42270000,0.41590000,0.41900000,541609.73447000
2025-10-01 10:00:00,0.41900000,0.44140000,0.41870000,0.43370000,2941338.99384000
2025-10-01 14:00:00,0.43370000,0.43530000,0.42940000,0.43290000,1388204.66617000
2025-10-01 18:00:00,0.43290000,0.43690000,0.42990000,0.43600000,733953.56667000
2025-10-01 22:00:00,0.43600000,0.43670000,0.43190000,0.43510000,586071.99242000
2025-10-02 02:00:00,0.43510000,0.44320000,0.43270000,0.44210000,1061646.06764000
2025-10-02 06:00:00,0.44210000,0.44590000,0.43930000,0.44090000,1130732.56869000
2025-10-02 10:00:00,0.44090000,0.44340000,0.43720000,0.44110000,710893.37477000
2025-10-02 14:00:00,0.44110000,0.44450000,0.43180000,0.44270000,1918222.25522000
2025-10-02 18:00:00,0.44270000,0.45650000,0.44120000,0.45510000,2132105.83777000
2025-10-02 22:00:00,0.45510000,0.45640000,0.44950000,0.45260000,847611.27391000
2025-10-03 02:00:00,0.45260000,0.45280000,0.44400000,0.44640000,964682.59799000
2025-10-03 06:00:00,0.44640000,0.45030000,0.44170000,0.44380000,644961.32997000
2025-10-03 10:00:00,0.44380000,0.44610000,0.44010000,0.44070000,829319.57367000
2025-10-03 14:00:00,0.44070000,0.45340000,0.43710000,0.45260000,1503810.67972000
2025-10-03 18:00:00,0.45260000,0.46050000,0.44290000,0.45410000,2555379.89336000
2025-10-03 22:00:00,0.45410000,0.45590000,0.44960000,0.44990000,481356.42650000
2025-10-04 02:00:00,0.44990000,0.45250000,0.44110000,0.44250000,659722.29209000
2025-10-04 06:00:00,0.44250000,0.44780000,0.44060000,0.44190000,566431.58654000
2025-10-04 10:00:00,0.44190000,0.44220000,0.43250000,0.43340000,908454.11427000
2025-10-04 14:00:00,0.43340000,0.43840000,0.42610000,0.42780000,1323989.76324000
2025-10-04 18:00:00,0.42780000,0.43450000,0.42650000,0.43130000,775256.52721000
2025-10-04 22:00:00,0.43130000,0.43590000,0.43130000,0.43390000,311350.96762000
2025-10-05 02:00:00,0.43390000,0.44380000,0.43040000,0.44080000,908758.89734000
2025-10-05 06:00:00,0.44080000,0.45300000,0.43950000,0.45290000,1240980.04767000
2025-10-05 10:00:00,0.45290000,0.45550000,0.44080000,0.44480000,1366203.07826000
2025-10-05 14:00:00,0.44480000,0.44590000,0.43980000,0.44380000,641340.31222000
2025-10-05 18:00:00,0.44380000,0.44490000,0.43030000,0.43090000,943278.52154000
2025-10-05 22:00:00,0.43090000,0.43500000,0.42920000,0.43190000,441951.66426000
2025-10-06 02:00:00,0.43190000,0.43730000,0.42710000,0.43580000,806162.94144000
2025-10-06 06:00:00,0.43580000,0.44300000,0.43080000,0.43860000,835956.52742000
2025-10-06 10:00:00,0.43860000,0.44490000,0.43860000,0.44240000,629171.23107000
2025-10-06 14:00:00,0.44240000,0.46550000,0.44240000,0.46000000,2981150.26566000
2025-10-06 18:00:00,0.46000000,0.46560000,0.45730000,0.46350000,1055538.31130000
2025-10-06 22:00:00,0.46350000,0.46470000,0.45620000,0.45660000,759338.97445000
2025-10-07 02:00:00,0.45660000,0.46250000,0.45640000,0.45940000,669883.51555000
2025-10-07 06:00:00,0.45940000,0.46280000,0.44930000,0.45030000,1026251.59842000
2025-10-07 10:00:00,0.45030000,0.45290000,0.44360000,0.45190000,1055712.29451000
2025-10-07 14:00:00,0.45190000,0.45470000,0.42640000,0.42830000,3985726.30296000
2025-10-07 18:00:00,0.42830000,0.43150000,0.42260000,0.42460000,1935093.97179000
2025-10-07 22:00:00,0.42460000,0.43030000,0.41960000,0.42110000,942686.15524000
2025-10-08 02:00:00,0.42110000,0.42740000,0.41710000,0.41950000,1204169.98465000
2025-10-08 06:00:00,0.41950000,0.42350000,0.41690000,0.42230000,874430.35891000
2025-10-08 10:00:00,0.42230000,0.42650000,0.42090000,0.42230000,760967.99952000
2025-10-08 14:00:00,0.42230000,0.43010000,0.41970000,0.42480000,1061376.45337000
2025-10-08 18:00:00,0.42480000,0.43980000,0.42380000,0.43560000,1479695.14678000
2025-10-08 22:00:00,0.43560000,0.43670000,0.43180000,0.43470000,480981.92481000
2025-10-09 02:00:00,0.43470000,0.43600000,0.42180000,0.42830000,1256708.67461000
2025-10-09 06:00:00,0.42830000,0.43020000,0.42130000,0.42230000,540296.95932000
2025-10-09 10:00:00,0.42230000,0.42290000,0.41380000,0.41810000,1166001.15762000
2025-10-09 14:00:00,0.41810000,0.42360000,0.40870000,0.41090000,1624640.20131000
2025-10-09 18:00:00,0.41090000,0.41610000,0.40680000,0.41490000,986043.30365000
2025-10-09 22:00:00,0.41490000,0.42080000,0.41400000,0.41780000,437733.08813000
2025-10-10 02:00:00,0.41780000,0.42840000,0.41630000,0.42360000,772837.85675000
2025-10-10 06:00:00,0.42360000,0.42930000,0.42120000,0.42150000,1015815.99751000
2025-10-10 10:00:00,0.42150000,0.42880000,0.42120000,0.42540000,635819.00177000
2025-10-10 14:00:00,0.42540000,0.43140000,0.39930000,0.40320000,3611508.80681000
2025-10-10 18:00:00,0.40320000,0.40820000,0.38780000,0.39210000,2467514.26898000
2025-10-10 22:00:00,0.39210000,0.39520000,0.10760000,0.29590000,12722236.46707000
2025-10-11 02:00:00,0.29590000,0.31640000,0.28880000,0.30390000,3213988.21855000
2025-10-11 06:00:00,0.30390000,0.31420000,0.30330000,0.31110000,1430331.68970000
2025-10-11 10:00:00,0.31110000,0.32710000,0.30910000,0.31810000,1789524.97501000
2025-10-11 14:00:00,0.31810000,0.32320000,0.30710000,0.31980000,1888762.82630000
2025-10-11 18:00:00,0.31980000,0.32260000,0.30280000,0.30660000,1781160.13932000
2025-10-11 22:00:00,0.30660000,0.30720000,0.29160000,0.30160000,1725030.68313000
2025-10-12 02:00:00,0.30160000,0.30680000,0.29530000,0.30290000,1096044.56577000
2025-10-12 06:00:00,0.30290000,0.31340000,0.30260000,0.30930000,874225.62938000
2025-10-12 10:00:00,0.30930000,0.31210000,0.30390000,0.30640000,711421.89229000
2025-10-12 14:00:00,0.30640000,0.33760000,0.30470000,0.33570000,2732130.78022000
2025-10-12 18:00:00,0.33570000,0.34540000,0.33460000,0.34270000,2091288.32056000
2025-10-12 22:00:00,0.34270000,0.34510000,0.33110000,0.33440000,1051393.31979000
2025-10-13 02:00:00,0.33440000,0.33760000,0.32920000,0.33130000,852687.06842000
2025-10-13 06:00:00,0.33130000,0.34300000,0.32830000,0.33830000,962552.42443000
2025-10-13 10:00:00,0.33830000,0.35080000,0.33290000,0.33890000,2688646.79528000
2025-10-13 14:00:00,0.33890000,0.35400000,0.33500000,0.34430000,3542631.52866000
2025-10-13 18:00:00,0.34430000,0.35890000,0.34090000,0.35760000,1792057.23912000
2025-10-13 22:00:00,0.35760000,0.36180000,0.35590000,0.35840000,764812.46655000
2025-10-14 02:00:00,0.35840000,0.35940000,0.34290000,0.34600000,1210647.14680000
2025-10-14 06:00:00,0.34600000,0.34710000,0.32300000,0.32890000,2263194.30021000
2025-10-14 10:00:00,0.32890000,0.33660000,0.32380000,0.33070000,1978746.82503000
2025-10-14 14:00:00,0.33070000,0.34160000,0.32200000,0.34140000,1938144.09602000
2025-10-14 18:00:00,0.34140000,0.34870000,0.33530000,0.34050000,2422822.50497000
2025-10-14 22:00:00,0.34050000,0.34590000,0.33820000,0.34320000,530613.73603000
2025-10-15 02:00:00,0.34320000,0.34620000,0.33880000,0.34100000,592379.15946000
2025-10-15 06:00:00,0.34100000,0.34610000,0.33920000,0.34560000,632725.98027000
2025-10-15 10:00:00,0.34560000,0.35130000,0.33550000,0.33880000,1411927.04547000
2025-10-15 14:00:00,0.33880000,0.33990000,0.32570000,0.32830000,2046846.49405000
2025-10-15 18:00:00,0.32830000,0.33220000,0.32540000,0.32790000,908165.34637000
2025-10-15 22:00:00,0.32790000,0.32940000,0.32110000,0.32670000,858722.33840000
2025-10-16 02:00:00,0.32670000,0.33020000,0.32460000,0.32560000,403021.64821000
2025-10-16 06:00:00,0.32560000,0.33040000,0.32430000,0.32700000,569572.88450000
2025-10-16 10:00:00,0.32700000,0.33370000,0.31510000,0.33310000,1935916.29756000
2025-10-16 14:00:00,0.33310000,0.33590000,0.31590000,0.31790000,2142914.19041000
2025-10-16 18:00:00,0.31790000,0.32810000,0.31240000,0.31480000,1850063.78482000
2025-10-16 22:00:00,0.31480000,0.31650000,0.30970000,0.31590000,631388.42123000
2025-10-17 02:00:00,0.31590000,0.31960000,0.31290000,0.31610000,477374.72995000
2025-10-17 06:00:00,0.31610000,0.31660000,0.29240000,0.29330000,1817590.63651000
2025-10-17 10:00:00,0.29330000,0.30450000,0.28770000,0.30190000,2513501.30955000
2025-10-17 14:00:00,0.30190000,0.30410000,0.29430000,0.30270000,1438385.10861000
2025-10-17 18:00:00,0.30270000,0.30710000,0.30010000,0.30290000,953027.11027000
2025-10-17 22:00:00,0.30290000,0.30840000,0.30200000,0.30370000,456678.13071000
2025-10-18 02:00:00,0.30370000,0.30990000,0.30340000,0.30810000,353264.18347000
2025-10-18 06:00:00,0.30810000,0.31230000,0.30410000,0.30740000,768688.07509000
2025-10-18 10:00:00,0.30740000,0.31330000,0.30710000,0.31120000,681385.48451000
2025-10-18 14:00:00,0.31120000,0.31220000,0.30470000,0.30770000,559519.46961000
2025-10-18 18:00:00,0.30770000,0.31090000,0.30480000,0.30920000,357311.09535000
2025-10-18 22:00:00,0.30920000,0.31120000,0.30780000,0.30920000,321230.71543000
2025-10-19 02:00:00,0.30920000,0.31080000,0.30600000,0.31050000,315354.78040000
2025-10-19 06:00:00,0.31050000,0.31070000,0.30500000,0.30810000,297219.14717000
2025-10-19 10:00:00,0.30810000,0.31870000,0.30410000,0.31440000,1483136.62409000
2025-10-19 14:00:00,0.31440000,0.32090000,0.31170000,0.31860000,870203.55229000
2025-10-19 18:00:00,0.31860000,0.32220000,0.31720000,0.31960000,703823.51518000
2025-10-19 22:00:00,0.31960000,0.32090000,0.31660000,0.31710000,346614.18415000
2025-10-20 02:00:00,0.31710000,0.32360000,0.30990000,0.32260000,1289176.20114000
2025-10-20 06:00:00,0.32260000,0.32820000,0.32100000,0.32460000,593962.19033000
2025-10-20 10:00:00,0.32460000,0.32670000,0.32210000,0.32440000,564454.23786000
2025-10-20 14:00:00,0.32440000,0.32860000,0.32280000,0.32280000,720234.49502000
2025-10-20 18:00:00,0.32280000,0.32490000,0.31610000,0.32360000,973549.21736000
2025-10-20 22:00:00,0.32360000,0.32490000,0.32080000,0.32190000,261616.86745000
2025-10-21 02:00:00,0.32190000,0.32420000,0.31520000,0.31620000,498093.98767000
2025-10-21 06:00:00,0.31620000,0.31660000,0.30850000,0.31450000,833763.57894000
2025-10-21 10:00:00,0.31450000,0.31450000,0.30870000,0.31190000,555331.65573000
2025-10-21 14:00:00,0.31190000,0.33510000,0.31120000,0.33230000,1716268.59968000
2025-10-21 18:00:00,0.33230000,0.33510000,0.32380000,0.32610000,1330480.82609000
2025-10-21 22:00:00,0.32610000,0.32670000,0.30910000,0.31080000,1085657.33460000
2025-10-22 02:00:00,0.31080000,0.31260000,0.30790000,0.31010000,578174.22204000
2025-10-22 06:00:00,0.31010000,0.31200000,0.30440000,0.30730000,754259.40077000
2025-10-22 10:00:00,0.30730000,0.31000000,0.30130000,0.30740000,1718206.76014000
2025-10-22 14:00:00,0.30740000,0.31270000,0.30460000,0.30950000,1533762.45018000
2025-10-22 18:00:00,0.30950000,0.31080000,0.30140000,0.30420000,879591.88600000
2025-10-22 22:00:00,0.30420000,0.30520000,0.29140000,0.30090000,1193928.19608000
2025-10-23 02:00:00,0.30090000,0.30360000,0.29990000,0.30250000,391988.48675000
2025-10-23 06:00:00,0.30250000,0.31060000,0.30210000,0.30870000,513165.38637000
2025-10-23 10:00:00,0.30870000,0.31220000,0.30770000,0.30820000,796800.92129000
2025-10-23 14:00:00,0.30820000,0.31440000,0.30500000,0.31310000,842341.63934000
2025-10-23 18:00:00,0.31310000,0.31940000,0.31290000,0.31440000,793887.50731000
2025-10-23 22:00:00,0.31440000,0.31450000,0.30910000,0.31390000,556012.13499000
2025-10-24 02:00:00,0.31390000,0.31630000,0.31220000,0.31310000,365299.84786000
2025-10-24 06:00:00,0.31310000,0.31980000,0.31180000,0.31730000,607625.75710000
2025-10-24 10:00:00,0.31730000,0.31960000,0.31310000,0.31650000,442191.32402000
2025-10-24 14:00:00,0.31650000,0.32440000,0.31160000,0.31350000,1116559.48548000
2025-10-24 18:00:00,0.31350000,0.31870000,0.31140000,0.31760000,401580.44787000
2025-10-24 22:00:00,0.31760000,0.32060000,0.31710000,0.32010000,267103.88180000
2025-10-25 02:00:00,0.32010000,0.32130000,0.31790000,0.31820000,273586.30090000
2025-10-25 06:00:00,0.31820000,0.32010000,0.31650000,0.31690000,277013.06167000
2025-10-25 10:00:00,0.31690000,0.31980000,0.31670000,0.31910000,252456.97423000
2025-10-25 14:00:00,0.31910000,0.32110000,0.31760000,0.31850000,347051.07741000
2025-10-25 18:00:00,0.31850000,0.32190000,0.31770000,0.32160000,284628.27283000
2025-10-25 22:00:00,0.32160000,0.32240000,0.31960000,0.32010000,221700.81235000
2025-10-26 02:00:00,0.32010000,0.32080000,0.31400000,0.31490000,409239.04762000
2025-10-26 05:00:00,0.31490000,0.31950000,0.31470000,0.31940000,279582.34529000
2025-10-26 09:00:00,0.31940000,0.32890000,0.31910000,0.32830000,657936.19922000
2025-10-26 13:00:00,0.32830000,0.33190000,0.32690000,0.32950000,703223.23433000
2025-10-26 17:00:00,0.32950000,0.32980000,0.32650000,0.32850000,267463.56119000
2025-10-26 21:00:00,0.32850000,0.33730000,0.32610000,0.33450000,738474.21031000
2025-10-27 01:00:00,0.33450000,0.34600000,0.33390000,0.34340000,1389508.26381000
2025-10-27 05:00:00,0.34340000,0.35140000,0.34140000,0.34350000,891615.36190000
2025-10-27 09:00:00,0.34350000,0.34480000,0.33440000,0.33750000,1008302.62022000
2025-10-27 13:00:00,0.33750000,0.33770000,0.32920000,0.33340000,1028807.28967000
2025-10-27 17:00:00,0.33340000,0.34100000,0.33340000,0.33500000,680695.98665000
2025-10-27 21:00:00,0.33500000,0.33510000,0.32860000,0.33030000,707611.89853000
2025-10-28 01:00:00,0.33030000,0.33320000,0.32660000,0.32860000,612215.86797000
2025-10-28 05:00:00,0.32860000,0.33360000,0.32520000,0.32850000,809788.67566000
2025-10-28 09:00:00,0.32850000,0.33120000,0.32710000,0.32730000,475559.20900000
2025-10-28 13:00:00,0.32730000,0.33370000,0.32080000,0.32520000,1437472.14967000
2025-10-28 17:00:00,0.32520000,0.33010000,0.31770000,0.31910000,728112.44165000
2025-10-28 21:00:00,0.31910000,0.31920000,0.30710000,0.31460000,1349075.03464000
2025-10-29 01:00:00,0.31460000,0.31640000,0.31410000,0.31600000,172649.34796000
2025-10-29 05:00:00,0.31600000,0.31870000,0.31600000,0.31750000,288835.03153000
2025-10-29 09:00:00,0.31750000,0.32450000,0.31480000,0.32320000,512493.70694000
2025-10-29 13:00:00,0.32320000,0.32890000,0.31810000,0.32000000,1118551.59305000
2025-10-29 17:00:00,0.32000000,0.32690000,0.30900000,0.32270000,2732663.29484000
2025-10-29 21:00:00,0.32270000,0.32850000,0.31570000,0.31750000,670443.12151000
2025-10-30 01:00:00,0.31750000,0.32190000,0.31510000,0.31810000,481326.73609000
2025-10-30 05:00:00,0.31810000,0.31810000,0.30530000,0.31670000,1493945.09712000
2025-10-30 09:00:00,0.31670000,0.31670000,0.30720000,0.30720000,755128.75076000
2025-10-30 13:00:00,0.30720000,0.30770000,0.29040000,0.29130000,2380622.65083000
2025-10-30 17:00:00,0.29130000,0.29280000,0.27890000,0.28070000,1507321.63017000
2025-10-30 21:00:00,0.28070000,0.29030000,0.27970000,0.28990000,806642.63899000
2025-10-31 01:00:00,0.28990000,0.29460000,0.28850000,0.29100000,571520.91229000
2025-10-31 05:00:00,0.29100000,0.29460000,0.29060000,0.29210000,465918.31765000
2025-10-31 09:00:00,0.29210000,0.29830000,0.29050000,0.29790000,588318.57483000
2025-10-31 13:00:00,0.29790000,0.30010000,0.29430000,0.29660000,867367.55833000
2025-10-31 17:00:00,0.29660000,0.29830000,0.28500000,0.29730000,1218155.60657000
2025-10-31 21:00:00,0.29730000,0.29750000,0.29230000,0.29520000,324141.18566000
2025-11-01 01:00:00,0.29520000,0.30030000,0.29330000,0.29950000,330788.04141000
2025-11-01 05:00:00,0.29950000,0.30150000,0.29590000,0.30050000,329546.06214000
2025-11-01 09:00:00,0.30050000,0.30430000,0.30040000,0.30390000,475658.54844000
2025-11-01 13:00:00,0.30390000,0.30690000,0.30140000,0.30440000,569170.71719000
2025-11-01 17:00:00,0.30440000,0.30790000,0.30390000,0.30680000,359896.90446000
2025-11-01 21:00:00,0.30680000,0.30860000,0.30300000,0.30670000,340356.10619000
2025-11-02 01:00:00,0.30670000,0.30690000,0.30340000,0.30410000,254034.45068000
2025-11-02 05:00:00,0.30410000,0.31370000,0.30350000,0.31290000,467857.28019000
2025-11-02 09:00:00,0.31290000,0.31380000,0.30600000,0.31130000,912653.73640000
2025-11-02 13:00:00,0.31130000,0.31150000,0.29870000,0.29950000,828763.56706000
2025-11-02 17:00:00,0.29950000,0.30210000,0.29600000,0.29850000,437946.06224000
2025-11-02 21:00:00,0.29850000,0.30850000,0.29740000,0.30740000,433031.09281000
2025-11-03 01:00:00,0.30740000,0.30850000,0.28580000,0.28630000,1513558.04228000
2025-11-03 05:00:00,0.28630000,0.28860000,0.27750000,0.28380000,1166210.92733000
2025-11-03 09:00:00,0.28380000,0.28580000,0.27690000,0.28050000,784499.58641000
2025-11-03 13:00:00,0.28050000,0.28540000,0.25430000,0.26210000,3112825.11164000
2025-11-03 17:00:00,0.26210000,0.27310000,0.25970000,0.26240000,1489727.93594000
2025-11-03 21:00:00,0.26240000,0.26330000,0.25570000,0.26110000,1017069.74387000
2025-11-04 01:00:00,0.26110000,0.26980000,0.25910000,0.26900000,850077.74056000
2025-11-04 05:00:00,0.26900000,0.27190000,0.25310000,0.25540000,1825511.14678000
2025-11-04 09:00:00,0.25540000,0.26680000,0.25310000,0.26380000,1067980.24005000
2025-11-04 13:00:00,0.26380000,0.26850000,0.25750000,0.26210000,1277706.84596000
2025-11-04 17:00:00,0.26210000,0.26430000,0.24410000,0.24820000,2229269.93307000
2025-11-04 21:00:00,0.24820000,0.25720000,0.23420000,0.25460000,3068423.26400000
2025-11-05 01:00:00,0.25460000,0.26290000,0.24190000,0.26190000,1377810.10670000
2025-11-05 05:00:00,0.26190000,0.26320000,0.25760000,0.26020000,501669.65638000
2025-11-05 09:00:00,0.26020000,0.26220000,0.25480000,0.26160000,674692.23082000
2025-11-05 13:00:00,0.26160000,0.26610000,0.25920000,0.26580000,1125669.23201000
2025-11-05 17:00:00,0.26580000,0.27130000,0.26270000,0.26950000,696912.30906000
2025-11-05 21:00:00,0.26950000,0.27120000,0.26770000,0.26960000,487908.34727000
2025-11-06 01:00:00,0.26960000,0.27010000,0.26340000,0.26760000,861586.77495000
2025-11-06 05:00:00,0.26760000,0.26930000,0.26180000,0.26220000,407267.10977000
2025-11-06 09:00:00,0.26220000,0.26440000,0.26130000,0.26290000,335212.74316000
2025-11-06 13:00:00,0.26290000,0.26670000,0.25600000,0.25760000,1153689.94415000
2025-11-06 17:00:00,0.25760000,0.26430000,0.25300000,0.26330000,959618.75786000
2025-11-06 21:00:00,0.26330000,0.26540000,0.26040000,0.26450000,531608.75602000
2025-11-07 01:00:00,0.26450000,0.27340000,0.26410000,0.27120000,687917.05671000
2025-11-07 05:00:00,0.27120000,0.27890000,0.26790000,0.27870000,583302.49826000
2025-11-07 09:00:00,0.27870000,0.27890000,0.26560000,0.26920000,906894.61808000
2025-11-07 13:00:00,0.26920000,0.28140000,0.26290000,0.28000000,1272470.74022000
2025-11-07 17:00:00,0.28000000,0.30390000,0.27920000,0.30190000,2678068.60755000
2025-11-07 21:00:00,0.30190000,0.30550000,0.29810000,0.29960000,735811.93195000
2025-11-08 01:00:00,0.29960000,0.31320000,0.29670000,0.30310000,974263.92250000
2025-11-08 05:00:00,0.30310000,0.30740000,0.29460000,0.29840000,737115.56205000
2025-11-08 09:00:00,0.29840000,0.30340000,0.29560000,0.30070000,549752.90119000
2025-11-08 13:00:00,0.30070000,0.30240000,0.28810000,0.28960000,867776.82571000
2025-11-08 17:00:00,0.28960000,0.29330000,0.28710000,0.29190000,529646.74738000
2025-11-08 21:00:00,0.29190000,0.29860000,0.29010000,0.29780000,299921.83545000
2025-11-09 01:00:00,0.29780000,0.29830000,0.28410000,0.28640000,505350.71103000
2025-11-09 05:00:00,0.28640000,0.29330000,0.28550000,0.29270000,308297.47701000
2025-11-09 09:00:00,0.29270000,0.29440000,0.28440000,0.29190000,398850.18165000
2025-11-09 13:00:00,0.29190000,0.30270000,0.29110000,0.29900000,948510.40934000
2025-11-09 17:00:00,0.29900000,0.30260000,0.29590000,0.30250000,564277.04507000
2025-11-09 21:00:00,0.30250000,0.30310000,0.29710000,0.29910000,412608.88159000
2025-11-10 01:00:00,0.29910000,0.30520000,0.29670000,0.30190000,605189.74705000
2025-11-10 05:00:00,0.30190000,0.30440000,0.29910000,0.30050000,384196.90808000
2025-11-10 09:00:00,0.30050000,0.30560000,0.29600000,0.30330000,646734.15480000
2025-11-10 13:00:00,0.30330000,0.30370000,0.29220000,0.29490000,1063051.55433000
2025-11-10 17:00:00,0.29490000,0.30370000,0.29150000,0.30130000,664958.92347000
2025-11-10 21:00:00,0.30130000,0.31180000,0.29860000,0.30670000,1015176.39800000
2025-11-11 01:00:00,0.30670000,0.31380000,0.30150000,0.30940000,1027493.55245000
2025-11-11 05:00:00,0.30940000,0.30990000,0.29250000,0.29250000,853869.79436000
2025-11-11 09:00:00,0.29250000,0.29660000,0.29050000,0.29240000,601787.52553000
2025-11-11 13:00:00,0.29240000,0.29490000,0.28390000,0.28460000,1030991.55693000
2025-11-11 17:00:00,0.28460000,0.28730000,0.27950000,0.28030000,772634.59480000
2025-11-11 21:00:00,0.28030000,0.28110000,0.27420000,0.27540000,668560.29210000
2025-11-12 01:00:00,0.27540000,0.27810000,0.27260000,0.27610000,605446.23091000
2025-11-12 05:00:00,0.27610000,0.27840000,0.27260000,0.27320000,383112.64557000
2025-11-12 09:00:00,0.27320000,0.28050000,0.27320000,0.27670000,822052.93561000
2025-11-12 13:00:00,0.27670000,0.27970000,0.26380000,0.26520000,1890858.42526000
2025-11-12 17:00:00,0.26520000,0.26590000,0.25640000,0.25890000,1729630.75425000
2025-11-12 21:00:00,0.25890000,0.26150000,0.25780000,0.25920000,605361.65247000
2025-11-13 01:00:00,0.25920000,0.26720000,0.25830000,0.26460000,595326.59433000
2025-11-13 05:00:00,0.26460000,0.26890000,0.26280000,0.26740000,531608.40000000
2025-11-13 09:00:00,0.26740000,0.26980000,0.26420000,0.26580000,622279.74923000
2025-11-13 13:00:00,0.26580000,0.27060000,0.26110000,0.26290000,975205.32106000
2025-11-13 17:00:00,0.26290000,0.26340000,0.24050000,0.24210000,1592849.97403000
2025-11-13 21:00:00,0.24210000,0.24800000,0.23870000,0.24460000,930599.75057000
2025-11-14 01:00:00,0.24460000,0.24600000,0.23810000,0.23990000,924935.34272000
2025-11-14 05:00:00,0.23990000,0.24660000,0.23040000,0.24480000,1949150.67551000
2025-11-14 09:00:00,0.24480000,0.24520000,0.23690000,0.23880000,658913.16162000
2025-11-14 13:00:00,0.23880000,0.24770000,0.23270000,0.24520000,1588473.83029000
2025-11-14 17:00:00,0.24520000,0.24920000,0.24130000,0.24620000,841592.93226000
2025-11-14 21:00:00,0.24620000,0.24660000,0.23210000,0.23740000,968883.35406000
2025-11-15 01:00:00,0.23740000,0.24490000,0.23710000,0.24420000,464873.39630000
2025-11-15 05:00:00,0.24420000,0.24920000,0.24360000,0.24480000,404953.71249000
2025-11-15 09:00:00,0.24480000,0.24490000,0.23930000,0.24100000,390163.52861000
2025-11-15 13:00:00,0.24100000,0.24620000,0.24050000,0.24270000,388916.83238000
2025-11-15 17:00:00,0.24270000,0.24590000,0.24090000,0.24320000,392888.08932000
2025-11-15 21:00:00,0.24320000,0.24330000,0.23930000,0.24110000,294491.15454000
2025-11-16 01:00:00,0.24110000,0.24510000,0.23710000,0.24410000,446824.22570000
2025-11-16 05:00:00,0.24410000,0.24560000,0.24210000,0.24550000,271504.48001000
2025-11-16 09:00:00,0.24550000,0.24720000,0.23860000,0.23930000,484374.71120000
2025-11-16 13:00:00,0.23930000,0.24090000,0.23370000,0.23430000,783813.60575000
2025-11-16 17:00:00,0.23430000,0.23690000,0.22770000,0.23050000,1443030.81236000
2025-11-16 21:00:00,0.23050000,0.23730000,0.22860000,0.23570000,819848.72895000
2025-11-17 01:00:00,0.23570000,0.24010000,0.23280000,0.23900000,475717.08481000
2025-11-17 05:00:00,0.23900000,0.24080000,0.23640000,0.24020000,420148.49956000
2025-11-17 09:00:00,0.24020000,0.24210000,0.23790000,0.24030000,373136.92502000
2025-11-17 13:00:00,0.24030000,0.24300000,0.23030000,0.23290000,1388144.04584000
2025-11-17 17:00:00,0.23290000,0.23660000,0.22290000,0.22410000,1363080.97089000
2025-11-17 21:00:00,0.22410000,0.22710000,0.22190000,0.22690000,661089.32722000
2025-11-18 01:00:00,0.22690000,0.23350000,0.22200000,0.23230000,1026787.00194000
2025-11-18 05:00:00,0.23230000,0.23670000,0.22850000,0.23180000,764089.48206000
2025-11-18 09:00:00,0.23180000,0.23600000,0.23120000,0.23380000,532926.78310000
2025-11-18 13:00:00,0.23380000,0.23830000,0.23120000,0.23580000,976002.68975000
2025-11-18 17:00:00,0.23580000,0.24020000,0.23500000,0.23820000,541576.87964000
2025-11-18 21:00:00,0.23820000,0.23890000,0.23510000,0.23720000,388604.19387000
2025-11-19 01:00:00,0.23720000,0.23890000,0.23390000,0.23440000,375604.41165000
2025-11-19 05:00:00,0.23440000,0.23460000,0.22760000,0.23380000,570840.84716000
2025-11-19 09:00:00,0.23380000,0.23520000,0.23120000,0.23450000,377773.22720000
2025-11-19 13:00:00,0.23450000,0.23610000,0.22640000,0.22690000,974516.44715000
2025-11-19 17:00:00,0.22690000,0.22910000,0.21750000,0.21920000,1363327.90733000
2025-11-19 21:00:00,0.21920000,0.23010000,0.21820000,0.22940000,821163.55473000
2025-11-20 01:00:00,0.22940000,0.23200000,0.22810000,0.23150000,484055.72661000
2025-11-20 05:00:00,0.23150000,0.23580000,0.23070000,0.23580000,410689.00932000
2025-11-20 09:00:00,0.23580000,0.23610000,0.23310000,0.23520000,421149.24871000
2025-11-20 13:00:00,0.23520000,0.24120000,0.23410000,0.23450000,1217725.69519000
2025-11-20 17:00:00,0.23450000,0.23500000,0.21090000,0.21680000,2613011.02146000
2025-11-20 21:00:00,0.21680000,0.22450000,0.21440000,0.21510000,1056029.06423000
2025-11-21 01:00:00,0.21510000,0.21980000,0.21190000,0.21580000,907926.00017000
2025-11-21 05:00:00,0.21580000,0.21650000,0.18430000,0.20090000,2060819.67038000
2025-11-21 09:00:00,0.20090000,0.20500000,0.19650000,0.19690000,1418646.63470000
2025-11-21 13:00:00,0.19690000,0.20910000,0.19290000,0.20270000,2014756.28197000
2025-11-21 17:00:00,0.20270000,0.20970000,0.19990000,0.20420000,1228240.75810000
2025-11-21 21:00:00,0.20420000,0.20430000,0.19390000,0.20190000,923926.69601000
2025-11-22 01:00:00,0.20190000,0.20440000,0.19990000,0.20060000,445752.37195000
2025-11-22 05:00:00,0.20060000,0.20110000,0.19610000,0.20040000,910958.42508000
2025-11-22 09:00:00,0.20040000,0.20050000,0.19580000,0.19920000,982294.45068000
2025-11-22 13:00:00,0.19920000,0.20010000,0.19520000,0.19740000,532877.30908000
2025-11-22 17:00:00,0.19740000,0.20040000,0.19720000,0.19880000,329718.23995000
2025-11-22 21:00:00,0.19880000,0.20330000,0.19710000,0.20010000,274591.61779000
2025-11-23 01:00:00,0.20010000,0.20390000,0.19860000,0.20250000,295211.54347000
2025-11-23 05:00:00,0.20250000,0.20490000,0.19940000,0.20030000,475517.04382000
2025-11-23 09:00:00,0.20030000,0.20190000,0.19920000,0.20100000,244231.95204000
2025-11-23 13:00:00,0.20100000,0.20400000,0.20000000,0.20270000,372422.15277000
2025-11-23 17:00:00,0.20270000,0.20440000,0.20000000,0.20290000,341667.89980000
2025-11-23 21:00:00,0.20290000,0.20530000,0.20030000,0.20070000,324670.60985000
2025-11-24 01:00:00,0.20070000,0.20730000,0.19930000,0.20550000,623226.49575000
2025-11-24 05:00:00,0.20550000,0.20750000,0.20130000,0.20460000,557158.67481000
2025-11-24 09:00:00,0.20460000,0.20570000,0.20030000,0.20310000,466545.39674000
2025-11-24 13:00:00,0.20310000,0.20750000,0.20070000,0.20660000,783133.48590000
2025-11-24 17:00:00,0.20660000,0.22130000,0.20660000,0.21870000,1064200.06893000
2025-11-24 21:00:00,0.21870000,0.22140000,0.21640000,0.21720000,439489.08934000
2025-11-25 01:00:00,0.21720000,0.22030000,0.21550000,0.21620000,350970.28945000
2025-11-25 05:00:00,0.21620000,0.21810000,0.21350000,0.21370000,315481.29050000
2025-11-25 09:00:00,0.21370000,0.21540000,0.21210000,0.21290000,299156.24796000
2025-11-25 13:00:00,0.21290000,0.21550000,0.20860000,0.21210000,540547.16026000
2025-11-25 17:00:00,0.21210000,0.21610000,0.20970000,0.21280000,431876.71380000
2025-11-25 21:00:00,0.21280000,0.21850000,0.21090000,0.21610000,463200.41476000
2025-11-26 01:00:00,0.21610000,0.21780000,0.21320000,0.21340000,291003.80282000
2025-11-26 05:00:00,0.21340000,0.21510000,0.21280000,0.21480000,240893.69651000
2025-11-26 09:00:00,0.21480000,0.21490000,0.21060000,0.21100000,530453.95971000
2025-11-26 13:00:00,0.21100000,0.21270000,0.20850000,0.20950000,591094.13623000
2025-11-26 17:00:00,0.20950000,0.22290000,0.20950000,0.21980000,1095822.61848000
2025-11-26 21:00:00,0.21980000,0.22020000,0.21730000,0.21860000,377861.50187000
2025-11-27 01:00:00,0.21860000,0.22030000,0.21680000,0.21700000,340913.08715000
2025-11-27 05:00:00,0.21700000,0.21880000,0.21600000,0.21810000,192221.39727000
2025-11-27 09:00:00,0.21810000,0.21980000,0.21660000,0.21810000,205757.35471000
2025-11-27 13:00:00,0.21810000,0.22150000,0.21720000,0.22110000,296751.65304000
2025-11-27 17:00:00,0.22110000,0.22410000,0.22010000,0.22370000,456072.81589000
2025-11-27 21:00:00,0.22370000,0.22490000,0.22000000,0.22050000,428828.91066000
2025-11-28 01:00:00,0.22050000,0.22150000,0.21710000,0.21830000,307225.20248000
2025-11-28 05:00:00,0.21830000,0.21950000,0.21690000,0.21730000,207221.73385000
2025-11-28 09:00:00,0.21730000,0.22430000,0.21710000,0.21880000,539145.83889000
2025-11-28 13:00:00,0.21880000,0.22500000,0.21810000,0.22290000,581709.96561000
2025-11-28 17:00:00,0.22290000,0.22310000,0.21440000,0.21810000,647828.20967000
2025-11-28 21:00:00,0.21810000,0.21790000,0.21460000,0.21660000,271007.49179000
2025-11-29 01:00:00,0.21660000,0.21990000,0.21620000,0.21720000,256233.98736000
2025-11-29 05:00:00,0.21720000,0.21870000,0.21480000,0.21550000,268715.00893000
2025-11-29 09:00:00,0.21550000,0.21650000,0.21360000,0.21630000,264540.03127000
2025-11-29 13:00:00,0.21630000,0.21710000,0.21390000,0.21610000,284558.13595000
2025-11-29 17:00:00,0.21610000,0.21640000,0.21170000,0.21310000,330097.35270000
2025-11-29 21:00:00,0.21310000,0.21480000,0.21220000,0.21430000,149493.75772000
2025-11-30 01:00:00,0.21430000,0.21710000,0.21380000,0.21700000,374547.94630000
2025-11-30 05:00:00,0.21700000,0.21730000,0.21470000,0.21650000,200914.01128000
2025-11-30 09:00:00,0.21650000,0.21790000,0.21570000,0.21590000,225652.23900000
2025-11-30 13:00:00,0.21590000,0.22040000,0.21300000,0.21380000,604751.49738000
2025-11-30 17:00:00,0.21380000,0.21710000,0.21380000,0.21470000,499006.08065000
2025-11-30 21:00:00,0.21470000,0.21590000,0.20990000,0.21040000,510810.39871000
2025-12-01 01:00:00,0.21040000,0.21130000,0.19420000,0.19470000,1510607.70037000
2025-12-01 05:00:00,0.19470000,0.19810000,0.19330000,0.19790000,442288.24086000
2025-12-01 09:00:00,0.19790000,0.19860000,0.19350000,0.19380000,416734.65824000
2025-12-01 13:00:00,0.19380000,0.19460000,0.18730000,0.19050000,1094147.79871000
2025-12-01 17:00:00,0.19050000,0.19060000,0.18620000,0.18780000,783487.09365000
2025-12-01 21:00:00,0.18780000,0.19490000,0.18780000,0.19350000,410915.21101000
2025-12-02 01:00:00,0.19350000,0.19670000,0.19140000,0.19330000,346951.63537000
2025-12-02 05:00:00,0.19330000,0.19460000,0.19210000,0.19430000,200398.91674000
2025-12-02 09:00:00,0.19430000,0.19480000,0.19140000,0.19430000,406604.70765000
2025-12-02 13:00:00,0.19430000,0.21560000,0.19320000,0.21480000,1450622.62650000
2025-12-02 17:00:00,0.21480000,0.21790000,0.21250000,0.21300000,1010489.06308000
2025-12-02 21:00:00,0.21300000,0.21450000,0.21010000,0.21260000,489296.72410000
2025-12-03 01:00:00,0.21260000,0.21580000,0.21140000,0.21480000,368652.48775000
2025-12-03 05:00:00,0.21480000,0.21860000,0.21420000,0.21630000,434379.35778000
2025-12-03 09:00:00,0.21630000,0.21930000,0.21500000,0.21650000,532264.99981000
2025-12-03 13:00:00,0.21650000,0.21860000,0.21040000,0.21640000,900259.93816000
2025-12-03 17:00:00,0.21640000,0.22170000,0.21460000,0.21980000,580472.36729000
2025-12-03 21:00:00,0.21980000,0.22540000,0.21870000,0.22240000,554963.32384000
2025-12-04 01:00:00,0.22240000,0.22490000,0.22070000,0.22190000,411209.17260000
2025-12-04 05:00:00,0.22190000,0.22370000,0.21970000,0.22250000,300004.55373000
2025-12-04 09:00:00,0.22250000,0.22460000,0.22010000,0.22070000,468276.33546000
2025-12-04 13:00:00,0.22070000,0.22220000,0.21640000,0.22110000,736606.90058000
2025-12-04 17:00:00,0.22110000,0.22170000,0.21260000,0.21710000,902795.14994000
2025-12-04 21:00:00,0.21710000,0.21830000,0.21510000,0.21580000,232107.14872000
2025-12-05 01:00:00,0.21580000,0.21760000,0.21480000,0.21540000,191416.43508000
2025-12-05 05:00:00,0.21540000,0.21720000,0.21290000,0.21640000,264540.16609000
2025-12-05 09:00:00,0.21640000,0.21660000,0.21110000,0.21190000,476216.33381000
2025-12-05 13:00:00,0.21190000,0.21270000,0.20670000,0.20880000,929108.29713000
2025-12-05 17:00:00,0.20880000,0.20900000,0.19840000,0.20180000,1264433.80806000
2025-12-05 21:00:00,0.20180000,0.20280000,0.20050000,0.20220000,326273.53711000
2025-12-06 01:00:00,0.20220000,0.20350000,0.19930000,0.20300000,305304.55163000
2025-12-06 05:00:00,0.20300000,0.20420000,0.20180000,0.20260000,147688.71679000
2025-12-06 09:00:00,0.20260000,0.20360000,0.20120000,0.20210000,211692.33452000
2025-12-06 13:00:00,0.20210000,0.20680000,0.20190000,0.20480000,373006.46020000
2025-12-06 17:00:00,0.20480000,0.20950000,0.20480000,0.20600000,323124.28729000
2025-12-06 21:00:00,0.20600000,0.20940000,0.20590000,0.20730000,238271.71064000
2025-12-07 01:00:00,0.20730000,0.20990000,0.20720000,0.20930000,177644.29166000
2025-12-07 05:00:00,0.20930000,0.21110000,0.20760000,0.20800000,211154.85367000
2025-12-07 09:00:00,0.20800000,0.20820000,0.20550000,0.20620000,193042.41334000
2025-12-07 13:00:00,0.20620000,0.20820000,0.19850000,0.20620000,1138147.19661000
2025-12-07 17:00:00,0.20620000,0.21270000,0.20320000,0.21180000,693457.72833000
2025-12-07 21:00:00,0.21180000,0.21320000,0.20130000,0.20400000,704447.48408000
2025-12-08 01:00:00,0.20400000,0.20930000,0.20280000,0.20830000,383730.08785000
2025-12-08 05:00:00,0.20830000,0.21260000,0.20830000,0.21210000,312172.94081000
2025-12-08 09:00:00,0.21210000,0.21620000,0.21060000,0.21140000,553709.43378000
2025-12-08 13:00:00,0.21140000,0.21590000,0.20990000,0.21170000,682424.58621000
2025-12-08 17:00:00,0.21170000,0.21560000,0.20900000,0.21040000,659563.01943000
2025-12-08 21:00:00,0.21040000,0.21450000,0.21050000,0.21230000,232588.54971000
2025-12-09 01:00:00,0.21230000,0.21410000,0.20940000,0.21270000,404475.15169000
2025-12-09 05:00:00,0.21270000,0.21370000,0.20890000,0.21320000,283008.27903000
2025-12-09 09:00:00,0.21320000,0.21590000,0.21190000,0.21410000,669057.25600000
2025-12-09 13:00:00,0.21410000,0.22220000,0.21260000,0.22180000,943835.61105000
2025-12-09 17:00:00,0.22180000,0.23030000,0.22170000,0.22640000,1145917.76640000
2025-12-09 21:00:00,0.22640000,0.22650000,0.21970000,0.22240000,740701.87158000
2025-12-10 01:00:00,0.22240000,0.22340000,0.21860000,0.21940000,312522.40172000
2025-12-10 05:00:00,0.21940000,0.22040000,0.21730000,0.21810000,268206.78607000
2025-12-10 09:00:00,0.21810000,0.22060000,0.21530000,0.21660000,402538.78155000
2025-12-10 13:00:00,0.21660000,0.21910000,0.21540000,0.21720000,315241.42994000
2025-12-10 17:00:00,0.21720000,0.22580000,0.21670000,0.22450000,1071720.29746000
2025-12-10 21:00:00,0.22450000,0.22970000,0.21560000,0.21620000,979434.99489000
2025-12-11 01:00:00,0.21620000,0.21650000,0.20380000,0.20390000,587094.77524000
2025-12-11 05:00:00,0.20390000,0.20800000,0.20310000,0.20590000,343856.47361000
2025-12-11 09:00:00,0.20590000,0.20630000,0.20410000,0.20580000,263595.20291000
2025-12-11 13:00:00,0.20580000,0.20840000,0.20400000,0.20490000,556231.89226000
2025-12-11 17:00:00,0.20490000,0.20890000,0.20240000,0.20640000,595249.39101000
2025-12-11 21:00:00,0.20640000,0.21510000,0.20630000,0.21240000,529409.26338000
2025-12-12 01:00:00,0.21240000,0.21660000,0.20960000,0.21180000,525631.01713000
2025-12-12 05:00:00,0.21180000,0.21650000,0.21080000,0.21330000,229458.92226000
2025-12-12 09:00:00,0.21330000,0.21630000,0.21240000,0.21430000,210319.08302000
2025-12-12 13:00:00,0.21430000,0.21580000,0.20030000,0.20160000,905749.46344000
2025-12-12 17:00:00,0.20160000,0.20410000,0.19760000,0.20180000,851364.41761000
2025-12-12 21:00:00,0.20180000,0.20610000,0.20060000,0.20560000,333615.62168000
2025-12-13 01:00:00,0.20560000,0.20780000,0.20560000,0.20710000,183194.04198000
2025-12-13 05:00:00,0.20710000,0.20830000,0.20620000,0.20800000,176680.74201000
2025-12-13 09:00:00,0.20800000,0.21070000,0.20780000,0.21000000,262028.03757000
2025-12-13 13:00:00,0.21000000,0.21170000,0.20850000,0.21160000,285885.59088000
2025-12-13 17:00:00,0.21160000,0.21620000,0.21130000,0.21450000,605602.99203000
2025-12-13 21:00:00,0.21450000,0.21840000,0.21370000,0.21510000,563752.83107000
2025-12-14 01:00:00,0.21510000,0.21820000,0.21420000,0.21520000,309110.56528000
2025-12-14 05:00:00,0.21520000,0.21560000,0.21220000,0.21330000,422873.23833000
2025-12-14 09:00:00,0.21330000,0.21430000,0.20710000,0.20960000,541583.23103000
2025-12-14 13:00:00,0.20960000,0.21090000,0.20660000,0.20750000,496289.80367000
2025-12-14 17:00:00,0.20750000,0.20910000,0.20340000,0.20440000,393030.58917000
2025-12-14 21:00:00,0.20440000,0.20600000,0.20160000,0.20450000,490858.91662000
2025-12-15 01:00:00,0.20450000,0.21180000,0.20370000,0.20730000,472903.74040000
2025-12-15 05:00:00,0.20730000,0.21000000,0.20680000,0.20820000,309518.59453000
2025-12-15 09:00:00,0.20820000,0.21260000,0.20760000,0.21150000,444055.55853000
2025-12-15 13:00:00,0.21150000,0.21550000,0.19770000,0.19880000,1533361.63171000
2025-12-15 17:00:00,0.19880000,0.19910000,0.18980000,0.19610000,1169889.73505000
2025-12-15 21:00:00,0.19610000,0.19720000,0.19290000,0.19700000,366905.77137000
2025-12-16 01:00:00,0.19700000,0.19770000,0.19220000,0.19580000,398057.11058000
2025-12-16 05:00:00,0.19580000,0.19620000,0.19120000,0.19220000,305136.15866000
2025-12-16 09:00:00,0.19220000,0.20080000,0.19200000,0.19950000,475569.89887000
2025-12-16 13:00:00,0.19950000,0.20180000,0.19320000,0.20130000,924900.90509000
2025-12-16 17:00:00,0.20130000,0.20390000,0.19850000,0.20060000,610294.45159000
2025-12-16 21:00:00,0.20060000,0.20150000,0.19930000,0.20030000,256280.42374000
2025-12-17 01:00:00,0.20030000,0.20100000,0.19750000,0.19870000,296035.01236000
2025-12-17 05:00:00,0.19870000,0.19900000,0.19610000,0.19740000,276713.53196000
2025-12-17 09:00:00,0.19740000,0.19750000,0.19450000,0.19590000,254328.81627000
2025-12-17 13:00:00,0.19590000,0.20470000,0.19250000,0.19370000,1457195.54145000
2025-12-17 17:00:00,0.19370000,0.19550000,0.18310000,0.18640000,1265730.71558000
2025-12-17 21:00:00,0.18640000,0.18840000,0.18230000,0.18460000,437990.29298000
2025-12-18 01:00:00,0.18460000,0.18490000,0.18160000,0.18230000,376123.50488000
2025-12-18 05:00:00,0.18230000,0.18330000,0.17970000,0.18180000,445987.22548000
2025-12-18 09:00:00,0.18180000,0.18420000,0.18150000,0.18350000,327733.13398000
2025-12-18 13:00:00,0.18350000,0.19390000,0.18330000,0.18970000,1223258.96792000
2025-12-18 17:00:00,0.18970000,0.19000000,0.17180000,0.17220000,1390413.73196000
2025-12-18 21:00:00,0.17220000,0.17800000,0.17210000,0.17570000,576547.23108000
2025-12-19 01:00:00,0.17570000,0.18230000,0.17320000,0.18070000,543669.67450000
2025-12-19 05:00:00,0.18070000,0.18680000,0.17990000,0.18480000,443711.27861000
2025-12-19 09:00:00,0.18480000,0.18580000,0.18400000,0.18550000,269142.17559000
2025-12-19 13:00:00,0.18550000,0.19340000,0.18490000,0.18990000,1249708.36907000
2025-12-19 17:00:00,0.18990000,0.19450000,0.18670000,0.19350000,748047.88000000
2025-12-19 21:00:00,0.19350000,0.19510000,0.19180000,0.19260000,319067.84804000
2025-12-20 01:00:00,0.19260000,0.19250000,0.19030000,0.19070000,205796.04063000
2025-12-20 05:00:00,0.19070000,0.19200000,0.18810000,0.19180000,392952.28073000
2025-12-20 09:00:00,0.19180000,0.19390000,0.19040000,0.19240000,317575.83620000
2025-12-20 13:00:00,0.19240000,0.19250000,0.18950000,0.19050000,251604.81096000
2025-12-20 17:00:00,0.19050000,0.19130000,0.18960000,0.18960000,196141.48348000
2025-12-20 21:00:00,0.18960000,0.19040000,0.18900000,0.18950000,150110.60725000
2025-12-21 01:00:00,0.18950000,0.19010000,0.18710000,0.18830000,261533.04929000
2025-12-21 05:00:00,0.18830000,0.19050000,0.18790000,0.19000000,160175.30872000
2025-12-21 09:00:00,0.19000000,0.19160000,0.18850000,0.18900000,251971.62006000
2025-12-21 13:00:00,0.18900000,0.19010000,0.18250000,0.18440000,595821.75129000
2025-12-21 17:00:00,0.18440000,0.18640000,0.18310000,0.18550000,305812.24209000
2025-12-21 21:00:00,0.18550000,0.18740000,0.18270000,0.18590000,316030.60283000
2025-12-22 01:00:00,0.18590000,0.19120000,0.18440000,0.18840000,553531.89390000
2025-12-22 05:00:00,0.18840000,0.19090000,0.18840000,0.19010000,278742.53456000
2025-12-22 09:00:00,0.19010000,0.19290000,0.18890000,0.19070000,471179.49320000
2025-12-22 13:00:00,0.19070000,0.19280000,0.18810000,0.19060000,625526.98105000
2025-12-22 17:00:00,0.19060000,0.19180000,0.18560000,0.18610000,439272.04297000
2025-12-22 21:00:00,0.18610000,0.18830000,0.18440000,0.18740000,384906.26565000
2025-12-23 01:00:00,0.18740000,0.18950000,0.18470000,0.18640000,289428.48604000
2025-12-23 05:00:00,0.18640000,0.18690000,0.18360000,0.18480000,288543.29236000
2025-12-23 09:00:00,0.18480000,0.18640000,0.18360000,0.18570000,215527.38311000
2025-12-23 13:00:00,0.18570000,0.18570000,0.18040000,0.18310000,652512.62748000
2025-12-23 17:00:00,0.18310000,0.18770000,0.18270000,0.18610000,537906.41354000
2025-12-23 21:00:00,0.18610000,0.19090000,0.18570000,0.19080000,394228.68906000
2025-12-24 01:00:00,0.19080000,0.19250000,0.18530000,0.18700000,562838.74560000
2025-12-24 05:00:00,0.18700000,0.18920000,0.18410000,0.18500000,397119.45918000
2025-12-24 09:00:00,0.18500000,0.18570000,0.18350000,0.18420000,330724.62346000
2025-12-24 13:00:00,0.18420000,0.18840000,0.18140000,0.18810000,787941.65406000
2025-12-24 17:00:00,0.18810000,0.18990000,0.18590000,0.18740000,524664.67593000
2025-12-24 21:00:00,0.18740000,0.18900000,0.18680000,0.18780000,175640.23190000
2025-12-25 01:00:00,0.18780000,0.19030000,0.18690000,0.18960000,212032.98650000
2025-12-25 05:00:00,0.18960000,0.19150000,0.18960000,0.19070000,214442.22615000
2025-12-25 09:00:00,0.19070000,0.19140000,0.18620000,0.18650000,362752.48493000
2025-12-25 13:00:00,0.18650000,0.19090000,0.18640000,0.18990000,436044.00997000
2025-12-25 17:00:00,0.18990000,0.19160000,0.18820000,0.19130000,366594.76360000
2025-12-25 21:00:00,0.19130000,0.19160000,0.18350000,0.18420000,477908.74979000
2025-12-26 01:00:00,0.18420000,0.19390000,0.18280000,0.19150000,704081.95588000
2025-12-26 05:00:00,0.19150000,0.19370000,0.18990000,0.19020000,406119.99699000
2025-12-26 09:00:00,0.19020000,0.19130000,0.18980000,0.19080000,191518.32259000
2025-12-26 13:00:00,0.19080000,0.19260000,0.18640000,0.18940000,627225.36271000
2025-12-26 17:00:00,0.18940000,0.19230000,0.18720000,0.19180000,509734.75788000
2025-12-26 21:00:00,0.19180000,0.19350000,0.19080000,0.19160000,178565.26990000
2025-12-27 01:00:00,0.19160000,0.19460000,0.19150000,0.19370000,251370.98622000
2025-12-27 05:00:00,0.19370000,0.19410000,0.19180000,0.19180000,229767.35313000
2025-12-27 09:00:00,0.19180000,0.19280000,0.19020000,0.19270000,163588.24390000
2025-12-27 13:00:00,0.19270000,0.19410000,0.19170000,0.19380000,228669.38311000
2025-12-27 17:00:00,0.19380000,0.19450000,0.19280000,0.19360000,130659.88120000
2025-12-27 21:00:00,0.19360000,0.19800000,0.19290000,0.19710000,365328.21040000
2025-12-28 01:00:00,0.19710000,0.19770000,0.19560000,0.19720000,211803.38978000
2025-12-28 05:00:00,0.19720000,0.19820000,0.19650000,0.19730000,183281.25826000
2025-12-28 09:00:00,0.19730000,0.19910000,0.19640000,0.19740000,272062.47131000
2025-12-28 13:00:00,0.19740000,0.19840000,0.19590000,0.19650000,303732.36120000
2025-12-28 17:00:00,0.19650000,0.19740000,0.19260000,0.19300000,475612.33446000
2025-12-28 21:00:00,0.19300000,0.19510000,0.19240000,0.19480000,196645.94210000
2025-12-29 01:00:00,0.19480000,0.19920000,0.19420000,0.19880000,520140.92608000
2025-12-29 05:00:00,0.19880000,0.19960000,0.19510000,0.19660000,323885.65342000
2025-12-29 09:00:00,0.19660000,0.19690000,0.19130000,0.19250000,550756.66990000
2025-12-29 13:00:00,0.19250000,0.19290000,0.18880000,0.19130000,877236.15095000
2025-12-29 17:00:00,0.19130000,0.19240000,0.19000000,0.19080000,334561.08039000
2025-12-29 21:00:00,0.19080000,0.19180000,0.18970000,0.19030000,159462.63378000
2025-12-30 01:00:00,0.19030000,0.19100000,0.18840000,0.19050000,236394.34126000
2025-12-30 05:00:00,0.19050000,0.19190000,0.18890000,0.19080000,183943.13283000
2025-12-30 09:00:00,0.19080000,0.19490000,0.19080000,0.19360000,358813.63634000
2025-12-30 13:00:00,0.19360000,0.19500000,0.19110000,0.19370000,382453.40403000
2025-12-30 17:00:00,0.19370000,0.19480000,0.19020000,0.19190000,263101.86576000
2025-12-30 21:00:00,0.19190000,0.19190000,0.18990000,0.19070000,200693.15918000
2025-12-31 01:00:00,0.19070000,0.19270000,0.18970000,0.19110000,156588.49766000
2025-12-31 05:00:00,0.19110000,0.19170000,0.19030000,0.19110000,97317.73000000
2025-12-31 09:00:00,0.19110000,0.19190000,0.18960000,0.19140000,145675.84915000
2025-12-31 13:00:00,0.19140000,0.19210000,0.18840000,0.18920000,379934.85545000
2025-12-31 17:00:00,0.18920000,0.18970000,0.18370000,0.18530000,660468.96043000
2025-12-31 21:00:00,0.18530000,0.18830000,0.18410000,0.18670000,281786.99269000
2026-01-01 01:00:00,0.18670000,0.18820000,0.18570000,0.18600000,226640.95923000
2026-01-01 05:00:00,0.18600000,0.18690000,0.18490000,0.18630000,116548.52475000
2026-01-01 09:00:00,0.18630000,0.18900000,0.18580000,0.18900000,138249.33495000
2026-01-01 13:00:00,0.18900000,0.19580000,0.18800000,0.19470000,538259.32688000
2026-01-01 17:00:00,0.19470000,0.19950000,0.19420000,0.19950000,588894.68203000
2026-01-01 21:00:00,0.19950000,0.20230000,0.19840000,0.20110000,364702.57554000
2026-01-02 01:00:00,0.20110000,0.20360000,0.19960000,0.20280000,332656.53684000
2026-01-02 05:00:00,0.20280000,0.20310000,0.19860000,0.19960000,424796.34478000
2026-01-02 09:00:00,0.19960000,0.20520000,0.19950000,0.20130000,502133.29361000
2026-01-02 13:00:00,0.20130000,0.20520000,0.19980000,0.20240000,610502.31056000
2026-01-02 17:00:00,0.20240000,0.20750000,0.20190000,0.20710000,529454.24279000
2026-01-02 21:00:00,0.20710000,0.21010000,0.20630000,0.20880000,326092.85961000
2026-01-03 01:00:00,0.20880000,0.21150000,0.20730000,0.21120000,240287.85342000
2026-01-03 05:00:00,0.21120000,0.21140000,0.20390000,0.20470000,346150.87848000
2026-01-03 09:00:00,0.20470000,0.20710000,0.20380000,0.20520000,220954.01219000
2026-01-03 13:00:00,0.20520000,0.20790000,0.20470000,0.20690000,179991.76155000
2026-01-03 17:00:00,0.20690000,0.21040000,0.20680000,0.20870000,231347.13443000
2026-01-03 21:00:00,0.20870000,0.20980000,0.20740000,0.20900000,205164.76318000
2026-01-04 01:00:00,0.20900000,0.21290000,0.20860000,0.21180000,312070.27303000
2026-01-04 05:00:00,0.21180000,0.21260000,0.20890000,0.21010000,269968.69810000
2026-01-04 09:00:00,0.21010000,0.21180000,0.20840000,0.21160000,301973.55706000
2026-01-04 13:00:00,0.21160000,0.21640000,0.21110000,0.21510000,412707.27164000
2026-01-04 17:00:00,0.21510000,0.21830000,0.21180000,0.21390000,470195.22985000
2026-01-04 21:00:00,0.21390000,0.21740000,0.21330000,0.21620000,289157.41323000
2026-01-05 01:00:00,0.21620000,0.21990000,0.21500000,0.21740000,550916.67765000
2026-01-05 05:00:00,0.21740000,0.21790000,0.21130000,0.21510000,407895.53106000
2026-01-05 09:00:00,0.21510000,0.21550000,0.21120000,0.21260000,429626.13807000
2026-01-05 13:00:00,0.21260000,0.21870000,0.21190000,0.21790000,719634.96804000
2026-01-05 17:00:00,0.21790000,0.22200000,0.21320000,0.21990000,903565.44267000
2026-01-05 21:00:00,0.21990000,0.22320000,0.21970000,0.22090000,350954.77961000
2026-01-06 01:00:00,0.22090000,0.22380000,0.21800000,0.22170000,490337.72118000
2026-01-06 05:00:00,0.22170000,0.22340000,0.21860000,0.21900000,315505.90610000
2026-01-06 09:00:00,0.21900000,0.22260000,0.21890000,0.22220000,362667.91236000
2026-01-06 13:00:00,0.22220000,0.22760000,0.21940000,0.22070000,1388309.34392000
2026-01-06 17:00:00,0.22070000,0.22100000,0.21130000,0.21480000,992788.20889000
2026-01-06 21:00:00,0.21480000,0.22390000,0.21470000,0.22230000,464947.62205000
2026-01-07 01:00:00,0.22230000,0.22230000,0.21530000,0.21770000,307490.69220000
2026-01-07 05:00:00,0.21770000,0.22070000,0.21620000,0.22070000,272054.05980000
2026-01-07 09:00:00,0.22070000,0.22240000,0.21550000,0.21870000,727370.94285000
2026-01-07 13:00:00,0.21870000,0.21870000,0.21000000,0.21090000,781765.46150000
2026-01-07 17:00:00,0.21090000,0.21410000,0.20990000,0.21250000,447903.95101000
2026-01-07 21:00:00,0.21250000,0.21340000,0.21000000,0.21260000,247133.96823000
2026-01-08 01:00:00,0.21260000,0.21390000,0.20900000,0.20960000,290618.41884000
2026-01-08 05:00:00,0.20960000,0.21250000,0.20610000,0.21080000,470309.20676000
2026-01-08 09:00:00,0.21080000,0.21180000,0.20560000,0.20760000,434410.52911000
2026-01-08 13:00:00,0.20760000,0.21230000,0.20340000,0.21180000,642934.80216000
2026-01-08 17:00:00,0.21180000,0.21280000,0.20820000,0.20860000,391912.01367000
2026-01-08 21:00:00,0.20860000,0.21130000,0.20670000,0.20880000,251958.47269000
2026-01-09 01:00:00,0.20880000,0.21120000,0.20720000,0.20930000,290033.64519000
2026-01-09 05:00:00,0.20930000,0.20960000,0.20740000,0.20830000,150034.79874000
2026-01-09 09:00:00,0.20830000,0.20900000,0.20470000,0.20710000,293565.56296000
2026-01-09 13:00:00,0.20710000,0.21190000,0.20450000,0.20970000,696481.51415000
2026-01-09 17:00:00,0.20970000,0.21360000,0.20530000,0.20590000,579388.32116000
2026-01-09 21:00:00,0.20590000,0.20840000,0.20550000,0.20740000,225848.40059000
2026-01-10 01:00:00,0.20740000,0.20740000,0.20460000,0.20590000,143860.78870000
2026-01-10 05:00:00,0.20590000,0.20810000,0.20480000,0.20790000,149495.55653000
2026-01-10 09:00:00,0.20790000,0.21330000,0.20760000,0.21080000,446558.99376000
2026-01-10 13:00:00,0.21080000,0.21280000,0.21020000,0.21060000,208951.50829000
2026-01-10 17:00:00,0.21060000,0.21110000,0.20830000,0.21040000,201919.23671000
2026-01-10 21:00:00,0.21040000,0.21060000,0.20610000,0.20690000,318999.96217000
2026-01-11 01:00:00,0.20690000,0.20810000,0.20620000,0.20710000,119468.08448000
2026-01-11 05:00:00,0.20710000,0.20850000,0.20620000,0.20830000,137464.15890000
2026-01-11 09:00:00,0.20830000,0.20870000,0.20760000,0.20820000,115280.97792000
2026-01-11 13:00:00,0.20820000,0.21010000,0.20610000,0.20660000,217006.89801000
2026-01-11 17:00:00,0.20660000,0.20950000,0.20560000,0.20590000,259424.60618000
2026-01-11 21:00:00,0.20590000,0.20590000,0.20070000,0.20420000,487239.10168000
2026-01-12 01:00:00,0.20420000,0.21120000,0.20160000,0.20810000,554148.76739000
2026-01-12 05:00:00,0.20810000,0.21040000,0.20460000,0.20480000,270483.82420000
2026-01-12 09:00:00,0.20480000,0.20590000,0.20140000,0.20270000,354423.49569000
2026-01-12 13:00:00,0.20270000,0.20500000,0.19910000,0.20450000,615111.96781000
2026-01-12 17:00:00,0.20450000,0.20660000,0.20120000,0.20290000,554705.94842000
2026-01-12 21:00:00,0.20290000,0.20410000,0.19910000,0.20060000,407366.79042000
2026-01-13 01:00:00,0.20060000,0.20340000,0.20060000,0.20260000,255087.05641000
2026-01-13 05:00:00,0.20260000,0.20570000,0.20230000,0.20450000,229992.49165000
2026-01-13 09:00:00,0.20450000,0.20710000,0.20410000,0.20640000,272293.09989000
2026-01-13 13:00:00,0.20640000,0.21420000,0.20600000,0.21420000,979411.31599000
2026-01-13 17:00:00,0.21420000,0.21840000,0.21410000,0.21670000,927017.77202000
2026-01-13 21:00:00,0.21670000,0.22610000,0.21360000,0.22130000,926619.54096000
2026-01-14 01:00:00,0.22130000,0.22370000,0.22120000,0.22330000,398630.49210000
2026-01-14 05:00:00,0.22330000,0.22460000,0.22120000,0.22250000,450185.93624000
2026-01-14 09:00:00,0.22250000,0.22490000,0.22040000,0.22080000,393485.10941000
2026-01-14 13:00:00,0.22080000,0.22370000,0.21870000,0.22250000,723288.74206000
2026-01-14 17:00:00,0.22250000,0.22470000,0.21550000,0.21930000,973180.40118000
2026-01-14 21:00:00,0.21930000,0.22090000,0.21650000,0.21730000,327716.63347000
2026-01-15 01:00:00,0.21730000,0.21830000,0.21060000,0.21120000,486539.48171000
2026-01-15 05:00:00,0.21120000,0.21610000,0.21080000,0.21530000,314838.09501000
2026-01-15 09:00:00,0.21530000,0.21670000,0.21360000,0.21450000,253671.15409000
2026-01-15 13:00:00,0.21450000,0.21860000,0.20680000,0.21040000,680549.08277000
2026-01-15 17:00:00,0.21040000,0.21140000,0.20500000,0.20730000,559684.88397000
2026-01-15 21:00:00,0.20730000,0.21020000,0.20580000,0.20980000,238428.75973000
2026-01-16 01:00:00,0.20980000,0.21040000,0.20690000,0.20730000,201936.55607000
2026-01-16 05:00:00,0.20730000,0.21100000,0.20600000,0.21000000,376585.44412000
2026-01-16 09:00:00,0.21000000,0.21100000,0.20870000,0.20960000,233670.10309000
2026-01-16 13:00:00,0.20960000,0.21000000,0.20310000,0.20460000,520077.71058000
2026-01-16 17:00:00,0.20460000,0.20730000,0.20400000,0.20670000,294255.06115000
2026-01-16 21:00:00,0.20670000,0.21040000,0.20580000,0.20960000,269149.43918000
2026-01-17 01:00:00,0.20960000,0.21230000,0.20900000,0.21050000,240397.38719000
2026-01-17 05:00:00,0.21050000,0.21330000,0.20990000,0.21290000,317588.57049000
2026-01-17 09:00:00,0.21290000,0.21650000,0.21290000,0.21330000,532666.70105000
2026-01-17 13:00:00,0.21330000,0.22200000,0.21290000,0.22190000,777741.37785000
2026-01-17 17:00:00,0.22190000,0.22390000,0.21840000,0.21920000,553760.44519000
2026-01-17 21:00:00,0.21920000,0.21980000,0.21410000,0.21640000,329492.20745000
2026-01-18 01:00:00,0.21640000,0.21990000,0.21370000,0.21470000,337828.09961000
2026-01-18 05:00:00,0.21470000,0.21510000,0.21220000,0.21340000,173837.54184000
2026-01-18 09:00:00,0.21340000,0.21620000,0.21250000,0.21590000,293531.09813000
2026-01-18 13:00:00,0.21590000,0.21690000,0.21310000,0.21610000,312097.64138000
2026-01-18 17:00:00,0.21610000,0.22040000,0.21480000,0.21810000,375042.51238000
2026-01-18 21:00:00,0.21810000,0.22080000,0.20580000,0.20590000,691773.61751000
2026-01-19 01:00:00,0.20590000,0.20590000,0.18530000,0.19290000,2131298.28425000
2026-01-19 05:00:00,0.19290000,0.19350000,0.19030000,0.19230000,536995.24145000
2026-01-19 09:00:00,0.19230000,0.19330000,0.19030000,0.19050000,497862.37437000
2026-01-19 13:00:00,0.19050000,0.19190000,0.18860000,0.19130000,552346.46319000
2026-01-19 17:00:00,0.19130000,0.19710000,0.19090000,0.19570000,438376.08404000
2026-01-19 21:00:00,0.19570000,0.19610000,0.19090000,0.19330000,495615.52519000
2026-01-20 01:00:00,0.19330000,0.19450000,0.19100000,0.19390000,375366.33890000
2026-01-20 05:00:00,0.19390000,0.19420000,0.18960000,0.18990000,531641.32240000
2026-01-20 09:00:00,0.18990000,0.19320000,0.18710000,0.18890000,662577.58453000
2026-01-20 13:00:00,0.18890000,0.19090000,0.18570000,0.18730000,754801.17575000
2026-01-20 17:00:00,0.18730000,0.18820000,0.18200000,0.18380000,574419.16278000
2026-01-20 21:00:00,0.18380000,0.18550000,0.17930000,0.18180000,488702.97911000
2026-01-21 01:00:00,0.18180000,0.18780000,0.18180000,0.18650000,354499.16870000
2026-01-21 05:00:00,0.18650000,0.18750000,0.18570000,0.18640000,187324.13096000
2026-01-21 09:00:00,0.18640000,0.18680000,0.18190000,0.18230000,251128.98277000
2026-01-21 13:00:00,0.18230000,0.19010000,0.17920000,0.19010000,1100513.26795000
2026-01-21 17:00:00,0.19010000,0.19030000,0.17920000,0.19010000,1348144.82766000
2026-01-21 21:00:00,0.19010000,0.19040000,0.18390000,0.18500000,512777.39808000
2026-01-22 01:00:00,0.18500000,0.18880000,0.18490000,0.18620000,326982.26335000
2026-01-22 05:00:00,0.18620000,0.18670000,0.17960000,0.17990000,533573.23706000
2026-01-22 09:00:00,0.17990000,0.18290000,0.17870000,0.18040000,543362.52531000
2026-01-22 13:00:00,0.18040000,0.18060000,0.17460000,0.17680000,1005617.10564000
2026-01-22 17:00:00,0.17680000,0.17990000,0.17600000,0.17720000,568412.21407000
2026-01-22 21:00:00,0.17720000,0.17790000,0.17550000,0.17760000,320954.11586000
2026-01-23 01:00:00,0.17760000,0.17990000,0.17640000,0.17950000,278559.55638000
2026-01-23 05:00:00,0.17950000,0.18140000,0.17800000,0.17890000,355673.27149000
2026-01-23 09:00:00,0.17890000,0.17970000,0.17670000,0.17790000,336102.75569000
2026-01-23 13:00:00,0.17790000,0.17860000,0.17320000,0.17790000,646118.24404000
2026-01-23 17:00:00,0.17790000,0.18250000,0.17610000,0.17750000,829407.75902000
2026-01-23 21:00:00,0.17750000,0.17800000,0.17510000,0.17670000,296738.74267000
2026-01-24 01:00:00,0.17670000,0.17980000,0.17620000,0.17960000,184429.03867000
2026-01-24 05:00:00,0.17960000,0.18110000,0.17750000,0.17760000,230709.00407000
2026-01-24 09:00:00,0.17760000,0.17830000,0.17670000,0.17790000,165541.55000000
2026-01-24 13:00:00,0.17790000,0.17840000,0.17580000,0.17610000,227722.72036000
2026-01-24 17:00:00,0.17610000,0.17680000,0.17520000,0.17550000,202952.38787000
2026-01-24 21:00:00,0.17550000,0.17730000,0.17550000,0.17620000,155391.70608000
2026-01-25 01:00:00,0.17620000,0.17710000,0.17410000,0.17490000,237425.25151000
2026-01-25 05:00:00,0.17490000,0.17540000,0.17370000,0.17480000,212212.44390000
2026-01-25 09:00:00,0.17480000,0.17700000,0.17320000,0.17520000,294394.65016000
2026-01-25 13:00:00,0.17520000,0.17510000,0.17230000,0.17330000,291392.51198000
2026-01-25 17:00:00,0.17330000,0.17330000,0.16310000,0.16430000,1276503.87431000
2026-01-25 21:00:00,0.16430000,0.16760000,0.16420000,0.16720000,491735.15781000
2026-01-26 01:00:00,0.16720000,0.17130000,0.16680000,0.16840000,368081.12940000
2026-01-26 05:00:00,0.16840000,0.17180000,0.16840000,0.17100000,260283.45124000
2026-01-26 09:00:00,0.17100000,0.17270000,0.16960000,0.17040000,265862.22548000
2026-01-26 13:00:00,0.17040000,0.17330000,0.16890000,0.17030000,654615.42698000
2026-01-26 17:00:00,0.17030000,0.17140000,0.16810000,0.16960000,564098.28677000
2026-01-26 21:00:00,0.16960000,0.17150000,0.16860000,0.17000000,318744.40843000
2026-01-27 01:00:00,0.17000000,0.17150000,0.16940000,0.17000000,407061.13803000
2026-01-27 05:00:00,0.17000000,0.17130000,0.16870000,0.16930000,175061.16168000
2026-01-27 09:00:00,0.16930000,0.16960000,0.16760000,0.16790000,205094.20982000
2026-01-27 13:00:00,0.16790000,0.16930000,0.16650000,0.16900000,471806.39695000
2026-01-27 17:00:00,0.16900000,0.17180000,0.16620000,0.17020000,961364.47608000
2026-01-27 21:00:00,0.17020000,0.17310000,0.17010000,0.17140000,470049.31163000
2026-01-28 01:00:00,0.17140000,0.17200000,0.17020000,0.17060000,222246.74813000
2026-01-28 05:00:00,0.17060000,0.17170000,0.16970000,0.17110000,348863.01094000
2026-01-28 09:00:00,0.17110000,0.17260000,0.16960000,0.17240000,469099.70125000
2026-01-28 13:00:00,0.17240000,0.17250000,0.16830000,0.16870000,480776.96543000
2026-01-28 17:00:00,0.16870000,0.17020000,0.16670000,0.16980000,449123.10006000
2026-01-28 21:00:00,0.16980000,0.17310000,0.16860000,0.17160000,552819.86100000
2026-01-29 01:00:00,0.17160000,0.17230000,0.16540000,0.16630000,567894.15283000
2026-01-29 05:00:00,0.16630000,0.16740000,0.16480000,0.16630000,244014.96793000
2026-01-29 09:00:00,0.16630000,0.16660000,0.16290000,0.16350000,358935.80654000
2026-01-29 13:00:00,0.16350000,0.16460000,0.15410000,0.15740000,1386126.04026000
2026-01-29 17:00:00,0.15740000,0.16110000,0.15400000,0.15600000,950702.92006000
2026-01-29 21:00:00,0.15600000,0.15920000,0.15570000,0.15820000,323532.95952000
2026-01-30 01:00:00,0.15820000,0.15920000,0.15210000,0.15350000,1037901.30123000
2026-01-30 05:00:00,0.15350000,0.15590000,0.15110000,0.15450000,449628.58358000
2026-01-30 09:00:00,0.15450000,0.15730000,0.15300000,0.15660000,363419.60311000
2026-01-30 13:00:00,0.15660000,0.15690000,0.15210000,0.15460000,678492.00208000
2026-01-30 17:00:00,0.15460000,0.15780000,0.15080000,0.15650000,730950.47262000
2026-01-30 21:00:00,0.15650000,0.15650000,0.15320000,0.15510000,463039.32241000
2026-01-31 01:00:00,0.15510000,0.15540000,0.15350000,0.15400000,176129.32367000
2026-01-31 05:00:00,0.15400000,0.15470000,0.15120000,0.15250000,250822.66559000
2026-01-31 09:00:00,0.15250000,0.15270000,0.14860000,0.14940000,604990.47374000
2026-01-31 13:00:00,0.14940000,0.14960000,0.13820000,0.14160000,1722722.20844000
2026-01-31 17:00:00,0.14160000,0.14390000,0.12570000,0.13500000,2930264.37617000
2026-01-31 21:00:00,0.13500000,0.14090000,0.13380000,0.14010000,557015.44279000
2026-02-01 01:00:00,0.14010000,0.14150000,0.13870000,0.14120000,299399.68056000
2026-02-01 05:00:00,0.14120000,0.14190000,0.13900000,0.14000000,270253.54918000
2026-02-01 09:00:00,0.14000000,0.14150000,0.13780000,0.13930000,390493.26574000
2026-02-01 13:00:00,0.13930000,0.13990000,0.13440000,0.13620000,715178.38836000
2026-02-01 17:00:00,0.13620000,0.13990000,0.13530000,0.13690000,651113.85921000
2026-02-01 21:00:00,0.13690000,0.13840000,0.13130000,0.13510000,988327.99391000
2026-02-02 01:00:00,0.13510000,0.13860000,0.13010000,0.13490000,883331.44961000
2026-02-02 05:00:00,0.13490000,0.13640000,0.12860000,0.13300000,886562.36065000
2026-02-02 09:00:00,0.13300000,0.13640000,0.13290000,0.13560000,403043.65933000
2026-02-02 13:00:00,0.13560000,0.14070000,0.13550000,0.13930000,555899.47902000
2026-02-02 17:00:00,0.13930000,0.14000000,0.13710000,0.13740000,311061.48443000
2026-02-02 21:00:00,0.13740000,0.13810000,0.13630000,0.13710000,187484.15039000
2026-02-03 01:00:00,0.13710000,0.13740000,0.13360000,0.13660000,329605.36234000
2026-02-03 05:00:00,0.13660000,0.13790000,0.13520000,0.13630000,432777.30031000
2026-02-03 09:00:00,0.13630000,0.13690000,0.13380000,0.13550000,357050.72393000
2026-02-03 13:00:00,0.13550000,0.13700000,0.13290000,0.13390000,974077.54697000
2026-02-03 17:00:00,0.13390000,0.13390000,0.12410000,0.12940000,1885067.79813000
2026-02-03 21:00:00,0.12940000,0.13570000,0.12760000,0.13020000,854904.62535000
2026-02-04 01:00:00,0.13020000,0.13420000,0.12940000,0.13370000,342918.08882000
2026-02-04 05:00:00,0.13370000,0.13490000,0.13270000,0.13450000,300137.11543000
2026-02-04 09:00:00,0.13450000,0.13630000,0.13390000,0.13530000,545102.31366000
2026-02-04 13:00:00,0.13530000,0.13620000,0.12950000,0.13090000,1037057.69301000
2026-02-04 17:00:00,0.13090000,0.13340000,0.12830000,0.13290000,1099152.17436000
2026-02-04 21:00:00,0.13290000,0.13290000,0.12620000,0.12830000,600528.51681000
2026-02-05 01:00:00,0.12830000,0.12970000,0.12510000,0.12530000,562058.28016000
2026-02-05 05:00:00,0.12530000,0.12680000,0.12350000,0.12460000,529251.05498000
2026-02-05 09:00:00,0.12460000,0.12790000,0.12110000,0.12310000,636627.64746000
2026-02-05 13:00:00,0.12310000,0.12500000,0.11350000,0.11600000,1545545.42985000
2026-02-05 17:00:00,0.11600000,0.11860000,0.11180000,0.11240000,1267372.63806000
2026-02-05 21:00:00,0.11240000,0.11350000,0.10610000,0.10760000,1840516.75669000
2026-02-06 01:00:00,0.10760000,0.11130000,0.09420000,0.10750000,3143524.18154000
2026-02-06 05:00:00,0.10750000,0.11160000,0.10700000,0.10760000,709772.93254000
2026-02-06 09:00:00,0.10760000,0.11220000,0.10670000,0.11170000,763904.10261000
2026-02-06 13:00:00,0.11170000,0.11600000,0.11080000,0.11570000,938066.46632000
2026-02-06 17:00:00,0.11570000,0.12200000,0.11510000,0.11940000,926910.52323000
2026-02-06 21:00:00,0.11940000,0.12160000,0.11770000,0.12020000,371850.04430000
2026-02-07 01:00:00,0.12020000,0.12100000,0.11850000,0.12080000,320559.60085000
2026-02-07 05:00:00,0.12080000,0.12210000,0.11480000,0.11610000,642825.26216000
2026-02-07 09:00:00,0.11610000,0.11710000,0.11550000,0.11690000,306770.66395000
2026-02-07 13:00:00,0.11690000,0.12110000,0.11670000,0.11980000,536104.33729000
2026-02-07 17:00:00,0.11980000,0.12550000,0.11940000,0.12050000,1692594.71036000
2026-02-07 21:00:00,0.12050000,0.12130000,0.11930000,0.11990000,241958.38248000
2026-02-08 01:00:00,0.11990000,0.12030000,0.11830000,0.11850000,203929.72509000
2026-02-08 05:00:00,0.11850000,0.11910000,0.11720000,0.11800000,182553.12403000
2026-02-08 09:00:00,0.11800000,0.11990000,0.11720000,0.11950000,418976.63164000
2026-02-08 13:00:00,0.11950000,0.11960000,0.11740000,0.11760000,364870.52620000
2026-02-08 17:00:00,0.11760000,0.11800000,0.11480000,0.11760000,440594.74922000
2026-02-08 21:00:00,0.11760000,0.11930000,0.11530000,0.11640000,317851.64329000
2026-02-09 01:00:00,0.11640000,0.11780000,0.11540000,0.11760000,256499.14630000
2026-02-09 05:00:00,0.11760000,0.11760000,0.11390000,0.11410000,254862.66464000
2026-02-09 09:00:00,0.11410000,0.11430000,0.10930000,0.11020000,424096.66321000
2026-02-09 13:00:00,0.11020000,0.11120000,0.10790000,0.11080000,634728.44396000
2026-02-09 17:00:00,0.11080000,0.11550000,0.11010000,0.11390000,913563.22367000
2026-02-09 21:00:00,0.11390000,0.11440000,0.11140000,0.11310000,302943.98107000
2026-02-10 01:00:00,0.11310000,0.11350000,0.10970000,0.11010000,335452.27236000
2026-02-10 05:00:00,0.11010000,0.11130000,0.10790000,0.10930000,390807.55515000
2026-02-10 09:00:00,0.10930000,0.11000000,0.10830000,0.10860000,297518.26350000
2026-02-10 13:00:00,0.10860000,0.11210000,0.10840000,0.11130000,514807.53843000
2026-02-10 17:00:00,0.11130000,0.11180000,0.10830000,0.10940000,385013.75844000
2026-02-10 21:00:00,0.10940000,0.11030000,0.10870000,0.10990000,267375.76353000
2026-02-11 01:00:00,0.10990000,0.11150000,0.10910000,0.11030000,266539.25182000
2026-02-11 05:00:00,0.11030000,0.11040000,0.10650000,0.10710000,444916.03915000
2026-02-11 09:00:00,0.10710000,0.10730000,0.10580000,0.10720000,277331.51093000
2026-02-11 13:00:00,0.10720000,0.11280000,0.10490000,0.10690000,949786.37408000
2026-02-11 17:00:00,0.10690000,0.10900000,0.10570000,0.10760000,660815.04703000
2026-02-11 21:00:00,0.10760000,0.11040000,0.10700000,0.10820000,372747.05808000
2026-02-12 01:00:00,0.10820000,0.11040000,0.10820000,0.11030000,287486.99357000
2026-02-12 05:00:00,0.11030000,0.11230000,0.11010000,0.11230000,275868.39307000
2026-02-12 09:00:00,0.11230000,0.11300000,0.11060000,0.11210000,350471.90686000
2026-02-12 13:00:00,0.11210000,0.11220000,0.10930000,0.11030000,562579.06846000
2026-02-12 17:00:00,0.11030000,0.11180000,0.10790000,0.10990000,680969.90680000
2026-02-12 21:00:00,0.10990000,0.11190000,0.10850000,0.11160000,311353.24533000
2026-02-13 01:00:00,0.11160000,0.11210000,0.10900000,0.10950000,347568.30837000
2026-02-13 05:00:00,0.10950000,0.11030000,0.10830000,0.11000000,209468.37499000
2026-02-13 09:00:00,0.11000000,0.11170000,0.10980000,0.11070000,323568.17099000
2026-02-13 13:00:00,0.11070000,0.11530000,0.10980000,0.11320000,654906.94190000
2026-02-13 17:00:00,0.11320000,0.11610000,0.11270000,0.11560000,387505.85936000
2026-02-13 21:00:00,0.11560000,0.11660000,0.11520000,0.11550000,177421.33882000
2026-02-14 01:00:00,0.11550000,0.11660000,0.11480000,0.11620000,224053.92267000
2026-02-14 05:00:00,0.11620000,0.11660000,0.11500000,0.11600000,153887.32660000
2026-02-14 09:00:00,0.11600000,0.11920000,0.11600000,0.11910000,314359.93295000
2026-02-14 13:00:00,0.11910000,0.11980000,0.11710000,0.11960000,316341.96628000
2026-02-14 17:00:00,0.11960000,0.12200000,0.11850000,0.12190000,268277.41369000
2026-02-14 21:00:00,0.12190000,0.12230000,0.11980000,0.12040000,235433.88562000
2026-02-15 01:00:00,0.12040000,0.12080000,0.11780000,0.11960000,363741.29920000
2026-02-15 05:00:00,0.11960000,0.12150000,0.11940000,0.12080000,255383.77553000
2026-02-15 09:00:00,0.12080000,0.12110000,0.11760000,0.11830000,381899.85881000
2026-02-15 13:00:00,0.11830000,0.11830000,0.11350000,0.11510000,682562.65748000
2026-02-15 17:00:00,0.11510000,0.11520000,0.11210000,0.11300000,522577.50802000
2026-02-15 21:00:00,0.11300000,0.11460000,0.11250000,0.11450000,147257.78777000
2026-02-16 01:00:00,0.11450000,0.11530000,0.11340000,0.11410000,174603.96650000
2026-02-16 05:00:00,0.11410000,0.11520000,0.11310000,0.11350000,160226.39548000
2026-02-16 09:00:00,0.11350000,0.11520000,0.11240000,0.11430000,298017.77268000
2026-02-16 13:00:00,0.11430000,0.11720000,0.11140000,0.11200000,750183.04782000
2026-02-16 17:00:00,0.11200000,0.11380000,0.11170000,0.11350000,348612.28410000
2026-02-16 21:00:00,0.11350000,0.11590000,0.11310000,0.11520000,237649.51615000
2026-02-17 01:00:00,0.11520000,0.11580000,0.11400000,0.11460000,201055.23469000
2026-02-17 05:00:00,0.11460000,0.11520000,0.11300000,0.11410000,210779.91242000
2026-02-17 09:00:00,0.11410000,0.11450000,0.11230000,0.11340000,270386.20953000
2026-02-17 13:00:00,0.11340000,0.11450000,0.11120000,0.11320000,561376.43383000
2026-02-17 17:00:00,0.11320000,0.11540000,0.11210000,0.11360000,328672.79523000
2026-02-17 21:00:00,0.11360000,0.11380000,0.11240000,0.11270000,166053.93188000
2026-02-18 01:00:00,0.11270000,0.11340000,0.11170000,0.11320000,193845.76370000
2026-02-18 05:00:00,0.11320000,0.11420000,0.11280000,0.11370000,212398.24883000
2026-02-18 09:00:00,0.11370000,0.11430000,0.11150000,0.11200000,244666.00071000
2026-02-18 13:00:00,0.11200000,0.11340000,0.10990000,0.11200000,581551.52645000
2026-02-18 17:00:00,0.11200000,0.11200000,0.10750000,0.10820000,664467.12033000
2026-02-18 21:00:00,0.10820000,0.10910000,0.10680000,0.10760000,239961.23772000
2026-02-19 01:00:00,0.10760000,0.10850000,0.10680000,0.10770000,214074.98264000
2026-02-19 05:00:00,0.10770000,0.10840000,0.10610000,0.10640000,316404.25692000
2026-02-19 09:00:00,0.10640000,0.10640000,0.10360000,0.10390000,588430.34492000
2026-02-19 13:00:00,0.10390000,0.10440000,0.09760000,0.09790000,1221370.33992000
2026-02-19 17:00:00,0.09790000,0.10030000,0.09740000,0.09830000,809285.98136000
2026-02-19 21:00:00,0.09830000,0.09920000,0.09710000,0.09780000,469337.86727000
2026-02-20 01:00:00,0.09780000,0.09850000,0.09620000,0.09780000,576353.77908000
2026-02-20 05:00:00,0.09780000,0.09790000,0.09540000,0.09650000,663888.56336000
2026-02-20 09:00:00,0.09650000,0.09700000,0.09360000,0.09410000,845078.54034000
2026-02-20 13:00:00,0.09410000,0.09780000,0.09250000,0.09690000,1274309.79785000
2026-02-20 17:00:00,0.09690000,0.09860000,0.09400000,0.09640000,1203424.38211000
2026-02-20 21:00:00,0.09640000,0.09730000,0.09560000,0.09690000,244651.65384000
2026-02-21 01:00:00,0.09690000,0.09700000,0.09590000,0.09680000,286276.30847000
2026-02-21 05:00:00,0.09680000,0.10010000,0.09660000,0.10010000,560949.64982000
2026-02-21 09:00:00,0.10010000,0.10500000,0.09980000,0.10330000,963912.02063000
2026-02-21 13:00:00,0.10330000,0.10380000,0.09920000,0.09990000,662898.22739000
2026-02-21 17:00:00,0.09990000,0.10000000,0.09870000,0.09890000,369126.13526000
2026-02-21 21:00:00,0.09890000,0.09960000,0.09820000,0.09820000,283820.18191000
2026-02-22 01:00:00,0.09820000,0.09830000,0.09580000,0.09610000,475104.23436000
2026-02-22 05:00:00,0.09610000,0.09630000,0.09520000,0.09570000,277639.34266000
2026-02-22 09:00:00,0.09570000,0.09680000,0.09540000,0.09570000,281916.63440000
2026-02-22 13:00:00,0.09570000,0.09570000,0.09340000,0.09440000,540264.82830000
2026-02-22 17:00:00,0.09440000,0.09460000,0.09350000,0.09390000,202685.70680000
2026-02-22 21:00:00,0.09390000,0.09460000,0.09310000,0.09450000,209822.00769000
2026-02-23 01:00:00,0.09450000,0.09460000,0.08820000,0.09010000,1022590.76335000
2026-02-23 05:00:00,0.09010000,0.09350000,0.08950000,0.09290000,475014.89257000
2026-02-23 09:00:00,0.09290000,0.09530000,0.09220000,0.09520000,519446.08191000
2026-02-23 13:00:00,0.09520000,0.09620000,0.09250000,0.09260000,683009.83101000
2026-02-23 17:00:00,0.09260000,0.09330000,0.09100000,0.09190000,515941.67270000
2026-02-23 21:00:00,0.09190000,0.09440000,0.09180000,0.09360000,530756.90762000
2026-02-24 01:00:00,0.09360000,0.09400000,0.09170000,0.09310000,595585.82327000
2026-02-24 05:00:00,0.09310000,0.09330000,0.09070000,0.09120000,565813.15460000
2026-02-24 09:00:00,0.09120000,0.09160000,0.09020000,0.09160000,326314.43410000
2026-02-24 13:00:00,0.09160000,0.09340000,0.08980000,0.09290000,761732.56624000
2026-02-24 17:00:00,0.09290000,0.09400000,0.09190000,0.09290000,475836.55321000
2026-02-24 21:00:00,0.09290000,0.09320000,0.09180000,0.09210000,145044.06309000
2026-02-25 01:00:00,0.09210000,0.09590000,0.09190000,0.09250000,630421.35175000
2026-02-25 05:00:00,0.09250000,0.09310000,0.09120000,0.09310000,330649.59762000
2026-02-25 09:00:00,0.09310000,0.09480000,0.09260000,0.09470000,332926.35293000
2026-02-25 13:00:00,0.09470000,0.10110000,0.09440000,0.10010000,843527.38367000
2026-02-25 17:00:00,0.10010000,0.10430000,0.10000000,0.10430000,1091212.19271000
2026-02-25 21:00:00,0.10430000,0.10680000,0.09970000,0.10070000,1246231.15185000
2026-02-26 01:00:00,0.10070000,0.10080000,0.09820000,0.09950000,551364.45975000
2026-02-26 05:00:00,0.09950000,0.10130000,0.09900000,0.10000000,574377.19275000
2026-02-26 09:00:00,0.10000000,0.10180000,0.09820000,0.09860000,491480.31364000
2026-02-26 13:00:00,0.09860000,0.10010000,0.09820000,0.09970000,843753.19090000
2026-02-26 17:00:00,0.09970000,0.10010000,0.09530000,0.09910000,944284.49458000
2026-02-26 21:00:00,0.09910000,0.10070000,0.09830000,0.09990000,236707.79673000
2026-02-27 01:00:00,0.09990000,0.10230000,0.09910000,0.10190000,335717.33837000
2026-02-27 05:00:00,0.10190000,0.10760000,0.10180000,0.10710000,677859.12937000
2026-02-27 09:00:00,0.10710000,0.11290000,0.10370000,0.10400000,2635655.28085000
2026-02-27 13:00:00,0.10400000,0.10510000,0.10040000,0.10090000,941262.22265000
2026-02-27 17:00:00,0.10090000,0.10190000,0.09880000,0.09930000,636960.81976000
2026-02-27 21:00:00,0.09930000,0.10040000,0.09730000,0.10020000,532590.88220000
2026-02-28 01:00:00,0.10020000,0.10080000,0.09840000,0.09870000,380458.94538000
2026-02-28 05:00:00,0.09870000,0.09960000,0.09260000,0.09470000,1148548.06256000
2026-02-28 09:00:00,0.09470000,0.09470000,0.09120000,0.09130000,718972.52724000
2026-02-28 13:00:00,0.09130000,0.09480000,0.09090000,0.09340000,653048.68637000
2026-02-28 17:00:00,0.09340000,0.09760000,0.09170000,0.09650000,908318.55502000
2026-02-28 21:00:00,0.09650000,0.10050000,0.09590000,0.09960000,806047.25189000
2026-03-01 01:00:00,0.09960000,0.10520000,0.09790000,0.10230000,737010.71309000
2026-03-01 05:00:00,0.10230000,0.10280000,0.10050000,0.10210000,346096.36563000
2026-03-01 09:00:00,0.10210000,0.10300000,0.09970000,0.10050000,332387.01680000
2026-03-01 13:00:00,0.10050000,0.10350000,0.09920000,0.10040000,830936.79892000
2026-03-01 17:00:00,0.10040000,0.10170000,0.09720000,0.09740000,765203.42476000
2026-03-01 21:00:00,0.09740000,0.10070000,0.09570000,0.09950000,709204.89110000
2026-03-02 01:00:00,0.09950000,0.10270000,0.09940000,0.10210000,457082.62902000
2026-03-02 05:00:00,0.10210000,0.10320000,0.09850000,0.09940000,402760.53119000
2026-03-02 09:00:00,0.09940000,0.10110000,0.09840000,0.10080000,453177.67496000
2026-03-02 13:00:00,0.10080000,0.10870000,0.09990000,0.10560000,1004620.68409000
2026-03-02 17:00:00,0.10560000,0.10670000,0.10290000,0.10390000,771094.13724000
2026-03-02 21:00:00,0.10390000,0.10450000,0.10130000,0.10180000,437625.49367000
2026-03-03 01:00:00,0.10180000,0.10240000,0.10070000,0.10200000,281148.26844000
2026-03-03 05:00:00,0.10200000,0.10220000,0.10040000,0.10110000,268320.33605000
2026-03-03 09:00:00,0.10110000,0.10140000,0.09890000,0.09980000,539076.26675000
2026-03-03 13:00:00,0.09980000,0.10170000,0.09870000,0.10120000,507819.76526000
2026-03-03 17:00:00,0.10120000,0.10450000,0.10040000,0.10340000,791366.66378000
2026-03-03 21:00:00,0.10340000,0.10360000,0.10150000,0.10260000,270775.35356000
2026-03-04 01:00:00,0.10260000,0.10390000,0.10180000,0.10260000,309233.68547000
2026-03-04 05:00:00,0.10260000,0.10380000,0.10090000,0.10310000,300387.87657000
2026-03-04 09:00:00,0.10310000,0.10640000,0.10220000,0.10350000,738314.37130000
2026-03-04 13:00:00,0.10350000,0.10620000,0.10210000,0.10620000,646990.18356000
2026-03-04 17:00:00,0.10620000,0.10740000,0.10340000,0.10670000,626719.93457000
2026-03-04 21:00:00,0.10670000,0.10680000,0.10290000,0.10480000,395962.67349000
2026-03-05 01:00:00,0.10480000,0.10500000,0.10270000,0.10310000,280302.75892000
2026-03-05 05:00:00,0.10310000,0.10410000,0.10200000,0.10240000,255370.10115000
2026-03-05 09:00:00,0.10240000,0.10540000,0.10220000,0.10390000,356780.38692000
2026-03-05 13:00:00,0.10390000,0.10570000,0.10300000,0.10370000,619628.91159000
2026-03-05 17:00:00,0.10370000,0.10380000,0.10050000,0.10270000,787222.58768000
2026-03-05 21:00:00,0.10270000,0.10460000,0.10240000,0.10280000,293280.52371000
2026-03-06 01:00:00,0.10280000,0.10490000,0.10230000,0.10440000,178736.70842000
2026-03-06 05:00:00,0.10440000,0.10510000,0.10280000,0.10480000,209429.19891000
2026-03-06 09:00:00,0.10480000,0.10500000,0.10220000,0.10240000,388875.84443000
2026-03-06 13:00:00,0.10240000,0.10360000,0.09850000,0.09930000,961715.43719000
2026-03-06 17:00:00,0.09930000,0.10070000,0.09780000,0.09960000,422855.70457000
2026-03-06 21:00:00,0.09960000,0.10030000,0.09920000,0.09990000,162876.11972000
2026-03-07 01:00:00,0.09990000,0.10070000,0.09920000,0.09970000,130165.48333000
2026-03-07 05:00:00,0.09970000,0.10030000,0.09820000,0.09890000,122572.46454000
2026-03-07 09:00:00,0.09890000,0.09950000,0.09840000,0.09910000,264503.31043000
2026-03-07 13:00:00,0.09910000,0.09920000,0.09660000,0.09700000,373272.16922000
2026-03-07 17:00:00,0.09700000,0.09790000,0.09580000,0.09610000,218081.93697000
2026-03-07 21:00:00,0.09610000,0.09690000,0.09570000,0.09670000,156770.30948000
2026-03-08 01:00:00,0.09670000,0.09680000,0.09490000,0.09550000,186651.43280000
2026-03-08 05:00:00,0.09550000,0.09590000,0.09440000,0.09550000,134354.75302000
2026-03-08 09:00:00,0.09550000,0.09710000,0.09480000,0.09600000,235283.85336000
2026-03-08 13:00:00,0.09600000,0.09730000,0.09430000,0.09480000,340029.43887000
2026-03-08 17:00:00,0.09480000,0.09670000,0.09410000,0.09630000,292065.74495000
2026-03-08 21:00:00,0.09630000,0.09650000,0.09330000,0.09450000,492138.35243000
2026-03-09 01:00:00,0.09450000,0.09740000,0.09410000,0.09590000,270189.71326000
2026-03-09 05:00:00,0.09590000,0.09900000,0.09580000,0.09700000,348485.83899000
2026-03-09 09:00:00,0.09700000,0.09820000,0.09630000,0.09740000,289711.38368000
2026-03-09 13:00:00,0.09740000,0.09980000,0.09730000,0.09890000,604204.62982000
2026-03-09 17:00:00,0.09890000,0.10110000,0.09790000,0.09920000,403721.53997000
2026-03-09 21:00:00,0.09920000,0.09980000,0.09720000,0.09750000,150741.67119000
2026-03-10 01:00:00,0.09750000,0.10070000,0.09720000,0.09890000,247271.90365000
2026-03-10 05:00:00,0.09890000,0.10040000,0.09880000,0.09980000,194192.17381000
2026-03-10 09:00:00,0.09980000,0.10110000,0.09940000,0.09970000,291939.75079000
2026-03-10 13:00:00,0.09970000,0.10220000,0.09840000,0.10100000,473079.35112000
2026-03-10 17:00:00,0.10100000,0.10140000,0.09790000,0.09840000,422181.13327000
2026-03-10 21:00:00,0.09840000,0.09900000,0.09720000,0.09840000,190370.96856000
2026-03-11 01:00:00,0.09840000,0.09840000,0.09740000,0.09800000,234350.87713000
2026-03-11 05:00:00,0.09800000,0.09880000,0.09700000,0.09800000,177224.28765000
2026-03-11 09:00:00,0.09800000,0.09960000,0.09800000,0.09900000,243218.78645000
2026-03-11 13:00:00,0.09900000,0.10340000,0.09900000,0.10060000,603891.34839000
2026-03-11 17:00:00,0.10060000,0.10230000,0.10040000,0.10110000,292599.69443000
2026-03-11 21:00:00,0.10110000,0.10130000,0.09960000,0.10000000,194846.12563000
2026-03-12 01:00:00,0.10000000,0.10030000,0.09840000,0.09870000,211113.69199000
2026-03-12 05:00:00,0.09870000,0.09940000,0.09810000,0.09910000,160931.84472000
2026-03-12 09:00:00,0.09910000,0.10030000,0.09860000,0.09880000,289168.17870000
2026-03-12 13:00:00,0.09880000,0.09980000,0.09740000,0.09890000,459728.76374000
2026-03-12 17:00:00,0.09890000,0.10050000,0.09850000,0.10030000,296132.74522000
2026-03-12 21:00:00,0.10030000,0.10150000,0.09940000,0.10090000,226887.63161000
2026-03-13 01:00:00,0.10090000,0.10460000,0.10060000,0.10440000,430903.78653000
2026-03-13 05:00:00,0.10440000,0.10490000,0.10330000,0.10360000,229299.04258000
2026-03-13 09:00:00,0.10360000,0.10520000,0.10330000,0.10470000,287397.79787000
2026-03-13 13:00:00,0.10470000,0.10730000,0.10380000,0.10500000,755374.31729000
2026-03-13 17:00:00,0.10500000,0.10540000,0.10280000,0.10340000,309010.78268000
2026-03-13 21:00:00,0.10340000,0.10430000,0.10170000,0.10260000,138302.15420000
2026-03-14 01:00:00,0.10260000,0.10290000,0.10150000,0.10270000,149546.10168000
2026-03-14 05:00:00,0.10270000,0.10330000,0.10040000,0.10050000,225028.70012000
2026-03-14 09:00:00,0.10050000,0.10070000,0.09930000,0.10010000,165859.73390000
2026-03-14 13:00:00,0.10010000,0.10090000,0.09960000,0.10040000,142209.56041000
2026-03-14 17:00:00,0.10040000,0.10070000,0.09990000,0.10020000,78994.44385000
2026-03-14 21:00:00,0.10020000,0.10120000,0.09970000,0.10090000,144189.02573000
2026-03-15 01:00:00,0.10090000,0.10280000,0.10010000,0.10200000,191714.28816000
2026-03-15 05:00:00,0.10200000,0.10250000,0.10120000,0.10180000,190624.56521000
2026-03-15 09:00:00,0.10180000,0.10260000,0.10160000,0.10240000,204856.36533000
2026-03-15 13:00:00,0.10240000,0.10330000,0.10110000,0.10130000,227709.00193000
2026-03-15 17:00:00,0.10130000,0.10260000,0.10120000,0.10240000,186934.12647000
2026-03-15 21:00:00,0.10240000,0.10460000,0.10200000,0.10380000,356126.69247000
2026-03-16 01:00:00,0.10380000,0.10720000,0.10320000,0.10600000,353766.38203000
2026-03-16 05:00:00,0.10600000,0.10920000,0.10590000,0.10870000,534590.08962000
2026-03-16 09:00:00,0.10870000,0.10990000,0.10720000,0.10740000,473008.70854000
2026-03-16 13:00:00,0.10740000,0.10850000,0.10640000,0.10670000,435186.24647000
2026-03-16 17:00:00,0.10670000,0.10990000,0.10660000,0.10900000,473429.05410000
2026-03-16 21:00:00,0.10900000,0.11150000,0.10880000,0.11040000,358352.07509000
2026-03-17 01:00:00,0.11040000,0.11120000,0.10810000,0.10870000,382305.64718000
2026-03-17 05:00:00,0.10870000,0.10900000,0.10680000,0.10850000,262247.03070000
2026-03-17 09:00:00,0.10850000,0.10910000,0.10770000,0.10790000,198585.00036000
2026-03-17 13:00:00,0.10790000,0.10910000,0.10670000,0.10770000,469368.61647000
2026-03-17 17:00:00,0.10770000,0.10890000,0.10750000,0.10800000,175874.19243000
2026-03-17 21:00:00,0.10800000,0.10920000,0.10770000,0.10780000,102866.56520000
2026-03-18 01:00:00,0.10780000,0.10930000,0.10730000,0.10860000,189576.99923000
2026-03-18 05:00:00,0.10860000,0.10920000,0.10730000,0.10780000,159072.40896000
2026-03-18 09:00:00,0.10780000,0.10830000,0.10460000,0.10510000,284860.03240000
2026-03-18 13:00:00,0.10510000,0.10510000,0.10010000,0.10130000,496381.36046000
2026-03-18 17:00:00,0.10130000,0.10270000,0.10040000,0.10170000,272417.20250000
2026-03-18 21:00:00,0.10170000,0.10300000,0.10080000,0.10290000,162955.74892000
2026-03-19 01:00:00,0.10290000,0.10380000,0.10180000,0.10280000,162180.81169000
2026-03-19 05:00:00,0.10280000,0.10290000,0.09990000,0.10060000,217508.45890000
2026-03-19 09:00:00,0.10060000,0.10150000,0.10000000,0.10050000,226781.94656000
2026-03-19 13:00:00,0.10050000,0.10060000,0.09760000,0.09870000,397123.10391000
2026-03-19 17:00:00,0.09870000,0.09950000,0.09770000,0.09890000,208802.56608000
2026-03-19 21:00:00,0.09890000,0.09940000,0.09840000,0.09920000,123317.15179000
2026-03-20 01:00:00,0.09920000,0.10050000,0.09900000,0.10010000,161673.67962000
2026-03-20 05:00:00,0.10010000,0.10140000,0.09980000,0.10060000,167267.96290000
2026-03-20 09:00:00,0.10060000,0.10150000,0.10000000,0.10050000,174854.07780000
2026-03-20 13:00:00,0.10050000,0.10090000,0.09880000,0.09960000,257227.88095000
2026-03-20 17:00:00,0.09960000,0.10040000,0.09840000,0.09940000,174413.96575000
2026-03-20 21:00:00,0.09940000,0.10080000,0.09850000,0.09970000,132197.70876000
2026-03-21 01:00:00,0.09970000,0.10010000,0.09940000,0.09960000,75739.15741000
2026-03-21 05:00:00,0.09960000,0.10010000,0.09950000,0.09970000,74986.39948000
2026-03-21 09:00:00,0.09970000,0.10010000,0.09900000,0.09930000,92697.26331000
2026-03-21 13:00:00,0.09930000,0.10060000,0.09910000,0.10060000,116574.46123000
2026-03-21 17:00:00,0.10060000,0.10070000,0.09950000,0.09980000,112733.06799000
2026-03-21 21:00:00,0.09980000,0.10020000,0.09560000,0.09620000,298326.70510000
2026-03-22 01:00:00,0.09620000,0.09720000,0.09380000,0.09620000,486490.85515000
2026-03-22 05:00:00,0.09620000,0.09680000,0.09490000,0.09490000,130914.96394000
2026-03-22 09:00:00,0.09490000,0.09520000,0.09330000,0.09350000,209751.71453000
2026-03-22 13:00:00,0.09350000,0.09420000,0.09310000,0.09350000,165684.15958000
2026-03-22 17:00:00,0.09350000,0.09370000,0.09180000,0.09220000,257075.34744000
2026-03-22 21:00:00,0.09220000,0.09320000,0.09100000,0.09250000,303144.28294000
2026-03-23 01:00:00,0.09250000,0.09470000,0.09230000,0.09380000,233872.84944000
2026-03-23 05:00:00,0.09380000,0.09450000,0.09160000,0.09240000,239252.77014000
2026-03-23 09:00:00,0.09240000,0.09730000,0.09120000,0.09500000,948591.25407000
2026-03-23 13:00:00,0.09500000,0.09690000,0.09400000,0.09420000,410244.64113000
2026-03-23 17:00:00,0.09420000,0.09630000,0.09340000,0.09490000,340826.84746000
2026-03-23 21:00:00,0.09490000,0.09770000,0.09450000,0.09760000,317927.82362000
2026-03-24 01:00:00,0.09760000,0.09820000,0.09520000,0.09660000,273663.41447000
2026-03-24 05:00:00,0.09660000,0.09690000,0.09560000,0.09680000,292546.31705000
2026-03-24 09:00:00,0.09680000,0.09800000,0.09630000,0.09710000,287456.97660000
2026-03-24 13:00:00,0.09710000,0.09760000,0.09570000,0.09650000,422079.28787000
2026-03-24 17:00:00,0.09650000,0.09730000,0.09460000,0.09620000,275537.20111000
2026-03-24 21:00:00,0.09620000,0.09850000,0.09590000,0.09750000,308354.53366000
2026-03-25 01:00:00,0.09750000,0.09820000,0.09690000,0.09800000,179275.46164000
2026-03-25 05:00:00,0.09800000,0.09910000,0.09760000,0.09860000,161594.88346000
2026-03-25 09:00:00,0.09860000,0.09960000,0.09820000,0.09920000,217255.41762000
2026-03-25 13:00:00,0.09920000,0.10000000,0.09830000,0.09880000,251315.90268000
2026-03-25 17:00:00,0.09880000,0.09980000,0.09840000,0.09880000,243431.72863000
2026-03-25 21:00:00,0.09880000,0.09930000,0.09790000,0.09870000,127267.38810000
2026-03-26 01:00:00,0.09870000,0.09910000,0.09690000,0.09720000,304331.96509000
2026-03-26 05:00:00,0.09720000,0.09720000,0.09480000,0.09520000,263824.51132000
2026-03-26 09:00:00,0.09520000,0.09520000,0.09340000,0.09390000,264083.06303000
2026-03-26 13:00:00,0.09390000,0.09540000,0.09360000,0.09410000,262681.23267000
2026-03-26 17:00:00,0.09410000,0.09450000,0.09260000,0.09280000,185179.84300000
2026-03-26 21:00:00,0.09280000,0.09470000,0.09250000,0.09380000,222031.09010000
2026-03-27 01:00:00,0.09380000,0.09510000,0.09370000,0.09440000,105175.03675000
2026-03-27 05:00:00,0.09440000,0.09450000,0.09350000,0.09450000,137489.16482000
2026-03-27 09:00:00,0.09450000,0.09460000,0.09020000,0.09090000,400013.67699000
2026-03-27 13:00:00,0.09090000,0.09130000,0.08980000,0.09030000,314962.75189000
2026-03-27 17:00:00,0.09030000,0.09100000,0.08940000,0.09030000,215404.73149000
2026-03-27 21:00:00,0.09030000,0.09060000,0.08950000,0.08990000,97861.23127000
2026-03-28 01:00:00,0.08990000,0.09020000,0.08860000,0.08940000,160505.33850000
2026-03-28 05:00:00,0.08940000,0.08970000,0.08890000,0.08970000,99504.83134000
2026-03-28 09:00:00,0.08970000,0.09040000,0.08960000,0.09030000,142317.03403000
2026-03-28 13:00:00,0.09030000,0.09220000,0.09000000,0.09140000,284098.11417000
2026-03-28 17:00:00,0.09140000,0.09230000,0.09140000,0.09170000,133179.39824000
2026-03-28 21:00:00,0.09170000,0.09200000,0.08940000,0.08980000,149833.27413000
2026-03-29 01:00:00,0.08980000,0.09080000,0.08930000,0.09030000,134302.74970000
2026-03-29 06:00:00,0.09030000,0.09040000,0.08940000,0.08960000,96026.92335000
2026-03-29 10:00:00,0.08960000,0.08970000,0.08870000,0.08910000,152593.20200000
2026-03-29 14:00:00,0.08910000,0.08920000,0.08780000,0.08860000,235709.37865000
2026-03-29 18:00:00,0.08860000,0.08920000,0.08820000,0.08860000,125616.90141000
2026-03-29 22:00:00,0.08860000,0.08970000,0.08570000,0.08830000,396804.25740000
2026-03-30 02:00:00,0.08830000,0.09180000,0.08810000,0.09120000,297758.87329000
2026-03-30 06:00:00,0.09120000,0.09280000,0.09100000,0.09270000,256768.60465000
2026-03-30 10:00:00,0.09270000,0.09340000,0.09180000,0.09270000,292475.48410000
2026-03-30 14:00:00,0.09270000,0.09370000,0.09170000,0.09220000,321193.61670000
2026-03-30 18:00:00,0.09220000,0.09240000,0.09000000,0.09070000,233881.54138000
2026-03-30 22:00:00,0.09070000,0.09170000,0.09040000,0.09110000,381146.59786000
2026-03-31 02:00:00,0.09110000,0.09370000,0.09080000,0.09250000,228082.24011000
2026-03-31 06:00:00,0.09250000,0.09320000,0.09220000,0.09280000,192844.99602000
2026-03-31 10:00:00,0.09280000,0.09300000,0.09060000,0.09220000,299401.67573000
2026-03-31 14:00:00,0.09220000,0.09340000,0.09120000,0.09130000,341595.62203000
2026-03-31 18:00:00,0.09130000,0.09400000,0.09120000,0.09270000,262154.07749000
2026-03-31 22:00:00,0.09270000,0.09320000,0.09220000,0.09290000,137030.17297000
2026-04-01 02:00:00,0.09290000,0.09350000,0.09210000,0.09320000,152165.53133000
2026-04-01 06:00:00,0.09320000,0.09600000,0.09310000,0.09580000,307271.29138000
2026-04-01 10:00:00,0.09580000,0.09620000,0.09450000,0.09540000,385738.23216000
2026-04-01 14:00:00,0.09540000,0.09670000,0.09390000,0.09460000,354382.35516000
2026-04-01 18:00:00,0.09460000,0.09590000,0.09410000,0.09470000,194212.80257000
2026-04-01 22:00:00,0.09470000,0.09510000,0.09390000,0.09440000,140308.71367000
2026-04-02 02:00:00,0.09440000,0.09550000,0.09050000,0.09090000,436943.60170000
2026-04-02 06:00:00,0.09090000,0.09200000,0.09030000,0.09140000,147146.33586000
2026-04-02 10:00:00,0.09140000,0.09140000,0.09040000,0.09100000,155546.04827000
2026-04-02 14:00:00,0.09100000,0.09230000,0.08960000,0.09160000,433560.75058000
2026-04-02 18:00:00,0.09160000,0.09260000,0.09070000,0.09120000,208716.86784000
2026-04-02 22:00:00,0.09120000,0.09170000,0.09060000,0.09080000,99686.44600000
2026-04-03 02:00:00,0.09080000,0.09240000,0.09060000,0.09220000,135772.77504000
2026-04-03 06:00:00,0.09220000,0.09430000,0.09200000,0.09340000,230151.54404000
2026-04-03 10:00:00,0.09340000,0.09480000,0.09330000,0.09380000,494978.61826000
2026-04-03 14:00:00,0.09380000,0.09430000,0.09230000,0.09240000,239195.39220000
2026-04-03 18:00:00,0.09240000,0.09310000,0.09190000,0.09250000,178342.35979000
2026-04-03 22:00:00,0.09250000,0.09290000,0.09190000,0.09220000,111637.83742000
2026-04-04 02:00:00,0.09220000,0.09230000,0.09130000,0.09160000,306674.24306000
2026-04-04 06:00:00,0.09160000,0.09220000,0.09140000,0.09180000,100427.07304000
2026-04-04 10:00:00,0.09180000,0.09210000,0.09140000,0.09210000,89630.71240000
2026-04-04 14:00:00,0.09210000,0.09310000,0.09160000,0.09250000,175633.92767000
2026-04-04 18:00:00,0.09250000,0.09370000,0.09210000,0.09300000,151554.40945000
2026-04-04 22:00:00,0.09300000,0.09310000,0.09240000,0.09260000,73311.61465000
2026-04-05 02:00:00,0.09260000,0.09280000,0.09170000,0.09190000,75633.76728000
2026-04-05 06:00:00,0.09190000,0.09190000,0.09030000,0.09040000,180795.90175000
2026-04-05 10:00:00,0.09040000,0.09110000,0.09030000,0.09050000,94888.72145000
2026-04-05 14:00:00,0.09050000,0.09180000,0.08970000,0.09090000,236468.20302000
2026-04-05 18:00:00,0.09090000,0.09170000,0.09030000,0.09130000,107333.14840000
2026-04-05 22:00:00,0.09130000,0.09470000,0.09070000,0.09420000,289368.08059000
2026-04-06 02:00:00,0.09420000,0.09670000,0.09420000,0.09550000,375092.46751000
2026-04-06 06:00:00,0.09550000,0.09600000,0.09500000,0.09560000,181569.67323000
2026-04-06 10:00:00,0.09560000,0.09880000,0.09560000,0.09850000,468948.93366000
2026-04-06 14:00:00,0.09850000,0.09890000,0.09610000,0.09710000,327288.66089000
2026-04-06 18:00:00,0.09710000,0.09730000,0.09550000,0.09580000,176583.69811000
2026-04-06 22:00:00,0.09580000,0.09600000,0.09300000,0.09360000,229208.18002000
2026-04-07 02:00:00,0.09360000,0.09420000,0.09260000,0.09360000,202772.88631000
2026-04-07 06:00:00,0.09360000,0.09490000,0.09320000,0.09480000,144177.28040000
2026-04-07 10:00:00,0.09480000,0.09580000,0.09360000,0.09390000,225576.75934000
2026-04-07 14:00:00,0.09390000,0.09400000,0.09280000,0.09340000,232322.57848000
2026-04-07 18:00:00,0.09340000,0.09700000,0.09340000,0.09690000,307305.89081000
2026-04-07 22:00:00,0.09690000,0.10290000,0.09660000,0.10190000,909758.61408000
2026-04-08 02:00:00,0.10190000,0.10310000,0.10070000,0.10250000,296037.18959000
2026-04-08 06:00:00,0.10250000,0.10450000,0.10230000,0.10330000,374060.69061000
2026-04-08 10:00:00,0.10330000,0.10400000,0.10140000,0.10200000,198641.23031000
2026-04-08 14:00:00,0.10200000,0.10220000,0.09950000,0.10050000,408753.41799000
2026-04-08 18:00:00,0.10050000,0.10170000,0.09990000,0.10140000,196764.47344000
2026-04-08 22:00:00,0.10140000,0.10650000,0.10130000,0.10540000,820125.46408000
2026-04-09 02:00:00,0.10540000,0.10580000,0.10040000,0.10150000,565557.86865000
2026-04-09 06:00:00,0.10150000,0.10320000,0.10130000,0.10190000,200233.56933000
2026-04-09 10:00:00,0.10190000,0.10240000,0.10080000,0.10140000,260413.09771000
2026-04-09 14:00:00,0.10140000,0.10520000,0.10080000,0.10380000,380697.83132000
2026-04-09 18:00:00,0.10380000,0.10460000,0.10240000,0.10280000,345381.14176000
2026-04-09 22:00:00,0.10280000,0.10990000,0.10270000,0.10790000,636895.93689000
2026-04-10 02:00:00,0.10790000,0.11100000,0.10720000,0.10920000,824789.26578000
2026-04-10 06:00:00,0.10920000,0.11220000,0.10790000,0.10970000,673457.35459000
2026-04-10 10:00:00,0.10970000,0.11140000,0.10850000,0.10880000,817798.53378000
2026-04-10 14:00:00,0.10880000,0.11050000,0.10860000,0.10970000,654138.50145000
2026-04-10 18:00:00,0.10970000,0.11210000,0.10870000,0.11180000,491082.74966000
2026-04-10 22:00:00,0.11180000,0.11660000,0.11130000,0.11650000,837057.49300000
2026-04-11 02:00:00,0.11650000,0.12110000,0.11320000,0.12040000,986295.76504000
2026-04-11 06:00:00,0.12040000,0.12260000,0.11410000,0.11480000,1107818.98003000
2026-04-11 10:00:00,0.11480000,0.11570000,0.11320000,0.11480000,562936.52069000
2026-04-11 14:00:00,0.11480000,0.11570000,0.11340000,0.11510000,413368.05804000
2026-04-11 18:00:00,0.11510000,0.11790000,0.11480000,0.11780000,598065.03001000
2026-04-11 22:00:00,0.11780000,0.11790000,0.11510000,0.11540000,274021.30090000
2026-04-12 02:00:00,0.11540000,0.11610000,0.11220000,0.11230000,406048.69517000
2026-04-12 06:00:00,0.11230000,0.11260000,0.11040000,0.11080000,291375.53023000
2026-04-12 10:00:00,0.11080000,0.11190000,0.10900000,0.11120000,275991.78144000
2026-04-12 14:00:00,0.11120000,0.11240000,0.11010000,0.11070000,310122.57455000
2026-04-12 18:00:00,0.11070000,0.11310000,0.11000000,0.11190000,253543.70660000
2026-04-12 22:00:00,0.11190000,0.11270000,0.11030000,0.11090000,215370.44727000
2026-04-13 02:00:00,0.11090000,0.11190000,0.11060000,0.11120000,135033.44898000
2026-04-13 06:00:00,0.11120000,0.11360000,0.11090000,0.11110000,195700.62551000
2026-04-13 10:00:00,0.11110000,0.11150000,0.11020000,0.11130000,157077.46812000
2026-04-13 14:00:00,0.11130000,0.11210000,0.11020000,0.11050000,313333.56979000
2026-04-13 18:00:00,0.11050000,0.11240000,0.10970000,0.11220000,244980.86606000
2026-04-13 22:00:00,0.11220000,0.11370000,0.11050000,0.11340000,350628.64090000
2026-04-14 02:00:00,0.11340000,0.11380000,0.11190000,0.11250000,233339.09677000
2026-04-14 06:00:00,0.11250000,0.11350000,0.11240000,0.11270000,143714.89140000
2026-04-14 10:00:00,0.11270000,0.11340000,0.11030000,0.11100000,317189.73482000
2026-04-14 14:00:00,0.11100000,0.11160000,0.10890000,0.10990000,399632.35833000
2026-04-14 18:00:00,0.10990000,0.11250000,0.10910000,0.11000000,347745.12816000
2026-04-14 22:00:00,0.11000000,0.11040000,0.10940000,0.11010000,110297.21762000
2026-04-15 02:00:00,0.11010000,0.11260000,0.11000000,0.11210000,235711.86820000
2026-04-15 06:00:00,0.11210000,0.11460000,0.11130000,0.11140000,332414.72948000
2026-04-15 10:00:00,0.11140000,0.11400000,0.11130000,0.11320000,247469.25604000
2026-04-15 14:00:00,0.11320000,0.11550000,0.11270000,0.11540000,407726.98519000
2026-04-15 18:00:00,0.11540000,0.11750000,0.11490000,0.11640000,481098.14741000
2026-04-15 22:00:00,0.11640000,0.11680000,0.11400000,0.11490000,207823.23616000
2026-04-16 02:00:00,0.11490000,0.11700000,0.11410000,0.11660000,188344.16278000
2026-04-16 06:00:00,0.11660000,0.11960000,0.11610000,0.11950000,307959.92582000
2026-04-16 10:00:00,0.11950000,0.11970000,0.11690000,0.11890000,311533.75293000
2026-04-16 14:00:00,0.11890000,0.12520000,0.11840000,0.12400000,1433283.68590000
2026-04-16 18:00:00,0.12400000,0.13260000,0.12070000,0.13230000,951482.96513000
2026-04-16 22:00:00,0.13230000,0.13320000,0.12670000,0.12890000,478433.93534000
2026-04-17 02:00:00,0.12890000,0.13000000,0.12600000,0.12840000,352309.33761000
2026-04-17 06:00:00,0.12840000,0.13200000,0.12750000,0.13160000,454369.88100000
2026-04-17 10:00:00,0.13160000,0.13460000,0.12860000,0.13380000,602347.42964000
2026-04-17 14:00:00,0.13380000,0.13670000,0.13040000,0.13100000,1005393.70567000
2026-04-17 18:00:00,0.13100000,0.13360000,0.13030000,0.13310000,521149.22516000
2026-04-17 22:00:00,0.13310000,0.13370000,0.12970000,0.13130000,282288.30863000
2026-04-18 02:00:00,0.13130000,0.13200000,0.12950000,0.13000000,256006.71226000
2026-04-18 06:00:00,0.13000000,0.13430000,0.12950000,0.13300000,339623.20975000
2026-04-18 10:00:00,0.13300000,0.13370000,0.12720000,0.12830000,403141.56510000
2026-04-18 14:00:00,0.12830000,0.12950000,0.12750000,0.12820000,366519.02366000
2026-04-18 18:00:00,0.12820000,0.12910000,0.12600000,0.12650000,347570.40722000
2026-04-18 22:00:00,0.12650000,0.12930000,0.12580000,0.12900000,275775.55906000
2026-04-19 02:00:00,0.12900000,0.12910000,0.12570000,0.12730000,398841.43463000
2026-04-19 06:00:00,0.12730000,0.12820000,0.12420000,0.12500000,291730.91022000
2026-04-19 10:00:00,0.12500000,0.12660000,0.12440000,0.12630000,195508.98939000
2026-04-19 14:00:00,0.12630000,0.12860000,0.12580000,0.12780000,275167.58576000
2026-04-19 18:00:00,0.12780000,0.12780000,0.12350000,0.12530000,269343.27490000
2026-04-19 22:00:00,0.12530000,0.12560000,0.12120000,0.12150000,354607.95224000
2026-04-20 02:00:00,0.12150000,0.12640000,0.12120000,0.12500000,329407.20963000
2026-04-20 06:00:00,0.12500000,0.12850000,0.12370000,0.12620000,268299.16911000
2026-04-20 10:00:00,0.12620000,0.12840000,0.12550000,0.12730000,412736.74343000
2026-04-20 14:00:00,0.12730000,0.12890000,0.12570000,0.12780000,436818.29716000
2026-04-20 18:00:00,0.12780000,0.12940000,0.12730000,0.12790000,329850.74777000
2026-04-20 22:00:00,0.12790000,0.12900000,0.12670000,0.12700000,374369.23309000
2026-04-21 02:00:00,0.12700000,0.12730000,0.12540000,0.12640000,267724.87671000
2026-04-21 06:00:00,0.12640000,0.12730000,0.12540000,0.12630000,187238.30580000
2026-04-21 10:00:00,0.12630000,0.12730000,0.12550000,0.12610000,206902.84110000
2026-04-21 14:00:00,0.12610000,0.12810000,0.12490000,0.12800000,440413.95438000
2026-04-21 18:00:00,0.12800000,0.12880000,0.12310000,0.12380000,398791.27939000
2026-04-21 22:00:00,0.12380000,0.12560000,0.12270000,0.12530000,338162.00100000
2026-04-22 02:00:00,0.12530000,0.12780000,0.12390000,0.12750000,217584.44932000
2026-04-22 06:00:00,0.12750000,0.13060000,0.12700000,0.12830000,391112.85050000
2026-04-22 10:00:00,0.12830000,0.12900000,0.12680000,0.12740000,153616.63625000
2026-04-22 14:00:00,0.12740000,0.12820000,0.12640000,0.12720000,281716.01833000
2026-04-22 18:00:00,0.12720000,0.13380000,0.12690000,0.13070000,732207.12054000
2026-04-22 22:00:00,0.13070000,0.13230000,0.12830000,0.12850000,312330.86720000
2026-04-23 02:00:00,0.12850000,0.12920000,0.12400000,0.12410000,391235.77613000
2026-04-23 06:00:00,0.12410000,0.12790000,0.12350000,0.12670000,336602.97004000
2026-04-23 10:00:00,0.12670000,0.12670000,0.12350000,0.12460000,300945.53302000
2026-04-23 14:00:00,0.12460000,0.12880000,0.12440000,0.12870000,298901.72675000
2026-04-23 18:00:00,0.12870000,0.12920000,0.12330000,0.12630000,292573.89279000
2026-04-23 22:00:00,0.12630000,0.12890000,0.12610000,0.12840000,185875.89763000
2026-04-24 02:00:00,0.12840000,0.13080000,0.12780000,0.12860000,280611.71263000
2026-04-24 06:00:00,0.12860000,0.12970000,0.12740000,0.12800000,175578.06956000
2026-04-24 10:00:00,0.12800000,0.13080000,0.12730000,0.13030000,231944.25179000
2026-04-24 14:00:00,0.13030000,0.13240000,0.12890000,0.13160000,337686.04575000
2026-04-24 18:00:00,0.13160000,0.13200000,0.12830000,0.12950000,362610.57253000
2026-04-24 22:00:00,0.12950000,0.13020000,0.12790000,0.12860000,173037.40868000
2026-04-25 02:00:00,0.12860000,0.13280000,0.12850000,0.13190000,245684.98143000
2026-04-25 06:00:00,0.13190000,0.13270000,0.13080000,0.13210000,247667.84414000
2026-04-25 10:00:00,0.13210000,0.13290000,0.12970000,0.13000000,262793.79418000
2026-04-25 14:00:00,0.13000000,0.13050000,0.12890000,0.12930000,180694.23959000
2026-04-25 18:00:00,0.12930000,0.12990000,0.12750000,0.12780000,149206.31444000
2026-04-25 22:00:00,0.12780000,0.12930000,0.12720000,0.12920000,94763.46113000
2026-04-26 02:00:00,0.12920000,0.12920000,0.12770000,0.12890000,120780.34851000
2026-04-26 06:00:00,0.12890000,0.13190000,0.12870000,0.13130000,245264.11883000
2026-04-26 10:00:00,0.13130000,0.13250000,0.13080000,0.13210000,180378.39216000
2026-04-26 14:00:00,0.13210000,0.13260000,0.12940000,0.13080000,305161.97561000
2026-04-26 18:00:00,0.13080000,0.13090000,0.12930000,0.13020000,157904.37846000
2026-04-26 22:00:00,0.13020000,0.13050000,0.12840000,0.12940000,308080.92770000
2026-04-27 02:00:00,0.12940000,0.13280000,0.12920000,0.13220000,261142.68874000
2026-04-27 06:00:00,0.13220000,0.13240000,0.12570000,0.12580000,397419.26005000
2026-04-27 10:00:00,0.12580000,0.12720000,0.12550000,0.12690000,165126.96776000
2026-04-27 14:00:00,0.12690000,0.12710000,0.12330000,0.12380000,365533.24167000
2026-04-27 18:00:00,0.12380000,0.12540000,0.12330000,0.12450000,167482.76972000
2026-04-27 22:00:00,0.12450000,0.12690000,0.12450000,0.12650000,149074.58317000
2026-04-28 02:00:00,0.12650000,0.12750000,0.12470000,0.12550000,215776.23657000
2026-04-28 06:00:00,0.12550000,0.12680000,0.12440000,0.12490000,327084.25880000
2026-04-28 10:00:00,0.12490000,0.12620000,0.12370000,0.12410000,201697.78761000
2026-04-28 14:00:00,0.12410000,0.12520000,0.12290000,0.12390000,254459.89802000
2026-04-28 18:00:00,0.12390000,0.12540000,0.12300000,0.12530000,177333.60045000
2026-04-28 22:00:00,0.12530000,0.12570000,0.12400000,0.12430000,77939.85123000
2026-04-29 02:00:00,0.12430000,0.12610000,0.12380000,0.12600000,167836.67271000
2026-04-29 06:00:00,0.12600000,0.12780000,0.12560000,0.12770000,204319.68021000
2026-04-29 10:00:00,0.12770000,0.13280000,0.12730000,0.13050000,592213.11018000
2026-04-29 14:00:00,0.13050000,0.13060000,0.12370000,0.12450000,494872.97719000
2026-04-29 18:00:00,0.12450000,0.12630000,0.12060000,0.12300000,494254.77833000
2026-04-29 22:00:00,0.12300000,0.12580000,0.12310000,0.12530000,142007.68471000
2026-04-30 02:00:00,0.12530000,0.12890000,0.12510000,0.12610000,277682.69458000
2026-04-30 06:00:00,0.12610000,0.12610000,0.12390000,0.12590000,165622.46463000
2026-04-30 10:00:00,0.12590000,0.12860000,0.12570000,0.12750000,193021.45972000
2026-04-30 14:00:00,0.12750000,0.12870000,0.12560000,0.12730000,185447.14890000
2026-04-30 18:00:00,0.12730000,0.12770000,0.12420000,0.12470000,249007.78870000
2026-04-30 22:00:00,0.12470000,0.12500000,0.12340000,0.12360000,146070.83816000
2026-05-01 02:00:00,0.12360000,0.12690000,0.12320000,0.12550000,319334.41957000
2026-05-01 06:00:00,0.12550000,0.12630000,0.12410000,0.12500000,131046.83400000
2026-05-01 10:00:00,0.12500000,0.12560000,0.12400000,0.12500000,123662.10372000
2026-05-01 14:00:00,0.12500000,0.12740000,0.12460000,0.12560000,288983.77197000
2026-05-01 18:00:00,0.12560000,0.12600000,0.12420000,0.12510000,178610.83679000
2026-05-01 22:00:00,0.12510000,0.12540000,0.12260000,0.12360000,211446.36018000
2026-05-02 02:00:00,0.12360000,0.12440000,0.12270000,0.12320000,127212.71089000
2026-05-02 06:00:00,0.12320000,0.12330000,0.12160000,0.12220000,138366.59981000
2026-05-02 10:00:00,0.12220000,0.12290000,0.12160000,0.12180000,118406.14981000
2026-05-02 14:00:00,0.12180000,0.12330000,0.12160000,0.12310000,182814.28983000
2026-05-02 18:00:00,0.12310000,0.12430000,0.12160000,0.12280000,237488.62033000
2026-05-02 22:00:00,0.12280000,0.12450000,0.12240000,0.12260000,134811.21706000
2026-05-03 02:00:00,0.12260000,0.12290000,0.11840000,0.11890000,334458.04059000
2026-05-03 06:00:00,0.11890000,0.11930000,0.11790000,0.11890000,202741.68512000
2026-05-03 10:00:00,0.11890000,0.12010000,0.11670000,0.11790000,637223.56334000
2026-05-03 14:00:00,0.11790000,0.11860000,0.11700000,0.11780000,250117.88007000
2026-05-03 18:00:00,0.11780000,0.11830000,0.11710000,0.11790000,171578.04900000
2026-05-03 22:00:00,0.11790000,0.11930000,0.11710000,0.11720000,302977.93777000
2026-05-04 02:00:00,0.11720000,0.11960000,0.11550000,0.11910000,408273.33079000
2026-05-04 06:00:00,0.11910000,0.12030000,0.11720000,0.11770000,308398.44823000
2026-05-04 10:00:00,0.11770000,0.11830000,0.11370000,0.11430000,543454.79798000
2026-05-04 14:00:00,0.11430000,0.11760000,0.11390000,0.11460000,501340.10534000
2026-05-04 18:00:00,0.11460000,0.11730000,0.11400000,0.11600000,316892.70169000
2026-05-04 22:00:00,0.11600000,0.11780000,0.11510000,0.11620000,198974.34894000
2026-05-05 02:00:00,0.11620000,0.11830000,0.11610000,0.11690000,230150.95405000
2026-05-05 06:00:00,0.11690000,0.11880000,0.11630000,0.11820000,191180.31588000
2026-05-05 10:00:00,0.11820000,0.12030000,0.11780000,0.11960000,289913.80096000
2026-05-05 14:00:00,0.11960000,0.11980000,0.11790000,0.11860000,221551.47966000
2026-05-05 18:00:00,0.11860000,0.11980000,0.11830000,0.11950000,119852.61395000
2026-05-05 22:00:00,0.11950000,0.12150000,0.11870000,0.11980000,294718.79918000
2026-05-06 02:00:00,0.11980000,0.12170000,0.11820000,0.12130000,283117.78366000
2026-05-06 06:00:00,0.12130000,0.12160000,0.11970000,0.12140000,348443.96485000
2026-05-06 10:00:00,0.12140000,0.12550000,0.12120000,0.12510000,668945.44536000
2026-05-06 14:00:00,0.12510000,0.12580000,0.12160000,0.12400000,868864.03601000
2026-05-06 18:00:00,0.12400000,0.12530000,0.12290000,0.12420000,247123.15492000
2026-05-06 22:00:00,0.12420000,0.12920000,0.12420000,0.12790000,777983.39821000
2026-05-07 02:00:00,0.12790000,0.13020000,0.12280000,0.12320000,628500.87896000
2026-05-07 06:00:00,0.12320000,0.12860000,0.12290000,0.12820000,340022.48869000
2026-05-07 10:00:00,0.12820000,0.12870000,0.12630000,0.12760000,260892.18976000
2026-05-07 14:00:00,0.12760000,0.13040000,0.12480000,0.12550000,611232.03353000
2026-05-07 18:00:00,0.12550000,0.12760000,0.12500000,0.12630000,277743.47230000
2026-05-07 22:00:00,0.12630000,0.12740000,0.12460000,0.12660000,266150.47169000
2026-05-08 02:00:00,0.12660000,0.12950000,0.12650000,0.12850000,291357.79017000
2026-05-08 06:00:00,0.12850000,0.13020000,0.12690000,0.12910000,261635.97637000
2026-05-08 10:00:00,0.12910000,0.13590000,0.12890000,0.13490000,1010063.55043000
2026-05-08 14:00:00,0.13490000,0.13790000,0.13080000,0.13780000,936290.44393000
2026-05-08 18:00:00,0.13780000,0.14740000,0.13580000,0.14640000,1568419.94197000
2026-05-08 22:00:00,0.14640000,0.14760000,0.14170000,0.14250000,777437.56016000
2026-05-09 02:00:00,0.14250000,0.14620000,0.14220000,0.14430000,574178.80082000
2026-05-09 06:00:00,0.14430000,0.14810000,0.14300000,0.14670000,648830.37979000
2026-05-09 10:00:00,0.14670000,0.14950000,0.14170000,0.14250000,1020748.83621000
2026-05-09 14:00:00,0.14250000,0.14320000,0.13930000,0.13950000,549627.76057000
2026-05-09 18:00:00,0.13950000,0.14240000,0.13870000,0.14220000,355148.22714000
2026-05-09 22:00:00,0.14220000,0.14300000,0.14160000,0.14240000,180893.67231000
2026-05-10 02:00:00,0.14240000,0.14240000,0.13910000,0.13990000,327814.42104000
2026-05-10 06:00:00,0.13990000,0.14130000,0.13940000,0.14080000,191515.54594000
2026-05-10 10:00:00,0.14080000,0.14420000,0.14060000,0.14270000,675931.40407000
2026-05-10 14:00:00,0.14270000,0.14470000,0.14100000,0.14290000,527683.14700000
2026-05-10 18:00:00,0.14290000,0.14600000,0.14270000,0.14510000,439885.64968000
2026-05-10 22:00:00,0.14510000,0.14590000,0.13880000,0.14390000,579122.65411000
2026-05-11 02:00:00,0.14390000,0.14480000,0.13950000,0.14120000,389618.13754000
2026-05-11 06:00:00,0.14120000,0.14240000,0.14030000,0.14160000,167444.07629000
2026-05-11 10:00:00,0.14160000,0.14410000,0.14050000,0.14220000,225560.51220000
2026-05-11 14:00:00,0.14220000,0.14390000,0.14020000,0.14210000,349588.55144000
2026-05-11 18:00:00,0.14210000,0.14370000,0.14070000,0.14220000,218428.58695000
2026-05-11 22:00:00,0.14220000,0.14300000,0.14030000,0.14090000,236078.45825000
2026-05-12 02:00:00,0.14090000,0.14200000,0.13810000,0.13870000,335832.11517000
2026-05-12 06:00:00,0.13870000,0.14000000,0.13750000,0.13860000,274002.04339000
2026-05-12 10:00:00,0.13860000,0.13910000,0.13640000,0.13740000,256403.02595000
2026-05-12 14:00:00,0.13740000,0.13860000,0.13460000,0.13560000,390603.02749000
2026-05-12 18:00:00,0.13560000,0.13760000,0.13420000,0.13720000,216540.77882000
2026-05-12 22:00:00,0.13720000,0.13760000,0.13610000,0.13630000,95012.37208000
2026-05-13 06:00:00,0.13630000,0.14180000,0.13920000,0.14020000,207108.74353000
2026-05-13 10:00:00,0.14020000,0.14330000,0.13820000,0.13850000,360231.73053000
2026-05-13 14:00:00,0.13850000,0.13900000,0.13080000,0.13120000,739815.94142000
2026-05-13 18:00:00,0.13120000,0.13400000,0.13110000,0.13220000,263894.86132000
2026-05-13 22:00:00,0.13220000,0.13310000,0.13090000,0.13190000,143333.63044000
2026-05-14 02:00:00,0.13190000,0.13270000,0.12850000,0.12880000,234217.81478000
2026-05-14 06:00:00,0.12880000,0.13100000,0.12830000,0.12980000,228710.84634000
2026-05-14 10:00:00,0.12980000,0.13070000,0.12890000,0.12910000,172620.57231000
2026-05-14 14:00:00,0.12910000,0.13440000,0.12890000,0.13430000,452532.55891000
2026-05-14 18:00:00,0.13430000,0.13580000,0.13270000,0.13330000,378307.25435000
2026-05-14 22:00:00,0.13330000,0.13340000,0.13100000,0.13140000,209430.41419000
2026-05-15 02:00:00,0.13140000,0.13260000,0.12930000,0.13030000,265936.76871000
2026-05-15 06:00:00,0.13030000,0.13040000,0.12670000,0.12860000,383858.49154000
2026-05-15 10:00:00,0.12860000,0.12940000,0.12730000,0.12830000,188229.42942000
2026-05-15 14:00:00,0.12830000,0.12840000,0.12240000,0.12390000,635938.43739000
2026-05-15 18:00:00,0.12390000,0.12650000,0.12360000,0.12550000,179347.53990000
2026-05-15 22:00:00,0.12550000,0.12560000,0.12430000,0.12470000,92336.49802000
2026-05-16 02:00:00,0.12470000,0.12500000,0.12410000,0.12460000,91923.21775000
2026-05-16 06:00:00,0.12460000,0.12460000,0.11860000,0.12020000,357586.98511000
2026-05-16 10:00:00,0.12020000,0.12060000,0.11780000,0.11880000,292780.78432000
2026-05-16 14:00:00,0.11880000,0.12090000,0.11860000,0.12040000,238501.12699000
2026-05-16 18:00:00,0.12040000,0.12120000,0.12000000,0.12000000,137103.18214000
2026-05-16 22:00:00,0.12000000,0.12020000,0.11930000,0.11940000,73962.02330000
2026-05-17 02:00:00,0.11940000,0.11970000,0.11830000,0.11930000,136212.76326000
2026-05-17 06:00:00,0.11930000,0.12230000,0.11910000,0.12170000,271060.18463000
2026-05-17 10:00:00,0.12170000,0.12220000,0.12060000,0.12190000,226327.69817000
2026-05-17 14:00:00,0.12190000,0.12240000,0.11870000,0.11940000,349526.59370000
2026-05-17 18:00:00,0.11940000,0.11980000,0.11800000,0.11910000,151945.89950000
2026-05-17 22:00:00,0.11910000,0.11970000,0.11270000,0.11640000,455056.79780000
2026-05-18 02:00:00,0.11640000,0.11750000,0.11490000,0.11650000,557596.03956000
2026-05-18 06:00:00,0.11650000,0.11710000,0.11510000,0.11590000,154821.07227000
2026-05-18 10:00:00,0.11590000,0.11670000,0.11440000,0.11610000,219667.60465000
2026-05-18 14:00:00,0.11610000,0.11750000,0.11400000,0.11520000,500741.61687000
2026-05-18 18:00:00,0.11520000,0.11710000,0.11420000,0.11670000,260588.55354000
2026-05-18 22:00:00,0.11670000,0.11790000,0.11610000,0.11760000,185067.76834000
2026-05-19 02:00:00,0.11760000,0.11870000,0.11620000,0.11680000,200720.12008000
2026-05-19 06:00:00,0.11680000,0.11770000,0.11590000,0.11740000,125136.80194000
2026-05-19 10:00:00,0.11740000,0.11760000,0.11480000,0.11500000,265092.42602000
2026-05-19 14:00:00,0.11500000,0.11650000,0.11420000,0.11490000,220793.74750000
2026-05-19 18:00:00,0.11490000,0.11580000,0.11420000,0.11440000,147749.10839000
2026-05-19 22:00:00,0.11440000,0.11510000,0.11320000,0.11350000,115037.77995000
2026-05-20 02:00:00,0.11350000,0.11370000,0.11220000,0.11240000,204411.00240000
2026-05-20 06:00:00,0.11240000,0.11430000,0.11240000,0.11390000,172922.58745000
2026-05-20 10:00:00,0.11390000,0.11460000,0.11230000,0.11240000,231879.12327000
2026-05-20 14:00:00,0.11240000,0.11420000,0.11140000,0.11300000,464143.39577000
2026-05-20 18:00:00,0.11300000,0.11360000,0.11110000,0.11190000,366613.25799000
2026-05-20 22:00:00,0.11190000,0.11250000,0.10960000,0.10990000,387524.86204000
2026-05-21 02:00:00,0.10990000,0.11290000,0.10970000,0.11270000,320679.63153000
2026-05-21 06:00:00,0.11270000,0.11350000,0.11060000,0.11130000,306513.48461000
2026-05-21 10:00:00,0.11130000,0.11230000,0.10860000,0.10880000,448822.59765000
2026-05-21 14:00:00,0.10880000,0.11270000,0.10830000,0.11220000,657799.14606000
2026-05-21 18:00:00,0.11220000,0.11580000,0.11080000,0.11410000,678103.98883000
2026-05-21 22:00:00,0.11410000,0.11480000,0.11230000,0.11280000,185067.36621000
2026-05-22 02:00:00,0.11280000,0.11440000,0.11140000,0.11420000,228582.37940000
2026-05-22 06:00:00,0.11420000,0.11520000,0.11280000,0.11330000,311026.53052000
2026-05-22 10:00:00,0.11330000,0.11430000,0.11190000,0.11410000,250032.32777000
2026-05-22 14:00:00,0.11410000,0.11570000,0.11140000,0.11230000,476722.70712000
2026-05-22 18:00:00,0.11230000,0.11350000,0.10800000,0.10910000,673310.14023000
2026-05-22 22:00:00,0.10910000,0.11050000,0.10800000,0.10860000,301876.30359000
2026-05-23 02:00:00,0.10860000,0.11010000,0.10820000,0.10990000,146151.34310000
2026-05-23 06:00:00,0.10990000,0.10990000,0.10290000,0.10410000,595467.28126000
2026-05-23 10:00:00,0.10410000,0.10520000,0.10320000,0.10490000,246220.84044000
2026-05-23 14:00:00,0.10490000,0.10800000,0.10440000,0.10760000,267471.86734000
2026-05-23 18:00:00,0.10760000,0.11030000,0.10720000,0.10950000,277466.30707000
2026-05-23 22:00:00,0.10950000,0.11220000,0.10860000,0.10940000,344907.45869000
2026-05-24 02:00:00,0.10940000,0.11000000,0.10860000,0.10890000,150323.09076000
2026-05-24 06:00:00,0.10890000,0.10950000,0.10810000,0.10900000,131781.98857000
2026-05-24 10:00:00,0.10900000,0.10930000,0.10630000,0.10640000,490779.27149000
2026-05-24 14:00:00,0.10640000,0.10670000,0.10470000,0.10570000,366257.17366000
2026-05-24 18:00:00,0.10570000,0.10650000,0.10560000,0.10630000,246972.95944000
2026-05-24 22:00:00,0.10630000,0.10650000,0.10340000,0.10560000,351462.99314000
2026-05-25 02:00:00,0.10560000,0.10610000,0.10450000,0.10500000,184077.28874000
2026-05-25 06:00:00,0.10500000,0.10790000,0.10470000,0.10720000,213969.83373000
2026-05-25 10:00:00,0.10720000,0.10810000,0.10700000,0.10770000,143405.39721000
2026-05-25 14:00:00,0.10770000,0.10950000,0.10720000,0.10930000,268097.50441000
2026-05-25 18:00:00,0.10930000,0.11100000,0.10890000,0.10950000,300998.06166000
2026-05-25 22:00:00,0.10950000,0.11020000,0.10760000,0.10840000,258949.82379000
2026-05-26 02:00:00,0.10840000,0.10860000,0.10650000,0.10760000,251120.75626000
2026-05-26 06:00:00,0.10760000,0.11000000,0.10720000,0.10900000,224726.42856000
2026-05-26 10:00:00,0.10900000,0.11280000,0.10900000,0.11150000,582034.55813000
2026-05-26 14:00:00,0.11150000,0.11300000,0.10880000,0.10990000,631377.15263000
2026-05-26 18:00:00,0.10990000,0.11010000,0.10730000,0.10850000,421231.04750000
2026-05-26 22:00:00,0.10850000,0.10920000,0.10800000,0.10870000,188039.82428000
2026-05-27 02:00:00,0.10870000,0.11040000,0.10830000,0.10830000,219569.13859000
2026-05-27 06:00:00,0.10830000,0.10960000,0.10640000,0.10920000,297340.35219000
2026-05-27 10:00:00,0.10920000,0.11010000,0.10820000,0.10870000,322548.10183000
2026-05-27 14:00:00,0.10870000,0.11070000,0.10720000,0.11010000,601364.07346000
2026-05-27 18:00:00,0.11010000,0.11110000,0.10770000,0.10920000,345901.61024000
2026-05-27 22:00:00,0.10920000,0.10980000,0.10570000,0.10720000,273144.21121000
2026-05-28 02:00:00,0.10720000,0.10750000,0.10310000,0.10350000,434015.33926000
2026-05-28 06:00:00,0.10350000,0.10350000,0.10120000,0.10320000,517384.62198000
2026-05-28 10:00:00,0.10320000,0.10320000,0.10170000,0.10220000,445801.94308000
2026-05-28 14:00:00,0.10220000,0.10290000,0.10050000,0.10190000,378291.27076000
2026-05-28 18:00:00,0.10190000,0.10610000,0.10100000,0.10480000,344717.69387000
2026-05-28 22:00:00,0.10480000,0.10590000,0.10370000,0.10440000,178031.04274000
2026-05-29 02:00:00,0.10440000,0.10500000,0.10350000,0.10360000,194324.17623000
2026-05-29 06:00:00,0.10360000,0.10640000,0.10290000,0.10490000,231781.85873000
2026-05-29 10:00:00,0.10490000,0.10590000,0.10320000,0.10380000,187881.67060000
2026-05-29 14:00:00,0.10380000,0.10650000,0.10040000,0.10520000,712803.52720000
2026-05-29 18:00:00,0.10520000,0.10560000,0.10260000,0.10350000,344673.71483000
2026-05-29 22:00:00,0.10350000,0.10400000,0.10230000,0.10310000,200507.80209000
2026-05-30 02:00:00,0.10310000,0.10690000,0.10290000,0.10550000,263683.23131000
2026-05-30 06:00:00,0.10550000,0.10610000,0.10330000,0.10480000,231127.82762000
2026-05-30 10:00:00,0.10480000,0.10490000,0.10400000,0.10460000,91956.04461000
2026-05-30 14:00:00,0.10460000,0.10580000,0.10420000,0.10490000,160225.81962000
2026-05-30 18:00:00,0.10490000,0.10560000,0.10410000,0.10470000,112551.85743000
2026-05-30 22:00:00,0.10470000,0.10510000,0.10290000,0.10320000,146611.03919000
2026-05-31 02:00:00,0.10320000,0.10490000,0.10310000,0.10460000,132843.49787000
2026-05-31 06:00:00,0.10460000,0.10510000,0.10240000,0.10280000,200018.15552000
2026-05-31 10:00:00,0.10280000,0.10350000,0.10190000,0.10280000,170150.70125000
2026-05-31 14:00:00,0.10280000,0.10350000,0.10020000,0.10110000,398781.00775000
2026-05-31 18:00:00,0.10110000,0.10170000,0.10020000,0.10100000,220328.19235000
2026-05-31 22:00:00,0.10100000,0.10440000,0.10110000,0.10360000,231263.66852000
2026-06-01 02:00:00,0.10360000,0.10420000,0.10130000,0.10360000,291179.61966000
2026-06-01 06:00:00,0.10360000,0.10430000,0.10050000,0.10070000,457503.27547000
2026-06-01 10:00:00,0.10070000,0.10160000,0.10020000,0.10070000,289697.65044000
2026-06-01 14:00:00,0.10070000,0.10100000,0.09830000,0.09990000,801909.87299000
2026-06-01 18:00:00,0.09990000,0.10360000,0.09900000,0.10310000,614751.79697000
2026-06-01 22:00:00,0.10310000,0.10370000,0.10070000,0.10230000,226112.91706000
2026-06-02 02:00:00,0.10230000,0.10270000,0.09890000,0.10140000,364734.41650000
2026-06-02 06:00:00,0.10140000,0.10170000,0.09750000,0.09830000,400302.70920000
2026-06-02 10:00:00,0.09830000,0.09860000,0.09690000,0.09800000,349577.05582000
2026-06-02 14:00:00,0.09800000,0.09890000,0.09240000,0.09420000,831931.14709000
2026-06-02 18:00:00,0.09420000,0.09660000,0.09270000,0.09450000,431890.45190000
2026-06-02 22:00:00,0.09450000,0.09540000,0.09080000,0.09280000,468747.33193000
2026-06-03 02:00:00,0.09280000,0.09350000,0.08920000,0.08970000,463068.30537000
2026-06-03 06:00:00,0.08970000,0.09610000,0.08970000,0.09590000,393004.02188000
2026-06-03 10:00:00,0.09590000,0.09800000,0.09460000,0.09630000,438370.45582000
2026-06-03 14:00:00,0.09630000,0.09700000,0.09460000,0.09480000,365138.67529000
2026-06-03 18:00:00,0.09480000,0.09520000,0.09300000,0.09330000,426187.69321000
2026-06-03 22:00:00,0.09330000,0.09540000,0.09160000,0.09280000,533570.78946000
2026-06-04 02:00:00,0.09280000,0.09400000,0.08520000,0.09230000,712729.46383000
2026-06-04 06:00:00,0.09230000,0.09270000,0.08910000,0.08920000,312024.25379000
2026-06-04 10:00:00,0.08920000,0.08980000,0.08600000,0.08820000,392867.62393000
2026-06-04 14:00:00,0.08820000,0.09190000,0.08750000,0.09160000,401608.73965000
2026-06-04 18:00:00,0.09160000,0.09170000,0.08910000,0.09030000,483872.07586000
2026-06-04 22:00:00,0.09030000,0.09030000,0.08720000,0.08930000,417416.26785000
2026-06-05 02:00:00,0.08930000,0.08980000,0.08530000,0.08590000,451779.30251000
2026-06-05 06:00:00,0.08590000,0.08770000,0.08010000,0.08410000,854146.03905000
2026-06-05 10:00:00,0.08410000,0.08510000,0.08180000,0.08180000,399473.68932000
2026-06-05 14:00:00,0.08180000,0.08420000,0.08000000,0.08110000,961060.96878000
2026-06-05 18:00:00,0.08110000,0.08260000,0.07710000,0.07980000,894358.48679000
2026-06-05 22:00:00,0.07980000,0.08240000,0.07890000,0.08030000,451800.58556000
2026-06-06 02:00:00,0.08030000,0.08120000,0.07850000,0.07890000,196211.73840000
2026-06-06 06:00:00,0.07890000,0.07920000,0.07390000,0.07890000,471492.48194000
2026-06-06 10:00:00,0.07890000,0.08070000,0.07780000,0.07970000,303714.57996000
2026-06-06 14:00:00,0.07970000,0.08090000,0.07870000,0.07940000,363031.75378000
2026-06-06 18:00:00,0.07940000,0.07990000,0.07840000,0.07870000,174725.67501000
2026-06-06 22:00:00,0.07870000,0.07990000,0.07840000,0.07980000,103893.77814000
2026-06-07 02:00:00,0.07980000,0.08240000,0.07970000,0.08210000,179448.06187000
2026-06-07 06:00:00,0.08210000,0.08380000,0.08110000,0.08260000,485945.82575000
2026-06-07 10:00:00,0.08260000,0.08390000,0.08190000,0.08240000,244265.02491000
2026-06-07 14:00:00,0.08240000,0.08260000,0.08070000,0.08180000,419437.59798000
2026-06-07 18:00:00,0.08180000,0.08220000,0.07920000,0.07980000,242641.54232000
2026-06-07 22:00:00,0.07980000,0.08520000,0.07950000,0.08300000,351028.04286000
2026-06-08 02:00:00,0.08300000,0.08390000,0.08170000,0.08250000,165267.28498000
2026-06-08 06:00:00,0.08250000,0.08260000,0.08090000,0.08230000,143106.18087000
2026-06-08 10:00:00,0.08230000,0.08390000,0.08120000,0.08330000,287555.00005000
2026-06-08 14:00:00,0.08330000,0.08450000,0.08240000,0.08350000,255582.26034000
2026-06-08 18:00:00,0.08350000,0.08430000,0.08270000,0.08330000,188267.83190000
2026-06-08 22:00:00,0.08330000,0.08390000,0.08170000,0.08200000,154600.37266000
2026-06-09 02:00:00,0.08200000,0.08220000,0.07970000,0.08040000,244282.17875000
2026-06-09 06:00:00,0.08040000,0.08240000,0.08020000,0.08170000,162569.18098000
2026-06-09 10:00:00,0.08170000,0.08180000,0.08010000,0.08040000,156547.31244000
2026-06-09 14:00:00,0.08040000,0.08150000,0.07880000,0.07910000,405931.91251000
2026-06-09 18:00:00,0.07910000,0.08120000,0.07780000,0.08110000,335356.78828000
2026-06-09 22:00:00,0.08110000,0.08170000,0.08010000,0.08030000,132788.66918000
2026-06-10 02:00:00,0.08030000,0.08140000,0.07950000,0.07980000,140243.55859000
2026-06-10 06:00:00,0.07980000,0.08010000,0.07890000,0.07980000,141385.07562000
2026-06-10 10:00:00,0.07980000,0.07990000,0.07780000,0.07810000,364302.94761000
2026-06-10 14:00:00,0.07810000,0.08170000,0.07770000,0.08090000,531342.52040000
2026-06-10 18:00:00,0.08090000,0.08110000,0.07800000,0.07830000,293600.52144000
2026-06-10 22:00:00,0.07830000,0.07860000,0.07550000,0.07750000,362564.63528000
2026-06-11 02:00:00,0.07750000,0.08140000,0.07740000,0.08050000,793321.59026000
2026-06-11 06:00:00,0.08050000,0.08130000,0.07990000,0.08030000,185616.39163000
2026-06-11 10:00:00,0.08030000,0.08180000,0.08000000,0.08140000,203714.25717000
2026-06-11 14:00:00,0.08140000,0.08140000,0.07990000,0.08070000,293323.28691000
2026-06-11 18:00:00,0.08070000,0.08590000,0.07980000,0.08360000,985687.94616000
2026-06-11 22:00:00,0.08360000,0.08450000,0.08280000,0.08350000,210822.16995000
2026-06-12 02:00:00,0.08350000,0.08390000,0.08240000,0.08350000,119774.21089000
2026-06-12 06:00:00,0.08350000,0.08400000,0.08180000,0.08260000,125332.38230000
2026-06-12 10:00:00,0.08260000,0.08510000,0.08250000,0.08430000,240132.27201000
2026-06-12 14:00:00,0.08430000,0.08550000,0.08200000,0.08330000,518652.80391000
2026-06-12 18:00:00,0.08330000,0.08470000,0.08290000,0.08380000,146411.32476000
2026-06-12 22:00:00,0.08380000,0.08440000,0.08320000,0.08390000,85961.38340000
2026-06-13 02:00:00,0.08390000,0.08490000,0.08370000,0.08410000,112428.68222000
2026-06-13 06:00:00,0.08410000,0.08610000,0.08370000,0.08570000,172854.74082000
2026-06-13 10:00:00,0.08570000,0.08640000,0.08540000,0.08630000,129940.51124000
2026-06-13 14:00:00,0.08630000,0.08680000,0.08580000,0.08630000,161826.15675000
2026-06-13 18:00:00,0.08630000,0.08640000,0.08520000,0.08550000,140288.40184000
2026-06-13 22:00:00,0.08550000,0.08630000,0.08510000,0.08520000,121655.75165000
2026-06-14 02:00:00,0.08520000,0.08520000,0.08390000,0.08420000,164948.35221000
2026-06-14 06:00:00,0.08420000,0.08430000,0.08320000,0.08350000,110973.37238000
2026-06-14 10:00:00,0.08350000,0.08380000,0.08290000,0.08340000,113115.71143000
2026-06-14 14:00:00,0.08340000,0.08350000,0.08170000,0.08230000,159265.65018000
2026-06-14 18:00:00,0.08230000,0.08340000,0.08160000,0.08240000,166571.15532000
2026-06-14 22:00:00,0.08240000,0.08610000,0.08220000,0.08580000,294893.78403000
2026-06-15 02:00:00,0.08580000,0.08630000,0.08480000,0.08610000,151196.84408000
2026-06-15 06:00:00,0.08610000,0.08715000,0.08550000,0.08632000,158579.97251000
2026-06-15 10:00:00,0.08632000,0.08843000,0.08622000,0.08801000,226150.94877900
2026-06-15 14:00:00,0.08801000,0.08971000,0.08762000,0.08955000,280031.72916900
2026-06-15 18:00:00,0.08955000,0.08984000,0.08680000,0.08721000,656211.49123700
2026-06-15 22:00:00,0.08721000,0.08746000,0.08534000,0.08620000,231894.88134000
2026-06-16 02:00:00,0.08620000,0.08664000,0.08470000,0.08618000,212225.62131800
2026-06-16 06:00:00,0.08618000,0.08661000,0.08521000,0.08633000,108215.76781200
2026-06-16 10:00:00,0.08633000,0.08796000,0.08608000,0.08671000,217058.08704100
2026-06-16 14:00:00,0.08671000,0.08757000,0.08354000,0.08463000,269523.81064600
2026-06-16 18:00:00,0.08463000,0.08661000,0.08419000,0.08527000,180324.11189300
2026-06-16 22:00:00,0.08527000,0.08639000,0.08506000,0.08560000,112354.76988600
2026-06-17 02:00:00,0.08560000,0.08983000,0.08557000,0.08873000,262316.62272000
2026-06-17 06:00:00,0.08873000,0.08911000,0.08715000,0.08770000,154308.11028100
2026-06-17 10:00:00,0.08770000,0.08779000,0.08543000,0.08569000,176211.83360600
2026-06-17 14:00:00,0.08569000,0.08829000,0.08513000,0.08827000,223202.16611200
2026-06-17 18:00:00,0.08827000,0.08906000,0.08412000,0.08459000,390674.83421500
2026-06-17 22:00:00,0.08459000,0.08604000,0.08391000,0.08565000,193454.12460200
2026-06-18 02:00:00,0.08565000,0.08776000,0.08548000,0.08562000,168275.34863100
2026-06-18 06:00:00,0.08562000,0.08578000,0.08351000,0.08497000,224150.61699100
2026-06-18 10:00:00,0.08497000,0.08593000,0.08396000,0.08416000,140001.51373400
2026-06-18 14:00:00,0.08416000,0.08569000,0.08119000,0.08149000,414801.31834200
2026-06-18 18:00:00,0.08149000,0.08370000,0.08129000,0.08349000,185593.25989700
2026-06-18 22:00:00,0.08349000,0.08542000,0.08348000,0.08526000,150048.25398500
2026-06-19 02:00:00,0.08526000,0.08662000,0.08412000,0.08473000,160685.26322500
2026-06-19 06:00:00,0.08473000,0.08487000,0.08235000,0.08288000,127856.51653100
2026-06-19 10:00:00,0.08288000,0.08390000,0.08204000,0.08253000,117227.92573000
2026-06-19 14:00:00,0.08253000,0.08535000,0.08224000,0.08446000,254200.08979200
2026-06-19 18:00:00,0.08446000,0.08500000,0.08289000,0.08296000,103591.36119800
2026-06-19 22:00:00,0.08296000,0.08406000,0.08281000,0.08388000,129369.62379400
2026-06-20 02:00:00,0.08388000,0.08462000,0.08258000,0.08302000,89306.77993300
2026-06-20 06:00:00,0.08302000,0.08475000,0.08285000,0.08418000,154642.92984200
2026-06-20 10:00:00,0.08418000,0.08468000,0.08371000,0.08373000,143890.79636800
2026-06-20 14:00:00,0.08373000,0.08444000,0.08177000,0.08393000,368585.06743100
2026-06-20 18:00:00,0.08393000,0.08396000,0.08247000,0.08314000,73963.11388100
2026-06-20 22:00:00,0.08314000,0.08509000,0.08287000,0.08457000,170771.51223600
2026-06-21 02:00:00,0.08457000,0.08462000,0.08361000,0.08378000,87008.17101200
2026-06-21 06:00:00,0.08378000,0.08386000,0.08284000,0.08350000,78574.45542000
2026-06-21 10:00:00,0.08350000,0.08479000,0.08272000,0.08362000,322178.90318900
2026-06-21 14:00:00,0.08362000,0.08463000,0.08319000,0.08431000,147561.90483300
2026-06-21 18:00:00,0.08431000,0.08444000,0.08314000,0.08361000,139792.72706600
2026-06-21 22:00:00,0.08361000,0.08372000,0.08155000,0.08177000,174692.94983500
2026-06-22 02:00:00,0.08177000,0.08520000,0.08174000,0.08308000,182314.88186600
2026-06-22 06:00:00,0.08308000,0.08521000,0.08286000,0.08502000,163012.00456600
2026-06-22 10:00:00,0.08502000,0.08645000,0.08474000,0.08610000,231165.78559200
2026-06-22 14:00:00,0.08610000,0.08694000,0.08441000,0.08460000,285677.20181500
2026-06-22 18:00:00,0.08460000,0.08513000,0.08330000,0.08359000,219185.32531700
2026-06-22 22:00:00,0.08359000,0.08411000,0.08237000,0.08319000,112717.85277000
2026-06-23 02:00:00,0.08319000,0.08338000,0.08231000,0.08271000,119495.45041400
2026-06-23 06:00:00,0.08271000,0.08280000,0.07907000,0.07951000,304564.40874400
2026-06-23 10:00:00,0.07951000,0.07955000,0.07656000,0.07896000,420336.08127300
2026-06-23 14:00:00,0.07896000,0.08047000,0.07799000,0.07853000,199768.57714500
2026-06-23 18:00:00,0.07853000,0.07913000,0.07788000,0.07855000,231316.27568400
2026-06-23 22:00:00,0.07855000,0.07950000,0.07854000,0.07904000,120312.32788100
2026-06-24 02:00:00,0.07904000,0.07939000,0.07768000,0.07799000,107598.42365000
2026-06-24 06:00:00,0.07799000,0.07882000,0.07731000,0.07831000,87755.98107300
2026-06-24 10:00:00,0.07831000,0.07901000,0.07728000,0.07858000,102832.56072700
2026-06-24 14:00:00,0.07858000,0.07868000,0.07519000,0.07541000,483297.38261200
2026-06-24 18:00:00,0.07541000,0.07633000,0.07266000,0.07446000,509533.18588400
2026-06-24 22:00:00,0.07446000,0.07705000,0.07427000,0.07602000,164575.71573400
2026-06-25 02:00:00,0.07602000,0.07686000,0.07537000,0.07556000,98049.94320100
2026-06-25 06:00:00,0.07556000,0.07742000,0.07541000,0.07725000,158531.05501700
2026-06-25 10:00:00,0.07725000,0.07735000,0.07583000,0.07594000,162068.70705900
2026-06-25 14:00:00,0.07594000,0.07685000,0.07043000,0.07321000,509659.23379000
2026-06-25 18:00:00,0.07321000,0.07408000,0.07189000,0.07217000,193442.46013000
2026-06-25 22:00:00,0.07217000,0.07372000,0.07201000,0.07322000,101923.78972900
2026-06-26 02:00:00,0.07322000,0.07350000,0.07048000,0.07283000,230885.37522400
2026-06-26 06:00:00,0.07283000,0.07428000,0.07218000,0.07408000,133126.14276600
2026-06-26 10:00:00,0.07408000,0.07417000,0.07115000,0.07141000,160239.34129800
2026-06-26 14:00:00,0.07141000,0.07381000,0.07059000,0.07343000,325455.88707300
2026-06-26 18:00:00,0.07343000,0.07501000,0.07301000,0.07391000,267323.71541500
2026-06-26 22:00:00,0.07391000,0.07498000,0.07349000,0.07431000,123133.43269300
2026-06-27 02:00:00,0.07431000,0.07547000,0.07397000,0.07531000,109005.47259700
2026-06-27 06:00:00,0.07531000,0.07560000,0.07448000,0.07501000,134034.81173200
2026-06-27 10:00:00,0.07501000,0.07551000,0.07398000,0.07436000,145037.13069100
2026-06-27 14:00:00,0.07436000,0.07574000,0.07432000,0.07568000,177459.30327600
2026-06-27 18:00:00,0.07568000,0.07582000,0.07345000,0.07391000,219259.68790800
2026-06-27 22:00:00,0.07391000,0.07428000,0.07284000,0.07340000,103584.69006400
2026-06-28 02:00:00,0.07340000,0.07393000,0.07329000,0.07389000,59756.74612800
2026-06-28 06:00:00,0.07389000,0.07404000,0.07290000,0.07361000,85306.62228100
2026-06-28 10:00:00,0.07361000,0.07452000,0.07348000,0.07449000,122630.53957900
2026-06-28 14:00:00,0.07449000,0.07456000,0.07363000,0.07394000,95165.05770500
2026-06-28 18:00:00,0.07394000,0.07398000,0.07267000,0.07305000,129702.80036700
2026-06-28 22:00:00,0.07305000,0.07419000,0.07231000,0.07387000,120623.92559400
2026-06-29 02:00:00,0.07387000,0.07610000,0.07298000,0.07558000,255982.31229200
2026-06-29 06:00:00,0.07558000,0.07605000,0.07426000,0.07570000,202986.99223100
2026-06-29 10:00:00,0.07570000,0.07669000,0.07515000,0.07587000,171226.87668100
2026-06-29 14:00:00,0.07587000,0.07722000,0.07447000,0.07602000,325852.45616900
2026-06-29 18:00:00,0.07602000,0.07831000,0.07561000,0.07723000,317366.24976900
2026-06-29 22:00:00,0.07723000,0.07775000,0.07650000,0.07676000,97411.87453000
2026-06-30 02:00:00,0.07676000,0.07676000,0.07562000,0.07594000,104917.69785700
2026-06-30 06:00:00,0.07594000,0.07688000,0.07518000,0.07530000,98988.24950500
2026-06-30 10:00:00,0.07530000,0.07530000,0.07404000,0.07424000,175360.15177900
2026-06-30 14:00:00,0.07424000,0.07551000,0.07348000,0.07436000,240243.85963000
2026-06-30 18:00:00,0.07436000,0.07670000,0.07432000,0.07600000,219907.20349300
2026-06-30 22:00:00,0.07600000,0.07649000,0.07553000,0.07606000,97796.25391600
2026-07-01 02:00:00,0.07606000,0.07795000,0.07487000,0.07743000,210254.63129000
2026-07-01 06:00:00,0.07743000,0.07828000,0.07646000,0.07730000,169446.40875900
2026-07-01 10:00:00,0.07730000,0.07812000,0.07692000,0.07716000,220637.76080400
2026-07-01 14:00:00,0.07716000,0.07869000,0.07598000,0.07801000,264360.90865600
2026-07-01 18:00:00,0.07801000,0.07851000,0.07703000,0.07783000,212294.50514900
2026-07-01 22:00:00,0.07783000,0.07930000,0.07659000,0.07666000,205066.36465800
2026-07-02 02:00:00,0.07666000,0.07848000,0.07629000,0.07847000,127101.62433900
2026-07-02 06:00:00,0.07847000,0.07885000,0.07634000,0.07698000,205828.17950700
2026-07-02 10:00:00,0.07698000,0.07839000,0.07672000,0.07806000,228526.42046600
2026-07-02 14:00:00,0.07806000,0.07958000,0.07699000,0.07719000,279977.92560300
2026-07-02 18:00:00,0.07719000,0.07833000,0.07672000,0.07771000,123983.58753500
2026-07-02 22:00:00,0.07771000,0.07798000,0.07692000,0.07725000,74443.89391400
2026-07-03 02:00:00,0.07725000,0.07822000,0.07655000,0.07804000,141913.75437700
2026-07-03 06:00:00,0.07804000,0.07838000,0.07744000,0.07819000,98759.45995500
2026-07-03 10:00:00,0.07819000,0.07964000,0.07809000,0.07954000,166259.56334600
2026-07-03 14:00:00,0.07954000,0.08062000,0.07897000,0.07945000,242721.01564400
2026-07-03 18:00:00,0.07945000,0.08056000,0.07907000,0.08004000,141550.41525500
2026-07-03 22:00:00,0.08004000,0.08151000,0.07991000,0.08099000,314506.94865700
2026-07-04 02:00:00,0.08099000,0.08136000,0.07998000,0.08101000,117736.40220200
2026-07-04 06:00:00,0.08101000,0.08111000,0.07933000,0.07957000,264998.16697800
2026-07-04 10:00:00,0.07957000,0.07990000,0.07901000,0.07949000,183827.82135900
2026-07-04 14:00:00,0.07949000,0.08112000,0.07936000,0.08096000,301220.67310300
2026-07-04 18:00:00,0.08096000,0.08210000,0.08044000,0.08116000,209194.59428300
2026-07-04 22:00:00,0.08116000,0.08152000,0.08005000,0.08032000,115305.94337500
2026-07-05 02:00:00,0.08032000,0.08035000,0.07823000,0.07835000,133798.60628300
2026-07-05 06:00:00,0.07835000,0.07902000,0.07797000,0.07894000,106550.49740600
2026-07-05 10:00:00,0.07894000,0.07902000,0.07742000,0.07853000,188501.32449900
2026-07-05 14:00:00,0.07853000,0.07911000,0.07819000,0.07863000,81293.93714800
2026-07-05 18:00:00,0.07863000,0.08016000,0.07833000,0.07941000,124206.98393200
2026-07-05 22:00:00,0.07941000,0.08136000,0.07911000,0.08049000,287339.13767000
2026-07-06 02:00:00,0.08049000,0.08083000,0.07944000,0.08008000,275183.21408200
2026-07-06 06:00:00,0.08008000,0.08018000,0.07862000,0.07891000,157448.10122900
2026-07-06 10:00:00,0.07891000,0.07914000,0.07770000,0.07771000,109527.20903800
2026-07-06 14:00:00,0.07771000,0.07989000,0.07599000,0.07972000,321924.47961200
2026-07-06 18:00:00,0.07972000,0.08043000,0.07945000,0.07978000,152760.86143700
2026-07-06 22:00:00,0.07978000,0.08186000,0.07959000,0.08026000,140625.25037000
2026-07-07 02:00:00,0.08026000,0.08065000,0.07805000,0.07821000,97765.65454000
2026-07-07 06:00:00,0.07821000,0.07907000,0.07758000,0.07843000,167560.45126300
2026-07-07 10:00:00,0.07843000,0.07924000,0.07831000,0.07908000,92630.48269500
2026-07-07 14:00:00,0.07908000,0.07966000,0.07722000,0.07943000,246339.35384100
2026-07-07 18:00:00,0.07943000,0.07985000,0.07724000,0.07804000,169487.63656600
2026-07-07 22:00:00,0.07804000,0.07828000,0.07640000,0.07698000,129744.68434800
2026-07-08 02:00:00,0.07698000,0.07827000,0.07506000,0.07619000,198212.48265300
2026-07-08 06:00:00,0.07619000,0.07849000,0.07594000,0.07765000,194066.31220100
2026-07-08 10:00:00,0.07765000,0.07800000,0.07543000,0.07627000,263794.25885600
2026-07-08 14:00:00,0.07627000,0.07765000,0.07526000,0.07557000,205655.67711500
2026-07-08 18:00:00,0.07557000,0.07712000,0.07548000,0.07650000,108575.66609500
2026-07-08 22:00:00,0.07650000,0.07705000,0.07566000,0.07688000,94655.23408300
2026-07-09 02:00:00,0.07688000,0.08065000,0.07658000,0.08059000,266572.52538200
2026-07-09 06:00:00,0.08059000,0.08676000,0.08052000,0.08479000,1770521.66619800
2026-07-09 10:00:00,0.08479000,0.08718000,0.08433000,0.08648000,1164362.16174500
2026-07-09 14:00:00,0.08648000,0.08765000,0.08426000,0.08586000,1483371.51029400
2026-07-09 18:00:00,0.08586000,0.09096000,0.08551000,0.08999000,1527415.71041200
2026-07-09 22:00:00,0.08999000,0.09131000,0.08694000,0.08749000,1074533.61829000
2026-07-10 02:00:00,0.08749000,0.09320000,0.08663000,0.09159000,1278193.98403800
2026-07-10 06:00:00,0.09159000,0.09403000,0.09073000,0.09335000,1070945.04026700
2026-07-10 10:00:00,0.09335000,0.09582000,0.09286000,0.09426000,1258608.49537200
2026-07-10 14:00:00,0.09426000,0.09455000,0.09003000,0.09096000,1328225.84570000
2026-07-10 18:00:00,0.09096000,0.09180000,0.09000000,0.09100000,646573.71041100
2026-07-10 22:00:00,0.09100000,0.09381000,0.09080000,0.09287000,460576.01067100
