timestamp,open,high,low,close,volume
2024-06-13 22:00:00,31.47600000,31.55300000,30.90500000,30.99500000,3993414.41700000
2024-06-14 02:00:00,30.99500000,31.40000000,30.88200000,31.14200000,4556772.05400000
2024-06-14 06:00:00,31.14200000,31.84300000,31.13900000,31.59000000,4373873.48800000
2024-06-14 10:00:00,31.59000000,32.12000000,31.55000000,31.85500000,5052511.08800000
2024-06-14 14:00:00,31.85500000,31.95400000,30.58700000,30.69700000,9242816.89400000
2024-06-14 18:00:00,30.69700000,30.72600000,29.28200000,29.37000000,13125360.32100000
2024-06-14 22:00:00,29.37000000,30.49500000,29.34500000,30.27400000,5888134.54900000
2024-06-15 02:00:00,30.27400000,30.48900000,30.07500000,30.37400000,3026971.22800000
2024-06-15 06:00:00,30.37400000,30.63300000,30.23000000,30.36400000,2730165.87900000
2024-06-15 10:00:00,30.36400000,30.44300000,29.97900000,30.27700000,3017532.15700000
2024-06-15 14:00:00,30.27700000,30.48600000,30.03700000,30.30900000,3315209.50300000
2024-06-15 18:00:00,30.30900000,30.38900000,29.95700000,30.11200000,2969008.01200000
2024-06-15 22:00:00,30.11200000,30.14800000,29.90400000,29.99300000,2288135.63600000
2024-06-16 02:00:00,29.99300000,30.27400000,29.83400000,29.96800000,4040245.59700000
2024-06-16 06:00:00,29.96800000,30.46600000,29.80700000,30.34000000,3270200.23500000
2024-06-16 10:00:00,30.34000000,30.36500000,29.90400000,29.98600000,4141528.53300000
2024-06-16 14:00:00,29.98600000,30.20600000,29.90400000,30.18400000,3426131.45900000
2024-06-16 18:00:00,30.18400000,30.20200000,29.66000000,29.84100000,3956391.35900000
2024-06-16 22:00:00,29.84100000,30.16000000,29.74500000,30.06000000,3817031.29400000
2024-06-17 02:00:00,30.06000000,30.33400000,29.32800000,29.39300000,5945386.85900000
2024-06-17 06:00:00,29.39300000,29.70600000,28.93500000,29.12100000,5754904.47200000
2024-06-17 10:00:00,29.12100000,29.23900000,28.35000000,28.64000000,8841834.11800000
2024-06-17 14:00:00,28.64000000,28.80700000,27.98600000,28.05700000,7806609.16500000
2024-06-17 18:00:00,28.05700000,29.42800000,27.29600000,29.00400000,11402768.87700000
2024-06-17 22:00:00,29.00400000,29.03800000,28.36400000,28.45000000,4732809.44100000
2024-06-18 02:00:00,28.45000000,28.53700000,24.80500000,26.49200000,21772299.80400000
2024-06-18 06:00:00,26.49200000,26.76700000,26.37700000,26.61400000,4551474.88000000
2024-06-18 10:00:00,26.61400000,26.67500000,25.65400000,25.98900000,7505251.18500000
2024-06-18 14:00:00,25.98900000,26.55700000,25.55600000,26.26500000,10396144.76100000
2024-06-18 18:00:00,26.26500000,26.27400000,25.56800000,26.19000000,7419499.81800000
2024-06-18 22:00:00,26.19000000,26.63900000,26.05900000,26.58400000,4927581.37800000
2024-06-19 02:00:00,26.58400000,27.14900000,26.37700000,26.99200000,6415219.68500000
2024-06-19 06:00:00,26.99200000,27.39200000,26.93500000,27.32500000,3929987.55200000
2024-06-19 10:00:00,27.32500000,27.50100000,26.98000000,27.14500000,4553426.05300000
2024-06-19 14:00:00,27.14500000,27.46500000,26.94700000,27.13300000,4246127.00000000
2024-06-19 18:00:00,27.13300000,27.64500000,26.98000000,27.10200000,4586651.22100000
2024-06-19 22:00:00,27.10200000,27.23900000,26.77000000,26.92800000,3240059.77100000
2024-06-20 02:00:00,26.92800000,27.46800000,26.67200000,26.88600000,4888335.04000000
2024-06-20 06:00:00,26.88600000,28.22000000,26.71200000,28.13900000,6726554.44700000
2024-06-20 10:00:00,28.13900000,28.87000000,27.91300000,28.37000000,7984945.57900000
2024-06-20 14:00:00,28.37000000,28.38600000,26.88300000,27.29100000,9144829.69300000
2024-06-20 18:00:00,27.29100000,27.83500000,26.97000000,27.79300000,5103478.82700000
2024-06-20 22:00:00,27.79300000,27.87300000,27.49200000,27.57100000,3231580.52000000
2024-06-21 02:00:00,27.57100000,27.84500000,27.23600000,27.75100000,4739653.47400000
2024-06-21 06:00:00,27.75100000,28.01500000,27.48500000,27.61700000,3819996.66000000
2024-06-21 10:00:00,27.61700000,27.98400000,27.23600000,27.79400000,6188466.72600000
2024-06-21 14:00:00,27.79400000,27.89200000,26.98300000,27.40700000,8017211.58300000
2024-06-21 18:00:00,27.40700000,27.73700000,26.92500000,27.57800000,5262907.25300000
2024-06-21 22:00:00,27.57800000,27.81200000,27.32700000,27.47000000,2640078.54400000
2024-06-22 02:00:00,27.47000000,27.49800000,26.02000000,26.36400000,6349049.01200000
2024-06-22 06:00:00,26.36400000,26.48900000,24.59600000,25.31800000,20919202.36400000
2024-06-22 10:00:00,25.31800000,25.51800000,24.80000000,25.48300000,8995716.15300000
2024-06-22 14:00:00,25.48300000,26.29000000,25.42600000,26.10400000,11279554.05000000
2024-06-22 18:00:00,26.10400000,26.10700000,25.66600000,25.79700000,5813406.90900000
2024-06-22 22:00:00,25.79700000,25.81600000,25.53000000,25.60500000,3897665.81000000
2024-06-23 02:00:00,25.60500000,25.99800000,25.53800000,25.97700000,4691362.76500000
2024-06-23 06:00:00,25.97700000,25.98200000,25.67300000,25.78800000,2691034.70100000
2024-06-23 10:00:00,25.78800000,25.86400000,25.23300000,25.38300000,5684072.71300000
2024-06-23 14:00:00,25.38300000,25.38300000,24.11200000,24.38600000,13048626.64500000
2024-06-23 18:00:00,24.38600000,25.29800000,24.13600000,25.19900000,14287528.42500000
2024-06-23 22:00:00,25.19900000,25.53500000,24.54800000,25.06900000,11874385.97200000
2024-06-24 02:00:00,25.06900000,25.24000000,24.54100000,24.85200000,6670032.17900000
2024-06-24 06:00:00,24.85200000,24.90500000,24.09900000,24.25800000,8065593.46800000
2024-06-24 10:00:00,24.25800000,24.88600000,23.54300000,24.47900000,13093768.72700000
2024-06-24 14:00:00,24.47900000,25.04700000,23.75500000,23.91300000,9414696.30700000
2024-06-24 18:00:00,23.91300000,24.47900000,23.69800000,23.85200000,9718221.28400000
2024-06-24 22:00:00,23.85200000,24.95700000,23.50000000,24.78800000,9691351.35400000
2024-06-25 02:00:00,24.78800000,25.39600000,24.59900000,25.15700000,5953741.27900000
2024-06-25 06:00:00,25.15700000,25.34900000,25.00500000,25.09900000,4151940.33900000
2024-06-25 10:00:00,25.09900000,25.36700000,24.84900000,25.20000000,5766372.30600000
2024-06-25 14:00:00,25.20000000,25.77000000,25.07200000,25.62000000,6643629.23000000
2024-06-25 18:00:00,25.62000000,25.65100000,25.23300000,25.52000000,4422614.73500000
2024-06-25 22:00:00,25.52000000,25.57700000,25.31200000,25.39000000,2441927.03700000
2024-06-26 02:00:00,25.39000000,25.81800000,25.27000000,25.42800000,4103250.17500000
2024-06-26 06:00:00,25.42800000,26.01800000,25.28800000,26.01800000,6249924.45400000
2024-06-26 10:00:00,26.01800000,26.21200000,25.59300000,26.04400000,10321086.72400000
2024-06-26 14:00:00,26.04400000,26.20900000,25.75700000,25.94900000,11543708.23700000
2024-06-26 18:00:00,25.94900000,26.56400000,25.56200000,26.51100000,8730266.02300000
2024-06-26 22:00:00,26.51100000,26.63300000,25.78500000,25.80900000,5281348.03000000
2024-06-27 02:00:00,25.80900000,25.85400000,25.34100000,25.63000000,5560348.83100000
2024-06-27 06:00:00,25.63000000,26.12600000,25.48200000,26.04700000,6307713.18500000
2024-06-27 10:00:00,26.04700000,26.82400000,25.90700000,26.57500000,9129341.59900000
2024-06-27 14:00:00,26.57500000,27.91600000,26.54800000,27.81500000,15703088.92000000
2024-06-27 18:00:00,27.81500000,28.35900000,27.74500000,28.07200000,9551007.18600000
2024-06-27 22:00:00,28.07200000,28.14900000,27.83700000,27.90400000,3946966.36200000
2024-06-28 02:00:00,27.90400000,28.13600000,27.65700000,27.96500000,5378799.52400000
2024-06-28 06:00:00,27.96500000,28.25200000,27.85200000,28.12100000,4894795.38100000
2024-06-28 10:00:00,28.12100000,28.65500000,27.88600000,28.58100000,9770782.63300000
2024-06-28 14:00:00,28.58100000,29.05400000,28.10900000,28.33400000,16252361.57200000
2024-06-28 18:00:00,28.33400000,28.61900000,27.87300000,28.09500000,8842245.88400000
2024-06-28 22:00:00,28.09500000,28.31600000,27.81300000,27.95600000,4403565.38400000
2024-06-29 02:00:00,27.95600000,28.47700000,27.95600000,28.38000000,5522558.12500000
2024-06-29 06:00:00,28.38000000,28.64800000,28.26100000,28.40200000,5537945.94100000
2024-06-29 10:00:00,28.40200000,28.41000000,28.00000000,28.09600000,3912987.93000000
2024-06-29 14:00:00,28.09600000,28.11700000,27.57500000,27.76500000,5801541.91300000
2024-06-29 18:00:00,27.76500000,27.94600000,27.71300000,27.90100000,3131223.47800000
2024-06-29 22:00:00,27.90100000,27.96500000,27.68400000,27.75700000,2939188.13200000
2024-06-30 02:00:00,27.75700000,27.91300000,27.41000000,27.70000000,4591070.56000000
2024-06-30 06:00:00,27.70000000,28.77600000,27.62100000,28.27400000,7130111.80700000
2024-06-30 10:00:00,28.27400000,28.53800000,28.09500000,28.39800000,5486466.81900000
2024-06-30 14:00:00,28.39800000,28.44000000,27.88200000,28.04100000,5858384.19200000
2024-06-30 18:00:00,28.04100000,28.52700000,27.90400000,28.50100000,4524872.62000000
2024-06-30 22:00:00,28.50100000,29.55000000,28.31200000,29.35400000,9720446.42500000
2024-07-01 02:00:00,29.35400000,29.96000000,29.19500000,29.95000000,7776505.70000000
2024-07-01 06:00:00,29.95000000,29.96900000,29.56600000,29.73000000,4686345.93600000
2024-07-01 10:00:00,29.73000000,30.10400000,29.63000000,29.68100000,9107836.59800000
2024-07-01 14:00:00,29.68100000,30.02100000,29.37100000,29.82100000,9346460.80200000
2024-07-01 18:00:00,29.82100000,29.94300000,29.40400000,29.51100000,6341603.31400000
2024-07-01 22:00:00,29.51100000,29.56600000,28.80900000,28.81900000,6259737.05100000
2024-07-02 02:00:00,28.81900000,28.90500000,28.47700000,28.61100000,6186058.88700000
2024-07-02 06:00:00,28.61100000,28.70000000,28.09000000,28.18200000,6420330.34200000
2024-07-02 10:00:00,28.18200000,28.43800000,28.11700000,28.24900000,4690599.64400000
2024-07-02 14:00:00,28.24900000,28.53900000,28.12700000,28.31200000,7427179.93100000
2024-07-02 18:00:00,28.31200000,28.82800000,28.10200000,28.71600000,6130131.32100000
2024-07-02 22:00:00,28.71600000,28.79700000,28.30600000,28.69400000,4950842.02300000
2024-07-03 02:00:00,28.69400000,28.96000000,27.85400000,28.13600000,9697621.18700000
2024-07-03 06:00:00,28.13600000,28.21000000,27.82900000,27.84100000,5416242.56000000
2024-07-03 10:00:00,27.84100000,27.90100000,27.05300000,27.31800000,9298994.45500000
2024-07-03 14:00:00,27.31800000,27.32200000,26.60700000,26.91000000,8842534.59000000
2024-07-03 18:00:00,26.91000000,27.05100000,26.45900000,26.50500000,7648701.47200000
2024-07-03 22:00:00,26.50500000,26.83200000,26.42900000,26.49500000,5011778.42800000
2024-07-04 02:00:00,26.49500000,26.67900000,25.46200000,26.20000000,10550866.12900000
2024-07-04 06:00:00,26.20000000,26.20200000,25.50800000,25.57500000,4435310.88200000
2024-07-04 10:00:00,25.57500000,26.07500000,25.36700000,25.86700000,7659542.13800000
2024-07-04 14:00:00,25.86700000,25.89200000,24.84000000,25.60100000,10201324.29900000
2024-07-04 18:00:00,25.60100000,25.67400000,25.31900000,25.44100000,4485655.08600000
2024-07-04 22:00:00,25.44100000,25.57200000,24.28200000,24.43500000,6977076.40300000
2024-07-05 02:00:00,24.43500000,24.44600000,21.82400000,22.26700000,27055041.40700000
2024-07-05 06:00:00,22.26700000,23.32800000,21.86700000,23.19700000,13963502.15900000
2024-07-05 10:00:00,23.19700000,24.38000000,22.62700000,24.33700000,10925742.87900000
2024-07-05 14:00:00,24.33700000,25.13600000,24.13800000,24.96000000,12210195.68800000
2024-07-05 18:00:00,24.96000000,25.15700000,24.62100000,25.02300000,6386061.48100000
2024-07-05 22:00:00,25.02300000,25.42200000,24.94100000,25.12000000,6223215.83000000
2024-07-06 02:00:00,25.12000000,25.73300000,24.86100000,25.06500000,6744180.57108600
2024-07-06 06:00:00,25.06500000,25.92900000,25.05000000,25.52900000,5815438.15100000
2024-07-06 10:00:00,25.52900000,25.92200000,25.29600000,25.72700000,4438297.02000000
2024-07-06 14:00:00,25.72700000,26.29700000,25.56200000,25.98000000,5680322.39700000
2024-07-06 18:00:00,25.98000000,27.11800000,25.85500000,27.03500000,6283920.49700000
2024-07-06 22:00:00,27.03500000,27.59900000,27.03200000,27.38800000,4375229.82900000
2024-07-07 02:00:00,27.38800000,27.47900000,26.55400000,26.74600000,5385212.61000000
2024-07-07 06:00:00,26.74600000,26.87700000,26.23700000,26.39600000,6800664.83900000
2024-07-07 10:00:00,26.39600000,26.72100000,26.27100000,26.33100000,4848178.58600000
2024-07-07 14:00:00,26.33100000,26.44200000,25.46500000,25.85400000,9083410.62600000
2024-07-07 18:00:00,25.85400000,26.41900000,25.78200000,26.09900000,5427379.22100000
2024-07-07 22:00:00,26.09900000,26.18800000,25.44900000,25.73600000,7337871.34600000
2024-07-08 02:00:00,25.73600000,25.88000000,24.53200000,25.17200000,13448436.94800000
2024-07-08 06:00:00,25.17200000,25.96800000,25.09000000,25.61100000,7819172.24300000
2024-07-08 10:00:00,25.61100000,27.20000000,25.55300000,26.94300000,14503900.63600000
2024-07-08 14:00:00,26.94300000,27.02700000,25.49000000,25.87600000,18050640.97400000
2024-07-08 18:00:00,25.87600000,26.07800000,25.36100000,25.38600000,8537583.52900000
2024-07-08 22:00:00,25.38600000,25.54000000,25.18100000,25.18900000,6769828.12500000
2024-07-09 02:00:00,25.18900000,25.45800000,24.68100000,25.20900000,9661021.58800000
2024-07-09 06:00:00,25.20900000,26.05600000,25.17200000,25.64400000,10441783.46900000
2024-07-09 10:00:00,25.64400000,26.01500000,25.41900000,25.64300000,8050136.41273000
2024-07-09 14:00:00,25.64300000,25.95100000,25.14600000,25.51000000,10154766.53100000
2024-07-09 18:00:00,25.51000000,26.12100000,25.42800000,26.09300000,8529309.88800000
2024-07-09 22:00:00,26.09300000,26.49000000,26.05500000,26.42200000,7084582.21700000
2024-07-10 02:00:00,26.42200000,26.86100000,26.02600000,26.85600000,6366794.12900000
2024-07-10 06:00:00,26.85600000,27.40100000,26.77500000,26.84900000,8622740.86700000
2024-07-10 10:00:00,26.84900000,26.96100000,26.57000000,26.87600000,6440816.10400000
2024-07-10 14:00:00,26.87600000,26.92400000,26.06500000,26.28800000,10345511.44700000
2024-07-10 18:00:00,26.28800000,26.63000000,26.04500000,26.11300000,5033340.56600000
2024-07-10 22:00:00,26.11300000,26.16300000,25.60800000,25.73900000,6859779.06600000
2024-07-11 02:00:00,25.73900000,25.86400000,25.13500000,25.31800000,8657814.46400000
2024-07-11 06:00:00,25.31800000,25.84500000,25.26900000,25.82900000,4888508.09500000
2024-07-11 10:00:00,25.82900000,25.93200000,25.55400000,25.83600000,6071662.77600000
2024-07-11 14:00:00,25.83600000,26.34600000,24.99600000,25.12300000,16041402.43900000
2024-07-11 18:00:00,25.12300000,25.68400000,25.01100000,25.26100000,8006421.14300000
2024-07-11 22:00:00,25.26100000,25.36300000,25.07500000,25.18400000,5672613.51000000
2024-07-12 02:00:00,25.18400000,25.60900000,24.80300000,25.40500000,6906410.13100000
2024-07-12 06:00:00,25.40500000,25.46600000,25.06300000,25.21300000,4970489.40900000
2024-07-12 10:00:00,25.21300000,25.27300000,24.83600000,25.02800000,4465126.52100000
2024-07-12 14:00:00,25.02800000,25.68300000,25.00000000,25.59900000,7644528.05400000
2024-07-12 18:00:00,25.59900000,25.92700000,25.37300000,25.39200000,7851934.27700000
2024-07-12 22:00:00,25.39200000,26.07800000,25.09000000,25.95100000,8026100.18400000
2024-07-13 02:00:00,25.95100000,25.98800000,25.72600000,25.88100000,3881806.60200000
2024-07-13 06:00:00,25.88100000,25.91600000,25.57900000,25.79100000,4400132.67000000
2024-07-13 10:00:00,25.79100000,26.32500000,25.66000000,25.76900000,9931523.39300000
2024-07-13 14:00:00,25.76900000,26.29100000,25.66500000,26.17300000,7553746.09400000
2024-07-13 18:00:00,26.17300000,26.27700000,25.68900000,25.81500000,6497744.00900000
2024-07-13 22:00:00,25.81500000,26.17900000,25.51200000,25.83800000,8160838.27100000
2024-07-14 02:00:00,25.83800000,26.18700000,25.63500000,25.90200000,6958916.62700000
2024-07-14 06:00:00,25.90200000,26.23500000,25.87300000,26.02400000,7802219.95500000
2024-07-14 10:00:00,26.02400000,26.39300000,25.84500000,25.88200000,7130421.80900000
2024-07-14 14:00:00,25.88200000,26.02900000,25.57900000,25.90000000,8283293.94400000
2024-07-14 18:00:00,25.90000000,25.94000000,25.66300000,25.69300000,3722484.02100000
2024-07-14 22:00:00,25.69300000,26.65500000,25.66600000,26.33700000,10255672.03700000
2024-07-15 02:00:00,26.33700000,27.09100000,26.24800000,26.97700000,10387618.52400000
2024-07-15 06:00:00,26.97700000,27.19600000,26.67000000,27.11600000,7879135.55500000
2024-07-15 10:00:00,27.11600000,27.30000000,26.58200000,26.75600000,9658540.51000000
2024-07-15 14:00:00,26.75600000,27.24200000,26.72900000,26.91500000,9646647.44500000
2024-07-15 18:00:00,26.91500000,27.35300000,26.81600000,27.06000000,11085444.30100000
2024-07-15 22:00:00,27.06000000,27.87000000,27.03300000,27.82100000,11013505.83900000
2024-07-16 02:00:00,27.82100000,28.07800000,27.56700000,28.03300000,9636847.39000000
2024-07-16 06:00:00,28.03300000,28.09000000,26.63600000,26.84600000,15531427.62500000
2024-07-16 10:00:00,26.84600000,27.29300000,26.43800000,27.23300000,10625773.62600000
2024-07-16 14:00:00,27.23300000,28.49600000,27.01600000,28.44300000,13854193.27000000
2024-07-16 18:00:00,28.44300000,29.22400000,28.05900000,28.21100000,21370655.29800000
2024-07-16 22:00:00,28.21100000,28.34800000,27.84000000,27.99400000,9712386.06400000
2024-07-17 02:00:00,27.99400000,28.85600000,27.93800000,28.78300000,12112007.64700000
2024-07-17 06:00:00,28.78300000,29.00300000,28.55600000,28.65900000,6917288.81800000
2024-07-17 10:00:00,28.65900000,28.93900000,28.05900000,28.11100000,11946595.59100000
2024-07-17 14:00:00,28.11100000,28.60700000,27.97000000,28.00400000,10260608.24700000
2024-07-17 18:00:00,28.00400000,28.01900000,27.43100000,27.87100000,11547131.63500000
2024-07-17 22:00:00,27.87100000,27.94300000,27.20000000,27.22500000,7495524.00800000
2024-07-18 02:00:00,27.22500000,27.76200000,27.22500000,27.73700000,6880947.87100000
2024-07-18 06:00:00,27.73700000,27.92000000,27.42600000,27.56400000,5726944.66900000
2024-07-18 10:00:00,27.56400000,27.75200000,27.31200000,27.52800000,6550904.04700000
2024-07-18 14:00:00,27.52800000,27.75500000,26.81100000,26.87000000,12017444.54300000
2024-07-18 18:00:00,26.87000000,27.19800000,26.57000000,26.85300000,8565368.07000000
2024-07-18 22:00:00,26.85300000,27.30200000,26.78300000,27.11900000,4203288.97800000
2024-07-19 02:00:00,27.11900000,27.33500000,26.68200000,27.27500000,6216320.76800000
2024-07-19 06:00:00,27.27500000,27.49700000,26.73900000,26.88400000,7080194.73200000
2024-07-19 10:00:00,26.88400000,27.05400000,26.63500000,26.83700000,6134115.65200000
2024-07-19 14:00:00,26.83700000,27.67200000,26.73600000,27.61400000,9987418.64100000
2024-07-19 18:00:00,27.61400000,28.37100000,27.60900000,28.32000000,14157332.39600000
2024-07-19 22:00:00,28.32000000,28.40200000,28.04800000,28.14800000,7869114.85400000
2024-07-20 02:00:00,28.14800000,28.29800000,27.92200000,28.24400000,4811572.46100000
2024-07-20 06:00:00,28.24400000,28.47300000,28.14500000,28.15300000,4560587.23600000
2024-07-20 10:00:00,28.15300000,28.23000000,27.97600000,27.97900000,4210872.19900000
2024-07-20 14:00:00,27.97900000,28.38600000,27.77600000,28.38500000,6567553.86200000
2024-07-20 18:00:00,28.38500000,28.98300000,28.13800000,28.64000000,14255140.47400000
2024-07-20 22:00:00,28.64000000,29.17000000,28.62200000,29.08800000,6760070.69000000
2024-07-21 02:00:00,29.08800000,29.41400000,28.89100000,29.18200000,6717217.67200000
2024-07-21 06:00:00,29.18200000,29.19200000,28.54100000,28.74500000,6859010.73300000
2024-07-21 10:00:00,28.74500000,29.52900000,28.73800000,29.28900000,8977243.87500000
2024-07-21 14:00:00,29.28900000,31.00700000,29.03000000,30.97300000,25666855.87200000
2024-07-21 18:00:00,30.97300000,31.84100000,29.77700000,31.73100000,48617250.62300000
2024-07-21 22:00:00,31.73100000,32.97400000,31.66000000,32.62800000,25003038.47700000
2024-07-22 02:00:00,32.62800000,32.94800000,32.13800000,32.22700000,15826892.92800000
2024-07-22 06:00:00,32.22700000,32.82200000,31.80800000,31.91400000,20300998.02800000
2024-07-22 10:00:00,31.91400000,32.58600000,31.65000000,32.21200000,15731402.62000000
2024-07-22 14:00:00,32.21200000,32.49300000,31.30800000,31.91200000,21125664.96800000
2024-07-22 18:00:00,31.91200000,32.31100000,31.76900000,32.30800000,10557906.21700000
2024-07-22 22:00:00,32.30800000,32.42600000,31.57300000,31.85900000,11849844.15900000
2024-07-23 02:00:00,31.85900000,32.62800000,31.80400000,32.08200000,11897071.31600000
2024-07-23 06:00:00,32.08200000,32.16600000,30.35800000,30.39700000,21404315.06000000
2024-07-23 10:00:00,30.39700000,30.80600000,30.14300000,30.57400000,16077709.63100000
2024-07-23 14:00:00,30.57400000,30.76200000,29.87900000,30.28100000,16130590.21100000
2024-07-23 18:00:00,30.28100000,30.35300000,29.42100000,29.88200000,12604581.89700000
2024-07-23 22:00:00,29.88200000,30.24000000,29.66200000,29.79800000,7018788.88800000
2024-07-24 02:00:00,29.79800000,29.92000000,28.59800000,28.95700000,14702146.82700000
2024-07-24 06:00:00,28.95700000,29.29700000,28.37000000,29.25000000,13332940.88400000
2024-07-24 10:00:00,29.25000000,30.52900000,29.23700000,30.15700000,21922546.06400000
2024-07-24 14:00:00,30.15700000,30.26600000,29.20000000,29.20700000,15474353.10300000
2024-07-24 18:00:00,29.20700000,29.47500000,28.66800000,28.82300000,15966339.37200000
2024-07-24 22:00:00,28.82300000,29.00200000,28.25900000,28.36000000,9207307.92000000
2024-07-25 02:00:00,28.36000000,28.56800000,27.10200000,27.33700000,19969639.58200000
2024-07-25 06:00:00,27.33700000,27.69300000,27.14000000,27.29200000,8885291.12400000
2024-07-25 10:00:00,27.29200000,27.49600000,27.06700000,27.31100000,7853292.15900000
2024-07-25 14:00:00,27.31100000,27.44100000,26.63900000,27.01100000,15394984.46000000
2024-07-25 18:00:00,27.01100000,27.27100000,26.24100000,26.73700000,12120233.32000000
2024-07-25 22:00:00,26.73700000,27.59300000,26.32300000,27.22200000,11156414.21900000
2024-07-26 02:00:00,27.22200000,28.02100000,27.16000000,27.70800000,9590334.83800000
2024-07-26 06:00:00,27.70800000,28.24000000,27.67600000,27.98500000,9008007.05000000
2024-07-26 10:00:00,27.98500000,28.38400000,27.78800000,27.95500000,8557406.34300000
2024-07-26 14:00:00,27.95500000,28.55200000,27.61800000,28.53800000,11731032.46100000
2024-07-26 18:00:00,28.53800000,28.78300000,28.34100000,28.57400000,9434696.81300000
2024-07-26 22:00:00,28.57400000,28.83300000,28.30800000,28.69400000,6367092.06500000
2024-07-27 02:00:00,28.69400000,28.84600000,28.49200000,28.58700000,5152016.52700000
2024-07-27 06:00:00,28.58700000,28.83100000,28.42800000,28.63000000,5043683.00400000
2024-07-27 10:00:00,28.63000000,28.74800000,28.44800000,28.70400000,4124631.61400000
2024-07-27 14:00:00,28.70400000,29.49800000,28.64800000,28.83200000,13112015.98200000
2024-07-27 18:00:00,28.83200000,28.97600000,27.96400000,28.22700000,14389272.97000000
2024-07-27 22:00:00,28.22700000,28.59500000,27.57400000,28.03300000,13287690.45500000
2024-07-28 02:00:00,28.03300000,28.15700000,27.74200000,27.74700000,4969278.66400000
2024-07-28 06:00:00,27.74700000,27.78400000,27.25500000,27.74800000,6940211.92000000
2024-07-28 10:00:00,27.74800000,27.81000000,27.49200000,27.61800000,5855123.82200000
2024-07-28 14:00:00,27.61800000,27.64000000,27.21000000,27.24400000,7331115.95400000
2024-07-28 18:00:00,27.24400000,27.67000000,27.22100000,27.51000000,5562212.07100000
2024-07-28 22:00:00,27.51000000,27.52900000,27.08400000,27.37900000,5826212.93500000
2024-07-29 02:00:00,27.37900000,28.41900000,27.28800000,28.20800000,12055119.04100000
2024-07-29 06:00:00,28.20800000,28.81800000,28.07500000,28.68400000,9119631.33100000
2024-07-29 10:00:00,28.68400000,28.83400000,28.54400000,28.54400000,6353067.55300000
2024-07-29 14:00:00,28.54400000,28.72000000,27.33400000,27.52500000,17252485.97400000
2024-07-29 18:00:00,27.52500000,27.54600000,27.09800000,27.43500000,10925613.60500000
2024-07-29 22:00:00,27.43500000,27.48500000,26.95900000,26.97400000,6836795.99600000
2024-07-30 02:00:00,26.97400000,27.27200000,26.72900000,27.13900000,7436596.44500000
2024-07-30 06:00:00,27.13900000,27.29000000,27.03700000,27.21800000,5788792.77100000
2024-07-30 10:00:00,27.21800000,27.26500000,26.81800000,26.99100000,6634369.30600000
2024-07-30 14:00:00,26.99100000,27.04500000,26.41300000,26.68800000,13283583.76700000
2024-07-30 18:00:00,26.68800000,26.89700000,26.23900000,26.42900000,9164061.24700000
2024-07-30 22:00:00,26.42900000,26.53700000,26.00800000,26.30300000,6372747.55600000
2024-07-31 02:00:00,26.30300000,26.61900000,26.17500000,26.51700000,4567839.10500000
2024-07-31 06:00:00,26.51700000,26.53600000,25.82800000,26.26900000,10965725.53900000
2024-07-31 10:00:00,26.26900000,26.31400000,26.03600000,26.20300000,5565568.38900000
2024-07-31 14:00:00,26.20300000,26.85000000,26.18800000,26.57000000,9201352.92400000
2024-07-31 18:00:00,26.57000000,26.83800000,25.82500000,26.00600000,10871295.21800000
2024-07-31 22:00:00,26.00600000,26.03600000,25.43000000,25.69100000,9879916.93600000
2024-08-01 02:00:00,25.69100000,25.91600000,25.33300000,25.39700000,6616238.94200000
2024-08-01 06:00:00,25.39700000,25.49000000,24.91000000,25.32400000,7939846.55800000
2024-08-01 10:00:00,25.32400000,25.50000000,25.21700000,25.36900000,4227823.21200000
2024-08-01 14:00:00,25.36900000,25.68700000,24.44900000,24.57700000,13578347.51700000
2024-08-01 18:00:00,24.57700000,24.86200000,23.98700000,24.79600000,14253362.14100000
2024-08-01 22:00:00,24.79600000,25.77600000,24.67800000,25.68700000,9630915.45200000
2024-08-02 02:00:00,25.68700000,25.88700000,25.04500000,25.31900000,6706723.46200000
2024-08-02 06:00:00,25.31900000,25.40400000,24.59300000,24.99300000,6232941.67900000
2024-08-02 10:00:00,24.99300000,25.27500000,24.75900000,24.96500000,6272268.98500000
2024-08-02 14:00:00,24.96500000,25.31900000,23.43900000,24.10700000,19263406.74300000
2024-08-02 18:00:00,24.10700000,24.25500000,23.71700000,23.82300000,7992349.86800000
2024-08-02 22:00:00,23.82300000,23.99300000,23.33500000,23.58500000,8907541.71100000
2024-08-03 02:00:00,23.58500000,23.73400000,22.98500000,23.70900000,7973469.26500000
2024-08-03 06:00:00,23.70900000,23.82700000,23.60500000,23.71600000,4205178.25500000
2024-08-03 10:00:00,23.71600000,24.00500000,23.47400000,23.91500000,5648274.83900000
2024-08-03 14:00:00,23.91500000,24.10000000,23.33000000,23.35500000,7926053.34900000
2024-08-03 18:00:00,23.35500000,23.38800000,22.36800000,22.44900000,14332324.32500000
2024-08-03 22:00:00,22.44900000,22.79200000,22.17300000,22.66200000,8008601.02900000
2024-08-04 02:00:00,22.66200000,22.94100000,22.47500000,22.80200000,4437324.64500000
2024-08-04 06:00:00,22.80200000,22.89600000,22.52800000,22.57400000,3526289.15400000
2024-08-04 10:00:00,22.57400000,22.74400000,22.31500000,22.51500000,5214661.11300000
2024-08-04 14:00:00,22.51500000,22.65700000,21.56400000,21.58800000,10599178.11400000
2024-08-04 18:00:00,21.58800000,21.98800000,20.58800000,21.80600000,18003106.40500000
2024-08-04 22:00:00,21.80600000,22.07900000,21.18600000,21.23800000,7223303.76200000
2024-08-05 02:00:00,21.23800000,21.36700000,17.94800000,18.62400000,43755064.76900000
2024-08-05 06:00:00,18.62400000,19.28100000,17.31100000,19.03000000,38522827.16500000
2024-08-05 10:00:00,19.03000000,19.07400000,17.54200000,18.20900000,19612157.94000000
2024-08-05 14:00:00,18.20900000,19.76000000,17.42500000,19.71000000,27363417.45300000
2024-08-05 18:00:00,19.71000000,20.21500000,19.15200000,19.38600000,13629274.55700000
2024-08-05 22:00:00,19.38600000,19.99700000,19.36200000,19.52000000,8354269.66300000
2024-08-06 02:00:00,19.52000000,20.82600000,19.50000000,20.39600000,9893758.12400000
2024-08-06 06:00:00,20.39600000,21.03500000,20.25700000,21.00700000,7824316.94900000
2024-08-06 10:00:00,21.00700000,21.02700000,20.27200000,20.41900000,8558735.50700000
2024-08-06 14:00:00,20.41900000,21.23000000,20.02100000,21.10000000,12418860.62000000
2024-08-06 18:00:00,21.10000000,21.43500000,20.99800000,21.11600000,7959690.75900000
2024-08-06 22:00:00,21.11600000,21.35200000,20.77000000,20.87500000,6341991.16100000
2024-08-07 02:00:00,20.87500000,21.45000000,20.54400000,21.19600000,6967803.69851500
2024-08-07 06:00:00,21.19600000,21.67700000,21.05000000,21.22900000,5050678.08900600
2024-08-07 10:00:00,21.22900000,21.51500000,20.87100000,20.92800000,5013921.88793100
2024-08-07 14:00:00,20.92800000,21.12500000,20.08000000,20.40200000,9676500.49577200
2024-08-07 18:00:00,20.40200000,20.45400000,19.82500000,19.98400000,6395484.17879800
2024-08-07 22:00:00,19.98400000,20.16000000,19.68100000,19.84200000,6178014.70286000
2024-08-08 02:00:00,19.84200000,20.92600000,19.51100000,20.63900000,9732893.55212800
2024-08-08 06:00:00,20.63900000,20.84600000,20.55800000,20.56700000,4691406.20400000
2024-08-08 10:00:00,20.56700000,20.70600000,20.47000000,20.55100000,4064578.76200000
2024-08-08 14:00:00,20.55100000,21.93800000,20.39400000,21.93200000,14009436.42200000
2024-08-08 18:00:00,21.93200000,22.19500000,21.60600000,21.65900000,9251409.58400000
2024-08-08 22:00:00,21.65900000,22.77000000,21.64800000,22.72400000,8809420.73900000
2024-08-09 02:00:00,22.72400000,22.78600000,22.18100000,22.18200000,6471032.97800000
2024-08-09 06:00:00,22.18200000,22.18100000,21.61300000,21.80900000,6983553.49000000
2024-08-09 10:00:00,21.80900000,21.91000000,21.46600000,21.71600000,6902586.32800000
2024-08-09 14:00:00,21.71600000,21.94000000,21.28800000,21.35300000,8095642.68900000
2024-08-09 18:00:00,21.35300000,21.66200000,21.30700000,21.46300000,4899133.61400000
2024-08-09 22:00:00,21.46300000,21.79800000,21.37900000,21.73100000,5429663.18100000
2024-08-10 02:00:00,21.73100000,22.03700000,21.48500000,21.57300000,4338401.43700000
2024-08-10 06:00:00,21.57300000,21.66700000,21.39500000,21.66300000,2090760.94900000
2024-08-10 10:00:00,21.66300000,21.77900000,21.53700000,21.77000000,2915549.64900000
2024-08-10 14:00:00,21.77000000,21.87000000,21.52400000,21.67900000,3985117.88500000
2024-08-10 18:00:00,21.67900000,21.78800000,21.59300000,21.61600000,3630895.15700000
2024-08-10 22:00:00,21.61600000,21.75100000,21.49500000,21.56400000,2786313.44900000
2024-08-11 02:00:00,21.56400000,22.16600000,21.52300000,21.97200000,4463870.19700000
2024-08-11 06:00:00,21.97200000,22.13200000,21.80500000,22.05400000,5658008.21400000
2024-08-11 10:00:00,22.05400000,22.34600000,21.67300000,21.76900000,5918964.31600000
2024-08-11 14:00:00,21.76900000,21.76900000,21.14400000,21.28400000,6940700.21600000
2024-08-11 18:00:00,21.28400000,21.28800000,20.80600000,20.82600000,5881645.26800000
2024-08-11 22:00:00,20.82600000,20.82600000,20.36200000,20.38700000,7380664.96300000
2024-08-12 02:00:00,20.38700000,20.73900000,20.29300000,20.66600000,4689627.41000000
2024-08-12 06:00:00,20.66600000,21.09800000,20.44000000,21.03500000,4641322.75800000
2024-08-12 10:00:00,21.03500000,21.55400000,20.90000000,21.51400000,8490877.70300000
2024-08-12 14:00:00,21.51400000,21.69800000,20.58000000,21.33900000,12969442.71400000
2024-08-12 18:00:00,21.33900000,21.41900000,20.79100000,21.02900000,6841477.07200000
2024-08-12 22:00:00,21.02900000,21.33700000,20.68900000,21.24600000,6050655.40400000
2024-08-13 02:00:00,21.24600000,21.33200000,20.77400000,20.83000000,4992637.02100000
2024-08-13 06:00:00,20.83000000,21.08600000,20.70000000,20.96600000,3667546.21000000
2024-08-13 10:00:00,20.96600000,20.99800000,20.58100000,20.83000000,4930489.99000000
2024-08-13 14:00:00,20.83000000,21.06500000,20.73500000,21.02100000,6499888.87200000
2024-08-13 18:00:00,21.02100000,21.60800000,20.99600000,21.33400000,8368898.01400000
2024-08-13 22:00:00,21.33400000,21.51700000,21.20200000,21.36800000,3843319.03700000
2024-08-14 02:00:00,21.36800000,21.47000000,21.16000000,21.29100000,3576769.06400000
2024-08-14 06:00:00,21.29100000,21.44100000,21.15400000,21.27700000,3252263.20200000
2024-08-14 10:00:00,21.27700000,21.65600000,21.17600000,21.54900000,5328604.11700000
2024-08-14 14:00:00,21.54900000,21.85300000,20.76500000,21.28200000,13278623.84600000
2024-08-14 18:00:00,21.28200000,21.40000000,20.95100000,21.07500000,5163162.76400000
2024-08-14 22:00:00,21.07500000,21.12800000,20.80300000,20.93800000,2711255.32300000
2024-08-15 02:00:00,20.93800000,21.13900000,20.73900000,20.92700000,4013057.38600000
2024-08-15 06:00:00,20.92700000,20.96900000,20.52000000,20.94900000,6544059.61700000
2024-08-15 10:00:00,20.94900000,21.12000000,20.77200000,21.06900000,5534213.53900000
2024-08-15 14:00:00,21.06900000,21.13000000,20.75500000,20.90100000,10486348.32300000
2024-08-15 18:00:00,20.90100000,20.98300000,19.83200000,20.04500000,13666048.30600000
2024-08-15 22:00:00,20.04500000,20.23700000,19.84400000,20.10700000,6478944.08800000
2024-08-16 02:00:00,20.10700000,20.46600000,20.00300000,20.17800000,4028237.39800000
2024-08-16 06:00:00,20.17800000,20.59900000,20.13900000,20.52900000,3361060.60700000
2024-08-16 10:00:00,20.52900000,20.56600000,20.25000000,20.30600000,3898377.45400000
2024-08-16 14:00:00,20.30600000,20.40200000,19.77200000,19.93900000,11014002.59600000
2024-08-16 18:00:00,19.93900000,20.44700000,19.93400000,20.39600000,9123638.28700000
2024-08-16 22:00:00,20.39600000,20.66400000,20.34300000,20.35800000,4918455.16500000
2024-08-17 02:00:00,20.35800000,20.51600000,20.21500000,20.41900000,2773707.19000000
2024-08-17 06:00:00,20.41900000,20.59000000,20.37300000,20.56000000,2240202.89000000
2024-08-17 10:00:00,20.56000000,20.57300000,20.36100000,20.46500000,2644328.40200000
2024-08-17 14:00:00,20.46500000,20.64100000,20.36000000,20.45600000,3896356.40700000
2024-08-17 18:00:00,20.45600000,20.65500000,20.45100000,20.55800000,2932654.50500000
2024-08-17 22:00:00,20.55800000,20.69400000,20.48600000,20.68800000,2314890.34700000
2024-08-18 02:00:00,20.68800000,20.86200000,20.52400000,20.59900000,3754400.65400000
2024-08-18 06:00:00,20.59900000,20.92200000,20.54100000,20.73100000,3669564.80500000
2024-08-18 10:00:00,20.73100000,21.05000000,20.67400000,21.00400000,4634006.18700000
2024-08-18 14:00:00,21.00400000,21.38400000,20.95500000,21.21200000,6446007.05600000
2024-08-18 18:00:00,21.21200000,21.34200000,21.01000000,21.34200000,4792951.64700000
2024-08-18 22:00:00,21.34200000,21.50200000,20.75700000,20.80300000,6538653.69800000
2024-08-19 02:00:00,20.80300000,20.93700000,20.63300000,20.88000000,5259240.84600000
2024-08-19 06:00:00,20.88000000,20.88700000,20.55200000,20.67200000,3981082.43000000
2024-08-19 10:00:00,20.67200000,20.84300000,20.48300000,20.71200000,5531488.55900000
2024-08-19 14:00:00,20.71200000,20.81900000,20.37200000,20.55300000,7442234.90600000
2024-08-19 18:00:00,20.55300000,21.02700000,20.42600000,20.81200000,6378950.56800000
2024-08-19 22:00:00,20.81200000,21.23400000,20.75900000,21.19500000,4437811.94700000
2024-08-20 02:00:00,21.19500000,21.79700000,21.14600000,21.79200000,9228518.35100000
2024-08-20 06:00:00,21.79200000,22.07300000,21.70400000,22.06200000,6913477.02700000
2024-08-20 10:00:00,22.06200000,22.14800000,21.87100000,21.99000000,6036240.22700000
2024-08-20 14:00:00,21.99000000,22.21800000,21.46200000,21.77200000,11767969.14000000
2024-08-20 18:00:00,21.77200000,22.64400000,21.73400000,22.54300000,10994026.12000000
2024-08-20 22:00:00,22.54300000,22.77600000,22.22600000,22.24700000,7885068.30200000
2024-08-21 02:00:00,22.24700000,23.17300000,22.22800000,23.17100000,8582439.01100000
2024-08-21 06:00:00,23.17100000,23.57400000,22.94000000,23.29100000,12214060.61600000
2024-08-21 10:00:00,23.29100000,23.39500000,22.83200000,22.86700000,9547427.87500000
2024-08-21 14:00:00,22.86700000,23.45400000,22.79000000,23.08200000,15979589.96700000
2024-08-21 18:00:00,23.08200000,23.64800000,22.95900000,23.60100000,11855581.11200000
2024-08-21 22:00:00,23.60100000,23.77900000,23.40000000,23.51900000,7326551.20800000
2024-08-22 02:00:00,23.51900000,23.64500000,23.03400000,23.21900000,7445857.58000000
2024-08-22 06:00:00,23.21900000,23.47600000,23.13900000,23.23900000,4684286.01200000
2024-08-22 10:00:00,23.23900000,23.54800000,23.17200000,23.51600000,4343900.78800000
2024-08-22 14:00:00,23.51600000,25.21800000,23.50500000,24.58700000,31339600.18700000
2024-08-22 18:00:00,24.58700000,24.61400000,24.13300000,24.46000000,10039003.60800000
2024-08-22 22:00:00,24.46000000,25.28700000,24.45900000,25.20000000,8168764.02800000
2024-08-23 02:00:00,25.20000000,26.60800000,25.19300000,26.45100000,22149200.20100000
2024-08-23 06:00:00,26.45100000,26.53900000,25.62600000,25.75000000,16962979.52900000
2024-08-23 10:00:00,25.75000000,26.27800000,25.74800000,26.06600000,13517653.49700000
2024-08-23 14:00:00,26.06600000,26.84200000,25.89300000,26.11100000,25953305.32000000
2024-08-23 18:00:00,26.11100000,26.78000000,26.01900000,26.67500000,15405294.76100000
2024-08-23 22:00:00,26.67500000,26.99400000,26.45800000,26.48400000,14082022.01500000
2024-08-24 02:00:00,26.48400000,26.56500000,26.18400000,26.23500000,7310534.63700000
2024-08-24 06:00:00,26.23500000,26.65800000,26.20000000,26.60300000,6836405.76300000
2024-08-24 10:00:00,26.60300000,27.69900000,26.44000000,27.48000000,14760343.34400000
2024-08-24 14:00:00,27.48000000,27.81300000,27.17400000,27.74100000,15010171.34400000
2024-08-24 18:00:00,27.74100000,27.97300000,27.39400000,27.44700000,12145831.56600000
2024-08-24 22:00:00,27.44700000,27.53200000,26.75500000,27.10200000,11554101.39100000
2024-08-25 02:00:00,27.10200000,27.12500000,26.49900000,26.91500000,9520909.72000000
2024-08-25 06:00:00,26.91500000,27.08400000,26.13300000,26.28200000,10579696.99400000
2024-08-25 10:00:00,26.28200000,26.63700000,26.13100000,26.60900000,7394275.61600000
2024-08-25 14:00:00,26.60900000,27.16100000,26.47100000,27.01600000,9587201.37900000
2024-08-25 18:00:00,27.01600000,27.23400000,26.80300000,26.92800000,8041289.99400000
2024-08-25 22:00:00,26.92800000,27.66300000,26.85300000,26.89800000,10491933.82000000
2024-08-26 02:00:00,26.89800000,27.17500000,26.32200000,26.83300000,9474749.11100000
2024-08-26 06:00:00,26.83300000,27.10600000,26.60400000,26.78900000,7319331.68200000
2024-08-26 10:00:00,26.78900000,27.07500000,26.55400000,26.84100000,8892120.41600000
2024-08-26 14:00:00,26.84100000,26.90300000,26.23700000,26.52500000,12105586.24800000
2024-08-26 18:00:00,26.52500000,26.73400000,26.14700000,26.26300000,11318623.89300000
2024-08-26 22:00:00,26.26300000,26.45800000,25.88200000,25.92900000,8070580.86300000
2024-08-27 02:00:00,25.92900000,26.36900000,25.92900000,26.28400000,6554086.40700000
2024-08-27 06:00:00,26.28400000,26.79100000,26.16400000,26.54400000,7536559.34300000
2024-08-27 10:00:00,26.54400000,26.64600000,25.51900000,25.74800000,12546940.55000000
2024-08-27 14:00:00,25.74800000,25.78700000,25.25400000,25.32200000,11371947.63700000
2024-08-27 18:00:00,25.32200000,25.79700000,25.17500000,25.55200000,8194072.04800000
2024-08-27 22:00:00,25.55200000,25.56500000,23.66700000,24.06800000,18322870.98700000
2024-08-28 02:00:00,24.06800000,24.23400000,23.56800000,24.19800000,8532124.42400000
2024-08-28 06:00:00,24.19800000,24.23600000,23.59000000,23.61300000,6162611.96900000
2024-08-28 10:00:00,23.61300000,24.81400000,23.46200000,24.67000000,13464573.42400000
2024-08-28 14:00:00,24.67000000,24.81200000,23.58600000,23.85400000,12045160.36900000
2024-08-28 18:00:00,23.85400000,24.24100000,23.18000000,23.78400000,11808029.57900000
2024-08-28 22:00:00,23.78400000,24.09800000,23.20000000,23.42600000,7696928.36500000
2024-08-29 02:00:00,23.42600000,23.63100000,23.27200000,23.46100000,5036706.57100000
2024-08-29 06:00:00,23.46100000,23.91000000,23.30500000,23.82000000,4834081.20000000
2024-08-29 10:00:00,23.82000000,23.93400000,23.43400000,23.57100000,6698196.11800000
2024-08-29 14:00:00,23.57100000,24.66200000,23.52600000,24.32400000,10361440.35300000
2024-08-29 18:00:00,24.32400000,24.53100000,22.93900000,23.18300000,12701768.82900000
2024-08-29 22:00:00,23.18300000,23.25800000,22.77000000,22.87900000,5867607.86500000
2024-08-30 02:00:00,22.87900000,23.13800000,22.75500000,22.97100000,4936910.29100000
2024-08-30 06:00:00,22.97100000,23.56000000,22.86700000,23.36600000,5900424.24100000
2024-08-30 10:00:00,23.36600000,23.61900000,23.17800000,23.19400000,5314009.77800000
2024-08-30 14:00:00,23.19400000,23.47000000,22.19000000,22.36600000,13714004.73100000
2024-08-30 18:00:00,22.36600000,23.23600000,22.21400000,22.98300000,9753158.97800000
2024-08-30 22:00:00,22.98300000,23.31400000,22.97700000,23.27300000,4098369.42800000
2024-08-31 02:00:00,23.27300000,23.38900000,23.12800000,23.18500000,3642347.79500000
2024-08-31 06:00:00,23.18500000,23.33100000,22.97100000,23.00000000,2676526.80900000
2024-08-31 10:00:00,23.00000000,23.10400000,22.77200000,23.01000000,3720758.09700000
2024-08-31 14:00:00,23.01000000,23.12200000,22.86000000,23.03200000,3185737.86300000
2024-08-31 18:00:00,23.03200000,23.03200000,22.46200000,22.67900000,5596554.97400000
2024-08-31 22:00:00,22.67900000,22.87100000,22.59400000,22.78700000,2270470.24900000
2024-09-01 02:00:00,22.78700000,22.82000000,22.23200000,22.46700000,4733905.04100000
2024-09-01 06:00:00,22.46700000,22.48500000,21.88600000,22.26200000,7381347.36600000
2024-09-01 10:00:00,22.26200000,22.55200000,22.00700000,22.33800000,7065733.58400000
2024-09-01 14:00:00,22.33800000,22.52200000,21.86600000,22.41700000,8881319.58800000
2024-09-01 18:00:00,22.41700000,22.46800000,21.74500000,22.12700000,8776412.02100000
2024-09-01 22:00:00,22.12700000,22.30500000,21.16000000,21.40600000,9381426.65900000
2024-09-02 02:00:00,21.40600000,21.89700000,21.35300000,21.80900000,5647581.57700000
2024-09-02 06:00:00,21.80900000,22.05600000,21.50800000,21.58500000,6363667.77400000
2024-09-02 10:00:00,21.58500000,22.33500000,21.58000000,22.16400000,6216154.27400000
2024-09-02 14:00:00,22.16400000,22.23700000,21.82600000,22.04700000,4534302.30200000
2024-09-02 18:00:00,22.04700000,22.18500000,21.93900000,22.08000000,2963384.62300000
2024-09-02 22:00:00,22.08000000,22.55600000,22.07700000,22.35100000,4563882.89800000
2024-09-03 02:00:00,22.35100000,22.71300000,22.26800000,22.50400000,3660867.87500000
2024-09-03 06:00:00,22.50400000,22.53300000,22.26200000,22.51200000,2772949.30600000
2024-09-03 10:00:00,22.51200000,22.52200000,22.12200000,22.37700000,3673967.19600000
2024-09-03 14:00:00,22.37700000,22.49700000,21.52500000,21.58200000,6756951.76100000
2024-09-03 18:00:00,21.58200000,21.85700000,21.50000000,21.80800000,3693805.05400000
2024-09-03 22:00:00,21.80800000,21.80800000,21.34300000,21.37300000,3596050.08300000
2024-09-04 02:00:00,21.37300000,21.59000000,20.45500000,21.43000000,8660456.47400000
2024-09-04 06:00:00,21.43000000,21.75400000,21.18800000,21.65900000,3366288.03600000
2024-09-04 10:00:00,21.65900000,21.79100000,21.39100000,21.47400000,3513517.76100000
2024-09-04 14:00:00,21.47400000,22.04200000,21.31700000,22.01900000,6967941.04600000
2024-09-04 18:00:00,22.01900000,22.29500000,21.78900000,21.88200000,5348705.16100000
2024-09-04 22:00:00,21.88200000,22.10000000,21.75600000,21.89300000,2335476.73000000
2024-09-05 02:00:00,21.89300000,22.16600000,21.61800000,21.69200000,3667397.18300000
2024-09-05 06:00:00,21.69200000,21.92300000,21.52800000,21.77200000,3109609.51300000
2024-09-05 10:00:00,21.77200000,21.85200000,21.55400000,21.69100000,2843295.55800000
2024-09-05 14:00:00,21.69100000,22.01100000,21.23800000,21.40400000,7716771.60800000
2024-09-05 18:00:00,21.40400000,21.74600000,21.21100000,21.30500000,5002898.62200000
2024-09-05 22:00:00,21.30500000,21.47200000,21.24400000,21.35700000,2582033.45400000
2024-09-06 02:00:00,21.35700000,21.72400000,21.23900000,21.60200000,3358119.48400000
2024-09-06 06:00:00,21.60200000,21.83200000,21.32600000,21.48800000,4824588.74800000
2024-09-06 10:00:00,21.48800000,21.71900000,21.34100000,21.51000000,4489502.16800000
2024-09-06 14:00:00,21.51000000,22.17200000,21.07200000,21.33900000,11935332.46600000
2024-09-06 18:00:00,21.33900000,21.39300000,20.72200000,20.96600000,8361922.79200000
2024-09-06 22:00:00,20.96600000,21.15500000,20.46400000,21.14100000,6958457.10900000
2024-09-07 02:00:00,21.14100000,21.27800000,21.04100000,21.22300000,2186530.30400000
2024-09-07 06:00:00,21.22300000,21.68600000,21.21200000,21.67600000,3618082.58000000
2024-09-07 10:00:00,21.67600000,21.69900000,21.45100000,21.58800000,2638929.54400000
2024-09-07 14:00:00,21.58800000,21.99600000,21.57700000,21.82600000,3562529.34200000
2024-09-07 18:00:00,21.82600000,21.90000000,21.58600000,21.82900000,3196141.97000000
2024-09-07 22:00:00,21.82900000,21.84500000,21.58700000,21.78300000,2102947.30000000
2024-09-08 02:00:00,21.78300000,22.36200000,21.70400000,22.36000000,3799261.17300000
2024-09-08 06:00:00,22.36000000,23.21400000,22.34600000,23.07200000,8524686.32200000
2024-09-08 10:00:00,23.07200000,23.15000000,22.82700000,23.04000000,5349690.37200000
2024-09-08 14:00:00,23.04000000,23.08100000,22.43300000,22.46400000,6273300.66500000
2024-09-08 18:00:00,22.46400000,23.05900000,22.38500000,22.94500000,6401529.22400000
2024-09-08 22:00:00,22.94500000,23.48500000,22.86900000,23.23100000,7647528.52000000
2024-09-09 02:00:00,23.23100000,23.53600000,23.12200000,23.48500000,6234567.86300000
2024-09-09 06:00:00,23.48500000,23.70400000,23.17100000,23.68400000,4903433.02500000
2024-09-09 10:00:00,23.68400000,24.33400000,23.67100000,23.70700000,7419739.35100000
2024-09-09 14:00:00,23.70700000,23.87900000,23.28300000,23.57600000,8006920.19800000
2024-09-09 18:00:00,23.57600000,24.29600000,23.57200000,24.18100000,7959649.88400000
2024-09-09 22:00:00,24.18100000,24.36300000,23.82300000,23.83000000,6888679.51500000
2024-09-10 02:00:00,23.83000000,23.85000000,23.56600000,23.59000000,2992379.19000000
2024-09-10 06:00:00,23.59000000,23.82400000,23.55800000,23.78300000,3241515.17500000
2024-09-10 10:00:00,23.78300000,24.08900000,23.59600000,24.05700000,5151219.09900000
2024-09-10 14:00:00,24.05700000,24.12300000,23.72200000,23.73800000,6264029.89200000
2024-09-10 18:00:00,23.73800000,24.49400000,23.73100000,24.38200000,6440048.03800000
2024-09-10 22:00:00,24.38200000,24.56500000,24.25500000,24.33700000,4146993.86000000
2024-09-11 02:00:00,24.33700000,24.50600000,23.77000000,23.84100000,6054407.78400000
2024-09-11 06:00:00,23.84100000,23.83600000,23.25800000,23.62000000,6518933.36000000
2024-09-11 10:00:00,23.62000000,23.64500000,23.32400000,23.61400000,3796921.28900000
2024-09-11 14:00:00,23.61400000,23.74700000,22.86800000,23.31800000,10262004.55200000
2024-09-11 18:00:00,23.31800000,23.65800000,23.26300000,23.41700000,5832798.47700000
2024-09-11 22:00:00,23.41700000,23.51500000,23.25100000,23.26600000,2271709.73000000
2024-09-12 02:00:00,23.26600000,24.00400000,23.25200000,23.68000000,5719144.27000000
2024-09-12 06:00:00,23.68000000,23.79800000,23.42800000,23.49900000,4134503.05900000
2024-09-12 10:00:00,23.49900000,23.74100000,23.44500000,23.57500000,3381384.48400000
2024-09-12 14:00:00,23.57500000,23.91600000,23.41800000,23.45400000,4226065.71200000
2024-09-12 18:00:00,23.45400000,24.01800000,23.44000000,23.84800000,3113383.39500000
2024-09-12 22:00:00,23.84800000,24.09600000,23.70300000,24.00500000,1810321.78100000
2024-09-13 02:00:00,24.00500000,24.08500000,23.66400000,23.67400000,1613022.22900000
2024-09-13 06:00:00,23.67400000,23.84800000,23.65300000,23.82000000,1430069.60900000
2024-09-13 10:00:00,23.82000000,24.23300000,23.66700000,23.84500000,3490696.00600000
2024-09-13 14:00:00,23.84500000,24.72300000,23.66800000,24.69000000,7127480.34300000
2024-09-13 18:00:00,24.69000000,24.80400000,24.50000000,24.69800000,3669566.69500000
2024-09-13 22:00:00,24.69800000,25.08400000,24.66900000,24.90000000,3271115.77500000
2024-09-14 02:00:00,24.90000000,25.07800000,24.85900000,25.02600000,1371198.55500000
2024-09-14 06:00:00,25.02600000,25.04100000,24.82300000,24.91600000,1524218.37900000
2024-09-14 10:00:00,24.91600000,24.98800000,24.61300000,24.65500000,1796180.85500000
2024-09-14 14:00:00,24.65500000,25.58300000,24.60500000,25.45600000,4452406.69500000
2024-09-14 18:00:00,25.45600000,25.64900000,25.16700000,25.25100000,5194118.36000000
2024-09-14 22:00:00,25.25100000,25.45900000,25.08100000,25.31900000,3450482.96500000
2024-09-15 02:00:00,25.31900000,25.37000000,24.95100000,25.06000000,3524283.99900000
2024-09-15 06:00:00,25.06000000,25.06600000,24.75300000,24.86600000,3621408.10800000
2024-09-15 10:00:00,24.86600000,24.86600000,24.52900000,24.61400000,5240990.35900000
2024-09-15 14:00:00,24.61400000,24.87900000,24.56300000,24.72000000,5151323.37300000
2024-09-15 18:00:00,24.72000000,24.73600000,24.32300000,24.35400000,6426574.11100000
2024-09-15 22:00:00,24.35400000,24.38000000,23.62500000,23.77900000,9592801.45400000
2024-09-16 02:00:00,23.77900000,23.84800000,23.30200000,23.64300000,6788343.41800000
2024-09-16 06:00:00,23.64300000,24.12400000,23.51900000,24.03900000,4823565.87400000
2024-09-16 10:00:00,24.03900000,24.21900000,23.82500000,23.85900000,5782458.51900000
2024-09-16 14:00:00,23.85900000,23.87800000,23.28500000,23.49900000,8717841.17800000
2024-09-16 18:00:00,23.49900000,23.56800000,23.20500000,23.45300000,7145023.22800000
2024-09-16 22:00:00,23.45300000,23.57300000,23.29700000,23.49600000,3465244.03900000
2024-09-17 02:00:00,23.49600000,23.53200000,23.14200000,23.47500000,4192177.57900000
2024-09-17 06:00:00,23.47500000,24.02800000,23.44600000,23.77600000,4924321.31400000
2024-09-17 10:00:00,23.77600000,24.01500000,23.66000000,23.82400000,5293798.06400000
2024-09-17 14:00:00,23.82400000,24.47700000,23.61000000,24.39100000,13369779.07900000
2024-09-17 18:00:00,24.39100000,24.46000000,23.68400000,23.85800000,8905873.25300000
2024-09-17 22:00:00,23.85800000,23.96000000,23.68100000,23.76200000,3748047.67700000
2024-09-18 02:00:00,23.76200000,23.88200000,23.48500000,23.83500000,4886364.38500000
2024-09-18 06:00:00,23.83500000,23.84900000,23.55000000,23.59500000,3858999.46200000
2024-09-18 10:00:00,23.59500000,23.60500000,23.05100000,23.23500000,6315680.14300000
2024-09-18 14:00:00,23.23500000,23.35000000,22.83600000,22.90400000,6645581.63100000
2024-09-18 18:00:00,22.90400000,23.78900000,22.77800000,23.36200000,15210711.75500000
2024-09-18 22:00:00,23.36200000,24.72500000,23.16300000,24.69200000,9699844.87100000
2024-09-19 02:00:00,24.69200000,26.14100000,24.69200000,25.63400000,22829654.70500000
2024-09-19 06:00:00,25.63400000,25.91200000,25.57800000,25.89100000,8149391.71200000
2024-09-19 10:00:00,25.89100000,26.35600000,25.85800000,26.23400000,12708803.14600000
2024-09-19 14:00:00,26.23400000,26.52500000,26.09800000,26.37400000,12768542.24300000
2024-09-19 18:00:00,26.37400000,26.59400000,26.25700000,26.41000000,8932483.87000000
2024-09-19 22:00:00,26.41000000,26.78200000,26.10700000,26.65100000,11333422.33900000
2024-09-20 02:00:00,26.65100000,27.85100000,26.45100000,27.84000000,15342970.52800000
2024-09-20 06:00:00,27.84000000,28.38000000,27.67400000,28.19300000,19627031.73300000
2024-09-20 10:00:00,28.19300000,28.75800000,28.11200000,28.11800000,17880806.66500000
2024-09-20 14:00:00,28.11800000,28.24000000,27.12500000,27.18900000,20100475.53000000
2024-09-20 18:00:00,27.18900000,27.35000000,26.79100000,27.08700000,10197609.87600000
2024-09-20 22:00:00,27.08700000,27.66100000,27.08900000,27.65500000,7604982.87400000
2024-09-21 02:00:00,27.65500000,27.74800000,27.12600000,27.16600000,8148072.04600000
2024-09-21 06:00:00,27.16600000,27.32000000,27.00100000,27.25400000,5585345.40700000
2024-09-21 10:00:00,27.25400000,27.60500000,27.17200000,27.57500000,6589229.02600000
2024-09-21 14:00:00,27.57500000,28.11600000,27.44100000,27.55800000,9062566.52200000
2024-09-21 18:00:00,27.55800000,27.69100000,27.33700000,27.36100000,5328658.40500000
2024-09-21 22:00:00,27.36100000,27.96000000,27.32200000,27.76400000,5053701.69200000
2024-09-22 02:00:00,27.76400000,27.78200000,27.07500000,27.25400000,7209743.97100000
2024-09-22 06:00:00,27.25400000,27.46600000,27.12500000,27.37300000,3848918.86700000
2024-09-22 10:00:00,27.37300000,27.43600000,26.81500000,26.90300000,6446297.59200000
2024-09-22 14:00:00,26.90300000,27.04200000,26.61800000,26.85400000,6668351.15800000
2024-09-22 18:00:00,26.85400000,27.15100000,26.62200000,27.09900000,6463850.31000000
2024-09-22 22:00:00,27.09900000,27.48800000,26.43900000,27.28600000,10398084.87100000
2024-09-23 02:00:00,27.28600000,28.15400000,26.54800000,27.85500000,13027081.18000000
2024-09-23 06:00:00,27.85500000,27.95200000,27.40000000,27.63500000,8813613.21600000
2024-09-23 10:00:00,27.63500000,27.67200000,27.21700000,27.32100000,9627776.19400000
2024-09-23 14:00:00,27.32100000,27.72800000,27.25400000,27.55200000,10107993.62300000
2024-09-23 18:00:00,27.55200000,27.71200000,27.16900000,27.35200000,6939275.27600000
2024-09-23 22:00:00,27.35200000,27.46900000,27.07800000,27.37400000,4478227.21800000
2024-09-24 02:00:00,27.37400000,27.39700000,26.82300000,27.27400000,7182015.64100000
2024-09-24 06:00:00,27.27400000,27.42700000,27.01600000,27.37900000,4564637.75900000
2024-09-24 10:00:00,27.37900000,27.77400000,27.35500000,27.67400000,7576917.31000000
2024-09-24 14:00:00,27.67400000,27.80400000,26.90600000,27.12600000,12926498.07000000
2024-09-24 18:00:00,27.12600000,27.73300000,27.09200000,27.68600000,7803408.92000000
2024-09-24 22:00:00,27.68600000,28.54300000,27.49600000,28.46100000,12501810.23500000
2024-09-25 02:00:00,28.46100000,28.48700000,27.71300000,27.96200000,12598806.93000000
2024-09-25 06:00:00,27.96200000,27.96400000,27.33100000,27.60000000,7179794.41900000
2024-09-25 10:00:00,27.60000000,27.83200000,27.52000000,27.82300000,6748788.16900000
2024-09-25 14:00:00,27.82300000,28.07500000,27.50600000,27.66400000,8016842.92200000
2024-09-25 18:00:00,27.66400000,27.70500000,27.25600000,27.47200000,9645432.35800000
2024-09-25 22:00:00,27.47200000,27.65000000,27.13900000,27.26600000,5095099.47600000
2024-09-26 02:00:00,27.26600000,27.57300000,26.94700000,27.52700000,6048075.89700000
2024-09-26 06:00:00,27.52700000,28.00900000,27.43200000,28.00200000,5425225.67500000
2024-09-26 10:00:00,28.00200000,28.23600000,27.72400000,28.23400000,9011551.29000000
2024-09-26 14:00:00,28.23400000,29.31400000,28.23700000,29.19100000,25223959.57100000
2024-09-26 18:00:00,29.19100000,29.42400000,28.84800000,28.92200000,10294021.19600000
2024-09-26 22:00:00,28.92200000,29.31700000,28.77000000,29.15000000,7515645.54000000
2024-09-27 02:00:00,29.15000000,29.41300000,28.92100000,29.40300000,7374637.36600000
2024-09-27 06:00:00,29.40300000,29.73900000,29.27700000,29.61400000,8859731.73200000
2024-09-27 10:00:00,29.61400000,30.08400000,29.58500000,29.86200000,10428534.81000000
2024-09-27 14:00:00,29.86200000,30.84300000,29.71200000,30.14200000,16927727.23900000
2024-09-27 18:00:00,30.14200000,30.59000000,30.02300000,30.20500000,9083391.31000000
2024-09-27 22:00:00,30.20500000,30.56000000,30.03300000,30.42400000,5969477.73600000
2024-09-28 02:00:00,30.42400000,30.74100000,30.12300000,30.18600000,7080552.38000000
2024-09-28 06:00:00,30.18600000,30.21600000,29.37600000,29.44600000,8093975.84000000
2024-09-28 10:00:00,29.44600000,29.70400000,29.02400000,29.48800000,8412812.28400000
2024-09-28 14:00:00,29.48800000,29.62300000,29.11500000,29.46200000,6093579.56700000
2024-09-28 18:00:00,29.46200000,29.47100000,29.15700000,29.35900000,4361548.43800000
2024-09-28 22:00:00,29.35900000,29.39700000,29.08400000,29.27700000,3792181.41000000
2024-09-29 02:00:00,29.27700000,29.45700000,29.02600000,29.10900000,5098628.72600000
2024-09-29 06:00:00,29.10900000,29.16200000,28.55600000,28.60300000,7145103.35900000
2024-09-29 10:00:00,28.60300000,28.80800000,28.52700000,28.67000000,6295016.10600000
2024-09-29 14:00:00,28.67000000,28.83900000,28.22700000,28.81900000,8980043.97700000
2024-09-29 18:00:00,28.81900000,29.24700000,28.61600000,29.24500000,7504419.09600000
2024-09-29 22:00:00,29.24500000,29.40000000,28.87600000,29.01800000,7190576.34700000
2024-09-30 02:00:00,29.01800000,29.10200000,28.11600000,28.57400000,11819641.31600000
2024-09-30 06:00:00,28.57400000,28.96700000,28.32900000,28.94800000,6324252.67500000
2024-09-30 10:00:00,28.94800000,28.98700000,27.96800000,28.30400000,12588808.16900000
2024-09-30 14:00:00,28.30400000,28.57600000,27.91600000,27.92900000,10562181.36600000
2024-09-30 18:00:00,27.92900000,28.28600000,27.91300000,27.93600000,8668319.67300000
2024-09-30 22:00:00,27.93600000,28.31400000,27.53800000,27.69800000,8983573.32400000
2024-10-01 02:00:00,27.69800000,28.40300000,27.58800000,28.37400000,7473675.64700000
2024-10-01 06:00:00,28.37400000,28.71000000,28.30400000,28.56700000,5645067.71700000
2024-10-01 10:00:00,28.56700000,28.87000000,28.54700000,28.63500000,6178535.55400000
2024-10-01 14:00:00,28.63500000,28.73000000,25.96000000,26.67100000,27660918.11500000
2024-10-01 18:00:00,26.67100000,26.86000000,25.00900000,25.90200000,28799111.63700000
2024-10-01 22:00:00,25.90200000,26.21100000,25.39300000,25.80300000,11264329.92500000
2024-10-02 02:00:00,25.80300000,26.47400000,25.59000000,26.36500000,7433284.65700000
2024-10-02 06:00:00,26.36500000,26.76500000,26.02400000,26.58700000,5676365.41100000
2024-10-02 10:00:00,26.58700000,26.71100000,25.69400000,25.98300000,9244030.81000000
2024-10-02 14:00:00,25.98300000,26.23900000,25.45400000,26.20700000,12773740.90600000
2024-10-02 18:00:00,26.20700000,26.45100000,25.00700000,25.20800000,14813348.86100000
2024-10-02 22:00:00,25.20800000,25.58700000,25.07300000,25.31600000,6715884.47100000
2024-10-03 02:00:00,25.31600000,25.61000000,25.10800000,25.54100000,6858526.98000000
2024-10-03 06:00:00,25.54100000,25.64700000,24.84700000,24.86300000,6742668.20700000
2024-10-03 10:00:00,24.86300000,25.06300000,24.17100000,24.66400000,13361245.29900000
2024-10-03 14:00:00,24.66400000,24.78700000,23.86900000,24.35800000,18348143.45400000
2024-10-03 18:00:00,24.35800000,24.75500000,23.91700000,24.73900000,9342382.23500000
2024-10-03 22:00:00,24.73900000,24.81400000,24.40100000,24.63300000,4809263.92600000
2024-10-04 02:00:00,24.63300000,25.08200000,24.41100000,24.89100000,6468002.04500000
2024-10-04 06:00:00,24.89100000,25.30900000,24.84100000,25.26400000,4884691.74200000
2024-10-04 10:00:00,25.26400000,25.67800000,25.23600000,25.67000000,6183096.11900000
2024-10-04 14:00:00,25.67000000,26.12900000,25.28200000,26.12900000,13097063.80600000
2024-10-04 18:00:00,26.12900000,26.46900000,25.99000000,26.27500000,8529512.25400000
2024-10-04 22:00:00,26.27500000,26.38500000,26.11100000,26.24800000,3283958.55300000
2024-10-05 02:00:00,26.24800000,26.40500000,25.74500000,25.83200000,4919223.12700000
2024-10-05 06:00:00,25.83200000,26.29400000,25.79200000,26.00400000,4067650.66600000
2024-10-05 10:00:00,26.00400000,26.11900000,25.80000000,25.84700000,3463395.88300000
2024-10-05 14:00:00,25.84700000,25.94000000,25.55600000,25.71100000,4833457.97300000
2024-10-05 18:00:00,25.71100000,25.72600000,25.40200000,25.44300000,4829224.45900000
2024-10-05 22:00:00,25.44300000,25.72300000,25.09200000,25.64600000,5364076.04900000
2024-10-06 02:00:00,25.64600000,25.86000000,25.47900000,25.61200000,3650973.83500000
2024-10-06 06:00:00,25.61200000,26.25900000,25.61300000,26.18800000,4720864.14100000
2024-10-06 10:00:00,26.18800000,26.34900000,26.02600000,26.32800000,4655409.88900000
2024-10-06 14:00:00,26.32800000,26.94800000,26.33100000,26.90900000,11233768.92600000
2024-10-06 18:00:00,26.90900000,27.06700000,26.71600000,26.83200000,6218535.94100000
2024-10-06 22:00:00,26.83200000,26.99100000,26.61200000,26.91600000,5171736.95800000
2024-10-07 02:00:00,26.91600000,27.53400000,26.82500000,27.27100000,9161331.73500000
2024-10-07 06:00:00,27.27100000,27.53100000,27.19500000,27.21900000,4924791.05300000
2024-10-07 10:00:00,27.21900000,27.33000000,26.61900000,27.00100000,8887798.86100000
2024-10-07 14:00:00,27.00100000,27.72600000,26.87400000,27.12700000,12745077.53300000
2024-10-07 18:00:00,27.12700000,27.42100000,26.78700000,27.11300000,7979376.77900000
2024-10-07 22:00:00,27.11300000,27.15300000,26.50200000,26.54900000,5896192.16800000
2024-10-08 02:00:00,26.54900000,27.16900000,26.53600000,27.08200000,5631782.97700000
2024-10-08 06:00:00,27.08200000,27.11900000,26.19500000,26.50900000,7281438.17600000
2024-10-08 10:00:00,26.50900000,26.75600000,26.35400000,26.70000000,4948466.81900000
2024-10-08 14:00:00,26.70000000,26.83600000,26.01200000,26.31700000,10557323.17600000
2024-10-08 18:00:00,26.31700000,26.56700000,26.16200000,26.38100000,6857007.83300000
2024-10-08 22:00:00,26.38100000,26.68400000,26.22400000,26.33500000,3228532.27600000
2024-10-09 02:00:00,26.33500000,26.68000000,26.16400000,26.31100000,4382109.52900000
2024-10-09 06:00:00,26.31100000,26.58500000,26.20300000,26.43100000,3492315.51100000
2024-10-09 10:00:00,26.43100000,26.57900000,26.27600000,26.44200000,3365985.57900000
2024-10-09 14:00:00,26.44200000,26.45700000,25.66200000,26.18600000,10630255.69100000
2024-10-09 18:00:00,26.18600000,26.27200000,25.75300000,26.07600000,8229332.75600000
2024-10-09 22:00:00,26.07600000,26.15300000,25.71500000,25.76100000,6786052.02700000
2024-10-10 02:00:00,25.76100000,26.02300000,25.53100000,25.93900000,5015605.05500000
2024-10-10 06:00:00,25.93900000,26.35400000,25.87500000,26.10400000,4484834.93600000
2024-10-10 10:00:00,26.10400000,26.22100000,25.65700000,26.13300000,5803694.52200000
2024-10-10 14:00:00,26.13300000,26.25300000,25.50700000,25.84100000,9362175.71500000
2024-10-10 18:00:00,25.84100000,25.91500000,25.05100000,25.49800000,9960805.17900000
2024-10-10 22:00:00,25.49800000,25.91100000,25.40600000,25.84200000,4256559.75300000
2024-10-11 02:00:00,25.84200000,26.13900000,25.73600000,26.03500000,3866104.74500000
2024-10-11 06:00:00,26.03500000,26.18000000,25.95100000,26.12100000,2760515.04900000
2024-10-11 10:00:00,26.12100000,26.59100000,26.11600000,26.41800000,5859942.57900000
2024-10-11 14:00:00,26.41800000,26.79900000,26.32700000,26.76000000,7477488.87700000
2024-10-11 18:00:00,26.76000000,27.31100000,26.66800000,27.29900000,7091076.55700000
2024-10-11 22:00:00,27.29900000,27.58900000,27.22500000,27.45100000,7343370.23900000
2024-10-12 02:00:00,27.45100000,28.99900000,27.38900000,28.30600000,15804896.00900000
2024-10-12 06:00:00,28.30600000,28.54000000,28.12900000,28.16600000,5433196.80100000
2024-10-12 10:00:00,28.16600000,28.58700000,28.09700000,28.54300000,5253335.19700000
2024-10-12 14:00:00,28.54300000,29.36400000,28.49900000,29.09900000,13345225.71700000
2024-10-12 18:00:00,29.09900000,29.24800000,28.84600000,28.95000000,5717936.38200000
2024-10-12 22:00:00,28.95000000,28.98500000,28.52400000,28.62400000,5906570.07000000
2024-10-13 02:00:00,28.62400000,29.02400000,28.41300000,28.79300000,6675096.20700000
2024-10-13 06:00:00,28.79300000,29.12500000,28.79100000,29.02600000,4016848.76000000
2024-10-13 10:00:00,29.02600000,29.34700000,28.88800000,28.99500000,6634118.12600000
2024-10-13 14:00:00,28.99500000,29.25900000,28.37800000,28.45000000,9633593.06300000
2024-10-13 18:00:00,28.45000000,28.81000000,28.28000000,28.61400000,7213620.34200000
2024-10-13 22:00:00,28.61400000,29.25500000,28.41100000,29.04800000,7841378.19000000
2024-10-14 02:00:00,29.04800000,29.78100000,28.64100000,29.72900000,10930862.02900000
2024-10-14 06:00:00,29.72900000,29.85200000,29.30200000,29.47000000,8631278.45300000
2024-10-14 10:00:00,29.47000000,29.54400000,29.14300000,29.34700000,8973465.96300000
2024-10-14 14:00:00,29.34700000,29.73300000,29.06300000,29.54100000,11613644.37400000
2024-10-14 18:00:00,29.54100000,29.59400000,28.98600000,29.10100000,8137936.58600000
2024-10-14 22:00:00,29.10100000,29.41400000,28.93200000,29.03900000,6045848.87000000
2024-10-15 02:00:00,29.03900000,29.09900000,28.65400000,28.70500000,7868688.44200000
2024-10-15 06:00:00,28.70500000,28.90600000,28.43500000,28.76300000,7174172.89000000
2024-10-15 10:00:00,28.76300000,29.33500000,28.30500000,28.46400000,11100302.94400000
2024-10-15 14:00:00,28.46400000,29.61500000,27.51100000,28.09500000,25793329.26500000
2024-10-15 18:00:00,28.09500000,28.60900000,28.00600000,28.20900000,9046437.33200000
2024-10-15 22:00:00,28.20900000,28.41500000,27.72500000,28.19700000,12085786.85600000
2024-10-16 02:00:00,28.19700000,28.20600000,27.63200000,27.64500000,5347537.25800000
2024-10-16 06:00:00,27.64500000,27.80800000,27.23800000,27.32600000,10363544.20900000
2024-10-16 10:00:00,27.32600000,27.99800000,27.26400000,27.85000000,8115443.78200000
2024-10-16 14:00:00,27.85000000,28.14900000,27.38700000,27.47000000,10131353.14700000
2024-10-16 18:00:00,27.47000000,27.79900000,27.30700000,27.60100000,4905945.79000000
2024-10-16 22:00:00,27.60100000,28.18900000,27.58600000,28.00700000,5076148.37700000
2024-10-17 02:00:00,28.00700000,28.25400000,27.92400000,28.04800000,3370745.75000000
2024-10-17 06:00:00,28.04800000,28.06300000,27.36200000,27.56000000,7046975.85400000
2024-10-17 10:00:00,27.56000000,27.81700000,27.15500000,27.24800000,7094864.23600000
2024-10-17 14:00:00,27.24800000,27.87700000,27.17500000,27.73200000,8361781.48500000
2024-10-17 18:00:00,27.73200000,27.76500000,26.79200000,27.12900000,10265533.48400000
2024-10-17 22:00:00,27.12900000,27.38500000,27.05100000,27.28600000,3233421.48300000
2024-10-18 02:00:00,27.28600000,27.74700000,27.08800000,27.41300000,4665982.51400000
2024-10-18 06:00:00,27.41300000,27.78000000,27.36600000,27.68100000,4151569.57100000
2024-10-18 10:00:00,27.68100000,27.72900000,27.41700000,27.44100000,3733933.74200000
2024-10-18 14:00:00,27.44100000,27.85400000,27.32300000,27.77900000,8123706.48100000
2024-10-18 18:00:00,27.77900000,28.14800000,27.59100000,27.86000000,6565644.78900000
2024-10-18 22:00:00,27.86000000,28.11000000,27.77900000,28.07700000,2443672.51700000
2024-10-19 02:00:00,28.07700000,28.44600000,28.01500000,28.24800000,4718320.10800000
2024-10-19 06:00:00,28.24800000,28.32100000,28.03100000,28.04300000,2761402.16800000
2024-10-19 10:00:00,28.04300000,28.15500000,27.71500000,27.71500000,3705033.59300000
2024-10-19 14:00:00,27.71500000,28.23800000,27.70200000,28.10900000,4171928.82800000
2024-10-19 18:00:00,28.10900000,28.12600000,27.86400000,27.89400000,2442417.09300000
2024-10-19 22:00:00,27.89400000,28.17900000,27.88200000,28.08800000,1844714.45700000
2024-10-20 02:00:00,28.08800000,28.20300000,27.75200000,27.80300000,2561565.09600000
2024-10-20 06:00:00,27.80300000,28.03100000,27.75100000,27.92500000,2593964.53600000
2024-10-20 10:00:00,27.92500000,28.16600000,27.85500000,28.12700000,2827634.43500000
2024-10-20 14:00:00,28.12700000,28.44300000,27.81500000,28.37400000,7597109.62800000
2024-10-20 18:00:00,28.37400000,28.42000000,28.11400000,28.29600000,2774620.52700000
2024-10-20 22:00:00,28.29600000,29.00100000,28.19500000,28.97000000,7697810.56200000
2024-10-21 02:00:00,28.97000000,29.33200000,28.59200000,28.68300000,7829511.56700000
2024-10-21 06:00:00,28.68300000,29.07700000,28.59300000,28.61900000,5174957.18200000
2024-10-21 10:00:00,28.61900000,28.79800000,28.22900000,28.25000000,6258742.60100000
2024-10-21 14:00:00,28.25000000,28.33800000,27.58300000,27.75600000,11539888.75600000
2024-10-21 18:00:00,27.75600000,27.98700000,27.36500000,27.98700000,6572232.46400000
2024-10-21 22:00:00,27.98700000,28.04300000,27.72300000,27.73700000,4391987.70400000
2024-10-22 02:00:00,27.73700000,28.14200000,27.39000000,28.00900000,5630810.80300000
2024-10-22 06:00:00,28.00900000,28.21700000,27.88400000,27.97700000,2992325.18000000
2024-10-22 10:00:00,27.97700000,28.00500000,27.22400000,27.75700000,9201488.10700000
2024-10-22 14:00:00,27.75700000,27.93300000,27.40100000,27.79800000,9283660.21600000
2024-10-22 18:00:00,27.79800000,27.79800000,27.35600000,27.65700000,5227695.81000000
2024-10-22 22:00:00,27.65700000,27.78800000,27.55300000,27.62900000,2523002.91100000
2024-10-23 02:00:00,27.62900000,27.69000000,27.12300000,27.32600000,4924590.57600000
2024-10-23 06:00:00,27.32600000,27.45100000,27.02200000,27.06000000,4893142.83300000
2024-10-23 10:00:00,27.06000000,27.17700000,26.55400000,26.61300000,9656321.56600000
2024-10-23 14:00:00,26.61300000,26.89700000,26.32400000,26.49500000,9823937.39200000
2024-10-23 18:00:00,26.49500000,26.58000000,25.86900000,26.58000000,13592712.83200000
2024-10-23 22:00:00,26.58000000,26.79300000,26.47500000,26.73400000,4661949.36100000
2024-10-24 02:00:00,26.73400000,27.22800000,26.58800000,26.98500000,6891988.23700000
2024-10-24 06:00:00,26.98500000,27.17800000,26.82900000,26.82900000,3614992.25800000
2024-10-24 10:00:00,26.82900000,26.92100000,26.36900000,26.58900000,6254799.39900000
2024-10-24 14:00:00,26.58900000,26.91700000,26.53600000,26.78700000,7111010.63000000
2024-10-24 18:00:00,26.78700000,27.04900000,26.65900000,27.03400000,3588319.76800000
2024-10-24 22:00:00,27.03400000,27.23300000,26.77600000,26.81800000,5289922.84400000
2024-10-25 02:00:00,26.81800000,26.87000000,26.37100000,26.54600000,4720656.94700000
2024-10-25 06:00:00,26.54600000,26.58200000,26.02700000,26.22400000,5723521.88200000
2024-10-25 10:00:00,26.22400000,26.57500000,26.03400000,26.53700000,4840753.01000000
2024-10-25 14:00:00,26.53700000,26.75600000,26.05900000,26.13100000,8268128.99600000
2024-10-25 18:00:00,26.13100000,26.25400000,25.41000000,25.88600000,14430072.92300000
2024-10-25 22:00:00,25.88600000,26.06900000,23.95900000,24.90700000,19728932.90900000
2024-10-26 02:00:00,24.90700000,25.34800000,24.52900000,25.25700000,8938490.38900000
2024-10-26 06:00:00,25.25700000,25.57600000,25.19900000,25.40300000,3387697.78100000
2024-10-26 10:00:00,25.40300000,25.64600000,25.38100000,25.59800000,2561018.33000000
2024-10-26 14:00:00,25.59800000,25.66300000,24.88900000,25.06600000,6220344.01200000
2024-10-26 18:00:00,25.06600000,25.46200000,24.96200000,25.41100000,3108404.19000000
2024-10-26 22:00:00,25.41100000,25.61000000,25.27500000,25.38800000,2279406.26900000
2024-10-27 02:00:00,25.38800000,25.58700000,25.22600000,25.56600000,2145165.66900000
2024-10-27 05:00:00,25.56600000,25.59200000,25.41500000,25.43400000,1540277.65500000
2024-10-27 09:00:00,25.43400000,25.53000000,25.28100000,25.35200000,1893067.14900000
2024-10-27 13:00:00,25.35200000,25.80900000,25.35300000,25.78200000,3614173.22100000
2024-10-27 17:00:00,25.78200000,25.92800000,25.56200000,25.66100000,3986598.93700000
2024-10-27 21:00:00,25.66100000,25.89600000,25.57600000,25.75000000,2770560.42400000
2024-10-28 01:00:00,25.75000000,25.85300000,25.15000000,25.19300000,3599955.72900000
2024-10-28 05:00:00,25.19300000,25.86300000,25.03300000,25.73600000,5010147.71200000
2024-10-28 09:00:00,25.73600000,26.27500000,25.72800000,26.19700000,6504049.50000000
2024-10-28 13:00:00,26.19700000,26.30600000,25.55400000,25.55800000,9392116.84200000
2024-10-28 17:00:00,25.55800000,26.02800000,25.33300000,25.85000000,9628478.69800000
2024-10-28 21:00:00,25.85000000,26.52100000,25.82400000,26.25200000,8850522.94700000
2024-10-29 01:00:00,26.25200000,26.96300000,26.16900000,26.79400000,8651812.81000000
2024-10-29 05:00:00,26.79400000,26.87800000,26.45900000,26.52500000,4244764.11800000
2024-10-29 09:00:00,26.52500000,26.81300000,26.48700000,26.74300000,5816973.59000000
2024-10-29 13:00:00,26.74300000,26.83700000,26.40100000,26.72700000,8000952.76200000
2024-10-29 17:00:00,26.72700000,27.15100000,26.53900000,26.57800000,12229744.12300000
2024-10-29 21:00:00,26.57800000,26.91100000,26.27800000,26.86800000,7248962.23100000
2024-10-30 01:00:00,26.86800000,26.89800000,26.39000000,26.58800000,5464938.38500000
2024-10-30 05:00:00,26.58800000,26.75700000,26.47200000,26.61000000,11405712.11400000
2024-10-30 09:00:00,26.61000000,26.69400000,26.11000000,26.12600000,9761708.85500000
2024-10-30 13:00:00,26.12600000,26.48400000,25.98700000,26.12000000,9526670.50500000
2024-10-30 17:00:00,26.12000000,26.31900000,26.05600000,26.15000000,3702050.90000000
2024-10-30 21:00:00,26.15000000,26.48400000,26.03600000,26.16200000,5235748.46400000
2024-10-31 01:00:00,26.16200000,26.21200000,25.91900000,26.06300000,4128284.30300000
2024-10-31 05:00:00,26.06300000,26.07100000,25.74400000,25.91900000,4011327.51000000
2024-10-31 09:00:00,25.91900000,25.92900000,25.65500000,25.73400000,5258591.29400000
2024-10-31 13:00:00,25.73400000,25.77900000,25.07900000,25.25000000,13806094.70100000
2024-10-31 17:00:00,25.25000000,25.25100000,24.65900000,24.69000000,15601504.37300000
2024-10-31 21:00:00,24.69000000,25.17200000,24.66200000,24.99900000,8496805.13300000
2024-11-01 01:00:00,24.99900000,25.05700000,24.54900000,24.86600000,8111278.93100000
2024-11-01 05:00:00,24.86600000,24.99000000,24.38200000,24.65000000,7272732.63400000
2024-11-01 09:00:00,24.65000000,25.17800000,24.63100000,25.10900000,8376144.83400000
2024-11-01 13:00:00,25.10900000,25.70000000,24.57300000,24.87900000,15981091.66900000
2024-11-01 17:00:00,24.87900000,25.19900000,24.65800000,24.76600000,8179012.66100000
2024-11-01 21:00:00,24.76600000,24.93400000,24.47500000,24.77400000,6497546.15400000
2024-11-02 01:00:00,24.77400000,25.00100000,24.74800000,24.81800000,2551702.33600000
2024-11-02 05:00:00,24.81800000,24.96100000,24.74300000,24.86100000,2778665.66600000
2024-11-02 09:00:00,24.86100000,24.89400000,24.62000000,24.64100000,2747301.85000000
2024-11-02 13:00:00,24.64100000,24.69200000,24.04300000,24.22700000,12821553.40000000
2024-11-02 17:00:00,24.22700000,24.36400000,23.93500000,24.16200000,5114380.72300000
2024-11-02 21:00:00,24.16200000,24.25500000,23.97700000,24.10100000,2499453.95900000
2024-11-03 01:00:00,24.10100000,24.18900000,23.17400000,23.56900000,13409128.24700000
2024-11-03 05:00:00,23.56900000,23.77400000,23.51500000,23.59300000,3452466.71000000
2024-11-03 09:00:00,23.59300000,23.63100000,23.19300000,23.21100000,9481438.07500000
2024-11-03 13:00:00,23.21100000,23.29500000,22.59000000,23.03200000,18515034.35400000
2024-11-03 17:00:00,23.03200000,23.29700000,22.82800000,23.28700000,10656110.56000000
2024-11-03 21:00:00,23.28700000,23.70900000,23.23500000,23.51800000,8462995.97700000
2024-11-04 01:00:00,23.51800000,23.91300000,23.31800000,23.68700000,7174652.19700000
2024-11-04 05:00:00,23.68700000,23.83300000,23.44300000,23.46300000,4801299.53000000
2024-11-04 09:00:00,23.46300000,23.69600000,23.21300000,23.59000000,10027714.56400000
2024-11-04 13:00:00,23.59000000,23.78500000,23.13200000,23.21000000,9859674.59500000
2024-11-04 17:00:00,23.21000000,23.23000000,22.86100000,22.89500000,11087058.68300000
2024-11-04 21:00:00,22.89500000,23.50900000,22.33600000,22.71700000,27002473.17300000
2024-11-05 01:00:00,22.71700000,22.90600000,22.58400000,22.84300000,7967682.59500000
2024-11-05 05:00:00,22.84300000,23.21900000,22.84300000,23.17400000,5723729.01700000
2024-11-05 09:00:00,23.17400000,23.39300000,23.11500000,23.28800000,7091570.33400000
2024-11-05 13:00:00,23.28800000,24.21100000,23.24400000,23.95900000,21216722.47700000
2024-11-05 17:00:00,23.95900000,24.46600000,23.61600000,23.68900000,16887014.11700000
2024-11-05 21:00:00,23.68900000,24.12200000,23.57800000,23.97200000,9513369.93900000
2024-11-06 01:00:00,23.97200000,26.43900000,23.97200000,26.21600000,35353361.13600000
2024-11-06 05:00:00,26.21600000,26.54600000,25.76700000,25.88200000,28662080.18400000
2024-11-06 09:00:00,25.88200000,26.34600000,25.47400000,26.34500000,18632535.41100000
2024-11-06 13:00:00,26.34500000,26.58300000,26.00400000,26.15300000,20084604.15900000
2024-11-06 17:00:00,26.15300000,26.64600000,26.02300000,26.60400000,14910348.49000000
2024-11-06 21:00:00,26.60400000,27.31000000,26.44500000,27.01200000,24006342.21900000
2024-11-07 01:00:00,27.01200000,28.01900000,26.94900000,27.70400000,26741642.85600000
2024-11-07 05:00:00,27.70400000,27.75300000,26.74900000,26.93300000,24187268.73500000
2024-11-07 09:00:00,26.93300000,27.12800000,26.65200000,26.66000000,13621701.85000000
2024-11-07 13:00:00,26.66000000,27.28900000,26.53500000,27.28200000,21066344.48500000
2024-11-07 17:00:00,27.28200000,27.69500000,27.14200000,27.62000000,28443507.85900000
2024-11-07 21:00:00,27.62000000,27.76800000,27.10800000,27.39300000,17827704.02100000
2024-11-08 01:00:00,27.39300000,28.01700000,27.11300000,27.40400000,23646998.51500000
2024-11-08 05:00:00,27.40400000,27.70900000,27.17200000,27.59600000,12817519.67800000
2024-11-08 09:00:00,27.59600000,28.24500000,27.35300000,28.14900000,24035306.80000000
2024-11-08 13:00:00,28.14900000,28.58600000,27.82600000,28.08800000,35246219.91700000
2024-11-08 17:00:00,28.08800000,28.50400000,27.51500000,28.33000000,34168560.53600000
2024-11-08 21:00:00,28.33000000,28.80100000,28.07400000,28.78600000,21371186.81100000
2024-11-09 01:00:00,28.78600000,29.66000000,28.57800000,28.67800000,42190198.53000000
2024-11-09 05:00:00,28.67800000,29.68300000,28.68300000,29.27100000,28488202.54700000
2024-11-09 09:00:00,29.27100000,29.79300000,29.24100000,29.51000000,21790817.51600000
2024-11-09 13:00:00,29.51000000,29.60900000,28.63000000,28.82300000,23402146.26900000
2024-11-09 17:00:00,28.82300000,29.16400000,28.48000000,28.99300000,19345210.82100000
2024-11-09 21:00:00,28.99300000,30.50300000,28.95400000,30.38900000,36328814.25800000
2024-11-10 01:00:00,30.38900000,30.67600000,29.69200000,30.47600000,39978896.81900000
2024-11-10 05:00:00,30.47600000,32.03700000,30.46200000,31.55400000,53276832.42800000
2024-11-10 09:00:00,31.55400000,32.17300000,31.31600000,32.00400000,32077096.98000000
2024-11-10 13:00:00,32.00400000,32.85600000,31.60900000,32.35500000,61632536.92600000
2024-11-10 17:00:00,32.35500000,33.32300000,31.73900000,32.06000000,60615676.92400000
2024-11-10 21:00:00,32.06000000,32.43500000,30.03400000,31.90400000,73469115.33800000
2024-11-11 01:00:00,31.90400000,32.64800000,31.74400000,32.27100000,38101204.64300000
2024-11-11 05:00:00,32.27100000,32.30500000,30.73000000,31.34600000,40296335.90600000
2024-11-11 09:00:00,31.34600000,32.27800000,31.19500000,32.16300000,26458477.33700000
2024-11-11 13:00:00,32.16300000,32.93700000,31.70200000,32.49600000,59918943.76400000
2024-11-11 17:00:00,32.49600000,34.61200000,32.46200000,33.99900000,88925369.20900001
2024-11-11 21:00:00,33.99900000,35.83200000,33.87400000,35.74800000,84154067.31100000
2024-11-12 01:00:00,35.74800000,36.38100000,34.18200000,36.00200000,79419907.38600001
2024-11-12 05:00:00,36.00200000,37.44400000,34.96400000,36.44700000,71443098.59000000
2024-11-12 09:00:00,36.44700000,37.73500000,33.06400000,34.48100000,129067712.00800000
2024-11-12 13:00:00,34.48100000,35.22900000,32.69900000,33.90000000,102971698.83900000
2024-11-12 17:00:00,33.90000000,34.67700000,33.21100000,34.26600000,69123695.38800000
2024-11-12 21:00:00,34.26600000,35.15100000,33.66000000,33.96800000,53206117.33000000
2024-11-13 01:00:00,33.96800000,34.78800000,32.37200000,32.37800000,63870337.02800000
2024-11-13 05:00:00,32.37800000,33.02500000,31.22700000,32.07100000,66578779.87700000
2024-11-13 09:00:00,32.07100000,32.59400000,31.71400000,32.22900000,42663917.89600000
2024-11-13 13:00:00,32.22900000,34.91000000,31.84300000,34.77200000,97553220.57500000
2024-11-13 17:00:00,34.77200000,35.07600000,32.36900000,32.48600000,75837485.16300000
2024-11-13 21:00:00,32.48600000,33.25000000,31.64400000,33.13000000,53707740.75200000
2024-11-14 01:00:00,33.13000000,33.40000000,32.24800000,33.36300000,30458114.07600000
2024-11-14 05:00:00,33.36300000,34.74800000,32.96300000,33.76000000,42046259.82300000
2024-11-14 09:00:00,33.76000000,33.83000000,32.09500000,32.48300000,43380516.01000000
2024-11-14 13:00:00,32.48300000,32.87800000,31.32100000,31.78100000,51780194.91800000
2024-11-14 17:00:00,31.78100000,32.75400000,31.59600000,32.32300000,32725157.26100000
2024-11-14 21:00:00,32.32300000,32.31700000,30.67900000,31.20500000,37789997.97300000
2024-11-15 01:00:00,31.20500000,31.76500000,30.97600000,31.59200000,21636116.92200000
2024-11-15 05:00:00,31.59200000,32.01400000,30.58600000,31.62400000,25725788.17200000
2024-11-15 09:00:00,31.62400000,32.48700000,31.32100000,32.42400000,23554010.34700000
2024-11-15 13:00:00,32.42400000,32.80900000,31.13900000,31.40500000,67961747.42500000
2024-11-15 17:00:00,31.40500000,32.73500000,31.23200000,32.45400000,33542178.27300000
2024-11-15 21:00:00,32.45400000,33.31600000,32.44400000,33.13300000,27454817.58500000
2024-11-16 01:00:00,33.13300000,34.37900000,32.78600000,34.36100000,26539776.32700000
2024-11-16 05:00:00,34.36100000,35.57800000,34.25600000,34.27200000,45539947.79500000
2024-11-16 09:00:00,34.27200000,35.34700000,34.27700000,35.34000000,31938114.14000000
2024-11-16 13:00:00,35.34000000,35.75900000,34.34500000,34.60600000,55198625.25500000
2024-11-16 17:00:00,34.60600000,35.44300000,34.33800000,35.24500000,28246918.96800000
2024-11-16 21:00:00,35.24500000,35.45800000,34.72800000,35.17000000,26498991.17100000
2024-11-17 01:00:00,35.17000000,35.74300000,33.10500000,34.43200000,64565916.66900000
2024-11-17 05:00:00,34.43200000,36.87300000,34.25600000,36.53100000,75705763.35600001
2024-11-17 09:00:00,36.53100000,37.30000000,36.27800000,36.36000000,55341762.00400000
2024-11-17 13:00:00,36.36000000,37.07700000,36.11700000,36.60200000,44776965.56300000
2024-11-17 17:00:00,36.60200000,36.73200000,34.76500000,35.28800000,42870759.15400000
2024-11-17 21:00:00,35.28800000,35.58600000,34.30100000,34.73600000,35082408.78300000
2024-11-18 01:00:00,34.73600000,35.65200000,34.55800000,35.62300000,29137334.05100000
2024-11-18 05:00:00,35.62300000,36.18100000,35.13000000,35.94500000,26122778.84300000
2024-11-18 09:00:00,35.94500000,36.04800000,34.62200000,34.78500000,30119671.63300000
2024-11-18 13:00:00,34.78500000,35.77000000,34.09100000,35.57200000,48511951.20300000
2024-11-18 17:00:00,35.57200000,36.15300000,34.43000000,34.86000000,55749776.12000000
2024-11-18 21:00:00,34.86000000,35.73300000,34.70000000,35.51000000,33016174.33100000
2024-11-19 01:00:00,35.51000000,35.51800000,34.75500000,35.23800000,18345036.79300000
2024-11-19 05:00:00,35.23800000,35.66900000,34.72100000,35.07500000,21128236.39200000
2024-11-19 09:00:00,35.07500000,35.21400000,34.30700000,34.89800000,29273553.05900000
2024-11-19 13:00:00,34.89800000,35.47100000,33.63800000,34.42800000,43595034.79900000
2024-11-19 17:00:00,34.42800000,35.20700000,34.27600000,34.78300000,29686449.58800000
2024-11-19 21:00:00,34.78300000,34.94400000,33.53300000,34.23200000,30736598.30500000
2024-11-20 01:00:00,34.23200000,34.23500000,33.03500000,33.57400000,23130982.72800000
2024-11-20 05:00:00,33.57400000,34.07100000,33.22200000,34.01000000,20975126.28200000
2024-11-20 09:00:00,34.01000000,35.77200000,33.99600000,34.81200000,46613377.07400000
2024-11-20 13:00:00,34.81200000,35.59400000,34.30100000,34.87400000,46887947.86600000
2024-11-20 17:00:00,34.87400000,35.02000000,32.78100000,33.19400000,49700569.53300000
2024-11-20 21:00:00,33.19400000,34.42300000,33.06600000,33.59400000,24424673.79100000
2024-11-21 01:00:00,33.59400000,33.92800000,32.31800000,33.10500000,29717057.56500000
2024-11-21 05:00:00,33.10500000,34.49300000,33.03500000,34.30200000,36201079.82300000
2024-11-21 09:00:00,34.30200000,34.40900000,33.43300000,34.08100000,20933935.69700000
2024-11-21 13:00:00,34.08100000,36.02600000,34.06100000,35.00300000,79021575.86399999
2024-11-21 17:00:00,35.00300000,36.19800000,34.89100000,35.75000000,39649489.74400000
2024-11-21 21:00:00,35.75000000,36.24100000,35.58100000,35.87100000,23471707.29800000
2024-11-22 01:00:00,35.87100000,36.85700000,35.21500000,36.19600000,41228246.13600000
2024-11-22 05:00:00,36.19600000,36.70600000,35.73500000,35.77600000,26114262.01200000
2024-11-22 09:00:00,35.77600000,38.18500000,35.78000000,38.13200000,59989918.71700000
2024-11-22 13:00:00,38.13200000,39.58300000,37.31600000,39.54000000,151860847.58199999
2024-11-22 17:00:00,39.54000000,40.02000000,38.74500000,39.54300000,83812030.72200000
2024-11-22 21:00:00,39.54300000,43.56700000,39.30100000,43.21300000,113856784.99400000
2024-11-23 01:00:00,43.21300000,45.31100000,42.45900000,44.01200000,133587352.15899999
2024-11-23 05:00:00,44.01200000,45.04400000,42.86300000,42.97100000,83797464.68099999
2024-11-23 09:00:00,42.97100000,43.25200000,42.00900000,42.34400000,55007925.61700000
2024-11-23 13:00:00,42.34400000,43.80800000,42.22800000,43.19400000,73337283.23999999
2024-11-23 17:00:00,43.19400000,43.73700000,41.03700000,41.98000000,103077410.39100000
2024-11-23 21:00:00,41.98000000,42.30900000,40.72000000,41.45900000,48285146.97400000
2024-11-24 01:00:00,41.45900000,43.01000000,41.27100000,42.46400000,51697307.33700000
2024-11-24 05:00:00,42.46400000,43.17700000,41.77000000,42.33900000,49523534.07200000
2024-11-24 09:00:00,42.33900000,42.38700000,40.01400000,40.09500000,53915998.86800000
2024-11-24 13:00:00,40.09500000,40.53900000,38.30100000,38.80300000,95273384.89300001
2024-11-24 17:00:00,38.80300000,40.38200000,38.64300000,40.19500000,47880566.87600000
2024-11-24 21:00:00,40.19500000,42.22500000,40.03000000,42.08900000,44547451.93000000
2024-11-25 01:00:00,42.08900000,42.15700000,40.05900000,41.35600000,44129657.18800000
2024-11-25 05:00:00,41.35600000,45.03900000,41.28900000,45.01200000,62845651.82800000
2024-11-25 09:00:00,45.01200000,47.94600000,44.47000000,45.56500000,148169997.13400000
2024-11-25 13:00:00,45.56500000,45.92800000,42.01100000,43.22500000,125289662.18400000
2024-11-25 17:00:00,43.22500000,43.96600000,41.21200000,42.06700000,77963311.50300001
2024-11-25 21:00:00,42.06700000,43.31200000,40.72000000,41.33600000,80241512.78500000
2024-11-26 01:00:00,41.33600000,42.99100000,41.13600000,41.71600000,48117084.38400000
2024-11-26 05:00:00,41.71600000,42.41000000,40.91000000,41.19800000,32907952.71700000
2024-11-26 09:00:00,41.19800000,41.23700000,38.52100000,40.01400000,84734446.77700000
2024-11-26 13:00:00,40.01400000,42.51600000,39.87800000,41.03200000,87849527.63600001
2024-11-26 17:00:00,41.03200000,42.67300000,40.71400000,41.50800000,58155768.41200000
2024-11-26 21:00:00,41.50800000,43.39000000,41.28400000,42.75000000,55790399.75300000
2024-11-27 01:00:00,42.75000000,43.69400000,41.97900000,42.54000000,51030837.62100000
2024-11-27 05:00:00,42.54000000,43.71500000,42.22000000,43.30800000,39676017.73000000
2024-11-27 09:00:00,43.30800000,44.48700000,42.87300000,43.49500000,52902259.30600000
2024-11-27 13:00:00,43.49500000,44.17900000,42.37900000,43.76300000,72920166.40899999
2024-11-27 17:00:00,43.76300000,43.87500000,42.65100000,43.18600000,46822690.20800000
2024-11-27 21:00:00,43.18600000,44.28400000,43.00700000,43.81400000,42742041.52000000
2024-11-28 01:00:00,43.81400000,44.29400000,42.62600000,43.18100000,46520765.38600000
2024-11-28 05:00:00,43.18100000,43.86900000,42.51600000,42.69000000,27431535.63100000
2024-11-28 09:00:00,42.69000000,43.01900000,41.77300000,42.27100000,36943290.68100000
2024-11-28 13:00:00,42.27100000,42.89300000,41.52500000,41.69000000,36527714.17100000
2024-11-28 17:00:00,41.69000000,42.69100000,41.66000000,42.48500000,23918932.58200000
2024-11-28 21:00:00,42.48500000,43.23500000,42.03900000,42.80600000,21824579.12500000
2024-11-29 01:00:00,42.80600000,43.85000000,42.56600000,43.34800000,31513831.56600000
2024-11-29 05:00:00,43.34800000,43.63600000,42.66400000,42.66600000,24490425.50100000
2024-11-29 09:00:00,42.66600000,44.06700000,42.66600000,43.81700000,26079662.01200000
2024-11-29 13:00:00,43.81700000,44.64700000,43.39500000,44.35600000,38843873.19500000
2024-11-29 17:00:00,44.35600000,44.81000000,43.87100000,44.46800000,38478228.12900000
2024-11-29 21:00:00,44.46800000,45.09000000,44.03200000,44.89100000,28651302.47400000
2024-11-30 01:00:00,44.89100000,44.90500000,43.71800000,44.40800000,32571433.83500000
2024-11-30 05:00:00,44.40800000,45.70100000,44.15700000,45.44400000,34928481.77500000
2024-11-30 09:00:00,45.44400000,46.02100000,44.36600000,44.75800000,40450927.84400000
2024-11-30 13:00:00,44.75800000,46.30500000,44.74500000,45.59500000,42419171.28000000
2024-11-30 17:00:00,45.59500000,45.98500000,45.11300000,45.55700000,25781310.95300000
2024-11-30 21:00:00,45.55700000,45.84300000,44.81400000,44.84400000,24008502.03000000
2024-12-01 01:00:00,44.84400000,45.73000000,43.80900000,44.33900000,42747918.91700000
2024-12-01 05:00:00,44.33900000,44.59400000,43.96600000,44.18600000,16366132.45500000
2024-12-01 09:00:00,44.18600000,44.53900000,43.66700000,44.16500000,28072870.63900000
2024-12-01 13:00:00,44.16500000,45.79900000,43.83800000,45.29100000,31593518.83900000
2024-12-01 17:00:00,45.29100000,45.57600000,44.57400000,45.28200000,28839390.92000000
2024-12-01 21:00:00,45.28200000,45.84500000,44.12400000,45.13300000,43700688.92500000
2024-12-02 01:00:00,45.13300000,49.17500000,45.04400000,47.13200000,116297092.59100001
2024-12-02 05:00:00,47.13200000,48.77600000,46.37800000,48.50700000,123724091.77700000
2024-12-02 09:00:00,48.50700000,49.14200000,45.15400000,46.24800000,149430554.13600001
2024-12-02 13:00:00,46.24800000,50.06100000,46.02900000,49.10900000,157569873.33800000
2024-12-02 17:00:00,49.10900000,49.72100000,46.85000000,48.51200000,93028611.65600000
2024-12-02 21:00:00,48.51200000,52.53000000,48.05500000,52.30600000,157748263.86100000
2024-12-03 01:00:00,52.30600000,52.90200000,50.77200000,52.07400000,92856258.73899999
2024-12-03 05:00:00,52.07400000,52.38400000,50.33100000,50.83900000,80122083.64100000
2024-12-03 09:00:00,50.83900000,52.13200000,50.58700000,51.82200000,68007136.68000001
2024-12-03 13:00:00,51.82200000,53.98500000,47.87400000,50.19400000,220431488.93500000
2024-12-03 17:00:00,50.19400000,50.98200000,49.27800000,50.33300000,64188898.43400000
2024-12-03 21:00:00,50.33300000,51.81900000,50.26700000,50.93100000,70308055.82799999
2024-12-04 01:00:00,50.93100000,52.49900000,50.88100000,51.92700000,73340120.31000000
2024-12-04 05:00:00,51.92700000,54.95900000,51.91800000,54.54500000,96477150.36000000
2024-12-04 09:00:00,54.54500000,55.07500000,53.72500000,54.00300000,77045945.95400000
2024-12-04 13:00:00,54.00300000,55.83700000,53.08800000,55.68700000,101439756.41200000
2024-12-04 17:00:00,55.68700000,55.86000000,52.67200000,54.46800000,92616184.32700001
2024-12-04 21:00:00,54.46800000,55.42300000,52.08000000,52.82000000,72949378.02700000
2024-12-05 01:00:00,52.82000000,52.84800000,49.75000000,51.01300000,96837511.41400000
2024-12-05 05:00:00,51.01300000,52.38900000,50.92200000,51.99600000,50447358.12200000
2024-12-05 09:00:00,51.99600000,52.84400000,51.89200000,52.80200000,42103993.79700000
2024-12-05 13:00:00,52.80200000,53.36400000,51.72300000,52.29600000,58896393.29800000
2024-12-05 17:00:00,52.29600000,53.68300000,51.65500000,51.75700000,57263380.44100000
2024-12-05 21:00:00,51.75700000,52.03600000,48.50000000,50.31900000,91866676.87300000
2024-12-06 01:00:00,50.31900000,52.01900000,50.16000000,51.65200000,38113927.66800000
2024-12-06 05:00:00,51.65200000,53.62900000,51.59200000,52.82100000,41637582.22400000
2024-12-06 09:00:00,52.82100000,52.97800000,50.68700000,50.99100000,47688891.68200000
2024-12-06 13:00:00,50.99100000,52.07400000,49.64000000,51.70600000,63736917.63900000
2024-12-06 17:00:00,51.70600000,53.04500000,51.48900000,52.69700000,45876785.80000000
2024-12-06 21:00:00,52.69700000,53.05600000,52.07300000,52.51700000,31082801.11700000
2024-12-07 01:00:00,52.51700000,52.68000000,51.65100000,51.90700000,23347807.03000000
2024-12-07 05:00:00,51.90700000,52.31400000,51.24100000,51.52800000,19740592.44100000
2024-12-07 09:00:00,51.52800000,52.44900000,51.31000000,52.31800000,23853783.39700000
2024-12-07 13:00:00,52.31800000,52.78000000,51.60900000,52.55900000,29290667.82500000
2024-12-07 17:00:00,52.55900000,53.14000000,51.75000000,52.26800000,35789983.51700000
2024-12-07 21:00:00,52.26800000,52.68400000,51.55300000,51.63300000,26065682.98400000
2024-12-08 01:00:00,51.63300000,52.02800000,51.40100000,51.88300000,19576639.10300000
2024-12-08 05:00:00,51.88300000,52.17700000,50.70800000,51.58400000,29313763.15200000
2024-12-08 09:00:00,51.58400000,51.68200000,50.38400000,51.49800000,35602581.83300000
2024-12-08 13:00:00,51.49800000,52.88600000,51.05800000,52.26500000,43653665.02900000
2024-12-08 17:00:00,52.26500000,53.25800000,51.95000000,52.85100000,47693479.85300000
2024-12-08 21:00:00,52.85100000,54.46000000,52.82200000,54.02400000,48342921.13900000
2024-12-09 01:00:00,54.02400000,54.26600000,51.16100000,51.75600000,53671179.18800000
2024-12-09 05:00:00,51.75600000,52.51400000,50.46600000,51.44100000,48771526.42600000
2024-12-09 09:00:00,51.44100000,51.44100000,49.11100000,49.26300000,72290030.94800000
2024-12-09 13:00:00,49.26300000,51.00500000,48.83600000,49.05600000,69707630.35800000
2024-12-09 17:00:00,49.05600000,49.77200000,48.74400000,48.81300000,39830346.09700000
2024-12-09 21:00:00,48.81300000,48.94000000,39.72400000,44.97400000,213938216.12300000
2024-12-10 01:00:00,44.97400000,46.07500000,42.26000000,44.06800000,83559110.87899999
2024-12-10 05:00:00,44.06800000,45.74500000,43.00900000,45.26700000,48562977.67500000
2024-12-10 09:00:00,45.26700000,46.46400000,44.70000000,45.77900000,43194672.36100000
2024-12-10 13:00:00,45.77900000,45.96100000,42.34800000,42.36800000,82345441.65200000
2024-12-10 17:00:00,42.36800000,43.66100000,41.30500000,43.55100000,87354334.05800000
2024-12-10 21:00:00,43.55100000,45.34600000,43.29300000,44.58700000,37785286.92400000
2024-12-11 01:00:00,44.58700000,44.73000000,42.80800000,44.26100000,40286662.78400000
2024-12-11 05:00:00,44.26100000,44.60800000,43.91600000,43.97700000,21102828.47100000
2024-12-11 09:00:00,43.97700000,45.58700000,43.92000000,45.37900000,28349047.30700000
2024-12-11 13:00:00,45.37900000,48.37400000,45.25000000,47.89900000,67224791.71400000
2024-12-11 17:00:00,47.89900000,48.33700000,47.18200000,47.74400000,34899038.32200000
2024-12-11 21:00:00,47.74400000,48.44100000,47.61900000,48.43800000,20024891.13400000
2024-12-12 01:00:00,48.43800000,50.35300000,48.18100000,49.73500000,44598226.62600000
2024-12-12 05:00:00,49.73500000,51.02500000,49.52600000,50.11100000,37587527.09800000
2024-12-12 09:00:00,50.11100000,51.27700000,49.59600000,49.79100000,42533563.44400000
2024-12-12 13:00:00,49.79100000,52.97600000,49.57100000,52.28600000,129083712.61399999
2024-12-12 17:00:00,52.28600000,55.39600000,51.88200000,52.13400000,137783062.25700000
2024-12-12 21:00:00,52.13400000,53.56000000,51.83700000,53.13800000,66232762.13600000
2024-12-13 01:00:00,53.13800000,53.99700000,51.96700000,52.56700000,59566619.57200000
2024-12-13 05:00:00,52.56700000,53.35600000,51.15800000,51.74600000,47640936.41300000
2024-12-13 09:00:00,51.74600000,52.40000000,51.31000000,51.82000000,35043098.84900000
2024-12-13 13:00:00,51.82000000,52.84200000,51.07200000,51.15700000,55033567.58600000
2024-12-13 17:00:00,51.15700000,52.08800000,50.70800000,51.38500000,51513154.05700000
2024-12-13 21:00:00,51.38500000,52.80000000,51.35500000,52.78000000,26073780.06900000
2024-12-14 01:00:00,52.78000000,53.83500000,52.50400000,52.65000000,31829790.68800000
2024-12-14 05:00:00,52.65000000,52.75000000,52.01800000,52.60200000,21174074.75100000
2024-12-14 09:00:00,52.60200000,53.62600000,52.52500000,52.96600000,31756051.11700000
2024-12-14 13:00:00,52.96600000,53.12700000,50.79100000,51.32900000,52335253.50300000
2024-12-14 17:00:00,51.32900000,51.40700000,49.50900000,50.02300000,48313197.82700000
2024-12-14 21:00:00,50.02300000,50.25100000,49.36200000,49.82900000,28249515.69100000
2024-12-15 01:00:00,49.82900000,50.99300000,49.30000000,49.53300000,33757263.73400000
2024-12-15 05:00:00,49.53300000,50.14300000,48.12200000,48.41500000,33963011.36100000
2024-12-15 09:00:00,48.41500000,49.67700000,48.26700000,49.46400000,26273117.83500000
2024-12-15 13:00:00,49.46400000,51.05000000,49.36500000,50.44100000,37817055.95700000
2024-12-15 17:00:00,50.44100000,50.63500000,49.78000000,50.30100000,28069153.36600000
2024-12-15 21:00:00,50.30100000,51.38500000,48.08200000,50.76300000,62377647.55100000
2024-12-16 01:00:00,50.76300000,52.04500000,49.58100000,49.93200000,54356434.54600000
2024-12-16 05:00:00,49.93200000,50.66300000,49.71200000,49.83700000,23696289.21600000
2024-12-16 09:00:00,49.83700000,49.95400000,48.45400000,48.57400000,38366657.59200000
2024-12-16 13:00:00,48.57400000,49.62900000,48.32500000,48.99100000,46564579.19600000
2024-12-16 17:00:00,48.99100000,50.85900000,48.93800000,50.04000000,58365162.58100000
2024-12-16 21:00:00,50.04000000,50.24400000,48.86000000,48.97800000,28027572.66500000
2024-12-17 01:00:00,48.97800000,49.49600000,48.29500000,49.24400000,30895272.17200000
2024-12-17 05:00:00,49.24400000,49.24400000,48.39600000,48.80400000,36051894.17800000
2024-12-17 09:00:00,48.80400000,50.79100000,48.79500000,50.22100000,43351799.93900000
2024-12-17 13:00:00,50.22100000,50.86400000,48.43900000,48.80100000,60653621.18200000
2024-12-17 17:00:00,48.80100000,49.90000000,48.44200000,48.83700000,37677870.92100000
2024-12-17 21:00:00,48.83700000,49.38000000,47.51700000,47.89400000,45400367.14900000
2024-12-18 01:00:00,47.89400000,48.17800000,46.96400000,46.97000000,37756287.41900000
2024-12-18 05:00:00,46.97000000,47.01900000,46.00100000,46.42700000,36454730.97100000
2024-12-18 09:00:00,46.42700000,47.33200000,45.96200000,47.20900000,24204974.07600000
2024-12-18 13:00:00,47.20900000,47.31600000,45.61600000,46.26200000,39033715.27700000
2024-12-18 17:00:00,46.26200000,47.55500000,45.23800000,45.23800000,52110893.67400000
2024-12-18 21:00:00,45.23800000,45.57300000,42.33800000,42.74600000,111978890.04200000
2024-12-19 01:00:00,42.74600000,43.30300000,40.32200000,42.94700000,74332659.52300000
2024-12-19 05:00:00,42.94700000,43.07700000,42.32200000,42.99800000,22321469.11600000
2024-12-19 09:00:00,42.99800000,43.58600000,42.14500000,43.20300000,30678064.67000000
2024-12-19 13:00:00,43.20300000,43.31700000,40.91800000,41.55200000,60675173.05000000
2024-12-19 17:00:00,41.55200000,42.43000000,37.82900000,38.61800000,111544609.42399999
2024-12-19 21:00:00,38.61800000,39.78200000,37.43900000,38.80500000,51959964.40400000
2024-12-20 01:00:00,38.80500000,40.35500000,38.18400000,39.52500000,37497594.06200000
2024-12-20 05:00:00,39.52500000,39.81700000,38.09400000,39.12100000,28794912.72500000
2024-12-20 09:00:00,39.12100000,39.16900000,33.58600000,33.65700000,108157130.17900001
2024-12-20 13:00:00,33.65700000,38.44500000,33.57900000,37.99200000,78763925.69000000
2024-12-20 17:00:00,37.99200000,39.55000000,37.71600000,39.10400000,47600222.29500000
2024-12-20 21:00:00,39.10400000,40.01100000,37.93300000,39.83400000,40254304.78900000
2024-12-21 01:00:00,39.83400000,40.11000000,39.37000000,39.84400000,21527026.81700000
2024-12-21 05:00:00,39.84400000,42.32900000,39.78300000,41.82400000,31316408.99800000
2024-12-21 09:00:00,41.82400000,41.98900000,40.11400000,40.58700000,33193794.34200000
2024-12-21 13:00:00,40.58700000,40.62800000,37.80000000,38.59600000,66245304.82500000
2024-12-21 17:00:00,38.59600000,38.71800000,37.01600000,37.72900000,50124719.23100000
2024-12-21 21:00:00,37.72900000,38.13700000,36.90400000,37.40800000,30197904.81900000
2024-12-22 01:00:00,37.40800000,37.81900000,36.94900000,37.51200000,27238674.86500000
2024-12-22 05:00:00,37.51200000,37.71100000,36.16100000,37.58600000,27841734.31100000
2024-12-22 09:00:00,37.58600000,38.52400000,37.57100000,38.01200000,26961906.76400000
2024-12-22 13:00:00,38.01200000,38.34800000,36.61000000,37.00000000,34789060.90900000
2024-12-22 17:00:00,37.00000000,37.63000000,36.02000000,36.13500000,32912912.12400000
2024-12-22 21:00:00,36.13500000,37.06300000,35.52100000,36.55600000,43510750.41700000
2024-12-23 01:00:00,36.55600000,37.89700000,35.60100000,37.77000000,34147323.99100000
2024-12-23 05:00:00,37.77000000,37.99400000,35.82500000,36.29600000,28092122.56500000
2024-12-23 09:00:00,36.29600000,37.47000000,36.20000000,36.86200000,26074926.16700000
2024-12-23 13:00:00,36.86200000,37.24400000,35.69000000,35.74500000,40844298.62500000
2024-12-23 17:00:00,35.74500000,37.48300000,35.73300000,36.93400000,45253413.34900000
2024-12-23 21:00:00,36.93400000,39.72200000,36.91200000,39.08300000,53489412.33100000
2024-12-24 01:00:00,39.08300000,39.29800000,37.68400000,38.55000000,24904184.55800000
2024-12-24 05:00:00,38.55000000,39.09600000,38.25400000,38.53800000,16706665.80200000
2024-12-24 09:00:00,38.53800000,39.67300000,38.36000000,39.59400000,30161254.08300000
2024-12-24 13:00:00,39.59400000,40.99300000,39.00000000,40.86900000,43622138.05200000
2024-12-24 17:00:00,40.86900000,42.03500000,40.77400000,40.87400000,42106415.89600000
2024-12-24 21:00:00,40.87400000,41.45000000,40.27300000,41.22300000,32014292.22600000
2024-12-25 01:00:00,41.22300000,41.46800000,40.57700000,41.11700000,19732343.83200000
2024-12-25 05:00:00,41.11700000,41.56000000,40.80300000,40.86000000,17728302.68200000
2024-12-25 09:00:00,40.86000000,41.86600000,40.35300000,40.44200000,26982528.39000000
2024-12-25 13:00:00,40.44200000,41.01600000,40.28900000,40.55200000,20005447.75100000
2024-12-25 17:00:00,40.55200000,40.63000000,40.00300000,40.53900000,18023219.76700000
2024-12-25 21:00:00,40.53900000,40.78400000,39.80100000,40.23600000,17107888.46500000
2024-12-26 01:00:00,40.23600000,40.70900000,39.36200000,39.56000000,21725148.84800000
2024-12-26 05:00:00,39.56000000,39.54800000,38.63600000,38.70800000,20676721.19800000
2024-12-26 09:00:00,38.70800000,38.76600000,37.59600000,37.96800000,38544158.92000000
2024-12-26 13:00:00,37.96800000,38.05600000,37.41100000,37.66000000,25036289.49900000
2024-12-26 17:00:00,37.66000000,37.93500000,37.09400000,37.59300000,23313415.45400000
2024-12-26 21:00:00,37.59300000,37.68400000,36.96000000,37.30900000,16444041.13400000
2024-12-27 01:00:00,37.30900000,37.83400000,37.03600000,37.55900000,16167218.09600000
2024-12-27 05:00:00,37.55900000,38.08600000,36.82100000,37.18700000,22355150.23000000
2024-12-27 09:00:00,37.18700000,39.01300000,37.18300000,38.49700000,38437984.34900000
2024-12-27 13:00:00,38.49700000,38.56700000,36.52900000,36.64800000,30749658.20000000
2024-12-27 17:00:00,36.64800000,37.54000000,36.27900000,37.18300000,25466224.44300000
2024-12-27 21:00:00,37.18300000,37.22500000,36.31100000,36.55200000,14748830.90300000
2024-12-28 01:00:00,36.55200000,36.77400000,36.26700000,36.65700000,10534399.17100000
2024-12-28 05:00:00,36.65700000,36.97800000,36.31500000,36.39000000,8281792.29900000
2024-12-28 09:00:00,36.39000000,36.88200000,36.37600000,36.76700000,9565462.02700000
2024-12-28 13:00:00,36.76700000,37.51400000,36.42000000,37.04400000,18549319.72100000
2024-12-28 17:00:00,37.04400000,37.90000000,36.94800000,37.60500000,15204442.49200000
2024-12-28 21:00:00,37.60500000,38.13000000,37.43300000,37.72800000,14445564.41400000
2024-12-29 01:00:00,37.72800000,37.79100000,37.11800000,37.47000000,9795140.27300000
2024-12-29 05:00:00,37.47000000,37.67400000,37.09200000,37.65700000,6861066.10200000
2024-12-29 09:00:00,37.65700000,37.71900000,37.05800000,37.07300000,8064785.10200000
2024-12-29 13:00:00,37.07300000,37.29700000,36.41700000,36.56100000,17939973.81800000
2024-12-29 17:00:00,36.56100000,36.58600000,36.07000000,36.19200000,16267928.23700000
2024-12-29 21:00:00,36.19200000,36.22600000,35.51200000,35.81400000,20439563.98600000
2024-12-30 01:00:00,35.81400000,37.05500000,35.68600000,36.39900000,20105714.72300000
2024-12-30 05:00:00,36.39900000,36.99500000,36.06100000,36.76800000,16619769.25200000
2024-12-30 09:00:00,36.76800000,37.06300000,36.41000000,36.71800000,16396253.27500000
2024-12-30 13:00:00,36.71800000,37.17200000,34.86400000,35.12400000,38663896.70700000
2024-12-30 17:00:00,35.12400000,36.98700000,34.92600000,36.92800000,34399760.22600000
2024-12-30 21:00:00,36.92800000,37.16600000,35.69900000,35.96000000,23071179.86900000
2024-12-31 01:00:00,35.96000000,35.96600000,35.10600000,35.20900000,16067008.90500000
2024-12-31 05:00:00,35.20900000,35.43800000,34.91500000,35.28800000,12842028.33300000
2024-12-31 09:00:00,35.28800000,36.43300000,35.25800000,36.19400000,23707473.39800000
2024-12-31 13:00:00,36.19400000,37.28700000,36.02800000,36.76900000,27256687.49200000
2024-12-31 17:00:00,36.76900000,36.84800000,35.53200000,35.98500000,23344044.99800000
2024-12-31 21:00:00,35.98500000,36.12600000,35.55000000,35.68500000,9554996.33600000
2025-01-01 01:00:00,35.68500000,36.21600000,35.55900000,35.59700000,10790513.70400000
2025-01-01 05:00:00,35.59700000,35.75000000,35.32300000,35.60300000,8317840.07400000
2025-01-01 09:00:00,35.60300000,35.69300000,34.93500000,35.51000000,14236944.39900000
2025-01-01 13:00:00,35.51000000,36.51200000,35.48300000,36.46700000,15288478.33200000
2025-01-01 17:00:00,36.46700000,37.35400000,36.01800000,37.08600000,26325982.47100000
2025-01-01 21:00:00,37.08600000,37.99100000,37.09200000,37.77000000,24916006.96200000
2025-01-02 01:00:00,37.77000000,38.70000000,37.77000000,38.46800000,21062236.76300000
2025-01-02 05:00:00,38.46800000,39.26200000,38.45600000,38.86000000,16472205.50500000
2025-01-02 09:00:00,38.86000000,40.55000000,38.84600000,40.39300000,29764053.18800000
2025-01-02 13:00:00,40.39300000,40.59400000,39.29000000,39.40500000,32327034.22000000
2025-01-02 17:00:00,39.40500000,39.87700000,38.96800000,38.99200000,22686882.00500000
2025-01-02 21:00:00,38.99200000,39.37100000,38.79700000,39.27500000,13067706.58000000
2025-01-03 01:00:00,39.27500000,39.96500000,38.90100000,39.87800000,16183318.26100000
2025-01-03 05:00:00,39.87800000,40.26800000,39.32800000,39.42200000,17950110.10400000
2025-01-03 09:00:00,39.42200000,41.34800000,39.39700000,41.29600000,38186464.66400000
2025-01-03 13:00:00,41.29600000,42.08100000,40.96500000,41.90500000,32157143.94400000
2025-01-03 17:00:00,41.90500000,42.19400000,41.66500000,41.98500000,25244732.28100000
2025-01-03 21:00:00,41.98500000,42.04500000,41.45200000,41.95500000,20549075.74400000
2025-01-04 01:00:00,41.95500000,42.36000000,41.47300000,41.90900000,16941864.76800000
2025-01-04 05:00:00,41.90900000,42.07100000,41.53200000,42.00500000,9809931.54700000
2025-01-04 09:00:00,42.00500000,42.01600000,41.21800000,41.45200000,14230243.92200000
2025-01-04 13:00:00,41.45200000,42.11600000,40.89600000,41.06300000,27759858.16900000
2025-01-04 17:00:00,41.06300000,41.98200000,41.00000000,41.94200000,15345924.34200000
2025-01-04 21:00:00,41.94200000,42.84100000,41.90200000,42.62400000,26240656.65000000
2025-01-05 01:00:00,42.62400000,42.88000000,41.86400000,42.28900000,16206676.34400000
2025-01-05 05:00:00,42.28900000,42.82400000,42.19000000,42.28800000,13060277.41600000
2025-01-05 09:00:00,42.28800000,42.33400000,41.44700000,41.75900000,18591009.12600000
2025-01-05 13:00:00,41.75900000,42.02300000,41.24100000,41.77000000,19292329.36900000
2025-01-05 17:00:00,41.77000000,42.51400000,41.68300000,42.42000000,16287162.82300000
2025-01-05 21:00:00,42.42000000,43.21200000,42.26100000,43.11100000,16018603.68100000
2025-01-06 01:00:00,43.11100000,43.69000000,42.02700000,43.69000000,28475289.78600000
2025-01-06 05:00:00,43.69000000,43.98600000,43.17200000,43.19400000,18342614.86400000
2025-01-06 09:00:00,43.19400000,44.58800000,43.18500000,44.28100000,28892616.07200000
2025-01-06 13:00:00,44.28100000,44.88200000,43.39400000,44.75000000,36539563.06800000
2025-01-06 17:00:00,44.75000000,45.05500000,43.61900000,44.32300000,31934785.88000000
2025-01-06 21:00:00,44.32300000,44.45000000,43.70300000,44.04700000,15857268.25600000
2025-01-07 01:00:00,44.04700000,44.57300000,43.60100000,43.88300000,16537809.47900000
2025-01-07 05:00:00,43.88300000,44.17700000,43.45800000,43.79200000,12124759.82400000
2025-01-07 09:00:00,43.79200000,44.04200000,42.85000000,43.12200000,17948055.94800000
2025-01-07 13:00:00,43.12200000,43.22300000,40.28100000,40.86600000,66276175.14000000
2025-01-07 17:00:00,40.86600000,41.27300000,39.73200000,39.85100000,39724841.06800000
2025-01-07 21:00:00,39.85100000,40.32200000,39.12800000,39.18900000,31783882.80000000
2025-01-08 01:00:00,39.18900000,39.90800000,38.65300000,38.89600000,26725578.93800000
2025-01-08 05:00:00,38.89600000,39.08800000,37.55300000,38.37500000,33572804.34700000
2025-01-08 09:00:00,38.37500000,39.13600000,37.88300000,38.13400000,24000619.62600000
2025-01-08 13:00:00,38.13400000,38.61400000,37.73700000,38.17000000,27692952.78100000
2025-01-08 17:00:00,38.17000000,38.19700000,36.16900000,37.20000000,59489922.89300000
2025-01-08 21:00:00,37.20000000,37.80800000,36.68500000,37.40000000,20127695.99200000
2025-01-09 01:00:00,37.40000000,37.92400000,36.86000000,37.04900000,19265312.31100000
2025-01-09 05:00:00,37.04900000,37.21700000,36.14400000,36.29400000,14921627.62100000
2025-01-09 09:00:00,36.29400000,37.04200000,36.20900000,36.69800000,20898454.54900000
2025-01-09 13:00:00,36.69800000,37.44800000,35.54300000,37.23400000,40665946.82900000
2025-01-09 17:00:00,37.23400000,37.41700000,35.84700000,35.95500000,29104042.96500000
2025-01-09 21:00:00,35.95500000,36.49300000,35.48300000,36.17700000,21446183.24200000
2025-01-10 01:00:00,36.17700000,36.90700000,36.17700000,36.84600000,10447724.49200000
2025-01-10 05:00:00,36.84600000,37.91400000,36.71100000,37.63500000,14832023.55200000
2025-01-10 09:00:00,37.63500000,37.85700000,37.31900000,37.53000000,16852059.29000000
2025-01-10 13:00:00,37.53000000,37.73400000,36.11200000,36.58200000,43798530.37000000
2025-01-10 17:00:00,36.58200000,37.44300000,35.96100000,36.89800000,28495678.12400000
2025-01-10 21:00:00,36.89800000,36.91300000,36.39200000,36.64500000,11201427.88900000
2025-01-11 01:00:00,36.64500000,36.78500000,36.07900000,36.10900000,7648500.24500000
2025-01-11 05:00:00,36.10900000,36.67400000,36.00100000,36.44700000,9356770.20000000
2025-01-11 09:00:00,36.44700000,36.93800000,36.18100000,36.80800000,10105273.04300000
2025-01-11 13:00:00,36.80800000,36.86900000,36.26100000,36.40200000,10089985.62900000
2025-01-11 17:00:00,36.40200000,36.62500000,36.26100000,36.48200000,8084541.90400000
2025-01-11 21:00:00,36.48200000,37.77100000,36.38500000,37.11400000,23076276.00600000
2025-01-12 01:00:00,37.11400000,37.32700000,36.76900000,37.09800000,9665180.19300000
2025-01-12 05:00:00,37.09800000,37.19600000,36.52300000,36.81900000,8342127.22900000
2025-01-12 09:00:00,36.81900000,36.94100000,36.34200000,36.76200000,9286783.78700000
2025-01-12 13:00:00,36.76200000,37.53000000,36.59400000,37.47600000,16680450.47300000
2025-01-12 17:00:00,37.47600000,37.61900000,36.75000000,36.79600000,12593507.17900000
2025-01-12 21:00:00,36.79600000,36.95100000,36.10100000,36.53900000,14027026.27000000
2025-01-13 01:00:00,36.53900000,37.35100000,35.22500000,35.36900000,17918897.90300000
2025-01-13 05:00:00,35.36900000,35.90300000,34.64900000,35.06000000,17125173.61500000
2025-01-13 09:00:00,35.06000000,35.07900000,33.34300000,33.37100000,36956674.27700000
2025-01-13 13:00:00,33.37100000,34.76100000,32.70100000,34.39700000,57802793.62700000
2025-01-13 17:00:00,34.39700000,34.53200000,33.10100000,33.79600000,30468375.63300000
2025-01-13 21:00:00,33.79600000,35.40700000,33.55500000,35.27000000,25964736.87600000
2025-01-14 01:00:00,35.27000000,35.48900000,34.99800000,35.17700000,12375327.71600000
2025-01-14 05:00:00,35.17700000,35.71000000,35.18100000,35.21100000,11135724.76700000
2025-01-14 09:00:00,35.21100000,36.35900000,35.19600000,35.90500000,20313024.45300000
2025-01-14 13:00:00,35.90500000,36.54500000,35.64200000,36.17800000,20842620.66700000
2025-01-14 17:00:00,36.17800000,36.70700000,35.83300000,36.38900000,17609392.28700000
2025-01-14 21:00:00,36.38900000,36.65300000,36.17200000,36.54900000,11968115.25500000
2025-01-15 01:00:00,36.54900000,36.87900000,36.36500000,36.85400000,13494053.44600000
2025-01-15 05:00:00,36.85400000,37.35600000,36.52000000,37.24400000,13139931.32500000
2025-01-15 09:00:00,37.24400000,37.42000000,36.18600000,36.99600000,27408663.14700000
2025-01-15 13:00:00,36.99600000,39.71800000,36.70900000,39.31900000,64134228.47000000
2025-01-15 17:00:00,39.31900000,39.64900000,38.62000000,39.45000000,26843331.13300000
2025-01-15 21:00:00,39.45000000,40.02200000,38.98300000,39.81100000,27997937.67500000
2025-01-16 01:00:00,39.81100000,40.07800000,38.91900000,38.98800000,23099237.70900000
2025-01-16 05:00:00,38.98800000,39.44700000,38.98100000,39.29800000,10184690.23600000
2025-01-16 09:00:00,39.29800000,39.52600000,38.31900000,39.49100000,28179190.77300000
2025-01-16 13:00:00,39.49100000,40.52100000,38.51900000,39.73200000,66379589.21600000
2025-01-16 17:00:00,39.73200000,40.27500000,39.62800000,40.22900000,26699432.20100000
2025-01-16 21:00:00,40.22900000,40.33800000,39.55700000,40.05000000,18495275.12300000
2025-01-17 01:00:00,40.05000000,41.04100000,40.05000000,40.45600000,21590873.11400000
2025-01-17 05:00:00,40.45600000,41.62200000,40.30500000,41.33600000,17648791.37500000
2025-01-17 09:00:00,41.33600000,41.48800000,40.78300000,41.07000000,23389531.07400000
2025-01-17 13:00:00,41.07000000,41.61500000,40.72900000,40.97300000,32555330.66600000
2025-01-17 17:00:00,40.97300000,41.34300000,40.57400000,40.89500000,24748849.68300000
2025-01-17 21:00:00,40.89500000,41.81800000,40.85000000,41.36000000,22768927.02400000
2025-01-18 01:00:00,41.36000000,41.67100000,40.41800000,40.60900000,20206585.07400000
2025-01-18 05:00:00,40.60900000,41.01300000,39.13500000,39.34700000,42921344.95200000
2025-01-18 09:00:00,39.34700000,39.58500000,38.75300000,39.42900000,31412219.77400000
2025-01-18 13:00:00,39.42900000,39.65800000,38.80800000,39.08000000,24741309.76800000
2025-01-18 17:00:00,39.08000000,39.25400000,38.28100000,38.99700000,37185707.78100000
2025-01-18 21:00:00,38.99700000,39.44300000,38.56100000,39.22100000,16363638.20700000
2025-01-19 01:00:00,39.22100000,40.56200000,39.03400000,39.38200000,24535646.97200000
2025-01-19 05:00:00,39.38200000,39.61300000,38.51200000,38.51600000,25197343.24500000
2025-01-19 09:00:00,38.51600000,38.51700000,36.43200000,36.64000000,58038707.21700000
2025-01-19 13:00:00,36.64000000,38.89500000,36.57200000,38.46300000,48712698.54500000
2025-01-19 17:00:00,38.46300000,39.09900000,38.27100000,38.77200000,23401520.68800000
2025-01-19 21:00:00,38.77200000,39.00000000,34.96300000,35.65500000,83692085.08499999
2025-01-20 01:00:00,35.65500000,35.87600000,34.46700000,35.57400000,59792627.53400000
2025-01-20 05:00:00,35.57400000,40.38800000,35.29000000,38.64200000,64821009.10100000
2025-01-20 09:00:00,38.64200000,39.17200000,37.80800000,38.22500000,28599133.72000000
2025-01-20 13:00:00,38.22500000,38.33600000,36.76000000,37.29600000,42918036.08200000
2025-01-20 17:00:00,37.29600000,37.72900000,35.02900000,36.55300000,59619346.09800000
2025-01-20 21:00:00,36.55300000,37.83200000,35.53300000,36.00900000,41580967.08400000
2025-01-21 01:00:00,36.00900000,36.01000000,34.84000000,35.22800000,28530387.54800000
2025-01-21 05:00:00,35.22800000,35.51100000,34.49000000,35.31600000,21176251.12900000
2025-01-21 09:00:00,35.31600000,36.55000000,34.98600000,36.38700000,25883724.08400000
2025-01-21 13:00:00,36.38700000,36.92400000,35.70900000,36.17500000,33760006.89600000
2025-01-21 17:00:00,36.17500000,37.57700000,36.04400000,37.07500000,27658963.04800000
2025-01-21 21:00:00,37.07500000,37.37600000,36.63200000,36.95200000,15401763.61200000
2025-01-22 01:00:00,36.95200000,37.31400000,36.69000000,37.16400000,11696640.56200000
2025-01-22 05:00:00,37.16400000,37.38200000,36.73500000,36.84600000,10419766.41000000
2025-01-22 09:00:00,36.84600000,37.62300000,36.48400000,37.54900000,14716359.12400000
2025-01-22 13:00:00,37.54900000,37.77800000,36.54100000,36.90000000,21116124.35900000
2025-01-22 17:00:00,36.90000000,37.48900000,36.55000000,37.21500000,19866959.58700000
2025-01-22 21:00:00,37.21500000,37.46900000,36.57200000,36.79800000,17792699.47600000
2025-01-23 01:00:00,36.79800000,36.95100000,35.75500000,36.05100000,18302599.21800000
2025-01-23 05:00:00,36.05100000,36.13400000,35.27100000,35.67700000,14714707.50500000
2025-01-23 09:00:00,35.67700000,35.67700000,34.90000000,35.20900000,16040366.18000000
2025-01-23 13:00:00,35.20900000,36.29400000,34.76400000,35.91700000,35444401.76000000
2025-01-23 17:00:00,35.91700000,36.60400000,34.69800000,34.87300000,27363276.56000000
2025-01-23 21:00:00,34.87300000,35.83500000,34.61300000,35.54200000,37543876.73800000
2025-01-24 01:00:00,35.54200000,35.71600000,34.53400000,34.99300000,17437185.78500000
2025-01-24 05:00:00,34.99300000,36.34900000,34.79900000,35.77200000,19978188.50900000
2025-01-24 09:00:00,35.77200000,36.37600000,35.68000000,36.18200000,13974693.08500000
2025-01-24 13:00:00,36.18200000,36.65600000,35.95600000,36.24000000,19688633.05200000
2025-01-24 17:00:00,36.24000000,36.77600000,36.01700000,36.27000000,15487269.25200000
2025-01-24 21:00:00,36.27000000,36.44400000,35.15100000,35.32000000,17538899.61800000
2025-01-25 01:00:00,35.32000000,35.98500000,34.87600000,35.91400000,15607436.55000000
2025-01-25 05:00:00,35.91400000,35.94400000,35.20400000,35.29900000,8400806.77600000
2025-01-25 09:00:00,35.29900000,35.51400000,35.02400000,35.47600000,7904781.55100000
2025-01-25 13:00:00,35.47600000,36.47600000,35.13100000,36.42900000,19893196.11000000
2025-01-25 17:00:00,36.42900000,37.02000000,36.27100000,36.93000000,27917686.50200000
2025-01-25 21:00:00,36.93000000,37.25400000,36.56600000,36.60500000,15966095.38000000
2025-01-26 01:00:00,36.60500000,37.49300000,36.50500000,37.46500000,15852352.91800000
2025-01-26 05:00:00,37.46500000,38.02400000,37.41000000,37.62300000,17043530.71800000
2025-01-26 09:00:00,37.62300000,37.73100000,37.17700000,37.57600000,15326273.70100000
2025-01-26 13:00:00,37.57600000,37.89400000,37.31000000,37.40000000,13942117.33900000
2025-01-26 17:00:00,37.40000000,38.15300000,37.29600000,37.82000000,17464003.80600000
2025-01-26 21:00:00,37.82000000,37.89500000,35.68700000,35.73000000,29358711.57200000
2025-01-27 01:00:00,35.73000000,36.02800000,34.78300000,35.22500000,33724165.38200000
2025-01-27 05:00:00,35.22500000,35.21900000,32.87000000,33.80100000,44483247.08100000
2025-01-27 09:00:00,33.80100000,33.90400000,32.92400000,33.06600000,30448925.54900000
2025-01-27 13:00:00,33.06600000,34.19500000,32.84400000,33.64300000,44478119.70000000
2025-01-27 17:00:00,33.64300000,34.10000000,32.90800000,33.26700000,26744026.30100000
2025-01-27 21:00:00,33.26700000,34.65900000,33.26500000,34.17300000,24945457.59700000
2025-01-28 01:00:00,34.17300000,34.50800000,33.61700000,34.08500000,16613526.61800000
2025-01-28 05:00:00,34.08500000,34.47900000,33.93200000,34.20500000,15807788.01700000
2025-01-28 09:00:00,34.20500000,34.24400000,33.77000000,33.98400000,15052892.10000000
2025-01-28 13:00:00,33.98400000,34.17600000,33.46600000,33.75400000,24198098.10900000
2025-01-28 17:00:00,33.75400000,33.80400000,33.01600000,33.18000000,21280941.70900000
2025-01-28 21:00:00,33.18000000,33.23800000,31.80400000,32.04300000,35534912.21200000
2025-01-29 01:00:00,32.04300000,32.83500000,31.96000000,32.70500000,19934675.53000000
2025-01-29 05:00:00,32.70500000,33.64800000,32.61800000,33.43800000,16947578.03300000
2025-01-29 09:00:00,33.43800000,33.54500000,33.05600000,33.23600000,9978921.88400000
2025-01-29 13:00:00,33.23600000,33.26600000,32.20200000,32.58700000,18252060.70400000
2025-01-29 17:00:00,32.58700000,33.40700000,31.86600000,32.94200000,31013883.59900000
2025-01-29 21:00:00,32.94200000,33.82500000,32.56200000,32.77500000,27771851.61500000
2025-01-30 01:00:00,32.77500000,33.85500000,32.41300000,33.83600000,13342921.21800000
2025-01-30 05:00:00,33.83600000,33.96800000,33.53200000,33.68600000,11173652.32800000
2025-01-30 09:00:00,33.68600000,34.09700000,33.45200000,33.96200000,13574358.22900000
2025-01-30 13:00:00,33.96200000,34.65300000,33.75100000,34.38300000,21473430.96800000
2025-01-30 17:00:00,34.38300000,34.68200000,34.13300000,34.56800000,13390611.20000000
2025-01-30 21:00:00,34.56800000,34.66000000,34.22100000,34.27800000,9586615.34800000
2025-01-31 01:00:00,34.27800000,34.53500000,33.84100000,33.95700000,13323465.75800000
2025-01-31 05:00:00,33.95700000,35.20000000,33.79500000,34.68100000,18390514.53600000
2025-01-31 09:00:00,34.68100000,35.17700000,34.33800000,35.11700000,14818731.34100000
2025-01-31 13:00:00,35.11700000,35.96500000,35.02700000,35.92600000,24983693.03000000
2025-01-31 17:00:00,35.92600000,36.15900000,34.41500000,34.66200000,30454572.10700000
2025-01-31 21:00:00,34.66200000,34.65300000,34.01900000,34.41900000,17448593.52800000
2025-02-01 01:00:00,34.41900000,35.09200000,34.23000000,34.58600000,12388773.32200000
2025-02-01 05:00:00,34.58600000,34.75100000,34.36200000,34.41500000,7751923.26400000
2025-02-01 09:00:00,34.41500000,34.46600000,33.60100000,33.92100000,16011971.14200000
2025-02-01 13:00:00,33.92100000,34.05700000,33.34400000,33.67500000,15402237.86100000
2025-02-01 17:00:00,33.67500000,33.80000000,32.76900000,32.90600000,15148531.78300000
2025-02-01 21:00:00,32.90600000,32.91400000,31.84800000,32.08900000,23400369.37600000
2025-02-02 01:00:00,32.08900000,32.56400000,30.70500000,30.78800000,28207859.34700000
2025-02-02 05:00:00,30.78800000,31.63800000,30.66900000,31.23500000,21272086.92300000
2025-02-02 09:00:00,31.23500000,31.62900000,30.44200000,30.52500000,17886575.00100000
2025-02-02 13:00:00,30.52500000,31.07200000,30.34500000,30.69100000,19280005.38100000
2025-02-02 17:00:00,30.69100000,30.69800000,27.61200000,28.63300000,80813627.82700001
2025-02-02 21:00:00,28.63300000,28.89900000,25.86200000,27.61300000,64859815.43700000
2025-02-03 01:00:00,27.61300000,27.62000000,21.21600000,23.86600000,135244640.95100001
2025-02-03 05:00:00,23.86600000,25.56200000,22.84800000,25.51400000,47363157.49700000
2025-02-03 09:00:00,25.51400000,25.61100000,24.48200000,25.29500000,35396208.96400000
2025-02-03 13:00:00,25.29500000,27.36900000,24.31400000,27.28600000,60888541.50000000
2025-02-03 17:00:00,27.28600000,28.18400000,26.84800000,28.16900000,43129586.60500000
2025-02-03 21:00:00,28.16900000,28.76300000,27.18200000,28.38200000,32795648.32300000
2025-02-04 01:00:00,28.38200000,28.62000000,27.37600000,27.59100000,19704030.25100000
2025-02-04 05:00:00,27.59100000,27.75200000,25.56600000,25.63500000,39490187.82500000
2025-02-04 09:00:00,25.63500000,26.73100000,25.51800000,26.38700000,23171938.03800000
2025-02-04 13:00:00,26.38700000,27.32300000,26.39300000,26.87900000,32512686.28500000
2025-02-04 17:00:00,26.87900000,27.92700000,26.73300000,26.80100000,27570414.19800000
2025-02-04 21:00:00,26.80100000,27.06500000,25.72400000,26.44800000,36121601.91000000
2025-02-05 01:00:00,26.44800000,27.11100000,26.24200000,26.67600000,20379398.40800000
2025-02-05 05:00:00,26.67600000,27.11000000,26.44100000,26.83300000,12090329.47700000
2025-02-05 09:00:00,26.83300000,27.40000000,26.63000000,27.29300000,14418281.24800000
2025-02-05 13:00:00,27.29300000,27.39900000,26.34300000,26.55100000,20626103.89700000
2025-02-05 17:00:00,26.55100000,26.60500000,25.61100000,26.16200000,28021407.05000000
2025-02-05 21:00:00,26.16200000,26.25200000,25.60000000,25.83700000,15780961.97400000
2025-02-06 01:00:00,25.83700000,26.32600000,25.71100000,26.14000000,11796342.82400000
2025-02-06 05:00:00,26.14000000,26.80100000,26.07200000,26.51700000,10358617.66700000
2025-02-06 09:00:00,26.51700000,26.80300000,26.13500000,26.42500000,16493656.27500000
2025-02-06 13:00:00,26.42500000,26.46100000,24.79100000,24.98000000,32205305.27900000
2025-02-06 17:00:00,24.98000000,25.20200000,24.43400000,24.62500000,30339015.11900000
2025-02-06 21:00:00,24.62500000,25.04000000,24.24500000,24.49200000,17073333.30000000
2025-02-07 01:00:00,24.49200000,25.21500000,24.45200000,24.94200000,13838649.30200000
2025-02-07 05:00:00,24.94200000,25.15700000,24.43600000,24.80500000,12658876.98500000
2025-02-07 09:00:00,24.80500000,25.55300000,24.69800000,25.49000000,15547284.54800000
2025-02-07 13:00:00,25.49000000,26.20700000,25.13200000,25.42200000,37230122.26100000
2025-02-07 17:00:00,25.42200000,25.50800000,24.69900000,24.84200000,23775336.91500000
2025-02-07 21:00:00,24.84200000,24.86500000,23.68800000,24.44700000,29898072.32000000
2025-02-08 01:00:00,24.44700000,24.81200000,24.20800000,24.26400000,13383836.98600000
2025-02-08 05:00:00,24.26400000,24.45300000,23.91400000,24.34000000,8793133.19500000
2025-02-08 09:00:00,24.34000000,24.41300000,23.90100000,24.12200000,10296636.71800000
2025-02-08 13:00:00,24.12200000,24.45900000,23.94400000,24.21500000,14499918.02300000
2025-02-08 17:00:00,24.21500000,24.70900000,24.05800000,24.56700000,13527364.46100000
2025-02-08 21:00:00,24.56700000,24.67400000,24.28100000,24.56900000,8522207.20300000
2025-02-09 01:00:00,24.56900000,25.28900000,24.49400000,25.23600000,11372162.53700000
2025-02-09 05:00:00,25.23600000,25.36900000,24.90300000,25.31500000,10307272.40200000
2025-02-09 09:00:00,25.31500000,25.51300000,24.95000000,24.96000000,17630536.64500000
2025-02-09 13:00:00,24.96000000,25.23900000,24.47500000,25.09600000,15907806.87400000
2025-02-09 17:00:00,25.09600000,25.25300000,24.59600000,24.66100000,12141444.95100000
2025-02-09 21:00:00,24.66100000,25.03900000,23.63600000,24.86000000,28915805.40900000
2025-02-10 01:00:00,24.86000000,25.39400000,23.84200000,24.83200000,25089355.83600000
2025-02-10 05:00:00,24.83200000,25.46500000,24.72100000,25.38600000,14742783.40300000
2025-02-10 09:00:00,25.38600000,25.88100000,25.27000000,25.42300000,17947947.24600000
2025-02-10 13:00:00,25.42300000,25.97700000,25.17200000,25.41000000,19405815.28800000
2025-02-10 17:00:00,25.41000000,25.67600000,25.29700000,25.43800000,13362105.79500000
2025-02-10 21:00:00,25.43800000,25.66400000,25.36100000,25.65700000,9461649.48200000
2025-02-11 01:00:00,25.65700000,26.33000000,25.63900000,26.28700000,16364683.97400000
2025-02-11 05:00:00,26.28700000,26.79000000,26.07800000,26.69200000,15922707.58700000
2025-02-11 09:00:00,26.69200000,27.00900000,26.29300000,26.49800000,16326734.47900000
2025-02-11 13:00:00,26.49800000,26.65300000,25.80400000,26.12600000,19688897.10200000
2025-02-11 17:00:00,26.12600000,26.17600000,24.87100000,25.03700000,20693860.23400000
2025-02-11 21:00:00,25.03700000,25.59500000,24.97400000,25.37800000,15836581.45700000
2025-02-12 01:00:00,25.37800000,25.59700000,24.96400000,25.19000000,11245531.03500000
2025-02-12 05:00:00,25.19000000,25.32600000,24.90100000,25.12300000,10237576.84400000
2025-02-12 09:00:00,25.12300000,25.37600000,24.82400000,25.24600000,12106869.20100000
2025-02-12 13:00:00,25.24600000,25.66900000,24.26500000,25.00400000,42852863.23100000
2025-02-12 17:00:00,25.00400000,26.10100000,24.66500000,25.99800000,20785454.62700000
2025-02-12 21:00:00,25.99800000,27.08600000,25.96800000,26.49100000,20059315.41100000
2025-02-13 01:00:00,26.49100000,26.60600000,26.12900000,26.38800000,12717800.62300000
2025-02-13 05:00:00,26.38800000,26.41400000,25.45800000,25.51100000,12214715.31100000
2025-02-13 09:00:00,25.51100000,25.84400000,25.34200000,25.60200000,12004954.23500000
2025-02-13 13:00:00,25.60200000,25.73700000,25.08200000,25.47700000,18347545.36800000
2025-02-13 17:00:00,25.47700000,25.83100000,25.06900000,25.48200000,15512731.28600000
2025-02-13 21:00:00,25.48200000,25.58600000,25.24300000,25.38100000,10954091.17000000
2025-02-14 01:00:00,25.38100000,26.01300000,25.28100000,25.95600000,10090000.12300000
2025-02-14 05:00:00,25.95600000,25.99100000,25.53900000,25.68500000,7972290.73400000
2025-02-14 09:00:00,25.68500000,26.37700000,25.68500000,26.05500000,16941796.74700000
2025-02-14 13:00:00,26.05500000,26.71600000,25.78600000,26.56400000,20086372.41200000
2025-02-14 17:00:00,26.56400000,27.21900000,26.28500000,26.58100000,25049022.50100000
2025-02-14 21:00:00,26.58100000,26.63100000,25.93400000,26.37100000,17804970.25600000
2025-02-15 01:00:00,26.37100000,26.95000000,26.20300000,26.69800000,9955631.70600000
2025-02-15 05:00:00,26.69800000,26.84200000,26.24200000,26.37500000,7739027.47900000
2025-02-15 09:00:00,26.37500000,26.51600000,25.93300000,26.06900000,9047684.76200000
2025-02-15 13:00:00,26.06900000,26.23300000,25.46500000,25.66800000,14384191.40100000
2025-02-15 17:00:00,25.66800000,25.84300000,25.53100000,25.54700000,10900394.64700000
2025-02-15 21:00:00,25.54700000,25.72900000,25.37500000,25.46800000,9239854.89000000
2025-02-16 01:00:00,25.46800000,25.57000000,25.13600000,25.41900000,10613501.14800000
2025-02-16 05:00:00,25.41900000,25.56000000,25.12000000,25.19000000,7428717.64000000
2025-02-16 09:00:00,25.19000000,25.46200000,25.11100000,25.44000000,8580269.21600000
2025-02-16 13:00:00,25.44000000,25.46200000,24.86800000,25.12700000,13520808.71200000
2025-02-16 17:00:00,25.12700000,25.21400000,24.70700000,24.93900000,10138432.60500000
2025-02-16 21:00:00,24.93900000,25.10700000,24.73500000,24.84200000,9117250.88800000
2025-02-17 01:00:00,24.84200000,25.21700000,24.82300000,24.99800000,7274217.58600000
2025-02-17 05:00:00,24.99800000,25.17400000,24.51000000,24.91000000,15829070.11800000
2025-02-17 09:00:00,24.91000000,25.52600000,24.80900000,25.39400000,13864670.77400000
2025-02-17 13:00:00,25.39400000,25.94400000,25.05600000,25.12100000,21328500.39500000
2025-02-17 17:00:00,25.12100000,25.27600000,24.39800000,24.79200000,20284883.82400000
2025-02-17 21:00:00,24.79200000,25.44900000,24.70500000,25.01700000,11242623.55300000
2025-02-18 01:00:00,25.01700000,25.11100000,24.66400000,24.75400000,8671939.65600000
2025-02-18 05:00:00,24.75400000,24.83300000,23.73300000,23.96600000,25107628.51200000
2025-02-18 09:00:00,23.96600000,24.25000000,23.61900000,23.94500000,13971276.36400000
2025-02-18 13:00:00,23.94500000,24.30700000,23.26400000,23.42100000,23699296.15900000
2025-02-18 17:00:00,23.42100000,23.62100000,22.92100000,23.13900000,30845695.15800000
2025-02-18 21:00:00,23.13900000,23.55000000,22.92700000,23.51300000,17342026.29600000
2025-02-19 01:00:00,23.51300000,23.59000000,23.11000000,23.53000000,10597466.87100000
2025-02-19 05:00:00,23.53000000,23.83900000,22.96400000,23.71500000,12306715.39500000
2025-02-19 09:00:00,23.71500000,24.00400000,23.61300000,23.99400000,11538174.54300000
2025-02-19 13:00:00,23.99400000,24.00500000,23.36500000,23.48300000,16940633.54000000
2025-02-19 17:00:00,23.48300000,23.91500000,23.43100000,23.65100000,12853628.09200000
2025-02-19 21:00:00,23.65100000,23.88000000,23.33200000,23.71400000,13279548.86000000
2025-02-20 01:00:00,23.71400000,24.25200000,23.69700000,24.21900000,12731688.46300000
2025-02-20 05:00:00,24.21900000,24.45200000,23.86200000,23.95500000,11084505.31800000
2025-02-20 09:00:00,23.95500000,24.60500000,23.95200000,24.53400000,11775300.60800000
2025-02-20 13:00:00,24.53400000,24.99100000,24.20800000,24.24000000,23527674.64500000
2025-02-20 17:00:00,24.24000000,25.26900000,24.19300000,25.18600000,18981187.46000000
2025-02-20 21:00:00,25.18600000,25.34300000,24.85100000,25.14100000,14729876.51200000
2025-02-21 01:00:00,25.14100000,25.24900000,24.75500000,24.85000000,8537664.90600000
2025-02-21 05:00:00,24.85000000,25.33700000,24.84800000,25.15600000,8393853.20600000
2025-02-21 09:00:00,25.15600000,25.91200000,25.13700000,25.64600000,17005105.31400000
2025-02-21 13:00:00,25.64600000,26.53200000,24.94700000,25.46800000,42598561.84900000
2025-02-21 17:00:00,25.46800000,25.82800000,23.75100000,23.89000000,45469944.34300000
2025-02-21 21:00:00,23.89000000,24.70300000,23.80400000,24.53000000,19591217.29200000
2025-02-22 01:00:00,24.53000000,25.26700000,24.42600000,25.10600000,14241374.34100000
2025-02-22 05:00:00,25.10600000,25.38100000,24.80900000,24.89500000,12497959.66800000
2025-02-22 09:00:00,24.89500000,25.37900000,24.83000000,25.24800000,12940852.69000000
2025-02-22 13:00:00,25.24800000,25.85000000,25.26000000,25.82000000,16139176.71500000
2025-02-22 17:00:00,25.82000000,26.36500000,25.67100000,26.02800000,16270827.14100000
2025-02-22 21:00:00,26.02800000,26.04700000,25.74900000,25.82000000,8805633.04900000
2025-02-23 01:00:00,25.82000000,25.97100000,25.56600000,25.68700000,8437720.51400000
2025-02-23 05:00:00,25.68700000,25.88300000,25.41200000,25.82600000,9237323.35600000
2025-02-23 09:00:00,25.82600000,25.84100000,25.09900000,25.12500000,10629796.56400000
2025-02-23 13:00:00,25.12500000,25.16700000,24.53400000,24.53500000,15320320.59100000
2025-02-23 17:00:00,24.53500000,24.68400000,24.40000000,24.48900000,13353339.84800000
2025-02-23 21:00:00,24.48900000,24.94700000,24.41000000,24.83400000,11327224.23400000
2025-02-24 01:00:00,24.83400000,25.16300000,23.87900000,23.98900000,19891595.99900000
2025-02-24 05:00:00,23.98900000,24.22300000,23.65200000,23.96400000,14278506.71200000
2025-02-24 09:00:00,23.96400000,24.02900000,23.41900000,23.81700000,17420542.26300000
2025-02-24 13:00:00,23.81700000,23.88400000,22.87000000,23.12800000,24476052.15900000
2025-02-24 17:00:00,23.12800000,23.50800000,22.64500000,22.89600000,18078837.92700000
2025-02-24 21:00:00,22.89600000,23.25500000,21.43500000,21.86300000,38836254.71400000
2025-02-25 01:00:00,21.86300000,22.09400000,21.27900000,21.62900000,24034931.25800000
2025-02-25 05:00:00,21.62900000,21.97600000,20.29600000,20.85100000,39119147.86600000
2025-02-25 09:00:00,20.85100000,21.51500000,20.32400000,21.41200000,28377060.73500000
2025-02-25 13:00:00,21.41200000,21.65100000,20.53400000,20.97200000,28645124.00200000
2025-02-25 17:00:00,20.97200000,21.79700000,20.76100000,21.78600000,19361450.63400000
2025-02-25 21:00:00,21.78600000,22.32300000,21.61400000,21.93700000,18892707.44700000
2025-02-26 01:00:00,21.93700000,22.32700000,21.62500000,22.19400000,12121384.99800000
2025-02-26 05:00:00,22.19400000,22.40400000,21.90900000,22.15100000,11348552.04200000
2025-02-26 09:00:00,22.15100000,22.57300000,21.86000000,22.15300000,14770116.91100000
2025-02-26 13:00:00,22.15300000,22.41100000,21.45900000,22.24200000,27739664.62300000
2025-02-26 17:00:00,22.24200000,22.43700000,21.04900000,21.21500000,33163235.50400000
2025-02-26 21:00:00,21.21500000,22.27600000,20.98800000,21.85900000,23991671.32100000
2025-02-27 01:00:00,21.85900000,22.40800000,21.63100000,22.31900000,15403144.96700000
2025-02-27 05:00:00,22.31900000,23.16200000,22.15000000,22.99000000,14370650.63800000
2025-02-27 09:00:00,22.99000000,23.38300000,22.83800000,23.01700000,14942070.29200000
2025-02-27 13:00:00,23.01700000,23.29900000,22.52800000,22.77700000,20329730.61300000
2025-02-27 17:00:00,22.77700000,22.93600000,22.16600000,22.32100000,16770873.44100000
2025-02-27 21:00:00,22.32100000,22.58700000,21.97800000,22.51700000,16477688.16000000
2025-02-28 01:00:00,22.51700000,22.59900000,20.53600000,20.57600000,42281712.43100000
2025-02-28 05:00:00,20.57600000,20.76100000,20.21200000,20.61300000,25068268.37200000
2025-02-28 09:00:00,20.61300000,21.44100000,20.38200000,20.95200000,25061821.09900000
2025-02-28 13:00:00,20.95200000,21.98800000,20.73700000,21.72900000,26887115.08500000
2025-02-28 17:00:00,21.72900000,22.23500000,21.52400000,22.11000000,17259970.65100000
2025-02-28 21:00:00,22.11000000,22.38800000,21.78900000,22.36800000,12812792.39800000
2025-03-01 01:00:00,22.36800000,22.49700000,22.00100000,22.21400000,12835635.44100000
2025-03-01 05:00:00,22.21400000,22.44100000,21.82600000,21.87900000,9305857.25300000
2025-03-01 09:00:00,21.87900000,22.06600000,21.42500000,21.46200000,13789061.77700000
2025-03-01 13:00:00,21.46200000,21.54400000,21.04000000,21.28900000,13558155.08200000
2025-03-01 17:00:00,21.28900000,21.72800000,21.23000000,21.67800000,10115224.71200000
2025-03-01 21:00:00,21.67800000,22.17000000,21.51400000,21.84800000,10869466.69200000
2025-03-02 01:00:00,21.84800000,21.97700000,21.69000000,21.82800000,8766175.04800000
2025-03-02 05:00:00,21.82800000,22.09400000,21.73800000,21.88300000,6903306.52500000
2025-03-02 09:00:00,21.88300000,22.18500000,21.75300000,22.05100000,8293043.92000000
2025-03-02 13:00:00,22.05100000,23.04600000,21.55800000,22.50700000,34524509.55700000
2025-03-02 17:00:00,22.50700000,24.79300000,22.51100000,24.67100000,63321649.42600000
2025-03-02 21:00:00,24.67100000,24.98500000,24.46400000,24.94300000,17854450.91300000
2025-03-03 01:00:00,24.94300000,25.09900000,23.92100000,24.52600000,24933021.39300000
2025-03-03 05:00:00,24.52600000,24.67400000,23.35300000,23.81000000,20539717.89800000
2025-03-03 09:00:00,23.81000000,23.83600000,23.00700000,23.49200000,17542442.33300000
2025-03-03 13:00:00,23.49200000,23.98700000,22.94100000,23.23200000,34722094.73100000
2025-03-03 17:00:00,23.23200000,23.40300000,20.90100000,20.94300000,52347564.65200000
2025-03-03 21:00:00,20.94300000,21.31500000,20.55800000,20.93000000,27531398.49400000
2025-03-04 01:00:00,20.93000000,21.09700000,19.60600000,19.80900000,40710239.76100000
2025-03-04 05:00:00,19.80900000,20.29700000,19.68600000,20.02600000,14579372.10500000
2025-03-04 09:00:00,20.02600000,20.25800000,19.66800000,19.88300000,15727246.00000000
2025-03-04 13:00:00,19.88300000,20.59400000,19.32400000,19.91600000,40203815.85200000
2025-03-04 17:00:00,19.91600000,20.38100000,18.82800000,20.30600000,44961473.61300000
2025-03-04 21:00:00,20.30600000,20.50000000,19.82900000,19.98200000,17488083.06400000
2025-03-05 01:00:00,19.98200000,20.27500000,19.67600000,19.75400000,16031423.82300000
2025-03-05 05:00:00,19.75400000,20.18100000,19.71400000,20.12900000,10706139.82400000
2025-03-05 09:00:00,20.12900000,21.34400000,20.12200000,20.97300000,29129096.78400000
2025-03-05 13:00:00,20.97300000,21.21400000,20.23800000,20.39200000,24906635.41500000
2025-03-05 17:00:00,20.39200000,21.25000000,20.06200000,21.22300000,25419736.68900000
2025-03-05 21:00:00,21.22300000,22.45300000,21.22600000,21.71400000,38580012.66300000
2025-03-06 01:00:00,21.71400000,22.40400000,21.43800000,22.35600000,23964804.09300000
2025-03-06 05:00:00,22.35600000,22.56600000,21.63000000,21.68200000,18962604.56300000
2025-03-06 09:00:00,21.68200000,22.26900000,21.60600000,21.96000000,16371330.31500000
2025-03-06 13:00:00,21.96000000,22.08600000,21.19000000,21.95700000,26721492.76800000
2025-03-06 17:00:00,21.95700000,22.09600000,20.87900000,21.05000000,25135235.87100000
2025-03-06 21:00:00,21.05000000,21.48400000,20.97600000,20.98800000,16781257.78700000
2025-03-07 01:00:00,20.98800000,21.30900000,19.66300000,20.24600000,40909013.53200000
2025-03-07 05:00:00,20.24600000,20.78200000,20.20200000,20.72500000,10938680.31700000
2025-03-07 09:00:00,20.72500000,20.89100000,20.43600000,20.77800000,13619740.60800000
2025-03-07 13:00:00,20.77800000,21.12500000,20.42800000,20.69800000,28330331.55600000
2025-03-07 17:00:00,20.69800000,21.19500000,19.99800000,20.82000000,27300571.82900000
2025-03-07 21:00:00,20.82000000,20.95500000,19.92500000,20.13200000,23991933.70600000
2025-03-08 01:00:00,20.13200000,20.23500000,19.60500000,19.85600000,12725573.74300000
2025-03-08 05:00:00,19.85600000,20.04600000,19.72100000,19.78400000,7144832.65100000
2025-03-08 09:00:00,19.78400000,19.83400000,19.40400000,19.52700000,10545257.21600000
2025-03-08 13:00:00,19.52700000,21.07600000,19.45000000,20.46300000,32596472.82400000
2025-03-08 17:00:00,20.46300000,20.85900000,20.26200000,20.81400000,16417475.20500000
2025-03-08 21:00:00,20.81400000,20.96600000,20.34500000,20.48800000,14804948.54600000
2025-03-09 01:00:00,20.48800000,20.67200000,20.20500000,20.26800000,7958745.58800000
2025-03-09 05:00:00,20.26800000,20.35800000,20.02800000,20.13200000,8627136.92900000
2025-03-09 09:00:00,20.13200000,20.14000000,19.59800000,19.70500000,14506009.51100000
2025-03-09 13:00:00,19.70500000,19.70400000,19.07100000,19.16200000,21159611.93000000
2025-03-09 17:00:00,19.16200000,19.34100000,17.75800000,18.23000000,44362413.10500000
2025-03-09 21:00:00,18.23000000,18.42000000,17.74700000,17.95100000,21268606.71600000
2025-03-10 01:00:00,17.95100000,18.48300000,17.61000000,18.15900000,19620625.24600000
2025-03-10 05:00:00,18.15900000,18.46100000,18.13700000,18.39000000,9357877.09700000
2025-03-10 09:00:00,18.39000000,19.05000000,17.98700000,18.83200000,23855425.94100000
2025-03-10 13:00:00,18.83200000,18.98400000,17.39600000,17.78000000,34104114.01600000
2025-03-10 17:00:00,17.78000000,17.85700000,16.14200000,16.89400000,49016958.89400000
2025-03-10 21:00:00,16.89400000,16.95900000,16.22700000,16.25200000,19525708.26000000
2025-03-11 01:00:00,16.25200000,17.04800000,15.26400000,16.57200000,55261704.26600000
2025-03-11 05:00:00,16.57200000,17.08900000,16.51800000,16.95100000,19950143.41300000
2025-03-11 09:00:00,16.95100000,17.44500000,16.87200000,17.35500000,16846645.38100000
2025-03-11 13:00:00,17.35500000,17.47200000,16.48800000,17.35100000,36198126.01600000
2025-03-11 17:00:00,17.35100000,17.90100000,16.94300000,17.76000000,31048320.72100000
2025-03-11 21:00:00,17.76000000,17.87500000,17.44200000,17.49700000,11433289.21900000
2025-03-12 01:00:00,17.49700000,17.81700000,17.05500000,17.07400000,15868135.22300000
2025-03-12 05:00:00,17.07400000,17.57800000,16.93300000,17.54400000,13909294.91100000
2025-03-12 09:00:00,17.54400000,18.23400000,17.46700000,18.22300000,20711273.65000000
2025-03-12 13:00:00,18.22300000,18.83800000,17.51900000,17.97000000,40059833.35800000
2025-03-12 17:00:00,17.97000000,18.59200000,17.94300000,18.39500000,21045831.10000000
2025-03-12 21:00:00,18.39500000,18.96100000,18.33900000,18.90400000,15215272.46100000
2025-03-13 01:00:00,18.90400000,19.18100000,18.71100000,18.84600000,16517727.91900000
2025-03-13 05:00:00,18.84600000,19.13100000,18.55100000,18.78700000,17000130.28600000
2025-03-13 09:00:00,18.78700000,19.31900000,18.60200000,19.01300000,19646495.90200000
2025-03-13 13:00:00,19.01300000,19.18900000,18.28700000,18.37700000,25454598.46300000
2025-03-13 17:00:00,18.37700000,18.44700000,17.90700000,18.15300000,19782528.34000000
2025-03-13 21:00:00,18.15300000,18.89200000,17.72500000,18.49200000,22670649.99900000
2025-03-14 01:00:00,18.49200000,18.89100000,18.45300000,18.75000000,12387659.28700000
2025-03-14 05:00:00,18.75000000,18.87500000,18.47200000,18.64000000,9006781.65400000
2025-03-14 09:00:00,18.64000000,19.11100000,18.57300000,18.75300000,14343923.43600000
2025-03-14 13:00:00,18.75300000,19.28200000,18.51300000,18.99600000,24349701.22600000
2025-03-14 17:00:00,18.99600000,19.29400000,18.76500000,18.97600000,17159079.28600000
2025-03-14 21:00:00,18.97600000,19.08300000,18.51300000,18.55800000,30115028.58500000
2025-03-15 01:00:00,18.55800000,18.65100000,18.35900000,18.61900000,12272701.19200000
2025-03-15 05:00:00,18.61900000,18.88000000,18.48300000,18.59700000,26974865.79500000
2025-03-15 09:00:00,18.59700000,18.64100000,18.42600000,18.54900000,35688824.25400000
2025-03-15 13:00:00,18.54900000,18.71500000,18.40600000,18.53800000,15165452.72800000
2025-03-15 17:00:00,18.53800000,18.74800000,18.45800000,18.60300000,10558189.83600000
2025-03-15 21:00:00,18.60300000,19.46700000,18.60400000,19.38500000,31171864.10800000
2025-03-16 01:00:00,19.38500000,19.71500000,18.95400000,19.68300000,20206343.96500000
2025-03-16 05:00:00,19.68300000,19.83700000,19.27300000,19.34000000,14130798.40500000
2025-03-16 09:00:00,19.34000000,19.39200000,18.31500000,18.39300000,22741194.96400000
2025-03-16 13:00:00,18.39300000,18.67700000,18.14800000,18.47400000,19299797.96600000
2025-03-16 17:00:00,18.47400000,19.05100000,18.19800000,18.32100000,24807833.82900000
2025-03-16 21:00:00,18.32100000,18.45900000,18.10400000,18.24400000,11867091.08100000
2025-03-17 01:00:00,18.24400000,18.73000000,18.21400000,18.60700000,12881522.40000000
2025-03-17 05:00:00,18.60700000,18.72000000,18.23700000,18.59800000,13162506.36400000
2025-03-17 09:00:00,18.59800000,18.72000000,18.39200000,18.59600000,11226956.28800000
2025-03-17 13:00:00,18.59600000,18.80900000,18.18000000,18.45500000,22034258.19300000
2025-03-17 17:00:00,18.45500000,19.07700000,18.36800000,18.93400000,18872600.24600000
2025-03-17 21:00:00,18.93400000,18.97700000,18.69000000,18.80800000,9964389.98400000
2025-03-18 01:00:00,18.80800000,18.93700000,18.38100000,18.56000000,15053747.67700000
2025-03-18 05:00:00,18.56000000,19.02800000,18.43300000,18.81200000,17514781.76600000
2025-03-18 09:00:00,18.81200000,19.26500000,18.70000000,18.78500000,23004821.52300000
2025-03-18 13:00:00,18.78500000,18.89300000,18.35700000,18.43600000,24064764.05100000
2025-03-18 17:00:00,18.43600000,18.71100000,18.31200000,18.65900000,17568916.36500000
2025-03-18 21:00:00,18.65900000,19.07200000,18.43900000,18.97300000,14340362.68200000
2025-03-19 01:00:00,18.97300000,19.21700000,18.82900000,19.18100000,14982143.10600000
2025-03-19 05:00:00,19.18100000,19.31900000,18.89600000,18.90500000,11774843.85000000
2025-03-19 09:00:00,18.90500000,19.66100000,18.88700000,19.53300000,21346322.78400000
2025-03-19 13:00:00,19.53300000,19.94800000,19.29300000,19.84800000,29502822.21900000
2025-03-19 17:00:00,19.84800000,20.09100000,19.42500000,19.58200000,31204374.83200000
2025-03-19 21:00:00,19.58200000,19.77700000,19.37800000,19.71900000,15844233.89700000
2025-03-20 01:00:00,19.71900000,19.85500000,19.25200000,19.27200000,13305148.84100000
2025-03-20 05:00:00,19.27200000,19.29000000,19.07300000,19.12400000,11217548.35800000
2025-03-20 09:00:00,19.12400000,19.31300000,18.72900000,18.82400000,17140391.37500000
2025-03-20 13:00:00,18.82400000,19.17600000,18.73600000,18.76100000,19756105.83700000
2025-03-20 17:00:00,18.76100000,18.85600000,18.39000000,18.69900000,18274731.53900000
2025-03-20 21:00:00,18.69900000,18.78400000,18.60600000,18.73800000,6269708.36900000
2025-03-21 01:00:00,18.73800000,19.10900000,18.71200000,18.79600000,8844741.28800000
2025-03-21 05:00:00,18.79600000,19.00300000,18.67500000,18.74600000,9107326.35700000
2025-03-21 09:00:00,18.74600000,18.87000000,18.41900000,18.50600000,12461709.75400000
2025-03-21 13:00:00,18.50600000,18.63100000,18.33900000,18.47700000,13033571.82200000
2025-03-21 17:00:00,18.47700000,18.88800000,18.38000000,18.88500000,12864284.11100000
2025-03-21 21:00:00,18.88500000,19.48300000,18.85200000,19.17000000,19698724.95200000
2025-03-22 01:00:00,19.17000000,19.39500000,19.06600000,19.29200000,9816854.03100000
2025-03-22 05:00:00,19.29200000,19.48200000,19.29200000,19.35900000,7819327.03100000
2025-03-22 09:00:00,19.35900000,19.63100000,19.31200000,19.44600000,9182402.13200000
2025-03-22 13:00:00,19.44600000,19.56900000,19.26000000,19.53500000,8200014.83700000
2025-03-22 17:00:00,19.53500000,19.69900000,19.46600000,19.64300000,8034899.88700000
2025-03-22 21:00:00,19.64300000,19.73300000,19.33100000,19.41800000,9510679.86600000
2025-03-23 01:00:00,19.41800000,19.71000000,19.32400000,19.70800000,7480724.52600000
2025-03-23 05:00:00,19.70800000,19.71500000,19.46000000,19.57300000,5918683.93400000
2025-03-23 09:00:00,19.57300000,19.77000000,19.47000000,19.61200000,8917530.89900000
2025-03-23 13:00:00,19.61200000,19.68800000,19.42500000,19.47300000,9458807.50000000
2025-03-23 17:00:00,19.47300000,19.62900000,19.29500000,19.48200000,9493989.52900000
2025-03-23 21:00:00,19.48200000,19.83600000,19.33100000,19.80600000,8539965.01400000
2025-03-24 01:00:00,19.80600000,21.15600000,19.77500000,21.13800000,34041351.21200000
2025-03-24 05:00:00,21.13800000,21.82800000,21.13700000,21.51300000,39585672.56900000
2025-03-24 09:00:00,21.51300000,21.93700000,21.50900000,21.68200000,19361564.93300000
2025-03-24 13:00:00,21.68200000,22.12400000,21.41500000,21.52800000,31414269.04100000
2025-03-24 17:00:00,21.52800000,21.57300000,21.22500000,21.37300000,14969434.55100000
2025-03-24 21:00:00,21.37300000,21.48400000,21.22700000,21.47100000,13050027.96900000
2025-03-25 01:00:00,21.47100000,21.66600000,21.31700000,21.34800000,17077377.74900000
2025-03-25 05:00:00,21.34800000,21.92300000,21.27500000,21.84500000,15716525.62000000
2025-03-25 09:00:00,21.84500000,22.39000000,21.83300000,22.31600000,19954322.03700000
2025-03-25 13:00:00,22.31600000,22.78800000,22.13100000,22.47100000,35054537.98200000
2025-03-25 17:00:00,22.47100000,23.22500000,22.42700000,23.03300000,28041024.83200000
2025-03-25 21:00:00,23.03300000,23.44600000,22.75400000,22.88800000,30945362.46400000
2025-03-26 01:00:00,22.88800000,23.22900000,22.53900000,22.58600000,20707100.38400000
2025-03-26 05:00:00,22.58600000,22.86200000,22.53200000,22.82100000,14734562.79600000
2025-03-26 09:00:00,22.82100000,22.96000000,22.62700000,22.83700000,12802078.29700000
2025-03-26 13:00:00,22.83700000,22.86700000,21.95400000,22.16400000,30742752.07000000
2025-03-26 17:00:00,22.16400000,22.46300000,21.81500000,22.06300000,20741057.40800000
2025-03-26 21:00:00,22.06300000,22.28200000,21.83800000,22.03900000,13631863.61000000
2025-03-27 01:00:00,22.03900000,22.36400000,21.98700000,22.16200000,12529323.88700000
2025-03-27 05:00:00,22.16200000,22.17200000,21.90300000,22.06900000,8045015.86200000
2025-03-27 09:00:00,22.06900000,22.18000000,21.80600000,21.86400000,13777378.48400000
2025-03-27 13:00:00,21.86400000,22.27100000,21.61800000,21.90500000,25335751.87800000
2025-03-27 17:00:00,21.90500000,22.11100000,21.78700000,21.98500000,9515607.65600000
2025-03-27 21:00:00,21.98500000,22.22700000,21.89500000,22.00300000,8120714.43100000
2025-03-28 01:00:00,22.00300000,22.17700000,21.63600000,21.76200000,14334599.25900000
2025-03-28 05:00:00,21.76200000,21.80500000,20.65600000,20.70100000,33123665.66900000
2025-03-28 09:00:00,20.70100000,20.79300000,20.16900000,20.54100000,29778786.55900000
2025-03-28 13:00:00,20.54100000,20.62100000,19.95300000,19.96600000,23258478.64000000
2025-03-28 17:00:00,19.96600000,20.01900000,19.75500000,19.79200000,13303043.20700000
2025-03-28 21:00:00,19.79200000,20.59000000,19.76100000,20.35100000,17155175.80900000
2025-03-29 01:00:00,20.35100000,20.51900000,20.05800000,20.41400000,12248577.40700000
2025-03-29 05:00:00,20.41400000,20.51000000,19.79200000,19.86500000,12255584.40100000
2025-03-29 09:00:00,19.86500000,20.15700000,19.64100000,19.84500000,15903145.70900000
2025-03-29 13:00:00,19.84500000,20.30700000,19.81100000,19.98600000,20292792.06200000
2025-03-29 17:00:00,19.98600000,20.05000000,19.65400000,19.86000000,18084701.86200000
2025-03-29 21:00:00,19.86000000,19.88900000,19.44000000,19.58600000,13493330.15400000
2025-03-30 01:00:00,19.58600000,19.89300000,19.36000000,19.65300000,12867253.88300000
2025-03-30 06:00:00,19.65300000,19.73400000,19.33500000,19.43700000,9731957.08500000
2025-03-30 10:00:00,19.43700000,19.69000000,19.16100000,19.33600000,13313210.68100000
2025-03-30 14:00:00,19.33600000,19.46000000,19.03300000,19.29200000,12971645.38500000
2025-03-30 18:00:00,19.29200000,19.38700000,18.97800000,19.10500000,13032701.14900000
2025-03-30 22:00:00,19.10500000,19.15200000,18.67400000,18.85100000,14175867.39000000
2025-03-31 02:00:00,18.85100000,19.01200000,18.45500000,18.62700000,14214300.47900000
2025-03-31 06:00:00,18.62700000,18.93600000,18.42300000,18.55000000,10865688.91900000
2025-03-31 10:00:00,18.55000000,18.71600000,18.16500000,18.62200000,16815942.92600000
2025-03-31 14:00:00,18.62200000,19.10600000,18.39900000,18.96200000,17976756.01400000
2025-03-31 18:00:00,18.96200000,19.04500000,18.60900000,18.63500000,9617788.91100000
2025-03-31 22:00:00,18.63500000,18.85700000,18.59000000,18.76600000,6669803.37800000
2025-04-01 02:00:00,18.76600000,19.16800000,18.70400000,19.02000000,7940653.14600000
2025-04-01 06:00:00,19.02000000,19.52700000,18.94600000,19.19500000,10042908.71800000
2025-04-01 10:00:00,19.19500000,19.71700000,19.14400000,19.38700000,15815641.95900000
2025-04-01 14:00:00,19.38700000,19.92900000,18.97200000,19.83000000,16695524.73200000
2025-04-01 18:00:00,19.83000000,19.93200000,19.33500000,19.44200000,8926264.56700000
2025-04-01 22:00:00,19.44200000,19.90000000,19.29600000,19.80900000,11884560.55400000
2025-04-02 02:00:00,19.80900000,19.82900000,19.11500000,19.20800000,12076057.78000000
2025-04-02 06:00:00,19.20800000,19.70000000,18.78900000,19.05600000,12751781.85400000
2025-04-02 10:00:00,19.05600000,19.56600000,18.91300000,19.21200000,10166885.77800000
2025-04-02 14:00:00,19.21200000,19.83800000,18.91600000,19.60600000,17653320.20800000
2025-04-02 18:00:00,19.60600000,19.83800000,19.17800000,19.42100000,15398175.42100000
2025-04-02 22:00:00,19.42100000,19.90300000,17.75200000,17.96900000,36019700.87500000
2025-04-03 02:00:00,17.96900000,18.84100000,17.86600000,18.75600000,15034865.12900000
2025-04-03 06:00:00,18.75600000,18.98000000,18.19300000,18.36600000,10188526.03800000
2025-04-03 10:00:00,18.36600000,18.49500000,17.96800000,18.08800000,10635229.19300000
2025-04-03 14:00:00,18.08800000,18.18100000,17.56400000,17.95100000,20890334.25500000
2025-04-03 18:00:00,17.95100000,18.26100000,17.82200000,17.99600000,10528716.65100000
2025-04-03 22:00:00,17.99600000,18.26500000,17.86100000,18.13900000,7941067.63100000
2025-04-04 02:00:00,18.13900000,18.26100000,17.88900000,18.01400000,9109059.93300000
2025-04-04 06:00:00,18.01400000,18.59900000,17.95500000,18.58700000,9253957.98400000
2025-04-04 10:00:00,18.58700000,18.76000000,17.59800000,17.86400000,15479819.77900000
2025-04-04 14:00:00,17.86400000,18.46200000,17.78500000,17.99100000,20482961.65100000
2025-04-04 18:00:00,17.99100000,18.34900000,17.70600000,18.09900000,15611739.51300000
2025-04-04 22:00:00,18.09900000,18.33700000,18.00800000,18.17900000,5128881.15700000
2025-04-05 02:00:00,18.17900000,18.36800000,18.08200000,18.10400000,4187909.62600000
2025-04-05 06:00:00,18.10400000,18.22700000,18.04200000,18.19900000,3155712.08300000
2025-04-05 10:00:00,18.19900000,18.33300000,18.11900000,18.22500000,4158957.69500000
2025-04-05 14:00:00,18.22500000,18.29100000,17.75800000,17.83100000,8165914.59600000
2025-04-05 18:00:00,17.83100000,17.98200000,17.81000000,17.85400000,4855220.92000000
2025-04-05 22:00:00,17.85400000,17.91700000,17.69600000,17.87200000,5582868.18600000
2025-04-06 02:00:00,17.87200000,17.91100000,17.30900000,17.37400000,10161308.04300000
2025-04-06 06:00:00,17.37400000,17.48900000,17.16700000,17.18400000,6620430.54700000
2025-04-06 10:00:00,17.18400000,17.34400000,17.08900000,17.16900000,6163488.77100000
2025-04-06 14:00:00,17.16900000,17.29600000,16.83100000,17.28700000,12320880.20200000
2025-04-06 18:00:00,17.28700000,17.29700000,16.12600000,16.38200000,24578769.38300000
2025-04-06 22:00:00,16.38200000,16.45400000,15.61200000,16.03200000,20913863.46200000
2025-04-07 02:00:00,16.03200000,16.43300000,15.43000000,15.73100000,16521605.40000000
2025-04-07 06:00:00,15.73100000,16.10500000,14.65400000,14.82300000,27485282.73700000
2025-04-07 10:00:00,14.82300000,15.76800000,14.70200000,15.43100000,19178512.91100000
2025-04-07 14:00:00,15.43100000,17.09500000,15.34400000,16.42300000,43670068.85700000
2025-04-07 18:00:00,16.42300000,17.17900000,16.12400000,16.62700000,24601786.15300000
2025-04-07 22:00:00,16.62700000,16.96500000,16.60800000,16.67700000,8788625.17500000
2025-04-08 02:00:00,16.67700000,17.32400000,16.67600000,17.15500000,11169677.92100000
2025-04-08 06:00:00,17.15500000,17.43800000,16.93900000,17.03500000,11448251.45700000
2025-04-08 10:00:00,17.03500000,17.50800000,16.83100000,17.46800000,10341901.47800000
2025-04-08 14:00:00,17.46800000,17.71800000,17.05300000,17.12500000,21014666.70600000
2025-04-08 18:00:00,17.12500000,17.17700000,15.98200000,16.02700000,25418425.59100000
2025-04-08 22:00:00,16.02700000,16.28000000,15.91600000,16.13600000,10786370.16600000
2025-04-09 02:00:00,16.13600000,16.39100000,15.57800000,16.04500000,16071247.96500000
2025-04-09 06:00:00,16.04500000,16.85000000,15.98700000,16.70000000,13362840.49400000
2025-04-09 10:00:00,16.70000000,16.78100000,16.09800000,16.18800000,12014853.14900000
2025-04-09 14:00:00,16.18800000,16.90300000,15.95400000,16.80500000,17028283.86600000
2025-04-09 18:00:00,16.80500000,18.90000000,16.72900000,18.52500000,39820683.98300000
2025-04-09 22:00:00,18.52500000,18.69500000,18.40500000,18.42800000,10101991.81600000
2025-04-10 02:00:00,18.42800000,18.44000000,17.79400000,18.02600000,9481750.00600000
2025-04-10 06:00:00,18.02600000,18.34300000,17.93400000,18.03700000,7350035.34100000
2025-04-10 10:00:00,18.03700000,18.15200000,17.88700000,18.00800000,7349991.60200000
2025-04-10 14:00:00,18.00800000,18.37100000,17.55600000,17.65700000,18056712.29900000
2025-04-10 18:00:00,17.65700000,18.24000000,17.56700000,18.09400000,11963276.86200000
2025-04-10 22:00:00,18.09400000,18.41900000,18.09100000,18.30400000,6367093.98400000
2025-04-11 02:00:00,18.30400000,18.65900000,18.29700000,18.54200000,8586385.70800000
2025-04-11 06:00:00,18.54200000,18.65000000,18.42800000,18.54000000,4577926.57100000
2025-04-11 10:00:00,18.54000000,18.96900000,18.39600000,18.83500000,10103355.14900000
2025-04-11 14:00:00,18.83500000,19.52500000,18.75200000,19.18300000,19123725.54100000
2025-04-11 18:00:00,19.18300000,19.55700000,19.09000000,19.21400000,9052635.62100000
2025-04-11 22:00:00,19.21400000,19.35200000,19.03300000,19.11300000,4969515.77100000
2025-04-12 02:00:00,19.11300000,19.16400000,18.83200000,18.90100000,5434738.13000000
2025-04-12 06:00:00,18.90100000,19.28900000,18.84700000,19.09500000,7335305.63900000
2025-04-12 10:00:00,19.09500000,19.24800000,18.94600000,19.11400000,5513615.72700000
2025-04-12 14:00:00,19.11400000,21.00700000,19.07800000,20.50400000,23955568.72500000
2025-04-12 18:00:00,20.50400000,20.83200000,20.09100000,20.16700000,14507580.42200000
2025-04-12 22:00:00,20.16700000,20.66900000,20.14000000,20.47800000,7666431.38500000
2025-04-13 02:00:00,20.47800000,20.65600000,20.17400000,20.23200000,6496022.38900000
2025-04-13 06:00:00,20.23200000,20.27000000,19.86300000,19.91300000,6635823.81400000
2025-04-13 10:00:00,19.91300000,20.26300000,19.89200000,19.98400000,5713492.96200000
2025-04-13 14:00:00,19.98400000,20.01300000,19.49700000,19.73800000,8674168.74900000
2025-04-13 18:00:00,19.73800000,20.49800000,19.42000000,19.71600000,15475128.15200000
2025-04-13 22:00:00,19.71600000,19.95400000,19.26500000,19.57800000,8461829.54600000
2025-04-14 02:00:00,19.57800000,20.58500000,19.53300000,19.94300000,10942724.58200000
2025-04-14 06:00:00,19.94300000,20.27000000,19.78500000,20.10900000,8035798.24100000
2025-04-14 10:00:00,20.10900000,20.51400000,19.94800000,20.49000000,12108632.76800000
2025-04-14 14:00:00,20.49000000,20.67600000,19.73600000,19.82500000,18248095.15900000
2025-04-14 18:00:00,19.82500000,20.50900000,19.70400000,20.28400000,16977104.12500000
2025-04-14 22:00:00,20.28400000,20.36700000,20.03600000,20.10600000,5876706.06400000
2025-04-15 02:00:00,20.10600000,20.23500000,19.83300000,20.21700000,8196226.63800000
2025-04-15 06:00:00,20.21700000,20.27200000,19.79000000,19.96700000,9022679.89800000
2025-04-15 10:00:00,19.96700000,20.14400000,19.78100000,19.88500000,9464221.82500000
2025-04-15 14:00:00,19.88500000,20.24400000,19.44800000,19.52300000,15007339.45000000
2025-04-15 18:00:00,19.52300000,19.61500000,19.21100000,19.29200000,10645226.60000000
2025-04-15 22:00:00,19.29200000,19.42300000,18.95300000,19.00500000,9003491.38000000
2025-04-16 02:00:00,19.00500000,19.01900000,18.66200000,18.91300000,9657734.83000000
2025-04-16 06:00:00,18.91300000,18.94200000,18.59400000,18.63300000,6762501.02400000
2025-04-16 10:00:00,18.63300000,18.98400000,18.55100000,18.89800000,7617658.11400000
2025-04-16 14:00:00,18.89800000,19.26800000,18.70400000,19.02600000,10233951.08500000
2025-04-16 18:00:00,19.02600000,19.25800000,18.47800000,18.99600000,16735097.90600000
2025-04-16 22:00:00,18.99600000,19.08500000,18.68900000,18.74200000,5963878.83900000
2025-04-17 02:00:00,18.74200000,18.98900000,18.67900000,18.96200000,4000013.03100000
2025-04-17 06:00:00,18.96200000,19.54800000,18.93300000,19.38200000,7936932.61900000
2025-04-17 10:00:00,19.38200000,19.47400000,19.12500000,19.22700000,5333719.77100000
2025-04-17 14:00:00,19.22700000,19.40400000,18.79600000,19.11400000,12258224.40200000
2025-04-17 18:00:00,19.11400000,19.53200000,18.95900000,19.06400000,11995076.23900000
2025-04-17 22:00:00,19.06400000,19.20100000,18.90900000,19.03700000,4750741.66600000
2025-04-18 02:00:00,19.03700000,19.12600000,18.88600000,19.03900000,3983545.13900000
2025-04-18 06:00:00,19.03900000,19.17400000,18.93800000,19.16900000,3813795.23300000
2025-04-18 10:00:00,19.16900000,19.33400000,18.98100000,19.09100000,5984591.13100000
2025-04-18 14:00:00,19.09100000,19.14800000,18.83200000,18.88900000,6065793.21400000
2025-04-18 18:00:00,18.88900000,19.16200000,18.86800000,19.15500000,5242383.81500000
2025-04-18 22:00:00,19.15500000,19.24000000,19.04300000,19.05600000,3696965.29400000
2025-04-19 02:00:00,19.05600000,19.30500000,19.01500000,19.24700000,4066428.60700000
2025-04-19 06:00:00,19.24700000,19.54200000,19.15400000,19.46800000,5786171.71900000
2025-04-19 10:00:00,19.46800000,19.71500000,19.42700000,19.48800000,7191829.25000000
2025-04-19 14:00:00,19.48800000,19.81700000,19.48600000,19.69100000,6066295.95700000
2025-04-19 18:00:00,19.69100000,20.10500000,19.62300000,20.03200000,9486133.02500000
2025-04-19 22:00:00,20.03200000,20.35800000,19.87300000,19.88800000,9142580.08800000
2025-04-20 02:00:00,19.88800000,20.03000000,19.80200000,19.86300000,5092634.42100000
2025-04-20 06:00:00,19.86300000,19.98500000,19.56100000,19.63800000,6385270.23700000
2025-04-20 10:00:00,19.63800000,19.70000000,19.21900000,19.30000000,8558888.63900000
2025-04-20 14:00:00,19.30000000,19.52800000,19.26200000,19.37300000,6677285.67000000
2025-04-20 18:00:00,19.37300000,19.55400000,19.30100000,19.54600000,4794972.67200000
2025-04-20 22:00:00,19.54600000,19.72800000,19.30300000,19.49100000,6195020.06900000
2025-04-21 02:00:00,19.49100000,20.13800000,19.49100000,19.98900000,14795862.96100000
2025-04-21 06:00:00,19.98900000,20.65000000,19.82900000,20.61800000,14652618.45100000
2025-04-21 10:00:00,20.61800000,20.94800000,20.39900000,20.52100000,15225346.85300000
2025-04-21 14:00:00,20.52100000,20.66600000,20.24700000,20.53100000,13551908.86800000
2025-04-21 18:00:00,20.53100000,20.67900000,19.79400000,20.08300000,16003076.98000000
2025-04-21 22:00:00,20.08300000,20.09700000,19.70200000,19.90600000,7368239.96400000
2025-04-22 02:00:00,19.90600000,20.19300000,19.41800000,19.89000000,11321022.90300000
2025-04-22 06:00:00,19.89000000,20.28600000,19.57900000,20.27600000,9452202.62200000
2025-04-22 10:00:00,20.27600000,20.44000000,20.01400000,20.38600000,11623807.12100000
2025-04-22 14:00:00,20.38600000,21.99500000,20.34700000,21.62000000,32446978.33900000
2025-04-22 18:00:00,21.62000000,21.79300000,21.33800000,21.54800000,15608427.70200000
2025-04-22 22:00:00,21.54800000,22.28800000,21.52600000,22.10400000,16686303.85300000
2025-04-23 02:00:00,22.10400000,22.57600000,21.88800000,22.45600000,16286440.95900000
2025-04-23 06:00:00,22.45600000,22.88300000,22.36100000,22.87100000,14114587.94800000
2025-04-23 10:00:00,22.87100000,23.07300000,22.55200000,22.69500000,15055660.17200000
2025-04-23 14:00:00,22.69500000,23.04700000,21.87600000,22.25600000,32643387.18000000
2025-04-23 18:00:00,22.25600000,22.63000000,22.04000000,22.21300000,13477438.37000000
2025-04-23 22:00:00,22.21300000,22.55700000,22.20900000,22.32600000,6508305.41700000
2025-04-24 02:00:00,22.32600000,22.46100000,21.83200000,21.85500000,9005895.51900000
2025-04-24 06:00:00,21.85500000,22.17500000,21.78900000,21.87300000,8335377.83200000
2025-04-24 10:00:00,21.87300000,22.05400000,21.60400000,22.04400000,9504116.76200000
2025-04-24 14:00:00,22.04400000,22.63700000,21.89500000,22.33000000,16326450.38700000
2025-04-24 18:00:00,22.33000000,22.49800000,21.93800000,22.23000000,14177260.01900000
2025-04-24 22:00:00,22.23000000,22.43900000,22.02900000,22.36900000,5521017.67500000
2025-04-25 02:00:00,22.36900000,22.54300000,21.76600000,22.07600000,8929841.05300000
2025-04-25 06:00:00,22.07600000,22.53200000,21.95400000,22.32800000,8629583.91300000
2025-04-25 10:00:00,22.32800000,22.58800000,22.17500000,22.55300000,12050445.82000000
2025-04-25 14:00:00,22.55300000,22.85800000,22.09400000,22.56500000,22252454.22400000
2025-04-25 18:00:00,22.56500000,22.77900000,22.18200000,22.29700000,13393493.50200000
2025-04-25 22:00:00,22.29700000,22.49600000,22.13100000,22.15000000,6320879.82000000
2025-04-26 02:00:00,22.15000000,22.98400000,22.15200000,22.62500000,11674967.28200000
2025-04-26 06:00:00,22.62500000,22.68600000,22.28500000,22.43500000,6933934.50200000
2025-04-26 10:00:00,22.43500000,22.76200000,21.84600000,21.93800000,15169171.10700000
2025-04-26 14:00:00,21.93800000,22.06900000,21.69800000,22.01100000,11276052.99100000
2025-04-26 18:00:00,22.01100000,22.12700000,21.82100000,22.11900000,6119998.04100000
2025-04-26 22:00:00,22.11900000,22.42700000,22.06800000,22.39700000,6321522.34500000
2025-04-27 02:00:00,22.39700000,22.78500000,22.03700000,22.36300000,12316593.91500000
2025-04-27 06:00:00,22.36300000,22.53800000,22.00600000,22.26100000,6098414.77800000
2025-04-27 10:00:00,22.26100000,22.47200000,22.04200000,22.05100000,4768093.02100000
2025-04-27 14:00:00,22.05100000,22.31400000,21.77100000,21.87200000,9354626.86300000
2025-04-27 18:00:00,21.87200000,22.13500000,21.64100000,22.11300000,6538053.65300000
2025-04-27 22:00:00,22.11300000,22.13800000,21.68900000,21.69900000,5341000.33100000
2025-04-28 02:00:00,21.69900000,21.81000000,21.00300000,21.71900000,15149501.91800000
2025-04-28 06:00:00,21.71900000,22.35000000,21.71800000,22.29400000,8193011.12900000
2025-04-28 10:00:00,22.29400000,22.42000000,21.94300000,22.25800000,9284428.83300000
2025-04-28 14:00:00,22.25800000,22.28700000,21.26100000,21.43100000,12546601.77900000
2025-04-28 18:00:00,21.43100000,22.08100000,21.26200000,21.98800000,9032011.47400000
2025-04-28 22:00:00,21.98800000,22.02000000,21.69800000,21.82700000,4720219.58000000
2025-04-29 02:00:00,21.82700000,22.07700000,21.63200000,21.84400000,6059062.82900000
2025-04-29 06:00:00,21.84400000,22.20000000,21.63100000,22.16800000,6138781.84800000
2025-04-29 10:00:00,22.16800000,22.28700000,21.94600000,22.13100000,7081883.43000000
2025-04-29 14:00:00,22.13100000,22.20600000,21.81600000,21.98900000,8664822.21000000
2025-04-29 18:00:00,21.98900000,22.22200000,21.82100000,21.84800000,7361211.87300000
2025-04-29 22:00:00,21.84800000,21.90600000,21.25500000,21.54800000,9609451.95100000
2025-04-30 02:00:00,21.54800000,21.92200000,21.46400000,21.84900000,5381845.05200000
2025-04-30 06:00:00,21.84900000,21.87900000,21.44900000,21.56500000,3492951.65400000
2025-04-30 10:00:00,21.56500000,21.72100000,21.43800000,21.63300000,3812177.72400000
2025-04-30 14:00:00,21.63300000,21.64700000,20.33500000,20.90600000,19396997.84100000
2025-04-30 18:00:00,20.90600000,21.19300000,20.67600000,20.93100000,7763466.02000000
2025-04-30 22:00:00,20.93100000,21.21600000,20.80200000,20.89800000,4717858.33400000
2025-05-01 02:00:00,20.89800000,21.27100000,20.87000000,20.93700000,5143297.58500000
2025-05-01 06:00:00,20.93700000,21.24500000,20.80000000,21.21000000,4541848.47100000
2025-05-01 10:00:00,21.21000000,21.58000000,21.18200000,21.46300000,7134778.82900000
2025-05-01 14:00:00,21.46300000,21.53300000,21.10100000,21.33600000,10015444.00000000
2025-05-01 18:00:00,21.33600000,21.85800000,21.23400000,21.75500000,9023878.23400000
2025-05-01 22:00:00,21.75500000,21.83200000,21.51700000,21.62700000,4553234.10300000
2025-05-02 02:00:00,21.62700000,22.17400000,21.59500000,21.95800000,8557992.86100000
2025-05-02 06:00:00,21.95800000,22.07500000,21.25300000,21.25400000,5694134.45700000
2025-05-02 10:00:00,21.25400000,21.43800000,21.14000000,21.28800000,4588574.59300000
2025-05-02 14:00:00,21.28800000,21.65200000,21.11200000,21.40900000,9194272.19000000
2025-05-02 18:00:00,21.40900000,21.66200000,20.95000000,21.02200000,5727851.84000000
2025-05-02 22:00:00,21.02200000,21.39200000,20.94900000,21.24000000,5041204.26500000
2025-05-03 02:00:00,21.24000000,21.26600000,21.04300000,21.07000000,2683733.01300000
2025-05-03 06:00:00,21.07000000,21.17700000,20.85600000,20.90800000,2848071.08400000
2025-05-03 10:00:00,20.90800000,21.04800000,20.60600000,20.67800000,5060332.10600000
2025-05-03 14:00:00,20.67800000,20.98600000,20.65000000,20.85300000,3718813.95200000
2025-05-03 18:00:00,20.85300000,20.86400000,20.46300000,20.83300000,5665134.20100000
2025-05-03 22:00:00,20.83300000,20.86500000,20.49800000,20.50800000,3322144.91900000
2025-05-04 02:00:00,20.50800000,20.62200000,20.20300000,20.22900000,5865124.22900000
2025-05-04 06:00:00,20.22900000,20.42400000,20.10400000,20.21400000,3696144.78900000
2025-05-04 10:00:00,20.21400000,20.21400000,19.99200000,20.06200000,3760176.05900000
2025-05-04 14:00:00,20.06200000,20.18300000,19.77200000,19.98700000,6208986.08700000
2025-05-04 18:00:00,19.98700000,20.06100000,19.86300000,19.98600000,3402669.57300000
2025-05-04 22:00:00,19.98600000,20.18000000,19.74500000,19.88600000,6128751.01300000
2025-05-05 02:00:00,19.88600000,20.22400000,19.66600000,19.94100000,6808731.69800000
2025-05-05 06:00:00,19.94100000,20.22500000,19.86700000,20.01800000,4152620.34700000
2025-05-05 10:00:00,20.01800000,20.05300000,19.44900000,19.45300000,7887777.14100000
2025-05-05 14:00:00,19.45300000,19.66200000,19.27700000,19.35200000,8444433.35500000
2025-05-05 18:00:00,19.35200000,19.83600000,19.33100000,19.59700000,6208881.35600000
2025-05-05 22:00:00,19.59700000,19.86000000,19.36900000,19.66900000,4576708.77600000
2025-05-06 02:00:00,19.66900000,19.76100000,19.41100000,19.74700000,4442475.12200000
2025-05-06 06:00:00,19.74700000,19.86800000,19.68500000,19.77500000,3691774.20300000
2025-05-06 10:00:00,19.77500000,19.77800000,19.25500000,19.40800000,6502522.80500000
2025-05-06 14:00:00,19.40800000,19.78700000,19.29200000,19.64500000,8558098.79100000
2025-05-06 18:00:00,19.64500000,19.93100000,19.48800000,19.81300000,5986457.63000000
2025-05-06 22:00:00,19.81300000,20.11700000,19.36700000,20.00500000,8868215.46600000
2025-05-07 02:00:00,20.00500000,20.24400000,19.73800000,19.92800000,7315090.50400000
2025-05-07 06:00:00,19.92800000,19.99500000,19.63900000,19.90700000,3068999.25600000
2025-05-07 10:00:00,19.90700000,19.99400000,19.69800000,19.75700000,4653385.72500000
2025-05-07 14:00:00,19.75700000,19.78100000,19.24600000,19.30000000,8184995.44900000
2025-05-07 18:00:00,19.30000000,19.44500000,19.06500000,19.23600000,9416824.71400000
2025-05-07 22:00:00,19.23600000,19.70100000,19.18100000,19.53800000,6107990.47500000
2025-05-08 02:00:00,19.53800000,20.34000000,19.48100000,20.34000000,9195366.28600000
2025-05-08 06:00:00,20.34000000,20.89300000,20.34000000,20.84400000,10929708.07100000
2025-05-08 10:00:00,20.84400000,21.16400000,20.84200000,20.92000000,9070237.64600000
2025-05-08 14:00:00,20.92000000,21.47000000,20.64300000,21.18200000,13602826.15500000
2025-05-08 18:00:00,21.18200000,21.49100000,21.15100000,21.42000000,8487665.44300000
2025-05-08 22:00:00,21.42000000,22.16000000,21.31900000,22.15100000,13226149.20200000
2025-05-09 02:00:00,22.15100000,22.47000000,22.02000000,22.06200000,9428879.26000000
2025-05-09 06:00:00,22.06200000,23.11600000,21.95700000,23.01000000,11678535.66700000
2025-05-09 10:00:00,23.01000000,23.99900000,22.76000000,23.53200000,26642725.03200000
2025-05-09 14:00:00,23.53200000,23.68200000,22.89900000,23.14200000,17333577.53600000
2025-05-09 18:00:00,23.14200000,23.46300000,22.79000000,23.09200000,11117574.12600000
2025-05-09 22:00:00,23.09200000,23.28100000,22.95600000,23.26800000,4867286.26700000
2025-05-10 02:00:00,23.26800000,23.66600000,23.00800000,23.48500000,9185582.19300000
2025-05-10 06:00:00,23.48500000,24.24500000,23.25700000,24.16500000,9478264.93000000
2025-05-10 10:00:00,24.16500000,24.80200000,23.91300000,24.05200000,13175161.50600000
2025-05-10 14:00:00,24.05200000,24.76300000,24.05400000,24.36800000,8816765.42100000
2025-05-10 18:00:00,24.36800000,24.86200000,24.30700000,24.52300000,7736552.16700000
2025-05-10 22:00:00,24.52300000,25.97100000,24.33000000,25.81000000,13902891.60800000
2025-05-11 02:00:00,25.81000000,26.02500000,24.92600000,25.29300000,14601381.80300000
2025-05-11 06:00:00,25.29300000,25.45300000,24.29600000,24.52000000,9056692.39000000
2025-05-11 10:00:00,24.52000000,24.89900000,24.41000000,24.85900000,6026031.53500000
2025-05-11 14:00:00,24.85900000,24.91300000,24.17600000,24.38700000,7409120.51000000
2025-05-11 18:00:00,24.38700000,24.92800000,24.13800000,24.73000000,6097234.00700000
2025-05-11 22:00:00,24.73000000,24.95600000,24.48500000,24.77700000,4016698.85600000
2025-05-12 02:00:00,24.77700000,25.21700000,24.42100000,25.14700000,7704262.18300000
2025-05-12 06:00:00,25.14700000,26.83400000,24.85100000,26.04000000,13713421.08500000
2025-05-12 10:00:00,26.04000000,26.03900000,24.85700000,24.97100000,12312071.55700000
2025-05-12 14:00:00,24.97100000,25.68900000,24.55500000,24.72100000,15198005.45400000
2025-05-12 18:00:00,24.72100000,25.16800000,23.72500000,24.46100000,12773844.90700000
2025-05-12 22:00:00,24.46100000,25.05300000,24.35100000,24.82400000,4977967.92500000
2025-05-13 02:00:00,24.82400000,24.84000000,23.46600000,23.51000000,10061317.10400000
2025-05-13 06:00:00,23.51000000,24.52300000,23.44900000,24.29300000,4857739.91500000
2025-05-13 10:00:00,24.29300000,24.69200000,24.24900000,24.51600000,4695555.67200000
2025-05-13 14:00:00,24.51600000,24.91100000,24.29800000,24.89500000,8772319.96800000
2025-05-13 18:00:00,24.89500000,26.24700000,24.85200000,25.81000000,11420724.31800000
2025-05-13 22:00:00,25.81000000,25.98500000,25.49400000,25.71300000,7111195.29600000
2025-05-14 02:00:00,25.71300000,26.27300000,25.49400000,26.09100000,9125404.75800000
2025-05-14 06:00:00,26.09100000,26.53600000,25.87300000,26.02100000,9712839.30000000
2025-05-14 10:00:00,26.02100000,26.15100000,25.39400000,25.91200000,10631836.85700000
2025-05-14 14:00:00,25.91200000,25.97200000,25.11300000,25.40400000,8946479.67300000
2025-05-14 18:00:00,25.40400000,25.46900000,24.97000000,25.25600000,6174541.09800000
2025-05-14 22:00:00,25.25600000,25.31500000,24.73400000,24.94400000,4631508.93600000
2025-05-15 02:00:00,24.94400000,25.12900000,24.36700000,24.39000000,6864135.38500000
2025-05-15 06:00:00,24.39000000,24.62000000,23.51500000,23.54400000,9622009.64000000
2025-05-15 10:00:00,23.54400000,24.17900000,23.50500000,23.94400000,12554053.90900000
2025-05-15 14:00:00,23.94400000,24.08900000,23.01900000,23.78300000,15862065.76700000
2025-05-15 18:00:00,23.78300000,24.19500000,23.24800000,23.49500000,10311059.69700000
2025-05-15 22:00:00,23.49500000,23.72200000,22.92300000,23.49300000,8863858.29700000
2025-05-16 02:00:00,23.49300000,23.94700000,23.31900000,23.89400000,5027359.26900000
2025-05-16 06:00:00,23.89400000,24.04200000,23.65600000,23.76900000,6244867.47700000
2025-05-16 10:00:00,23.76900000,23.97700000,23.23900000,23.81000000,6547773.86400000
2025-05-16 14:00:00,23.81000000,23.94800000,23.42700000,23.73400000,6264321.57000000
2025-05-16 18:00:00,23.73400000,23.86700000,23.33300000,23.55900000,4407014.90200000
2025-05-16 22:00:00,23.55900000,23.57400000,22.66300000,23.04700000,7555507.10300000
2025-05-17 02:00:00,23.04700000,23.12000000,22.25100000,22.74900000,8611323.32700000
2025-05-17 06:00:00,22.74900000,23.12600000,22.68300000,22.80400000,3429116.03700000
2025-05-17 10:00:00,22.80400000,22.90900000,22.55600000,22.76600000,3976531.99200000
2025-05-17 14:00:00,22.76600000,22.83000000,22.31100000,22.44100000,4873499.35300000
2025-05-17 18:00:00,22.44100000,22.57300000,22.09100000,22.17000000,6092182.94500000
2025-05-17 22:00:00,22.17000000,22.55700000,21.95800000,22.16300000,4170328.88500000
2025-05-18 02:00:00,22.16300000,22.37900000,21.99700000,22.17600000,3113236.35900000
2025-05-18 06:00:00,22.17600000,23.16600000,22.17600000,23.11500000,5150584.20600000
2025-05-18 10:00:00,23.11500000,23.31700000,22.89800000,22.91100000,5440634.23200000
2025-05-18 14:00:00,22.91100000,23.85500000,22.77300000,23.75100000,7637669.33900000
2025-05-18 18:00:00,23.75100000,23.81100000,22.01300000,22.01300000,15109310.10100000
2025-05-18 22:00:00,22.01300000,23.14200000,21.54600000,23.04100000,10428976.74000000
2025-05-19 02:00:00,23.04100000,23.18300000,21.86500000,21.88400000,7098941.08700000
2025-05-19 06:00:00,21.88400000,22.03400000,21.24800000,21.67200000,8204952.57600000
2025-05-19 10:00:00,21.67200000,21.80800000,21.46500000,21.65600000,4138850.33300000
2025-05-19 14:00:00,21.65600000,22.16100000,21.39200000,22.06700000,6295802.00100000
2025-05-19 18:00:00,22.06700000,22.61000000,21.88600000,22.28200000,6467984.13900000
2025-05-19 22:00:00,22.28200000,22.35200000,21.96900000,22.24400000,3403388.46000000
2025-05-20 02:00:00,22.24400000,22.80800000,22.08800000,22.40300000,6185578.97200000
2025-05-20 06:00:00,22.40300000,22.60800000,22.18000000,22.23500000,4565945.01900000
2025-05-20 10:00:00,22.23500000,22.35200000,21.93100000,22.11600000,4661107.81100000
2025-05-20 14:00:00,22.11600000,22.20100000,21.83300000,22.13200000,5271791.11900000
2025-05-20 18:00:00,22.13200000,22.46000000,21.75000000,22.38900000,6514105.32000000
2025-05-20 22:00:00,22.38900000,22.76900000,22.27100000,22.59500000,6079600.02000000
2025-05-21 02:00:00,22.59500000,22.71500000,22.14500000,22.53500000,4322645.01200000
2025-05-21 06:00:00,22.53500000,22.99400000,22.41300000,22.54600000,6882329.07400000
2025-05-21 10:00:00,22.54600000,22.83900000,22.35700000,22.74000000,4672291.94900000
2025-05-21 14:00:00,22.74000000,23.28600000,22.52900000,23.20900000,8913284.37200000
2025-05-21 18:00:00,23.20900000,23.80300000,22.38100000,22.85600000,17622357.02600000
2025-05-21 22:00:00,22.85600000,23.44400000,22.57500000,23.16500000,6076175.84300000
2025-05-22 02:00:00,23.16500000,23.85100000,23.12300000,23.77400000,6703540.31100000
2025-05-22 06:00:00,23.77400000,24.14300000,23.70400000,24.12900000,6040428.30000000
2025-05-22 10:00:00,24.12900000,25.45400000,24.07300000,25.09200000,18396705.55900000
2025-05-22 14:00:00,25.09200000,25.42300000,24.77200000,25.03400000,11442949.16900000
2025-05-22 18:00:00,25.03400000,25.39400000,25.02800000,25.08300000,7151965.78400000
2025-05-22 22:00:00,25.08300000,25.33600000,24.73600000,25.24900000,6474164.23900000
2025-05-23 02:00:00,25.24900000,25.85000000,25.03900000,25.73100000,8924052.35300000
2025-05-23 06:00:00,25.73100000,25.83000000,24.92200000,25.09600000,8004956.71300000
2025-05-23 10:00:00,25.09600000,25.96900000,24.28100000,24.45400000,14088592.85400000
2025-05-23 14:00:00,24.45400000,24.99400000,23.66600000,24.46800000,17624730.25300000
2025-05-23 18:00:00,24.46800000,24.64000000,23.99000000,24.01600000,8721849.55400000
2025-05-23 22:00:00,24.01600000,24.02100000,22.91200000,23.06300000,10524851.53400000
2025-05-24 02:00:00,23.06300000,23.45500000,22.92600000,23.27200000,5770753.19700000
2025-05-24 06:00:00,23.27200000,23.41400000,22.98100000,23.12200000,4460748.97800000
2025-05-24 10:00:00,23.12200000,23.43600000,22.85600000,23.20900000,5807622.10700000
2025-05-24 14:00:00,23.20900000,23.26700000,22.97100000,23.12200000,4717419.33000000
2025-05-24 18:00:00,23.12200000,23.17600000,22.78800000,23.00900000,4252932.26500000
2025-05-24 22:00:00,23.00900000,23.10200000,22.74000000,22.93300000,3570347.27000000
2025-05-25 02:00:00,22.93300000,23.12700000,22.46200000,22.89100000,5581625.22700000
2025-05-25 06:00:00,22.89100000,22.91700000,22.41200000,22.45800000,2621702.96800000
2025-05-25 10:00:00,22.45800000,22.45800000,22.09100000,22.35300000,5606744.59300000
2025-05-25 14:00:00,22.35300000,22.55700000,22.01900000,22.25100000,5068406.75800000
2025-05-25 18:00:00,22.25100000,22.54500000,22.07500000,22.47200000,2813930.26500000
2025-05-25 22:00:00,22.47200000,23.45900000,22.27600000,23.41500000,7254242.18600000
2025-05-26 02:00:00,23.41500000,23.79600000,23.21200000,23.35600000,5103054.22900000
2025-05-26 06:00:00,23.35600000,23.93000000,23.30300000,23.89300000,4592580.31600000
2025-05-26 10:00:00,23.89300000,23.99100000,23.51100000,23.68700000,4192529.15200000
2025-05-26 14:00:00,23.68700000,23.86200000,23.16100000,23.47400000,5976156.12900000
2025-05-26 18:00:00,23.47400000,23.53600000,22.86300000,22.97400000,5019694.61200000
2025-05-26 22:00:00,22.97400000,23.25400000,22.87200000,23.04700000,2649587.61000000
2025-05-27 02:00:00,23.04700000,23.18800000,22.49600000,23.01200000,4677393.77400000
2025-05-27 06:00:00,23.01200000,23.86200000,22.98700000,23.48300000,7342911.08600000
2025-05-27 10:00:00,23.48300000,23.75400000,23.38000000,23.61200000,3807930.71600000
2025-05-27 14:00:00,23.61200000,23.87000000,23.10100000,23.43400000,7819222.36300000
2025-05-27 18:00:00,23.43400000,23.82900000,23.29500000,23.40300000,5384143.07800000
2025-05-27 22:00:00,23.40300000,23.56100000,23.15500000,23.36100000,3093558.24800000
2025-05-28 02:00:00,23.36100000,23.71100000,23.28000000,23.56100000,3407120.19600000
2025-05-28 06:00:00,23.56100000,23.61600000,23.13800000,23.27100000,3160316.09400000
2025-05-28 10:00:00,23.27100000,23.56600000,23.05100000,23.55000000,4542864.38700000
2025-05-28 14:00:00,23.55000000,23.76100000,22.83500000,22.85500000,7791461.98600000
2025-05-28 18:00:00,22.85500000,23.39100000,22.77000000,22.80500000,4648240.86600000
2025-05-28 22:00:00,22.80500000,23.60000000,22.75300000,23.59900000,4497770.60400000
2025-05-29 02:00:00,23.59900000,24.33900000,23.43100000,24.19100000,9223325.14200000
2025-05-29 06:00:00,24.19100000,24.30500000,23.48600000,23.71200000,6453446.67200000
2025-05-29 10:00:00,23.71200000,23.80300000,23.34100000,23.41500000,7314859.72600000
2025-05-29 14:00:00,23.41500000,23.41500000,22.66100000,22.77100000,13361336.64600000
2025-05-29 18:00:00,22.77100000,23.00900000,22.44100000,22.61300000,12003867.47900000
2025-05-29 22:00:00,22.61300000,22.76900000,22.14600000,22.23700000,7370301.40800000
2025-05-30 02:00:00,22.23700000,22.33500000,21.20300000,21.81200000,15335717.39000000
2025-05-30 06:00:00,21.81200000,21.85600000,21.28800000,21.42400000,6844114.76600000
2025-05-30 10:00:00,21.42400000,21.85800000,21.27100000,21.78300000,7147118.93100000
2025-05-30 14:00:00,21.78300000,21.86200000,21.40400000,21.46700000,9236032.92400000
2025-05-30 18:00:00,21.46700000,21.56000000,20.73500000,21.26100000,11937293.03800000
2025-05-30 22:00:00,21.26100000,21.32700000,20.38700000,20.53300000,9216706.27000000
2025-05-31 02:00:00,20.53300000,20.57900000,19.75900000,20.05400000,11651085.28600000
2025-05-31 06:00:00,20.05400000,20.23900000,19.80800000,20.13100000,4795407.28100000
2025-05-31 10:00:00,20.13100000,20.33100000,20.05700000,20.19000000,4183632.97700000
2025-05-31 14:00:00,20.19000000,20.82900000,20.15400000,20.65900000,7142207.38700000
2025-05-31 18:00:00,20.65900000,20.99900000,20.60300000,20.87800000,4950270.33900000
2025-05-31 22:00:00,20.87800000,21.11600000,20.75200000,20.78500000,4784315.80400000
2025-06-01 02:00:00,20.78500000,20.82900000,20.49300000,20.66100000,3868513.07700000
2025-06-01 06:00:00,20.66100000,20.92300000,20.58900000,20.65800000,2454543.92900000
2025-06-01 10:00:00,20.65800000,20.68200000,20.25300000,20.39100000,4969459.67600000
2025-06-01 14:00:00,20.39100000,20.76900000,20.15900000,20.69100000,4835751.68900000
2025-06-01 18:00:00,20.69100000,20.94900000,20.38300000,20.65200000,5712237.46600000
2025-06-01 22:00:00,20.65200000,20.95900000,20.55300000,20.87100000,3366512.35300000
2025-06-02 02:00:00,20.87100000,20.98700000,20.45300000,20.55300000,4457194.53300000
2025-06-02 06:00:00,20.55300000,20.79300000,20.47300000,20.66700000,3156669.66500000
2025-06-02 10:00:00,20.66700000,20.79900000,20.20400000,20.31800000,6769897.28800000
2025-06-02 14:00:00,20.31800000,20.69300000,20.25200000,20.56300000,7005224.95700000
2025-06-02 18:00:00,20.56300000,20.76600000,20.40200000,20.52900000,3686353.54400000
2025-06-02 22:00:00,20.52900000,21.30300000,20.52800000,21.14300000,6238101.67800000
2025-06-03 02:00:00,21.14300000,21.69000000,21.12400000,21.26800000,6975233.54300000
2025-06-03 06:00:00,21.26800000,21.45700000,21.10900000,21.28100000,3060099.99400000
2025-06-03 10:00:00,21.28100000,21.35400000,21.11800000,21.21500000,2648590.27700000
2025-06-03 14:00:00,21.21500000,21.56200000,21.12900000,21.35800000,6658566.35600000
2025-06-03 18:00:00,21.35800000,21.58500000,21.24100000,21.53900000,3661018.34200000
2025-06-03 22:00:00,21.53900000,21.55200000,20.88100000,21.12800000,5817325.26300000
2025-06-04 02:00:00,21.12800000,21.63600000,21.04200000,21.47000000,4629159.80900000
2025-06-04 06:00:00,21.47000000,21.56700000,21.25100000,21.40100000,3513509.51700000
2025-06-04 10:00:00,21.40100000,21.53900000,21.02400000,21.03700000,5305305.11500000
2025-06-04 14:00:00,21.03700000,21.15000000,20.70700000,21.08600000,7615336.72800000
2025-06-04 18:00:00,21.08600000,21.09300000,20.64300000,20.64800000,6121338.99300000
2025-06-04 22:00:00,20.64800000,20.64700000,20.04500000,20.07600000,8486609.26300000
2025-06-05 02:00:00,20.07600000,20.26300000,19.94500000,20.20500000,3944705.21600000
2025-06-05 06:00:00,20.20500000,20.34500000,20.03300000,20.20700000,4068566.29800000
2025-06-05 10:00:00,20.20700000,20.34500000,19.99600000,20.16700000,3276249.06600000
2025-06-05 14:00:00,20.16700000,20.52700000,19.77400000,19.97500000,9330097.36800000
2025-06-05 18:00:00,19.97500000,20.01200000,19.10300000,19.26900000,11049825.98800000
2025-06-05 22:00:00,19.26900000,19.35500000,18.41700000,18.73100000,14159152.64600000
2025-06-06 02:00:00,18.73100000,19.15100000,18.61900000,19.14600000,4119765.21800000
2025-06-06 06:00:00,19.14600000,19.49300000,19.12400000,19.33900000,3870257.47700000
2025-06-06 10:00:00,19.33900000,19.47300000,19.27900000,19.35500000,3910986.95200000
2025-06-06 14:00:00,19.35500000,19.94000000,19.32600000,19.69800000,9019793.97300000
2025-06-06 18:00:00,19.69800000,19.79800000,19.36400000,19.39500000,4885755.92900000
2025-06-06 22:00:00,19.39500000,19.89800000,19.35100000,19.63700000,5346539.36900000
2025-06-07 02:00:00,19.63700000,20.12900000,19.54900000,20.09100000,4164063.13500000
2025-06-07 06:00:00,20.09100000,20.69400000,20.02700000,20.63300000,5527129.54700000
2025-06-07 10:00:00,20.63300000,21.11500000,20.60100000,21.01900000,10179122.10500000
2025-06-07 14:00:00,21.01900000,21.05700000,20.77200000,20.88800000,6942783.66000000
2025-06-07 18:00:00,20.88800000,20.97600000,20.66800000,20.81600000,4455909.83100000
2025-06-07 22:00:00,20.81600000,20.90900000,20.63000000,20.64500000,3016279.31600000
2025-06-08 02:00:00,20.64500000,20.65500000,20.32900000,20.34300000,4527277.35600000
2025-06-08 06:00:00,20.34300000,20.38300000,20.24100000,20.26500000,3075293.66200000
2025-06-08 10:00:00,20.26500000,20.64900000,20.13100000,20.48100000,7359397.44800000
2025-06-08 14:00:00,20.48100000,20.82900000,20.33900000,20.67100000,4870910.17400000
2025-06-08 18:00:00,20.67100000,21.33900000,20.64100000,21.33200000,7455316.74900000
2025-06-08 22:00:00,21.33200000,21.48100000,21.00700000,21.03900000,7589620.08100000
2025-06-09 02:00:00,21.03900000,21.13400000,20.58300000,20.72900000,6036740.56200000
2025-06-09 06:00:00,20.72900000,20.72700000,20.22600000,20.33100000,5818633.47500000
2025-06-09 10:00:00,20.33100000,20.92700000,20.20100000,20.79600000,9187574.06500000
2025-06-09 14:00:00,20.79600000,21.11900000,20.57900000,21.01100000,8460797.41500000
2025-06-09 18:00:00,21.01100000,21.43700000,21.01200000,21.36200000,8137584.22600000
2025-06-09 22:00:00,21.36200000,22.03100000,21.19300000,21.94100000,10920823.66400000
2025-06-10 02:00:00,21.94100000,22.20600000,21.75900000,21.82400000,6982824.50900000
2025-06-10 06:00:00,21.82400000,21.87700000,21.51500000,21.67900000,6966264.51400000
2025-06-10 10:00:00,21.67900000,22.31800000,21.50800000,22.21700000,9361285.51800000
2025-06-10 14:00:00,22.21700000,22.46900000,21.56000000,21.91100000,15075591.02700000
2025-06-10 18:00:00,21.91100000,22.48100000,21.75300000,22.21700000,8527086.18800000
2025-06-10 22:00:00,22.21700000,22.58900000,22.01300000,22.56500000,8751616.19700000
2025-06-11 02:00:00,22.56500000,22.65700000,22.04600000,22.30700000,6636219.21100000
2025-06-11 06:00:00,22.30700000,22.47200000,22.12300000,22.36600000,4365858.49900000
2025-06-11 10:00:00,22.36600000,22.43400000,21.87100000,21.99300000,6425920.30600000
2025-06-11 14:00:00,21.99300000,22.77100000,21.89100000,22.56300000,13710440.94500000
2025-06-11 18:00:00,22.56300000,22.60600000,21.63700000,21.71600000,14790221.47500000
2025-06-11 22:00:00,21.71600000,21.92900000,21.31500000,21.55800000,8628109.07400000
2025-06-12 02:00:00,21.55800000,21.61800000,21.13300000,21.20000000,7586715.58300000
2025-06-12 06:00:00,21.20000000,21.26700000,20.96100000,21.01100000,5402136.66200000
2025-06-12 10:00:00,21.01100000,21.11400000,20.75300000,20.78900000,4992590.51700000
2025-06-12 14:00:00,20.78900000,21.29100000,20.73200000,20.85400000,7808529.96400000
2025-06-12 18:00:00,20.85400000,21.23900000,20.48000000,20.57900000,7689783.07300000
2025-06-12 22:00:00,20.57900000,20.67100000,20.14200000,20.27300000,10482012.72700000
2025-06-13 02:00:00,20.27300000,20.29100000,18.45100000,19.08800000,21594369.84400000
2025-06-13 06:00:00,19.08800000,19.16300000,18.77800000,19.13300000,5681963.57100000
2025-06-13 10:00:00,19.13300000,19.38000000,19.00400000,19.24100000,5557432.11500000
2025-06-13 14:00:00,19.24100000,19.41800000,18.85900000,19.29300000,8325961.60800000
2025-06-13 18:00:00,19.29300000,19.53300000,18.89500000,19.01400000,6515779.92400000
2025-06-13 22:00:00,19.01400000,19.43000000,18.96000000,19.40300000,3049522.85700000
2025-06-14 02:00:00,19.40300000,19.42900000,19.14700000,19.24000000,2890220.25200000
2025-06-14 06:00:00,19.24000000,19.40800000,19.05800000,19.22800000,2988793.31000000
2025-06-14 10:00:00,19.22800000,19.23000000,18.99000000,19.12500000,2048738.32200000
2025-06-14 14:00:00,19.12500000,19.19900000,18.84400000,18.94900000,3307061.02800000
2025-06-14 18:00:00,18.94900000,19.05800000,18.69700000,18.87000000,4438677.54400000
2025-06-14 22:00:00,18.87000000,19.09200000,18.74300000,18.92500000,2941805.85400000
2025-06-15 02:00:00,18.92500000,19.04500000,18.89200000,18.96300000,1914873.86400000
2025-06-15 06:00:00,18.96300000,19.27100000,18.92500000,18.95200000,4068834.30100000
2025-06-15 10:00:00,18.95200000,19.01800000,18.76300000,18.96600000,3160366.14000000
2025-06-15 14:00:00,18.96600000,19.24800000,18.86900000,19.06500000,4236587.06300000
2025-06-15 18:00:00,19.06500000,19.18500000,18.98000000,19.07200000,2921601.27000000
2025-06-15 22:00:00,19.07200000,19.17200000,18.71500000,19.09900000,4445204.78000000
2025-06-16 02:00:00,19.09900000,19.46900000,18.89000000,19.25200000,4176700.44100000
2025-06-16 06:00:00,19.25200000,19.85200000,19.23600000,19.78400000,4901702.66400000
2025-06-16 10:00:00,19.78400000,19.82200000,19.41900000,19.61900000,3859464.97900000
2025-06-16 14:00:00,19.61900000,19.91700000,19.46900000,19.70800000,5114376.86100000
2025-06-16 18:00:00,19.70800000,19.92700000,19.63900000,19.76600000,4063164.11300000
2025-06-16 22:00:00,19.76600000,19.98600000,18.99100000,19.04900000,9168079.35100000
2025-06-17 02:00:00,19.04900000,19.48400000,18.68300000,19.30500000,8370676.32300000
2025-06-17 06:00:00,19.30500000,19.31900000,19.03800000,19.13100000,3288675.14300000
2025-06-17 10:00:00,19.13100000,19.14500000,18.83700000,18.91400000,3563136.37100000
2025-06-17 14:00:00,18.91400000,19.05000000,18.50600000,18.64900000,7789985.49600000
2025-06-17 18:00:00,18.64900000,18.92100000,18.11800000,18.78200000,9414653.33800000
2025-06-17 22:00:00,18.78200000,18.85000000,18.32500000,18.57300000,4170742.96100000
2025-06-18 02:00:00,18.57300000,18.83900000,18.52300000,18.69700000,3162277.42300000
2025-06-18 06:00:00,18.69700000,18.89400000,18.62400000,18.72500000,3106706.22000000
2025-06-18 10:00:00,18.72500000,18.81500000,18.21600000,18.50500000,4320404.84700000
2025-06-18 14:00:00,18.50500000,18.57900000,18.04400000,18.33500000,7769343.55800000
2025-06-18 18:00:00,18.33500000,18.49100000,18.06400000,18.20400000,7204391.39000000
2025-06-18 22:00:00,18.20400000,18.63900000,18.07300000,18.15500000,6149888.44400000
2025-06-19 02:00:00,18.15500000,18.38800000,17.89700000,18.03900000,6597899.04700000
2025-06-19 06:00:00,18.03900000,18.06200000,17.78800000,17.89900000,4751902.07500000
2025-06-19 10:00:00,17.89900000,18.08700000,17.85700000,17.89000000,3195652.00700000
2025-06-19 14:00:00,17.89000000,18.02400000,17.63900000,17.72900000,6788046.03300000
2025-06-19 18:00:00,17.72900000,18.07400000,17.62600000,17.92300000,5461805.02000000
2025-06-19 22:00:00,17.92300000,18.18300000,17.91400000,18.04500000,3995176.60900000
2025-06-20 02:00:00,18.04500000,18.16700000,17.97200000,17.98300000,2695456.23100000
2025-06-20 06:00:00,17.98300000,18.40200000,17.81200000,18.32100000,4395479.89600000
2025-06-20 10:00:00,18.32100000,18.40500000,18.13700000,18.24600000,3694740.96900000
2025-06-20 14:00:00,18.24600000,18.35600000,17.72500000,17.80300000,6478114.02000000
2025-06-20 18:00:00,17.80300000,17.81700000,16.93400000,17.43100000,11723841.09900000
2025-06-20 22:00:00,17.43100000,17.66300000,17.19000000,17.35600000,4513013.99200000
2025-06-21 02:00:00,17.35600000,17.63000000,17.35100000,17.58100000,3142244.91800000
2025-06-21 06:00:00,17.58100000,17.61600000,17.48500000,17.53800000,2318379.16900000
2025-06-21 10:00:00,17.53800000,17.62900000,17.48100000,17.59600000,2883814.18400000
2025-06-21 14:00:00,17.59600000,17.61500000,16.99500000,17.13500000,7222786.43100000
2025-06-21 18:00:00,17.13500000,17.18500000,16.75200000,16.77700000,6761953.60100000
2025-06-21 22:00:00,16.77700000,17.10400000,16.28100000,16.81000000,12074099.58300000
2025-06-22 02:00:00,16.81000000,17.09800000,16.58200000,16.69500000,7086275.71000000
2025-06-22 06:00:00,16.69500000,16.99700000,16.65400000,16.83600000,3747432.30900000
2025-06-22 10:00:00,16.83600000,16.91900000,16.51500000,16.65600000,4016698.91900000
2025-06-22 14:00:00,16.65600000,16.73700000,15.94400000,16.02800000,14957466.11100000
2025-06-22 18:00:00,16.02800000,16.34500000,15.89000000,15.93800000,7155337.41800000
2025-06-22 22:00:00,15.93800000,16.52100000,15.60100000,16.51300000,9726269.29200000
2025-06-23 02:00:00,16.51300000,16.75600000,16.48000000,16.51400000,4181741.68600000
2025-06-23 06:00:00,16.51400000,17.05000000,16.50600000,16.91000000,4242556.93800000
2025-06-23 10:00:00,16.91000000,17.13600000,16.77100000,16.86800000,4387309.45000000
2025-06-23 14:00:00,16.86800000,17.26100000,16.70600000,16.74100000,8321786.61800000
2025-06-23 18:00:00,16.74100000,17.30600000,16.25500000,17.29300000,13100656.59700000
2025-06-23 22:00:00,17.29300000,18.18600000,17.24800000,18.05100000,14367739.37300000
2025-06-24 02:00:00,18.05100000,18.22500000,17.94100000,18.04500000,5072178.41400000
2025-06-24 06:00:00,18.04500000,18.47600000,17.96200000,18.04500000,6204461.57000000
2025-06-24 10:00:00,18.04500000,18.28100000,17.88000000,18.11900000,6355049.66800000
2025-06-24 14:00:00,18.11900000,18.28100000,17.98200000,18.15700000,6710454.27500000
2025-06-24 18:00:00,18.15700000,18.41800000,17.91900000,18.01600000,7062808.30600000
2025-06-24 22:00:00,18.01600000,18.22700000,17.95100000,18.22500000,3545521.75800000
2025-06-25 02:00:00,18.22500000,18.36000000,18.09200000,18.11500000,3992933.92600000
2025-06-25 06:00:00,18.11500000,18.17200000,17.96900000,18.02500000,2678461.96000000
2025-06-25 10:00:00,18.02500000,18.04100000,17.72500000,17.97800000,5286398.67700000
2025-06-25 14:00:00,17.97800000,18.12300000,17.54700000,17.58300000,7352410.59400000
2025-06-25 18:00:00,17.58300000,17.79300000,17.52800000,17.71700000,4087848.32200000
2025-06-25 22:00:00,17.71700000,17.82200000,17.40500000,17.56500000,3082754.28900000
2025-06-26 02:00:00,17.56500000,18.00500000,17.43800000,17.75100000,4403169.77800000
2025-06-26 06:00:00,17.75100000,17.81200000,17.52800000,17.71800000,2772151.98100000
2025-06-26 10:00:00,17.71800000,17.78700000,17.37100000,17.40600000,3633724.06200000
2025-06-26 14:00:00,17.40600000,17.42300000,17.08900000,17.24200000,6809912.69100000
2025-06-26 18:00:00,17.24200000,17.37600000,17.13600000,17.32900000,3589432.82100000
2025-06-26 22:00:00,17.32900000,17.62500000,17.16500000,17.22300000,3635435.33100000
2025-06-27 02:00:00,17.22300000,17.52800000,17.00000000,17.48800000,3615631.39000000
2025-06-27 06:00:00,17.48800000,17.60300000,17.33200000,17.38500000,2868691.14200000
2025-06-27 10:00:00,17.38500000,17.61000000,17.37700000,17.46700000,3647814.11400000
2025-06-27 14:00:00,17.46700000,17.57300000,17.27800000,17.53800000,4978079.92400000
2025-06-27 18:00:00,17.53800000,17.77600000,17.11900000,17.32000000,4922078.55400000
2025-06-27 22:00:00,17.32000000,17.60000000,17.29800000,17.56800000,2607700.09000000
2025-06-28 02:00:00,17.56800000,17.66500000,17.47300000,17.59200000,2026886.90300000
2025-06-28 06:00:00,17.59200000,17.66900000,17.49300000,17.66200000,1819420.09400000
2025-06-28 10:00:00,17.66200000,17.73300000,17.59200000,17.66300000,2226520.39400000
2025-06-28 14:00:00,17.66300000,17.77800000,17.52800000,17.75100000,2067430.99200000
2025-06-28 18:00:00,17.75100000,18.06600000,17.75200000,17.93900000,4661522.05100000
2025-06-28 22:00:00,17.93900000,18.05700000,17.86100000,17.96700000,2081029.52000000
2025-06-29 02:00:00,17.96700000,18.00600000,17.79900000,17.80600000,1912009.66700000
2025-06-29 06:00:00,17.80600000,18.03300000,17.79200000,18.03300000,1500588.09100000
2025-06-29 10:00:00,18.03300000,18.15800000,17.98200000,18.05400000,3250879.63500000
2025-06-29 14:00:00,18.05400000,18.06300000,17.80200000,17.83200000,3412609.62600000
2025-06-29 18:00:00,17.83200000,18.08400000,17.80600000,18.03500000,2804045.70900000
2025-06-29 22:00:00,18.03500000,18.89300000,17.92100000,18.72800000,9294326.75100000
2025-06-30 02:00:00,18.72800000,18.87300000,18.26300000,18.28700000,4759085.48000000
2025-06-30 06:00:00,18.28700000,18.30300000,17.98000000,18.23900000,4604942.00700000
2025-06-30 10:00:00,18.23900000,18.27100000,18.01500000,18.06600000,2756745.06000000
2025-06-30 14:00:00,18.06600000,18.12900000,17.69200000,18.00800000,8206309.83800000
2025-06-30 18:00:00,18.00800000,18.22900000,17.86500000,18.20600000,4822916.28200000
2025-06-30 22:00:00,18.20600000,18.25600000,17.88400000,17.95800000,3823609.42300000
2025-07-01 02:00:00,17.95800000,18.04900000,17.73100000,17.80600000,2825828.07400000
2025-07-01 06:00:00,17.80600000,17.80800000,17.41600000,17.62000000,5521212.61600000
2025-07-01 10:00:00,17.62000000,17.63700000,17.43600000,17.47100000,2873261.12200000
2025-07-01 14:00:00,17.47100000,17.49500000,17.18900000,17.25000000,6084102.64500000
2025-07-01 18:00:00,17.25000000,17.33000000,17.02500000,17.07600000,4704182.49800000
2025-07-01 22:00:00,17.07600000,17.13000000,16.94200000,17.09200000,3500831.90400000
2025-07-02 02:00:00,17.09200000,17.29900000,16.95700000,17.26300000,4485078.22100000
2025-07-02 06:00:00,17.26300000,17.64700000,17.24100000,17.57700000,4278593.78000000
2025-07-02 10:00:00,17.57700000,17.68900000,17.50500000,17.55700000,3768797.82700000
2025-07-02 14:00:00,17.55700000,18.01300000,17.41400000,18.00500000,6271690.25700000
2025-07-02 18:00:00,18.00500000,18.82600000,18.00500000,18.67500000,16757788.18900000
2025-07-02 22:00:00,18.67500000,18.81300000,18.48400000,18.51900000,6117532.18200000
2025-07-03 02:00:00,18.51900000,18.66800000,18.43200000,18.54500000,3627621.12500000
2025-07-03 06:00:00,18.54500000,19.17200000,18.53400000,19.08300000,6664923.18100000
2025-07-03 10:00:00,19.08300000,19.11000000,18.68100000,18.77100000,4491639.02800000
2025-07-03 14:00:00,18.77100000,19.00400000,18.33300000,18.36000000,8275969.13600000
2025-07-03 18:00:00,18.36000000,18.60400000,18.34400000,18.54800000,3396860.73700000
2025-07-03 22:00:00,18.54800000,18.66200000,18.50100000,18.53500000,2175992.76900000
2025-07-04 02:00:00,18.53500000,18.81200000,18.49600000,18.75200000,5246768.09900000
2025-07-04 06:00:00,18.75200000,18.87100000,18.09400000,18.10800000,8536384.05700000
2025-07-04 10:00:00,18.10800000,18.20700000,17.94600000,18.07400000,4856190.75200000
2025-07-04 14:00:00,18.07400000,18.17500000,17.67900000,17.70400000,6600038.87000000
2025-07-04 18:00:00,17.70400000,17.73600000,17.49300000,17.66900000,6004507.62100000
2025-07-04 22:00:00,17.66900000,17.88000000,17.61700000,17.78100000,3775818.54200000
2025-07-05 02:00:00,17.78100000,17.85500000,17.64200000,17.83100000,2502245.32900000
2025-07-05 06:00:00,17.83100000,17.92400000,17.70900000,17.81000000,3084769.79800000
2025-07-05 10:00:00,17.81000000,17.94000000,17.66600000,17.87600000,2858873.88300000
2025-07-05 14:00:00,17.87600000,17.92100000,17.76300000,17.82500000,2995472.48100000
2025-07-05 18:00:00,17.82500000,17.88100000,17.61100000,17.77300000,2775186.45000000
2025-07-05 22:00:00,17.77300000,17.98100000,17.74000000,17.90300000,2809517.17000000
2025-07-06 02:00:00,17.90300000,17.90700000,17.75100000,17.81100000,2620180.68700000
2025-07-06 06:00:00,17.81100000,17.91200000,17.76100000,17.83800000,1806016.32700000
2025-07-06 10:00:00,17.83800000,17.87400000,17.72600000,17.86900000,1617448.97200000
2025-07-06 14:00:00,17.86900000,18.30400000,17.85200000,18.14800000,5672486.16100000
2025-07-06 18:00:00,18.14800000,18.28700000,17.98800000,18.15900000,2803154.58800000
2025-07-06 22:00:00,18.15900000,18.61200000,18.15500000,18.28000000,6033037.04400000
2025-07-07 02:00:00,18.28000000,18.59400000,18.18600000,18.40900000,3796755.99400000
2025-07-07 06:00:00,18.40900000,18.45000000,18.09400000,18.28700000,4820079.25300000
2025-07-07 10:00:00,18.28700000,18.34500000,18.09600000,18.16400000,2918011.11100000
2025-07-07 14:00:00,18.16400000,18.28400000,17.95100000,18.02700000,8132151.83100000
2025-07-07 18:00:00,18.02700000,18.10300000,17.81500000,17.99500000,6158293.06200000
2025-07-07 22:00:00,17.99500000,17.99900000,17.79400000,17.98700000,3591247.62200000
2025-07-08 02:00:00,17.98700000,18.07600000,17.73100000,17.77800000,3984581.21200000
2025-07-08 06:00:00,17.77800000,17.90200000,17.68100000,17.90000000,2633061.40000000
2025-07-08 10:00:00,17.90000000,18.25600000,17.83100000,18.12900000,4066441.55300000
2025-07-08 14:00:00,18.12900000,18.23800000,17.96300000,17.99800000,4620062.28900000
2025-07-08 18:00:00,17.99800000,18.47300000,17.90100000,18.37300000,6234763.48900000
2025-07-08 22:00:00,18.37300000,18.46200000,18.22800000,18.35800000,3239087.93000000
2025-07-09 02:00:00,18.35800000,18.38500000,18.09900000,18.12400000,3026011.09100000
2025-07-09 06:00:00,18.12400000,18.54900000,18.08700000,18.40200000,3984087.61300000
2025-07-09 10:00:00,18.40200000,18.54300000,18.31500000,18.51600000,2764315.91900000
2025-07-09 14:00:00,18.51600000,18.77500000,18.38100000,18.52400000,7257871.43500000
2025-07-09 18:00:00,18.52400000,19.19200000,18.48300000,19.10700000,9593891.23400000
2025-07-09 22:00:00,19.10700000,19.61300000,18.97200000,19.50000000,9620307.29200000
2025-07-10 02:00:00,19.50000000,19.62200000,19.36300000,19.49100000,5229857.49300000
2025-07-10 06:00:00,19.49100000,19.60100000,19.33600000,19.49700000,3601802.08600000
2025-07-10 10:00:00,19.49700000,19.59600000,19.43700000,19.57400000,3528909.26300000
2025-07-10 14:00:00,19.57400000,19.70800000,19.37400000,19.44500000,5849899.29500000
2025-07-10 18:00:00,19.44500000,19.94300000,19.40700000,19.77000000,10560242.46600000
2025-07-10 22:00:00,19.77000000,20.78100000,19.76100000,20.70600000,15649891.94700000
2025-07-11 02:00:00,20.70600000,20.93100000,20.43100000,20.85900000,12575406.95000000
2025-07-11 06:00:00,20.85900000,21.21300000,20.71300000,20.73800000,9686555.29600000
2025-07-11 10:00:00,20.73800000,21.19900000,20.73900000,20.97900000,5075885.31400000
2025-07-11 14:00:00,20.97900000,21.52800000,20.86900000,20.95100000,13768505.31000000
2025-07-11 18:00:00,20.95100000,21.41600000,20.81500000,21.32200000,9923891.53400000
2025-07-11 22:00:00,21.32200000,21.33400000,20.32500000,20.67100000,10182795.46800000
2025-07-12 02:00:00,20.67100000,21.04800000,20.38200000,20.85200000,6229921.04300000
2025-07-12 06:00:00,20.85200000,20.90800000,20.52400000,20.88100000,4385751.79400000
2025-07-12 10:00:00,20.88100000,21.07500000,20.70300000,20.96700000,4173078.86900000
2025-07-12 14:00:00,20.96700000,21.02800000,20.16200000,20.31700000,9957198.54700000
2025-07-12 18:00:00,20.31700000,20.85200000,20.23500000,20.72900000,4834334.05200000
2025-07-12 22:00:00,20.72900000,20.75200000,20.38900000,20.68200000,3267292.00100000
2025-07-13 02:00:00,20.68200000,21.17000000,20.65400000,21.09100000,5517188.98600000
2025-07-13 06:00:00,21.09100000,21.31400000,20.94700000,21.30400000,4222818.51200000
2025-07-13 10:00:00,21.30400000,21.38200000,21.06000000,21.25900000,5125851.70600000
2025-07-13 14:00:00,21.25900000,21.63300000,21.12900000,21.28200000,9394948.75600000
2025-07-13 18:00:00,21.28200000,21.76900000,21.08400000,21.52200000,7498349.02600000
2025-07-13 22:00:00,21.52200000,21.59900000,20.97700000,21.18300000,6495399.49500000
2025-07-14 02:00:00,21.18300000,22.05300000,21.13200000,21.78500000,8668866.49400000
2025-07-14 06:00:00,21.78500000,22.06600000,21.52400000,21.82900000,8174633.68300000
2025-07-14 10:00:00,21.82900000,21.93000000,21.59100000,21.69700000,5716909.80300000
2025-07-14 14:00:00,21.69700000,21.99900000,21.28200000,21.44400000,10548284.98000000
2025-07-14 18:00:00,21.44400000,21.64700000,21.12500000,21.25200000,6300396.15000000
2025-07-14 22:00:00,21.25200000,21.41100000,21.00200000,21.25500000,4760143.47200000
2025-07-15 02:00:00,21.25500000,21.35400000,20.43100000,20.58400000,8442079.74700000
2025-07-15 06:00:00,20.58400000,20.91100000,20.38400000,20.72900000,4662328.83200000
2025-07-15 10:00:00,20.72900000,21.49900000,20.59000000,21.10300000,8964763.55100000
2025-07-15 14:00:00,21.10300000,21.29900000,20.67800000,21.17300000,11125312.98300000
2025-07-15 18:00:00,21.17300000,21.88400000,21.15500000,21.20800000,10727903.17400000
2025-07-15 22:00:00,21.20800000,22.57100000,21.14700000,22.50500000,10293412.74500000
2025-07-16 02:00:00,22.50500000,22.56100000,21.70500000,21.71700000,8102143.15800000
2025-07-16 06:00:00,21.71700000,22.07800000,21.61700000,21.97700000,5195538.78900000
2025-07-16 10:00:00,21.97700000,22.13600000,21.87300000,22.00800000,4575815.20700000
2025-07-16 14:00:00,22.00800000,22.36700000,21.84700000,22.09400000,9857488.49700000
2025-07-16 18:00:00,22.09400000,22.82800000,22.05200000,22.59700000,10856527.05600000
2025-07-16 22:00:00,22.59700000,23.02600000,22.45600000,22.65200000,9954716.65500000
2025-07-17 02:00:00,22.65200000,22.94000000,22.01600000,22.15900000,8064080.07000000
2025-07-17 06:00:00,22.15900000,22.79600000,22.08700000,22.68800000,6212528.96500000
2025-07-17 10:00:00,22.68800000,23.23700000,22.60600000,22.88800000,7578098.77000000
2025-07-17 14:00:00,22.88800000,23.07900000,22.43500000,22.72300000,10966169.19700000
2025-07-17 18:00:00,22.72300000,22.94800000,22.29900000,22.42000000,9356197.31100000
2025-07-17 22:00:00,22.42000000,24.33900000,22.18200000,23.90500000,21279092.47800000
2025-07-18 02:00:00,23.90500000,24.57600000,23.68800000,24.33200000,13477848.29000000
2025-07-18 06:00:00,24.33200000,25.03800000,24.23000000,24.34500000,12808056.31200000
2025-07-18 10:00:00,24.34500000,24.65600000,23.95000000,24.13800000,10693859.88000000
2025-07-18 14:00:00,24.13800000,24.57100000,23.54800000,23.76300000,16241162.01900000
2025-07-18 18:00:00,23.76300000,24.09000000,23.43100000,23.60600000,9154136.12500000
2025-07-18 22:00:00,23.60600000,23.70700000,23.06000000,23.51600000,11490277.10600000
2025-07-19 02:00:00,23.51600000,23.82100000,23.00000000,23.81700000,5793685.33300000
2025-07-19 06:00:00,23.81700000,24.01600000,23.69800000,23.71000000,4981236.79900000
2025-07-19 10:00:00,23.71000000,23.72500000,23.40500000,23.58500000,4848699.08300000
2025-07-19 14:00:00,23.58500000,23.86400000,23.29500000,23.63800000,5983610.75400000
2025-07-19 18:00:00,23.63800000,25.18200000,23.53300000,24.96000000,13369072.39600000
2025-07-19 22:00:00,24.96000000,25.22900000,24.17700000,24.48800000,13856692.12800000
2025-07-20 02:00:00,24.48800000,24.78000000,24.29700000,24.56300000,6466088.07400000
2025-07-20 06:00:00,24.56300000,24.83200000,24.42000000,24.69200000,5122442.90900000
2025-07-20 10:00:00,24.69200000,25.27400000,24.68900000,25.12600000,8919481.40700000
2025-07-20 14:00:00,25.12600000,25.44300000,24.86100000,25.40800000,10520033.98700000
2025-07-20 18:00:00,25.40800000,25.55000000,24.94100000,25.27400000,12500929.11800000
2025-07-20 22:00:00,25.27400000,25.33100000,24.51500000,25.03700000,12915885.92600000
2025-07-21 02:00:00,25.03700000,25.44900000,24.62900000,25.44300000,8990324.73000000
2025-07-21 06:00:00,25.44300000,25.87100000,25.28000000,25.83200000,8291408.91200000
2025-07-21 10:00:00,25.83200000,26.41800000,25.56800000,26.04400000,12716645.10900000
2025-07-21 14:00:00,26.04400000,26.36300000,25.63700000,25.90600000,21136059.75400000
2025-07-21 18:00:00,25.90600000,25.92700000,25.07900000,25.18900000,17921916.30900000
2025-07-21 22:00:00,25.18900000,25.59300000,25.11400000,25.43600000,7223694.30900000
2025-07-22 02:00:00,25.43600000,26.04100000,24.82100000,25.89600000,19732792.40300000
2025-07-22 06:00:00,25.89600000,26.09700000,25.10400000,25.66100000,19399568.40900000
2025-07-22 10:00:00,25.66100000,25.66100000,24.77000000,25.50700000,17003149.54700000
2025-07-22 14:00:00,25.50700000,25.67600000,24.76600000,24.97200000,20876316.14300000
2025-07-22 18:00:00,24.97200000,25.39100000,24.70300000,24.86100000,14623919.22200000
2025-07-22 22:00:00,24.86100000,25.90300000,24.81100000,25.89900000,10011090.79000000
2025-07-23 02:00:00,25.89900000,26.12500000,25.49300000,25.53700000,11884911.85500000
2025-07-23 06:00:00,25.53700000,25.83500000,25.22200000,25.36200000,7275745.88000000
2025-07-23 10:00:00,25.36200000,25.58200000,24.82200000,25.01000000,8587071.17800000
2025-07-23 14:00:00,25.01000000,25.07200000,23.58400000,24.35300000,24048558.60100000
2025-07-23 18:00:00,24.35300000,24.35300000,23.39000000,23.84100000,12897446.19200000
2025-07-23 22:00:00,23.84100000,24.11100000,23.14100000,23.94100000,12953817.26600000
2025-07-24 02:00:00,23.94100000,24.19100000,23.80100000,23.93800000,5751962.00900000
2025-07-24 06:00:00,23.93800000,24.02400000,22.52200000,23.25800000,15822400.73000000
2025-07-24 10:00:00,23.25800000,23.89800000,23.13400000,23.81300000,9029474.10200000
2025-07-24 14:00:00,23.81300000,24.43800000,23.46300000,24.17200000,14485757.75600000
2025-07-24 18:00:00,24.17200000,24.30800000,23.68700000,23.99700000,9546605.47900000
2025-07-24 22:00:00,23.99700000,24.21700000,23.57800000,23.65200000,7203903.13800000
2025-07-25 02:00:00,23.65200000,23.68600000,22.87300000,23.08800000,8651911.33000000
2025-07-25 06:00:00,23.08800000,23.38200000,22.84600000,23.08400000,7538771.89400000
2025-07-25 10:00:00,23.08400000,23.89700000,23.06100000,23.70700000,7871182.12700000
2025-07-25 14:00:00,23.70700000,23.87800000,22.93700000,23.19400000,12887184.41800000
2025-07-25 18:00:00,23.19400000,23.54100000,23.07000000,23.40400000,6630328.54700000
2025-07-25 22:00:00,23.40400000,24.03300000,23.39300000,24.00400000,6584521.44400000
2025-07-26 02:00:00,24.00400000,24.15800000,23.84800000,24.06600000,3901366.44600000
2025-07-26 06:00:00,24.06600000,24.18900000,24.02900000,24.08500000,2850646.27200000
2025-07-26 10:00:00,24.08500000,24.42200000,24.08100000,24.31700000,5245163.06100000
2025-07-26 14:00:00,24.31700000,24.94400000,24.20000000,24.82700000,11696016.24600000
2025-07-26 18:00:00,24.82700000,25.78300000,24.52300000,25.43100000,12724801.10600000
2025-07-26 22:00:00,25.43100000,25.49200000,24.87900000,24.93000000,9334873.87100000
2025-07-27 02:00:00,24.93000000,25.09600000,24.84600000,24.93200000,4342940.89400000
2025-07-27 06:00:00,24.93200000,25.24800000,24.92100000,25.00300000,4967647.51200000
2025-07-27 10:00:00,25.00300000,25.15100000,24.74600000,24.92600000,6610121.22100000
2025-07-27 14:00:00,24.92600000,25.11700000,24.80700000,25.02900000,6155029.60100000
2025-07-27 18:00:00,25.02900000,25.55300000,25.02600000,25.43000000,10948087.84900000
2025-07-27 22:00:00,25.43000000,26.47800000,25.38800000,26.05600000,11827617.93500000
2025-07-28 02:00:00,26.05600000,26.33700000,25.76500000,26.14300000,9614034.13000000
2025-07-28 06:00:00,26.14300000,26.78400000,26.12600000,26.55500000,11588293.03500000
2025-07-28 10:00:00,26.55500000,27.35700000,26.49100000,27.30500000,16534063.05900000
2025-07-28 14:00:00,27.30500000,27.40700000,25.90200000,26.06700000,27354549.33700000
2025-07-28 18:00:00,26.06700000,26.20100000,25.36000000,25.53000000,20168274.50900000
2025-07-28 22:00:00,25.53000000,25.57500000,24.97300000,25.19600000,12363448.57700000
2025-07-29 02:00:00,25.19600000,25.39600000,24.41300000,25.01700000,12526848.62300000
2025-07-29 06:00:00,25.01700000,25.50300000,24.82400000,25.45200000,7522766.36400000
2025-07-29 10:00:00,25.45200000,25.50400000,24.51200000,24.71800000,9465057.89500000
2025-07-29 14:00:00,24.71800000,25.18100000,24.19100000,24.29900000,17487264.77700000
2025-07-29 18:00:00,24.29900000,24.54800000,24.01700000,24.06800000,13266042.09700000
2025-07-29 22:00:00,24.06800000,24.44500000,23.86100000,24.35700000,7118917.68400000
2025-07-30 02:00:00,24.35700000,24.49600000,23.99600000,24.27900000,5004215.69100000
2025-07-30 06:00:00,24.27900000,24.36300000,23.92600000,23.99200000,4998092.70400000
2025-07-30 10:00:00,23.99200000,24.16700000,23.32500000,23.42400000,10495458.09700000
2025-07-30 14:00:00,23.42400000,23.63400000,23.11300000,23.21400000,12067598.73000000
2025-07-30 18:00:00,23.21400000,23.66000000,22.41700000,23.21200000,19830301.34800000
2025-07-30 22:00:00,23.21200000,23.45200000,22.98900000,23.30100000,7650168.31700000
2025-07-31 02:00:00,23.30100000,23.72100000,23.20400000,23.67600000,4897988.73500000
2025-07-31 06:00:00,23.67600000,24.06300000,23.63300000,23.87200000,6184022.34100000
2025-07-31 10:00:00,23.87200000,24.10100000,23.57800000,23.65500000,6478916.79600000
2025-07-31 14:00:00,23.65500000,23.68700000,22.78600000,23.08900000,14340296.87800000
2025-07-31 18:00:00,23.08900000,23.51800000,22.75000000,22.80500000,13273517.93700000
2025-07-31 22:00:00,22.80500000,22.96600000,22.37600000,22.45400000,11537232.03200000
2025-08-01 02:00:00,22.45400000,22.56500000,21.79200000,22.40700000,11021433.44800000
2025-08-01 06:00:00,22.40700000,22.40500000,21.75200000,22.14700000,6504877.90400000
2025-08-01 10:00:00,22.14700000,22.14500000,21.61500000,22.11900000,6959977.48600000
2025-08-01 14:00:00,22.11900000,22.38600000,21.57100000,22.07900000,13094213.43900000
2025-08-01 18:00:00,22.07900000,22.23400000,21.48600000,21.89700000,10948036.46900000
2025-08-01 22:00:00,21.89700000,21.98300000,21.01600000,21.50900000,11690440.85300000
2025-08-02 02:00:00,21.50900000,21.76300000,21.45700000,21.69500000,2863289.22100000
2025-08-02 06:00:00,21.69500000,21.81100000,21.16700000,21.65600000,4517784.75500000
2025-08-02 10:00:00,21.65600000,21.71600000,21.23800000,21.48300000,4333728.25800000
2025-08-02 14:00:00,21.48300000,21.65200000,21.13400000,21.21000000,4567537.01800000
2025-08-02 18:00:00,21.21000000,21.31200000,20.65200000,20.86700000,12957757.46600000
2025-08-02 22:00:00,20.86700000,21.13400000,20.68500000,20.85100000,5574568.51800000
2025-08-03 02:00:00,20.85100000,21.19500000,20.56600000,21.12800000,3683351.07700000
2025-08-03 06:00:00,21.12800000,21.23600000,21.05700000,21.16400000,2402257.15900000
2025-08-03 10:00:00,21.16400000,21.47200000,21.13500000,21.35200000,5468255.58700000
2025-08-03 14:00:00,21.35200000,21.47300000,21.22700000,21.41500000,4679889.55200000
2025-08-03 18:00:00,21.41500000,21.52400000,21.30100000,21.38600000,3627858.49200000
2025-08-03 22:00:00,21.38600000,21.52200000,21.26100000,21.35500000,3039473.05000000
2025-08-04 02:00:00,21.35500000,21.91200000,21.32700000,21.75000000,6647963.21300000
2025-08-04 06:00:00,21.75000000,21.98600000,21.71100000,21.91800000,4452016.82800000
2025-08-04 10:00:00,21.91800000,22.03400000,21.71100000,21.82700000,3996531.48600000
2025-08-04 14:00:00,21.82700000,22.58400000,21.76700000,22.33900000,9884106.30500000
2025-08-04 18:00:00,22.33900000,22.83900000,22.25200000,22.29600000,8460732.52600000
2025-08-04 22:00:00,22.29600000,23.10100000,22.25600000,23.09800000,8422737.04300000
2025-08-05 02:00:00,23.09800000,23.12400000,22.65100000,22.71700000,6064984.03000000
2025-08-05 06:00:00,22.71700000,22.82900000,22.14100000,22.20800000,6395083.21400000
2025-08-05 10:00:00,22.20800000,22.82400000,22.16500000,22.65300000,6633686.90700000
2025-08-05 14:00:00,22.65300000,22.68900000,21.62200000,21.71000000,15448753.07200000
2025-08-05 18:00:00,21.71000000,21.93900000,21.61800000,21.67100000,9083836.77200000
2025-08-05 22:00:00,21.67100000,21.92800000,21.41800000,21.89200000,4261029.22400000
2025-08-06 02:00:00,21.89200000,21.94200000,21.59800000,21.64900000,3841453.73300000
2025-08-06 06:00:00,21.64900000,22.29900000,21.55800000,22.23700000,5309741.55600000
2025-08-06 10:00:00,22.23700000,22.28200000,21.89500000,21.93600000,3957613.52700000
2025-08-06 14:00:00,21.93600000,22.36400000,21.75700000,22.33100000,6953837.17600000
2025-08-06 18:00:00,22.33100000,22.38900000,22.00700000,22.24900000,6569925.23500000
2025-08-06 22:00:00,22.24900000,22.28900000,22.09500000,22.21900000,2798864.75600000
2025-08-07 02:00:00,22.21900000,22.33700000,21.96800000,21.99400000,4033587.63200000
2025-08-07 06:00:00,21.99400000,22.30200000,21.93800000,22.20100000,3448756.02300000
2025-08-07 10:00:00,22.20100000,22.88800000,22.19300000,22.77100000,10613751.24300000
2025-08-07 14:00:00,22.77100000,22.81600000,22.49300000,22.65100000,7438979.95200000
2025-08-07 18:00:00,22.65100000,22.88200000,22.17700000,22.85800000,6248926.22600000
2025-08-07 22:00:00,22.85800000,23.35700000,22.83200000,23.35100000,8718116.32700000
2025-08-08 02:00:00,23.35100000,23.68200000,23.00300000,23.27300000,13696849.74200000
2025-08-08 06:00:00,23.27300000,23.56600000,23.03300000,23.47800000,4474905.80400000
2025-08-08 10:00:00,23.47800000,23.60300000,23.31000000,23.49900000,5978909.32300000
2025-08-08 14:00:00,23.49900000,23.80400000,23.04200000,23.18100000,11527520.67900000
2025-08-08 18:00:00,23.18100000,23.84700000,23.15300000,23.80500000,8318480.79500000
2025-08-08 22:00:00,23.80500000,23.86900000,23.67000000,23.79700000,2996813.01100000
2025-08-09 02:00:00,23.79700000,24.19100000,23.73300000,23.99500000,4403921.38300000
2025-08-09 06:00:00,23.99500000,24.68300000,23.93500000,24.41100000,7459330.27700000
2025-08-09 10:00:00,24.41100000,24.75800000,24.34800000,24.58300000,5303376.39000000
2025-08-09 14:00:00,24.58300000,24.80700000,24.03600000,24.16300000,10362260.78700000
2025-08-09 18:00:00,24.16300000,24.57400000,24.16300000,24.48000000,5770642.48200000
2025-08-09 22:00:00,24.48000000,24.81300000,24.16900000,24.24100000,9556114.11500000
2025-08-10 02:00:00,24.24100000,24.50200000,24.04500000,24.39800000,6328230.78500000
2025-08-10 06:00:00,24.39800000,24.55200000,23.46000000,23.48200000,9392032.39500000
2025-08-10 10:00:00,23.48200000,23.70600000,23.25700000,23.52900000,6838719.46000000
2025-08-10 14:00:00,23.52900000,24.04700000,23.44600000,23.94800000,8931601.59000000
2025-08-10 18:00:00,23.94800000,24.02300000,23.74200000,23.90600000,3866313.38600000
2025-08-10 22:00:00,23.90600000,23.92600000,23.54200000,23.83200000,5992923.52200000
2025-08-11 02:00:00,23.83200000,24.47400000,23.66100000,24.40300000,9017712.94400000
2025-08-11 06:00:00,24.40300000,24.61800000,24.03200000,24.09200000,7035799.97100000
2025-08-11 10:00:00,24.09200000,24.35800000,23.27900000,23.37600000,10759954.17300000
2025-08-11 14:00:00,23.37600000,23.73900000,23.06600000,23.73600000,12565434.71200000
2025-08-11 18:00:00,23.73600000,24.04900000,23.10100000,23.23800000,9943059.87400000
2025-08-11 22:00:00,23.23800000,23.25700000,22.63500000,22.77600000,9233004.22700000
2025-08-12 02:00:00,22.77600000,23.26100000,22.72500000,22.99800000,5006669.83400000
2025-08-12 06:00:00,22.99800000,23.20200000,22.79300000,23.11800000,4696900.33000000
2025-08-12 10:00:00,23.11800000,23.21300000,22.74800000,22.97200000,4930145.76800000
2025-08-12 14:00:00,22.97200000,24.23900000,22.87200000,24.20000000,16397782.08500000
2025-08-12 18:00:00,24.20000000,24.63000000,24.13800000,24.61000000,13095618.97500000
2025-08-12 22:00:00,24.61000000,24.91900000,24.55700000,24.68900000,9313137.33200000
2025-08-13 02:00:00,24.68900000,25.05700000,24.38400000,24.98500000,10332535.32000000
2025-08-13 06:00:00,24.98500000,25.14800000,24.42600000,24.76600000,8828444.56200000
2025-08-13 10:00:00,24.76600000,25.45500000,24.75200000,25.05700000,11562456.39300000
2025-08-13 14:00:00,25.05700000,25.42200000,24.74500000,25.00000000,14822285.45300000
2025-08-13 18:00:00,25.00000000,25.39300000,24.99200000,25.36400000,9828844.21100000
2025-08-13 22:00:00,25.36400000,25.68600000,25.22700000,25.48200000,8268986.66000000
2025-08-14 02:00:00,25.48200000,26.00600000,25.25000000,25.94800000,10162987.19900000
2025-08-14 06:00:00,25.94800000,25.97400000,25.10900000,25.29900000,12765497.89100000
2025-08-14 10:00:00,25.29900000,25.31600000,24.75400000,25.04600000,11921119.52200000
2025-08-14 14:00:00,25.04600000,25.12800000,23.24500000,23.87100000,34384629.01200000
2025-08-14 18:00:00,23.87100000,23.90400000,23.36100000,23.59600000,11496050.37500000
2025-08-14 22:00:00,23.59600000,23.70700000,23.17500000,23.64500000,7113128.92600000
2025-08-15 02:00:00,23.64500000,24.88200000,23.60900000,24.86200000,10438627.63500000
2025-08-15 06:00:00,24.86200000,25.65600000,24.60700000,25.41500000,20704446.63500000
2025-08-15 10:00:00,25.41500000,25.46300000,24.56500000,24.57400000,11992953.92600000
2025-08-15 14:00:00,24.57400000,24.75600000,23.56300000,23.68100000,22808329.61900000
2025-08-15 18:00:00,23.68100000,24.21900000,23.44300000,23.52300000,17742892.41000000
2025-08-15 22:00:00,23.52300000,24.12900000,23.45300000,23.75100000,8976930.07500000
2025-08-16 02:00:00,23.75100000,24.12400000,23.68900000,23.87200000,6058087.43300000
2025-08-16 06:00:00,23.87200000,23.99300000,23.61800000,23.98500000,5231180.57300000
2025-08-16 10:00:00,23.98500000,24.08400000,23.55600000,23.59400000,6725447.17900000
2025-08-16 14:00:00,23.59400000,24.25300000,23.56100000,24.20000000,7232328.99800000
2025-08-16 18:00:00,24.20000000,24.28700000,23.89300000,24.15500000,6827679.82700000
2025-08-16 22:00:00,24.15500000,24.36500000,24.12300000,24.28900000,5201535.79000000
2025-08-17 02:00:00,24.28900000,24.46100000,24.01600000,24.41700000,4383259.22800000
2025-08-17 06:00:00,24.41700000,24.75400000,24.41100000,24.55000000,4757840.65600000
2025-08-17 10:00:00,24.55000000,24.93400000,24.48100000,24.82500000,6209598.94700000
2025-08-17 14:00:00,24.82500000,25.43700000,24.57300000,25.41700000,7422394.06200000
2025-08-17 18:00:00,25.41700000,25.67900000,24.91800000,25.06700000,14811419.20600000
2025-08-17 22:00:00,25.06700000,25.29700000,25.00000000,25.06100000,5255593.61400000
2025-08-18 02:00:00,25.06100000,25.31900000,23.70100000,23.93700000,17821911.01600000
2025-08-18 06:00:00,23.93700000,24.12400000,23.42300000,23.51400000,8204439.95900000
2025-08-18 10:00:00,23.51400000,23.89000000,23.34000000,23.67800000,6369422.22900000
2025-08-18 14:00:00,23.67800000,24.16500000,23.37000000,23.76100000,10850716.22300000
2025-08-18 18:00:00,23.76100000,23.99600000,23.40500000,23.82800000,8562302.70700000
2025-08-18 22:00:00,23.82800000,24.12900000,23.55900000,23.68100000,6005524.94400000
2025-08-19 02:00:00,23.68100000,24.05100000,23.05000000,23.10100000,9179141.78800000
2025-08-19 06:00:00,23.10100000,23.29200000,22.91200000,23.02300000,5805897.50500000
2025-08-19 10:00:00,23.02300000,23.39300000,22.85000000,23.33900000,6473948.81100000
2025-08-19 14:00:00,23.33900000,23.47300000,22.66600000,22.77500000,11938851.01500000
2025-08-19 18:00:00,22.77500000,22.84500000,22.34100000,22.49900000,10083787.78100000
2025-08-19 22:00:00,22.49900000,22.73600000,22.29900000,22.35000000,6641886.92200000
2025-08-20 02:00:00,22.35000000,22.78700000,22.23100000,22.67600000,5315984.54600000
2025-08-20 06:00:00,22.67600000,22.97300000,22.67700000,22.76800000,3780755.06600000
2025-08-20 10:00:00,22.76800000,23.02500000,22.53800000,22.81400000,4734362.23500000
2025-08-20 14:00:00,22.81400000,23.34300000,22.34700000,23.09600000,12227708.39100000
2025-08-20 18:00:00,23.09600000,23.53200000,22.94900000,23.52200000,9679974.40000000
2025-08-20 22:00:00,23.52200000,23.54400000,23.34000000,23.44600000,4257585.41700000
2025-08-21 02:00:00,23.44600000,23.61800000,23.15600000,23.40000000,4813558.47800000
2025-08-21 06:00:00,23.40000000,23.52300000,23.20100000,23.39800000,3458648.09600000
2025-08-21 10:00:00,23.39800000,23.43500000,23.00900000,23.10500000,3952640.37900000
2025-08-21 14:00:00,23.10500000,23.40800000,22.89500000,22.92900000,7909989.03400000
2025-08-21 18:00:00,22.92900000,23.08400000,22.71600000,22.82800000,5831267.08400000
2025-08-21 22:00:00,22.82800000,23.05400000,22.70700000,22.76800000,3867002.46700000
2025-08-22 02:00:00,22.76800000,23.21500000,22.66800000,22.87300000,4117871.13500000
2025-08-22 06:00:00,22.87300000,23.13800000,22.79000000,23.04700000,4283176.10900000
2025-08-22 10:00:00,23.04700000,23.21300000,22.55900000,22.56800000,4502520.72500000
2025-08-22 14:00:00,22.56800000,24.51000000,22.18400000,24.26200000,27463439.53900000
2025-08-22 18:00:00,24.26200000,25.20400000,24.26300000,25.07400000,12413489.05900000
2025-08-22 22:00:00,25.07400000,25.41000000,25.05200000,25.26500000,8312461.45600000
2025-08-23 02:00:00,25.26500000,25.32800000,24.48400000,24.95700000,7758324.29800000
2025-08-23 06:00:00,24.95700000,25.58800000,24.91900000,25.32900000,7546782.30800000
2025-08-23 10:00:00,25.32900000,26.05500000,25.21400000,25.90500000,12516623.05200000
2025-08-23 14:00:00,25.90500000,26.77700000,25.57400000,25.65800000,23466185.53400000
2025-08-23 18:00:00,25.65800000,25.99800000,25.25100000,25.99000000,10110402.47200000
2025-08-23 22:00:00,25.99000000,26.31100000,25.72200000,26.26200000,7247538.28100000
2025-08-24 02:00:00,26.26200000,26.30200000,25.86300000,25.92900000,5849476.09600000
2025-08-24 06:00:00,25.92900000,25.99400000,25.45400000,25.45500000,5949367.72700000
2025-08-24 10:00:00,25.45500000,25.59000000,24.93300000,25.06500000,8605453.06700000
2025-08-24 14:00:00,25.06500000,25.90700000,25.02800000,25.51700000,9529840.47600000
2025-08-24 18:00:00,25.51700000,26.57300000,25.29200000,25.80500000,24805416.32600000
2025-08-24 22:00:00,25.80500000,25.91100000,25.18300000,25.82500000,12223878.43300000
2025-08-25 02:00:00,25.82500000,25.98700000,25.16100000,25.49900000,7552083.49200000
2025-08-25 06:00:00,25.49900000,25.55700000,24.16200000,24.27800000,10404219.08700000
2025-08-25 10:00:00,24.27800000,24.43700000,23.96500000,24.25500000,9151938.80300000
2025-08-25 14:00:00,24.25500000,24.54600000,24.05700000,24.17300000,10304542.27300000
2025-08-25 18:00:00,24.17300000,24.33700000,23.49200000,23.53500000,13984520.28700000
2025-08-25 22:00:00,23.53500000,23.65800000,23.02200000,23.33800000,12259721.59600000
2025-08-26 02:00:00,23.33800000,23.65700000,23.07600000,23.30900000,9421035.03000000
2025-08-26 06:00:00,23.30900000,23.56200000,23.10100000,23.28500000,5422050.61100000
2025-08-26 10:00:00,23.28500000,23.57500000,23.18900000,23.40400000,4441462.99900000
2025-08-26 14:00:00,23.40400000,23.96100000,23.15200000,23.67600000,12823007.90300000
2025-08-26 18:00:00,23.67600000,24.29000000,23.62400000,24.21400000,9467684.14629300
2025-08-26 22:00:00,24.21400000,24.32100000,24.01300000,24.16900000,4205822.44700000
2025-08-27 02:00:00,24.16900000,24.51400000,23.86100000,24.43700000,4702692.88500000
2025-08-27 06:00:00,24.43700000,24.61900000,24.14600000,24.31200000,4798017.77700000
2025-08-27 10:00:00,24.31200000,24.58200000,24.22800000,24.50100000,4203176.66400000
2025-08-27 14:00:00,24.50100000,25.32200000,24.46300000,24.98200000,14938064.40400000
2025-08-27 18:00:00,24.98200000,25.19900000,24.52600000,24.66600000,8704162.47600000
2025-08-27 22:00:00,24.66600000,25.06900000,24.36100000,24.41900000,11647101.24500000
2025-08-28 02:00:00,24.41900000,24.74800000,24.24200000,24.67700000,5605362.03100000
2025-08-28 06:00:00,24.67700000,24.87600000,24.51500000,24.70300000,4948689.91600000
2025-08-28 10:00:00,24.70300000,24.96400000,24.37900000,24.49200000,5327112.73000000
2025-08-28 14:00:00,24.49200000,25.06800000,24.39400000,24.58200000,14375185.78800000
2025-08-28 18:00:00,24.58200000,24.69400000,24.14700000,24.14800000,6738495.26700000
2025-08-28 22:00:00,24.14800000,24.93300000,24.12000000,24.92900000,5224364.70600000
2025-08-29 02:00:00,24.92900000,25.19700000,24.60900000,25.10000000,7093693.08200000
2025-08-29 06:00:00,25.10000000,25.18900000,24.05600000,24.14400000,7221279.85500000
2025-08-29 10:00:00,24.14400000,24.21900000,23.48400000,23.73700000,9307474.42800000
2025-08-29 14:00:00,23.73700000,24.42300000,23.38400000,23.51600000,15466845.04300000
2025-08-29 18:00:00,23.51600000,23.67300000,23.18800000,23.45200000,7573891.87600000
2025-08-29 22:00:00,23.45200000,23.60900000,23.20700000,23.53700000,3773572.56300000
2025-08-30 02:00:00,23.53700000,23.71500000,23.09400000,23.53400000,4366238.42100000
2025-08-30 06:00:00,23.53400000,23.87400000,23.52900000,23.81000000,3005655.41700000
2025-08-30 10:00:00,23.81000000,23.81200000,23.50700000,23.74200000,2793058.17900000
2025-08-30 14:00:00,23.74200000,23.91900000,23.35700000,23.91500000,4508200.98800000
2025-08-30 18:00:00,23.91500000,23.93400000,23.60800000,23.72900000,2962713.37800000
2025-08-30 22:00:00,23.72900000,23.81500000,23.56100000,23.76900000,2430649.55200000
2025-08-31 02:00:00,23.76900000,24.06700000,23.75800000,24.02400000,3291582.88700000
2025-08-31 06:00:00,24.02400000,24.03200000,23.78100000,23.85800000,2081323.25000000
2025-08-31 10:00:00,23.85800000,24.19500000,23.81300000,24.01600000,3807670.99200000
2025-08-31 14:00:00,24.01600000,24.12500000,23.83500000,24.04600000,4075342.68700000
2025-08-31 18:00:00,24.04600000,24.04900000,23.78400000,23.79800000,2773127.52700000
2025-08-31 22:00:00,23.79800000,23.92800000,23.36100000,23.38300000,4252572.88500000
2025-09-01 02:00:00,23.38300000,23.49200000,23.03800000,23.15200000,5515200.20000000
2025-09-01 06:00:00,23.15200000,23.78600000,22.84400000,23.78000000,5569980.27500000
2025-09-01 10:00:00,23.78000000,24.33300000,23.68900000,23.76000000,8613121.04100000
2025-09-01 14:00:00,23.76000000,23.96900000,23.56800000,23.65400000,6904299.40900000
2025-09-01 18:00:00,23.65400000,23.83400000,23.37600000,23.55900000,5941340.08600000
2025-09-01 22:00:00,23.55900000,23.56600000,22.65100000,23.20400000,8487552.69800000
2025-09-02 02:00:00,23.20400000,23.76000000,23.01500000,23.67800000,5302033.11700000
2025-09-02 06:00:00,23.67800000,24.11400000,23.60000000,23.89700000,4986695.65100000
2025-09-02 10:00:00,23.89700000,24.28600000,23.82400000,23.99700000,5201528.05100000
2025-09-02 14:00:00,23.99700000,24.22800000,23.50200000,23.60800000,14651116.84700000
2025-09-02 18:00:00,23.60800000,24.00500000,23.58200000,23.84100000,5550732.12500000
2025-09-02 22:00:00,23.84100000,24.50100000,23.80200000,24.46700000,5799334.16200000
2025-09-03 02:00:00,24.46700000,24.69400000,24.26900000,24.39200000,5398863.43100000
2025-09-03 06:00:00,24.39200000,24.78100000,24.30300000,24.74200000,5520321.93200000
2025-09-03 10:00:00,24.74200000,25.78300000,24.72900000,24.99400000,13247667.85200000
2025-09-03 14:00:00,24.99400000,25.48600000,24.88300000,25.44900000,8999349.89300000
2025-09-03 18:00:00,25.44900000,25.59300000,25.15500000,25.34900000,7148951.40600000
2025-09-03 22:00:00,25.34900000,25.37200000,25.14200000,25.19700000,2385132.92600000
2025-09-04 02:00:00,25.19700000,25.26800000,25.03900000,25.13200000,3658920.74200000
2025-09-04 06:00:00,25.13200000,25.22800000,24.65700000,24.75900000,5672381.33700000
2025-09-04 10:00:00,24.75900000,24.95600000,24.58600000,24.59000000,5069583.48700000
2025-09-04 14:00:00,24.59000000,24.84200000,24.53200000,24.71500000,6388920.48100000
2025-09-04 18:00:00,24.71500000,24.76800000,24.16700000,24.21100000,6046863.90700000
2025-09-04 22:00:00,24.21100000,24.58100000,24.17600000,24.20600000,4440159.48800000
2025-09-05 02:00:00,24.20600000,24.33700000,23.84900000,24.33300000,5661590.77400000
2025-09-05 06:00:00,24.33300000,24.88200000,24.21200000,24.84200000,4944936.74700000
2025-09-05 10:00:00,24.84200000,24.87900000,24.58100000,24.76200000,4403767.15200000
2025-09-05 14:00:00,24.76200000,25.09500000,24.13800000,24.30300000,16189455.55700000
2025-09-05 18:00:00,24.30300000,24.44900000,24.17000000,24.41400000,5384405.88600000
2025-09-05 22:00:00,24.41400000,24.56400000,24.19300000,24.46500000,3747289.50000000
2025-09-06 02:00:00,24.46500000,24.52800000,24.29100000,24.40500000,2228453.47200000
2025-09-06 06:00:00,24.40500000,24.40600000,24.18700000,24.24700000,1565031.77900000
2025-09-06 10:00:00,24.24700000,24.26300000,24.07800000,24.14700000,2103818.09500000
2025-09-06 14:00:00,24.14700000,24.39500000,24.11400000,24.21400000,2955535.31000000
2025-09-06 18:00:00,24.21400000,24.61200000,24.17900000,24.32100000,4166731.65300000
2025-09-06 22:00:00,24.32100000,24.47000000,24.31100000,24.36900000,2099618.20200000
2025-09-07 02:00:00,24.36900000,24.66900000,24.32700000,24.57200000,2321274.77600000
2025-09-07 06:00:00,24.57200000,24.72200000,24.48200000,24.53800000,2034208.60900000
2025-09-07 10:00:00,24.53800000,24.71900000,24.37400000,24.48100000,3249245.22900000
2025-09-07 14:00:00,24.48100000,24.68800000,24.38600000,24.60600000,3132591.89200000
2025-09-07 18:00:00,24.60600000,24.62300000,24.25300000,24.52900000,4056737.97700000
2025-09-07 22:00:00,24.52900000,24.93900000,24.45600000,24.68300000,3465000.54300000
2025-09-08 02:00:00,24.68300000,25.01300000,24.53300000,24.86900000,3986125.37900000
2025-09-08 06:00:00,24.86900000,25.03200000,24.61100000,24.87600000,3310642.67600000
2025-09-08 10:00:00,24.87600000,25.42400000,24.86900000,25.16800000,5367201.52600000
2025-09-08 14:00:00,25.16800000,25.80100000,25.05100000,25.72500000,7818501.78300000
2025-09-08 18:00:00,25.72500000,25.77500000,25.32500000,25.35800000,5575053.40200000
2025-09-08 22:00:00,25.35800000,25.47800000,25.19600000,25.28300000,3116085.05700000
2025-09-09 02:00:00,25.28300000,25.41200000,24.90300000,25.14800000,4054828.33000000
2025-09-09 06:00:00,25.14800000,26.14400000,25.02800000,25.90900000,7262221.24900000
2025-09-09 10:00:00,25.90900000,26.25300000,25.86100000,25.98600000,4721186.69600000
2025-09-09 14:00:00,25.98600000,26.36000000,25.61100000,25.93100000,12700492.46900000
2025-09-09 18:00:00,25.93100000,26.15800000,25.79800000,25.89600000,6037214.95600000
2025-09-09 22:00:00,25.89600000,26.05300000,25.79800000,25.93200000,3362571.98600000
2025-09-10 02:00:00,25.93200000,26.30100000,25.74200000,26.21800000,6277354.28600000
2025-09-10 06:00:00,26.21800000,27.10500000,26.13300000,26.92100000,13002022.70000000
2025-09-10 10:00:00,26.92100000,26.98200000,26.37600000,26.87600000,9309511.97800000
2025-09-10 14:00:00,26.87600000,28.97000000,26.87700000,28.66900000,29508824.79200000
2025-09-10 18:00:00,28.66900000,29.15600000,28.39300000,28.53600000,17096238.15500000
2025-09-10 22:00:00,28.53600000,29.51400000,28.47200000,29.47100000,14537372.63500000
2025-09-11 02:00:00,29.47100000,29.47900000,28.81400000,29.40700000,11546685.80100000
2025-09-11 06:00:00,29.40700000,30.00500000,28.53300000,28.76700000,16512411.75300000
2025-09-11 10:00:00,28.76700000,29.14900000,28.70400000,28.95700000,7973940.81300000
2025-09-11 14:00:00,28.95700000,29.19300000,28.34000000,28.91900000,21010583.85400000
2025-09-11 18:00:00,28.91900000,29.09400000,28.80500000,28.97500000,6293317.52500000
2025-09-11 22:00:00,28.97500000,29.21400000,28.71000000,29.13200000,6663936.82800000
2025-09-12 02:00:00,29.13200000,29.39200000,28.70800000,28.77100000,10520819.86100000
2025-09-12 06:00:00,28.77100000,29.06100000,28.46500000,28.66300000,8393672.10100000
2025-09-12 10:00:00,28.66300000,28.67000000,28.31200000,28.33100000,6749461.99600000
2025-09-12 14:00:00,28.33100000,28.81500000,28.21600000,28.53100000,11348409.58200000
2025-09-12 18:00:00,28.53100000,28.66900000,28.41200000,28.61800000,7232993.40400000
2025-09-12 22:00:00,28.61800000,28.98400000,28.49700000,28.96600000,8646197.28200000
2025-09-13 02:00:00,28.96600000,30.30100000,28.72600000,30.22600000,18221403.39900000
2025-09-13 06:00:00,30.22600000,31.23500000,30.09300000,30.84900000,28966713.58300000
2025-09-13 10:00:00,30.84900000,31.10000000,29.97400000,30.46500000,11940556.80700000
2025-09-13 14:00:00,30.46500000,30.50000000,29.71400000,29.81300000,11362899.67900000
2025-09-13 18:00:00,29.81300000,29.94100000,29.25900000,29.59800000,14595240.01200000
2025-09-13 22:00:00,29.59800000,30.08400000,29.59100000,30.07000000,8086039.25400000
2025-09-14 02:00:00,30.07000000,30.19800000,29.71800000,29.75600000,10345851.92300000
2025-09-14 06:00:00,29.75600000,30.60900000,29.61300000,29.95300000,15099712.93500000
2025-09-14 10:00:00,29.95300000,30.35400000,29.62400000,29.66400000,7602895.75800000
2025-09-14 14:00:00,29.66400000,29.86300000,28.96600000,29.10500000,12172562.50100000
2025-09-14 18:00:00,29.10500000,29.80400000,29.04300000,29.59400000,8043133.84300000
2025-09-14 22:00:00,29.59400000,30.40200000,29.32100000,29.43200000,16338279.25500000
2025-09-15 02:00:00,29.43200000,29.78800000,29.21500000,29.61800000,7602406.45000000
2025-09-15 06:00:00,29.61800000,30.28100000,29.03100000,29.16700000,13158765.01100000
2025-09-15 10:00:00,29.16700000,29.16400000,28.23000000,28.82100000,15794986.99300000
2025-09-15 14:00:00,28.82100000,29.00600000,28.30100000,28.47400000,11594642.34600000
2025-09-15 18:00:00,28.47400000,29.24400000,28.28700000,29.10900000,7981604.66600000
2025-09-15 22:00:00,29.10900000,30.43800000,29.05900000,29.79300000,19856942.96700000
2025-09-16 02:00:00,29.79300000,29.88600000,29.30800000,29.34400000,8103024.26700000
2025-09-16 06:00:00,29.34400000,30.67400000,29.16600000,30.61100000,11717971.28100000
2025-09-16 10:00:00,30.61100000,30.96900000,30.36300000,30.44100000,14482473.62600000
2025-09-16 14:00:00,30.44100000,30.55900000,29.65900000,30.10500000,16451810.45000000
2025-09-16 18:00:00,30.10500000,30.42600000,29.88100000,29.96600000,10835442.51600000
2025-09-16 22:00:00,29.96600000,30.17600000,29.88600000,30.05600000,5668296.60700000
2025-09-17 02:00:00,30.05600000,30.19500000,29.70800000,29.71100000,6353977.46300000
2025-09-17 06:00:00,29.71100000,30.24300000,29.51200000,30.10300000,7681206.04500000
2025-09-17 10:00:00,30.10300000,30.14900000,29.81300000,29.90300000,6238289.78200000
2025-09-17 14:00:00,29.90300000,30.00600000,29.37000000,29.48800000,10081871.52400000
2025-09-17 18:00:00,29.48800000,30.33700000,29.36400000,30.05500000,24254798.61500000
2025-09-17 22:00:00,30.05500000,32.00200000,29.74400000,31.82300000,19812749.19300000
2025-09-18 02:00:00,31.82300000,33.03300000,31.63200000,32.90300000,21120114.79200000
2025-09-18 06:00:00,32.90300000,33.28300000,32.39600000,32.80400000,14143028.38300000
2025-09-18 10:00:00,32.80400000,33.13800000,32.65400000,32.77200000,10424943.67500000
2025-09-18 14:00:00,32.77200000,33.48600000,32.70200000,33.13600000,19813412.63800000
2025-09-18 18:00:00,33.13600000,34.87500000,33.08700000,34.70700000,32080730.48200000
2025-09-18 22:00:00,34.70700000,35.42600000,34.60700000,35.19700000,27463370.15200000
2025-09-19 02:00:00,35.19700000,35.80600000,34.73500000,34.77500000,26482840.78000000
2025-09-19 06:00:00,34.77500000,34.88400000,33.91400000,34.42600000,19424631.88900000
2025-09-19 10:00:00,34.42600000,34.61300000,33.78600000,33.95900000,14290296.04600000
2025-09-19 14:00:00,33.95900000,34.30700000,33.50000000,33.93600000,17125332.98500000
2025-09-19 18:00:00,33.93600000,34.37000000,33.75500000,33.79200000,11023378.82300000
2025-09-19 22:00:00,33.79200000,33.95000000,33.32000000,33.71800000,9827996.86900000
2025-09-20 02:00:00,33.71800000,34.09300000,33.46900000,33.64500000,7423851.85600000
2025-09-20 06:00:00,33.64500000,34.04500000,33.61900000,33.92100000,6294594.77000000
2025-09-20 10:00:00,33.92100000,33.93000000,32.84300000,33.06100000,10023630.31500000
2025-09-20 14:00:00,33.06100000,34.01200000,32.88700000,33.58800000,12720228.92900000
2025-09-20 18:00:00,33.58800000,33.75000000,33.00300000,33.24900000,9297871.61400000
2025-09-20 22:00:00,33.24900000,33.43100000,33.07700000,33.15400000,4253595.92600000
2025-09-21 02:00:00,33.15400000,33.27800000,32.76800000,33.26900000,6439536.73800000
2025-09-21 06:00:00,33.26900000,33.28800000,32.86100000,32.96300000,4906960.59400000
2025-09-21 10:00:00,32.96300000,33.59300000,32.57100000,32.85400000,11809841.14900000
2025-09-21 14:00:00,32.85400000,33.13800000,32.80900000,33.03300000,6648909.93800000
2025-09-21 18:00:00,33.03300000,33.24500000,32.61500000,33.21100000,7055247.17200000
2025-09-21 22:00:00,33.21100000,33.28900000,32.95800000,33.02100000,5065743.90700000
2025-09-22 02:00:00,33.02100000,33.12400000,31.27000000,31.78600000,18548574.33000000
2025-09-22 06:00:00,31.78600000,31.92200000,27.86600000,30.53100000,18617239.51200000
2025-09-22 10:00:00,30.53100000,31.45300000,30.45100000,31.09300000,11487963.50800000
2025-09-22 14:00:00,31.09300000,32.04300000,31.01400000,31.94100000,20120619.04000000
2025-09-22 18:00:00,31.94100000,32.15900000,31.35400000,31.35900000,13962851.66800000
2025-09-22 22:00:00,31.35900000,33.97200000,31.31600000,33.85900000,26536559.05500000
2025-09-23 02:00:00,33.85900000,35.75900000,32.75500000,34.93600000,37335491.21800000
2025-09-23 06:00:00,34.93600000,35.58300000,34.01700000,34.95800000,30929924.91600000
2025-09-23 10:00:00,34.95800000,35.51400000,34.25700000,34.44100000,17523139.72300000
2025-09-23 14:00:00,34.44100000,36.15400000,34.06800000,35.13900000,34209868.69400000
2025-09-23 18:00:00,35.13900000,35.24600000,33.63200000,33.76000000,23127495.50500000
2025-09-23 22:00:00,33.76000000,33.97200000,33.40700000,33.58600000,13412386.86900000
2025-09-24 02:00:00,33.58600000,34.80100000,33.20100000,33.24800000,19943176.54900000
2025-09-24 06:00:00,33.24800000,34.46700000,32.91700000,34.12100000,18670547.95600000
2025-09-24 10:00:00,34.12100000,34.41600000,34.01100000,34.14200000,9640174.08400000
2025-09-24 14:00:00,34.14200000,34.74500000,34.10200000,34.47700000,19881784.29600000
2025-09-24 18:00:00,34.47700000,34.82700000,34.20200000,34.20700000,14238542.69300000
2025-09-24 22:00:00,34.20700000,34.26000000,32.25300000,32.29100000,24452930.60100000
2025-09-25 02:00:00,32.29100000,32.76500000,31.69200000,31.82500000,17762725.45700000
2025-09-25 06:00:00,31.82500000,31.82800000,30.66900000,30.71000000,16983681.09500000
2025-09-25 10:00:00,30.71000000,31.12000000,30.41300000,30.58700000,13510528.78800000
2025-09-25 14:00:00,30.58700000,30.72700000,30.05700000,30.23700000,18884906.18400000
2025-09-25 18:00:00,30.23700000,30.25200000,28.85500000,29.46600000,21896881.99200000
2025-09-25 22:00:00,29.46600000,29.50200000,28.53100000,28.62800000,15393891.34500000
2025-09-26 02:00:00,28.62800000,29.06400000,27.90000000,28.24400000,16754935.45600000
2025-09-26 06:00:00,28.24400000,28.47600000,27.67800000,28.26100000,10578930.57400000
2025-09-26 10:00:00,28.26100000,28.56500000,27.40800000,27.56800000,11589825.28800000
2025-09-26 14:00:00,27.56800000,27.90100000,27.05300000,27.87400000,20779875.12700000
2025-09-26 18:00:00,27.87400000,29.57400000,27.80800000,28.70100000,26762704.34800000
2025-09-26 22:00:00,28.70100000,29.11800000,28.58900000,29.08100000,9937478.90900000
2025-09-27 02:00:00,29.08100000,29.08600000,28.64100000,28.74000000,6281831.09900000
2025-09-27 06:00:00,28.74000000,28.95900000,28.59600000,28.65900000,4804095.18700000
2025-09-27 10:00:00,28.65900000,28.66100000,28.27700000,28.33200000,5538933.42700000
2025-09-27 14:00:00,28.33200000,28.83200000,28.22100000,28.67300000,10339715.53600000
2025-09-27 18:00:00,28.67300000,28.77800000,28.39500000,28.75200000,6083871.60400000
2025-09-27 22:00:00,28.75200000,28.96100000,28.59100000,28.73600000,5066915.07600000
2025-09-28 02:00:00,28.73600000,28.87700000,28.18400000,28.25500000,4516633.02200000
2025-09-28 06:00:00,28.25500000,28.41400000,28.07300000,28.37000000,4751775.17700000
2025-09-28 10:00:00,28.37000000,28.77300000,28.03000000,28.11100000,6453699.30200000
2025-09-28 14:00:00,28.11100000,28.92400000,27.92100000,28.80700000,8249130.80300000
2025-09-28 18:00:00,28.80700000,29.11000000,28.79700000,28.99300000,7148332.37500000
2025-09-28 22:00:00,28.99300000,30.17800000,28.95100000,29.98200000,15604971.41200000
2025-09-29 02:00:00,29.98200000,30.21800000,29.44200000,29.74700000,9785490.75100000
2025-09-29 06:00:00,29.74700000,29.79300000,29.24800000,29.56100000,8136252.19200000
2025-09-29 10:00:00,29.56100000,29.98200000,29.12900000,29.67500000,10091050.46700000
2025-09-29 14:00:00,29.67500000,30.53700000,29.14800000,30.44300000,20144139.95200000
2025-09-29 18:00:00,30.44300000,30.70000000,30.01400000,30.46400000,14340959.15400000
2025-09-29 22:00:00,30.46400000,30.81800000,30.33900000,30.39300000,9149705.43600000
2025-09-30 02:00:00,30.39300000,30.69100000,29.82000000,29.86100000,9604214.38200000
2025-09-30 06:00:00,29.86100000,29.92700000,29.41500000,29.50500000,7788605.80400000
2025-09-30 10:00:00,29.50500000,29.75700000,29.18700000,29.42400000,8594544.06400000
2025-09-30 14:00:00,29.42400000,29.45800000,28.81100000,29.05700000,12263890.86400000
2025-09-30 18:00:00,29.05700000,30.08600000,28.80900000,30.01400000,12258339.15800000
2025-09-30 22:00:00,30.01400000,30.37400000,29.76900000,30.01100000,8429738.76200000
2025-10-01 02:00:00,30.01100000,30.23100000,29.61900000,29.64500000,7080037.22800000
2025-10-01 06:00:00,29.64500000,30.08900000,29.61200000,30.00100000,7496444.69300000
2025-10-01 10:00:00,30.00100000,31.08700000,29.99500000,30.78300000,14962717.92500000
2025-10-01 14:00:00,30.78300000,30.82200000,30.33900000,30.56600000,12340855.65700000
2025-10-01 18:00:00,30.56600000,30.72100000,30.44700000,30.59200000,9084818.57200000
2025-10-01 22:00:00,30.59200000,30.72100000,30.43500000,30.72100000,6469241.50200000
2025-10-02 02:00:00,30.72100000,31.37300000,30.48300000,30.85500000,17499920.29900000
2025-10-02 06:00:00,30.85500000,30.94100000,30.55300000,30.56700000,9126974.30900000
2025-10-02 10:00:00,30.56700000,30.64300000,30.40100000,30.51100000,7289293.38500000
2025-10-02 14:00:00,30.51100000,30.73100000,29.49100000,29.99400000,23195282.63700000
2025-10-02 18:00:00,29.99400000,31.13200000,29.92400000,31.00600000,14202168.86700000
2025-10-02 22:00:00,31.00600000,31.23400000,30.80900000,30.96400000,9963293.71000000
2025-10-03 02:00:00,30.96400000,31.00600000,30.44900000,30.74700000,8693760.03500000
2025-10-03 06:00:00,30.74700000,30.90600000,30.06600000,30.15900000,7144858.00400000
2025-10-03 10:00:00,30.15900000,30.47900000,29.97100000,30.13800000,8923284.07500000
2025-10-03 14:00:00,30.13800000,31.25200000,30.01600000,31.22900000,14583303.86600000
2025-10-03 18:00:00,31.22900000,31.55700000,30.41300000,31.16400000,21502245.67900000
2025-10-03 22:00:00,31.16400000,31.48500000,31.11900000,31.31600000,5856398.09600000
2025-10-04 02:00:00,31.31600000,31.43800000,31.04800000,31.22300000,5675615.18300000
2025-10-04 06:00:00,31.22300000,31.37800000,30.76600000,30.78900000,5629677.61100000
2025-10-04 10:00:00,30.78900000,30.79400000,30.23800000,30.30600000,7727019.71500000
2025-10-04 14:00:00,30.30600000,30.52500000,29.83800000,29.91400000,11889444.56200000
2025-10-04 18:00:00,29.91400000,30.07400000,29.85400000,30.01200000,5977424.37300000
2025-10-04 22:00:00,30.01200000,30.27900000,30.00200000,30.09200000,4504783.96700000
2025-10-05 02:00:00,30.09200000,30.68100000,29.80700000,30.46100000,10388441.71000000
2025-10-05 06:00:00,30.46100000,31.07600000,30.35700000,31.06600000,9979690.72800000
2025-10-05 10:00:00,31.06600000,31.19900000,30.05500000,30.31500000,11930224.23700000
2025-10-05 14:00:00,30.31500000,30.32800000,29.93500000,30.22400000,9385527.75400000
2025-10-05 18:00:00,30.22400000,30.28900000,29.65700000,29.68700000,9156207.65600000
2025-10-05 22:00:00,29.68700000,30.09400000,29.61600000,30.05100000,6415620.98000000
2025-10-06 02:00:00,30.05100000,30.37600000,29.91800000,30.23800000,9243735.24600000
2025-10-06 06:00:00,30.23800000,30.46400000,30.11600000,30.29200000,6581530.33300000
2025-10-06 10:00:00,30.29200000,30.79500000,30.29300000,30.49500000,6408863.28000000
2025-10-06 14:00:00,30.49500000,30.97700000,30.41900000,30.83400000,13887844.23400000
2025-10-06 18:00:00,30.83400000,31.02700000,30.63900000,30.83700000,9388087.47800000
2025-10-06 22:00:00,30.83700000,30.95700000,30.51400000,30.61100000,8241024.26600000
2025-10-07 02:00:00,30.61100000,30.72400000,30.30100000,30.34100000,9409362.71900000
2025-10-07 06:00:00,30.34100000,30.57900000,30.02900000,30.08900000,10018563.32200000
2025-10-07 10:00:00,30.08900000,30.08900000,29.50100000,30.00000000,10588135.94100000
2025-10-07 14:00:00,30.00000000,30.00100000,28.42300000,28.51700000,27941140.39300000
2025-10-07 18:00:00,28.51700000,28.74100000,28.06600000,28.09200000,15555329.46700000
2025-10-07 22:00:00,28.09200000,28.41500000,27.80400000,27.91400000,11909967.16600000
2025-10-08 02:00:00,27.91400000,28.33900000,27.85500000,27.95800000,8228612.02800000
2025-10-08 06:00:00,27.95800000,28.28300000,27.82700000,28.27700000,5706869.23500000
2025-10-08 10:00:00,28.27700000,28.46900000,28.14800000,28.28500000,7131128.18700000
2025-10-08 14:00:00,28.28500000,28.74400000,28.18900000,28.27700000,13631514.40300000
2025-10-08 18:00:00,28.27700000,29.62200000,28.23200000,29.18300000,17607521.37100000
2025-10-08 22:00:00,29.18300000,29.24500000,28.75900000,28.80500000,5285095.77100000
2025-10-09 02:00:00,28.80500000,28.89200000,28.10100000,28.39300000,8318478.54000000
2025-10-09 06:00:00,28.39300000,28.55100000,28.27400000,28.35200000,4698666.70700000
2025-10-09 10:00:00,28.35200000,28.44200000,27.95800000,28.29900000,7118628.26400000
2025-10-09 14:00:00,28.29900000,28.70700000,27.81900000,27.94500000,12184577.90000000
2025-10-09 18:00:00,27.94500000,28.17900000,27.56800000,28.06900000,8807245.53400000
2025-10-09 22:00:00,28.06900000,28.45300000,27.96300000,28.37500000,6251623.16100000
2025-10-10 02:00:00,28.37500000,28.56900000,28.26100000,28.35700000,5727628.59400000
2025-10-10 06:00:00,28.35700000,28.61300000,28.19500000,28.21400000,5009330.65400000
2025-10-10 10:00:00,28.21400000,28.40900000,28.02400000,28.25000000,7567842.15100000
2025-10-10 14:00:00,28.25000000,28.47600000,26.60100000,26.97900000,23677586.78300000
2025-10-10 18:00:00,26.97900000,27.09900000,26.05100000,26.41700000,18042415.39400000
2025-10-10 22:00:00,26.41700000,26.67500000,9.58000000,20.61100000,54542939.59300000
2025-10-11 02:00:00,20.61100000,22.82600000,20.33400000,21.92400000,16648025.22500000
2025-10-11 06:00:00,21.92400000,22.63700000,21.72100000,22.18800000,8243088.33900000
2025-10-11 10:00:00,22.18800000,23.35600000,22.09300000,22.66000000,8655420.89900000
2025-10-11 14:00:00,22.66000000,22.94800000,21.96300000,22.79600000,9467471.07300000
2025-10-11 18:00:00,22.79600000,23.13400000,21.75600000,21.87600000,9132083.09800000
2025-10-11 22:00:00,21.87600000,21.94800000,20.92500000,21.43600000,9779410.96600000
2025-10-12 02:00:00,21.43600000,21.46800000,20.64900000,21.00200000,8133472.41300000
2025-10-12 06:00:00,21.00200000,21.54700000,20.98500000,21.35400000,4921468.96800000
2025-10-12 10:00:00,21.35400000,21.44200000,20.90500000,21.07700000,5506652.27700000
2025-10-12 14:00:00,21.07700000,22.52900000,20.74900000,22.33100000,17823088.96700000
2025-10-12 18:00:00,22.33100000,23.09100000,22.26800000,22.99200000,15291768.97700000
2025-10-12 22:00:00,22.99200000,23.30500000,22.25100000,22.47800000,12381637.88300000
2025-10-13 02:00:00,22.47800000,22.56200000,21.85000000,22.20200000,14396708.04600000
2025-10-13 06:00:00,22.20200000,22.86700000,22.09700000,22.68200000,11658645.74600000
2025-10-13 10:00:00,22.68200000,23.04400000,21.70800000,22.17400000,16513112.86900000
2025-10-13 14:00:00,22.17400000,22.93100000,22.00600000,22.79200000,17096616.66700000
2025-10-13 18:00:00,22.79200000,24.04200000,22.62000000,23.83000000,14332723.13500000
2025-10-13 22:00:00,23.83000000,24.02200000,23.69000000,23.79800000,6264882.07300000
2025-10-14 02:00:00,23.79800000,23.88300000,23.17100000,23.32600000,8244495.00500000
2025-10-14 06:00:00,23.32600000,23.35400000,21.97600000,22.13400000,11965914.84500000
2025-10-14 10:00:00,22.13400000,22.72900000,21.93400000,22.39600000,8836967.67600000
2025-10-14 14:00:00,22.39600000,22.81700000,21.79500000,22.77400000,11864796.54200000
2025-10-14 18:00:00,22.77400000,23.11800000,22.32500000,22.56300000,13660087.58500000
2025-10-14 22:00:00,22.56300000,22.83300000,22.46800000,22.72300000,5299055.73000000
2025-10-15 02:00:00,22.72300000,22.89100000,22.35300000,22.46200000,6011414.03400000
2025-10-15 06:00:00,22.46200000,22.97800000,22.38000000,22.95300000,4925835.54600000
2025-10-15 10:00:00,22.95300000,23.26300000,22.39300000,22.54600000,6363573.01800000
2025-10-15 14:00:00,22.54600000,22.56900000,21.74900000,21.91100000,12129204.33000000
2025-10-15 18:00:00,21.91100000,22.14600000,21.58700000,21.97600000,7786435.88200000
2025-10-15 22:00:00,21.97600000,22.07500000,21.53900000,21.88500000,8156188.32500000
2025-10-16 02:00:00,21.88500000,22.12500000,21.77200000,21.91200000,6728283.83000000
2025-10-16 06:00:00,21.91200000,22.08300000,21.69500000,21.85700000,5333769.11100000
2025-10-16 10:00:00,21.85700000,22.30500000,20.93700000,22.24800000,9017021.92000000
2025-10-16 14:00:00,22.24800000,22.38000000,21.03200000,21.12900000,12024219.21300000
2025-10-16 18:00:00,21.12900000,21.50200000,20.55900000,20.76700000,14253502.40400000
2025-10-16 22:00:00,20.76700000,21.00200000,20.56800000,20.95900000,6877222.42100000
2025-10-17 02:00:00,20.95900000,21.25300000,20.83700000,20.96000000,4406274.07500000
2025-10-17 06:00:00,20.96000000,20.97500000,19.34200000,19.38700000,10635881.06300000
2025-10-17 10:00:00,19.38700000,20.02400000,19.01700000,19.81200000,14313633.34800000
2025-10-17 14:00:00,19.81200000,19.97900000,19.38800000,19.92700000,10715721.24700000
2025-10-17 18:00:00,19.92700000,20.23700000,19.79200000,19.92000000,7761005.53300000
2025-10-17 22:00:00,19.92000000,20.29200000,19.87800000,19.94300000,5020645.37800000
2025-10-18 02:00:00,19.94300000,20.19700000,19.88200000,20.02800000,2615096.98500000
2025-10-18 06:00:00,20.02800000,20.41000000,19.85100000,20.15800000,3708961.36100000
2025-10-18 10:00:00,20.15800000,20.33900000,20.09000000,20.20300000,3004791.85200000
2025-10-18 14:00:00,20.20300000,20.29900000,19.85100000,20.01500000,3848153.67300000
2025-10-18 18:00:00,20.01500000,20.18200000,19.81600000,20.15200000,2917397.92900000
2025-10-18 22:00:00,20.15200000,20.27400000,20.08100000,20.20500000,2515641.41600000
2025-10-19 02:00:00,20.20500000,20.28300000,19.98600000,20.26400000,2570826.50000000
2025-10-19 06:00:00,20.26400000,20.27900000,19.85700000,19.94500000,2916250.05400000
2025-10-19 10:00:00,19.94500000,20.60100000,19.74400000,20.38400000,7140173.14800000
2025-10-19 14:00:00,20.38400000,20.82400000,20.29500000,20.72600000,4967471.84500000
2025-10-19 18:00:00,20.72600000,20.82900000,20.54100000,20.71100000,3737525.60700000
2025-10-19 22:00:00,20.71100000,20.80800000,20.55600000,20.58200000,2926212.31800000
2025-10-20 02:00:00,20.58200000,21.06400000,20.15200000,21.00200000,6571260.47600000
2025-10-20 06:00:00,21.00200000,21.19900000,20.84100000,20.90200000,4592936.32500000
2025-10-20 10:00:00,20.90200000,20.94100000,20.60500000,20.76200000,4674348.83100000
2025-10-20 14:00:00,20.76200000,20.85600000,20.53400000,20.59600000,7053389.72400000
2025-10-20 18:00:00,20.59600000,20.59800000,20.22300000,20.51300000,6453292.14400000
2025-10-20 22:00:00,20.51300000,20.61900000,20.32400000,20.33200000,2856676.10000000
2025-10-21 02:00:00,20.33200000,20.36000000,19.80400000,19.84500000,3871626.82100000
2025-10-21 06:00:00,19.84500000,19.84500000,19.45700000,19.75800000,6084599.47300000
2025-10-21 10:00:00,19.75800000,20.01500000,19.58700000,19.96900000,3948651.78500000
2025-10-21 14:00:00,19.96900000,20.84100000,19.80400000,20.76400000,10969362.89600000
2025-10-21 18:00:00,20.76400000,20.83900000,20.22600000,20.39500000,8147522.93500000
2025-10-21 22:00:00,20.39500000,20.42100000,19.46800000,19.53100000,7934267.39400000
2025-10-22 02:00:00,19.53100000,19.64500000,19.33700000,19.43900000,5016190.67100000
2025-10-22 06:00:00,19.43900000,19.63900000,19.27900000,19.55700000,3988866.64300000
2025-10-22 10:00:00,19.55700000,19.67200000,19.11300000,19.57500000,5331781.01400000
2025-10-22 14:00:00,19.57500000,19.70900000,19.24400000,19.53500000,9691229.42100000
2025-10-22 18:00:00,19.53500000,19.58400000,18.82000000,19.05900000,9322728.48200000
2025-10-22 22:00:00,19.05900000,19.11500000,18.39600000,19.00600000,7738894.12800000
2025-10-23 02:00:00,19.00600000,19.19900000,18.96400000,19.10300000,3461268.25000000
2025-10-23 06:00:00,19.10300000,19.56700000,19.08100000,19.53500000,4006756.02600000
2025-10-23 10:00:00,19.53500000,19.60400000,19.38900000,19.40900000,3353987.99900000
2025-10-23 14:00:00,19.40900000,19.61400000,19.25200000,19.54300000,6656322.73700000
2025-10-23 18:00:00,19.54300000,19.74000000,19.36000000,19.37300000,5548856.11300000
2025-10-23 22:00:00,19.37300000,19.37800000,18.98200000,19.11900000,5960754.13500000
2025-10-24 02:00:00,19.11900000,19.27300000,19.01200000,19.20900000,4053319.98100000
2025-10-24 06:00:00,19.20900000,19.65000000,19.16700000,19.48800000,4797446.06800000
2025-10-24 10:00:00,19.48800000,19.66500000,19.36200000,19.48600000,3446186.41000000
2025-10-24 14:00:00,19.48600000,19.94600000,19.21500000,19.25700000,7550507.53000000
2025-10-24 18:00:00,19.25700000,19.56500000,19.12300000,19.50900000,3118899.34400000
2025-10-24 22:00:00,19.50900000,19.63600000,19.46800000,19.49300000,2501413.73200000
2025-10-25 02:00:00,19.49300000,19.51300000,19.32100000,19.32800000,2468516.88700000
2025-10-25 06:00:00,19.32800000,19.45100000,19.28900000,19.34600000,2978852.76700000
2025-10-25 10:00:00,19.34600000,19.44000000,19.22900000,19.32600000,2559579.67400000
2025-10-25 14:00:00,19.32600000,19.55400000,19.31100000,19.51900000,3051636.57800000
2025-10-25 18:00:00,19.51900000,19.82500000,19.45200000,19.73300000,4461588.40900000
2025-10-25 22:00:00,19.73300000,19.76400000,19.64300000,19.71100000,3033628.92700000
2025-10-26 02:00:00,19.71100000,19.79900000,19.33300000,19.37800000,3794504.86700000
2025-10-26 05:00:00,19.37800000,19.71400000,19.35400000,19.69800000,2729378.60300000
2025-10-26 09:00:00,19.69800000,20.38500000,19.69600000,20.35600000,6074145.08800000
2025-10-26 13:00:00,20.35600000,20.65600000,20.25500000,20.40100000,6672522.48300000
2025-10-26 17:00:00,20.40100000,20.41300000,20.19700000,20.30300000,3949364.94100000
2025-10-26 21:00:00,20.30300000,20.94200000,20.10200000,20.81500000,7160002.38100000
2025-10-27 01:00:00,20.81500000,21.02800000,20.72300000,20.79700000,4427905.35700000
2025-10-27 05:00:00,20.79700000,21.08200000,20.66200000,20.80600000,4377011.74500000
2025-10-27 09:00:00,20.80600000,20.89700000,20.40900000,20.55400000,5061178.79300000
2025-10-27 13:00:00,20.55400000,20.57300000,20.23200000,20.44600000,5771822.85700000
2025-10-27 17:00:00,20.44600000,20.78200000,20.44500000,20.59300000,4666555.85800000
2025-10-27 21:00:00,20.59300000,20.62900000,20.15700000,20.31800000,4077532.74600000
2025-10-28 01:00:00,20.31800000,20.46500000,20.14300000,20.21300000,3531746.68300000
2025-10-28 05:00:00,20.21300000,20.48200000,19.97800000,20.29300000,5340864.80800000
2025-10-28 09:00:00,20.29300000,20.51100000,20.15900000,20.17900000,3547931.31100000
2025-10-28 13:00:00,20.17900000,20.47600000,19.75200000,19.98700000,9645841.53200000
2025-10-28 17:00:00,19.98700000,20.17100000,19.55000000,19.63000000,6792066.36400000
2025-10-28 21:00:00,19.63000000,19.62800000,19.12700000,19.46200000,9586942.25200000
2025-10-29 01:00:00,19.46200000,19.53900000,19.36400000,19.44600000,2982931.14300000
2025-10-29 05:00:00,19.44600000,19.62400000,19.43600000,19.59100000,2402388.71800000
2025-10-29 09:00:00,19.59100000,19.75400000,19.42500000,19.72100000,2817709.76000000
2025-10-29 13:00:00,19.72100000,19.84900000,19.33600000,19.42500000,8808614.99600000
2025-10-29 17:00:00,19.42500000,20.19000000,19.30700000,19.93900000,12347918.14200000
2025-10-29 21:00:00,19.93900000,20.15400000,19.54600000,19.65200000,4626294.18400000
2025-10-30 01:00:00,19.65200000,19.95800000,19.50200000,19.82400000,4247188.76400000
2025-10-30 05:00:00,19.82400000,19.87900000,19.04500000,19.82600000,7596064.68600000
2025-10-30 09:00:00,19.82600000,19.88500000,19.18600000,19.22400000,4609494.51800000
2025-10-30 13:00:00,19.22400000,19.23900000,18.13200000,18.21900000,11257798.12400000
2025-10-30 17:00:00,18.21900000,18.31600000,17.51600000,17.58100000,8596073.06400000
2025-10-30 21:00:00,17.58100000,18.13100000,17.53000000,18.10100000,5285586.83300000
2025-10-31 01:00:00,18.10100000,18.39300000,18.04700000,18.25500000,5219109.75000000
2025-10-31 05:00:00,18.25500000,18.46500000,18.21400000,18.24400000,4077419.36600000
2025-10-31 09:00:00,18.24400000,18.51400000,18.19700000,18.48700000,3265376.21800000
2025-10-31 13:00:00,18.48700000,18.56800000,18.24700000,18.26700000,5822191.84700000
2025-10-31 17:00:00,18.26700000,18.36900000,17.77600000,18.26500000,7128603.31700000
2025-10-31 21:00:00,18.26500000,18.27000000,18.03800000,18.18300000,2060326.81000000
2025-11-01 01:00:00,18.18300000,18.44000000,18.07600000,18.40800000,2025814.73900000
2025-11-01 05:00:00,18.40800000,18.51100000,18.28100000,18.49600000,1767678.84600000
2025-11-01 09:00:00,18.49600000,18.70200000,18.44600000,18.65900000,2650713.76300000
2025-11-01 13:00:00,18.65900000,18.73300000,18.40500000,18.62400000,3680480.50800000
2025-11-01 17:00:00,18.62400000,18.72900000,18.55100000,18.63600000,2359086.46900000
2025-11-01 21:00:00,18.63600000,18.72700000,18.49000000,18.71100000,1670684.03100000
2025-11-02 01:00:00,18.71100000,18.79900000,18.61300000,18.67900000,2165962.00100000
2025-11-02 05:00:00,18.67900000,18.99900000,18.65200000,18.94900000,2769328.45200000
2025-11-02 09:00:00,18.94900000,18.97900000,18.57800000,18.82100000,3126784.61100000
2025-11-02 13:00:00,18.82100000,18.83600000,18.18200000,18.26600000,5478792.80500000
2025-11-02 17:00:00,18.26600000,18.30700000,18.08300000,18.14600000,3566782.18700000
2025-11-02 21:00:00,18.14600000,18.90200000,18.08500000,18.80100000,3701287.37500000
2025-11-03 01:00:00,18.80100000,18.90700000,17.48900000,17.52700000,7239364.88700000
2025-11-03 05:00:00,17.52700000,17.75300000,17.14800000,17.46500000,7186878.96800000
2025-11-03 09:00:00,17.46500000,17.62600000,17.17400000,17.46700000,5025127.58600000
2025-11-03 13:00:00,17.46700000,17.67600000,15.90100000,16.35400000,17872016.90100000
2025-11-03 17:00:00,16.35400000,17.08500000,16.26600000,16.76800000,9050653.94900000
2025-11-03 21:00:00,16.76800000,16.80400000,16.40200000,16.64500000,6000175.31700000
2025-11-04 01:00:00,16.64500000,16.99100000,16.45800000,16.89900000,5031032.94200000
2025-11-04 05:00:00,16.89900000,16.99900000,15.96400000,16.14900000,8430141.75500000
2025-11-04 09:00:00,16.14900000,16.79600000,16.07900000,16.70900000,5305041.25500000
2025-11-04 13:00:00,16.70900000,16.84500000,16.31200000,16.41100000,9285185.89400000
2025-11-04 17:00:00,16.41100000,16.47900000,15.30600000,15.58800000,14811698.79600000
2025-11-04 21:00:00,15.58800000,16.18700000,14.98400000,15.98000000,14952081.69500000
2025-11-05 01:00:00,15.98000000,16.47500000,15.28100000,16.43200000,8591191.59800000
2025-11-05 05:00:00,16.43200000,16.61900000,16.31400000,16.53700000,4255939.83500000
2025-11-05 09:00:00,16.53700000,16.58000000,16.21900000,16.55300000,4841006.61500000
2025-11-05 13:00:00,16.55300000,16.80500000,16.46200000,16.74900000,6700932.41100000
2025-11-05 17:00:00,16.74900000,16.98500000,16.56600000,16.76900000,6245878.40200000
2025-11-05 21:00:00,16.76900000,16.84000000,16.55100000,16.60200000,4578011.19700000
2025-11-06 01:00:00,16.60200000,16.68800000,16.36900000,16.63100000,4970662.58300000
2025-11-06 05:00:00,16.63100000,16.72100000,16.21200000,16.27300000,4002637.69000000
2025-11-06 09:00:00,16.27300000,16.42200000,16.19300000,16.28300000,3019992.12100000
2025-11-06 13:00:00,16.28300000,16.41000000,15.77500000,15.84000000,7503668.88400000
2025-11-06 17:00:00,15.84000000,16.17300000,15.58900000,16.10800000,6831857.46800000
2025-11-06 21:00:00,16.10800000,16.21300000,15.91800000,16.11900000,5615373.99400000
2025-11-07 01:00:00,16.11900000,16.51100000,16.04300000,16.44600000,4729289.20200000
2025-11-07 05:00:00,16.44600000,16.92900000,16.32900000,16.91200000,3694963.60900000
2025-11-07 09:00:00,16.91200000,17.02300000,16.27400000,16.44900000,6272269.64600000
2025-11-07 13:00:00,16.44900000,16.87900000,16.08000000,16.80200000,9550572.37700000
2025-11-07 17:00:00,16.80200000,17.95800000,16.74100000,17.81500000,11350596.12000000
2025-11-07 21:00:00,17.81500000,18.03500000,17.66200000,17.74000000,8144333.99100000
2025-11-08 01:00:00,17.74000000,18.39900000,17.67000000,17.83400000,7441565.22500000
2025-11-08 05:00:00,17.83400000,18.06800000,17.55800000,17.85300000,4322236.85000000
2025-11-08 09:00:00,17.85300000,17.98700000,17.65400000,17.78100000,3868280.24500000
2025-11-08 13:00:00,17.78100000,17.78100000,17.08400000,17.13000000,7060581.98700000
2025-11-08 17:00:00,17.13000000,17.36800000,17.00900000,17.27500000,6003711.08900000
2025-11-08 21:00:00,17.27500000,17.48800000,17.23500000,17.48700000,2390942.35000000
2025-11-09 01:00:00,17.48700000,17.51200000,16.79500000,16.87700000,5477912.90700000
2025-11-09 05:00:00,16.87700000,17.12900000,16.87200000,17.12400000,3108841.89300000
2025-11-09 09:00:00,17.12400000,17.34600000,16.88100000,17.26600000,4096266.13500000
2025-11-09 13:00:00,17.26600000,17.87200000,17.22900000,17.68400000,6686686.49500000
2025-11-09 17:00:00,17.68400000,17.88200000,17.45100000,17.88100000,4993296.82300000
2025-11-09 21:00:00,17.88100000,17.90200000,17.58900000,17.76400000,4268716.24200000
2025-11-10 01:00:00,17.76400000,18.11800000,17.63500000,17.98100000,4441982.41400000
2025-11-10 05:00:00,17.98100000,18.11300000,17.87100000,17.99200000,2882302.73300000
2025-11-10 09:00:00,17.99200000,18.29800000,17.78300000,18.08300000,4338084.65800000
2025-11-10 13:00:00,18.08300000,18.32800000,17.79500000,17.93100000,9914313.72700000
2025-11-10 17:00:00,17.93100000,18.13000000,17.69200000,17.99700000,6629718.06400000
2025-11-10 21:00:00,17.99700000,18.35100000,17.80500000,18.16700000,3986671.59000000
2025-11-11 01:00:00,18.16700000,18.59900000,17.96700000,18.34300000,6974777.20600000
2025-11-11 05:00:00,18.34300000,18.36700000,17.52300000,17.54700000,5367363.96500000
2025-11-11 09:00:00,17.54700000,17.86400000,17.48300000,17.78300000,3418338.60600000
2025-11-11 13:00:00,17.78300000,17.88000000,17.55600000,17.61400000,4772420.93100000
2025-11-11 17:00:00,17.61400000,17.71500000,17.22700000,17.25800000,4712232.08600000
2025-11-11 21:00:00,17.25800000,17.27900000,16.96100000,16.99400000,4718138.58800000
2025-11-12 01:00:00,16.99400000,17.15700000,16.90100000,17.11100000,3007277.10500000
2025-11-12 05:00:00,17.11100000,17.45000000,17.04500000,17.13100000,3240687.85400000
2025-11-12 09:00:00,17.13100000,17.63600000,17.13000000,17.54900000,4211061.14500000
2025-11-12 13:00:00,17.54900000,17.75000000,16.96800000,17.02100000,6948288.14200000
2025-11-12 17:00:00,17.02100000,17.07700000,16.62000000,16.77500000,7225949.63900000
2025-11-12 21:00:00,16.77500000,16.97200000,16.72700000,16.80500000,3781780.25500000
2025-11-13 01:00:00,16.80500000,17.63900000,16.78300000,17.43500000,5945745.52400000
2025-11-13 05:00:00,17.43500000,17.68500000,17.27500000,17.39200000,4802023.94500000
2025-11-13 09:00:00,17.39200000,17.52600000,17.20900000,17.25900000,4539233.82700000
2025-11-13 13:00:00,17.25900000,17.42500000,16.87400000,16.95400000,9644750.30300000
2025-11-13 17:00:00,16.95400000,17.02300000,15.89600000,15.96600000,11008372.47200000
2025-11-13 21:00:00,15.96600000,16.30900000,15.74600000,16.08800000,6661161.10600000
2025-11-14 01:00:00,16.08800000,16.16800000,15.87300000,15.91600000,5163594.44500000
2025-11-14 05:00:00,15.91600000,16.07100000,15.34700000,15.91800000,7062740.32100000
2025-11-14 09:00:00,15.91800000,15.93000000,15.30800000,15.38200000,5278112.36400000
2025-11-14 13:00:00,15.38200000,15.64400000,15.07200000,15.50200000,9251591.61900000
2025-11-14 17:00:00,15.50200000,15.70700000,15.30800000,15.64600000,6134207.61700000
2025-11-14 21:00:00,15.64600000,15.65500000,14.82300000,15.11200000,7501298.05200000
2025-11-15 01:00:00,15.11200000,15.60300000,15.08900000,15.58200000,4429789.41800000
2025-11-15 05:00:00,15.58200000,15.71900000,15.51300000,15.62100000,3431474.40000000
2025-11-15 09:00:00,15.62100000,15.63100000,15.31700000,15.44600000,3006041.75600000
2025-11-15 13:00:00,15.44600000,15.69000000,15.41100000,15.60800000,3536791.36400000
2025-11-15 17:00:00,15.60800000,15.77300000,15.48500000,15.67900000,3470775.93800000
2025-11-15 21:00:00,15.67900000,15.70900000,15.43500000,15.51900000,2707988.23500000
2025-11-16 01:00:00,15.51900000,15.70400000,15.25500000,15.68200000,3373599.75100000
2025-11-16 05:00:00,15.68200000,15.76700000,15.57900000,15.73300000,2200668.20800000
2025-11-16 09:00:00,15.73300000,15.84700000,15.40800000,15.44100000,3913880.19600000
2025-11-16 13:00:00,15.44100000,15.55800000,15.05300000,15.07400000,5698618.62500000
2025-11-16 17:00:00,15.07400000,15.18700000,14.60600000,14.92500000,9186282.57500000
2025-11-16 21:00:00,14.92500000,15.25200000,14.71700000,15.13200000,6119360.15000000
2025-11-17 01:00:00,15.13200000,15.67800000,14.97200000,15.53500000,4807522.84500000
2025-11-17 05:00:00,15.53500000,15.76300000,15.50500000,15.63100000,3694852.51300000
2025-11-17 09:00:00,15.63100000,15.71800000,15.58100000,15.60900000,3620511.97600000
2025-11-17 13:00:00,15.60900000,15.88100000,15.10000000,15.23900000,12028444.08200000
2025-11-17 17:00:00,15.23900000,15.36600000,14.33600000,14.36600000,13681581.44200000
2025-11-17 21:00:00,14.36600000,14.69900000,14.25300000,14.51100000,6043657.88700000
2025-11-18 01:00:00,14.51100000,14.55700000,14.02900000,14.48800000,7301331.99900000
2025-11-18 05:00:00,14.48800000,14.68200000,14.32300000,14.52800000,5061174.61800000
2025-11-18 09:00:00,14.52800000,14.72800000,14.52600000,14.57900000,3600256.69500000
2025-11-18 13:00:00,14.57900000,14.80900000,14.35700000,14.72600000,6963654.16900000
2025-11-18 17:00:00,14.72600000,14.91600000,14.67500000,14.72800000,4730190.91100000
2025-11-18 21:00:00,14.72800000,14.78800000,14.49600000,14.58100000,3739219.63000000
2025-11-19 01:00:00,14.58100000,14.68600000,14.38200000,14.42700000,4087993.03100000
2025-11-19 05:00:00,14.42700000,14.45700000,13.92900000,14.34700000,5559501.60800000
2025-11-19 09:00:00,14.34700000,14.58900000,14.24400000,14.43600000,4932679.57700000
2025-11-19 13:00:00,14.43600000,14.57200000,14.02400000,14.05100000,9243113.20800000
2025-11-19 17:00:00,14.05100000,14.14900000,13.68800000,13.77400000,6035422.46600000
2025-11-19 21:00:00,13.77400000,14.33700000,13.73300000,14.28200000,4922986.33600000
2025-11-20 01:00:00,14.28200000,14.39900000,14.22200000,14.33700000,3650878.47300000
2025-11-20 05:00:00,14.33700000,14.43700000,14.22500000,14.35800000,3776577.78200000
2025-11-20 09:00:00,14.35800000,14.40600000,14.21800000,14.40100000,3934082.87200000
2025-11-20 13:00:00,14.40100000,14.52600000,14.19800000,14.22100000,8156156.27000000
2025-11-20 17:00:00,14.22100000,14.23500000,13.48400000,13.74900000,8582281.76300000
2025-11-20 21:00:00,13.74900000,13.98500000,13.62500000,13.80300000,5168776.50000000
2025-11-21 01:00:00,13.80300000,13.98400000,13.67500000,13.76400000,4681671.01600000
2025-11-21 05:00:00,13.76400000,13.77500000,12.29100000,13.16600000,6649224.94400000
2025-11-21 09:00:00,13.16600000,13.41200000,12.85500000,12.91400000,5709640.05900000
2025-11-21 13:00:00,12.91400000,13.30600000,12.62600000,12.99000000,10059554.03000000
2025-11-21 17:00:00,12.99000000,13.45400000,12.82400000,13.28600000,7067145.29200000
2025-11-21 21:00:00,13.28600000,13.36200000,13.17100000,13.27900000,5735695.34300000
2025-11-22 01:00:00,13.27900000,13.32100000,13.23900000,13.27100000,3808191.87300000
2025-11-22 05:00:00,13.27100000,13.32400000,13.20700000,13.28000000,4070685.70900000
2025-11-22 09:00:00,13.28000000,13.33600000,13.14500000,13.26100000,4737032.30700000
2025-11-22 13:00:00,13.26100000,13.26800000,13.01300000,13.17700000,4357253.16900000
2025-11-22 17:00:00,13.17700000,13.27100000,13.15700000,13.22300000,2999667.56500000
2025-11-22 21:00:00,13.22300000,13.37900000,13.18400000,13.23000000,2997673.38600000
2025-11-23 01:00:00,13.23000000,13.38100000,13.20300000,13.33800000,5258874.25500000
2025-11-23 05:00:00,13.33800000,13.43300000,13.22500000,13.28400000,4730635.32000000
2025-11-23 09:00:00,13.28400000,13.36400000,13.21800000,13.28100000,3643921.40700000
2025-11-23 13:00:00,13.28100000,13.42400000,13.26100000,13.40600000,4406769.91100000
2025-11-23 17:00:00,13.40600000,13.43100000,13.26300000,13.36800000,2913518.69700000
2025-11-23 21:00:00,13.36800000,13.46100000,13.26100000,13.26600000,3734543.89100000
2025-11-24 01:00:00,13.26600000,13.49400000,13.14800000,13.44900000,4129361.95300000
2025-11-24 05:00:00,13.44900000,13.58600000,13.28300000,13.43800000,3180324.45000000
2025-11-24 09:00:00,13.43800000,13.45700000,13.26100000,13.38700000,3245261.79000000
2025-11-24 13:00:00,13.38700000,13.57900000,13.25100000,13.50200000,4674939.75200000
2025-11-24 17:00:00,13.50200000,13.99800000,13.50100000,13.91200000,5895984.06100000
2025-11-24 21:00:00,13.91200000,14.03700000,13.87900000,13.88900000,3954647.52700000
2025-11-25 01:00:00,13.88900000,13.94200000,13.83400000,13.89400000,3864816.88800000
2025-11-25 05:00:00,13.89400000,13.93700000,13.82000000,13.87400000,3782163.92500000
2025-11-25 09:00:00,13.87400000,13.93200000,13.76600000,13.89200000,3802707.76200000
2025-11-25 13:00:00,13.89200000,13.93600000,13.69300000,13.90600000,6565873.00700000
2025-11-25 17:00:00,13.90600000,13.98800000,13.87900000,13.98600000,5503016.91000000
2025-11-25 21:00:00,13.98600000,14.37300000,13.96400000,14.16700000,7454524.80900000
2025-11-26 01:00:00,14.16700000,14.32500000,14.00800000,14.02300000,4219501.97400000
2025-11-26 05:00:00,14.02300000,14.08600000,13.98700000,14.08100000,2904811.22800000
2025-11-26 09:00:00,14.08100000,14.08200000,13.96100000,13.99300000,4586101.47300000
2025-11-26 13:00:00,13.99300000,14.00700000,13.89800000,13.96000000,4490423.31100000
2025-11-26 17:00:00,13.96000000,14.60100000,13.94500000,14.54100000,7695642.41200000
2025-11-26 21:00:00,14.54100000,14.94500000,14.50500000,14.94500000,6067240.73800000
2025-11-27 01:00:00,14.94500000,15.00400000,14.87900000,14.90700000,6167117.94800000
2025-11-27 05:00:00,14.90700000,14.96000000,14.85700000,14.93800000,4396476.63900000
2025-11-27 09:00:00,14.93800000,14.96300000,14.85100000,14.92400000,3430692.65000000
2025-11-27 13:00:00,14.92400000,14.96900000,14.89100000,14.95400000,4044407.96600000
2025-11-27 17:00:00,14.95400000,15.15400000,14.93200000,15.01900000,4663366.07500000
2025-11-27 21:00:00,15.01900000,15.06700000,14.97000000,15.01100000,2729578.88100000
2025-11-28 01:00:00,15.01100000,15.05400000,14.98800000,15.04000000,3396775.23500000
2025-11-28 05:00:00,15.04000000,15.07400000,14.99100000,15.00200000,4074129.86700000
2025-11-28 09:00:00,15.00200000,15.11900000,14.78800000,15.00900000,7426617.78100000
2025-11-28 13:00:00,15.00900000,15.25600000,14.98000000,15.08600000,6041821.38600000
2025-11-28 17:00:00,15.08600000,15.09500000,14.78900000,14.86700000,7235131.16500000
2025-11-28 21:00:00,14.86700000,14.88100000,14.78300000,14.83700000,4164717.66600000
2025-11-29 01:00:00,14.83700000,14.87500000,14.80700000,14.84200000,2787626.15800000
2025-11-29 05:00:00,14.84200000,14.90100000,14.65300000,14.66900000,3130935.57000000
2025-11-29 09:00:00,14.66900000,14.88400000,14.62700000,14.86700000,4060321.97700000
2025-11-29 13:00:00,14.86700000,14.87500000,14.73900000,14.84800000,3988126.11900000
2025-11-29 17:00:00,14.84800000,14.85500000,14.35400000,14.44200000,6253418.08800000
2025-11-29 21:00:00,14.44200000,14.44200000,14.17800000,14.23900000,6601642.65300000
2025-11-30 01:00:00,14.23900000,14.32200000,14.12600000,14.20500000,4626485.08000000
2025-11-30 05:00:00,14.20500000,14.21300000,13.97200000,14.12800000,4442212.02100000
2025-11-30 09:00:00,14.12800000,14.20900000,14.03200000,14.05900000,4300807.41500000
2025-11-30 13:00:00,14.05900000,14.29400000,14.04100000,14.15900000,5266352.07400000
2025-11-30 17:00:00,14.15900000,14.27500000,13.82200000,13.98600000,7746920.03800000
2025-11-30 21:00:00,13.98600000,14.02200000,13.64800000,13.70600000,5657231.46600000
2025-12-01 01:00:00,13.70600000,13.72500000,12.93300000,12.94900000,8929737.47100000
2025-12-01 05:00:00,12.94900000,13.08600000,12.86700000,13.06500000,4984415.70300000
2025-12-01 09:00:00,13.06500000,13.09800000,12.93400000,12.93700000,3922238.50400000
2025-12-01 13:00:00,12.93700000,12.97300000,12.61000000,12.69300000,6568357.38900000
2025-12-01 17:00:00,12.69300000,12.77200000,12.54400000,12.60800000,5151010.75300000
2025-12-01 21:00:00,12.60800000,12.85200000,12.58300000,12.74500000,4433281.65500000
2025-12-02 01:00:00,12.74500000,13.01200000,12.69900000,12.94000000,4814852.57000000
2025-12-02 05:00:00,12.94000000,13.03100000,12.85600000,13.01300000,2560167.20900000
2025-12-02 09:00:00,13.01300000,13.11700000,12.86700000,12.90500000,4984422.88500000
2025-12-02 13:00:00,12.90500000,13.72100000,12.83700000,13.67100000,8502170.58000000
2025-12-02 17:00:00,13.67100000,13.73700000,13.53600000,13.64300000,5132748.16700000
2025-12-02 21:00:00,13.64300000,13.75600000,13.55900000,13.62400000,3383584.63100000
2025-12-03 01:00:00,13.62400000,13.83900000,13.57300000,13.80600000,4299661.23000000
2025-12-03 05:00:00,13.80600000,14.34700000,13.79000000,14.12100000,6505630.63300000
2025-12-03 09:00:00,14.12100000,14.17700000,13.99600000,14.05900000,3435563.76900000
2025-12-03 13:00:00,14.05900000,14.28900000,13.87100000,14.16300000,8944940.58500000
2025-12-03 17:00:00,14.16300000,14.49300000,14.06200000,14.48400000,6779081.84300000
2025-12-03 21:00:00,14.48400000,15.07500000,14.40300000,14.77500000,8435338.12100000
2025-12-04 01:00:00,14.77500000,14.87600000,14.67100000,14.71500000,5265753.22600000
2025-12-04 05:00:00,14.71500000,14.75200000,14.67500000,14.71100000,3228100.20300000
2025-12-04 09:00:00,14.71100000,14.77700000,14.69100000,14.73700000,3370898.62000000
2025-12-04 13:00:00,14.73700000,14.85400000,14.62500000,14.74000000,5353794.71100000
2025-12-04 17:00:00,14.74000000,14.76300000,14.19400000,14.41800000,6602383.89800000
2025-12-04 21:00:00,14.41800000,14.49600000,14.34800000,14.39100000,3625633.63800000
2025-12-05 01:00:00,14.39100000,14.51800000,14.37600000,14.44000000,3524456.90900000
2025-12-05 05:00:00,14.44000000,14.47300000,14.31700000,14.36000000,4364781.57700000
2025-12-05 09:00:00,14.36000000,14.36200000,13.75300000,13.79300000,6832279.94400000
2025-12-05 13:00:00,13.79300000,13.86600000,13.56400000,13.66900000,6307417.28200000
2025-12-05 17:00:00,13.66900000,13.66900000,13.17900000,13.40300000,7036718.26700000
2025-12-05 21:00:00,13.40300000,13.41500000,13.10600000,13.20100000,5157997.60800000
2025-12-06 01:00:00,13.20100000,13.37900000,13.13900000,13.31200000,4762516.69600000
2025-12-06 05:00:00,13.31200000,13.31800000,13.19600000,13.22600000,2505097.63800000
2025-12-06 09:00:00,13.22600000,13.30800000,13.15400000,13.21500000,2047780.24800000
2025-12-06 13:00:00,13.21500000,13.34100000,13.15900000,13.30800000,3368773.91700000
2025-12-06 17:00:00,13.30800000,13.47300000,13.27000000,13.30100000,4536699.91400000
2025-12-06 21:00:00,13.30100000,13.45600000,13.28500000,13.39400000,2806497.88500000
2025-12-07 01:00:00,13.39400000,13.54200000,13.39100000,13.49100000,3022308.88400000
2025-12-07 05:00:00,13.49100000,13.50900000,13.35800000,13.39200000,1941309.05400000
2025-12-07 09:00:00,13.39200000,13.42300000,13.30300000,13.33700000,2248775.13400000
2025-12-07 13:00:00,13.33700000,13.43600000,12.94300000,13.41100000,6170971.14400000
2025-12-07 17:00:00,13.41100000,13.84800000,13.29500000,13.75000000,5603022.44700000
2025-12-07 21:00:00,13.75000000,13.81200000,13.25800000,13.47300000,5891098.45800000
2025-12-08 01:00:00,13.47300000,13.65500000,13.36400000,13.53300000,3811783.00500000
2025-12-08 05:00:00,13.53300000,13.72800000,13.52700000,13.68100000,3259178.15400000
2025-12-08 09:00:00,13.68100000,13.90800000,13.65200000,13.74000000,4154008.84500000
2025-12-08 13:00:00,13.74000000,13.81600000,13.50600000,13.57200000,4908630.71400000
2025-12-08 17:00:00,13.57200000,13.71100000,13.47600000,13.54400000,3694653.48100000
2025-12-08 21:00:00,13.54400000,13.74500000,13.53900000,13.63700000,2699756.05200000
2025-12-09 01:00:00,13.63700000,13.72900000,13.51400000,13.72200000,2708213.59000000
2025-12-09 05:00:00,13.72200000,13.76600000,13.53100000,13.72400000,3040704.90800000
2025-12-09 09:00:00,13.72400000,13.76500000,13.49100000,13.58300000,2736292.25100000
2025-12-09 13:00:00,13.58300000,14.17600000,13.54100000,14.13100000,5211402.39000000
2025-12-09 17:00:00,14.13100000,14.73000000,14.13200000,14.62100000,7592726.29200000
2025-12-09 21:00:00,14.62100000,14.66100000,14.47500000,14.59900000,5013748.41300000
2025-12-10 01:00:00,14.59900000,14.64100000,14.56000000,14.61200000,5085017.84300000
2025-12-10 05:00:00,14.61200000,14.62200000,14.54900000,14.60500000,3050173.80700000
2025-12-10 09:00:00,14.60500000,14.65900000,14.16000000,14.25100000,7402782.96600000
2025-12-10 13:00:00,14.25100000,14.31500000,14.13800000,14.23800000,3511036.55200000
2025-12-10 17:00:00,14.23800000,14.66000000,14.19700000,14.54900000,5223053.94600000
2025-12-10 21:00:00,14.54900000,14.82100000,14.08500000,14.10700000,8821714.84000000
2025-12-11 01:00:00,14.10700000,14.10700000,13.26000000,13.29700000,8764552.70200000
2025-12-11 05:00:00,13.29700000,13.47600000,13.22700000,13.37700000,4578954.40500000
2025-12-11 09:00:00,13.37700000,13.40900000,13.23300000,13.31100000,4670440.09000000
2025-12-11 13:00:00,13.31100000,13.35200000,12.91500000,12.99100000,6021149.39900000
2025-12-11 17:00:00,12.99100000,13.37400000,12.87200000,13.24300000,5823849.08900000
2025-12-11 21:00:00,13.24300000,13.60700000,13.22700000,13.40800000,5615984.62600000
2025-12-12 01:00:00,13.40800000,13.73600000,13.31700000,13.60000000,4311059.05000000
2025-12-12 05:00:00,13.60000000,13.78600000,13.54600000,13.64700000,3622099.28200000
2025-12-12 09:00:00,13.64700000,13.67400000,13.48300000,13.55200000,5253204.01500000
2025-12-12 13:00:00,13.55200000,13.64700000,12.79800000,12.88600000,7259911.37100000
2025-12-12 17:00:00,12.88600000,13.19500000,12.79100000,13.06500000,6512603.85500000
2025-12-12 21:00:00,13.06500000,13.16900000,13.01900000,13.10200000,3901020.86800000
2025-12-13 01:00:00,13.10200000,13.24200000,13.08700000,13.20900000,3989544.46600000
2025-12-13 05:00:00,13.20900000,13.45400000,13.19100000,13.32400000,4150918.23900000
2025-12-13 09:00:00,13.32400000,13.45800000,13.32400000,13.37600000,3844165.07900000
2025-12-13 13:00:00,13.37600000,13.39600000,13.21500000,13.35900000,4266161.83000000
2025-12-13 17:00:00,13.35900000,13.41200000,13.31400000,13.38300000,3692847.41900000
2025-12-13 21:00:00,13.38300000,13.39300000,13.23200000,13.36200000,4158604.92400000
2025-12-14 01:00:00,13.36200000,13.38700000,13.28600000,13.29600000,3450411.01500000
2025-12-14 05:00:00,13.29600000,13.31100000,13.17700000,13.23600000,3228044.55000000
2025-12-14 09:00:00,13.23600000,13.27800000,12.95200000,13.05200000,5164890.13500000
2025-12-14 13:00:00,13.05200000,13.12900000,12.96800000,13.01500000,3687810.43100000
2025-12-14 17:00:00,13.01500000,13.10600000,12.89800000,12.96700000,2644025.43600000
2025-12-14 21:00:00,12.96700000,13.01300000,12.70600000,12.86800000,3789973.90200000
2025-12-15 01:00:00,12.86800000,13.27200000,12.84700000,13.07700000,4041351.12400000
2025-12-15 05:00:00,13.07700000,13.32100000,13.07700000,13.18900000,3921992.48400000
2025-12-15 09:00:00,13.18900000,13.35200000,13.16600000,13.21300000,3231199.38500000
2025-12-15 13:00:00,13.21300000,13.21600000,12.41300000,12.48700000,7400185.41800000
2025-12-15 17:00:00,12.48700000,12.52100000,12.18600000,12.38300000,5427059.52300000
2025-12-15 21:00:00,12.38300000,12.38300000,12.24100000,12.33900000,4046361.77300000
2025-12-16 01:00:00,12.33900000,12.35300000,12.16100000,12.25800000,4286971.87100000
2025-12-16 05:00:00,12.25800000,12.33200000,12.04700000,12.18500000,4164186.58900000
2025-12-16 09:00:00,12.18500000,12.39500000,12.13500000,12.34800000,3828880.77400000
2025-12-16 13:00:00,12.34800000,12.39700000,11.90300000,12.34800000,7833976.56200000
2025-12-16 17:00:00,12.34800000,12.36900000,12.13100000,12.27800000,3675084.35400000
2025-12-16 21:00:00,12.27800000,12.37400000,12.26300000,12.33600000,2751949.41100000
2025-12-17 01:00:00,12.33600000,12.38600000,12.27400000,12.29700000,2819803.39400000
2025-12-17 05:00:00,12.29700000,12.31600000,12.06400000,12.21500000,3626402.86100000
2025-12-17 09:00:00,12.21500000,12.21500000,12.04100000,12.16900000,2708118.69500000
2025-12-17 13:00:00,12.16900000,12.65100000,12.06600000,12.14800000,7761513.70300000
2025-12-17 17:00:00,12.14800000,12.22800000,11.69300000,11.87400000,6452838.09100000
2025-12-17 21:00:00,11.87400000,11.97800000,11.77500000,11.85600000,3324511.20200000
2025-12-18 01:00:00,11.85600000,11.88300000,11.68100000,11.73200000,3852926.24100000
2025-12-18 05:00:00,11.73200000,11.79000000,11.64600000,11.75200000,3225683.31400000
2025-12-18 09:00:00,11.75200000,11.79900000,11.66900000,11.71900000,2960985.07300000
2025-12-18 13:00:00,11.71900000,12.31300000,11.68200000,12.18200000,6433225.23700000
2025-12-18 17:00:00,12.18200000,12.19200000,11.26600000,11.29600000,7018185.31400000
2025-12-18 21:00:00,11.29600000,11.56900000,11.28800000,11.43100000,4017349.08800000
2025-12-19 01:00:00,11.43100000,11.81200000,11.26200000,11.73400000,4465468.13800000
2025-12-19 05:00:00,11.73400000,12.08000000,11.60600000,11.92900000,5603073.49900000
2025-12-19 09:00:00,11.92900000,12.02800000,11.87600000,11.98100000,3986528.49800000
2025-12-19 13:00:00,11.98100000,12.40900000,11.93500000,12.18400000,5822960.51700000
2025-12-19 17:00:00,12.18400000,12.45800000,12.06000000,12.32500000,5833481.27400000
2025-12-19 21:00:00,12.32500000,12.38300000,12.23900000,12.25000000,3408894.64700000
2025-12-20 01:00:00,12.25000000,12.28600000,12.18800000,12.24500000,3152039.83700000
2025-12-20 05:00:00,12.24500000,12.33700000,12.19200000,12.32500000,2539887.38200000
2025-12-20 09:00:00,12.32500000,12.37100000,12.24000000,12.30800000,2714210.31300000
2025-12-20 13:00:00,12.30800000,12.30800000,12.16200000,12.26500000,3607546.72000000
2025-12-20 17:00:00,12.26500000,12.30400000,12.22300000,12.25600000,2170244.42300000
2025-12-20 21:00:00,12.25600000,12.27600000,12.11800000,12.20200000,3139399.57600000
2025-12-21 01:00:00,12.20200000,12.24300000,12.08300000,12.17900000,2779677.19800000
2025-12-21 05:00:00,12.17900000,12.19100000,12.10500000,12.11700000,1792904.33800000
2025-12-21 09:00:00,12.11700000,12.32900000,12.09100000,12.23600000,3458215.59100000
2025-12-21 13:00:00,12.23600000,12.28100000,11.94400000,12.08700000,4208272.56900000
2025-12-21 17:00:00,12.08700000,12.16800000,11.99700000,12.11800000,3600099.34600000
2025-12-21 21:00:00,12.11800000,12.24500000,11.97600000,12.14000000,2615658.41800000
2025-12-22 01:00:00,12.14000000,12.41100000,12.00100000,12.18900000,4514832.17200000
2025-12-22 05:00:00,12.18900000,12.25900000,12.12100000,12.18400000,2677846.87100000
2025-12-22 09:00:00,12.18400000,12.36700000,12.15300000,12.35000000,3911388.89500000
2025-12-22 13:00:00,12.35000000,12.44300000,12.26600000,12.36600000,4278718.27400000
2025-12-22 17:00:00,12.36600000,12.39900000,12.11200000,12.13300000,4104546.75100000
2025-12-22 21:00:00,12.13300000,12.43200000,12.06700000,12.41100000,5481572.98700000
2025-12-23 01:00:00,12.41100000,12.54200000,12.32500000,12.39900000,4679943.83100000
2025-12-23 05:00:00,12.39900000,12.42100000,12.10900000,12.18600000,4618909.39600000
2025-12-23 09:00:00,12.18600000,12.32000000,12.15100000,12.28800000,4096430.70600000
2025-12-23 13:00:00,12.28800000,12.28700000,11.82400000,11.94100000,5817871.54800000
2025-12-23 17:00:00,11.94100000,12.18400000,11.90400000,12.11100000,5035719.29900000
2025-12-23 21:00:00,12.11100000,12.34800000,12.07300000,12.17400000,4686980.10600000
2025-12-24 01:00:00,12.17400000,12.22300000,11.95300000,12.05900000,3211608.57500000
2025-12-24 05:00:00,12.05900000,12.13300000,11.92600000,11.97100000,2899813.57999310
2025-12-24 09:00:00,11.97100000,12.12700000,11.95200000,12.09700000,2877771.29300000
2025-12-24 13:00:00,12.09700000,12.13500000,11.87600000,12.00500000,3306908.74300000
2025-12-24 17:00:00,12.00500000,12.08100000,11.89500000,12.02400000,3236980.21600000
2025-12-24 21:00:00,12.02400000,12.14300000,12.01600000,12.09900000,2890572.83800000
2025-12-25 01:00:00,12.09900000,12.22000000,12.04700000,12.15400000,3054108.81200000
2025-12-25 05:00:00,12.15400000,12.25600000,12.14400000,12.24300000,1926198.10900000
2025-12-25 09:00:00,12.24300000,12.35100000,12.10700000,12.14600000,3787792.45800000
2025-12-25 13:00:00,12.14600000,12.39400000,12.14000000,12.34600000,3840868.23300000
2025-12-25 17:00:00,12.34600000,12.54900000,12.33800000,12.46900000,5688336.16000000
2025-12-25 21:00:00,12.46900000,12.49300000,12.03900000,12.07100000,5371997.39400000
2025-12-26 01:00:00,12.07100000,12.61100000,12.01600000,12.52700000,5057703.21500000
2025-12-26 05:00:00,12.52700000,12.57400000,12.38700000,12.40700000,3064913.94600000
2025-12-26 09:00:00,12.40700000,12.49700000,12.39500000,12.45400000,1896702.70700000
2025-12-26 13:00:00,12.45400000,12.49500000,12.13000000,12.22400000,4328915.46500000
2025-12-26 17:00:00,12.22400000,12.37900000,12.15900000,12.37200000,2659073.06700000
2025-12-26 21:00:00,12.37200000,12.39500000,12.31700000,12.33600000,1968227.37100000
2025-12-27 01:00:00,12.33600000,12.41600000,12.32900000,12.41500000,1917740.44900000
2025-12-27 05:00:00,12.41500000,12.46600000,12.38100000,12.45100000,1573383.51000000
2025-12-27 09:00:00,12.45100000,12.49100000,12.38800000,12.46500000,2752100.88100000
2025-12-27 13:00:00,12.46500000,12.57400000,12.43200000,12.55600000,3321658.61300000
2025-12-27 17:00:00,12.55600000,12.60000000,12.50500000,12.52900000,2435661.84800000
2025-12-27 21:00:00,12.52900000,12.79200000,12.52500000,12.69100000,3353727.96700000
2025-12-28 01:00:00,12.69100000,12.89700000,12.69100000,12.78000000,3182538.86500000
2025-12-28 05:00:00,12.78000000,12.84700000,12.76400000,12.79000000,2818923.59900000
2025-12-28 09:00:00,12.79000000,12.85200000,12.67000000,12.69300000,2414409.66500000
2025-12-28 13:00:00,12.69300000,12.76700000,12.57300000,12.72800000,2545664.85500000
2025-12-28 17:00:00,12.72800000,12.74900000,12.56700000,12.57800000,3174829.31600000
2025-12-28 21:00:00,12.57800000,12.64900000,12.52200000,12.63500000,3735323.19000000
2025-12-29 01:00:00,12.63500000,13.11600000,12.61700000,13.08600000,4533714.34300000
2025-12-29 05:00:00,13.08600000,13.19700000,12.91200000,13.00900000,4144581.27700000
2025-12-29 09:00:00,13.00900000,13.04300000,12.66000000,12.71300000,5646345.59300000
2025-12-29 13:00:00,12.71300000,12.72900000,12.44700000,12.69000000,7271973.87800000
2025-12-29 17:00:00,12.69000000,12.70900000,12.47900000,12.49200000,4078680.25300000
2025-12-29 21:00:00,12.49200000,12.52200000,12.33700000,12.36500000,5228145.81900000
2025-12-30 01:00:00,12.36500000,12.41800000,12.31800000,12.39500000,3259936.40200000
2025-12-30 05:00:00,12.39500000,12.45100000,12.35500000,12.42100000,2914412.31600000
2025-12-30 09:00:00,12.42100000,12.55100000,12.42000000,12.50300000,3887290.80500000
2025-12-30 13:00:00,12.50300000,12.59700000,12.43400000,12.58400000,3964005.34900000
2025-12-30 17:00:00,12.58400000,12.64000000,12.45400000,12.49600000,3419201.75900000
2025-12-30 21:00:00,12.49600000,12.57900000,12.45300000,12.57400000,2717542.60100000
2025-12-31 01:00:00,12.57400000,12.71500000,12.50100000,12.59200000,2760966.22500000
2025-12-31 05:00:00,12.59200000,12.63000000,12.51400000,12.54100000,947650.50400000
2025-12-31 09:00:00,12.54100000,12.57300000,12.46600000,12.56800000,1908695.55000000
2025-12-31 13:00:00,12.56800000,12.67100000,12.42900000,12.46100000,2669904.34600000
2025-12-31 17:00:00,12.46100000,12.46400000,12.19600000,12.30900000,3676274.13300000
2025-12-31 21:00:00,12.30900000,12.38300000,12.25100000,12.30800000,3138704.81900000
2026-01-01 01:00:00,12.30800000,12.36700000,12.26800000,12.27800000,2564219.67700000
2026-01-01 05:00:00,12.27800000,12.28800000,12.21800000,12.27100000,1753971.70400000
2026-01-01 09:00:00,12.27100000,12.37500000,12.25800000,12.36900000,1666326.31700000
2026-01-01 13:00:00,12.36900000,12.55800000,12.33200000,12.52300000,2115795.50300000
2026-01-01 17:00:00,12.52300000,13.58000000,12.49300000,13.54600000,7759059.07100000
2026-01-01 21:00:00,13.54600000,13.69300000,13.39800000,13.58400000,7163699.84500000
2026-01-02 01:00:00,13.58400000,13.85400000,13.51500000,13.73400000,6439587.03000000
2026-01-02 05:00:00,13.73400000,13.74700000,13.37500000,13.39400000,4716951.58300000
2026-01-02 09:00:00,13.39400000,13.58300000,13.34300000,13.38500000,5379942.23500000
2026-01-02 13:00:00,13.38500000,13.47200000,13.08700000,13.28700000,7218911.05700000
2026-01-02 17:00:00,13.28700000,13.66200000,13.26800000,13.63900000,6161733.51500000
2026-01-02 21:00:00,13.63900000,13.97300000,13.55600000,13.80600000,6545113.70400000
2026-01-03 01:00:00,13.80600000,14.27600000,13.77600000,14.24700000,6997511.54900000
2026-01-03 05:00:00,14.24700000,14.27300000,13.66000000,13.72200000,5560332.05600000
2026-01-03 09:00:00,13.72200000,14.00200000,13.70500000,13.97800000,4885289.26000000
2026-01-03 13:00:00,13.97800000,14.38700000,13.82200000,13.86000000,6041729.21400000
2026-01-03 17:00:00,13.86000000,13.96700000,13.77700000,13.85300000,4521617.26300000
2026-01-03 21:00:00,13.85300000,14.01400000,13.79400000,13.97800000,3983519.82700000
2026-01-04 01:00:00,13.97800000,14.08900000,13.89400000,14.00100000,5208036.10700000
2026-01-04 05:00:00,14.00100000,14.13200000,13.94000000,14.03300000,5035473.14800000
2026-01-04 09:00:00,14.03300000,14.09300000,13.96200000,14.06700000,4465788.36900000
2026-01-04 13:00:00,14.06700000,14.20500000,14.00900000,14.18100000,4317426.14700000
2026-01-04 17:00:00,14.18100000,14.28600000,13.99100000,14.12700000,3910865.52400000
2026-01-04 21:00:00,14.12700000,14.49400000,14.10800000,14.23600000,4657064.81000000
2026-01-05 01:00:00,14.23600000,14.51800000,14.20100000,14.38600000,3820182.20800000
2026-01-05 05:00:00,14.38600000,14.40600000,14.07400000,14.26800000,4197867.99200000
2026-01-05 09:00:00,14.26800000,14.36500000,14.11800000,14.19200000,4793982.37800000
2026-01-05 13:00:00,14.19200000,14.28100000,14.01900000,14.17600000,4183694.64400000
2026-01-05 17:00:00,14.17600000,14.34900000,13.90100000,14.26600000,6597891.93900000
2026-01-05 21:00:00,14.26600000,14.70900000,14.25100000,14.44600000,6274323.40900000
2026-01-06 01:00:00,14.44600000,14.74100000,14.23600000,14.42200000,5044877.15600000
2026-01-06 05:00:00,14.42200000,14.55300000,14.23000000,14.27000000,4175567.01800000
2026-01-06 09:00:00,14.27000000,14.52200000,14.23700000,14.52200000,2461639.72600000
2026-01-06 13:00:00,14.52200000,14.82800000,14.40900000,14.52500000,6477550.46700000
2026-01-06 17:00:00,14.52500000,14.59500000,14.26800000,14.46900000,5873060.30400000
2026-01-06 21:00:00,14.46900000,14.76600000,14.45100000,14.59300000,5754995.47200000
2026-01-07 01:00:00,14.59300000,14.59200000,14.39000000,14.46900000,3371988.97400000
2026-01-07 05:00:00,14.46900000,14.52900000,14.40900000,14.51500000,2838162.26900000
2026-01-07 09:00:00,14.51500000,14.55200000,14.41500000,14.48500000,3294263.63800000
2026-01-07 13:00:00,14.48500000,14.49500000,13.93800000,13.99900000,7033270.23700000
2026-01-07 17:00:00,13.99900000,14.14800000,13.86500000,14.10400000,5466567.53400000
2026-01-07 21:00:00,14.10400000,14.18300000,13.99500000,14.11300000,3319050.61700000
2026-01-08 01:00:00,14.11300000,14.23700000,13.99400000,14.01700000,4170486.36500000
2026-01-08 05:00:00,14.01700000,14.13200000,13.66500000,13.89300000,4399942.96000000
2026-01-08 09:00:00,13.89300000,13.96800000,13.67300000,13.88300000,3692228.08400000
2026-01-08 13:00:00,13.88300000,13.94400000,13.58000000,13.93100000,4446759.15400000
2026-01-08 17:00:00,13.93100000,14.03700000,13.81500000,13.84800000,3202726.59200000
2026-01-08 21:00:00,13.84800000,13.99300000,13.72000000,13.87800000,3222794.55700000
2026-01-09 01:00:00,13.87800000,14.04900000,13.84400000,13.98100000,3258855.17700000
2026-01-09 05:00:00,13.98100000,14.02500000,13.90300000,13.92500000,2703485.08600000
2026-01-09 09:00:00,13.92500000,13.94100000,13.63200000,13.76300000,3257935.75300000
2026-01-09 13:00:00,13.76300000,14.16600000,13.59900000,13.96900000,4245142.94400000
2026-01-09 17:00:00,13.96900000,14.21900000,13.68000000,13.73500000,4572389.28900000
2026-01-09 21:00:00,13.73500000,13.84900000,13.71300000,13.78200000,3239744.59700000
2026-01-10 01:00:00,13.78200000,13.79800000,13.64600000,13.68900000,2934452.33400000
2026-01-10 05:00:00,13.68900000,13.82600000,13.63600000,13.80500000,2566347.13400000
2026-01-10 09:00:00,13.80500000,13.85900000,13.74300000,13.85500000,2582750.94600000
2026-01-10 13:00:00,13.85500000,13.87500000,13.79100000,13.82700000,1873748.52900000
2026-01-10 17:00:00,13.82700000,13.93800000,13.79900000,13.85800000,2947067.58000000
2026-01-10 21:00:00,13.85800000,13.87600000,13.67800000,13.72900000,3125366.17300000
2026-01-11 01:00:00,13.72900000,13.74200000,13.67400000,13.72000000,2696112.69400000
2026-01-11 05:00:00,13.72000000,13.82700000,13.70400000,13.81300000,2721108.01100000
2026-01-11 09:00:00,13.81300000,13.83600000,13.75600000,13.80500000,2431967.37100000
2026-01-11 13:00:00,13.80500000,13.97700000,13.74700000,13.79700000,3061636.37400000
2026-01-11 17:00:00,13.79700000,13.97700000,13.77700000,13.82900000,2852846.98400000
2026-01-11 21:00:00,13.82900000,13.82800000,13.47600000,13.69300000,5052156.59200000
2026-01-12 01:00:00,13.69300000,14.21400000,13.59100000,13.98300000,4100597.66800000
2026-01-12 05:00:00,13.98300000,14.04900000,13.72100000,13.73000000,3069487.43200000
2026-01-12 09:00:00,13.73000000,13.79600000,13.48900000,13.64100000,3475953.48800000
2026-01-12 13:00:00,13.64100000,13.90200000,13.37400000,13.86700000,4493645.51400000
2026-01-12 17:00:00,13.86700000,13.99300000,13.61200000,13.71200000,3620743.35100000
2026-01-12 21:00:00,13.71200000,13.76900000,13.45800000,13.50600000,4220773.81500000
2026-01-13 01:00:00,13.50600000,13.60500000,13.46400000,13.57300000,3605397.15900000
2026-01-13 05:00:00,13.57300000,13.82200000,13.57400000,13.71000000,4298052.59300000
2026-01-13 09:00:00,13.71000000,13.85900000,13.70500000,13.76100000,3684452.54700000
2026-01-13 13:00:00,13.76100000,14.36500000,13.71700000,14.36200000,5866455.67600000
2026-01-13 17:00:00,14.36200000,14.61500000,14.36400000,14.51900000,5622588.66100000
2026-01-13 21:00:00,14.51900000,14.85400000,14.46900000,14.75600000,6608439.74600000
2026-01-14 01:00:00,14.75600000,14.80700000,14.70600000,14.76200000,4824505.14000000
2026-01-14 05:00:00,14.76200000,14.77300000,14.66400000,14.68300000,4545636.34400000
2026-01-14 09:00:00,14.68300000,14.74800000,14.49200000,14.51100000,2801292.73300000
2026-01-14 13:00:00,14.51100000,14.76300000,14.40700000,14.75700000,6764524.72400000
2026-01-14 17:00:00,14.75700000,14.94500000,14.40400000,14.63600000,7146632.83000000
2026-01-14 21:00:00,14.63600000,14.73600000,14.55600000,14.60400000,3217864.10100000
2026-01-15 01:00:00,14.60400000,14.62100000,14.11200000,14.14100000,4427321.95100000
2026-01-15 05:00:00,14.14100000,14.37200000,14.12300000,14.34300000,4149482.36100000
2026-01-15 09:00:00,14.34300000,14.47000000,14.29200000,14.29900000,3254304.05200000
2026-01-15 13:00:00,14.29900000,14.40800000,13.80100000,14.04200000,5325069.44500000
2026-01-15 17:00:00,14.04200000,14.06500000,13.62700000,13.73700000,5188536.94900000
2026-01-15 21:00:00,13.73700000,13.82600000,13.61900000,13.81700000,4061139.80300000
2026-01-16 01:00:00,13.81700000,13.84900000,13.70100000,13.74000000,3967502.46800000
2026-01-16 05:00:00,13.74000000,13.83000000,13.67300000,13.80500000,3264052.85900000
2026-01-16 09:00:00,13.80500000,13.85900000,13.72000000,13.78600000,3711467.00900000
2026-01-16 13:00:00,13.78600000,13.80800000,13.32300000,13.39800000,4541334.99300000
2026-01-16 17:00:00,13.39800000,13.44800000,13.18200000,13.39800000,4724069.62200000
2026-01-16 21:00:00,13.39800000,13.65700000,13.29000000,13.57500000,5583097.48400000
2026-01-17 01:00:00,13.57500000,13.62900000,13.53400000,13.55900000,2484266.77800000
2026-01-17 05:00:00,13.55900000,13.60100000,13.52400000,13.59900000,4002288.88300000
2026-01-17 09:00:00,13.59900000,13.71100000,13.59200000,13.63800000,2879118.88400000
2026-01-17 13:00:00,13.63800000,13.96400000,13.63200000,13.88900000,3334401.26100000
2026-01-17 17:00:00,13.88900000,13.89900000,13.74700000,13.82100000,3108234.85800000
2026-01-17 21:00:00,13.82100000,13.85800000,13.71000000,13.73500000,4442245.88200000
2026-01-18 01:00:00,13.73500000,13.81700000,13.62200000,13.66700000,5081915.81400000
2026-01-18 05:00:00,13.66700000,13.69700000,13.56500000,13.61800000,2654689.64000000
2026-01-18 09:00:00,13.61800000,13.64700000,13.56500000,13.57500000,2860833.56600000
2026-01-18 13:00:00,13.57500000,13.61700000,13.46200000,13.55900000,2905465.02500000
2026-01-18 17:00:00,13.55900000,13.72900000,13.53300000,13.65900000,3032896.51200000
2026-01-18 21:00:00,13.65900000,13.75400000,12.94300000,12.97600000,5060173.14900000
2026-01-19 01:00:00,12.97600000,12.97600000,12.07800000,12.70700000,6136326.32400000
2026-01-19 05:00:00,12.70700000,12.72600000,12.54300000,12.63600000,2593504.38600000
2026-01-19 09:00:00,12.63600000,12.82800000,12.60200000,12.69900000,4592968.85700000
2026-01-19 13:00:00,12.69900000,12.79200000,12.65600000,12.71600000,4623354.39900000
2026-01-19 17:00:00,12.71600000,12.84900000,12.61700000,12.80700000,5239261.95500000
2026-01-19 21:00:00,12.80700000,12.83000000,12.61400000,12.72900000,2316165.05700000
2026-01-20 01:00:00,12.72900000,12.73600000,12.61400000,12.69300000,3006107.71100000
2026-01-20 05:00:00,12.69300000,12.75500000,12.52000000,12.54600000,4204834.23000000
2026-01-20 09:00:00,12.54600000,12.64300000,12.39500000,12.45000000,4746846.02000000
2026-01-20 13:00:00,12.45000000,12.54400000,12.30400000,12.39100000,3977005.29400000
2026-01-20 17:00:00,12.39100000,12.42800000,12.06000000,12.17400000,4790911.66600000
2026-01-20 21:00:00,12.17400000,12.28200000,11.95900000,12.08700000,3388593.75800000
2026-01-21 01:00:00,12.08700000,12.33600000,12.04800000,12.29200000,4079724.78300000
2026-01-21 05:00:00,12.29200000,12.37600000,12.20900000,12.22700000,4732994.93200000
2026-01-21 09:00:00,12.22700000,12.27100000,12.08600000,12.10600000,4283499.08100000
2026-01-21 13:00:00,12.10600000,12.41200000,11.95000000,12.38900000,4797596.15000000
2026-01-21 17:00:00,12.38900000,12.60300000,11.86800000,12.58300000,5185415.19300000
2026-01-21 21:00:00,12.58300000,12.71600000,12.36700000,12.40600000,4604767.96600000
2026-01-22 01:00:00,12.40600000,12.61600000,12.40600000,12.48500000,3613481.87700000
2026-01-22 05:00:00,12.48500000,12.54900000,12.40900000,12.42300000,3188768.60900000
2026-01-22 09:00:00,12.42300000,12.49200000,12.33900000,12.33900000,4800016.99100000
2026-01-22 13:00:00,12.33900000,12.39100000,12.03000000,12.15500000,4576003.21500000
2026-01-22 17:00:00,12.15500000,12.25400000,12.07100000,12.15900000,3981417.63000000
2026-01-22 21:00:00,12.15900000,12.19600000,12.07600000,12.18900000,3946901.67600000
2026-01-23 01:00:00,12.18900000,12.29400000,12.16100000,12.25200000,4371745.03500000
2026-01-23 05:00:00,12.25200000,12.36200000,12.09700000,12.12300000,4283884.90400000
2026-01-23 09:00:00,12.12300000,12.20400000,12.03600000,12.19600000,3460845.89900000
2026-01-23 13:00:00,12.19600000,12.25800000,11.98100000,12.22400000,3544394.93700000
2026-01-23 17:00:00,12.22400000,12.48800000,12.12800000,12.16400000,5280174.99500000
2026-01-23 21:00:00,12.16400000,12.18800000,12.01900000,12.12000000,3271481.36800000
2026-01-24 01:00:00,12.12000000,12.16600000,12.09400000,12.14800000,3247690.91400000
2026-01-24 05:00:00,12.14800000,12.17600000,12.10100000,12.11200000,3447209.81400000
2026-01-24 09:00:00,12.11200000,12.12900000,12.05400000,12.10900000,2165765.82800000
2026-01-24 13:00:00,12.10900000,12.13600000,12.01400000,12.02300000,1547799.22500000
2026-01-24 17:00:00,12.02300000,12.06100000,11.96200000,12.02800000,3910624.20600000
2026-01-24 21:00:00,12.02800000,12.11400000,12.02800000,12.03900000,3984997.81800000
2026-01-25 01:00:00,12.03900000,12.07400000,11.86600000,11.92300000,2078646.91400000
2026-01-25 05:00:00,11.92300000,11.98900000,11.88000000,11.92700000,1864619.34000000
2026-01-25 09:00:00,11.92700000,12.06200000,11.82900000,11.95100000,3542633.23600000
2026-01-25 13:00:00,11.95100000,11.96500000,11.80700000,11.84400000,3923665.12400000
2026-01-25 17:00:00,11.84400000,11.84300000,11.22300000,11.30500000,6952685.91300000
2026-01-25 21:00:00,11.30500000,11.51800000,11.24700000,11.49100000,4946736.88400000
2026-01-26 01:00:00,11.49100000,11.74400000,11.46100000,11.52700000,5286776.80600000
2026-01-26 05:00:00,11.52700000,11.71300000,11.52400000,11.68100000,4217038.08800000
2026-01-26 09:00:00,11.68100000,11.77900000,11.59900000,11.65400000,4266583.16900000
2026-01-26 13:00:00,11.65400000,11.91300000,11.62400000,11.74800000,5706458.79800000
2026-01-26 17:00:00,11.74800000,11.80900000,11.61400000,11.69200000,4640999.01400000
2026-01-26 21:00:00,11.69200000,11.78900000,11.62100000,11.71300000,3829611.79200000
2026-01-27 01:00:00,11.71300000,11.84600000,11.68100000,11.77800000,3905771.92600000
2026-01-27 05:00:00,11.77800000,11.83600000,11.70900000,11.75100000,3349489.03300000
2026-01-27 09:00:00,11.75100000,11.78200000,11.64600000,11.67300000,3185118.38500000
2026-01-27 13:00:00,11.67300000,11.74200000,11.58400000,11.71100000,2773910.43700000
2026-01-27 17:00:00,11.71100000,11.94600000,11.57300000,11.84700000,4970612.92300000
2026-01-27 21:00:00,11.84700000,12.19800000,11.84200000,12.12700000,4965417.85600000
2026-01-28 01:00:00,12.12700000,12.16400000,12.02100000,12.05800000,2963523.20900000
2026-01-28 05:00:00,12.05800000,12.15300000,12.01300000,12.07700000,3038688.43200000
2026-01-28 09:00:00,12.07700000,12.24400000,12.02000000,12.23300000,3575985.20900000
2026-01-28 13:00:00,12.23300000,12.28300000,11.94100000,12.00200000,3045268.80800000
2026-01-28 17:00:00,12.00200000,12.13100000,11.91700000,12.05300000,1972287.71900000
2026-01-28 21:00:00,12.05300000,12.17900000,11.95600000,12.06900000,2128370.93400000
2026-01-29 01:00:00,12.06900000,12.09300000,11.73500000,11.77900000,2902769.46300000
2026-01-29 05:00:00,11.77900000,11.85900000,11.67900000,11.79100000,3730333.37300000
2026-01-29 09:00:00,11.79100000,11.80800000,11.62900000,11.65400000,2574609.37200000
2026-01-29 13:00:00,11.65400000,11.65700000,10.86100000,10.99000000,8307546.94700000
2026-01-29 17:00:00,10.99000000,11.15900000,10.79400000,10.97900000,5804742.29700000
2026-01-29 21:00:00,10.97900000,11.06500000,10.95600000,11.03500000,4267132.09300000
2026-01-30 01:00:00,11.03500000,11.08300000,10.68700000,10.91700000,5252644.67400000
2026-01-30 05:00:00,10.91700000,11.01400000,10.72000000,10.94400000,3618262.83700000
2026-01-30 09:00:00,10.94400000,11.04700000,10.79800000,11.00700000,3533359.05200000
2026-01-30 13:00:00,11.00700000,11.01500000,10.79500000,10.92900000,3896206.41400000
2026-01-30 17:00:00,10.92900000,11.04400000,10.62500000,10.98800000,5210472.21600000
2026-01-30 21:00:00,10.98800000,10.99400000,10.81400000,10.87200000,4260381.51800000
2026-01-31 01:00:00,10.87200000,10.89200000,10.80700000,10.83300000,2694923.88400000
2026-01-31 05:00:00,10.83300000,10.86600000,10.57500000,10.64800000,3188453.13800000
2026-01-31 09:00:00,10.64800000,10.67200000,10.41800000,10.58400000,4007389.27500000
2026-01-31 13:00:00,10.58400000,10.60400000,9.99000000,10.15800000,5819887.89000000
2026-01-31 17:00:00,10.15800000,10.28600000,9.14100000,9.82700000,10551030.93600000
2026-01-31 21:00:00,9.82700000,10.17300000,9.73300000,10.11200000,4822722.75400000
2026-02-01 01:00:00,10.11200000,10.22300000,10.09200000,10.20400000,2159863.68600000
2026-02-01 05:00:00,10.20400000,10.25400000,10.13100000,10.18400000,3056817.98900000
2026-02-01 09:00:00,10.18400000,10.21500000,10.01400000,10.12300000,3529583.44600000
2026-02-01 13:00:00,10.12300000,10.14400000,9.72600000,9.85000000,4434798.81200000
2026-02-01 17:00:00,9.85000000,10.08900000,9.75300000,9.88100000,3742767.72400000
2026-02-01 21:00:00,9.88100000,10.06900000,9.66300000,9.90800000,4364124.25800000
2026-02-02 01:00:00,9.90800000,10.12700000,9.52200000,9.85600000,3842853.16300000
2026-02-02 05:00:00,9.85600000,10.00000000,9.53300000,9.87800000,3593458.54600000
2026-02-02 09:00:00,9.87800000,10.06200000,9.86300000,9.97900000,3205687.80300000
2026-02-02 13:00:00,9.97900000,10.31700000,9.97800000,10.24100000,4041452.91800000
2026-02-02 17:00:00,10.24100000,10.26700000,10.11600000,10.13000000,2805803.77100000
2026-02-02 21:00:00,10.13000000,10.18600000,10.06600000,10.14100000,2614280.80200000
2026-02-03 01:00:00,10.14100000,10.15100000,9.93800000,10.13100000,3097175.95100000
2026-02-03 05:00:00,10.13100000,10.20000000,10.03400000,10.14300000,2318212.18200000
2026-02-03 09:00:00,10.14300000,10.17200000,9.96600000,10.07400000,2412149.95400000
2026-02-03 13:00:00,10.07400000,10.16800000,9.90600000,10.15100000,3952869.25100000
2026-02-03 17:00:00,10.15100000,10.15400000,9.52700000,9.95600000,5292909.35500000
2026-02-03 21:00:00,9.95600000,10.34100000,9.84500000,9.92300000,3761771.06800000
2026-02-04 01:00:00,9.92300000,10.13200000,9.88200000,10.10200000,2829050.18100000
2026-02-04 05:00:00,10.10200000,10.14900000,10.01200000,10.14100000,2255730.99500000
2026-02-04 09:00:00,10.14100000,10.15800000,9.92300000,10.01800000,3150194.39200000
2026-02-04 13:00:00,10.01800000,10.03100000,9.61000000,9.71800000,4078572.68700000
2026-02-04 17:00:00,9.71800000,9.95200000,9.56800000,9.93300000,4112408.66600000
2026-02-04 21:00:00,9.93300000,9.95400000,9.54000000,9.71200000,3852100.36300000
2026-02-05 01:00:00,9.71200000,9.84500000,9.59300000,9.61600000,3063186.09100000
2026-02-05 05:00:00,9.61600000,9.67200000,9.44700000,9.49900000,3514950.47600000
2026-02-05 09:00:00,9.49900000,9.67100000,9.17600000,9.26200000,3825335.87700000
2026-02-05 13:00:00,9.26200000,9.43900000,8.71400000,8.86000000,7607104.24200000
2026-02-05 17:00:00,8.86000000,9.08100000,8.66700000,8.69100000,5462185.02600000
2026-02-05 21:00:00,8.69100000,8.76200000,8.23800000,8.30600000,6283478.29500000
2026-02-06 01:00:00,8.30600000,8.51500000,7.53700000,8.25800000,8852585.03300000
2026-02-06 05:00:00,8.25800000,8.63800000,8.22800000,8.40900000,3398566.69700000
2026-02-06 09:00:00,8.40900000,8.73300000,8.32400000,8.70700000,3159942.72500000
2026-02-06 13:00:00,8.70700000,9.06100000,8.63800000,9.02900000,3521683.79900000
2026-02-06 17:00:00,9.02900000,9.46300000,8.99400000,9.24300000,3968747.75400000
2026-02-06 21:00:00,9.24300000,9.36800000,9.10800000,9.26800000,2996897.62100000
2026-02-07 01:00:00,9.26800000,9.30700000,9.12400000,9.28100000,3228549.70600000
2026-02-07 05:00:00,9.28100000,9.36400000,8.90300000,8.99400000,3182561.84400000
2026-02-07 09:00:00,8.99400000,9.08900000,8.93000000,8.98100000,2474951.54400000
2026-02-07 13:00:00,8.98100000,9.25600000,8.97100000,9.17100000,2731057.77300000
2026-02-07 17:00:00,9.17100000,9.38400000,9.13900000,9.25200000,4753220.58000000
2026-02-07 21:00:00,9.25200000,9.32300000,9.17100000,9.21800000,1633699.99300000
2026-02-08 01:00:00,9.21800000,9.24800000,9.11400000,9.12400000,2130471.36700000
2026-02-08 05:00:00,9.12400000,9.17200000,9.07100000,9.13700000,2088411.87800000
2026-02-08 09:00:00,9.13700000,9.28600000,9.10000000,9.26100000,2180788.23000000
2026-02-08 13:00:00,9.26100000,9.28300000,9.14500000,9.17100000,1988155.57500000
2026-02-08 17:00:00,9.17100000,9.22000000,8.99500000,9.20500000,2225655.91900000
2026-02-08 21:00:00,9.20500000,9.25700000,9.00100000,9.07500000,2378153.46900000
2026-02-09 01:00:00,9.07500000,9.19900000,9.02200000,9.18400000,2093211.30000000
2026-02-09 05:00:00,9.18400000,9.18200000,9.01500000,9.02400000,2116648.42000000
2026-02-09 09:00:00,9.02400000,9.03500000,8.71600000,8.78300000,3150677.66200000
2026-02-09 13:00:00,8.78300000,8.99900000,8.74100000,8.99600000,2926596.28800000
2026-02-09 17:00:00,8.99600000,9.18300000,8.91300000,9.11200000,3110586.83600000
2026-02-09 21:00:00,9.11200000,9.14100000,8.98300000,9.04600000,1979866.17200000
2026-02-10 01:00:00,9.04600000,9.10800000,8.86100000,8.89900000,1917825.35300000
2026-02-10 05:00:00,8.89900000,8.98200000,8.73600000,8.81800000,2607582.28700000
2026-02-10 09:00:00,8.81800000,8.90300000,8.77500000,8.78200000,1673623.05500000
2026-02-10 13:00:00,8.78200000,8.87000000,8.70600000,8.77900000,2341670.23100000
2026-02-10 17:00:00,8.77900000,8.84600000,8.66400000,8.71900000,2618502.09700000
2026-02-10 21:00:00,8.71900000,8.75400000,8.65600000,8.74500000,2473144.28200000
2026-02-11 01:00:00,8.74500000,8.95700000,8.72400000,8.86300000,3799713.14900000
2026-02-11 05:00:00,8.86300000,8.88100000,8.54300000,8.57400000,2861978.90800000
2026-02-11 09:00:00,8.57400000,8.58800000,8.47200000,8.57900000,3079439.56000000
2026-02-11 13:00:00,8.57900000,8.88700000,8.42900000,8.51300000,3861878.66200000
2026-02-11 17:00:00,8.51300000,8.75800000,8.47900000,8.69600000,2523469.30800000
2026-02-11 21:00:00,8.69600000,8.80200000,8.58300000,8.63100000,2437236.13300000
2026-02-12 01:00:00,8.63100000,8.78300000,8.62800000,8.74900000,2292855.10800000
2026-02-12 05:00:00,8.74900000,8.84000000,8.68100000,8.81400000,2374804.03100000
2026-02-12 09:00:00,8.81400000,8.97200000,8.77800000,8.90800000,3055225.06500000
2026-02-12 13:00:00,8.90800000,8.96600000,8.79200000,8.79900000,3383712.38100000
2026-02-12 17:00:00,8.79900000,8.86100000,8.61500000,8.76300000,3518167.10800000
2026-02-12 21:00:00,8.76300000,8.90400000,8.67900000,8.90100000,2625249.86600000
2026-02-13 01:00:00,8.90100000,8.93300000,8.81500000,8.85600000,3368570.90300000
2026-02-13 05:00:00,8.85600000,8.86500000,8.73200000,8.82900000,3018245.35700000
2026-02-13 09:00:00,8.82900000,8.91200000,8.81100000,8.86900000,3001763.51800000
2026-02-13 13:00:00,8.86900000,9.21500000,8.82500000,9.10300000,4162049.47200000
2026-02-13 17:00:00,9.10300000,9.24700000,9.08800000,9.17700000,2588285.09200000
2026-02-13 21:00:00,9.17700000,9.24400000,9.13500000,9.13900000,2653217.60700000
2026-02-14 01:00:00,9.13900000,9.21800000,9.11800000,9.20600000,2980601.26300000
2026-02-14 05:00:00,9.20600000,9.20700000,9.13200000,9.19000000,2378505.84500000
2026-02-14 09:00:00,9.19000000,9.38300000,9.18700000,9.36700000,3307430.60000000
2026-02-14 13:00:00,9.36700000,9.39100000,9.24800000,9.37800000,2995862.05100000
2026-02-14 17:00:00,9.37800000,9.62700000,9.33700000,9.62600000,3485956.26700000
2026-02-14 21:00:00,9.62600000,9.71300000,9.53300000,9.59000000,3754867.78800000
2026-02-15 01:00:00,9.59000000,9.63600000,9.47200000,9.59100000,3347742.18300000
2026-02-15 05:00:00,9.59100000,9.74500000,9.57900000,9.69300000,3581400.40900000
2026-02-15 09:00:00,9.69300000,9.70200000,9.50500000,9.52600000,2831979.35900000
2026-02-15 13:00:00,9.52600000,9.54000000,9.26900000,9.37900000,3418645.74700000
2026-02-15 17:00:00,9.37900000,9.37800000,9.13200000,9.17800000,4348020.80900000
2026-02-15 21:00:00,9.17800000,9.29800000,9.14300000,9.27500000,3268261.30900000
2026-02-16 01:00:00,9.27500000,9.33500000,9.20100000,9.23300000,2908268.10600000
2026-02-16 05:00:00,9.23300000,9.32700000,9.17500000,9.25300000,2372588.20000000
2026-02-16 09:00:00,9.25300000,9.34100000,9.16700000,9.26400000,2325075.05700000
2026-02-16 13:00:00,9.26400000,9.41500000,9.03800000,9.07700000,4523276.42800000
2026-02-16 17:00:00,9.07700000,9.17900000,9.05700000,9.13900000,3262839.68600000
2026-02-16 21:00:00,9.13900000,9.30300000,9.11100000,9.25500000,2853094.67200000
2026-02-17 01:00:00,9.25500000,9.29300000,9.17900000,9.21700000,1487522.85300000
2026-02-17 05:00:00,9.21700000,9.24300000,9.12800000,9.19500000,2304769.52100000
2026-02-17 09:00:00,9.19500000,9.21500000,9.05300000,9.10700000,2733299.68500000
2026-02-17 13:00:00,9.10700000,9.22500000,8.99800000,9.07800000,3495920.72200000
2026-02-17 17:00:00,9.07800000,9.29300000,9.03300000,9.17300000,3782846.91100000
2026-02-17 21:00:00,9.17300000,9.19300000,9.12400000,9.13600000,2479261.27800000
2026-02-18 01:00:00,9.13600000,9.16200000,9.06100000,9.10600000,2821162.12400000
2026-02-18 05:00:00,9.10600000,9.14200000,9.02900000,9.12300000,2651201.47200000
2026-02-18 09:00:00,9.12300000,9.20500000,8.99500000,9.03400000,2853244.15400000
2026-02-18 13:00:00,9.03400000,9.19900000,8.93600000,9.11200000,3678760.74800000
2026-02-18 17:00:00,9.11200000,9.11700000,8.81400000,8.87500000,4069858.23200000
2026-02-18 21:00:00,8.87500000,8.91200000,8.79400000,8.85200000,2681354.59800000
2026-02-19 01:00:00,8.85200000,8.91900000,8.82700000,8.90700000,3467588.12900000
2026-02-19 05:00:00,8.90700000,8.93500000,8.83200000,8.89800000,2455188.31400000
2026-02-19 09:00:00,8.89800000,8.89800000,8.77800000,8.78800000,2911840.98500000
2026-02-19 13:00:00,8.78800000,8.85800000,8.65400000,8.81500000,4806741.58300000
2026-02-19 17:00:00,8.81500000,8.93400000,8.73400000,8.88300000,3702940.81400000
2026-02-19 21:00:00,8.88300000,8.92000000,8.85200000,8.89500000,2949089.30300000
2026-02-20 01:00:00,8.89500000,8.96600000,8.88500000,8.93700000,3260441.53900000
2026-02-20 05:00:00,8.93700000,9.28800000,8.87700000,9.19600000,5015248.17600000
2026-02-20 09:00:00,9.19600000,9.35900000,9.09500000,9.11100000,5823774.01300000
2026-02-20 13:00:00,9.11100000,9.18900000,8.92300000,9.17300000,5184395.12500000
2026-02-20 17:00:00,9.17300000,9.24300000,8.99600000,9.14600000,3900453.99600000
2026-02-20 21:00:00,9.14600000,9.17200000,9.08900000,9.16400000,2841422.89300000
2026-02-21 01:00:00,9.16400000,9.19600000,9.11600000,9.16100000,2055897.12800000
2026-02-21 05:00:00,9.16100000,9.20700000,9.12900000,9.14900000,2792184.10000000
2026-02-21 09:00:00,9.14900000,9.29300000,9.13700000,9.27100000,2455390.99000000
2026-02-21 13:00:00,9.27100000,9.44800000,9.24700000,9.27900000,4952659.33500000
2026-02-21 17:00:00,9.27900000,9.30500000,9.19500000,9.26300000,2712970.14900000
2026-02-21 21:00:00,9.26300000,9.27200000,9.10300000,9.11200000,3067814.73400000
2026-02-22 01:00:00,9.11200000,9.11100000,9.00200000,9.04200000,3760595.76200000
2026-02-22 05:00:00,9.04200000,9.05900000,8.95300000,9.00800000,3124228.84900000
2026-02-22 09:00:00,9.00800000,9.05400000,8.96600000,9.00200000,2322392.21800000
2026-02-22 13:00:00,9.00200000,9.00500000,8.80900000,8.87800000,3570165.26100000
2026-02-22 17:00:00,8.87800000,8.87800000,8.79000000,8.81300000,2693972.94300000
2026-02-22 21:00:00,8.81300000,8.88400000,8.78400000,8.87300000,2747450.41700000
2026-02-23 01:00:00,8.87300000,8.88900000,8.32200000,8.41100000,6678119.95700000
2026-02-23 05:00:00,8.41100000,8.60200000,8.32800000,8.55700000,3886360.87200000
2026-02-23 09:00:00,8.55700000,8.72400000,8.49800000,8.65100000,4013722.03300000
2026-02-23 13:00:00,8.65100000,8.77500000,8.54700000,8.56100000,3993778.20700000
2026-02-23 17:00:00,8.56100000,8.61100000,8.33100000,8.36400000,3767826.79900000
2026-02-23 21:00:00,8.36400000,8.44400000,8.26400000,8.36100000,3291303.21800000
2026-02-24 01:00:00,8.36100000,8.43700000,8.21000000,8.30200000,2981545.70100000
2026-02-24 05:00:00,8.30200000,8.31500000,8.20300000,8.25000000,2710939.47600000
2026-02-24 09:00:00,8.25000000,8.32200000,8.22200000,8.30900000,2771446.79400000
2026-02-24 13:00:00,8.30900000,8.37300000,8.17300000,8.32600000,3803101.21100000
2026-02-24 17:00:00,8.32600000,8.43400000,8.31700000,8.34400000,3103770.78600000
2026-02-24 21:00:00,8.34400000,8.37300000,8.24800000,8.27900000,2482986.15300000
2026-02-25 01:00:00,8.27900000,8.70600000,8.25800000,8.50900000,4305013.71400000
2026-02-25 05:00:00,8.50900000,8.57700000,8.40900000,8.57100000,2911577.60000000
2026-02-25 09:00:00,8.57100000,8.98400000,8.53600000,8.97000000,5628833.20900000
2026-02-25 13:00:00,8.97000000,9.59600000,8.95700000,9.52900000,7798393.01700000
2026-02-25 17:00:00,9.52900000,9.81900000,9.52800000,9.74700000,6486811.81400000
2026-02-25 21:00:00,9.74700000,9.84100000,9.41600000,9.51600000,4931144.38900000
2026-02-26 01:00:00,9.51600000,9.63200000,9.42300000,9.45200000,4419762.26500000
2026-02-26 05:00:00,9.45200000,9.56000000,9.31700000,9.32000000,3834898.07600000
2026-02-26 09:00:00,9.32000000,9.39900000,9.23100000,9.23900000,4243685.20600000
2026-02-26 13:00:00,9.23900000,9.38700000,9.20600000,9.29900000,3898297.04500000
2026-02-26 17:00:00,9.29900000,9.33500000,9.08800000,9.29900000,4804505.01900000
2026-02-26 21:00:00,9.29900000,9.33300000,9.22900000,9.30300000,3254852.29000000
2026-02-27 01:00:00,9.30300000,9.42400000,9.24100000,9.40700000,3355606.64100000
2026-02-27 05:00:00,9.40700000,9.48100000,9.33800000,9.38100000,3388264.79300000
2026-02-27 09:00:00,9.38100000,9.42300000,8.98600000,9.02800000,4530888.05700000
2026-02-27 13:00:00,9.02800000,9.05300000,8.91400000,9.01100000,3931063.33200000
2026-02-27 17:00:00,9.01100000,9.01100000,8.85100000,8.89000000,3587809.50300000
2026-02-27 21:00:00,8.89000000,8.96200000,8.77800000,8.94500000,3494929.95600000
2026-02-28 01:00:00,8.94500000,8.97000000,8.87300000,8.88300000,2448682.57600000
2026-02-28 05:00:00,8.88300000,8.90000000,8.48300000,8.61800000,4818586.74900000
2026-02-28 09:00:00,8.61800000,8.62300000,8.42800000,8.46700000,4401852.70100000
2026-02-28 13:00:00,8.46700000,8.73900000,8.46300000,8.62700000,4233802.19500000
2026-02-28 17:00:00,8.62700000,8.98900000,8.60500000,8.92700000,4047590.67000000
2026-02-28 21:00:00,8.92700000,9.26800000,8.91500000,9.16200000,4342523.36300000
2026-03-01 01:00:00,9.16200000,9.42700000,9.05500000,9.25900000,3507849.98500000
2026-03-01 05:00:00,9.25900000,9.29900000,9.15400000,9.21300000,2990493.51100000
2026-03-01 09:00:00,9.21300000,9.25300000,9.09700000,9.12200000,3489967.56500000
2026-03-01 13:00:00,9.12200000,9.22800000,9.02400000,9.13000000,3716351.96400000
2026-03-01 17:00:00,9.13000000,9.16300000,8.93600000,8.94600000,3970726.66800000
2026-03-01 21:00:00,8.94600000,9.07300000,8.83800000,9.02700000,4039789.78500000
2026-03-02 01:00:00,9.02700000,9.19600000,9.00300000,9.11800000,3286118.29400000
2026-03-02 05:00:00,9.11800000,9.13800000,8.87800000,8.92900000,2670209.31300000
2026-03-02 09:00:00,8.92900000,9.03000000,8.85900000,8.97200000,2819205.21500000
2026-03-02 13:00:00,8.97200000,9.39800000,8.89400000,9.30900000,4543372.16600000
2026-03-02 17:00:00,9.30900000,9.47700000,9.18200000,9.23500000,3880381.06300000
2026-03-02 21:00:00,9.23500000,9.28300000,9.14500000,9.17100000,2726422.66800000
2026-03-03 01:00:00,9.17100000,9.25300000,9.07200000,9.14800000,2666988.35800000
2026-03-03 05:00:00,9.14800000,9.18900000,9.06300000,9.10900000,2249824.52300000
2026-03-03 09:00:00,9.10900000,9.12500000,8.93700000,9.00900000,3102634.55100000
2026-03-03 13:00:00,9.00900000,9.17900000,8.89200000,9.15700000,3587833.12600000
2026-03-03 17:00:00,9.15700000,9.33100000,9.08900000,9.17700000,3322910.42800000
2026-03-03 21:00:00,9.17700000,9.24200000,9.06800000,9.17500000,2532178.39800000
2026-03-04 01:00:00,9.17500000,9.24200000,9.09700000,9.16900000,2534706.19200000
2026-03-04 05:00:00,9.16900000,9.19500000,9.00400000,9.18200000,2692461.87600000
2026-03-04 09:00:00,9.18200000,9.49100000,9.15900000,9.29700000,4308854.82900000
2026-03-04 13:00:00,9.29700000,9.72200000,9.23700000,9.71400000,4709727.87300000
2026-03-04 17:00:00,9.71400000,9.77800000,9.50700000,9.66500000,3808534.97100000
2026-03-04 21:00:00,9.66500000,9.67700000,9.42000000,9.49500000,3557331.44800000
2026-03-05 01:00:00,9.49500000,9.53400000,9.40800000,9.45000000,2997869.59300000
2026-03-05 05:00:00,9.45000000,9.49900000,9.33900000,9.37300000,2724989.87100000
2026-03-05 09:00:00,9.37300000,9.57700000,9.35700000,9.44700000,2718073.62100000
2026-03-05 13:00:00,9.44700000,9.52300000,9.33500000,9.39900000,3791538.74100000
2026-03-05 17:00:00,9.39900000,9.45200000,9.25100000,9.37800000,3667964.29300000
2026-03-05 21:00:00,9.37800000,9.50500000,9.36700000,9.37500000,3299632.78000000
2026-03-06 01:00:00,9.37500000,9.44600000,9.32200000,9.41200000,2693067.33100000
2026-03-06 05:00:00,9.41200000,9.46400000,9.30800000,9.44800000,2940906.16300000
2026-03-06 09:00:00,9.44800000,9.45000000,9.23700000,9.24900000,3170789.93300000
2026-03-06 13:00:00,9.24900000,9.25100000,8.91900000,8.96800000,5491840.43400000
2026-03-06 17:00:00,8.96800000,8.99800000,8.87300000,8.96100000,4019422.06900000
2026-03-06 21:00:00,8.96100000,9.06400000,8.92100000,9.01400000,4084448.54300000
2026-03-07 01:00:00,9.01400000,9.07300000,9.00300000,9.01500000,3248908.81600000
2026-03-07 05:00:00,9.01500000,9.01900000,8.95700000,9.01000000,2509467.18800000
2026-03-07 09:00:00,9.01000000,9.04800000,8.97000000,9.01000000,3699032.31500000
2026-03-07 13:00:00,9.01000000,9.02100000,8.93500000,8.95700000,3834145.52900000
2026-03-07 17:00:00,8.95700000,9.00900000,8.86200000,8.88000000,3924133.91300000
2026-03-07 21:00:00,8.88000000,8.93500000,8.86700000,8.90200000,3580977.71400000
2026-03-08 01:00:00,8.90200000,8.91900000,8.80800000,8.84400000,3591105.35800000
2026-03-08 05:00:00,8.84400000,8.90000000,8.78800000,8.87600000,3386435.54900000
2026-03-08 09:00:00,8.87600000,9.01500000,8.83500000,8.90800000,4008117.45400000
2026-03-08 13:00:00,8.90800000,9.01900000,8.84200000,8.86400000,3262900.31200000
2026-03-08 17:00:00,8.86400000,8.97700000,8.80700000,8.95600000,2216874.72700000
2026-03-08 21:00:00,8.95600000,8.98800000,8.67800000,8.80900000,4679022.08800000
2026-03-09 01:00:00,8.80900000,9.09100000,8.80600000,8.96900000,3661685.34800000
2026-03-09 05:00:00,8.96900000,9.28900000,8.96800000,9.08200000,4293088.41000000
2026-03-09 09:00:00,9.08200000,9.17100000,9.01000000,9.07900000,2681746.66200000
2026-03-09 13:00:00,9.07900000,9.32600000,9.07600000,9.27400000,3944589.80300000
2026-03-09 17:00:00,9.27400000,9.52500000,9.20700000,9.38500000,5024221.35300000
2026-03-09 21:00:00,9.38500000,9.42900000,9.22600000,9.26100000,3594150.69800000
2026-03-10 01:00:00,9.26100000,9.50000000,9.24600000,9.32500000,4650666.34800000
2026-03-10 05:00:00,9.32500000,9.47600000,9.32500000,9.39700000,2760993.17000000
2026-03-10 09:00:00,9.39700000,9.59800000,9.39500000,9.49000000,4391857.89000000
2026-03-10 13:00:00,9.49000000,9.80300000,9.30700000,9.76400000,6012910.25500000
2026-03-10 17:00:00,9.76400000,9.95500000,9.54700000,9.59800000,5841409.97000000
2026-03-10 21:00:00,9.59800000,9.65700000,9.48700000,9.52800000,3141043.85000000
2026-03-11 01:00:00,9.52800000,9.59600000,9.47500000,9.54100000,3016769.42800000
2026-03-11 05:00:00,9.54100000,9.73600000,9.48200000,9.51200000,3541824.46500000
2026-03-11 09:00:00,9.51200000,9.61700000,9.48900000,9.55100000,1922825.86800000
2026-03-11 13:00:00,9.55100000,9.85700000,9.50000000,9.59600000,4874539.32500000
2026-03-11 17:00:00,9.59600000,9.75100000,9.56600000,9.69600000,2841019.93000000
2026-03-11 21:00:00,9.69600000,9.69800000,9.52800000,9.54900000,2833302.76600000
2026-03-12 01:00:00,9.54900000,9.55800000,9.43100000,9.48300000,2790518.00300000
2026-03-12 05:00:00,9.48300000,9.58200000,9.44500000,9.58100000,1445848.16900000
2026-03-12 09:00:00,9.58100000,9.64700000,9.50400000,9.56800000,2558217.67800000
2026-03-12 13:00:00,9.56800000,9.63700000,9.43600000,9.58100000,2746401.88500000
2026-03-12 17:00:00,9.58100000,9.61900000,9.52000000,9.59800000,2206997.89300000
2026-03-12 21:00:00,9.59800000,9.73800000,9.58200000,9.67200000,2096537.62800000
2026-03-13 01:00:00,9.67200000,10.00600000,9.64800000,9.95100000,4488748.80400000
2026-03-13 05:00:00,9.95100000,9.99700000,9.80800000,9.84700000,2878017.71700000
2026-03-13 09:00:00,9.84700000,10.04100000,9.80100000,10.00300000,2648016.23700000
2026-03-13 13:00:00,10.00300000,10.27900000,9.86600000,9.89200000,5435465.75500000
2026-03-13 17:00:00,9.89200000,9.92700000,9.71700000,9.76700000,3405143.35300000
2026-03-13 21:00:00,9.76700000,9.81700000,9.66200000,9.71500000,2248163.02200000
2026-03-14 01:00:00,9.71500000,9.75200000,9.62700000,9.73600000,2282161.01300000
2026-03-14 05:00:00,9.73600000,9.77400000,9.57200000,9.58900000,2217826.13100000
2026-03-14 09:00:00,9.58900000,9.60700000,9.51700000,9.56400000,1981871.04500000
2026-03-14 13:00:00,9.56400000,9.58200000,9.53700000,9.55700000,1831347.47900000
2026-03-14 17:00:00,9.55700000,9.59900000,9.54400000,9.56700000,1306731.50600000
2026-03-14 21:00:00,9.56700000,9.72600000,9.55700000,9.72300000,2059447.74700000
2026-03-15 01:00:00,9.72300000,9.79900000,9.65100000,9.71400000,2416199.99600000
2026-03-15 05:00:00,9.71400000,9.75000000,9.65900000,9.70700000,1166394.24700000
2026-03-15 09:00:00,9.70700000,9.86200000,9.70800000,9.79800000,1342750.77800000
2026-03-15 13:00:00,9.79800000,9.87800000,9.69800000,9.71100000,2327609.82800000
2026-03-15 17:00:00,9.71100000,9.79100000,9.66800000,9.75800000,2176493.23300000
2026-03-15 21:00:00,9.75800000,10.03900000,9.72900000,9.94500000,3225954.69000000
2026-03-16 01:00:00,9.94500000,10.40500000,9.87500000,10.26400000,4705017.74100000
2026-03-16 05:00:00,10.26400000,10.51700000,10.26300000,10.36500000,3653556.65000000
2026-03-16 09:00:00,10.36500000,10.44500000,10.17600000,10.20300000,3383972.10100000
2026-03-16 13:00:00,10.20300000,10.27000000,10.03100000,10.07100000,4384524.30100000
2026-03-16 17:00:00,10.07100000,10.33200000,10.06800000,10.27100000,2727984.07300000
2026-03-16 21:00:00,10.27100000,10.51400000,10.25700000,10.48200000,3400017.79200000
2026-03-17 01:00:00,10.48200000,10.54200000,10.27200000,10.34500000,3370500.88800000
2026-03-17 05:00:00,10.34500000,10.39200000,10.23700000,10.30600000,2738071.34700000
2026-03-17 09:00:00,10.30600000,10.34900000,10.22800000,10.25600000,3065846.44700000
2026-03-17 13:00:00,10.25600000,10.33300000,10.20000000,10.25700000,3601185.63800000
2026-03-17 17:00:00,10.25700000,10.32200000,10.24100000,10.24500000,1737695.91200000
2026-03-17 21:00:00,10.24500000,10.33700000,10.16800000,10.18900000,2943597.93800000
2026-03-18 01:00:00,10.18900000,10.35600000,10.15500000,10.30600000,2599341.72900000
2026-03-18 05:00:00,10.30600000,10.32700000,10.21800000,10.24200000,2767068.30800000
2026-03-18 09:00:00,10.24200000,10.28300000,9.92400000,9.97300000,3565522.99000000
2026-03-18 13:00:00,9.97300000,9.97200000,9.48300000,9.55600000,5395734.95300000
2026-03-18 17:00:00,9.55600000,9.71200000,9.48500000,9.61000000,3693117.13500000
2026-03-18 21:00:00,9.61000000,9.73200000,9.53100000,9.67700000,2968939.01200000
2026-03-19 01:00:00,9.67700000,9.74200000,9.60700000,9.66000000,2760318.72200000
2026-03-19 05:00:00,9.66000000,9.66300000,9.43500000,9.51100000,2500262.37200000
2026-03-19 09:00:00,9.51100000,9.60700000,9.48100000,9.54100000,2187042.56000000
2026-03-19 13:00:00,9.54100000,9.54200000,9.33100000,9.40600000,3219200.40400000
2026-03-19 17:00:00,9.40600000,9.57400000,9.33300000,9.49900000,2233965.15000000
2026-03-19 21:00:00,9.49900000,9.54200000,9.41300000,9.46600000,2162692.00300000
2026-03-20 01:00:00,9.46600000,9.59100000,9.45400000,9.55400000,2270052.79500000
2026-03-20 05:00:00,9.55400000,9.59900000,9.44800000,9.52600000,1916348.08700000
2026-03-20 09:00:00,9.52600000,9.61100000,9.48100000,9.51200000,1715925.60200000
2026-03-20 13:00:00,9.51200000,9.54100000,9.41700000,9.47900000,2599019.07800000
2026-03-20 17:00:00,9.47900000,9.53200000,9.41000000,9.52200000,2161553.14200000
2026-03-20 21:00:00,9.52200000,9.64300000,9.44600000,9.56700000,2322217.20400000
2026-03-21 01:00:00,9.56700000,9.60700000,9.53100000,9.58200000,1809953.12900000
2026-03-21 05:00:00,9.58200000,9.63100000,9.55200000,9.58100000,661393.37400000
2026-03-21 09:00:00,9.58100000,9.59100000,9.49200000,9.50100000,1119058.05600000
2026-03-21 13:00:00,9.50100000,9.54400000,9.45600000,9.53500000,1129083.85600000
2026-03-21 17:00:00,9.53500000,9.56300000,9.47100000,9.48700000,1010405.31700000
2026-03-21 21:00:00,9.48700000,9.52800000,9.15100000,9.21000000,2043374.22600000
2026-03-22 01:00:00,9.21000000,9.35100000,9.04300000,9.27400000,3301660.62600000
2026-03-22 05:00:00,9.27400000,9.31200000,9.18800000,9.18900000,2386837.85600000
2026-03-22 09:00:00,9.18900000,9.18900000,9.05400000,9.05600000,2754388.95800000
2026-03-22 13:00:00,9.05600000,9.13900000,9.05400000,9.09200000,2698935.36300000
2026-03-22 17:00:00,9.09200000,9.10500000,8.94500000,8.97200000,3134098.42600000
2026-03-22 21:00:00,8.97200000,9.08800000,8.87000000,9.01800000,2701970.72400000
2026-03-23 01:00:00,9.01800000,9.18700000,8.97900000,9.09900000,1888099.32600000
2026-03-23 05:00:00,9.09900000,9.17700000,8.95300000,9.01700000,2713973.29900000
2026-03-23 09:00:00,9.01700000,9.58300000,8.91500000,9.38000000,5407748.26300000
2026-03-23 13:00:00,9.38000000,9.74800000,9.34100000,9.41900000,4516929.93700000
2026-03-23 17:00:00,9.41900000,9.56800000,9.35700000,9.45800000,2712273.40100000
2026-03-23 21:00:00,9.45800000,9.57800000,9.44200000,9.56100000,2629443.01000000
2026-03-24 01:00:00,9.56100000,9.59100000,9.45200000,9.57200000,2781489.63400000
2026-03-24 05:00:00,9.57200000,9.61200000,9.47000000,9.60000000,2615090.93900000
2026-03-24 09:00:00,9.60000000,9.62800000,9.50800000,9.54300000,2752827.58100000
2026-03-24 13:00:00,9.54300000,9.55700000,9.38700000,9.43800000,2669668.18700000
2026-03-24 17:00:00,9.43800000,9.46900000,9.35100000,9.38700000,2561807.61100000
2026-03-24 21:00:00,9.38700000,9.64100000,9.38100000,9.61900000,3475799.16700000
2026-03-25 01:00:00,9.61900000,9.65700000,9.55600000,9.61200000,2911299.35000000
2026-03-25 05:00:00,9.61200000,9.71100000,9.60200000,9.64800000,2697914.70600000
2026-03-25 09:00:00,9.64800000,9.77900000,9.62200000,9.73900000,3395467.67900000
2026-03-25 13:00:00,9.73900000,9.79200000,9.59100000,9.66200000,2437241.72400000
2026-03-25 17:00:00,9.66200000,9.75600000,9.63400000,9.67900000,2068382.36800000
2026-03-25 21:00:00,9.67900000,9.72200000,9.61000000,9.67600000,1407859.13800000
2026-03-26 01:00:00,9.67600000,9.68900000,9.53600000,9.56600000,1746898.34300000
2026-03-26 05:00:00,9.56600000,9.56800000,9.40300000,9.43400000,1684713.81500000
2026-03-26 09:00:00,9.43400000,9.44000000,9.22800000,9.23100000,2079307.04900000
2026-03-26 13:00:00,9.23100000,9.33000000,9.12300000,9.17700000,3230061.95600000
2026-03-26 17:00:00,9.17700000,9.20000000,8.98200000,9.00900000,3334438.98200000
2026-03-26 21:00:00,9.00900000,9.13900000,8.98900000,9.09600000,3151583.67900000
2026-03-27 01:00:00,9.09600000,9.14200000,9.06300000,9.07500000,2289479.38100000
2026-03-27 05:00:00,9.07500000,9.09100000,8.99100000,9.06200000,1959549.67500000
2026-03-27 09:00:00,9.06200000,9.07600000,8.65900000,8.74900000,3617887.26000000
2026-03-27 13:00:00,8.74900000,8.87900000,8.72300000,8.80300000,2880886.93600000
2026-03-27 17:00:00,8.80300000,8.81500000,8.66100000,8.76100000,2339199.60700000
2026-03-27 21:00:00,8.76100000,8.79900000,8.72100000,8.78500000,1857582.94300000
2026-03-28 01:00:00,8.78500000,8.78700000,8.69900000,8.73200000,1729135.86900000
2026-03-28 05:00:00,8.73200000,8.82900000,8.70600000,8.82600000,1688152.34800000
2026-03-28 09:00:00,8.82600000,8.84500000,8.77000000,8.81200000,1297598.39600000
2026-03-28 13:00:00,8.81200000,8.98200000,8.76400000,8.92800000,2636460.34500000
2026-03-28 17:00:00,8.92800000,8.94300000,8.85400000,8.87800000,1703443.03000000
2026-03-28 21:00:00,8.87800000,8.90500000,8.71900000,8.75400000,1619851.29000000
2026-03-29 01:00:00,8.75400000,8.81400000,8.72300000,8.79300000,1228401.01000000
2026-03-29 06:00:00,8.79300000,8.79900000,8.72300000,8.74300000,996520.11400000
2026-03-29 10:00:00,8.74300000,8.75100000,8.66300000,8.72200000,1343853.38400000
2026-03-29 14:00:00,8.72200000,8.72300000,8.61400000,8.65500000,2747772.12500000
2026-03-29 18:00:00,8.65500000,8.67800000,8.56000000,8.59900000,1867735.24600000
2026-03-29 22:00:00,8.59900000,8.67900000,8.36700000,8.59400000,3103534.26300000
2026-03-30 02:00:00,8.59400000,8.85400000,8.55700000,8.80000000,2933358.70400000
2026-03-30 06:00:00,8.80000000,8.92100000,8.80100000,8.91500000,2121901.25300000
2026-03-30 10:00:00,8.91500000,9.07800000,8.89000000,8.98300000,3505833.68200000
2026-03-30 14:00:00,8.98300000,9.03200000,8.86700000,8.94500000,2398388.06500000
2026-03-30 18:00:00,8.94500000,8.95600000,8.73400000,8.79900000,3520019.83100000
2026-03-30 22:00:00,8.79900000,8.87100000,8.75600000,8.80600000,1921770.74000000
2026-03-31 02:00:00,8.80600000,9.06900000,8.78800000,8.96800000,2942248.75300000
2026-03-31 06:00:00,8.96800000,8.99700000,8.88200000,8.91600000,1988693.02000000
2026-03-31 10:00:00,8.91600000,8.91900000,8.68900000,8.76200000,2350892.04700000
2026-03-31 14:00:00,8.76200000,8.95400000,8.73600000,8.73800000,2706551.09200000
2026-03-31 18:00:00,8.73800000,8.95600000,8.71000000,8.89800000,2544281.82600000
2026-03-31 22:00:00,8.89800000,8.95700000,8.84300000,8.90700000,2063122.19900000
2026-04-01 02:00:00,8.90700000,8.97700000,8.86500000,8.95500000,2320833.06400000
2026-04-01 06:00:00,8.95500000,9.47700000,8.94300000,9.34000000,4852109.20900000
2026-04-01 10:00:00,9.34000000,9.35500000,9.14800000,9.19700000,2565229.17700000
2026-04-01 14:00:00,9.19700000,9.30000000,9.13800000,9.21200000,2720757.99200000
2026-04-01 18:00:00,9.21200000,9.30200000,9.11800000,9.16100000,2337022.20400000
2026-04-01 22:00:00,9.16100000,9.21000000,9.08700000,9.12300000,1615249.64900000
2026-04-02 02:00:00,9.12300000,9.18500000,8.71700000,8.76500000,3988401.33200000
2026-04-02 06:00:00,8.76500000,8.77600000,8.65200000,8.73900000,3040215.63500000
2026-04-02 10:00:00,8.73900000,8.73900000,8.62900000,8.67600000,2159430.54500000
2026-04-02 14:00:00,8.67600000,8.84300000,8.61400000,8.73400000,2198676.07300000
2026-04-02 18:00:00,8.73400000,8.78300000,8.63200000,8.69900000,1969243.06300000
2026-04-02 22:00:00,8.69900000,8.75600000,8.66300000,8.74600000,2239928.32500000
2026-04-03 02:00:00,8.74600000,8.81600000,8.73200000,8.80100000,2151747.92300000
2026-04-03 06:00:00,8.80100000,8.94700000,8.77200000,8.89600000,2680166.12000000
2026-04-03 10:00:00,8.89600000,8.96800000,8.88200000,8.95400000,2245099.65700000
2026-04-03 14:00:00,8.95400000,9.05400000,8.92800000,9.01200000,3703296.09700000
2026-04-03 18:00:00,9.01200000,9.14400000,8.92700000,8.96600000,3096636.09200000
2026-04-03 22:00:00,8.96600000,8.98400000,8.87800000,8.91000000,1119855.35200000
2026-04-04 02:00:00,8.91000000,8.91800000,8.85500000,8.89200000,924535.66700000
2026-04-04 06:00:00,8.89200000,8.91100000,8.85500000,8.87100000,905561.79800000
2026-04-04 10:00:00,8.87100000,8.89800000,8.83800000,8.88800000,1384683.60200000
2026-04-04 14:00:00,8.88800000,8.96500000,8.83200000,8.94800000,1703510.77400000
2026-04-04 18:00:00,8.94800000,9.10800000,8.91700000,9.01400000,3054549.94400000
2026-04-04 22:00:00,9.01400000,9.03100000,8.96500000,8.98600000,1310350.75900000
2026-04-05 02:00:00,8.98600000,9.02300000,8.94100000,8.95100000,894712.81600000
2026-04-05 06:00:00,8.95100000,8.95900000,8.77700000,8.79800000,1810068.11400000
2026-04-05 10:00:00,8.79800000,8.85500000,8.78400000,8.81600000,2219448.98300000
2026-04-05 14:00:00,8.81600000,8.95500000,8.74200000,8.87300000,2587958.96200000
2026-04-05 18:00:00,8.87300000,8.88200000,8.80900000,8.84400000,1984460.87800000
2026-04-05 22:00:00,8.84400000,9.08300000,8.80900000,9.06500000,2418583.44000000
2026-04-06 02:00:00,9.06500000,9.66200000,9.06600000,9.44900000,7130637.89800000
2026-04-06 06:00:00,9.44900000,9.53600000,9.36900000,9.38500000,3478156.71600000
2026-04-06 10:00:00,9.38500000,9.50200000,9.37800000,9.44900000,2808657.49600000
2026-04-06 14:00:00,9.44900000,9.46300000,9.32200000,9.37900000,2791415.05600000
2026-04-06 18:00:00,9.37900000,9.39400000,9.27500000,9.31700000,2586949.45700000
2026-04-06 22:00:00,9.31700000,9.35000000,8.79700000,8.89400000,4692012.41600000
2026-04-07 02:00:00,8.89400000,8.91100000,8.62700000,8.67800000,4592940.22000000
2026-04-07 06:00:00,8.67800000,8.72400000,8.46100000,8.64000000,4614048.60900000
2026-04-07 10:00:00,8.64000000,8.72600000,8.57400000,8.60900000,3140993.45600000
2026-04-07 14:00:00,8.60900000,8.67700000,8.52300000,8.58100000,4035048.16400000
2026-04-07 18:00:00,8.58100000,8.81300000,8.55400000,8.79300000,3802258.37500000
2026-04-07 22:00:00,8.79300000,9.61900000,8.73700000,9.42800000,7558774.44400000
2026-04-08 02:00:00,9.42800000,9.52500000,9.32600000,9.43700000,4028705.03200000
2026-04-08 06:00:00,9.43700000,9.56100000,9.36900000,9.39400000,4111119.44900000
2026-04-08 10:00:00,9.39400000,9.40400000,9.28200000,9.30800000,2942143.75400000
2026-04-08 14:00:00,9.30800000,9.43700000,9.14700000,9.21700000,4440484.85000000
2026-04-08 18:00:00,9.21700000,9.29100000,9.11600000,9.18900000,2859501.19800000
2026-04-08 22:00:00,9.18900000,9.21400000,9.03400000,9.04900000,5866056.46400000
2026-04-09 02:00:00,9.04900000,9.05300000,8.90900000,9.02200000,3630767.18500000
2026-04-09 06:00:00,9.02200000,9.08400000,8.99900000,9.07700000,2516015.44100000
2026-04-09 10:00:00,9.07700000,9.16000000,9.04400000,9.08100000,3949588.41500000
2026-04-09 14:00:00,9.08100000,9.36400000,9.04700000,9.33400000,3570346.38600000
2026-04-09 18:00:00,9.33400000,9.38700000,9.24200000,9.29800000,3620288.11600000
2026-04-09 22:00:00,9.29800000,9.69800000,9.27900000,9.36100000,4976994.72200000
2026-04-10 02:00:00,9.36100000,9.40700000,9.26600000,9.30400000,3164565.85200000
2026-04-10 06:00:00,9.30400000,9.41500000,9.26200000,9.26900000,2012786.57700000
2026-04-10 10:00:00,9.26900000,9.33400000,9.24200000,9.29900000,1985241.61200000
2026-04-10 14:00:00,9.29900000,9.50600000,9.28900000,9.42000000,3611570.01100000
2026-04-10 18:00:00,9.42000000,9.54900000,9.34800000,9.52300000,3453654.89900000
2026-04-10 22:00:00,9.52300000,9.55200000,9.37400000,9.39100000,2241221.67300000
2026-04-11 02:00:00,9.39100000,9.39700000,9.30500000,9.32000000,1602269.94800000
2026-04-11 06:00:00,9.32000000,9.34400000,9.22900000,9.28000000,2504401.63100000
2026-04-11 10:00:00,9.28000000,9.30900000,9.24800000,9.27500000,1568428.59300000
2026-04-11 14:00:00,9.27500000,9.33400000,9.18700000,9.32500000,2252746.55500000
2026-04-11 18:00:00,9.32500000,9.60500000,9.32700000,9.57900000,3420941.02300000
2026-04-11 22:00:00,9.57900000,9.60900000,9.32900000,9.37000000,2554877.63600000
2026-04-12 02:00:00,9.37000000,9.38600000,9.02200000,9.07700000,3079299.34100000
2026-04-12 06:00:00,9.07700000,9.08800000,8.99200000,9.01600000,2514398.69100000
2026-04-12 10:00:00,9.01600000,9.04500000,8.97400000,9.02400000,2147115.67900000
2026-04-12 14:00:00,9.02400000,9.05500000,8.92500000,8.95700000,2545412.07400000
2026-04-12 18:00:00,8.95700000,9.15600000,8.94900000,9.08000000,2765194.63900000
2026-04-12 22:00:00,9.08000000,9.16800000,8.99900000,9.02500000,2193044.10100000
2026-04-13 02:00:00,9.02500000,9.16500000,9.01000000,9.06700000,1719769.09200000
2026-04-13 06:00:00,9.06700000,9.18900000,9.01000000,9.06100000,2221341.50100000
2026-04-13 10:00:00,9.06100000,9.08300000,8.96400000,9.05700000,1862889.84500000
2026-04-13 14:00:00,9.05700000,9.32300000,9.03400000,9.20300000,3486118.94900000
2026-04-13 18:00:00,9.20300000,9.41600000,9.14600000,9.40500000,3189509.40000000
2026-04-13 22:00:00,9.40500000,9.70700000,9.24400000,9.65900000,4710793.88400000
2026-04-14 02:00:00,9.65900000,9.70300000,9.42700000,9.44800000,2454680.64000000
2026-04-14 06:00:00,9.44800000,9.46700000,9.36700000,9.40900000,1575662.87500000
2026-04-14 10:00:00,9.40900000,9.44800000,9.37300000,9.38200000,1863240.64400000
2026-04-14 14:00:00,9.38200000,9.52900000,9.27400000,9.42400000,3653210.91800000
2026-04-14 18:00:00,9.42400000,9.48600000,9.20600000,9.34500000,3160026.91400000
2026-04-14 22:00:00,9.34500000,9.38100000,9.26900000,9.29700000,2177979.25500000
2026-04-15 02:00:00,9.29700000,9.38300000,9.27900000,9.34200000,1847310.87400000
2026-04-15 06:00:00,9.34200000,9.45500000,9.25600000,9.26500000,2729404.79300000
2026-04-15 10:00:00,9.26500000,9.44900000,9.25600000,9.41900000,1768004.34200000
2026-04-15 14:00:00,9.41900000,9.46000000,9.32400000,9.36400000,2250449.43700000
2026-04-15 18:00:00,9.36400000,9.56300000,9.34900000,9.52500000,2421258.99200000
2026-04-15 22:00:00,9.52500000,9.55500000,9.38400000,9.43000000,2306151.17200000
2026-04-16 02:00:00,9.43000000,9.51000000,9.34000000,9.48100000,1905084.11600000
2026-04-16 06:00:00,9.48100000,9.61700000,9.45400000,9.50900000,2405002.11400000
2026-04-16 10:00:00,9.50900000,9.51300000,9.33900000,9.46000000,2286612.83400000
2026-04-16 14:00:00,9.46000000,9.61100000,9.25900000,9.58200000,4296548.71700000
2026-04-16 18:00:00,9.58200000,9.86500000,9.40400000,9.85000000,5171595.62000000
2026-04-16 22:00:00,9.85000000,9.88200000,9.64300000,9.72400000,2578136.19000000
2026-04-17 02:00:00,9.72400000,9.74700000,9.53900000,9.55500000,2164648.44800000
2026-04-17 06:00:00,9.55500000,9.62200000,9.44200000,9.62000000,2486063.47700000
2026-04-17 10:00:00,9.62000000,9.71500000,9.49800000,9.65000000,3220742.04800000
2026-04-17 14:00:00,9.65000000,10.00500000,9.60700000,9.80700000,4377201.29600000
2026-04-17 18:00:00,9.80700000,9.94800000,9.73600000,9.78700000,3662459.48600000
2026-04-17 22:00:00,9.78700000,9.83900000,9.68400000,9.71500000,2164587.03700000
2026-04-18 02:00:00,9.71500000,9.77900000,9.62500000,9.64100000,1851690.55700000
2026-04-18 06:00:00,9.64100000,9.72900000,9.61700000,9.69900000,2168103.91500000
2026-04-18 10:00:00,9.69900000,9.70200000,9.34100000,9.38600000,3555059.31400000
2026-04-18 14:00:00,9.38600000,9.44100000,9.32700000,9.39900000,2751329.25100000
2026-04-18 18:00:00,9.39900000,9.43300000,9.29400000,9.37300000,2330361.82300000
2026-04-18 22:00:00,9.37300000,9.40900000,9.31900000,9.32700000,2813551.69100000
2026-04-19 02:00:00,9.32700000,9.33200000,9.20400000,9.29000000,2417123.94000000
2026-04-19 06:00:00,9.29000000,9.31900000,9.12100000,9.20400000,2625076.45400000
2026-04-19 10:00:00,9.20400000,9.26900000,9.14600000,9.23700000,2939341.86500000
2026-04-19 14:00:00,9.23700000,9.35400000,9.19700000,9.27600000,2271510.96700000
2026-04-19 18:00:00,9.27600000,9.29100000,9.12700000,9.18600000,1813781.75500000
2026-04-19 22:00:00,9.18600000,9.18600000,8.96100000,8.99800000,2768623.95100000
2026-04-20 02:00:00,8.99800000,9.16400000,8.97900000,9.15500000,2085534.94900000
2026-04-20 06:00:00,9.15500000,9.31800000,9.04600000,9.21300000,2396938.49300000
2026-04-20 10:00:00,9.21300000,9.27200000,9.15100000,9.20800000,1969171.14300000
2026-04-20 14:00:00,9.20800000,9.29400000,9.14500000,9.22400000,3012108.92100000
2026-04-20 18:00:00,9.22400000,9.35200000,9.16300000,9.31500000,2364286.05300000
2026-04-20 22:00:00,9.31500000,9.43200000,9.25800000,9.27000000,2676783.36200000
2026-04-21 02:00:00,9.27000000,9.36000000,9.24500000,9.27900000,892280.37300000
2026-04-21 06:00:00,9.27900000,9.37700000,9.25700000,9.33700000,1364524.84200000
2026-04-21 10:00:00,9.33700000,9.52900000,9.32700000,9.43700000,2197875.16300000
2026-04-21 14:00:00,9.43700000,9.46200000,9.31800000,9.38400000,2881103.95300000
2026-04-21 18:00:00,9.38400000,9.43500000,9.16500000,9.19900000,2676013.53600000
2026-04-21 22:00:00,9.19900000,9.39800000,9.19200000,9.38800000,1303716.04800000
2026-04-22 02:00:00,9.38800000,9.60600000,9.36200000,9.55700000,2758856.15600000
2026-04-22 06:00:00,9.55700000,9.67300000,9.52900000,9.56900000,2448619.06500000
2026-04-22 10:00:00,9.56900000,9.64400000,9.53600000,9.56800000,1802584.40300000
2026-04-22 14:00:00,9.56800000,9.58500000,9.48600000,9.54200000,2068092.27100000
2026-04-22 18:00:00,9.54200000,9.56800000,9.42800000,9.47200000,1852157.00300000
2026-04-22 22:00:00,9.47200000,9.48300000,9.32200000,9.33100000,1067437.68200000
2026-04-23 02:00:00,9.33100000,9.34900000,9.20700000,9.26600000,2373653.79700000
2026-04-23 06:00:00,9.26600000,9.34100000,9.24400000,9.28300000,2784326.32300000
2026-04-23 10:00:00,9.28300000,9.29300000,9.18600000,9.26800000,1965292.09700000
2026-04-23 14:00:00,9.26800000,9.44700000,9.24000000,9.39300000,2113019.74600000
2026-04-23 18:00:00,9.39300000,9.40600000,9.15700000,9.26600000,2041515.37000000
2026-04-23 22:00:00,9.26600000,9.40000000,9.26200000,9.37600000,892480.37000000
2026-04-24 02:00:00,9.37600000,9.43600000,9.27700000,9.32200000,1295052.64500000
2026-04-24 06:00:00,9.32200000,9.39900000,9.29200000,9.36600000,1520006.56700000
2026-04-24 10:00:00,9.36600000,9.46500000,9.32200000,9.43600000,1465478.23600000
2026-04-24 14:00:00,9.43600000,9.46400000,9.33900000,9.45700000,1807778.42300000
2026-04-24 18:00:00,9.45700000,9.47500000,9.38200000,9.43100000,1466083.41300000
2026-04-24 22:00:00,9.43100000,9.47200000,9.36700000,9.39600000,1182814.60200000
2026-04-25 02:00:00,9.39600000,9.45200000,9.37700000,9.43800000,841380.24200000
2026-04-25 06:00:00,9.43800000,9.49500000,9.38500000,9.44500000,995119.36800000
2026-04-25 10:00:00,9.44500000,9.48800000,9.37500000,9.40000000,788348.84100000
2026-04-25 14:00:00,9.40000000,9.42900000,9.32300000,9.34000000,815499.70000000
2026-04-25 18:00:00,9.34000000,9.35900000,9.27800000,9.29900000,1066870.60400000
2026-04-25 22:00:00,9.29900000,9.36400000,9.28500000,9.35800000,637659.24600000
2026-04-26 02:00:00,9.35800000,9.36200000,9.30900000,9.33600000,644973.31000000
2026-04-26 06:00:00,9.33600000,9.43500000,9.32100000,9.43200000,865149.03800000
2026-04-26 10:00:00,9.43200000,9.52300000,9.40100000,9.47900000,935095.72600000
2026-04-26 14:00:00,9.47900000,9.49800000,9.40300000,9.48100000,971367.91100000
2026-04-26 18:00:00,9.48100000,9.54000000,9.39500000,9.47100000,1767953.44400000
2026-04-26 22:00:00,9.47100000,9.50600000,9.38000000,9.45100000,1307584.00600000
2026-04-27 02:00:00,9.45100000,9.55900000,9.41500000,9.50500000,1224858.77100000
2026-04-27 06:00:00,9.50500000,9.52600000,9.20500000,9.22600000,2431171.47800000
2026-04-27 10:00:00,9.22600000,9.27200000,9.21300000,9.25900000,902546.68900000
2026-04-27 14:00:00,9.25900000,9.31000000,9.07700000,9.13200000,2194621.19900000
2026-04-27 18:00:00,9.13200000,9.19800000,9.10000000,9.16700000,1870515.34600000
2026-04-27 22:00:00,9.16700000,9.27700000,9.15700000,9.26300000,1129682.16900000
2026-04-28 02:00:00,9.26300000,9.26900000,9.18700000,9.21700000,858477.29000000
2026-04-28 06:00:00,9.21700000,9.25700000,9.13400000,9.17300000,1329587.93600000
2026-04-28 10:00:00,9.17300000,9.21900000,9.12000000,9.15100000,1458260.75900000
2026-04-28 14:00:00,9.15100000,9.22100000,9.10900000,9.16100000,1490552.40400000
2026-04-28 18:00:00,9.16100000,9.19300000,9.12400000,9.17800000,899555.73700000
2026-04-28 22:00:00,9.17800000,9.19900000,9.14800000,9.17100000,583500.35900000
2026-04-29 02:00:00,9.17100000,9.25800000,9.13700000,9.25400000,895659.85800000
2026-04-29 06:00:00,9.25400000,9.35300000,9.23800000,9.29300000,1331159.29700000
2026-04-29 10:00:00,9.29300000,9.44100000,9.24900000,9.34500000,1910383.19300000
2026-04-29 14:00:00,9.34500000,9.34800000,9.08100000,9.10900000,2463639.16700000
2026-04-29 18:00:00,9.10900000,9.19200000,8.91100000,9.04900000,2890762.70600000
2026-04-29 22:00:00,9.04900000,9.15500000,9.04300000,9.11900000,1426574.69000000
2026-04-30 02:00:00,9.11900000,9.22300000,9.08600000,9.15900000,1731533.88200000
2026-04-30 06:00:00,9.15900000,9.16000000,9.04500000,9.14800000,1626165.45300000
2026-04-30 10:00:00,9.14800000,9.22100000,9.11200000,9.13800000,1316474.20300000
2026-04-30 14:00:00,9.13800000,9.17300000,9.07700000,9.13200000,1268571.24100000
2026-04-30 18:00:00,9.13200000,9.13900000,9.07500000,9.09900000,739392.15100000
2026-04-30 22:00:00,9.09900000,9.11100000,9.05800000,9.09000000,633710.06100000
2026-05-01 02:00:00,9.09000000,9.20200000,9.08700000,9.15000000,870298.17600000
2026-05-01 06:00:00,9.15000000,9.17300000,9.06000000,9.09800000,893271.18700000
2026-05-01 10:00:00,9.09800000,9.14100000,9.06200000,9.12300000,783458.68100000
2026-05-01 14:00:00,9.12300000,9.26700000,9.11200000,9.19300000,1993447.76100000
2026-05-01 18:00:00,9.19300000,9.21500000,9.13100000,9.14900000,1029724.47700000
2026-05-01 22:00:00,9.14900000,9.15400000,9.05600000,9.08300000,1134147.48400000
2026-05-02 02:00:00,9.08300000,9.13600000,9.06900000,9.12100000,857733.83700000
2026-05-02 06:00:00,9.12100000,9.12500000,9.06000000,9.09000000,755949.61600000
2026-05-02 10:00:00,9.09000000,9.12100000,9.06900000,9.08100000,820631.39600000
2026-05-02 14:00:00,9.08100000,9.15400000,9.07500000,9.15100000,946186.21400000
2026-05-02 18:00:00,9.15100000,9.17000000,9.09700000,9.16300000,972600.05100000
2026-05-02 22:00:00,9.16300000,9.24500000,9.15500000,9.18200000,1089486.39000000
2026-05-03 02:00:00,9.18200000,9.19300000,9.01700000,9.03400000,1337292.69600000
2026-05-03 06:00:00,9.03400000,9.07300000,8.99500000,9.04800000,978309.66400000
2026-05-03 10:00:00,9.04800000,9.10400000,8.96500000,9.07300000,1546683.55500000
2026-05-03 14:00:00,9.07300000,9.12500000,9.05100000,9.10400000,1035987.94000000
2026-05-03 18:00:00,9.10400000,9.13700000,9.06000000,9.12300000,611812.85300000
2026-05-03 22:00:00,9.12300000,9.19400000,9.04500000,9.08000000,1842315.30600000
2026-05-04 02:00:00,9.08000000,9.33400000,8.98700000,9.29200000,2641677.42000000
2026-05-04 06:00:00,9.29200000,9.37600000,9.21200000,9.23000000,1526059.68100000
2026-05-04 10:00:00,9.23000000,9.31100000,9.02700000,9.13700000,3407501.07400000
2026-05-04 14:00:00,9.13700000,9.27400000,9.05800000,9.13800000,2123108.24300000
2026-05-04 18:00:00,9.13800000,9.29800000,9.08700000,9.23400000,1805160.46700000
2026-05-04 22:00:00,9.23400000,9.25100000,9.13100000,9.16900000,1188925.43500000
2026-05-05 02:00:00,9.16900000,9.30900000,9.16800000,9.28200000,993136.35700000
2026-05-05 06:00:00,9.28200000,9.37500000,9.25400000,9.33700000,1100226.08900000
2026-05-05 10:00:00,9.33700000,9.42900000,9.31500000,9.39500000,1374561.58200000
2026-05-05 14:00:00,9.39500000,9.52300000,9.37600000,9.40500000,2325026.57400000
2026-05-05 18:00:00,9.40500000,9.42200000,9.33100000,9.40400000,2098965.00200000
2026-05-05 22:00:00,9.40400000,9.49000000,9.36700000,9.39900000,1435130.85600000
2026-05-06 02:00:00,9.39900000,9.57800000,9.35900000,9.56700000,1854446.69800000
2026-05-06 06:00:00,9.56700000,9.58900000,9.48900000,9.55800000,1325391.19100000
2026-05-06 10:00:00,9.55800000,9.75400000,9.55500000,9.74400000,3130458.01400000
2026-05-06 14:00:00,9.74400000,9.77500000,9.45500000,9.61200000,2926062.29300000
2026-05-06 18:00:00,9.61200000,9.66200000,9.55500000,9.60400000,1196883.58900000
2026-05-06 22:00:00,9.60400000,9.66200000,9.52200000,9.60900000,914264.97900000
2026-05-07 02:00:00,9.60900000,9.62600000,9.44800000,9.46400000,1303268.57100000
2026-05-07 06:00:00,9.46400000,9.69800000,9.45600000,9.67900000,1186836.05200000
2026-05-07 10:00:00,9.67900000,9.68300000,9.51800000,9.57300000,1074421.02700000
2026-05-07 14:00:00,9.57300000,9.64600000,9.36400000,9.41000000,2266241.22700000
2026-05-07 18:00:00,9.41000000,9.53900000,9.39500000,9.47100000,1802924.10000000
2026-05-07 22:00:00,9.47100000,9.52900000,9.40600000,9.49700000,1213358.72500000
2026-05-08 02:00:00,9.49700000,9.53100000,9.42300000,9.47900000,908724.15500000
2026-05-08 06:00:00,9.47900000,9.52500000,9.43900000,9.51400000,802593.14000000
2026-05-08 10:00:00,9.51400000,9.62300000,9.51000000,9.58700000,1276422.84000000
2026-05-08 14:00:00,9.58700000,9.78000000,9.49800000,9.77800000,2663783.42900000
2026-05-08 18:00:00,9.77800000,9.95600000,9.70400000,9.90900000,3026634.92100000
2026-05-08 22:00:00,9.90900000,10.01800000,9.86200000,9.90300000,1702356.85000000
2026-05-09 02:00:00,9.90300000,10.11700000,9.89200000,9.97900000,1630654.48800000
2026-05-09 06:00:00,9.97900000,10.03200000,9.92800000,9.93900000,983648.21500000
2026-05-09 10:00:00,9.93900000,9.99100000,9.85500000,9.92900000,1164917.11000000
2026-05-09 14:00:00,9.92900000,9.97200000,9.79300000,9.83200000,2130360.31000000
2026-05-09 18:00:00,9.83200000,9.99100000,9.80800000,9.98500000,1217007.42600000
2026-05-09 22:00:00,9.98500000,10.00400000,9.92900000,9.95700000,689297.29500000
2026-05-10 02:00:00,9.95700000,9.98800000,9.84800000,9.90200000,1272040.40800000
2026-05-10 06:00:00,9.90200000,10.00900000,9.89200000,9.92400000,857706.51400000
2026-05-10 10:00:00,9.92400000,10.06700000,9.91000000,9.97700000,1695570.16300000
2026-05-10 14:00:00,9.97700000,10.15800000,9.94400000,10.14800000,1607364.27600000
2026-05-10 18:00:00,10.14800000,10.48300000,10.13600000,10.41400000,3502486.79400000
2026-05-10 22:00:00,10.41400000,10.46400000,9.94700000,10.22100000,3963093.04100000
2026-05-11 02:00:00,10.22100000,10.25300000,9.96700000,10.02700000,2104665.83300000
2026-05-11 06:00:00,10.02700000,10.13900000,9.97400000,10.09000000,1603994.13500000
2026-05-11 10:00:00,10.09000000,10.19900000,10.02100000,10.11700000,1474179.63000000
2026-05-11 14:00:00,10.11700000,10.24500000,9.99600000,10.22900000,2593701.20100000
2026-05-11 18:00:00,10.22900000,10.26800000,10.13600000,10.20200000,1340721.16700000
2026-05-11 22:00:00,10.20200000,10.22800000,10.10800000,10.12900000,1017901.16100000
2026-05-12 02:00:00,10.12900000,10.16200000,9.97400000,10.00600000,1484629.02600000
2026-05-12 06:00:00,10.00600000,10.06900000,9.93500000,10.00800000,1146418.39600000
2026-05-12 10:00:00,10.00800000,10.01600000,9.80800000,9.85900000,1879018.20900000
2026-05-12 14:00:00,9.85900000,9.92200000,9.66900000,9.73100000,3148264.78800000
2026-05-12 18:00:00,9.73100000,9.87900000,9.67700000,9.86200000,1599713.29600000
2026-05-12 22:00:00,9.86200000,9.89900000,9.82800000,9.83100000,937088.27200000
2026-05-13 02:00:00,9.83100000,10.04000000,9.81800000,10.02800000,1325085.07400000
2026-05-13 06:00:00,10.02800000,10.05800000,9.96000000,10.00100000,1044056.09800000
2026-05-13 10:00:00,10.00100000,10.15200000,9.92600000,9.94600000,1796325.79600000
2026-05-13 14:00:00,9.94600000,9.97700000,9.61600000,9.63400000,3514625.25600000
2026-05-13 18:00:00,9.63400000,9.81300000,9.63000000,9.72600000,1468891.41700000
2026-05-13 22:00:00,9.72600000,9.78900000,9.68600000,9.75000000,1310673.37500000
2026-05-14 02:00:00,9.75000000,9.80900000,9.62600000,9.64700000,1094413.27500000
2026-05-14 06:00:00,9.64700000,9.79500000,9.63400000,9.70100000,1317128.28600000
2026-05-14 10:00:00,9.70100000,9.72800000,9.63100000,9.66500000,1030742.22600000
2026-05-14 14:00:00,9.66500000,10.06800000,9.65700000,10.05600000,3232020.86800000
2026-05-14 18:00:00,10.05600000,10.13300000,9.92900000,10.01100000,2892692.70400000
2026-05-14 22:00:00,10.01100000,10.02300000,9.88500000,9.90100000,1757054.32500000
2026-05-15 02:00:00,9.90100000,9.95700000,9.81700000,9.87500000,1725802.15800000
2026-05-15 06:00:00,9.87500000,9.87700000,9.67500000,9.81100000,1779950.82900000
2026-05-15 10:00:00,9.81100000,9.82400000,9.72300000,9.77200000,1100435.14700000
2026-05-15 14:00:00,9.77200000,9.78100000,9.40200000,9.47900000,3869001.92100000
2026-05-15 18:00:00,9.47900000,9.60700000,9.46500000,9.53700000,1218455.16000000
2026-05-15 22:00:00,9.53700000,9.55800000,9.49900000,9.53300000,831880.14800000
2026-05-16 02:00:00,9.53300000,9.56700000,9.51400000,9.53000000,620303.69800000
2026-05-16 06:00:00,9.53000000,9.53200000,9.22200000,9.33700000,2354866.22600000
2026-05-16 10:00:00,9.33700000,9.37200000,9.18500000,9.24600000,1711281.48800000
2026-05-16 14:00:00,9.24600000,9.33600000,9.23500000,9.31100000,1518532.65600000
2026-05-16 18:00:00,9.31100000,9.36900000,9.30100000,9.31100000,1141069.72900000
2026-05-16 22:00:00,9.31100000,9.33200000,9.28400000,9.28600000,704501.57400000
2026-05-17 02:00:00,9.28600000,9.30200000,9.17500000,9.27100000,1397522.82900000
2026-05-17 06:00:00,9.27100000,9.35500000,9.26700000,9.31700000,1010603.16000000
2026-05-17 10:00:00,9.31700000,9.41200000,9.29100000,9.35700000,1030406.39100000
2026-05-17 14:00:00,9.35700000,9.38400000,9.25500000,9.28900000,807664.17700000
2026-05-17 22:00:00,9.28900000,9.33700000,8.94300000,9.19100000,3548186.45600000
2026-05-18 02:00:00,9.19100000,9.23700000,9.10500000,9.19000000,1562837.62400000
2026-05-18 06:00:00,9.19000000,9.22300000,9.06400000,9.11200000,1279190.69600000
2026-05-18 10:00:00,9.11200000,9.20400000,9.04300000,9.15100000,1105960.51000000
2026-05-18 14:00:00,9.15100000,9.22600000,9.00700000,9.08800000,1942547.25800000
2026-05-18 18:00:00,9.08800000,9.19400000,9.01100000,9.17300000,1687249.23300000
2026-05-18 22:00:00,9.17300000,9.26500000,9.14500000,9.24500000,1134066.51700000
2026-05-19 02:00:00,9.24500000,9.31200000,9.19200000,9.23200000,1244481.18000000
2026-05-19 06:00:00,9.23200000,9.28900000,9.19300000,9.27100000,739970.30200000
2026-05-19 10:00:00,9.27100000,9.28400000,9.08100000,9.10000000,1174384.30000000
2026-05-19 14:00:00,9.10000000,9.15200000,9.01600000,9.09400000,1747236.95800000
2026-05-19 18:00:00,9.09400000,9.18100000,9.08100000,9.11300000,1087415.36900000
2026-05-19 22:00:00,9.11300000,9.14400000,9.05900000,9.10100000,710961.38100000
2026-05-20 02:00:00,9.10100000,9.13400000,9.05900000,9.11000000,740934.88700000
2026-05-20 06:00:00,9.11000000,9.24100000,9.09100000,9.20500000,949614.78900000
2026-05-20 10:00:00,9.20500000,9.26300000,9.17800000,9.19900000,912854.56000000
2026-05-20 14:00:00,9.19900000,9.35800000,9.14700000,9.33700000,2149714.58200000
2026-05-20 18:00:00,9.33700000,9.39500000,9.26700000,9.31200000,1499477.57100000
2026-05-20 22:00:00,9.31200000,9.33100000,9.21300000,9.29200000,1370970.97300000
2026-05-21 02:00:00,9.29200000,9.38800000,9.28700000,9.37900000,892401.48700000
2026-05-21 06:00:00,9.37900000,9.48000000,9.29800000,9.46600000,1573317.67600000
2026-05-21 10:00:00,9.46600000,9.51200000,9.27700000,9.29000000,1782397.90700000
2026-05-21 14:00:00,9.29000000,9.40100000,9.24300000,9.37300000,1914376.63800000
2026-05-21 18:00:00,9.37300000,9.51300000,9.30200000,9.48800000,2286163.59400000
2026-05-21 22:00:00,9.48800000,9.50000000,9.42300000,9.44700000,753375.36700000
2026-05-22 02:00:00,9.44700000,9.50100000,9.37800000,9.49700000,851476.37200000
2026-05-22 06:00:00,9.49700000,9.57100000,9.45300000,9.50500000,1398179.05900000
2026-05-22 10:00:00,9.50500000,9.55800000,9.45500000,9.52700000,1102720.63500000
2026-05-22 14:00:00,9.52700000,9.59900000,9.36700000,9.42700000,1903180.64900000
2026-05-22 18:00:00,9.42700000,9.46000000,9.14100000,9.21200000,2508410.92500000
2026-05-22 22:00:00,9.21200000,9.27900000,9.09100000,9.14700000,1177608.57000000
2026-05-23 02:00:00,9.14700000,9.20900000,9.10500000,9.19400000,912093.56100000
2026-05-23 06:00:00,9.19400000,9.19400000,8.84100000,8.91700000,1931022.74600000
2026-05-23 10:00:00,8.91700000,8.92400000,8.83500000,8.89300000,1499054.35700000
2026-05-23 14:00:00,8.89300000,9.16600000,8.87200000,9.13000000,1617108.86600000
2026-05-23 18:00:00,9.13000000,9.33100000,9.10400000,9.28100000,1737333.49200000
2026-05-23 22:00:00,9.28100000,9.58800000,9.26300000,9.38400000,2909272.83900000
2026-05-24 02:00:00,9.38400000,9.42400000,9.31400000,9.32600000,909192.79800000
2026-05-24 06:00:00,9.32600000,9.37100000,9.31700000,9.32300000,862060.96500000
2026-05-24 10:00:00,9.32300000,9.38100000,9.31100000,9.34600000,1008173.23300000
2026-05-24 14:00:00,9.34600000,9.34900000,9.13000000,9.23100000,1355116.86700000
2026-05-24 18:00:00,9.23100000,9.26800000,9.20700000,9.22800000,772066.32100000
2026-05-24 22:00:00,9.22800000,9.23600000,9.06100000,9.20700000,1594400.56300000
2026-05-25 02:00:00,9.20700000,9.23700000,9.14800000,9.16300000,802976.48400000
2026-05-25 06:00:00,9.16300000,9.35600000,9.15500000,9.33800000,1449787.01600000
2026-05-25 10:00:00,9.33800000,9.41900000,9.32100000,9.37100000,1196069.31200000
2026-05-25 14:00:00,9.37100000,9.50100000,9.35900000,9.42800000,1530025.28200000
2026-05-25 18:00:00,9.42800000,9.48100000,9.35900000,9.38300000,1202714.19600000
2026-05-25 22:00:00,9.38300000,9.39800000,9.26600000,9.30400000,1179233.54100000
2026-05-26 02:00:00,9.30400000,9.30800000,9.16200000,9.22100000,1217831.80200000
2026-05-26 06:00:00,9.22100000,9.33000000,9.20500000,9.26500000,920904.16800000
2026-05-26 10:00:00,9.26500000,9.46100000,9.25700000,9.37700000,1218577.75000000
2026-05-26 14:00:00,9.37700000,9.48800000,9.22800000,9.28500000,2475290.72600000
2026-05-26 18:00:00,9.28500000,9.28500000,9.11400000,9.16600000,1940354.36400000
2026-05-26 22:00:00,9.16600000,9.18400000,9.11400000,9.13500000,858007.84600000
2026-05-27 02:00:00,9.13500000,9.19400000,9.10600000,9.13800000,964872.28200000
2026-05-27 06:00:00,9.13800000,9.21100000,9.03900000,9.19400000,1036331.97400000
2026-05-27 10:00:00,9.19400000,9.22100000,9.11900000,9.14700000,788754.37100000
2026-05-27 14:00:00,9.14700000,9.28600000,9.07600000,9.23800000,2204529.42600000
2026-05-27 18:00:00,9.23800000,9.25200000,9.07200000,9.18600000,1464249.11600000
2026-05-27 22:00:00,9.18600000,9.21800000,8.99000000,9.03600000,1852108.73500000
2026-05-28 02:00:00,9.03600000,9.06600000,8.85300000,8.87300000,2092733.10800000
2026-05-28 06:00:00,8.87300000,8.87200000,8.70900000,8.84100000,2163614.37100000
2026-05-28 10:00:00,8.84100000,8.87900000,8.78700000,8.81300000,907016.35700000
2026-05-28 14:00:00,8.81300000,8.92100000,8.74000000,8.84400000,1938464.45400000
2026-05-28 18:00:00,8.84400000,9.06900000,8.80700000,8.91200000,1730843.13100000
2026-05-28 22:00:00,8.91200000,8.98900000,8.88500000,8.92300000,798080.92000000
2026-05-29 02:00:00,8.92300000,8.97100000,8.86200000,8.87800000,722635.60800000
2026-05-29 06:00:00,8.87800000,8.97700000,8.82700000,8.92500000,887398.25800000
2026-05-29 10:00:00,8.92500000,8.97300000,8.82900000,8.86900000,857440.14900000
2026-05-29 14:00:00,8.86900000,8.99900000,8.64900000,8.92100000,2801195.00300000
2026-05-29 18:00:00,8.92100000,8.98300000,8.76800000,8.83100000,1679354.01700000
2026-05-29 22:00:00,8.83100000,8.87600000,8.78500000,8.82300000,706813.67200000
2026-05-30 02:00:00,8.82300000,9.04500000,8.80800000,8.97000000,1246458.62100000
2026-05-30 06:00:00,8.97000000,8.99200000,8.81800000,8.91200000,1189139.32800000
2026-05-30 10:00:00,8.91200000,8.93800000,8.87900000,8.91600000,551825.82800000
2026-05-30 14:00:00,8.91600000,8.99000000,8.90200000,8.95900000,863451.28400000
2026-05-30 18:00:00,8.95900000,9.00500000,8.93600000,8.98500000,705127.96300000
2026-05-30 22:00:00,8.98500000,9.01200000,8.91200000,8.94000000,820742.83000000
2026-05-31 02:00:00,8.94000000,9.03700000,8.92900000,9.00700000,745019.33800000
2026-05-31 06:00:00,9.00700000,9.07900000,8.96700000,8.98600000,1046067.37700000
2026-05-31 10:00:00,8.98600000,9.03300000,8.95200000,9.01200000,628280.25100000
2026-05-31 14:00:00,9.01200000,9.04600000,8.85300000,8.87900000,1643692.33100000
2026-05-31 18:00:00,8.87900000,8.89400000,8.79100000,8.83300000,1221738.79100000
2026-05-31 22:00:00,8.83300000,9.02900000,8.83300000,8.98100000,1187128.00800000
2026-06-01 02:00:00,8.98100000,9.07100000,8.86200000,9.01600000,2040439.58200000
2026-06-01 06:00:00,9.01600000,9.04100000,8.77500000,8.78800000,1319480.18400000
2026-06-01 10:00:00,8.78800000,8.88900000,8.75500000,8.82800000,1608678.30600000
2026-06-01 14:00:00,8.82800000,8.87400000,8.67100000,8.72700000,3421720.65300000
2026-06-01 18:00:00,8.72700000,8.96600000,8.68200000,8.95500000,2013376.99200000
2026-06-01 22:00:00,8.95500000,8.98400000,8.82600000,8.93200000,1174426.81800000
2026-06-02 02:00:00,8.93200000,8.94100000,8.66800000,8.88100000,1870459.86300000
2026-06-02 06:00:00,8.88100000,8.89200000,8.65900000,8.71200000,1710650.97300000
2026-06-02 10:00:00,8.71200000,8.74000000,8.65500000,8.67800000,1111501.54100000
2026-06-02 14:00:00,8.67800000,8.71900000,8.26500000,8.36000000,3941911.40800000
2026-06-02 18:00:00,8.36000000,8.49800000,8.17000000,8.32600000,2006890.71300000
2026-06-02 22:00:00,8.32600000,8.38700000,8.02000000,8.17500000,2743887.77000000
2026-06-03 02:00:00,8.17500000,8.26200000,7.98900000,8.04600000,1398982.57700000
2026-06-03 06:00:00,8.04600000,8.34000000,8.04500000,8.31600000,1478922.16400000
2026-06-03 10:00:00,8.31600000,8.36800000,8.24300000,8.29800000,1133666.07400000
2026-06-03 14:00:00,8.29800000,8.33800000,8.17500000,8.18500000,1266949.16800000
2026-06-03 18:00:00,8.18500000,8.19500000,8.02300000,8.03900000,2071532.53700000
2026-06-03 22:00:00,8.03900000,8.18700000,7.90400000,8.04500000,1973192.96800000
2026-06-04 02:00:00,8.04500000,8.11300000,7.51100000,8.03200000,3636778.67000000
2026-06-04 06:00:00,8.03200000,8.07300000,7.81400000,7.82100000,1405808.00200000
2026-06-04 10:00:00,7.82100000,7.84500000,7.53800000,7.65700000,2047248.43500000
2026-06-04 14:00:00,7.65700000,7.85500000,7.61100000,7.75900000,1496672.42000000
2026-06-04 18:00:00,7.75900000,7.84300000,7.66800000,7.77500000,1050525.97600000
2026-06-04 22:00:00,7.77500000,7.77700000,7.56400000,7.70100000,1185106.48100000
2026-06-05 02:00:00,7.70100000,7.72000000,7.30600000,7.31300000,1876770.89700000
2026-06-05 06:00:00,7.31300000,7.50600000,6.99900000,7.30100000,3861828.05300000
2026-06-05 10:00:00,7.30100000,7.30200000,7.05900000,7.07300000,1682978.28400000
2026-06-05 14:00:00,7.07300000,7.21800000,6.84400000,6.89900000,3487530.40000000
2026-06-05 18:00:00,6.89900000,7.10600000,6.57900000,6.69300000,4425285.52200000
2026-06-05 22:00:00,6.69300000,7.00400000,6.60800000,6.72200000,2813250.86800000
2026-06-06 02:00:00,6.72200000,6.92900000,6.50800000,6.52100000,1864700.08900000
2026-06-06 06:00:00,6.52100000,6.71200000,6.21800000,6.67200000,3377537.86700000
2026-06-06 10:00:00,6.67200000,6.83200000,6.56500000,6.68000000,1580740.75400000
2026-06-06 14:00:00,6.68000000,6.82500000,6.59700000,6.68600000,1655541.22100000
2026-06-06 18:00:00,6.68600000,6.71100000,6.58900000,6.60200000,865441.46900000
2026-06-06 22:00:00,6.60200000,6.68400000,6.56200000,6.66000000,806035.74100000
2026-06-07 02:00:00,6.66000000,6.83700000,6.64700000,6.75200000,1125745.17500000
2026-06-07 06:00:00,6.75200000,6.83000000,6.68400000,6.82100000,1343582.01800000
2026-06-07 10:00:00,6.82100000,6.88200000,6.68900000,6.72300000,1356429.62700000
2026-06-07 14:00:00,6.72300000,6.77300000,6.58600000,6.70600000,1511858.07600000
2026-06-07 18:00:00,6.70600000,6.73900000,6.50400000,6.53500000,1238703.03100000
2026-06-07 22:00:00,6.53500000,6.95700000,6.51400000,6.81100000,2048625.58400000
2026-06-08 02:00:00,6.81100000,6.85900000,6.62900000,6.66500000,1172784.33900000
2026-06-08 06:00:00,6.66500000,6.70000000,6.53300000,6.69700000,1080725.37800000
2026-06-08 10:00:00,6.69700000,6.82100000,6.61800000,6.78000000,1092672.72300000
2026-06-08 14:00:00,6.78000000,6.87600000,6.69400000,6.80300000,1544631.53100000
2026-06-08 18:00:00,6.80300000,6.85900000,6.76400000,6.81700000,1126840.28200000
2026-06-08 22:00:00,6.81700000,6.87900000,6.74200000,6.76200000,900604.02700000
2026-06-09 02:00:00,6.76200000,6.77400000,6.58500000,6.66400000,1360031.32400000
2026-06-09 06:00:00,6.66400000,6.78900000,6.64100000,6.74500000,766824.29500000
2026-06-09 10:00:00,6.74500000,6.74700000,6.65500000,6.70500000,588296.06000000
2026-06-09 14:00:00,6.70500000,6.74400000,6.51600000,6.52000000,1391890.94400000
2026-06-09 18:00:00,6.52000000,6.67600000,6.43800000,6.65500000,1414009.13000000
2026-06-09 22:00:00,6.65500000,6.69500000,6.60500000,6.63600000,583612.56100000
2026-06-10 02:00:00,6.63600000,6.67500000,6.55100000,6.57700000,595092.69500000
2026-06-10 06:00:00,6.57700000,6.58900000,6.48300000,6.55700000,633649.29000000
2026-06-10 10:00:00,6.55700000,6.55900000,6.41400000,6.45700000,2000853.22600000
2026-06-10 14:00:00,6.45700000,6.66000000,6.43300000,6.57300000,2031808.12300000
2026-06-10 18:00:00,6.57300000,6.57700000,6.42700000,6.45700000,1231160.82200000
2026-06-10 22:00:00,6.45700000,6.47900000,6.29700000,6.37700000,1220373.52200000
2026-06-11 02:00:00,6.37700000,6.63100000,6.37600000,6.59300000,982373.49300000
2026-06-11 06:00:00,6.59300000,6.62600000,6.54300000,6.58800000,844133.24600000
2026-06-11 10:00:00,6.58800000,6.63900000,6.53600000,6.59400000,988863.35400000
2026-06-11 14:00:00,6.59400000,6.60800000,6.49600000,6.54000000,1389541.34200000
2026-06-11 18:00:00,6.54000000,6.70300000,6.47000000,6.66400000,1471688.41100000
2026-06-11 22:00:00,6.66400000,6.67400000,6.60300000,6.64300000,525799.27900000
2026-06-12 02:00:00,6.64300000,6.67200000,6.59600000,6.65400000,562630.48200000
2026-06-12 06:00:00,6.65400000,6.68700000,6.52300000,6.56400000,801815.70100000
2026-06-12 10:00:00,6.56400000,6.66300000,6.56200000,6.63200000,585373.55800000
2026-06-12 14:00:00,6.63200000,6.69500000,6.51500000,6.54900000,1579855.67600000
2026-06-12 18:00:00,6.54900000,6.64700000,6.51500000,6.58300000,699637.93700000
2026-06-12 22:00:00,6.58300000,6.60300000,6.53300000,6.56700000,372038.97200000
2026-06-13 02:00:00,6.56700000,6.63200000,6.55400000,6.59200000,358713.53100000
2026-06-13 06:00:00,6.59200000,6.68400000,6.56400000,6.66300000,589352.49300000
2026-06-13 10:00:00,6.66300000,6.67800000,6.62500000,6.67100000,405945.18500000
2026-06-13 14:00:00,6.67100000,6.75800000,6.65800000,6.74900000,739214.38400000
2026-06-13 18:00:00,6.74900000,6.76500000,6.67300000,6.70900000,687295.25700000
2026-06-13 22:00:00,6.70900000,6.77200000,6.69400000,6.71500000,331823.30400000
2026-06-14 02:00:00,6.71500000,6.73000000,6.68300000,6.71700000,349573.78700000
2026-06-14 06:00:00,6.71700000,6.72000000,6.63500000,6.65100000,417608.11900000
2026-06-14 10:00:00,6.65100000,6.67700000,6.61800000,6.64200000,403856.18800000
2026-06-14 14:00:00,6.64200000,6.64800000,6.49100000,6.52500000,990600.24600000
2026-06-14 18:00:00,6.52500000,6.54700000,6.37100000,6.42900000,1391710.86800000
2026-06-14 22:00:00,6.42900000,6.78800000,6.41100000,6.78700000,1618592.87800000
2026-06-15 02:00:00,6.78700000,6.80200000,6.69600000,6.76100000,880020.95600000
2026-06-15 06:00:00,6.76100000,6.80100000,6.73200000,6.75200000,623921.09200000
2026-06-15 10:00:00,6.75200000,6.94800000,6.73500000,6.90500000,1656726.07900000
2026-06-15 14:00:00,6.90500000,7.02900000,6.87100000,7.02900000,2184821.21700000
2026-06-15 18:00:00,7.02900000,7.07500000,6.87700000,6.89300000,1292762.90100000
2026-06-15 22:00:00,6.89300000,6.92100000,6.80100000,6.83400000,1030556.26300000
2026-06-16 02:00:00,6.83400000,6.86900000,6.73900000,6.83100000,853004.13700000
2026-06-16 06:00:00,6.83100000,6.92400000,6.75500000,6.91800000,804011.34500000
2026-06-16 10:00:00,6.91800000,7.04700000,6.90900000,6.94700000,944157.77100000
2026-06-16 14:00:00,6.94700000,6.99800000,6.70700000,6.78600000,2107553.56300000
2026-06-16 18:00:00,6.78600000,6.90700000,6.76200000,6.85900000,818864.57800000
2026-06-16 22:00:00,6.85900000,6.94700000,6.84200000,6.87500000,689469.02900000
2026-06-17 02:00:00,6.87500000,7.01700000,6.86600000,6.95200000,952272.38600000
2026-06-17 06:00:00,6.95200000,6.98200000,6.86400000,6.89400000,716394.92900000
2026-06-17 10:00:00,6.89400000,6.89900000,6.76800000,6.80200000,1075665.67500000
2026-06-17 14:00:00,6.80200000,6.96800000,6.76400000,6.96500000,1306943.74700000
2026-06-17 18:00:00,6.96500000,7.01600000,6.69600000,6.73000000,2888277.12100000
2026-06-17 22:00:00,6.73000000,6.78900000,6.64500000,6.76100000,1007169.19800000
2026-06-18 02:00:00,6.76100000,6.79900000,6.69600000,6.70600000,550701.91300000
2026-06-18 06:00:00,6.70600000,6.70800000,6.56800000,6.67200000,975999.95700000
2026-06-18 10:00:00,6.67200000,6.69100000,6.60200000,6.61600000,545361.78900000
2026-06-18 14:00:00,6.61600000,6.67400000,6.20700000,6.24000000,3667975.45900000
2026-06-18 18:00:00,6.24000000,6.36300000,6.22300000,6.35100000,1550341.34700000
2026-06-18 22:00:00,6.35100000,6.38100000,6.27000000,6.31400000,816191.71200000
2026-06-19 02:00:00,6.31400000,6.32000000,6.10700000,6.14500000,1471099.10400000
2026-06-19 06:00:00,6.14500000,6.14500000,5.96500000,5.98700000,2016465.59400000
2026-06-19 10:00:00,5.98700000,6.09700000,5.98300000,6.04200000,1250917.75100000
2026-06-19 14:00:00,6.04200000,6.19000000,6.03100000,6.11800000,2162773.46100000
2026-06-19 18:00:00,6.11800000,6.15300000,5.67600000,5.87100000,6446519.06300000
2026-06-19 22:00:00,5.87100000,5.97100000,5.79700000,5.89100000,2062416.39700000
2026-06-20 02:00:00,5.89100000,5.96900000,5.87600000,5.94400000,992542.16100000
2026-06-20 06:00:00,5.94400000,6.25700000,5.82500000,6.14600000,3440010.52800000
2026-06-20 10:00:00,6.14600000,6.21700000,6.09400000,6.15700000,1270002.41200000
2026-06-20 14:00:00,6.15700000,6.18500000,6.02700000,6.14600000,1858964.68400000
2026-06-20 18:00:00,6.14600000,6.14800000,6.06500000,6.11300000,790465.97800000
2026-06-20 22:00:00,6.11300000,6.25800000,6.10400000,6.23400000,1061199.73900000
2026-06-21 02:00:00,6.23400000,6.28600000,6.21200000,6.25800000,778618.86600000
2026-06-21 06:00:00,6.25800000,6.34300000,6.20200000,6.28300000,867934.47000000
2026-06-21 10:00:00,6.28300000,6.33800000,6.23100000,6.26200000,922277.43900000
2026-06-21 14:00:00,6.26200000,6.37100000,6.23500000,6.32700000,751853.76800000
2026-06-21 18:00:00,6.32700000,6.33200000,6.22300000,6.25900000,1098862.92300000
2026-06-21 22:00:00,6.25900000,6.26600000,6.09300000,6.10800000,1344449.90800000
2026-06-22 02:00:00,6.10800000,6.33000000,6.10900000,6.22600000,1275828.13200000
2026-06-22 06:00:00,6.22600000,6.31700000,6.19400000,6.28200000,1057213.84700000
2026-06-22 10:00:00,6.28200000,6.37500000,6.21700000,6.36100000,957219.24100000
2026-06-22 14:00:00,6.36100000,6.46600000,6.27900000,6.30200000,2116762.17700000
2026-06-22 18:00:00,6.30200000,6.33000000,6.23100000,6.26900000,1006670.26700000
2026-06-22 22:00:00,6.26900000,6.29400000,6.16000000,6.23500000,783560.27600000
2026-06-23 02:00:00,6.23500000,6.31100000,6.20700000,6.31100000,642357.76000000
2026-06-23 06:00:00,6.31100000,6.33100000,6.06600000,6.15300000,1684848.31000000
2026-06-23 10:00:00,6.15300000,6.25500000,6.01000000,6.25400000,1844004.92000000
2026-06-23 14:00:00,6.25400000,6.44900000,6.21200000,6.36700000,3182220.70700000
2026-06-23 18:00:00,6.36700000,6.40500000,6.26700000,6.33800000,1840012.54400000
2026-06-23 22:00:00,6.33800000,6.52200000,6.33600000,6.48000000,2254023.54900000
2026-06-24 02:00:00,6.48000000,6.53900000,6.40300000,6.41200000,1419755.34200000
2026-06-24 06:00:00,6.41200000,6.45400000,6.35600000,6.38800000,1615818.70800000
2026-06-24 10:00:00,6.38800000,6.49100000,6.36700000,6.44300000,1077148.61900000
2026-06-24 14:00:00,6.44300000,6.44500000,6.20200000,6.22900000,2616617.87300000
2026-06-24 18:00:00,6.22900000,6.30200000,5.99400000,6.13900000,2560034.90600000
2026-06-24 22:00:00,6.13900000,6.48700000,6.11600000,6.44200000,1455879.63100000
2026-06-25 02:00:00,6.44200000,6.47900000,6.38600000,6.40800000,659891.92100000
2026-06-25 06:00:00,6.40800000,6.63400000,6.38400000,6.52800000,1516285.66000000
2026-06-25 10:00:00,6.52800000,6.53000000,6.38100000,6.39800000,947390.37600000
2026-06-25 14:00:00,6.39800000,6.43900000,5.94800000,6.11400000,3207730.33600000
2026-06-25 18:00:00,6.11400000,6.25700000,6.04400000,6.10300000,1546898.65100000
2026-06-25 22:00:00,6.10300000,6.26400000,6.10500000,6.23000000,689249.81000000
2026-06-26 02:00:00,6.23000000,6.24300000,5.95800000,6.13900000,1138150.70800000
2026-06-26 06:00:00,6.13900000,6.33100000,6.07100000,6.30800000,1057987.36800000
2026-06-26 10:00:00,6.30800000,6.31900000,6.10100000,6.13100000,845166.33400000
2026-06-26 14:00:00,6.13100000,6.37400000,6.04100000,6.37100000,1703155.72600000
2026-06-26 18:00:00,6.37100000,6.51900000,6.34200000,6.37700000,1694778.16200000
2026-06-26 22:00:00,6.37700000,6.62900000,6.31400000,6.62900000,1527936.38400000
2026-06-27 02:00:00,6.62900000,6.66800000,6.49800000,6.54600000,1244664.04900000
2026-06-27 06:00:00,6.54600000,6.63200000,6.51700000,6.55800000,763829.37900000
2026-06-27 10:00:00,6.55800000,6.58000000,6.44500000,6.57400000,658770.44200000
2026-06-27 14:00:00,6.57400000,6.66800000,6.51700000,6.63400000,824415.11500000
2026-06-27 18:00:00,6.63400000,6.64800000,6.40000000,6.42700000,1207639.25900000
2026-06-27 22:00:00,6.42700000,6.45800000,6.33100000,6.42700000,671491.70500000
2026-06-28 02:00:00,6.42700000,6.43800000,6.36100000,6.40200000,449090.80900000
2026-06-28 06:00:00,6.40200000,6.40600000,6.29800000,6.33600000,497263.26600000
2026-06-28 10:00:00,6.33600000,6.39100000,6.30400000,6.35300000,547118.70700000
2026-06-28 14:00:00,6.35300000,6.35400000,6.27900000,6.32100000,588138.42700000
2026-06-28 18:00:00,6.32100000,6.36600000,6.26500000,6.33000000,718361.59800000
2026-06-28 22:00:00,6.33000000,6.48300000,6.29400000,6.44600000,1434141.95300000
2026-06-29 02:00:00,6.44600000,6.65900000,6.35900000,6.61300000,1467874.57400000
2026-06-29 06:00:00,6.61300000,6.64700000,6.49600000,6.54600000,1202134.00300000
2026-06-29 10:00:00,6.54600000,6.62600000,6.49500000,6.56900000,865778.07100000
2026-06-29 14:00:00,6.56900000,6.70700000,6.44300000,6.65500000,2649670.20700000
2026-06-29 18:00:00,6.65500000,6.81800000,6.62300000,6.72100000,1699754.19700000
2026-06-29 22:00:00,6.72100000,6.73200000,6.65600000,6.67500000,560669.64500000
2026-06-30 02:00:00,6.67500000,6.67700000,6.60900000,6.62600000,553405.25400000
2026-06-30 06:00:00,6.62600000,6.63600000,6.56400000,6.57500000,653972.39700000
2026-06-30 10:00:00,6.57500000,6.65000000,6.52100000,6.52900000,1156772.62100000
2026-06-30 14:00:00,6.52900000,6.53000000,6.38100000,6.49600000,1962689.48100000
2026-06-30 18:00:00,6.49600000,6.59600000,6.46200000,6.57300000,952925.04700000
2026-06-30 22:00:00,6.57300000,6.59100000,6.50100000,6.53500000,441552.45400000
2026-07-01 02:00:00,6.53500000,6.72500000,6.42300000,6.70300000,1189715.08300000
2026-07-01 06:00:00,6.70300000,6.71900000,6.60100000,6.64900000,747435.64000000
2026-07-01 10:00:00,6.64900000,6.69300000,6.61200000,6.65500000,630968.58900000
2026-07-01 14:00:00,6.65500000,6.74500000,6.55800000,6.72600000,1612791.65400000
2026-07-01 18:00:00,6.72600000,6.75600000,6.66400000,6.69000000,914945.34100000
2026-07-01 22:00:00,6.69000000,6.80900000,6.65700000,6.66100000,871830.73400000
2026-07-02 02:00:00,6.66100000,6.72500000,6.60700000,6.71100000,736767.27900000
2026-07-02 06:00:00,6.71100000,6.72700000,6.65700000,6.66700000,572269.53600000
2026-07-02 10:00:00,6.66700000,6.81100000,6.66000000,6.77900000,1017486.40400000
2026-07-02 14:00:00,6.77900000,6.87700000,6.73300000,6.77100000,1901985.39200000
2026-07-02 18:00:00,6.77100000,6.78500000,6.71300000,6.73900000,856962.11000000
2026-07-02 22:00:00,6.73900000,6.82000000,6.71800000,6.79900000,738144.80800000
2026-07-03 02:00:00,6.79900000,6.87700000,6.78100000,6.84700000,794249.27500000
2026-07-03 06:00:00,6.84700000,6.87600000,6.80600000,6.83600000,571263.60600000
2026-07-03 10:00:00,6.83600000,6.90800000,6.82400000,6.89600000,1020926.01700000
2026-07-03 14:00:00,6.89600000,6.92100000,6.80300000,6.82400000,1477204.25900000
2026-07-03 18:00:00,6.82400000,6.93600000,6.78600000,6.91300000,1560266.64400000
2026-07-03 22:00:00,6.91300000,7.03200000,6.90800000,6.94400000,1632041.46300000
2026-07-04 02:00:00,6.94400000,6.96700000,6.86000000,6.92900000,609843.50400000
2026-07-04 06:00:00,6.92900000,6.94600000,6.83600000,6.86400000,575864.64500000
2026-07-04 10:00:00,6.86400000,6.87200000,6.81200000,6.85200000,592600.71100000
2026-07-04 14:00:00,6.85200000,7.00600000,6.85100000,6.98500000,890488.25700000
2026-07-04 18:00:00,6.98500000,7.11000000,6.93900000,7.00800000,1472825.84300000
2026-07-04 22:00:00,7.00800000,7.02300000,6.92200000,6.96200000,550258.10400000
2026-07-05 02:00:00,6.96200000,6.96700000,6.78600000,6.80100000,1521802.67400000
2026-07-05 06:00:00,6.80100000,6.82400000,6.75100000,6.81200000,851096.28900000
2026-07-05 10:00:00,6.81200000,6.89100000,6.77000000,6.87600000,885590.68500000
2026-07-05 14:00:00,6.87600000,6.94700000,6.85000000,6.92400000,907880.82400000
2026-07-05 18:00:00,6.92400000,6.97300000,6.89900000,6.91500000,951498.15400000
2026-07-05 22:00:00,6.91500000,7.00400000,6.87800000,6.92100000,890075.83100000
2026-07-06 02:00:00,6.92100000,6.94800000,6.84600000,6.91400000,1139366.48600000
2026-07-06 06:00:00,6.91400000,6.96200000,6.82600000,6.92800000,994862.69600000
2026-07-06 10:00:00,6.92800000,6.93800000,6.81300000,6.81500000,724957.93300000
2026-07-06 14:00:00,6.81500000,6.92100000,6.70800000,6.91600000,2324130.97700000
2026-07-06 18:00:00,6.91600000,6.99200000,6.89400000,6.95600000,1142395.13800000
2026-07-06 22:00:00,6.95600000,7.08600000,6.90400000,6.92800000,1267972.92300000
2026-07-07 02:00:00,6.92800000,6.94800000,6.77700000,6.80100000,965257.91500000
2026-07-07 06:00:00,6.80100000,6.81400000,6.69300000,6.76200000,1131309.96300000
2026-07-07 10:00:00,6.76200000,6.79800000,6.73100000,6.79100000,658065.38600000
2026-07-07 14:00:00,6.79100000,6.81900000,6.64400000,6.76600000,1705955.45500000
2026-07-07 18:00:00,6.76600000,6.80600000,6.68900000,6.75400000,983532.29100000
2026-07-07 22:00:00,6.75400000,6.76800000,6.65500000,6.68600000,961212.20900000
2026-07-08 02:00:00,6.68600000,6.69500000,6.34500000,6.38800000,2649350.76600000
2026-07-08 06:00:00,6.38800000,6.45400000,6.36100000,6.44300000,762516.21500000
2026-07-08 10:00:00,6.44300000,6.45100000,6.31100000,6.43700000,1167615.28800000
2026-07-08 14:00:00,6.43700000,6.47200000,6.34400000,6.37800000,1018242.30600000
2026-07-08 18:00:00,6.37800000,6.47900000,6.37500000,6.45300000,737463.89500000
2026-07-08 22:00:00,6.45300000,6.47200000,6.41200000,6.47200000,356924.87800000
2026-07-09 02:00:00,6.47200000,6.54300000,6.42400000,6.46100000,880317.04600000
2026-07-09 06:00:00,6.46100000,6.80800000,6.45800000,6.74200000,1610437.36900000
2026-07-09 10:00:00,6.74200000,6.76400000,6.66200000,6.70600000,1297487.38100000
2026-07-09 14:00:00,6.70600000,6.78600000,6.68600000,6.75000000,1096601.95500000
2026-07-09 18:00:00,6.75000000,6.77400000,6.69300000,6.72200000,654455.55800000
2026-07-09 22:00:00,6.72200000,6.73200000,6.67600000,6.67600000,499522.96100000
2026-07-10 02:00:00,6.67600000,6.81300000,6.66500000,6.77700000,1246203.87300000
2026-07-10 06:00:00,6.77700000,6.83300000,6.73800000,6.75000000,859164.49900000
2026-07-10 10:00:00,6.75000000,6.81200000,6.73400000,6.74800000,1144888.55200000
2026-07-10 14:00:00,6.74800000,6.78300000,6.65000000,6.74000000,1041453.57100000
2026-07-10 18:00:00,6.74000000,6.76900000,6.70300000,6.74000000,502144.54100000
2026-07-10 22:00:00,6.74000000,6.76300000,6.72800000,6.73400000,332245.62700000
