timestamp,open,high,low,close,volume
2024-06-13 22:00:00,66620.90000000,66991.10000000,66533.10000000,66786.90000000,141372932.96061999
2024-06-14 02:00:00,66786.90000000,67037.90000000,66487.10000000,66749.80000000,224424830.04624999
2024-06-14 06:00:00,66749.80000000,67220.00000000,66710.90000000,66906.20000000,194641538.42019001
2024-06-14 10:00:00,66906.20000000,67229.90000000,66769.00000000,67034.10000000,201539217.00637999
2024-06-14 14:00:00,67034.10000000,67365.90000000,66337.80000000,66379.90000000,518525594.33025002
2024-06-14 18:00:00,66379.90000000,66507.90000000,65061.20000000,65521.60000000,824916111.06497002
2024-06-14 22:00:00,65521.60000000,66636.50000000,65471.60000000,66039.80000000,314343685.35760999
2024-06-15 02:00:00,66039.80000000,66279.90000000,65979.60000000,66265.90000000,111940170.57463001
2024-06-15 06:00:00,66265.90000000,66412.60000000,66060.10000000,66082.60000000,172474980.92285001
2024-06-15 10:00:00,66082.60000000,66334.60000000,66082.50000000,66305.20000000,116718446.82442001
2024-06-15 14:00:00,66305.20000000,66468.30000000,66157.60000000,66311.90000000,148101798.97795999
2024-06-15 18:00:00,66311.90000000,66359.90000000,66060.10000000,66144.10000000,110044864.19434001
2024-06-15 22:00:00,66144.10000000,66285.50000000,65826.60000000,66213.80000000,133437316.68367000
2024-06-16 02:00:00,66213.80000000,66256.90000000,66059.20000000,66129.60000000,77109057.19710000
2024-06-16 06:00:00,66129.60000000,66349.90000000,66021.60000000,66249.40000000,103651471.18407001
2024-06-16 10:00:00,66249.40000000,66772.00000000,66169.40000000,66471.40000000,228737199.02351001
2024-06-16 14:00:00,66471.40000000,66781.50000000,66455.60000000,66690.40000000,174849083.52847001
2024-06-16 18:00:00,66690.40000000,66727.50000000,66496.00000000,66542.40000000,99409424.72976001
2024-06-16 22:00:00,66542.40000000,66960.30000000,66436.90000000,66653.60000000,164310919.85497001
2024-06-17 02:00:00,66653.60000000,66908.90000000,66117.50000000,66196.10000000,268888935.84272999
2024-06-17 06:00:00,66196.10000000,66545.00000000,65910.00000000,66147.20000000,254926646.51367000
2024-06-17 10:00:00,66147.20000000,66295.80000000,65527.50000000,65794.10000000,385042376.00955999
2024-06-17 14:00:00,65794.10000000,65813.10000000,65099.90000000,65341.90000000,482926678.75926000
2024-06-17 18:00:00,65341.90000000,67280.60000000,65143.80000000,66665.10000000,745420078.45737004
2024-06-17 22:00:00,66665.10000000,66740.10000000,66135.40000000,66472.10000000,278108500.85117000
2024-06-18 02:00:00,66472.10000000,66558.90000000,64565.10000000,65474.90000000,904174188.43879998
2024-06-18 06:00:00,65474.90000000,65816.50000000,65313.20000000,65646.40000000,312417880.84622002
2024-06-18 10:00:00,65646.40000000,65724.60000000,65086.10000000,65339.20000000,250707628.96485001
2024-06-18 14:00:00,65339.20000000,65410.10000000,64224.90000000,64665.90000000,962649030.97739995
2024-06-18 18:00:00,64665.90000000,64886.40000000,64035.60000000,64410.40000000,427275705.66183001
2024-06-18 22:00:00,64410.40000000,65279.90000000,64168.90000000,65149.90000000,297633108.79513001
2024-06-19 02:00:00,65149.90000000,65584.80000000,64777.10000000,65377.10000000,349547625.90423000
2024-06-19 06:00:00,65377.10000000,65711.90000000,65154.60000000,65294.90000000,248400521.52079999
2024-06-19 10:00:00,65294.90000000,65511.10000000,64966.30000000,65181.90000000,284460504.87882000
2024-06-19 14:00:00,65181.90000000,65279.90000000,64715.40000000,64894.90000000,265562837.14559001
2024-06-19 18:00:00,64894.90000000,65239.60000000,64757.20000000,64851.40000000,183874371.22806001
2024-06-19 22:00:00,64851.40000000,65060.40000000,64639.10000000,64933.60000000,121120327.58167000
2024-06-20 02:00:00,64933.60000000,65378.00000000,64804.80000000,65156.10000000,204938021.01905000
2024-06-20 06:00:00,65156.10000000,65958.60000000,65051.80000000,65831.40000000,337732839.32106000
2024-06-20 10:00:00,65831.40000000,66467.00000000,65552.70000000,66149.90000000,356207207.55484998
2024-06-20 14:00:00,66149.90000000,66286.10000000,64625.40000000,64794.40000000,745125274.64074004
2024-06-20 18:00:00,64794.40000000,65187.60000000,64538.40000000,65030.20000000,346594675.77744001
2024-06-20 22:00:00,65030.20000000,65161.60000000,64831.10000000,64853.90000000,94639219.03112000
2024-06-21 02:00:00,64853.90000000,65052.20000000,64306.50000000,64473.40000000,217434253.93647000
2024-06-21 06:00:00,64473.40000000,64716.00000000,64168.00000000,64181.10000000,224029003.77322000
2024-06-21 10:00:00,64181.10000000,64349.90000000,63485.90000000,63747.60000000,470210125.72771001
2024-06-21 14:00:00,63747.60000000,64333.40000000,63366.40000000,63716.90000000,532233452.92158002
2024-06-21 18:00:00,63716.90000000,64240.80000000,63448.10000000,64217.90000000,277178321.91078001
2024-06-21 22:00:00,64217.90000000,64448.90000000,63805.20000000,64124.10000000,165186563.13984001
2024-06-22 02:00:00,64124.10000000,64315.10000000,63915.90000000,64297.10000000,111761333.66631000
2024-06-22 06:00:00,64297.10000000,64508.90000000,64218.80000000,64490.10000000,137268176.85558999
2024-06-22 10:00:00,64490.10000000,64511.90000000,64184.80000000,64244.90000000,132585150.11594000
2024-06-22 14:00:00,64244.90000000,64377.60000000,64222.00000000,64283.40000000,79868371.04132999
2024-06-22 18:00:00,64283.40000000,64340.60000000,64200.20000000,64270.90000000,58397307.86133000
2024-06-22 22:00:00,64270.90000000,64307.00000000,64215.90000000,64240.10000000,46116677.55490000
2024-06-23 02:00:00,64240.10000000,64500.30000000,64240.10000000,64389.10000000,94284227.72263999
2024-06-23 06:00:00,64389.10000000,64404.10000000,64312.10000000,64390.10000000,52868372.15097000
2024-06-23 10:00:00,64390.10000000,64414.00000000,64224.60000000,64310.60000000,75132176.44180000
2024-06-23 14:00:00,64310.60000000,64409.10000000,64034.20000000,64071.80000000,128394691.72123000
2024-06-23 18:00:00,64071.80000000,64166.40000000,63892.20000000,64128.60000000,108119813.98097000
2024-06-23 22:00:00,64128.60000000,64132.60000000,63150.00000000,63194.90000000,255815282.94192001
2024-06-24 02:00:00,63194.90000000,63357.10000000,62664.60000000,62840.10000000,392179499.54421997
2024-06-24 06:00:00,62840.10000000,62931.60000000,62135.00000000,62433.60000000,455860427.89067000
2024-06-24 10:00:00,62433.60000000,62951.10000000,60500.00000000,61257.40000000,934307143.89725995
2024-06-24 14:00:00,61257.40000000,61675.90000000,60650.10000000,60823.30000000,454463280.83999002
2024-06-24 18:00:00,60823.30000000,61017.00000000,59013.10000000,59318.10000000,893525566.08229005
2024-06-24 22:00:00,59318.10000000,60425.80000000,58251.90000000,60273.60000000,548426829.12153006
2024-06-25 02:00:00,60273.60000000,61565.90000000,60233.10000000,61271.20000000,369490718.10324001
2024-06-25 06:00:00,61271.20000000,61392.40000000,60600.60000000,60660.10000000,303105384.10481000
2024-06-25 10:00:00,60660.10000000,61563.80000000,60641.20000000,61170.80000000,318490772.96614999
2024-06-25 14:00:00,61170.80000000,62105.50000000,60949.70000000,61775.90000000,691029059.68529999
2024-06-25 18:00:00,61775.90000000,62400.00000000,61100.00000000,61967.40000000,575262336.16475999
2024-06-25 22:00:00,61967.40000000,62141.40000000,61641.40000000,61777.90000000,142725131.42513999
2024-06-26 02:00:00,61777.90000000,62465.10000000,61607.60000000,61910.40000000,220221283.15885001
2024-06-26 06:00:00,61910.40000000,61969.10000000,61500.60000000,61705.20000000,192505635.04418999
2024-06-26 10:00:00,61705.20000000,61741.20000000,61154.00000000,61427.20000000,264667635.92131001
2024-06-26 14:00:00,61427.20000000,61959.40000000,61143.70000000,61451.20000000,352025719.50818002
2024-06-26 18:00:00,61451.20000000,61532.40000000,60700.00000000,60990.90000000,439832498.19876999
2024-06-26 22:00:00,60990.90000000,61120.10000000,60703.10000000,60860.10000000,148152865.46201000
2024-06-27 02:00:00,60860.10000000,61308.80000000,60752.20000000,61027.10000000,154292470.85995999
2024-06-27 06:00:00,61027.10000000,61188.10000000,60605.60000000,60786.40000000,159675703.75145000
2024-06-27 10:00:00,60786.40000000,61440.60000000,60730.10000000,61188.60000000,228659723.77715999
2024-06-27 14:00:00,61188.60000000,62377.60000000,61138.10000000,61570.60000000,630815788.87390006
2024-06-27 18:00:00,61570.60000000,61997.10000000,61396.40000000,61443.60000000,220961180.94062001
2024-06-27 22:00:00,61443.60000000,61696.10000000,61346.90000000,61682.10000000,99035375.03857000
2024-06-28 02:00:00,61682.10000000,62200.00000000,61460.90000000,61802.90000000,263846108.35795000
2024-06-28 06:00:00,61802.90000000,61812.90000000,61205.00000000,61317.90000000,196630947.64370999
2024-06-28 10:00:00,61317.90000000,61777.90000000,61192.10000000,61670.40000000,207530597.03744999
2024-06-28 14:00:00,61670.40000000,61847.10000000,60726.30000000,61039.90000000,632730130.62169003
2024-06-28 18:00:00,61039.90000000,61105.90000000,60084.10000000,60123.90000000,335525092.94718999
2024-06-28 22:00:00,60123.90000000,60461.80000000,60055.60000000,60429.90000000,150729736.55193001
2024-06-29 02:00:00,60429.90000000,61020.90000000,60400.10000000,60760.10000000,235291591.69001001
2024-06-29 06:00:00,60760.10000000,61128.10000000,60706.90000000,61049.80000000,134899671.45438999
2024-06-29 10:00:00,61049.80000000,61232.00000000,60895.50000000,61110.90000000,160580269.22351000
2024-06-29 14:00:00,61110.90000000,61188.60000000,60951.10000000,61107.90000000,128423915.37350000
2024-06-29 18:00:00,61107.90000000,61128.80000000,60920.00000000,61056.40000000,69936272.40710001
2024-06-29 22:00:00,61056.40000000,61097.00000000,60883.10000000,60982.40000000,71271447.03263000
2024-06-30 02:00:00,60982.40000000,61079.90000000,60755.10000000,60898.20000000,125424414.77914999
2024-06-30 06:00:00,60898.20000000,61796.40000000,60705.10000000,61533.60000000,302105092.81646001
2024-06-30 10:00:00,61533.60000000,61719.10000000,61400.00000000,61555.60000000,174110761.46650001
2024-06-30 14:00:00,61555.60000000,61853.40000000,61331.50000000,61722.40000000,251583449.74654001
2024-06-30 18:00:00,61722.40000000,62099.90000000,61579.60000000,62016.80000000,206252228.04798999
2024-06-30 22:00:00,62016.80000000,63047.90000000,61831.60000000,62766.10000000,406689557.82523000
2024-07-01 02:00:00,62766.10000000,63799.80000000,62566.40000000,63416.40000000,467601893.59227997
2024-07-01 06:00:00,63416.40000000,63453.60000000,63200.40000000,63263.10000000,141388483.08622000
2024-07-01 10:00:00,63263.10000000,63302.70000000,62580.10000000,62657.90000000,268107557.01988000
2024-07-01 14:00:00,62657.90000000,63140.00000000,62522.20000000,63119.90000000,384430051.12910002
2024-07-01 18:00:00,63119.90000000,63848.00000000,62947.40000000,63207.10000000,438842015.71612000
2024-07-01 22:00:00,63207.10000000,63415.00000000,62780.80000000,62883.60000000,166543712.47439000
2024-07-02 02:00:00,62883.60000000,63283.90000000,62765.80000000,63115.10000000,138731330.14932999
2024-07-02 06:00:00,63115.10000000,63226.90000000,62566.10000000,62617.90000000,188085941.40730000
2024-07-02 10:00:00,62617.90000000,62860.70000000,62424.40000000,62828.90000000,260093958.57872999
2024-07-02 14:00:00,62828.90000000,63159.40000000,61840.10000000,61945.10000000,578942599.33331001
2024-07-02 18:00:00,61945.10000000,62362.80000000,61801.60000000,61930.80000000,282526493.85219002
2024-07-02 22:00:00,61930.80000000,62176.40000000,61870.90000000,62123.60000000,102899056.25345001
2024-07-03 02:00:00,62123.60000000,62278.10000000,60600.00000000,60979.90000000,499360864.55036002
2024-07-03 06:00:00,60979.90000000,61178.90000000,60802.10000000,60861.00000000,228586280.01561999
2024-07-03 10:00:00,60861.00000000,60979.80000000,59522.40000000,60384.90000000,722366428.66321003
2024-07-03 14:00:00,60384.90000000,60700.10000000,59756.60000000,60176.10000000,589262349.64780998
2024-07-03 18:00:00,60176.10000000,60647.50000000,59649.90000000,59672.10000000,350716034.00243002
2024-07-03 22:00:00,59672.10000000,60361.70000000,59379.80000000,60207.90000000,285055757.33453000
2024-07-04 02:00:00,60207.90000000,60498.90000000,57691.50000000,59092.40000000,868861519.19663000
2024-07-04 06:00:00,59092.40000000,59131.60000000,58088.90000000,58213.90000000,410135925.16979003
2024-07-04 10:00:00,58213.90000000,58484.40000000,56952.80000000,57748.40000000,799187573.86576998
2024-07-04 14:00:00,57748.40000000,58334.40000000,56758.10000000,58124.90000000,869430297.18403995
2024-07-04 18:00:00,58124.90000000,58652.10000000,57735.80000000,58266.90000000,360112937.99568999
2024-07-04 22:00:00,58266.90000000,58794.00000000,56669.20000000,57045.90000000,399267457.14221001
2024-07-05 02:00:00,57045.90000000,57533.40000000,54967.60000000,55214.60000000,1386445672.64949012
2024-07-05 06:00:00,55214.60000000,55344.90000000,53357.60000000,54397.40000000,1001752155.69787002
2024-07-05 10:00:00,54397.40000000,55629.10000000,53870.40000000,55458.90000000,618052220.01862001
2024-07-05 14:00:00,55458.90000000,56644.00000000,54822.90000000,56623.90000000,818317553.28232002
2024-07-05 18:00:00,56623.90000000,56999.90000000,55782.90000000,56446.10000000,659942548.00039995
2024-07-05 22:00:00,56446.10000000,56844.10000000,56300.10000000,56608.90000000,148967238.63076001
2024-07-06 02:00:00,56608.90000000,56974.80000000,56157.30000000,56388.40000000,282374514.61976409
2024-07-06 06:00:00,56388.40000000,56658.10000000,56000.10000000,56571.10000000,243696900.11989000
2024-07-06 10:00:00,56571.10000000,56849.90000000,56412.60000000,56713.10000000,154419690.77533999
2024-07-06 14:00:00,56713.10000000,57405.40000000,56480.60000000,57285.40000000,337215564.42101002
2024-07-06 18:00:00,57285.40000000,58088.90000000,57157.10000000,57834.90000000,324632417.59757000
2024-07-06 22:00:00,57834.90000000,58464.10000000,57799.10000000,58216.10000000,234194314.70728999
2024-07-07 02:00:00,58216.10000000,58427.90000000,57820.00000000,57943.90000000,329809456.63687003
2024-07-07 06:00:00,57943.90000000,57990.20000000,57043.90000000,57344.40000000,447089001.85349000
2024-07-07 10:00:00,57344.40000000,57896.40000000,57334.90000000,57436.90000000,310977222.29777002
2024-07-07 14:00:00,57436.90000000,57599.90000000,56567.10000000,56806.10000000,539888010.45643997
2024-07-07 18:00:00,56806.10000000,57371.40000000,56723.10000000,57133.90000000,293375537.42605001
2024-07-07 22:00:00,57133.90000000,57301.80000000,55693.90000000,55830.90000000,569279055.67220998
2024-07-08 02:00:00,55830.90000000,55998.90000000,54257.40000000,55136.60000000,1133485473.63246012
2024-07-08 06:00:00,55136.60000000,55877.90000000,54935.40000000,55828.40000000,497535134.47157001
2024-07-08 10:00:00,55828.40000000,58198.20000000,55715.20000000,57140.40000000,1500735966.31348991
2024-07-08 14:00:00,57140.40000000,57612.00000000,54905.40000000,55743.90000000,1633356023.26673007
2024-07-08 18:00:00,55743.90000000,56548.20000000,55400.60000000,56456.50000000,497886328.06015003
2024-07-08 22:00:00,56456.50000000,56949.20000000,56179.10000000,56686.50000000,321309295.03037000
2024-07-09 02:00:00,56686.50000000,57338.90000000,56263.90000000,57139.40000000,512703370.98290002
2024-07-09 06:00:00,57139.40000000,57735.60000000,57001.00000000,57102.60000000,432241426.13309002
2024-07-09 10:00:00,57102.60000000,57896.80000000,57006.80000000,57407.20000000,522100768.92238730
2024-07-09 14:00:00,57407.20000000,58140.60000000,56882.10000000,57445.30000000,784133555.34756005
2024-07-09 18:00:00,57445.30000000,58290.00000000,57334.00000000,57837.60000000,495410463.77028000
2024-07-09 22:00:00,57837.60000000,58248.20000000,57684.60000000,58023.20000000,222768269.73297000
2024-07-10 02:00:00,58023.20000000,58189.90000000,57320.50000000,58161.30000000,338135970.33323002
2024-07-10 06:00:00,58161.30000000,59443.00000000,58153.40000000,58948.10000000,820684114.15976894
2024-07-10 10:00:00,58948.10000000,59013.80000000,58288.10000000,58469.30000000,486639217.06256002
2024-07-10 14:00:00,58469.30000000,58544.50000000,57443.70000000,57658.00000000,785479637.29282999
2024-07-10 18:00:00,57658.00000000,57995.00000000,57340.90000000,57366.50000000,320581741.67654997
2024-07-10 22:00:00,57366.50000000,57857.00000000,57139.00000000,57707.00000000,286908421.62241000
2024-07-11 02:00:00,57707.00000000,58378.00000000,57041.20000000,57540.40000000,518568487.65109003
2024-07-11 06:00:00,57540.40000000,58282.70000000,57464.20000000,58162.00000000,317555198.34491003
2024-07-11 10:00:00,58162.00000000,58878.00000000,58027.00000000,58754.10000000,465393454.51393998
2024-07-11 14:00:00,58754.10000000,59667.10000000,57242.00000000,57382.80000000,1394782773.04141998
2024-07-11 18:00:00,57382.80000000,57969.50000000,57155.00000000,57365.30000000,377701506.86973000
2024-07-11 22:00:00,57365.30000000,57594.40000000,57119.20000000,57315.60000000,264435585.60409999
2024-07-12 02:00:00,57315.60000000,57554.00000000,56510.50000000,56887.60000000,517328233.56668001
2024-07-12 06:00:00,56887.60000000,57378.00000000,56690.10000000,57071.30000000,355207295.41197002
2024-07-12 10:00:00,57071.30000000,57314.70000000,56741.00000000,57188.70000000,402389714.33560002
2024-07-12 14:00:00,57188.70000000,58251.20000000,57069.10000000,58188.90000000,703441608.24954998
2024-07-12 18:00:00,58188.90000000,58500.00000000,57479.30000000,57563.90000000,590877263.51566005
2024-07-12 22:00:00,57563.90000000,57887.50000000,57114.10000000,57870.10000000,306479567.82164001
2024-07-13 02:00:00,57870.10000000,57960.60000000,57730.20000000,57792.40000000,159178725.59895000
2024-07-13 06:00:00,57792.40000000,58195.20000000,57728.60000000,58139.90000000,198682845.17195001
2024-07-13 10:00:00,58139.90000000,58842.70000000,57882.40000000,58513.90000000,449145683.84549999
2024-07-13 14:00:00,58513.90000000,58873.30000000,58408.10000000,58808.60000000,392625032.46003002
2024-07-13 18:00:00,58808.60000000,58948.30000000,58538.90000000,58596.60000000,224313370.99009001
2024-07-13 22:00:00,58596.60000000,59831.70000000,58260.00000000,59174.00000000,563124812.48844004
2024-07-14 02:00:00,59174.00000000,59813.50000000,59164.10000000,59435.00000000,403815472.84987998
2024-07-14 06:00:00,59435.00000000,60292.80000000,59387.40000000,60031.20000000,573989811.33942997
2024-07-14 10:00:00,60031.20000000,60377.00000000,59879.30000000,60079.10000000,366669608.88045001
2024-07-14 14:00:00,60079.10000000,60208.80000000,59437.90000000,60053.20000000,525666586.51238000
2024-07-14 18:00:00,60053.20000000,60153.90000000,59860.00000000,59886.40000000,146938406.60302001
2024-07-14 22:00:00,59886.40000000,61401.10000000,59856.50000000,60766.00000000,605071606.51163006
2024-07-15 02:00:00,60766.00000000,62762.40000000,60627.10000000,62617.30000000,929591871.83237004
2024-07-15 06:00:00,62617.30000000,63068.90000000,62400.00000000,62816.10000000,692893015.98201001
2024-07-15 10:00:00,62816.10000000,63225.30000000,62266.10000000,62431.90000000,606174774.77389002
2024-07-15 14:00:00,62431.90000000,63291.30000000,62419.60000000,62986.00000000,756666745.67605996
2024-07-15 18:00:00,62986.00000000,63775.00000000,62812.80000000,63303.40000000,914199436.37197995
2024-07-15 22:00:00,63303.40000000,64869.90000000,63216.20000000,64680.60000000,709510528.49977005
2024-07-16 02:00:00,64680.60000000,64936.10000000,64405.00000000,64725.10000000,468012295.85490000
2024-07-16 06:00:00,64725.10000000,64971.00000000,62717.20000000,62884.50000000,1086825834.36028004
2024-07-16 10:00:00,62884.50000000,63826.10000000,62350.10000000,63719.80000000,852235789.38177001
2024-07-16 14:00:00,63719.80000000,64931.00000000,63036.30000000,64838.40000000,1053808219.56016004
2024-07-16 18:00:00,64838.40000000,65175.10000000,64077.90000000,65130.10000000,822900258.31119001
2024-07-16 22:00:00,65130.10000000,65367.80000000,64108.30000000,65008.00000000,540011167.40930998
2024-07-17 02:00:00,65008.00000000,66088.10000000,64915.50000000,65662.70000000,739361711.33495998
2024-07-17 06:00:00,65662.70000000,65967.80000000,65187.00000000,65226.20000000,450077996.65289998
2024-07-17 10:00:00,65226.20000000,65479.50000000,64534.30000000,64691.10000000,673558049.58085001
2024-07-17 14:00:00,64691.10000000,65360.10000000,64495.20000000,64695.80000000,844331044.05015004
2024-07-17 18:00:00,64695.80000000,64737.90000000,63823.40000000,64538.40000000,768868245.73433995
2024-07-17 22:00:00,64538.40000000,64649.20000000,64020.00000000,64057.30000000,300328865.90184999
2024-07-18 02:00:00,64057.30000000,65130.00000000,63873.10000000,64827.90000000,499358814.46521997
2024-07-18 06:00:00,64827.90000000,65033.20000000,64366.30000000,64643.80000000,330139266.99254000
2024-07-18 10:00:00,64643.80000000,64930.70000000,64413.00000000,64728.90000000,308042883.67860001
2024-07-18 14:00:00,64728.90000000,65090.50000000,63385.80000000,63500.10000000,1016169629.53429997
2024-07-18 18:00:00,63500.10000000,63933.30000000,63208.40000000,63531.50000000,558885888.48558998
2024-07-18 22:00:00,63531.50000000,64092.00000000,63413.20000000,63960.00000000,249893111.70544001
2024-07-19 02:00:00,63960.00000000,64348.10000000,63267.40000000,64298.00000000,446160306.79936999
2024-07-19 06:00:00,64298.00000000,64466.60000000,63565.60000000,63674.00000000,412333798.39172000
2024-07-19 10:00:00,63674.00000000,64156.00000000,63373.10000000,64094.20000000,507688790.65300000
2024-07-19 14:00:00,64094.20000000,65864.60000000,64016.10000000,65791.50000000,1211301239.90578008
2024-07-19 18:00:00,65791.50000000,67353.40000000,65784.00000000,67118.60000000,1232918752.50265002
2024-07-19 22:00:00,67118.60000000,67319.90000000,66592.90000000,66627.90000000,405744563.45784998
2024-07-20 02:00:00,66627.90000000,66797.00000000,66181.20000000,66568.60000000,331855309.48269999
2024-07-20 06:00:00,66568.60000000,66729.00000000,66401.00000000,66526.30000000,179678273.65827000
2024-07-20 10:00:00,66526.30000000,66699.90000000,66426.50000000,66445.90000000,188526937.52577999
2024-07-20 14:00:00,66445.90000000,66799.90000000,66241.40000000,66797.00000000,283436295.56634003
2024-07-20 18:00:00,66797.00000000,67635.00000000,66636.60000000,67195.00000000,595259554.48248994
2024-07-20 22:00:00,67195.00000000,67410.10000000,66745.70000000,67095.60000000,279178642.54798001
2024-07-21 02:00:00,67095.60000000,67392.40000000,66918.40000000,67145.90000000,207561100.45331001
2024-07-21 06:00:00,67145.90000000,67194.40000000,66560.00000000,66669.90000000,275251474.25050998
2024-07-21 10:00:00,66669.90000000,67040.40000000,66645.60000000,66845.40000000,191288458.11201000
2024-07-21 14:00:00,66845.40000000,67474.00000000,66573.30000000,67131.00000000,462254606.43624002
2024-07-21 18:00:00,67131.00000000,67694.20000000,65756.70000000,67391.40000000,1121870700.92212009
2024-07-21 22:00:00,67391.40000000,68349.90000000,67240.10000000,68138.10000000,604021158.20428002
2024-07-22 02:00:00,68138.10000000,68456.10000000,67708.30000000,67847.30000000,465464690.34280998
2024-07-22 06:00:00,67847.30000000,67965.90000000,67100.50000000,67210.40000000,413960249.84903002
2024-07-22 10:00:00,67210.40000000,67564.10000000,66920.10000000,67480.60000000,317812250.17185003
2024-07-22 14:00:00,67480.60000000,67931.80000000,66538.80000000,67044.20000000,808175793.38493001
2024-07-22 18:00:00,67044.20000000,68222.80000000,66789.80000000,68185.50000000,507598393.18072999
2024-07-22 22:00:00,68185.50000000,68220.50000000,67202.10000000,67499.20000000,402828790.84498000
2024-07-23 02:00:00,67499.20000000,67725.40000000,67175.70000000,67437.30000000,308161291.40612000
2024-07-23 06:00:00,67437.30000000,67493.30000000,66219.40000000,66548.50000000,644188318.32483995
2024-07-23 10:00:00,66548.50000000,67135.50000000,66415.00000000,66640.90000000,507547334.67369002
2024-07-23 14:00:00,66640.90000000,67318.10000000,65922.20000000,66566.10000000,1134914418.62688994
2024-07-23 18:00:00,66566.10000000,66744.90000000,65425.10000000,65528.10000000,747000324.77529001
2024-07-23 22:00:00,65528.10000000,66040.00000000,65453.50000000,65916.40000000,365874243.45318002
2024-07-24 02:00:00,65916.40000000,66105.50000000,65453.40000000,66027.40000000,349845925.13019001
2024-07-24 06:00:00,66027.40000000,66056.00000000,65582.70000000,66049.00000000,254057953.10407999
2024-07-24 10:00:00,66049.00000000,66588.40000000,65974.90000000,66345.80000000,434846406.34710002
2024-07-24 14:00:00,66345.80000000,67079.90000000,66061.70000000,66148.00000000,870757977.13546002
2024-07-24 18:00:00,66148.00000000,66686.00000000,65537.30000000,65639.10000000,639569830.85399997
2024-07-24 22:00:00,65639.10000000,66057.40000000,65071.00000000,65350.70000000,482012253.37375998
2024-07-25 02:00:00,65350.70000000,65606.30000000,63835.30000000,64073.90000000,1074078818.54851007
2024-07-25 06:00:00,64073.90000000,64378.00000000,63800.10000000,64115.10000000,422912807.34403002
2024-07-25 10:00:00,64115.10000000,64462.20000000,63859.70000000,64082.70000000,462398496.54773003
2024-07-25 14:00:00,64082.70000000,64993.50000000,63457.00000000,64773.20000000,1135368888.59641004
2024-07-25 18:00:00,64773.20000000,65170.00000000,64360.40000000,64669.60000000,608485413.89925003
2024-07-25 22:00:00,64669.60000000,66144.10000000,64395.60000000,65773.00000000,592706999.46866000
2024-07-26 02:00:00,65773.00000000,67461.10000000,65692.40000000,67013.90000000,752647452.75828004
2024-07-26 06:00:00,67013.90000000,67168.20000000,66840.70000000,66873.80000000,410665466.33657998
2024-07-26 10:00:00,66873.80000000,67465.90000000,66873.70000000,67293.90000000,392525928.09658003
2024-07-26 14:00:00,67293.90000000,67974.10000000,66876.30000000,67527.90000000,943297546.86430001
2024-07-26 18:00:00,67527.90000000,68141.60000000,67277.00000000,67957.20000000,443475127.97517002
2024-07-26 22:00:00,67957.20000000,68190.90000000,67374.20000000,67882.60000000,414569499.21740001
2024-07-27 02:00:00,67882.60000000,68055.50000000,67613.80000000,67766.20000000,253390638.25224000
2024-07-27 06:00:00,67766.20000000,68274.00000000,67752.10000000,68013.50000000,298998899.02462000
2024-07-27 10:00:00,68013.50000000,68244.60000000,67864.80000000,68184.70000000,238981003.15340999
2024-07-27 14:00:00,68184.70000000,69381.60000000,68170.60000000,68821.90000000,998682819.40739000
2024-07-27 18:00:00,68821.90000000,68973.30000000,67585.00000000,68209.30000000,850167758.64396000
2024-07-27 22:00:00,68209.30000000,69148.30000000,66624.50000000,67873.80000000,1704551081.43418002
2024-07-28 02:00:00,67873.80000000,68246.60000000,67235.40000000,67911.00000000,325950784.53553998
2024-07-28 06:00:00,67911.00000000,68003.50000000,67037.00000000,67517.60000000,379645590.02631003
2024-07-28 10:00:00,67517.60000000,67969.00000000,67185.90000000,67800.00000000,305104573.03956997
2024-07-28 14:00:00,67800.00000000,68093.40000000,67564.70000000,67624.30000000,316789708.10816002
2024-07-28 18:00:00,67624.30000000,68300.00000000,67588.60000000,68090.00000000,255268645.62843999
2024-07-28 22:00:00,68090.00000000,68251.70000000,67789.00000000,68215.50000000,213537321.20558000
2024-07-29 02:00:00,68215.50000000,69780.00000000,68130.10000000,69323.10000000,897832298.40096998
2024-07-29 06:00:00,69323.10000000,69859.70000000,69240.00000000,69499.30000000,444050608.40030998
2024-07-29 10:00:00,69499.30000000,69841.10000000,69345.00000000,69549.90000000,364520717.17754000
2024-07-29 14:00:00,69549.90000000,70069.00000000,67650.10000000,68067.30000000,1617265184.49522996
2024-07-29 18:00:00,68067.30000000,68093.10000000,66372.00000000,67276.60000000,1282075795.37918997
2024-07-29 22:00:00,67276.60000000,67522.60000000,66547.70000000,66750.10000000,437004720.86000001
2024-07-30 02:00:00,66750.10000000,66860.20000000,65827.30000000,66585.70000000,736003540.22025001
2024-07-30 06:00:00,66585.70000000,66966.60000000,66288.00000000,66914.00000000,359505224.67954999
2024-07-30 10:00:00,66914.00000000,66956.60000000,66376.70000000,66539.90000000,359806432.47988999
2024-07-30 14:00:00,66539.90000000,66917.80000000,65518.80000000,66198.00000000,905883142.44843996
2024-07-30 18:00:00,66198.00000000,66526.00000000,65506.90000000,65896.30000000,684479486.93104005
2024-07-30 22:00:00,65896.30000000,66319.00000000,65259.20000000,66159.30000000,422938712.08530998
2024-07-31 02:00:00,66159.30000000,66380.00000000,65831.20000000,66043.30000000,301447517.30246001
2024-07-31 06:00:00,66043.30000000,66540.80000000,65468.20000000,66196.40000000,593507837.40261996
2024-07-31 10:00:00,66196.40000000,66355.10000000,65918.10000000,66062.70000000,297126000.51314002
2024-07-31 14:00:00,66062.70000000,66816.40000000,65941.90000000,66354.50000000,651405735.21959996
2024-07-31 18:00:00,66354.50000000,66820.00000000,64898.00000000,65237.10000000,913525057.17560005
2024-07-31 22:00:00,65237.10000000,65395.00000000,64503.40000000,64601.90000000,648040617.78901994
2024-08-01 02:00:00,64601.90000000,64824.40000000,63723.00000000,63912.70000000,705889407.68097997
2024-08-01 06:00:00,63912.70000000,64460.00000000,63559.60000000,64297.50000000,595058947.03489995
2024-08-01 10:00:00,64297.50000000,64680.10000000,64280.80000000,64645.30000000,308217048.06217003
2024-08-01 14:00:00,64645.30000000,64927.20000000,62650.00000000,62878.60000000,1234031529.75476003
2024-08-01 18:00:00,62878.60000000,63478.00000000,62275.20000000,63435.10000000,1035473941.12644005
2024-08-01 22:00:00,63435.10000000,65649.90000000,63317.90000000,65329.00000000,910242028.99624002
2024-08-02 02:00:00,65329.00000000,65576.90000000,63637.40000000,64600.10000000,729439616.15496004
2024-08-02 06:00:00,64600.10000000,64639.90000000,63800.00000000,64146.00000000,471957222.25797999
2024-08-02 10:00:00,64146.00000000,64957.30000000,64026.60000000,64640.10000000,441108228.68312001
2024-08-02 14:00:00,64640.10000000,65509.70000000,62365.00000000,63393.60000000,1821435835.22520995
2024-08-02 18:00:00,63393.60000000,63592.00000000,62490.00000000,62618.50000000,689557477.27347004
2024-08-02 22:00:00,62618.50000000,63170.80000000,61205.50000000,61483.80000000,911081085.85396004
2024-08-03 02:00:00,61483.80000000,61953.60000000,60477.40000000,61862.30000000,770101446.03929996
2024-08-03 06:00:00,61862.30000000,61945.00000000,61380.80000000,61636.00000000,275581791.95925999
2024-08-03 10:00:00,61636.00000000,61986.30000000,61433.20000000,61884.80000000,281196469.90131998
2024-08-03 14:00:00,61884.80000000,62166.00000000,60800.00000000,60857.70000000,545922227.01171994
2024-08-03 18:00:00,60857.70000000,61262.50000000,59888.10000000,60216.70000000,1066488333.65131998
2024-08-03 22:00:00,60216.70000000,60842.20000000,59811.60000000,60684.60000000,516818406.07130003
2024-08-04 02:00:00,60684.60000000,61089.40000000,60291.00000000,60705.30000000,303989121.27846998
2024-08-04 06:00:00,60705.30000000,60915.10000000,60234.10000000,60349.10000000,249639099.04563999
2024-08-04 10:00:00,60349.10000000,60986.10000000,60080.60000000,60880.00000000,360856025.50229001
2024-08-04 14:00:00,60880.00000000,61064.50000000,58939.80000000,59053.40000000,919128701.97147000
2024-08-04 18:00:00,59053.40000000,59475.00000000,57081.10000000,59234.00000000,1531117328.63207006
2024-08-04 22:00:00,59234.00000000,59563.40000000,57976.90000000,58135.30000000,608029845.06488001
2024-08-05 02:00:00,58135.30000000,58286.80000000,52250.00000000,53866.10000000,2761331717.63386011
2024-08-05 06:00:00,53866.10000000,54538.00000000,48961.60000000,52657.90000000,2340607957.95520020
2024-08-05 10:00:00,52657.90000000,53200.00000000,50599.50000000,51319.60000000,1359217565.44948006
2024-08-05 14:00:00,51319.60000000,54927.10000000,49526.40000000,54297.40000000,2334762964.95315981
2024-08-05 18:00:00,54297.40000000,55503.60000000,52525.10000000,53455.30000000,1223593167.59114003
2024-08-05 22:00:00,53455.30000000,55179.20000000,53443.60000000,53971.80000000,702748761.68005002
2024-08-06 02:00:00,53971.80000000,56240.50000000,53925.50000000,55638.00000000,744116595.37176001
2024-08-06 06:00:00,55638.00000000,56130.60000000,55220.80000000,55979.10000000,499080400.61247998
2024-08-06 10:00:00,55979.10000000,56089.90000000,54575.20000000,55188.00000000,696622666.17522001
2024-08-06 14:00:00,55188.00000000,56585.00000000,54330.00000000,56377.90000000,1162926609.25821996
2024-08-06 18:00:00,56377.90000000,56998.50000000,56205.10000000,56737.50000000,741909508.48521996
2024-08-06 22:00:00,56737.50000000,56915.50000000,55800.00000000,55995.50000000,524115615.80439001
2024-08-07 02:00:00,55995.50000000,57249.00000000,55516.30000000,56826.80000000,693731488.21391940
2024-08-07 06:00:00,56826.80000000,57219.40000000,56510.00000000,56898.70000000,387226150.26286775
2024-08-07 10:00:00,56898.70000000,57699.00000000,56838.00000000,56938.00000000,620708263.84072375
2024-08-07 14:00:00,56938.00000000,57454.00000000,55620.50000000,56067.50000000,979412551.66789997
2024-08-07 18:00:00,56067.50000000,56279.80000000,54650.00000000,54739.90000000,747580253.91945958
2024-08-07 22:00:00,54739.90000000,55550.00000000,54519.80000000,55102.90000000,540972792.63630629
2024-08-08 02:00:00,55102.90000000,57660.00000000,54699.60000000,57028.00000000,786136007.57474756
2024-08-08 06:00:00,57028.00000000,57394.10000000,56657.70000000,57165.30000000,406235523.59086001
2024-08-08 10:00:00,57165.30000000,57650.00000000,56950.00000000,57292.40000000,380515407.20284998
2024-08-08 14:00:00,57292.40000000,59475.10000000,56676.60000000,59389.10000000,1576386682.13480997
2024-08-08 18:00:00,59389.10000000,59836.50000000,59216.20000000,59383.60000000,693489593.20361996
2024-08-08 22:00:00,59383.60000000,62731.60000000,59273.60000000,61659.70000000,1106962035.75351000
2024-08-09 02:00:00,61659.70000000,61720.00000000,60731.60000000,61327.00000000,537292153.79140997
2024-08-09 06:00:00,61327.00000000,61361.80000000,60555.00000000,60844.10000000,421599905.38628000
2024-08-09 10:00:00,60844.10000000,61184.90000000,60150.00000000,60633.50000000,561864531.64655995
2024-08-09 14:00:00,60633.50000000,61079.90000000,59503.70000000,59786.40000000,1017717149.93667996
2024-08-09 18:00:00,59786.40000000,60722.40000000,59714.30000000,60641.70000000,525834855.92787999
2024-08-09 22:00:00,60641.70000000,60961.50000000,59881.00000000,60808.70000000,527857154.37096000
2024-08-10 02:00:00,60808.70000000,61449.90000000,60231.60000000,60410.00000000,386350713.60768998
2024-08-10 06:00:00,60410.00000000,60823.70000000,60208.50000000,60809.50000000,192067705.44084999
2024-08-10 10:00:00,60809.50000000,61082.00000000,60581.60000000,60892.40000000,282422800.63459998
2024-08-10 14:00:00,60892.40000000,60921.70000000,60375.10000000,60480.50000000,241347722.17390001
2024-08-10 18:00:00,60480.50000000,61183.50000000,60363.90000000,60989.00000000,273129395.22719997
2024-08-10 22:00:00,60989.00000000,61136.30000000,60721.00000000,60889.90000000,138761185.26223001
2024-08-11 02:00:00,60889.90000000,61348.30000000,60857.00000000,61054.80000000,226176912.89998001
2024-08-11 06:00:00,61054.80000000,61234.00000000,60838.50000000,61223.20000000,198733091.73207000
2024-08-11 10:00:00,61223.20000000,61966.00000000,60388.60000000,60637.60000000,527611260.10671002
2024-08-11 14:00:00,60637.60000000,60730.20000000,59911.10000000,60099.90000000,495638338.09884000
2024-08-11 18:00:00,60099.90000000,60330.60000000,59528.10000000,59598.00000000,312733826.58682001
2024-08-11 22:00:00,59598.00000000,59657.40000000,58261.30000000,58693.10000000,658198151.49123001
2024-08-12 02:00:00,58693.10000000,59055.00000000,58108.10000000,58488.70000000,382139201.25071001
2024-08-12 06:00:00,58488.70000000,58945.20000000,57625.10000000,58644.20000000,451761169.41617000
2024-08-12 10:00:00,58644.20000000,59930.00000000,58092.00000000,59817.10000000,705684248.35714996
2024-08-12 14:00:00,59817.10000000,60665.50000000,57778.40000000,60171.20000000,1424481176.86670995
2024-08-12 18:00:00,60171.20000000,60389.70000000,58406.80000000,59030.10000000,609452398.59773004
2024-08-12 22:00:00,59030.10000000,59718.10000000,58529.00000000,59323.70000000,376618552.98729002
2024-08-13 02:00:00,59323.70000000,59895.00000000,58844.60000000,59014.00000000,391377559.90162998
2024-08-13 06:00:00,59014.00000000,59442.50000000,58802.90000000,59209.10000000,239206835.72156000
2024-08-13 10:00:00,59209.10000000,59302.50000000,58373.20000000,58802.90000000,349058128.28864002
2024-08-13 14:00:00,58802.90000000,59743.70000000,58680.00000000,59438.40000000,643417864.28032005
2024-08-13 18:00:00,59438.40000000,61542.60000000,59420.90000000,60794.70000000,1046137369.64087999
2024-08-13 22:00:00,60794.70000000,61111.90000000,60355.00000000,60550.40000000,303482802.59922999
2024-08-14 02:00:00,60550.40000000,61276.90000000,60390.00000000,60920.10000000,287564168.04408997
2024-08-14 06:00:00,60920.10000000,61131.20000000,60598.80000000,60887.30000000,259825707.93410999
2024-08-14 10:00:00,60887.30000000,61416.10000000,60600.00000000,61263.70000000,386544108.98400998
2024-08-14 14:00:00,61263.70000000,61829.10000000,58775.00000000,59394.60000000,1607840163.87690997
2024-08-14 18:00:00,59394.60000000,59422.70000000,58540.00000000,58863.00000000,509156034.84354001
2024-08-14 22:00:00,58863.00000000,59151.60000000,58385.30000000,58648.20000000,256789589.21606001
2024-08-15 02:00:00,58648.20000000,59019.40000000,57982.40000000,58420.00000000,383729640.95771003
2024-08-15 06:00:00,58420.00000000,58618.20000000,57679.70000000,58031.90000000,391182398.91030997
2024-08-15 10:00:00,58031.90000000,58833.40000000,57937.90000000,58712.00000000,391032645.50243002
2024-08-15 14:00:00,58712.00000000,59746.80000000,58515.00000000,59650.10000000,907836437.63749003
2024-08-15 18:00:00,59650.10000000,59813.30000000,56635.00000000,57007.50000000,1135996081.97895002
2024-08-15 22:00:00,57007.50000000,57849.90000000,55984.00000000,57511.10000000,702055888.77932000
2024-08-16 02:00:00,57511.10000000,58476.00000000,57063.80000000,57858.10000000,480956842.21917999
2024-08-16 06:00:00,57858.10000000,58607.70000000,57774.40000000,58423.40000000,339765763.63129997
2024-08-16 10:00:00,58423.40000000,58645.10000000,58178.80000000,58369.30000000,347096695.14726001
2024-08-16 14:00:00,58369.30000000,58903.70000000,57507.00000000,58042.10000000,909313670.70989001
2024-08-16 18:00:00,58042.10000000,59780.00000000,57965.40000000,59638.90000000,689573921.29034996
2024-08-16 22:00:00,59638.90000000,59671.50000000,58715.60000000,58854.90000000,305853527.67417002
2024-08-17 02:00:00,58854.90000000,59363.00000000,58769.60000000,59128.30000000,230646966.38214999
2024-08-17 06:00:00,59128.30000000,59238.00000000,59024.60000000,59222.00000000,121621164.31209999
2024-08-17 10:00:00,59222.00000000,59450.10000000,59026.00000000,59106.50000000,192839914.40323001
2024-08-17 14:00:00,59106.50000000,59631.70000000,59067.00000000,59357.70000000,253255246.50692001
2024-08-17 18:00:00,59357.70000000,59680.90000000,59271.80000000,59446.30000000,183707892.81981999
2024-08-17 22:00:00,59446.30000000,59473.50000000,59124.60000000,59468.40000000,99974072.19490001
2024-08-18 02:00:00,59468.40000000,60230.70000000,59261.80000000,59308.60000000,434392362.26008999
2024-08-18 06:00:00,59308.60000000,59665.90000000,59219.80000000,59545.50000000,185269220.49404001
2024-08-18 10:00:00,59545.50000000,60170.00000000,59401.10000000,59991.30000000,380406254.51428998
2024-08-18 14:00:00,59991.30000000,60247.70000000,59629.30000000,59828.90000000,311787852.69208002
2024-08-18 18:00:00,59828.90000000,59916.20000000,59333.00000000,59672.00000000,230325398.46274000
2024-08-18 22:00:00,59672.00000000,59840.00000000,58373.80000000,58390.00000000,361390136.48910999
2024-08-19 02:00:00,58390.00000000,58735.70000000,58174.10000000,58696.60000000,436463366.94442999
2024-08-19 06:00:00,58696.60000000,58714.10000000,58342.00000000,58476.50000000,230983714.28536001
2024-08-19 10:00:00,58476.50000000,58646.00000000,57769.70000000,58362.90000000,470863377.98925000
2024-08-19 14:00:00,58362.90000000,58944.00000000,58037.90000000,58505.70000000,679119521.56016004
2024-08-19 18:00:00,58505.70000000,59260.30000000,58346.20000000,58940.60000000,483805615.48272002
2024-08-19 22:00:00,58940.60000000,59572.40000000,58879.30000000,59392.40000000,285281697.15982997
2024-08-20 02:00:00,59392.40000000,60877.30000000,59324.20000000,60591.10000000,611701106.39179003
2024-08-20 06:00:00,60591.10000000,61382.00000000,60548.40000000,60894.50000000,492729436.66143000
2024-08-20 10:00:00,60894.50000000,60947.50000000,60389.30000000,60494.90000000,323192104.70874000
2024-08-20 14:00:00,60494.90000000,60920.40000000,58671.40000000,58783.70000000,1216378556.38849998
2024-08-20 18:00:00,58783.70000000,59567.30000000,58522.10000000,59470.00000000,500051451.60149997
2024-08-20 22:00:00,59470.00000000,59683.40000000,58850.00000000,58983.00000000,281006631.74132001
2024-08-21 02:00:00,58983.00000000,59489.00000000,58744.10000000,59290.20000000,273055100.32349002
2024-08-21 06:00:00,59290.20000000,59709.40000000,59168.70000000,59690.90000000,225506784.31261000
2024-08-21 10:00:00,59690.90000000,59888.20000000,59058.00000000,59332.40000000,389498332.49474001
2024-08-21 14:00:00,59332.40000000,60191.90000000,58820.00000000,59485.90000000,953815859.57359004
2024-08-21 18:00:00,59485.90000000,61600.00000000,59339.90000000,61540.50000000,794917569.40499997
2024-08-21 22:00:00,61540.50000000,61793.40000000,60874.80000000,61119.90000000,530224856.35519999
2024-08-22 02:00:00,61119.90000000,61184.80000000,59688.70000000,60514.90000000,573672109.42930996
2024-08-22 06:00:00,60514.90000000,61072.00000000,60422.40000000,60946.00000000,318194166.80145001
2024-08-22 10:00:00,60946.00000000,61376.60000000,60773.70000000,61300.00000000,378413743.60822999
2024-08-22 14:00:00,61300.00000000,61360.00000000,60077.10000000,60370.90000000,863839173.45922005
2024-08-22 18:00:00,60370.90000000,60554.90000000,60100.00000000,60272.70000000,378589777.25330001
2024-08-22 22:00:00,60272.70000000,60670.00000000,60250.00000000,60350.00000000,182524172.46197999
2024-08-23 02:00:00,60350.00000000,60951.40000000,60308.10000000,60565.00000000,259193898.44430000
2024-08-23 06:00:00,60565.00000000,61342.40000000,60553.30000000,61045.00000000,386922937.21864998
2024-08-23 10:00:00,61045.00000000,61317.00000000,60661.40000000,60710.10000000,368907061.66536999
2024-08-23 14:00:00,60710.10000000,62300.00000000,60710.10000000,61506.00000000,1352197895.62794995
2024-08-23 18:00:00,61506.00000000,63790.00000000,61301.10000000,63583.90000000,1352072660.03248000
2024-08-23 22:00:00,63583.90000000,65000.00000000,63442.00000000,64019.90000000,817871123.41920996
2024-08-24 02:00:00,64019.90000000,64168.10000000,63602.50000000,63800.00000000,328689979.27380002
2024-08-24 06:00:00,63800.00000000,64293.90000000,63790.20000000,64269.90000000,273391549.29688001
2024-08-24 10:00:00,64269.90000000,64465.00000000,63854.60000000,63881.60000000,339698486.96666998
2024-08-24 14:00:00,63881.60000000,64220.00000000,63834.30000000,63943.30000000,276842914.77241999
2024-08-24 18:00:00,63943.30000000,64414.10000000,63899.90000000,64170.00000000,351399418.79547000
2024-08-24 22:00:00,64170.00000000,64306.20000000,63522.70000000,64116.50000000,351380837.04438001
2024-08-25 02:00:00,64116.50000000,64538.50000000,63963.00000000,64065.10000000,331189123.50672001
2024-08-25 06:00:00,64065.10000000,64164.50000000,63751.00000000,63835.40000000,225291607.18428001
2024-08-25 10:00:00,63835.40000000,63987.00000000,63750.00000000,63851.70000000,200769836.90141001
2024-08-25 14:00:00,63851.70000000,64263.20000000,63777.00000000,64100.00000000,253328244.37538001
2024-08-25 18:00:00,64100.00000000,64226.20000000,63979.80000000,64152.30000000,125710795.50307000
2024-08-25 22:00:00,64152.30000000,65147.50000000,64098.60000000,64190.20000000,533479589.61756998
2024-08-26 02:00:00,64190.20000000,64453.10000000,63745.30000000,64089.50000000,326699341.99720001
2024-08-26 06:00:00,64089.50000000,64183.20000000,63541.90000000,63603.30000000,308507215.36646003
2024-08-26 10:00:00,63603.30000000,64016.40000000,63170.00000000,63816.60000000,454159477.37759000
2024-08-26 14:00:00,63816.60000000,63934.70000000,63036.00000000,63494.70000000,726404271.42297006
2024-08-26 18:00:00,63494.70000000,63848.90000000,63150.00000000,63305.10000000,488313760.26280999
2024-08-26 22:00:00,63305.10000000,63533.00000000,62785.00000000,62807.70000000,360172202.65601999
2024-08-27 02:00:00,62807.70000000,63189.20000000,62629.20000000,62947.20000000,407242695.80396998
2024-08-27 06:00:00,62947.20000000,63178.70000000,62693.10000000,62882.00000000,285117390.77134001
2024-08-27 10:00:00,62882.00000000,62986.70000000,62200.20000000,62392.40000000,547940295.78922999
2024-08-27 14:00:00,62392.40000000,62477.50000000,61434.30000000,61681.00000000,949526346.48204994
2024-08-27 18:00:00,61681.00000000,62165.10000000,61489.70000000,62074.90000000,472764946.16531003
2024-08-27 22:00:00,62074.90000000,62075.00000000,57939.60000000,59384.50000000,1365401228.06381989
2024-08-28 02:00:00,59384.50000000,59624.90000000,58874.80000000,59597.30000000,473250185.79939002
2024-08-28 06:00:00,59597.30000000,59639.90000000,58500.00000000,58576.80000000,383674558.32296997
2024-08-28 10:00:00,58576.80000000,60197.40000000,58513.00000000,59900.20000000,634520461.15548003
2024-08-28 14:00:00,59900.20000000,60130.90000000,58430.00000000,58963.50000000,865181505.73658001
2024-08-28 18:00:00,58963.50000000,59794.50000000,57822.30000000,58879.60000000,918403960.10855997
2024-08-28 22:00:00,58879.60000000,59569.00000000,58609.00000000,59010.00000000,413971761.64486998
2024-08-29 02:00:00,59010.00000000,59299.20000000,58838.00000000,59110.90000000,226010892.51537001
2024-08-29 06:00:00,59110.90000000,59733.90000000,59040.90000000,59549.00000000,257728265.43439001
2024-08-29 10:00:00,59549.00000000,60450.20000000,59340.10000000,60049.40000000,421924443.90280002
2024-08-29 14:00:00,60049.40000000,61143.60000000,59956.30000000,60750.90000000,766153136.46675003
2024-08-29 18:00:00,60750.90000000,60929.90000000,58887.20000000,59234.00000000,889468119.89479005
2024-08-29 22:00:00,59234.00000000,59614.20000000,58669.90000000,59323.70000000,317448530.03969997
2024-08-30 02:00:00,59323.70000000,59456.60000000,58869.30000000,59001.00000000,294711996.50476998
2024-08-30 06:00:00,59001.00000000,59558.00000000,58652.60000000,59235.90000000,418123494.96077001
2024-08-30 10:00:00,59235.90000000,59637.40000000,59235.90000000,59366.90000000,305662882.59547001
2024-08-30 14:00:00,59366.90000000,59900.00000000,57908.70000000,58062.70000000,1129865053.60323000
2024-08-30 18:00:00,58062.70000000,59345.80000000,57686.00000000,58679.10000000,798111777.98085999
2024-08-30 22:00:00,58679.10000000,59262.60000000,58670.00000000,59096.30000000,194399750.09180000
2024-08-31 02:00:00,59096.30000000,59436.10000000,59030.90000000,59199.90000000,164397831.35512000
2024-08-31 06:00:00,59199.90000000,59321.80000000,59044.00000000,59060.70000000,127093021.36088000
2024-08-31 10:00:00,59060.70000000,59153.00000000,58798.00000000,59084.10000000,190039384.75009000
2024-08-31 14:00:00,59084.10000000,59215.70000000,58860.00000000,58983.70000000,197907098.13255000
2024-08-31 18:00:00,58983.70000000,59108.30000000,58706.90000000,58834.20000000,192766574.13014999
2024-08-31 22:00:00,58834.20000000,59103.70000000,58756.00000000,58946.20000000,110091216.08952001
2024-09-01 02:00:00,58946.20000000,59048.00000000,58250.00000000,58501.50000000,268922198.54741001
2024-09-01 06:00:00,58501.50000000,58575.70000000,57728.60000000,58444.00000000,435532443.10772002
2024-09-01 10:00:00,58444.00000000,58469.90000000,57799.80000000,58209.10000000,309301792.48882002
2024-09-01 14:00:00,58209.10000000,58345.00000000,57128.50000000,58184.10000000,709805972.86008000
2024-09-01 18:00:00,58184.10000000,58751.20000000,57836.90000000,58480.80000000,397323354.52561003
2024-09-01 22:00:00,58480.80000000,58626.30000000,57173.10000000,57268.10000000,504349193.35333002
2024-09-02 02:00:00,57268.10000000,57735.00000000,57093.00000000,57708.70000000,472209688.28161001
2024-09-02 06:00:00,57708.70000000,57960.70000000,57327.20000000,57523.30000000,297141307.03222001
2024-09-02 10:00:00,57523.30000000,58639.00000000,57487.70000000,58394.90000000,449171364.60709000
2024-09-02 14:00:00,58394.90000000,58783.00000000,58075.00000000,58508.10000000,322876396.70828003
2024-09-02 18:00:00,58508.10000000,58640.80000000,58267.40000000,58418.80000000,141473643.12546000
2024-09-02 22:00:00,58418.80000000,59406.20000000,58358.00000000,59112.20000000,303020544.25199997
2024-09-03 02:00:00,59112.20000000,59790.00000000,58999.80000000,59087.90000000,293081014.07555002
2024-09-03 06:00:00,59087.90000000,59234.10000000,58844.00000000,59078.00000000,190990424.81388000
2024-09-03 10:00:00,59078.00000000,59174.00000000,58685.00000000,59038.50000000,181710428.04144999
2024-09-03 14:00:00,59038.50000000,59325.40000000,57532.90000000,57700.10000000,657475504.92692006
2024-09-03 18:00:00,57700.10000000,58237.90000000,57560.70000000,58014.70000000,346059532.72135001
2024-09-03 22:00:00,58014.70000000,58217.30000000,57345.70000000,57451.90000000,192510385.97589999
2024-09-04 02:00:00,57451.90000000,57913.20000000,55558.80000000,56632.80000000,650543853.30807996
2024-09-04 06:00:00,56632.80000000,56847.20000000,56143.60000000,56717.40000000,290974871.76378000
2024-09-04 10:00:00,56717.40000000,56869.00000000,56422.30000000,56538.90000000,209246950.16047999
2024-09-04 14:00:00,56538.90000000,58134.10000000,56156.10000000,58099.90000000,689896463.25340998
2024-09-04 18:00:00,58099.90000000,58500.00000000,57616.00000000,58026.10000000,435341720.07016999
2024-09-04 22:00:00,58026.10000000,58370.70000000,57799.90000000,57944.80000000,152065383.68369001
2024-09-05 02:00:00,57944.80000000,58312.30000000,56891.40000000,57102.60000000,353419176.60606003
2024-09-05 06:00:00,57102.60000000,57265.00000000,56508.10000000,57126.90000000,284713031.06257999
2024-09-05 10:00:00,57126.90000000,57207.00000000,56593.80000000,56666.10000000,237644755.29897001
2024-09-05 14:00:00,56666.10000000,57276.30000000,55788.70000000,55949.40000000,776177203.29948997
2024-09-05 18:00:00,55949.40000000,56679.00000000,55762.70000000,56028.20000000,367841431.68931001
2024-09-05 22:00:00,56028.20000000,56232.80000000,55610.00000000,56145.70000000,194044074.58555999
2024-09-06 02:00:00,56145.70000000,56836.60000000,55958.30000000,56553.80000000,259473698.76058000
2024-09-06 06:00:00,56553.80000000,56717.70000000,55250.00000000,55766.40000000,351398992.85553002
2024-09-06 10:00:00,55766.40000000,56230.10000000,55611.00000000,55972.10000000,305575371.84476000
2024-09-06 14:00:00,55972.10000000,56978.10000000,53781.90000000,54022.00000000,1192656598.89688993
2024-09-06 18:00:00,54022.00000000,54411.60000000,53250.00000000,53515.40000000,636405095.51705003
2024-09-06 22:00:00,53515.40000000,53938.90000000,52510.50000000,53927.60000000,418166193.57633001
2024-09-07 02:00:00,53927.60000000,54049.00000000,53725.00000000,53789.20000000,137523848.38172999
2024-09-07 06:00:00,53789.20000000,54369.60000000,53781.00000000,54260.10000000,206723044.04203001
2024-09-07 10:00:00,54260.10000000,54469.20000000,54155.90000000,54298.90000000,136392923.42767000
2024-09-07 14:00:00,54298.90000000,54800.00000000,54299.00000000,54746.60000000,193773919.44051000
2024-09-07 18:00:00,54746.60000000,54820.20000000,53974.80000000,54375.00000000,222359782.18503001
2024-09-07 22:00:00,54375.00000000,54415.40000000,53791.30000000,54134.90000000,150351312.64785001
2024-09-08 02:00:00,54134.90000000,54478.60000000,53937.00000000,54371.50000000,134953825.66460001
2024-09-08 06:00:00,54371.50000000,54605.90000000,54233.50000000,54411.50000000,123443667.80625001
2024-09-08 10:00:00,54411.50000000,54700.00000000,54323.10000000,54528.70000000,137544546.88361999
2024-09-08 14:00:00,54528.70000000,54544.00000000,53615.10000000,53664.90000000,326192963.17286003
2024-09-08 18:00:00,53664.90000000,54497.40000000,53600.00000000,54301.30000000,216000343.59481001
2024-09-08 22:00:00,54301.30000000,55292.00000000,54160.00000000,54839.60000000,357309900.65154999
2024-09-09 02:00:00,54839.60000000,55333.40000000,54658.90000000,55084.90000000,279585444.52411997
2024-09-09 06:00:00,55084.90000000,55117.50000000,54557.20000000,54939.10000000,209808834.12257999
2024-09-09 10:00:00,54939.10000000,55520.00000000,54920.70000000,55236.80000000,284425576.34838003
2024-09-09 14:00:00,55236.80000000,55765.90000000,54785.90000000,55360.20000000,555509392.78082001
2024-09-09 18:00:00,55360.20000000,57144.00000000,55319.40000000,57054.30000000,664092323.50654995
2024-09-09 22:00:00,57054.30000000,58100.70000000,56773.50000000,57010.00000000,386397544.80214000
2024-09-10 02:00:00,57010.00000000,57041.70000000,56493.10000000,56500.00000000,232522108.79699999
2024-09-10 06:00:00,56500.00000000,57266.60000000,56367.60000000,57183.10000000,244105261.30184001
2024-09-10 10:00:00,57183.10000000,57340.00000000,56860.60000000,57190.00000000,241607644.23552001
2024-09-10 14:00:00,57190.00000000,57432.00000000,56490.40000000,56558.70000000,522565445.00774997
2024-09-10 18:00:00,56558.70000000,58016.00000000,56525.00000000,57916.10000000,483053746.22608000
2024-09-10 22:00:00,57916.10000000,57944.50000000,57418.40000000,57609.10000000,192353038.50859001
2024-09-11 02:00:00,57609.10000000,57722.10000000,56655.60000000,56793.50000000,361761452.14578003
2024-09-11 06:00:00,56793.50000000,56793.50000000,56060.30000000,56675.20000000,336955666.62801999
2024-09-11 10:00:00,56675.20000000,56840.00000000,56310.00000000,56768.90000000,275561656.41557997
2024-09-11 14:00:00,56768.90000000,57137.90000000,55533.60000000,56676.00000000,874817150.79323995
2024-09-11 18:00:00,56676.00000000,57950.90000000,56618.60000000,57570.00000000,575799649.77815998
2024-09-11 22:00:00,57570.00000000,57647.90000000,57190.10000000,57307.20000000,131216065.46262001
2024-09-12 02:00:00,57307.20000000,58457.00000000,57292.80000000,58197.90000000,363159248.47570002
2024-09-12 06:00:00,58197.90000000,58396.80000000,57817.60000000,58101.70000000,224256128.68331000
2024-09-12 10:00:00,58101.70000000,58317.50000000,57867.10000000,58031.70000000,169201870.95120001
2024-09-12 14:00:00,58031.70000000,58546.40000000,57310.00000000,57472.10000000,575501758.55136001
2024-09-12 18:00:00,57472.10000000,58425.70000000,57454.50000000,58362.40000000,288472776.67207003
2024-09-12 22:00:00,58362.40000000,58366.30000000,57756.10000000,58097.00000000,141730829.94613999
2024-09-13 02:00:00,58097.00000000,58220.40000000,57800.90000000,57826.90000000,106648072.58404000
2024-09-13 06:00:00,57826.90000000,58108.40000000,57709.00000000,58079.80000000,96236875.87654001
2024-09-13 10:00:00,58079.80000000,58319.00000000,57793.00000000,57849.00000000,150437362.66018999
2024-09-13 14:00:00,57849.00000000,59700.10000000,57594.30000000,59629.90000000,654753270.81579995
2024-09-13 18:00:00,59629.90000000,59967.10000000,59288.10000000,59697.10000000,330655590.51102000
2024-09-13 22:00:00,59697.10000000,60597.00000000,59588.00000000,60456.20000000,273405485.20004678
2024-09-14 02:00:00,60456.20000000,60572.90000000,60255.40000000,60291.90000000,102891190.60151000
2024-09-14 06:00:00,60291.90000000,60318.80000000,59868.70000000,60110.40000000,113985803.37270001
2024-09-14 10:00:00,60110.40000000,60129.90000000,59577.80000000,59680.10000000,122191890.18874000
2024-09-14 14:00:00,59680.10000000,59988.80000000,59610.00000000,59840.10000000,114815765.68786000
2024-09-14 18:00:00,59840.10000000,59953.00000000,59366.00000000,59778.50000000,168204596.57038000
2024-09-14 22:00:00,59778.50000000,60102.90000000,59740.00000000,59964.00000000,113785847.29149000
2024-09-15 02:00:00,59964.00000000,60242.20000000,59950.00000000,60130.20000000,106058516.98007999
2024-09-15 06:00:00,60130.20000000,60190.10000000,60050.20000000,60166.80000000,70497831.54668000
2024-09-15 10:00:00,60166.80000000,60178.00000000,59848.60000000,59976.90000000,153984702.42723000
2024-09-15 14:00:00,59976.90000000,60369.40000000,59839.00000000,60304.70000000,327678660.76809001
2024-09-15 18:00:00,60304.70000000,60323.10000000,59672.80000000,59847.70000000,358260632.72526002
2024-09-15 22:00:00,59847.70000000,59910.20000000,58654.00000000,59100.60000000,516619336.81256998
2024-09-16 02:00:00,59100.60000000,59182.20000000,58079.80000000,58546.40000000,626134021.93929994
2024-09-16 06:00:00,58546.40000000,58935.00000000,58288.00000000,58874.60000000,310315529.10522002
2024-09-16 10:00:00,58874.60000000,59154.20000000,58476.00000000,58630.00000000,338136082.88151997
2024-09-16 14:00:00,58630.00000000,58765.90000000,57549.80000000,57860.70000000,865170824.60852003
2024-09-16 18:00:00,57860.70000000,58250.00000000,57461.60000000,57915.40000000,604618709.81941998
2024-09-16 22:00:00,57915.40000000,58394.50000000,57584.60000000,58187.00000000,291855469.71490002
2024-09-17 02:00:00,58187.00000000,58320.00000000,57588.80000000,58035.20000000,339419262.02591997
2024-09-17 06:00:00,58035.20000000,58761.90000000,57993.10000000,58668.10000000,325175710.17640001
2024-09-17 10:00:00,58668.10000000,59272.40000000,58600.50000000,59055.00000000,555297536.09012997
2024-09-17 14:00:00,59055.00000000,61313.80000000,58850.00000000,61111.10000000,1947566984.26788998
2024-09-17 18:00:00,61111.10000000,61239.60000000,59600.10000000,59941.50000000,970446020.26771998
2024-09-17 22:00:00,59941.50000000,60398.20000000,59699.90000000,60281.00000000,388526268.75217998
2024-09-18 02:00:00,60281.00000000,60746.10000000,59847.30000000,60490.00000000,411022117.58197999
2024-09-18 06:00:00,60490.00000000,60664.90000000,60168.00000000,60400.80000000,271579687.83269000
2024-09-18 10:00:00,60400.80000000,60403.70000000,59360.80000000,59824.60000000,630285898.40646005
2024-09-18 14:00:00,59824.60000000,60129.00000000,59276.50000000,59400.10000000,819410792.52133000
2024-09-18 18:00:00,59400.10000000,61317.00000000,59143.40000000,60031.00000000,2142921865.76169991
2024-09-18 22:00:00,60031.00000000,61764.90000000,59440.40000000,61728.10000000,785424189.71482003
2024-09-19 02:00:00,61728.10000000,62554.90000000,61534.00000000,62086.60000000,1054124508.73350000
2024-09-19 06:00:00,62086.60000000,62155.00000000,61779.90000000,62058.10000000,356293782.83968002
2024-09-19 10:00:00,62058.10000000,62685.20000000,61854.50000000,62604.50000000,619024472.60441995
2024-09-19 14:00:00,62604.50000000,63483.80000000,62550.00000000,63121.40000000,1311351820.86781001
2024-09-19 18:00:00,63121.40000000,63827.30000000,62916.80000000,63221.80000000,862395400.33138001
2024-09-19 22:00:00,63221.80000000,63229.40000000,62625.20000000,62929.20000000,407779473.16276997
2024-09-20 02:00:00,62929.20000000,63728.10000000,62585.30000000,63717.10000000,510621098.64705998
2024-09-20 06:00:00,63717.10000000,64111.00000000,63363.70000000,63494.40000000,787140374.05611002
2024-09-20 10:00:00,63494.40000000,63673.80000000,63080.10000000,63417.10000000,544439637.34878004
2024-09-20 14:00:00,63417.10000000,63528.60000000,62541.70000000,63115.90000000,1180640313.72017002
2024-09-20 18:00:00,63115.90000000,63254.40000000,62320.00000000,62766.10000000,638025079.08502996
2024-09-20 22:00:00,62766.10000000,63276.90000000,62673.30000000,63175.70000000,265400513.21033999
2024-09-21 02:00:00,63175.70000000,63280.60000000,62791.00000000,62865.90000000,270826917.73003000
2024-09-21 06:00:00,62865.90000000,63114.50000000,62720.00000000,63060.10000000,208632220.84290001
2024-09-21 10:00:00,63060.10000000,63119.90000000,62936.80000000,63057.90000000,145120280.83107001
2024-09-21 14:00:00,63057.90000000,63286.90000000,62996.50000000,63146.60000000,223811372.35684001
2024-09-21 18:00:00,63146.60000000,63378.80000000,63059.90000000,63174.20000000,203746298.24641001
2024-09-21 22:00:00,63174.20000000,63536.50000000,63025.80000000,63320.70000000,195419069.81690001
2024-09-22 02:00:00,63320.70000000,63423.70000000,62801.70000000,63088.80000000,309228295.60203999
2024-09-22 06:00:00,63088.80000000,63182.40000000,62808.00000000,62909.30000000,171298227.04595000
2024-09-22 10:00:00,62909.30000000,63010.50000000,62520.30000000,62751.40000000,354923118.48557001
2024-09-22 14:00:00,62751.40000000,62910.60000000,62436.20000000,62624.20000000,307921512.45177001
2024-09-22 18:00:00,62624.20000000,63199.90000000,62443.20000000,63132.20000000,362436246.93045002
2024-09-22 22:00:00,63132.20000000,64003.40000000,62339.00000000,63558.50000000,840462162.12180996
2024-09-23 02:00:00,63558.50000000,64717.90000000,62536.20000000,64320.10000000,1135310656.38598990
2024-09-23 06:00:00,64320.10000000,64427.90000000,63359.10000000,63519.90000000,541718085.80869997
2024-09-23 10:00:00,63519.90000000,63668.40000000,63279.50000000,63399.00000000,344974174.76077002
2024-09-23 14:00:00,63399.00000000,63778.60000000,63033.90000000,63589.80000000,856136476.46633995
2024-09-23 18:00:00,63589.80000000,63790.00000000,63077.60000000,63266.10000000,444289319.30566001
2024-09-23 22:00:00,63266.10000000,63467.10000000,63050.00000000,63302.00000000,278193646.38279998
2024-09-24 02:00:00,63302.00000000,63377.40000000,62690.20000000,63097.70000000,522188686.84114999
2024-09-24 06:00:00,63097.70000000,63542.00000000,62915.70000000,63527.80000000,298438773.25797999
2024-09-24 10:00:00,63527.80000000,63919.90000000,63350.00000000,63445.10000000,504785408.37255001
2024-09-24 14:00:00,63445.10000000,63743.90000000,62695.00000000,63128.90000000,952384419.55686998
2024-09-24 18:00:00,63128.90000000,64357.70000000,63058.10000000,64270.10000000,758376772.84790003
2024-09-24 22:00:00,64270.10000000,64666.00000000,63939.20000000,64243.20000000,611337053.85017002
2024-09-25 02:00:00,64243.20000000,64793.40000000,63957.00000000,64422.40000000,474759460.04000998
2024-09-25 06:00:00,64422.40000000,64430.00000000,63612.30000000,63814.90000000,412801759.55241001
2024-09-25 10:00:00,63814.90000000,63888.50000000,63377.10000000,63808.10000000,494570464.61862999
2024-09-25 14:00:00,63808.10000000,63969.00000000,63288.00000000,63470.00000000,657452149.15671003
2024-09-25 18:00:00,63470.00000000,63642.60000000,62970.10000000,63145.00000000,626783830.58096004
2024-09-25 22:00:00,63145.00000000,63531.30000000,62914.90000000,63118.40000000,403325291.29136997
2024-09-26 02:00:00,63118.40000000,63518.90000000,62634.50000000,63482.90000000,627947228.48440003
2024-09-26 06:00:00,63482.90000000,63843.10000000,63311.90000000,63823.50000000,372493015.14248002
2024-09-26 10:00:00,63823.50000000,64483.00000000,63567.00000000,64373.00000000,745148519.62024999
2024-09-26 14:00:00,64373.00000000,65524.80000000,64127.10000000,65194.80000000,2059895107.61153007
2024-09-26 18:00:00,65194.80000000,65800.00000000,64656.20000000,64673.50000000,903435698.98602998
2024-09-26 22:00:00,64673.50000000,65214.20000000,64604.00000000,65139.20000000,450762429.73715001
2024-09-27 02:00:00,65139.20000000,65405.80000000,64788.00000000,65338.10000000,427704614.56362998
2024-09-27 06:00:00,65338.10000000,65531.40000000,65071.00000000,65438.90000000,426800219.31592000
2024-09-27 10:00:00,65438.90000000,65968.00000000,65307.00000000,65408.20000000,670645325.60716999
2024-09-27 14:00:00,65408.20000000,66448.80000000,65294.00000000,65974.00000000,1208674551.14681005
2024-09-27 18:00:00,65974.00000000,66329.00000000,65485.30000000,65621.20000000,716049858.82446003
2024-09-27 22:00:00,65621.20000000,65936.90000000,65590.60000000,65749.60000000,215986472.68478000
2024-09-28 02:00:00,65749.60000000,66227.90000000,65692.40000000,66040.90000000,238597735.69365001
2024-09-28 06:00:00,66040.90000000,66060.10000000,65706.10000000,65790.00000000,211846197.83542001
2024-09-28 10:00:00,65790.00000000,65790.00000000,65427.70000000,65761.50000000,325571396.09615999
2024-09-28 14:00:00,65761.50000000,65787.20000000,65380.90000000,65593.60000000,330887879.44919002
2024-09-28 18:00:00,65593.60000000,65787.00000000,65459.60000000,65699.60000000,150661689.50597000
2024-09-28 22:00:00,65699.60000000,65977.50000000,65382.70000000,65822.60000000,250748798.14789999
2024-09-29 02:00:00,65822.60000000,65954.50000000,65605.70000000,65781.60000000,204612674.55858999
2024-09-29 06:00:00,65781.60000000,65781.60000000,65400.10000000,65437.00000000,208051875.71434999
2024-09-29 10:00:00,65437.00000000,65702.60000000,65401.00000000,65670.40000000,196355660.95412999
2024-09-29 14:00:00,65670.40000000,65832.90000000,65499.90000000,65720.00000000,303543291.73008001
2024-09-29 18:00:00,65720.00000000,65946.90000000,65623.80000000,65926.30000000,217581755.53479999
2024-09-29 22:00:00,65926.30000000,66050.00000000,65491.40000000,65568.20000000,340396227.75139999
2024-09-30 02:00:00,65568.20000000,65588.80000000,64162.30000000,64539.90000000,1092776894.82942009
2024-09-30 06:00:00,64539.90000000,64686.00000000,64300.00000000,64539.00000000,399467949.05831999
2024-09-30 10:00:00,64539.00000000,64552.80000000,63222.00000000,63794.40000000,1161713757.54006004
2024-09-30 14:00:00,63794.40000000,64130.80000000,63512.40000000,63535.60000000,773442652.50136995
2024-09-30 18:00:00,63535.60000000,63719.10000000,63038.60000000,63469.40000000,732253164.90288997
2024-09-30 22:00:00,63469.40000000,63843.20000000,62825.10000000,63309.20000000,498473298.90109998
2024-10-01 02:00:00,63309.20000000,63732.00000000,63000.00000000,63707.20000000,459488373.50810999
2024-10-01 06:00:00,63707.20000000,64092.60000000,63627.60000000,64016.90000000,373305687.01846999
2024-10-01 10:00:00,64016.90000000,64075.50000000,63683.10000000,63700.00000000,297373788.34189999
2024-10-01 14:00:00,63700.00000000,63784.00000000,61804.70000000,62613.80000000,2095810393.42916989
2024-10-01 18:00:00,62613.80000000,62760.00000000,61100.00000000,61733.70000000,1811348106.46579003
2024-10-01 22:00:00,61733.70000000,61750.10000000,60132.50000000,60776.70000000,1179261317.69573998
2024-10-02 02:00:00,60776.70000000,61858.00000000,60706.30000000,61718.00000000,570636553.71984005
2024-10-02 06:00:00,61718.00000000,61919.60000000,61325.00000000,61702.50000000,426132716.85973001
2024-10-02 10:00:00,61702.50000000,61887.00000000,60856.90000000,61140.90000000,628659953.89194000
2024-10-02 14:00:00,61140.90000000,61901.90000000,60499.90000000,61840.00000000,1328168132.15915990
2024-10-02 18:00:00,61840.00000000,62345.70000000,59949.00000000,60166.10000000,1389322651.34922004
2024-10-02 22:00:00,60166.10000000,60972.10000000,60093.70000000,60622.70000000,517848127.62742001
2024-10-03 02:00:00,60622.70000000,61437.00000000,60510.40000000,61434.30000000,477337726.97759002
2024-10-03 06:00:00,61434.30000000,61452.60000000,60794.10000000,60900.00000000,376133861.05602998
2024-10-03 10:00:00,60900.00000000,61047.30000000,60101.60000000,60736.00000000,803300647.08107996
2024-10-03 14:00:00,60736.00000000,60900.30000000,59819.70000000,60606.40000000,1409344489.56804991
2024-10-03 18:00:00,60606.40000000,61024.10000000,59889.10000000,61004.70000000,811240973.62345004
2024-10-03 22:00:00,61004.70000000,61072.50000000,60580.00000000,60727.10000000,285696656.16587001
2024-10-04 02:00:00,60727.10000000,61247.40000000,60434.10000000,60928.80000000,485253691.67259997
2024-10-04 06:00:00,60928.80000000,61473.00000000,60897.30000000,61403.90000000,325509616.42360997
2024-10-04 10:00:00,61403.90000000,61616.00000000,61236.80000000,61423.10000000,373234038.53140998
2024-10-04 14:00:00,61423.10000000,61981.50000000,60758.50000000,61840.00000000,1375361878.82838988
2024-10-04 18:00:00,61840.00000000,62433.00000000,61611.00000000,62331.00000000,697977689.43634999
2024-10-04 22:00:00,62331.00000000,62457.00000000,61934.00000000,62056.70000000,259527247.23931000
2024-10-05 02:00:00,62056.70000000,62169.00000000,61648.10000000,61835.50000000,246513387.38773000
2024-10-05 06:00:00,61835.50000000,62242.40000000,61790.30000000,62043.00000000,187969593.33157000
2024-10-05 10:00:00,62043.00000000,62298.20000000,62043.00000000,62149.10000000,136689502.51385999
2024-10-05 14:00:00,62149.10000000,62343.90000000,62062.20000000,62131.50000000,181352301.42576000
2024-10-05 18:00:00,62131.50000000,62159.40000000,61749.40000000,61822.30000000,250833322.12154001
2024-10-05 22:00:00,61822.30000000,62076.90000000,61671.90000000,62023.00000000,180528597.98276001
2024-10-06 02:00:00,62023.00000000,62124.40000000,61843.00000000,61851.90000000,151050901.24491999
2024-10-06 06:00:00,61851.90000000,61987.70000000,61779.00000000,61919.70000000,102442552.72267000
2024-10-06 10:00:00,61919.70000000,62139.70000000,61890.00000000,62067.00000000,139407773.27533999
2024-10-06 14:00:00,62067.00000000,62749.90000000,62027.00000000,62690.30000000,492966127.11531001
2024-10-06 18:00:00,62690.30000000,62942.00000000,62511.00000000,62601.50000000,324456046.03727001
2024-10-06 22:00:00,62601.50000000,62888.00000000,62265.00000000,62789.30000000,300850173.94169998
2024-10-07 02:00:00,62789.30000000,63949.30000000,62623.30000000,63494.60000000,798361377.08624005
2024-10-07 06:00:00,63494.60000000,63689.80000000,63281.60000000,63510.00000000,300884789.13384002
2024-10-07 10:00:00,63510.00000000,63680.00000000,62621.90000000,63114.00000000,700204691.06236005
2024-10-07 14:00:00,63114.00000000,64438.20000000,62800.00000000,63620.10000000,1374577417.69848990
2024-10-07 18:00:00,63620.10000000,63885.00000000,62700.00000000,63347.90000000,705855556.66571999
2024-10-07 22:00:00,63347.90000000,63379.90000000,62091.80000000,62190.60000000,604022969.46052003
2024-10-08 02:00:00,62190.60000000,62794.00000000,62126.30000000,62602.40000000,442734449.02994001
2024-10-08 06:00:00,62602.40000000,62741.90000000,61977.20000000,62291.40000000,538589371.46111000
2024-10-08 10:00:00,62291.40000000,62637.00000000,62163.70000000,62595.80000000,312165571.37549001
2024-10-08 14:00:00,62595.80000000,63175.50000000,61836.50000000,62259.90000000,1258716240.24456000
2024-10-08 18:00:00,62259.90000000,62570.70000000,61845.80000000,62218.10000000,640762496.45631003
2024-10-08 22:00:00,62218.10000000,62544.50000000,62000.10000000,62131.70000000,228164455.01574999
2024-10-09 02:00:00,62131.70000000,62478.50000000,61978.00000000,62365.00000000,295673581.19235998
2024-10-09 06:00:00,62365.00000000,62520.90000000,62170.60000000,62245.00000000,228913229.42326999
2024-10-09 10:00:00,62245.00000000,62261.70000000,62025.00000000,62177.70000000,254468905.75342000
2024-10-09 14:00:00,62177.70000000,62386.00000000,61611.00000000,62285.30000000,980343831.76875997
2024-10-09 18:00:00,62285.30000000,62320.00000000,60803.30000000,61010.70000000,888691814.18664002
2024-10-09 22:00:00,61010.70000000,61092.50000000,60262.00000000,60606.30000000,597032676.92633998
2024-10-10 02:00:00,60606.30000000,60930.00000000,60338.00000000,60838.70000000,381132202.22008997
2024-10-10 06:00:00,60838.70000000,61124.30000000,60782.50000000,60871.00000000,241230042.45116001
2024-10-10 10:00:00,60871.00000000,61291.90000000,60599.80000000,61235.90000000,386195697.07464999
2024-10-10 14:00:00,61235.90000000,61294.90000000,60422.00000000,60770.00000000,869255063.39567995
2024-10-10 18:00:00,60770.00000000,61016.60000000,58900.50000000,59696.90000000,1269625417.81780005
2024-10-10 22:00:00,59696.90000000,60295.30000000,59552.00000000,60293.30000000,378752572.63116997
2024-10-11 02:00:00,60293.30000000,60746.30000000,60057.80000000,60572.60000000,375334845.77002001
2024-10-11 06:00:00,60572.60000000,60893.40000000,60541.80000000,60644.00000000,276140629.06689000
2024-10-11 10:00:00,60644.00000000,61228.90000000,60618.50000000,61140.10000000,405815474.00138003
2024-10-11 14:00:00,61140.10000000,62437.40000000,61091.90000000,62218.10000000,1179643190.48020005
2024-10-11 18:00:00,62218.10000000,63399.80000000,62082.10000000,63045.10000000,1058674529.35610998
2024-10-11 22:00:00,63045.10000000,63143.40000000,62328.00000000,62509.00000000,383401728.76577997
2024-10-12 02:00:00,62509.00000000,63055.80000000,62458.00000000,62537.00000000,346836038.72359002
2024-10-12 06:00:00,62537.00000000,62770.00000000,62537.00000000,62734.00000000,154934562.92247999
2024-10-12 10:00:00,62734.00000000,63229.20000000,62645.50000000,62900.40000000,267501716.29065001
2024-10-12 14:00:00,62900.40000000,63444.10000000,62785.40000000,63124.80000000,400363892.32448000
2024-10-12 18:00:00,63124.80000000,63366.80000000,62877.60000000,62966.30000000,253837909.37920001
2024-10-12 22:00:00,62966.30000000,63344.10000000,62966.20000000,63176.00000000,132527860.95354000
2024-10-13 02:00:00,63176.00000000,63260.00000000,62626.10000000,62686.10000000,337728410.82116997
2024-10-13 06:00:00,62686.10000000,62960.00000000,62675.40000000,62819.00000000,146185467.27388000
2024-10-13 10:00:00,62819.00000000,62938.10000000,62490.00000000,62530.00000000,202668698.01763001
2024-10-13 14:00:00,62530.00000000,62802.80000000,62020.00000000,62195.20000000,477621831.38353997
2024-10-13 18:00:00,62195.20000000,62864.80000000,62141.10000000,62699.30000000,503221506.85892999
2024-10-13 22:00:00,62699.30000000,63108.60000000,62574.10000000,62839.80000000,272083152.78669000
2024-10-14 02:00:00,62839.80000000,64377.60000000,62420.00000000,64283.90000000,681647789.41042995
2024-10-14 06:00:00,64283.90000000,64672.40000000,63753.90000000,64600.00000000,899190850.74849999
2024-10-14 10:00:00,64600.00000000,65145.60000000,64306.90000000,64899.40000000,778758913.43776000
2024-10-14 14:00:00,64899.40000000,66276.80000000,64630.00000000,65850.90000000,1329987711.60592008
2024-10-14 18:00:00,65850.90000000,66048.50000000,65520.30000000,65906.60000000,614773122.77472997
2024-10-14 22:00:00,65906.60000000,66503.60000000,65710.00000000,66064.90000000,494559024.61544001
2024-10-15 02:00:00,66064.90000000,66312.40000000,65302.90000000,65382.10000000,476204353.87632000
2024-10-15 06:00:00,65382.10000000,65830.00000000,65200.10000000,65638.30000000,429128095.71704000
2024-10-15 10:00:00,65638.30000000,65837.90000000,65255.00000000,65376.40000000,402434713.89152002
2024-10-15 14:00:00,65376.40000000,67950.00000000,64772.70000000,65994.70000000,2752293904.94315004
2024-10-15 18:00:00,65994.70000000,67366.80000000,65961.00000000,66950.30000000,1147307450.13060999
2024-10-15 22:00:00,66950.30000000,67136.00000000,66096.60000000,67044.00000000,602941530.08205998
2024-10-16 02:00:00,67044.00000000,67544.00000000,66717.60000000,67064.60000000,471194067.46063000
2024-10-16 06:00:00,67064.60000000,67335.90000000,66733.70000000,66948.90000000,384391600.79702997
2024-10-16 10:00:00,66948.90000000,68399.90000000,66888.00000000,67872.20000000,967489118.46273994
2024-10-16 14:00:00,67872.20000000,68294.90000000,67084.50000000,67725.90000000,1209217785.29503012
2024-10-16 18:00:00,67725.90000000,68087.60000000,67447.10000000,67694.00000000,467135771.01462001
2024-10-16 22:00:00,67694.00000000,67945.00000000,67469.00000000,67592.00000000,254359974.96840000
2024-10-17 02:00:00,67592.00000000,67925.90000000,67369.30000000,67570.10000000,379447924.18159002
2024-10-17 06:00:00,67570.10000000,67565.30000000,67054.20000000,67280.80000000,417288821.13005000
2024-10-17 10:00:00,67280.80000000,67513.90000000,66786.00000000,66853.50000000,540902479.71975994
2024-10-17 14:00:00,66853.50000000,67666.00000000,66641.00000000,67561.80000000,1086708455.87861991
2024-10-17 18:00:00,67561.80000000,67570.00000000,66684.90000000,66821.00000000,645622662.96410000
2024-10-17 22:00:00,66821.00000000,67466.80000000,66802.60000000,67401.40000000,281094087.15006000
2024-10-18 02:00:00,67401.40000000,68256.20000000,67170.00000000,67532.20000000,650451770.71436000
2024-10-18 06:00:00,67532.20000000,68370.80000000,67520.10000000,67955.10000000,561903846.91084003
2024-10-18 10:00:00,67955.10000000,68044.70000000,67659.30000000,67692.70000000,316039419.35351002
2024-10-18 14:00:00,67692.70000000,68862.10000000,67629.00000000,68710.00000000,1191434061.16924000
2024-10-18 18:00:00,68710.00000000,69000.00000000,68338.00000000,68579.30000000,702740113.93305004
2024-10-18 22:00:00,68579.30000000,68669.60000000,68173.50000000,68407.90000000,306619424.20225000
2024-10-19 02:00:00,68407.90000000,68684.00000000,68278.80000000,68428.40000000,229957058.07563001
2024-10-19 06:00:00,68428.40000000,68544.60000000,68270.80000000,68328.90000000,152821438.33302000
2024-10-19 10:00:00,68328.90000000,68456.00000000,68062.30000000,68071.60000000,215352753.92515001
2024-10-19 14:00:00,68071.60000000,68341.00000000,68063.50000000,68206.90000000,207297724.09266001
2024-10-19 18:00:00,68206.90000000,68228.90000000,68000.00000000,68162.40000000,160118736.60192001
2024-10-19 22:00:00,68162.40000000,68401.60000000,68145.20000000,68353.60000000,151688349.47317001
2024-10-20 02:00:00,68353.60000000,68429.00000000,68069.80000000,68161.10000000,153494888.88196000
2024-10-20 06:00:00,68161.10000000,68423.00000000,68152.00000000,68346.90000000,179494285.19286001
2024-10-20 10:00:00,68346.90000000,68488.00000000,68330.00000000,68396.40000000,121484740.27033000
2024-10-20 14:00:00,68396.40000000,68748.90000000,68176.90000000,68605.00000000,431028664.80580002
2024-10-20 18:00:00,68605.00000000,68639.80000000,68387.90000000,68484.90000000,154951967.49494001
2024-10-20 22:00:00,68484.90000000,69424.00000000,68436.10000000,69020.20000000,645901706.43991005
2024-10-21 02:00:00,69020.20000000,69566.00000000,68590.20000000,68938.00000000,594543064.23090005
2024-10-21 06:00:00,68938.00000000,69199.90000000,68484.40000000,68519.50000000,417373895.77697998
2024-10-21 10:00:00,68519.50000000,68675.00000000,68142.60000000,68250.80000000,443835672.06853998
2024-10-21 14:00:00,68250.80000000,68350.80000000,66865.90000000,67354.20000000,1357904981.37725997
2024-10-21 18:00:00,67354.20000000,67936.40000000,66920.00000000,67752.20000000,681229519.73055005
2024-10-21 22:00:00,67752.20000000,67926.90000000,67347.60000000,67368.70000000,302949304.42852002
2024-10-22 02:00:00,67368.70000000,67688.00000000,66549.60000000,67390.30000000,620160668.47227001
2024-10-22 06:00:00,67390.30000000,67784.90000000,67278.00000000,67387.30000000,284379086.81418002
2024-10-22 10:00:00,67387.30000000,67518.80000000,66740.00000000,67280.60000000,631617966.38154995
2024-10-22 14:00:00,67280.60000000,67687.90000000,66613.00000000,67266.70000000,971985394.62379003
2024-10-22 18:00:00,67266.70000000,67630.00000000,66902.20000000,67469.70000000,488367673.26861000
2024-10-22 22:00:00,67469.70000000,67825.00000000,67266.60000000,67406.40000000,285761802.81533998
2024-10-23 02:00:00,67406.40000000,67446.90000000,66866.50000000,67057.80000000,288783446.58744001
2024-10-23 06:00:00,67057.80000000,67290.00000000,66779.50000000,66838.00000000,296602219.58897001
2024-10-23 10:00:00,66838.00000000,66978.60000000,66168.20000000,66406.00000000,751196074.42329001
2024-10-23 14:00:00,66406.00000000,66888.80000000,65899.90000000,66201.70000000,1045903420.04417002
2024-10-23 18:00:00,66201.70000000,66565.40000000,65232.90000000,66465.30000000,1363743756.03308010
2024-10-23 22:00:00,66465.30000000,66804.30000000,66329.30000000,66647.20000000,370917722.20784003
2024-10-24 02:00:00,66647.20000000,67607.80000000,66487.40000000,67192.80000000,648018063.15786004
2024-10-24 06:00:00,67192.80000000,67457.00000000,67050.00000000,67104.50000000,297005669.76482999
2024-10-24 10:00:00,67104.50000000,67317.10000000,66699.80000000,67276.30000000,479000835.60895997
2024-10-24 14:00:00,67276.30000000,67969.70000000,67243.30000000,67672.70000000,1001992735.26782000
2024-10-24 18:00:00,67672.70000000,68295.60000000,67323.80000000,68279.70000000,625506215.83132005
2024-10-24 22:00:00,68279.70000000,68841.30000000,67947.30000000,68173.80000000,606677040.66942000
2024-10-25 02:00:00,68173.80000000,68256.50000000,67802.10000000,67983.20000000,378768277.80576998
2024-10-25 06:00:00,67983.20000000,68019.30000000,67222.40000000,67503.60000000,523438822.88511002
2024-10-25 10:00:00,67503.60000000,68158.00000000,67293.00000000,68081.60000000,513707220.57687002
2024-10-25 14:00:00,68081.60000000,68748.00000000,67408.40000000,67663.90000000,1298414532.07315993
2024-10-25 18:00:00,67663.90000000,67845.70000000,65952.70000000,66825.70000000,2162146284.45525980
2024-10-25 22:00:00,66825.70000000,67370.00000000,65560.10000000,66662.70000000,1101385960.25820994
2024-10-26 02:00:00,66662.70000000,67015.70000000,66414.10000000,66885.70000000,462915790.58903003
2024-10-26 06:00:00,66885.70000000,67211.00000000,66739.10000000,66982.00000000,254318729.55688000
2024-10-26 10:00:00,66982.00000000,67249.40000000,66939.50000000,67110.10000000,204284162.29144001
2024-10-26 14:00:00,67110.10000000,67156.00000000,66708.00000000,66864.30000000,328467250.53706002
2024-10-26 18:00:00,66864.30000000,67160.00000000,66760.50000000,67148.90000000,190057560.12046000
2024-10-26 22:00:00,67148.90000000,67438.60000000,67056.50000000,67071.90000000,190213651.73260999
2024-10-27 02:00:00,67071.90000000,67297.20000000,66909.40000000,67261.80000000,153689964.87380001
2024-10-27 05:00:00,67261.80000000,67291.80000000,67084.70000000,67174.70000000,103102081.08169000
2024-10-27 09:00:00,67174.70000000,67246.00000000,67011.10000000,67101.10000000,134136693.94986001
2024-10-27 13:00:00,67101.10000000,67833.00000000,67095.00000000,67760.00000000,451082984.80522001
2024-10-27 17:00:00,67760.00000000,67983.30000000,67513.80000000,67816.90000000,297151496.07753003
2024-10-27 21:00:00,67816.90000000,68306.10000000,67683.20000000,67994.70000000,406688722.27056998
2024-10-28 01:00:00,67994.70000000,68094.60000000,67651.00000000,67698.10000000,304049016.59780997
2024-10-28 05:00:00,67698.10000000,68666.00000000,67586.90000000,68395.30000000,570933613.22499001
2024-10-28 09:00:00,68395.30000000,68818.80000000,68207.40000000,68731.10000000,559726552.76910996
2024-10-28 13:00:00,68731.10000000,69269.10000000,68397.70000000,68453.20000000,1294717821.24176002
2024-10-28 17:00:00,68453.20000000,69901.00000000,68424.00000000,69608.40000000,1428369805.42876005
2024-10-28 21:00:00,69608.40000000,70318.00000000,69390.30000000,69940.00000000,829778255.25778997
2024-10-29 01:00:00,69940.00000000,71607.00000000,69733.00000000,70927.50000000,1490201702.85220003
2024-10-29 05:00:00,70927.50000000,71343.90000000,70838.90000000,71004.20000000,583302692.99754000
2024-10-29 09:00:00,71004.20000000,71579.90000000,70960.00000000,71440.00000000,577894491.00505996
2024-10-29 13:00:00,71440.00000000,72409.80000000,70903.10000000,72375.60000000,2152625082.98849010
2024-10-29 17:00:00,72375.60000000,73659.60000000,72328.60000000,72522.00000000,2383257837.44649982
2024-10-29 21:00:00,72522.00000000,72999.00000000,71875.20000000,72739.40000000,961677551.88630998
2024-10-30 01:00:00,72739.40000000,72797.40000000,72018.00000000,72250.00000000,605032592.92422998
2024-10-30 05:00:00,72250.00000000,72627.40000000,72112.60000000,72244.90000000,397515687.22365999
2024-10-30 09:00:00,72244.90000000,72620.00000000,71931.10000000,71995.00000000,620123127.54173005
2024-10-30 13:00:00,71995.00000000,72484.50000000,71452.60000000,72058.80000000,1516617801.44492006
2024-10-30 17:00:00,72058.80000000,72207.10000000,71655.00000000,71826.80000000,567641648.07615995
2024-10-30 21:00:00,71826.80000000,72984.70000000,71631.60000000,72349.10000000,1222753214.81768990
2024-10-31 01:00:00,72349.10000000,72596.50000000,72030.50000000,72360.00000000,433693197.78584999
2024-10-31 05:00:00,72360.00000000,72488.90000000,72144.80000000,72417.80000000,270357123.62370002
2024-10-31 09:00:00,72417.80000000,72711.00000000,72150.10000000,72213.30000000,621097022.83818996
2024-10-31 13:00:00,72213.30000000,72270.00000000,70459.40000000,70638.60000000,2646075740.12375021
2024-10-31 17:00:00,70638.60000000,70920.00000000,70056.00000000,70129.90000000,1347059589.16890001
2024-10-31 21:00:00,70129.90000000,70669.70000000,69705.20000000,70321.90000000,887710615.82625997
2024-11-01 01:00:00,70321.90000000,70496.60000000,68872.10000000,69397.80000000,1503499722.00879002
2024-11-01 05:00:00,69397.80000000,69721.80000000,69100.90000000,69301.10000000,543867553.22396004
2024-11-01 09:00:00,69301.10000000,70248.60000000,69270.00000000,70024.70000000,818247764.28321004
2024-11-01 13:00:00,70024.70000000,71650.00000000,69038.90000000,69381.10000000,3289738371.28531981
2024-11-01 17:00:00,69381.10000000,70532.30000000,68834.30000000,69284.40000000,2003837896.52351999
2024-11-01 21:00:00,69284.40000000,69631.90000000,68857.10000000,69495.50000000,513276568.81191999
2024-11-02 01:00:00,69495.50000000,69913.10000000,69480.80000000,69599.90000000,335318402.93405998
2024-11-02 05:00:00,69599.90000000,69822.50000000,69450.00000000,69813.00000000,241754504.14574999
2024-11-02 09:00:00,69813.00000000,69846.20000000,69413.00000000,69602.50000000,247084938.94119999
2024-11-02 13:00:00,69602.50000000,69699.90000000,69022.80000000,69394.00000000,642662644.65277004
2024-11-02 17:00:00,69394.00000000,69610.90000000,69221.60000000,69502.50000000,305626290.23588002
2024-11-02 21:00:00,69502.50000000,69570.00000000,69154.50000000,69366.60000000,216970230.30162999
2024-11-03 01:00:00,69366.60000000,69393.70000000,67846.00000000,68367.50000000,1293623564.02308989
2024-11-03 05:00:00,68367.50000000,68772.80000000,68287.60000000,68395.60000000,507581294.29343998
2024-11-03 09:00:00,68395.60000000,68605.50000000,68184.50000000,68345.40000000,443788488.69137001
2024-11-03 13:00:00,68345.40000000,68549.50000000,67454.20000000,68078.20000000,1637020203.96870995
2024-11-03 17:00:00,68078.20000000,68691.40000000,67662.70000000,68669.90000000,1275256001.53808999
2024-11-03 21:00:00,68669.90000000,69348.00000000,68484.30000000,68762.40000000,956258357.62585998
2024-11-04 01:00:00,68762.40000000,69495.30000000,68220.00000000,69033.90000000,917145731.59271002
2024-11-04 05:00:00,69033.90000000,69397.20000000,68600.90000000,68600.90000000,596018012.63205004
2024-11-04 09:00:00,68600.90000000,69029.80000000,68456.50000000,68778.10000000,701355651.22614002
2024-11-04 13:00:00,68778.10000000,69243.80000000,68180.60000000,68614.70000000,1288598149.20725012
2024-11-04 17:00:00,68614.70000000,68808.40000000,67212.60000000,67845.60000000,1901156087.87779999
2024-11-04 21:00:00,67845.60000000,68093.00000000,66810.20000000,67834.40000000,1612800362.96571994
2024-11-05 01:00:00,67834.40000000,68243.00000000,67454.20000000,68226.20000000,822260109.98069000
2024-11-05 05:00:00,68226.20000000,68962.20000000,68200.00000000,68871.20000000,785271098.38372004
2024-11-05 09:00:00,68871.20000000,69089.20000000,68589.40000000,68788.50000000,751311716.29261005
2024-11-05 13:00:00,68788.50000000,70296.80000000,68644.00000000,69615.30000000,2667766371.40924978
2024-11-05 17:00:00,69615.30000000,70531.80000000,68676.50000000,68955.90000000,2265343346.45398998
2024-11-05 21:00:00,68955.90000000,69875.00000000,68786.40000000,69353.10000000,1291050592.86903000
2024-11-06 01:00:00,69353.10000000,75381.90000000,69272.80000000,74367.20000000,6909963823.02600956
2024-11-06 05:00:00,74367.20000000,75473.10000000,73137.80000000,73435.90000000,4945441879.28929043
2024-11-06 09:00:00,73435.90000000,74488.10000000,72730.00000000,74291.70000000,2629670630.76773024
2024-11-06 13:00:00,74291.70000000,74780.00000000,73500.10000000,74293.30000000,3287150377.16826010
2024-11-06 17:00:00,74293.30000000,75866.40000000,74134.50000000,75818.40000000,2619474761.94690990
2024-11-06 21:00:00,75818.40000000,76416.80000000,75500.20000000,75580.00000000,2047984234.55507994
2024-11-07 01:00:00,75580.00000000,76055.00000000,75020.00000000,75062.80000000,1738259441.12020993
2024-11-07 05:00:00,75062.80000000,75083.00000000,74450.10000000,74800.00000000,1345563211.32075000
2024-11-07 09:00:00,74800.00000000,75195.00000000,74720.70000000,74776.90000000,949022761.81219006
2024-11-07 13:00:00,74776.90000000,76091.70000000,74537.50000000,76085.40000000,2219839593.91855001
2024-11-07 17:00:00,76085.40000000,76742.10000000,75579.70000000,76533.30000000,3829422998.49803019
2024-11-07 21:00:00,76533.30000000,76857.20000000,75472.70000000,75858.40000000,1966033878.56181002
2024-11-08 01:00:00,75858.40000000,76350.20000000,75578.20000000,75900.40000000,1234915117.59968996
2024-11-08 05:00:00,75900.40000000,76245.30000000,75696.10000000,76170.90000000,933507685.59740996
2024-11-08 09:00:00,76170.90000000,76349.90000000,75775.90000000,75952.00000000,1057242498.06058002
2024-11-08 13:00:00,75952.00000000,76623.10000000,75620.10000000,76423.20000000,2665743125.40593004
2024-11-08 17:00:00,76423.20000000,77181.90000000,75820.80000000,76892.10000000,3283084799.71789980
2024-11-08 21:00:00,76892.10000000,77080.40000000,76278.50000000,76482.20000000,1358267498.43435001
2024-11-09 01:00:00,76482.20000000,76618.30000000,76125.50000000,76330.10000000,736157739.95033002
2024-11-09 05:00:00,76330.10000000,76800.00000000,76285.70000000,76523.80000000,833837974.44000006
2024-11-09 09:00:00,76523.80000000,76735.00000000,76359.80000000,76479.90000000,572884053.45128000
2024-11-09 13:00:00,76479.90000000,76540.30000000,76255.00000000,76305.60000000,718936992.40063000
2024-11-09 17:00:00,76305.60000000,76699.90000000,75686.80000000,76195.10000000,1598228190.95984006
2024-11-09 21:00:00,76195.10000000,76916.90000000,76158.80000000,76675.20000000,928431519.90336001
2024-11-10 01:00:00,76675.20000000,77543.00000000,76501.10000000,77204.10000000,2044189333.44511008
2024-11-10 05:00:00,77204.10000000,79882.60000000,77133.40000000,78858.20000000,5058071288.82575035
2024-11-10 09:00:00,78858.20000000,80167.70000000,78858.20000000,79926.70000000,2243346396.82433987
2024-11-10 13:00:00,79926.70000000,80199.90000000,79205.20000000,79735.10000000,2569700190.82017994
2024-11-10 17:00:00,79735.10000000,81179.40000000,79386.00000000,79793.40000000,3501805002.60074997
2024-11-10 21:00:00,79793.40000000,81645.20000000,78549.20000000,80409.90000000,3840928619.50997019
2024-11-11 01:00:00,80409.90000000,81944.60000000,80261.20000000,81662.30000000,2281848652.33029985
2024-11-11 05:00:00,81662.30000000,81783.50000000,80480.00000000,81147.80000000,1821110773.20233989
2024-11-11 09:00:00,81147.80000000,82424.80000000,81051.60000000,82168.80000000,2503038579.98141003
2024-11-11 13:00:00,82168.80000000,84353.70000000,81484.00000000,84114.20000000,6793732763.99225998
2024-11-11 17:00:00,84114.20000000,86931.20000000,83897.20000000,86180.90000000,7833260464.89204979
2024-11-11 21:00:00,86180.90000000,89784.40000000,86123.10000000,88729.00000000,8850886316.10931015
2024-11-12 01:00:00,88729.00000000,89581.40000000,86661.40000000,88145.00000000,5812682836.34479046
2024-11-12 05:00:00,88145.00000000,90049.90000000,87786.40000000,89095.40000000,4300966789.21576977
2024-11-12 09:00:00,89095.40000000,89577.70000000,85517.10000000,87236.70000000,7676118146.06521988
2024-11-12 13:00:00,87236.70000000,87933.30000000,85165.10000000,86647.50000000,6588866638.71646023
2024-11-12 17:00:00,86647.50000000,89826.00000000,85792.50000000,88762.90000000,5079151640.77781010
2024-11-12 21:00:00,88762.90000000,89913.90000000,87452.70000000,87972.00000000,3251341002.79949999
2024-11-13 01:00:00,87972.00000000,88616.00000000,87064.20000000,87198.30000000,2629365927.57957983
2024-11-13 05:00:00,87198.30000000,87755.00000000,86180.00000000,87402.90000000,2703014707.30444002
2024-11-13 09:00:00,87402.90000000,88148.90000000,87132.40000000,87715.10000000,1688733078.67724991
2024-11-13 13:00:00,87715.10000000,92799.90000000,87551.00000000,92608.00000000,9357244228.01629066
2024-11-13 17:00:00,92608.00000000,93389.20000000,90006.10000000,90218.90000000,7645149118.30657005
2024-11-13 21:00:00,90218.90000000,91211.00000000,88005.10000000,90413.30000000,5023271976.17094994
2024-11-14 01:00:00,90413.30000000,90630.50000000,89533.10000000,89988.00000000,2022105965.16552997
2024-11-14 05:00:00,89988.00000000,90900.00000000,89125.50000000,90819.00000000,1909968116.12924004
2024-11-14 09:00:00,90819.00000000,91726.10000000,90370.10000000,91536.70000000,3129153340.24436998
2024-11-14 13:00:00,91536.70000000,91846.10000000,87862.50000000,87999.90000000,5532145748.86246967
2024-11-14 17:00:00,87999.90000000,89719.60000000,87555.60000000,89502.70000000,3098350752.62713003
2024-11-14 21:00:00,89502.70000000,89502.60000000,86714.10000000,87382.70000000,3507097485.73451996
2024-11-15 01:00:00,87382.70000000,88533.00000000,87302.40000000,88253.10000000,1760151907.91270995
2024-11-15 05:00:00,88253.10000000,88450.00000000,87117.00000000,87693.90000000,1582701643.95149994
2024-11-15 09:00:00,87693.90000000,89824.00000000,87426.40000000,89782.90000000,2399726470.03946018
2024-11-15 13:00:00,89782.90000000,90779.90000000,87817.20000000,88485.40000000,5272504910.17669964
2024-11-15 17:00:00,88485.40000000,90890.00000000,88434.30000000,90418.50000000,3207910399.72610998
2024-11-15 21:00:00,90418.50000000,91917.20000000,90372.70000000,91074.70000000,2410611575.69728994
2024-11-16 01:00:00,91074.70000000,91745.00000000,90900.10000000,91286.90000000,1216526357.68379998
2024-11-16 05:00:00,91286.90000000,91849.80000000,91107.40000000,91173.30000000,828592943.08948004
2024-11-16 09:00:00,91173.30000000,91650.00000000,91050.00000000,91240.70000000,917831941.03578997
2024-11-16 13:00:00,91240.70000000,91384.40000000,90120.10000000,90577.90000000,1976984647.70413995
2024-11-16 17:00:00,90577.90000000,91443.50000000,90250.00000000,91176.90000000,1194320828.25851989
2024-11-16 21:00:00,91176.90000000,91253.70000000,90355.10000000,90615.70000000,792876037.21841002
2024-11-17 01:00:00,90615.70000000,90954.80000000,89401.00000000,90294.80000000,1648907239.76345992
2024-11-17 05:00:00,90294.80000000,90949.90000000,90194.20000000,90600.00000000,1018677739.30290997
2024-11-17 09:00:00,90600.00000000,91538.30000000,90523.30000000,90744.90000000,1359078217.64923000
2024-11-17 13:00:00,90744.90000000,91250.00000000,89960.00000000,90305.10000000,1676181375.36669993
2024-11-17 17:00:00,90305.10000000,90701.00000000,89730.80000000,90099.50000000,1293881406.02572989
2024-11-17 21:00:00,90099.50000000,90276.30000000,88748.00000000,89900.00000000,1647336250.23617005
2024-11-18 01:00:00,89900.00000000,90999.90000000,89666.90000000,90728.50000000,1163380300.05910993
2024-11-18 05:00:00,90728.50000000,92414.90000000,90502.10000000,91795.90000000,1929741309.65862012
2024-11-18 09:00:00,91795.90000000,92326.60000000,90090.00000000,90338.60000000,2152053763.80235004
2024-11-18 13:00:00,90338.60000000,92699.90000000,89422.10000000,92417.40000000,4557685342.30356979
2024-11-18 17:00:00,92417.40000000,92674.10000000,89715.20000000,90657.70000000,3786111307.55208015
2024-11-18 21:00:00,90657.70000000,92050.10000000,90280.00000000,90507.50000000,2617901850.35565996
2024-11-19 01:00:00,90507.50000000,91626.70000000,90405.60000000,91499.90000000,1209620949.90317988
2024-11-19 05:00:00,91499.90000000,92119.40000000,91292.50000000,91696.10000000,1132480706.91460991
2024-11-19 09:00:00,91696.10000000,92027.80000000,91251.30000000,91717.60000000,1234992427.21782994
2024-11-19 13:00:00,91717.60000000,92885.00000000,91015.70000000,92438.60000000,4692950256.27756023
2024-11-19 17:00:00,92438.60000000,93985.90000000,92210.60000000,93285.20000000,3915653926.96120977
2024-11-19 21:00:00,93285.20000000,93633.10000000,91355.30000000,92333.80000000,2720023852.40617990
2024-11-20 01:00:00,92333.80000000,92458.00000000,91500.00000000,92072.00000000,1318199252.41389990
2024-11-20 05:00:00,92072.00000000,92866.60000000,91882.40000000,92856.60000000,1052632045.54226005
2024-11-20 09:00:00,92856.60000000,93712.50000000,92730.20000000,93485.10000000,2020846984.76165009
2024-11-20 13:00:00,93485.10000000,94849.00000000,93329.50000000,94737.60000000,4751147953.90254021
2024-11-20 17:00:00,94737.60000000,94840.00000000,93128.90000000,93999.90000000,3925064568.24716997
2024-11-20 21:00:00,93999.90000000,94615.00000000,93755.40000000,94288.00000000,1394235807.28919005
2024-11-21 01:00:00,94288.00000000,95949.90000000,94008.70000000,95790.10000000,3116317782.79838991
2024-11-21 05:00:00,95790.10000000,97895.20000000,95790.10000000,96950.00000000,4329653633.80632973
2024-11-21 09:00:00,96950.00000000,98431.70000000,96759.70000000,98009.20000000,2855897914.61839008
2024-11-21 13:00:00,98009.20000000,98289.30000000,95629.50000000,96692.70000000,5362307364.52328968
2024-11-21 17:00:00,96692.70000000,99090.00000000,96314.80000000,97891.40000000,3936145644.56413984
2024-11-21 21:00:00,97891.40000000,98767.00000000,97556.70000000,98366.70000000,2017389348.84535003
2024-11-22 01:00:00,98366.70000000,99414.00000000,97860.10000000,98889.00000000,2047444844.99001002
2024-11-22 05:00:00,98889.00000000,99533.10000000,98550.00000000,99252.60000000,1778015312.08995008
2024-11-22 09:00:00,99252.60000000,99338.20000000,98300.10000000,98930.00000000,1791043259.55601001
2024-11-22 13:00:00,98930.00000000,99012.00000000,97199.90000000,98696.50000000,4031011862.23128986
2024-11-22 17:00:00,98696.50000000,99660.00000000,98267.30000000,99112.50000000,2943583634.03733015
2024-11-22 21:00:00,99112.50000000,99495.40000000,98565.30000000,98921.40000000,1548635753.09045005
2024-11-23 01:00:00,98921.40000000,98937.30000000,98327.70000000,98702.50000000,958899796.33244002
2024-11-23 05:00:00,98702.50000000,98842.80000000,98315.00000000,98600.60000000,759462536.86492002
2024-11-23 09:00:00,98600.60000000,98665.90000000,98355.00000000,98470.80000000,636073995.51435006
2024-11-23 13:00:00,98470.80000000,98912.50000000,98426.00000000,98426.10000000,1040254543.46257997
2024-11-23 17:00:00,98426.10000000,98504.40000000,97369.20000000,97562.50000000,2104490359.33733010
2024-11-23 21:00:00,97562.50000000,98084.70000000,97173.60000000,97725.50000000,957023550.66670001
2024-11-24 01:00:00,97725.50000000,98633.60000000,97670.90000000,98260.90000000,934604631.40706003
2024-11-24 05:00:00,98260.90000000,98490.80000000,97947.40000000,98490.00000000,677702647.04289997
2024-11-24 09:00:00,98490.00000000,98549.90000000,97291.00000000,97337.70000000,1044014830.88652003
2024-11-24 13:00:00,97337.70000000,97680.00000000,95979.50000000,95991.60000000,2872759283.72242022
2024-11-24 17:00:00,95991.60000000,96846.40000000,95823.10000000,96396.70000000,1556821863.28126001
2024-11-24 21:00:00,96396.70000000,98429.60000000,96265.10000000,97960.50000000,1473484622.41140008
2024-11-25 01:00:00,97960.50000000,98106.90000000,96929.90000000,97935.90000000,1129238921.15455008
2024-11-25 05:00:00,97935.90000000,98418.90000000,97600.10000000,98113.00000000,990032284.31001997
2024-11-25 09:00:00,98113.00000000,98980.00000000,97911.10000000,98268.00000000,1596747873.33952999
2024-11-25 13:00:00,98268.00000000,98390.00000000,94667.30000000,96042.30000000,5267223164.94079971
2024-11-25 17:00:00,96042.30000000,96562.70000000,94477.20000000,94723.60000000,3043251699.48446989
2024-11-25 21:00:00,94723.60000000,95366.80000000,92666.00000000,93064.00000000,3446013781.85546017
2024-11-26 01:00:00,93064.00000000,94981.80000000,92826.30000000,94537.80000000,1843341037.30450010
2024-11-26 05:00:00,94537.80000000,95063.90000000,93534.10000000,93837.70000000,1163646299.57782006
2024-11-26 09:00:00,93837.70000000,93845.70000000,91553.00000000,92419.90000000,4084172267.96551991
2024-11-26 13:00:00,92419.90000000,93626.60000000,91812.10000000,92877.40000000,3343316975.33952999
2024-11-26 17:00:00,92877.40000000,94737.50000000,91650.60000000,91764.50000000,3053142466.02249002
2024-11-26 21:00:00,91764.50000000,92438.70000000,90873.30000000,92020.00000000,2212194784.05177021
2024-11-27 01:00:00,92020.00000000,93130.00000000,91864.00000000,92645.30000000,1354324335.35523009
2024-11-27 05:00:00,92645.30000000,93721.80000000,92413.20000000,93651.20000000,1072421013.88332999
2024-11-27 09:00:00,93651.20000000,93939.00000000,93167.20000000,93423.80000000,1005422443.73002005
2024-11-27 13:00:00,93423.80000000,95907.90000000,92906.70000000,95601.00000000,3163166438.14266014
2024-11-27 17:00:00,95601.00000000,96687.30000000,95240.10000000,96670.10000000,2582466813.36134005
2024-11-27 21:00:00,96670.10000000,97250.00000000,95782.70000000,95905.20000000,1905203932.44095993
2024-11-28 01:00:00,95905.20000000,96627.50000000,94878.60000000,95523.00000000,1463196163.16196990
2024-11-28 05:00:00,95523.00000000,95985.10000000,95135.80000000,95371.60000000,1009592032.18464994
2024-11-28 09:00:00,95371.60000000,95855.30000000,94700.10000000,95510.00000000,1332427758.00712991
2024-11-28 13:00:00,95510.00000000,96284.00000000,94950.00000000,95067.30000000,1705754436.28514004
2024-11-28 17:00:00,95067.30000000,95520.60000000,94863.80000000,95196.40000000,893413893.07257998
2024-11-28 21:00:00,95196.40000000,96082.70000000,94768.00000000,95694.40000000,923709663.89284003
2024-11-29 01:00:00,95694.40000000,96926.20000000,95404.50000000,96646.40000000,1198629122.68985009
2024-11-29 05:00:00,96646.40000000,96684.40000000,95669.40000000,95690.10000000,926674546.41996002
2024-11-29 09:00:00,95690.10000000,97436.00000000,95690.10000000,97302.10000000,1428886320.50796008
2024-11-29 13:00:00,97302.10000000,98713.30000000,96822.00000000,98076.00000000,2919048595.01524019
2024-11-29 17:00:00,98076.00000000,98514.90000000,96907.10000000,97380.00000000,2016186035.85364008
2024-11-29 21:00:00,97380.00000000,97679.80000000,97036.90000000,97516.30000000,686037836.94140005
2024-11-30 01:00:00,97516.30000000,97522.10000000,96400.00000000,96708.20000000,1153354251.45602989
2024-11-30 05:00:00,96708.20000000,97300.00000000,96601.00000000,96843.30000000,918435207.45967996
2024-11-30 09:00:00,96843.30000000,97035.90000000,96151.10000000,96321.40000000,802943444.94993997
2024-11-30 13:00:00,96321.40000000,96800.00000000,96300.00000000,96707.40000000,578909015.10994995
2024-11-30 17:00:00,96707.40000000,97124.20000000,96581.90000000,97072.60000000,513679136.64959002
2024-11-30 21:00:00,97072.60000000,97109.10000000,96380.00000000,96475.10000000,505024944.86211002
2024-12-01 01:00:00,96475.10000000,96746.30000000,95744.40000000,96404.00000000,1220246398.23674989
2024-12-01 05:00:00,96404.00000000,96585.00000000,96249.20000000,96525.50000000,428634589.05306000
2024-12-01 09:00:00,96525.50000000,97243.70000000,96480.00000000,97163.80000000,1010183736.14848006
2024-12-01 13:00:00,97163.80000000,97469.50000000,96705.50000000,97081.40000000,989052652.57994998
2024-12-01 17:00:00,97081.40000000,97616.50000000,97029.50000000,97242.10000000,738011691.52763999
2024-12-01 21:00:00,97242.10000000,97924.90000000,96852.80000000,97265.00000000,968045003.58673000
2024-12-02 01:00:00,97265.00000000,98266.00000000,96408.30000000,96549.80000000,1445732006.50005007
2024-12-02 05:00:00,96549.80000000,96999.90000000,95788.50000000,96053.60000000,1879207807.89302993
2024-12-02 09:00:00,96053.60000000,96177.90000000,94887.10000000,95191.30000000,2008972919.09217000
2024-12-02 13:00:00,95191.30000000,97286.20000000,94836.70000000,97106.50000000,2839397219.23769999
2024-12-02 17:00:00,97106.50000000,97434.40000000,94435.90000000,95873.80000000,2946141414.76042986
2024-12-02 21:00:00,95873.80000000,96389.90000000,95171.50000000,95890.50000000,1023238461.64944994
2024-12-03 01:00:00,95890.50000000,96375.00000000,95463.60000000,96136.80000000,881411992.73855996
2024-12-03 05:00:00,96136.80000000,96324.90000000,95337.20000000,95608.70000000,839866310.53952003
2024-12-03 09:00:00,95608.70000000,95739.70000000,94661.30000000,95045.80000000,1202135215.60616994
2024-12-03 13:00:00,95045.80000000,96315.50000000,93613.50000000,95746.20000000,3962224312.78203011
2024-12-03 17:00:00,95746.20000000,96235.90000000,94928.00000000,95512.70000000,1810937381.24534011
2024-12-03 21:00:00,95512.70000000,96200.00000000,95337.20000000,95913.40000000,983749822.61637998
2024-12-04 01:00:00,95913.40000000,96732.20000000,95278.60000000,95852.00000000,1333580423.23952007
2024-12-04 05:00:00,95852.00000000,96796.00000000,95783.50000000,96652.20000000,890773189.45772004
2024-12-04 09:00:00,96652.20000000,97038.30000000,96239.70000000,96270.00000000,1004838625.16830003
2024-12-04 13:00:00,96270.00000000,96633.90000000,95399.90000000,95813.00000000,2584372639.97315979
2024-12-04 17:00:00,95813.00000000,97309.70000000,94650.80000000,97283.30000000,3208207007.05470991
2024-12-04 21:00:00,97283.30000000,99091.80000000,97189.30000000,98669.70000000,4198245996.05355978
2024-12-05 01:00:00,98669.70000000,104614.70000000,97970.50000000,103094.20000000,7236786346.31669044
2024-12-05 05:00:00,103094.20000000,103696.30000000,101360.30000000,102292.10000000,3484743338.25141001
2024-12-05 09:00:00,102292.10000000,103228.90000000,102292.10000000,102668.30000000,1601763357.67632008
2024-12-05 13:00:00,102668.30000000,103659.40000000,100951.20000000,101350.10000000,3775884295.79768991
2024-12-05 17:00:00,101350.10000000,102063.80000000,98712.50000000,99111.50000000,3454506388.64445019
2024-12-05 21:00:00,99111.50000000,99539.90000000,91080.00000000,97001.50000000,6161513624.62115955
2024-12-06 01:00:00,97001.50000000,98858.60000000,96435.50000000,97802.60000000,2367556259.66501999
2024-12-06 05:00:00,97802.60000000,98352.20000000,97429.70000000,98213.90000000,1021856775.38823998
2024-12-06 09:00:00,98213.90000000,98765.40000000,97705.20000000,98127.40000000,1483314100.52713990
2024-12-06 13:00:00,98127.40000000,99543.90000000,97557.30000000,99358.50000000,2911431788.04343987
2024-12-06 17:00:00,99358.50000000,101898.40000000,98800.10000000,101532.60000000,2955304843.72507000
2024-12-06 21:00:00,101532.60000000,101983.60000000,99113.20000000,99802.50000000,1587973178.48538995
2024-12-07 01:00:00,99802.50000000,100499.00000000,99361.00000000,99383.00000000,876720935.64775002
2024-12-07 05:00:00,99383.00000000,99741.00000000,98877.80000000,99442.60000000,923156259.51161003
2024-12-07 09:00:00,99442.60000000,99892.20000000,99314.80000000,99669.10000000,533707276.68265003
2024-12-07 13:00:00,99669.10000000,99884.50000000,99101.70000000,99811.50000000,684429981.47931004
2024-12-07 17:00:00,99811.50000000,100336.80000000,99528.00000000,100140.60000000,684889154.20520997
2024-12-07 21:00:00,100140.60000000,100497.50000000,99655.00000000,99899.20000000,544916478.25632000
2024-12-08 01:00:00,99899.20000000,100415.00000000,99687.30000000,99996.70000000,485789144.09951001
2024-12-08 05:00:00,99996.70000000,100100.00000000,99388.60000000,99741.50000000,547937326.56150997
2024-12-08 09:00:00,99741.50000000,99898.00000000,98715.90000000,99755.30000000,1085437637.76079011
2024-12-08 13:00:00,99755.30000000,100597.40000000,99410.00000000,99975.00000000,1330559786.65850997
2024-12-08 17:00:00,99975.00000000,100268.00000000,99538.40000000,100182.30000000,667240914.42463005
2024-12-08 21:00:00,100182.30000000,101457.90000000,99800.20000000,101200.10000000,851130666.60900998
2024-12-09 01:00:00,101200.10000000,101300.00000000,98538.90000000,99179.90000000,1819102955.29314995
2024-12-09 05:00:00,99179.90000000,99798.10000000,98379.10000000,99637.10000000,1322268561.67178988
2024-12-09 09:00:00,99637.10000000,99757.50000000,98112.00000000,98157.40000000,1662952628.43473005
2024-12-09 13:00:00,98157.40000000,100481.30000000,97557.70000000,97848.70000000,3433755701.67622995
2024-12-09 17:00:00,97848.70000000,98448.50000000,97029.50000000,97122.30000000,1854939654.87419009
2024-12-09 21:00:00,97122.30000000,97618.60000000,94110.70000000,97350.00000000,3497041612.58763981
2024-12-10 01:00:00,97350.00000000,98197.80000000,95598.60000000,96958.00000000,2019891577.40067005
2024-12-10 05:00:00,96958.00000000,97540.80000000,95923.80000000,97217.70000000,1214020845.03872991
2024-12-10 09:00:00,97217.70000000,97948.00000000,96961.20000000,97745.80000000,889056664.86622000
2024-12-10 13:00:00,97745.80000000,98308.60000000,95639.30000000,95674.90000000,2997921035.89730978
2024-12-10 17:00:00,95674.90000000,96543.80000000,94265.50000000,95856.10000000,4076265007.67689991
2024-12-10 21:00:00,95856.10000000,97231.20000000,95621.10000000,96602.30000000,1213159029.92943001
2024-12-11 01:00:00,96602.30000000,97642.80000000,95653.90000000,97406.90000000,1625533902.83925009
2024-12-11 05:00:00,97406.90000000,97799.90000000,97185.70000000,97337.80000000,628372324.95380998
2024-12-11 09:00:00,97337.80000000,98491.60000000,97310.60000000,98289.70000000,1086295209.83762002
2024-12-11 13:00:00,98289.70000000,100793.70000000,98047.50000000,100352.80000000,2904942747.59049988
2024-12-11 17:00:00,100352.80000000,101133.40000000,99585.90000000,101094.20000000,2238204444.27067995
2024-12-11 21:00:00,101094.20000000,101875.60000000,100844.70000000,101107.10000000,1293748216.31779003
2024-12-12 01:00:00,101107.10000000,101812.30000000,100309.90000000,101000.00000000,1242995250.15017009
2024-12-12 05:00:00,101000.00000000,101162.10000000,100359.90000000,100481.50000000,794167172.77015996
2024-12-12 09:00:00,100481.50000000,101122.40000000,100150.10000000,100339.80000000,951888645.28182006
2024-12-12 13:00:00,100339.80000000,101850.00000000,100336.30000000,101775.10000000,2504536048.45134020
2024-12-12 17:00:00,101775.10000000,102538.30000000,99280.30000000,99455.10000000,2890012257.86893988
2024-12-12 21:00:00,99455.10000000,100461.50000000,99438.20000000,99982.30000000,1274915068.74199009
2024-12-13 01:00:00,99982.30000000,100333.00000000,99159.70000000,99690.50000000,997137718.20319998
2024-12-13 05:00:00,99690.50000000,100202.30000000,99446.20000000,100099.90000000,744265960.88537002
2024-12-13 09:00:00,100099.90000000,100759.90000000,99863.50000000,100331.40000000,816575883.18865001
2024-12-13 13:00:00,100331.40000000,101339.00000000,99658.10000000,99833.10000000,1757577261.89399004
2024-12-13 17:00:00,99833.10000000,101869.00000000,99750.00000000,101416.10000000,2075836799.04877996
2024-12-13 21:00:00,101416.10000000,101822.40000000,101037.70000000,101371.90000000,649635022.22802997
2024-12-14 01:00:00,101371.90000000,102638.00000000,101106.10000000,102040.80000000,1390041985.44063997
2024-12-14 05:00:00,102040.80000000,102113.60000000,101557.80000000,101787.00000000,597314417.99038994
2024-12-14 09:00:00,101787.00000000,101840.20000000,101298.40000000,101564.20000000,459943813.98087001
2024-12-14 13:00:00,101564.20000000,101729.20000000,100779.70000000,101601.90000000,1170305158.06071997
2024-12-14 17:00:00,101601.90000000,101716.30000000,100806.00000000,101293.00000000,807076619.52617002
2024-12-14 21:00:00,101293.00000000,101449.90000000,100561.30000000,101381.10000000,523426756.08657998
2024-12-15 01:00:00,101381.10000000,102158.10000000,101200.10000000,101700.10000000,728512522.40433002
2024-12-15 05:00:00,101700.10000000,102845.30000000,101471.30000000,101671.90000000,1266824210.57119012
2024-12-15 09:00:00,101671.90000000,102666.00000000,101525.20000000,102623.10000000,724971703.77513003
2024-12-15 13:00:00,102623.10000000,103335.80000000,102437.90000000,102668.50000000,1491046687.03968000
2024-12-15 17:00:00,102668.50000000,103484.50000000,102556.30000000,103227.70000000,881901913.04990995
2024-12-15 21:00:00,103227.70000000,105349.90000000,102592.40000000,104449.10000000,2210351834.83025980
2024-12-16 01:00:00,104449.10000000,106665.70000000,104247.50000000,104559.90000000,2919044613.46330023
2024-12-16 05:00:00,104559.90000000,105390.00000000,104439.30000000,104950.00000000,871587855.58757997
2024-12-16 09:00:00,104950.00000000,104991.70000000,103590.80000000,103717.80000000,1182400230.47689009
2024-12-16 13:00:00,103717.80000000,106463.80000000,103276.20000000,106281.10000000,3408324781.30352020
2024-12-16 17:00:00,106281.10000000,107774.90000000,105769.00000000,106546.10000000,3389793200.12091017
2024-12-16 21:00:00,106546.10000000,106618.10000000,105424.00000000,106023.30000000,1190111998.12875009
2024-12-17 01:00:00,106023.30000000,106967.90000000,105623.00000000,106815.50000000,1025777505.81263006
2024-12-17 05:00:00,106815.50000000,107113.90000000,106331.60000000,106784.00000000,830376425.35943997
2024-12-17 09:00:00,106784.00000000,107493.90000000,106671.70000000,106777.10000000,1019287622.78430998
2024-12-17 13:00:00,106777.10000000,108346.00000000,105674.00000000,106427.90000000,3401314739.40223980
2024-12-17 17:00:00,106427.90000000,107596.00000000,106104.60000000,106450.50000000,1922453454.79506993
2024-12-17 21:00:00,106450.50000000,106877.30000000,105273.90000000,106074.60000000,1258039433.83161998
2024-12-18 01:00:00,106074.60000000,106484.30000000,104527.80000000,104716.90000000,1733677335.95636010
2024-12-18 05:00:00,104716.90000000,104715.60000000,103072.70000000,104200.20000000,2167200596.17767000
2024-12-18 09:00:00,104200.20000000,104993.70000000,103685.50000000,104986.70000000,1047720227.35672998
2024-12-18 13:00:00,104986.70000000,105335.40000000,103611.70000000,104395.20000000,2142913120.65368009
2024-12-18 17:00:00,104395.20000000,104959.40000000,102780.10000000,102782.10000000,2790945407.85685015
2024-12-18 21:00:00,102782.10000000,102954.80000000,99953.80000000,100172.40000000,5089047883.54279995
2024-12-19 01:00:00,100172.40000000,101293.60000000,98760.20000000,101163.30000000,3060526324.98107004
2024-12-19 05:00:00,101163.30000000,101692.30000000,100613.80000000,101615.10000000,901385116.00276995
2024-12-19 09:00:00,101615.10000000,102587.90000000,101338.80000000,102419.90000000,1044109247.88350999
2024-12-19 13:00:00,102419.90000000,102756.70000000,99457.60000000,100631.20000000,3432898841.95007992
2024-12-19 17:00:00,100631.20000000,101162.50000000,96234.50000000,97185.00000000,5312146144.69431973
2024-12-19 21:00:00,97185.00000000,98375.10000000,95682.00000000,97434.40000000,2789696681.73275995
2024-12-20 01:00:00,97434.40000000,97795.50000000,95947.60000000,97083.10000000,1884780491.73304009
2024-12-20 05:00:00,97083.10000000,98237.40000000,96350.20000000,97826.20000000,1918944654.78715992
2024-12-20 09:00:00,97826.20000000,97867.50000000,92618.80000000,92715.00000000,4439373134.80935001
2024-12-20 13:00:00,92715.00000000,97548.90000000,92277.90000000,96961.40000000,4725845980.71763992
2024-12-20 17:00:00,96961.40000000,97699.90000000,96254.10000000,97071.70000000,2357547872.42597008
2024-12-20 21:00:00,97071.70000000,97777.00000000,95401.00000000,97764.50000000,1381362689.86136007
2024-12-21 01:00:00,97764.50000000,97773.10000000,97142.00000000,97444.90000000,732036076.54566002
2024-12-21 05:00:00,97444.90000000,99485.00000000,97330.00000000,98984.20000000,1460954855.91292000
2024-12-21 09:00:00,98984.20000000,99137.50000000,97758.30000000,98225.30000000,1151046314.98146009
2024-12-21 13:00:00,98225.30000000,98253.50000000,96375.00000000,97486.60000000,1863092012.23400998
2024-12-21 17:00:00,97486.60000000,97710.00000000,96800.00000000,97242.30000000,1077849969.85918999
2024-12-21 21:00:00,97242.30000000,98038.80000000,96520.00000000,97261.80000000,943825380.99607003
2024-12-22 01:00:00,97261.80000000,97432.70000000,96533.70000000,96965.10000000,729019686.59884000
2024-12-22 05:00:00,96965.10000000,97057.00000000,95867.30000000,96192.10000000,966588882.98935997
2024-12-22 09:00:00,96192.10000000,97311.60000000,96172.10000000,97054.70000000,707834039.36730003
2024-12-22 13:00:00,97054.70000000,97266.50000000,95085.00000000,95341.00000000,1551206305.52997994
2024-12-22 17:00:00,95341.00000000,96423.00000000,94642.40000000,94795.40000000,1195429469.85331011
2024-12-22 21:00:00,94795.40000000,95787.70000000,94200.20000000,95153.40000000,1304031465.31729007
2024-12-23 01:00:00,95153.40000000,96011.00000000,93670.00000000,95989.80000000,1850883845.32173991
2024-12-23 05:00:00,95989.80000000,96488.80000000,94641.20000000,95360.40000000,1222586957.53334999
2024-12-23 09:00:00,95360.40000000,96499.00000000,94987.90000000,95900.00000000,936941222.67983997
2024-12-23 13:00:00,95900.00000000,96371.40000000,93060.30000000,93217.60000000,2634350313.94524002
2024-12-23 17:00:00,93217.60000000,94244.40000000,92642.40000000,93001.70000000,2051204769.19370008
2024-12-23 21:00:00,93001.70000000,95480.40000000,92472.80000000,94861.00000000,1714180698.89034009
2024-12-24 01:00:00,94861.00000000,94861.10000000,93525.60000000,94330.10000000,1013497799.93260002
2024-12-24 05:00:00,94330.10000000,94638.60000000,93780.60000000,94200.00000000,653341005.39734006
2024-12-24 09:00:00,94200.00000000,94618.00000000,93806.40000000,94369.80000000,647536982.90313995
2024-12-24 13:00:00,94369.80000000,98274.80000000,94039.80000000,98246.80000000,2980979695.07800007
2024-12-24 17:00:00,98246.80000000,99438.40000000,97522.50000000,97561.00000000,2707313263.80718994
2024-12-24 21:00:00,97561.00000000,99056.00000000,97233.20000000,98628.00000000,1362240863.78121996
2024-12-25 01:00:00,98628.00000000,98848.30000000,97683.10000000,98000.10000000,777613057.51101995
2024-12-25 05:00:00,98000.10000000,98539.40000000,97817.40000000,98049.80000000,538840168.72065997
2024-12-25 09:00:00,98049.80000000,99323.20000000,97734.10000000,97880.60000000,1253133780.98639989
2024-12-25 13:00:00,97880.60000000,98797.90000000,97582.60000000,98485.70000000,1181056114.25758004
2024-12-25 17:00:00,98485.70000000,99258.00000000,98100.00000000,98981.30000000,759263101.14233005
2024-12-25 21:00:00,98981.30000000,99548.00000000,98331.50000000,99385.00000000,1089229681.38001990
2024-12-26 01:00:00,99385.00000000,99949.90000000,98421.40000000,98957.70000000,1323501008.13862991
2024-12-26 05:00:00,98957.70000000,98957.70000000,97649.90000000,97669.50000000,896093730.31930006
2024-12-26 09:00:00,97669.50000000,97721.20000000,95154.50000000,95662.60000000,2751049739.83043003
2024-12-26 13:00:00,95662.60000000,96227.40000000,95200.20000000,95993.20000000,1666486094.69078994
2024-12-26 17:00:00,95993.20000000,96580.00000000,95400.00000000,96067.40000000,1258617633.34682989
2024-12-26 21:00:00,96067.40000000,96077.30000000,95276.50000000,95750.90000000,730382088.18699002
2024-12-27 01:00:00,95750.90000000,96419.10000000,95368.00000000,96388.20000000,1055276121.55947006
2024-12-27 05:00:00,96388.20000000,96580.00000000,94620.10000000,95074.50000000,1482750251.57676005
2024-12-27 09:00:00,95074.50000000,97499.90000000,95080.10000000,96904.00000000,2101116209.72504997
2024-12-27 13:00:00,96904.00000000,96999.00000000,93984.60000000,94539.90000000,2018759071.38913989
2024-12-27 17:00:00,94539.90000000,94974.60000000,93465.40000000,94720.30000000,1648836209.07625008
2024-12-27 21:00:00,94720.30000000,94794.00000000,94100.00000000,94258.80000000,657711487.15944004
2024-12-28 01:00:00,94258.80000000,94687.60000000,94100.10000000,94550.60000000,415259021.55511999
2024-12-28 05:00:00,94550.60000000,94762.30000000,94256.90000000,94334.70000000,330209297.98575997
2024-12-28 09:00:00,94334.70000000,94850.00000000,94261.70000000,94711.40000000,379843448.97307003
2024-12-28 13:00:00,94711.40000000,95307.80000000,94325.40000000,94407.80000000,893301745.47202003
2024-12-28 17:00:00,94407.80000000,95197.20000000,94356.50000000,94993.80000000,556144498.92533004
2024-12-28 21:00:00,94993.80000000,95699.90000000,94836.00000000,95259.10000000,425914224.19296002
2024-12-29 01:00:00,95259.10000000,95299.90000000,94778.80000000,95135.40000000,350650737.10517001
2024-12-29 05:00:00,95135.40000000,95249.90000000,94930.00000000,95233.20000000,218900754.40119001
2024-12-29 09:00:00,95233.20000000,95286.40000000,94968.40000000,94986.20000000,244160354.55311000
2024-12-29 13:00:00,94986.20000000,95195.00000000,93937.70000000,94468.30000000,1063425153.07851005
2024-12-29 17:00:00,94468.30000000,94537.70000000,93333.00000000,93559.60000000,1129206309.13048005
2024-12-29 21:00:00,93559.60000000,93892.50000000,92963.10000000,93699.90000000,1063171642.29859996
2024-12-30 01:00:00,93699.90000000,94240.20000000,93326.00000000,93683.60000000,852738946.13255000
2024-12-30 05:00:00,93683.60000000,94033.50000000,93182.20000000,93688.90000000,705799660.74220002
2024-12-30 09:00:00,93688.90000000,94050.40000000,93433.00000000,93900.10000000,608938893.29517996
2024-12-30 13:00:00,93900.10000000,94249.90000000,91510.00000000,92081.50000000,2903325608.85202980
2024-12-30 17:00:00,92081.50000000,94667.90000000,91758.40000000,94400.10000000,2342999264.83542013
2024-12-30 21:00:00,94400.10000000,95018.50000000,91858.30000000,92759.30000000,1993742379.28649998
2024-12-31 01:00:00,92759.30000000,92875.40000000,92000.10000000,92481.50000000,739252999.72985005
2024-12-31 05:00:00,92481.50000000,92999.60000000,92315.40000000,92819.50000000,468515032.66039002
2024-12-31 09:00:00,92819.50000000,94738.30000000,92800.00000000,94202.50000000,1584864144.19965005
2024-12-31 13:00:00,94202.50000000,96236.60000000,94202.50000000,95389.30000000,2617855752.98345995
2024-12-31 17:00:00,95389.30000000,95569.60000000,93145.80000000,94155.80000000,1785125284.01934004
2024-12-31 21:00:00,94155.80000000,94218.30000000,93344.90000000,93549.00000000,622361554.31383002
2025-01-01 01:00:00,93549.00000000,94449.20000000,93460.20000000,93810.10000000,601536166.94790995
2025-01-01 05:00:00,93810.10000000,93914.70000000,93505.00000000,93660.70000000,349087405.43551999
2025-01-01 09:00:00,93660.70000000,93735.20000000,92854.90000000,93420.20000000,838622518.29268003
2025-01-01 13:00:00,93420.20000000,94487.40000000,93375.00000000,94413.60000000,971909184.10004997
2025-01-01 17:00:00,94413.60000000,94823.20000000,93729.70000000,94612.00000000,659246999.24957001
2025-01-01 21:00:00,94612.00000000,95161.20000000,94522.10000000,94580.90000000,591947716.44464004
2025-01-02 01:00:00,94580.90000000,95517.10000000,94361.60000000,95000.00000000,973129658.41157997
2025-01-02 05:00:00,95000.00000000,96018.80000000,94971.30000000,95815.30000000,895908834.15875006
2025-01-02 09:00:00,95815.30000000,96868.60000000,95612.50000000,96715.50000000,1155144636.13860011
2025-01-02 13:00:00,96715.50000000,97414.00000000,95910.80000000,96428.50000000,2273003746.12533998
2025-01-02 17:00:00,96428.50000000,97760.00000000,96020.00000000,97292.70000000,2083299000.26376009
2025-01-02 21:00:00,97292.70000000,97813.80000000,96644.00000000,96967.50000000,726810575.50934005
2025-01-03 01:00:00,96967.50000000,97324.80000000,96621.90000000,97019.10000000,544405382.93792999
2025-01-03 05:00:00,97019.10000000,97027.30000000,96237.60000000,96275.00000000,632305052.03618002
2025-01-03 09:00:00,96275.00000000,96788.00000000,96061.50000000,96710.50000000,734384770.15174997
2025-01-03 13:00:00,96710.50000000,97628.40000000,96430.40000000,97479.50000000,1579412981.85573006
2025-01-03 17:00:00,97479.50000000,98949.00000000,97353.60000000,98559.10000000,1644713645.05071998
2025-01-03 21:00:00,98559.10000000,98705.00000000,98028.50000000,98145.80000000,577628196.80133998
2025-01-04 01:00:00,98145.80000000,98272.60000000,97763.30000000,98149.30000000,524534762.89125001
2025-01-04 05:00:00,98149.30000000,98299.90000000,97830.00000000,98247.80000000,346364324.17689002
2025-01-04 09:00:00,98247.80000000,98280.00000000,97503.90000000,97831.80000000,645917850.28655005
2025-01-04 13:00:00,97831.80000000,98117.60000000,97483.50000000,97627.30000000,736145242.92551005
2025-01-04 17:00:00,97627.30000000,98331.10000000,97535.70000000,98120.40000000,489350210.17366999
2025-01-04 21:00:00,98120.40000000,98760.70000000,98090.60000000,98173.20000000,596540066.53003001
2025-01-05 01:00:00,98173.20000000,98349.80000000,98001.10000000,98160.00000000,259339471.31503999
2025-01-05 05:00:00,98160.00000000,98496.30000000,98160.00000000,98225.30000000,346870200.18087000
2025-01-05 09:00:00,98225.30000000,98225.30000000,97537.30000000,97609.50000000,603381151.50285006
2025-01-05 13:00:00,97609.50000000,98248.50000000,97227.00000000,97981.80000000,866620178.51504004
2025-01-05 17:00:00,97981.80000000,98297.20000000,97530.00000000,98049.90000000,541858875.41568005
2025-01-05 21:00:00,98049.90000000,98824.10000000,97986.30000000,98336.90000000,755759858.53226995
2025-01-06 01:00:00,98336.90000000,99278.00000000,97875.20000000,99000.10000000,1243316781.84259009
2025-01-06 05:00:00,99000.10000000,99881.50000000,99005.00000000,99280.00000000,1236166333.71619010
2025-01-06 09:00:00,99280.00000000,99600.00000000,98665.00000000,99219.20000000,980727917.47396004
2025-01-06 13:00:00,99219.20000000,102434.90000000,98670.00000000,102099.90000000,3576726799.48285007
2025-01-06 17:00:00,102099.90000000,102444.00000000,101223.00000000,101771.70000000,1770072008.24166012
2025-01-06 21:00:00,101771.70000000,102298.80000000,101551.20000000,102180.40000000,801372741.58229995
2025-01-07 01:00:00,102180.40000000,102702.50000000,101471.00000000,101661.40000000,860086462.93429005
2025-01-07 05:00:00,101661.40000000,101986.10000000,101533.90000000,101649.30000000,462760263.79108000
2025-01-07 09:00:00,101649.30000000,101972.80000000,100435.40000000,100785.30000000,1270675223.02950001
2025-01-07 13:00:00,100785.30000000,100914.20000000,97118.00000000,97915.40000000,4638799371.81361008
2025-01-07 17:00:00,97915.40000000,98307.90000000,96296.00000000,96428.50000000,2954854793.99784994
2025-01-07 21:00:00,96428.50000000,97185.80000000,96172.70000000,96920.20000000,1380517330.05644011
2025-01-08 01:00:00,96920.20000000,97242.20000000,96207.60000000,96499.90000000,811877744.42795002
2025-01-08 05:00:00,96499.90000000,96616.30000000,95231.20000000,95615.90000000,35898187.99642000
2025-01-08 09:00:00,95615.90000000,96099.90000000,94500.00000000,95093.90000000,34386130.02564000
2025-01-08 13:00:00,95093.90000000,96059.60000000,94589.10000000,95440.00000000,70901211.75522000
2025-01-08 17:00:00,95440.00000000,95450.00000000,92500.00000000,94217.10000000,185126262.96042001
2025-01-08 21:00:00,94217.10000000,95256.90000000,93577.10000000,95031.10000000,70809330.46567000
2025-01-09 01:00:00,95031.10000000,95358.70000000,93429.10000000,93985.10000000,112492697.36132000
2025-01-09 05:00:00,93985.10000000,94580.90000000,93168.30000000,93231.80000000,42307320.96408000
2025-01-09 09:00:00,93231.80000000,93829.60000000,92700.00000000,93414.30000000,305607530.15153998
2025-01-09 13:00:00,93414.30000000,94544.80000000,91747.00000000,94195.10000000,2863373882.62140989
2025-01-09 17:00:00,94195.10000000,94644.80000000,91853.00000000,91862.50000000,2338487181.51912022
2025-01-09 21:00:00,91862.50000000,92673.60000000,91127.50000000,92509.90000000,1865449094.31215000
2025-01-10 01:00:00,92509.90000000,93679.00000000,92414.10000000,93654.90000000,868584022.65959001
2025-01-10 05:00:00,93654.90000000,94960.90000000,93450.80000000,94460.50000000,1137508739.80099010
2025-01-10 09:00:00,94460.50000000,95239.00000000,94344.50000000,95030.40000000,1062832301.87900996
2025-01-10 13:00:00,95030.40000000,95078.00000000,92173.60000000,93706.80000000,4530968279.01161003
2025-01-10 17:00:00,93706.80000000,95812.40000000,93154.00000000,95276.00000000,2629882761.70284986
2025-01-10 21:00:00,95276.00000000,95411.40000000,94536.00000000,94675.50000000,568985097.53134000
2025-01-11 01:00:00,94675.50000000,94700.00000000,94060.80000000,94168.30000000,479526336.11475003
2025-01-11 05:00:00,94168.30000000,94394.30000000,93802.10000000,94210.30000000,435476978.86447001
2025-01-11 09:00:00,94210.30000000,94757.70000000,93999.90000000,94570.40000000,506781320.98515999
2025-01-11 13:00:00,94570.40000000,94611.40000000,94262.10000000,94365.80000000,405371568.50791001
2025-01-11 17:00:00,94365.80000000,94680.00000000,93943.10000000,94206.50000000,535852827.78298002
2025-01-11 21:00:00,94206.50000000,94986.40000000,94150.90000000,94562.50000000,524468615.79484999
2025-01-12 01:00:00,94562.50000000,94662.60000000,94260.00000000,94586.00000000,272793259.71288002
2025-01-12 05:00:00,94586.00000000,94614.60000000,94227.20000000,94291.30000000,212254828.33945999
2025-01-12 09:00:00,94291.30000000,94359.50000000,93661.10000000,94209.00000000,691158276.11375999
2025-01-12 13:00:00,94209.00000000,95431.00000000,94128.00000000,95046.30000000,893555967.78146005
2025-01-12 17:00:00,95046.30000000,95277.90000000,94531.10000000,94625.00000000,433336905.43247998
2025-01-12 21:00:00,94625.00000000,94773.20000000,93735.60000000,94500.00000000,860278005.49050999
2025-01-13 01:00:00,94500.00000000,95915.50000000,93852.00000000,94215.40000000,1764647963.75489998
2025-01-13 05:00:00,94215.40000000,94878.00000000,93232.20000000,93557.80000000,1285255084.24101996
2025-01-13 09:00:00,93557.80000000,93625.90000000,90809.80000000,90827.50000000,2882840616.58279991
2025-01-13 13:00:00,90827.50000000,93055.10000000,89001.50000000,92096.90000000,5138724512.06624985
2025-01-13 17:00:00,92096.90000000,92501.50000000,91212.10000000,92274.80000000,2264906075.64664984
2025-01-13 21:00:00,92274.80000000,94681.10000000,91869.30000000,94485.40000000,1777652422.18959999
2025-01-14 01:00:00,94485.40000000,95256.80000000,94306.30000000,94821.30000000,1026943279.09373999
2025-01-14 05:00:00,94821.30000000,95437.80000000,94712.80000000,94823.40000000,716592044.85248005
2025-01-14 09:00:00,94823.40000000,97352.00000000,94823.30000000,96509.60000000,2424894452.16343021
2025-01-14 13:00:00,96509.60000000,97248.10000000,95715.80000000,96416.70000000,2605068109.18690014
2025-01-14 17:00:00,96416.70000000,97044.80000000,95309.90000000,96499.40000000,1916785205.56089997
2025-01-14 21:00:00,96499.40000000,96882.80000000,96103.20000000,96515.00000000,667043591.22802997
2025-01-15 01:00:00,96515.00000000,97530.20000000,96450.20000000,97288.80000000,1183652127.01330996
2025-01-15 05:00:00,97288.80000000,97688.00000000,96690.00000000,97253.80000000,979753364.99544001
2025-01-15 09:00:00,97253.80000000,97488.00000000,96483.10000000,96725.40000000,936029383.47314000
2025-01-15 13:00:00,96725.40000000,99740.00000000,96500.00000000,98943.30000000,3752053559.38932991
2025-01-15 17:00:00,98943.30000000,100000.20000000,98554.10000000,99807.50000000,1538309960.53632998
2025-01-15 21:00:00,99807.50000000,100658.90000000,99410.30000000,100460.00000000,1545101476.03296995
2025-01-16 01:00:00,100460.00000000,100849.90000000,99122.30000000,99438.90000000,1320405129.47460008
2025-01-16 05:00:00,99438.90000000,99869.20000000,99284.20000000,99762.40000000,579978825.52653003
2025-01-16 09:00:00,99762.40000000,99787.80000000,98572.70000000,99107.00000000,1553279044.69461989
2025-01-16 13:00:00,99107.00000000,99479.60000000,97297.60000000,99258.20000000,3005480751.31060982
2025-01-16 17:00:00,99258.20000000,100424.20000000,99024.30000000,100382.10000000,2115945425.13215995
2025-01-16 21:00:00,100382.10000000,100599.00000000,99333.60000000,99937.40000000,1256180022.37233996
2025-01-17 01:00:00,99937.40000000,102119.90000000,99902.00000000,101005.10000000,2083743772.97377992
2025-01-17 05:00:00,101005.10000000,101845.00000000,100900.00000000,101406.90000000,810462658.68273997
2025-01-17 09:00:00,101406.90000000,102563.00000000,101406.80000000,102181.60000000,1437100900.24813008
2025-01-17 13:00:00,102181.60000000,104198.90000000,102141.30000000,103946.30000000,3251497721.93106985
2025-01-17 17:00:00,103946.30000000,105784.00000000,103772.70000000,105770.90000000,2885812328.31136990
2025-01-17 21:00:00,105770.90000000,105783.90000000,104029.70000000,104042.60000000,1402647882.05129004
2025-01-18 01:00:00,104042.60000000,104623.40000000,103014.60000000,103531.20000000,1057582159.66503000
2025-01-18 05:00:00,103531.20000000,103730.70000000,102565.70000000,102781.00000000,1791276037.33974004
2025-01-18 09:00:00,102781.00000000,103853.60000000,102242.80000000,103547.00000000,1504356248.96560001
2025-01-18 13:00:00,103547.00000000,104962.00000000,103086.50000000,104517.10000000,1607365011.39373994
2025-01-18 17:00:00,104517.10000000,104681.70000000,103112.40000000,104349.90000000,1433397349.07392001
2025-01-18 21:00:00,104349.90000000,104720.00000000,103750.00000000,104524.30000000,669362248.47288001
2025-01-19 01:00:00,104524.30000000,105439.00000000,103980.00000000,104958.20000000,1024761989.22298002
2025-01-19 05:00:00,104958.20000000,105620.90000000,104228.00000000,105151.90000000,1181421857.60822010
2025-01-19 09:00:00,105151.90000000,105455.40000000,103466.80000000,104353.80000000,2240230008.76990986
2025-01-19 13:00:00,104353.80000000,105743.10000000,104285.70000000,104936.10000000,1732159488.53973007
2025-01-19 17:00:00,104936.10000000,106259.80000000,104520.00000000,106248.00000000,1023769073.52579999
2025-01-19 21:00:00,106248.00000000,106450.00000000,99600.00000000,101308.10000000,5884439017.22684002
2025-01-20 01:00:00,101308.10000000,102300.00000000,99501.00000000,101876.70000000,3462239018.24569988
2025-01-20 05:00:00,101876.70000000,109990.20000000,101519.50000000,107184.50000000,5328906793.00671959
2025-01-20 09:00:00,107184.50000000,109228.00000000,107150.00000000,108267.50000000,2146396947.03731990
2025-01-20 13:00:00,108267.50000000,108754.70000000,104500.90000000,104995.40000000,4037656375.12762022
2025-01-20 17:00:00,104995.40000000,107074.90000000,100500.70000000,103674.20000000,7541977725.51593018
2025-01-20 21:00:00,103674.20000000,104310.70000000,101717.40000000,102247.60000000,1429399608.13031006
2025-01-21 01:00:00,102247.60000000,103279.90000000,100100.60000000,102917.40000000,2634474763.91681004
2025-01-21 05:00:00,102917.40000000,102972.00000000,101113.10000000,101980.70000000,1250203470.06668997
2025-01-21 09:00:00,101980.70000000,103951.00000000,101727.30000000,103725.00000000,1315438397.77195001
2025-01-21 13:00:00,103725.00000000,105284.60000000,102800.00000000,103929.10000000,2961729582.30789995
2025-01-21 17:00:00,103929.10000000,107230.00000000,103781.50000000,106989.90000000,3199425811.28578997
2025-01-21 21:00:00,106989.90000000,107175.00000000,105400.20000000,106114.40000000,1454314102.59946990
2025-01-22 01:00:00,106114.40000000,106389.90000000,105432.00000000,105588.20000000,790037208.23047996
2025-01-22 05:00:00,105588.20000000,105948.60000000,105037.20000000,105063.70000000,801062295.73253000
2025-01-22 09:00:00,105063.70000000,105445.00000000,104618.90000000,105083.80000000,930433335.18156004
2025-01-22 13:00:00,105083.80000000,105556.10000000,103621.30000000,104138.00000000,2274853394.56781006
2025-01-22 17:00:00,104138.00000000,104721.00000000,103280.00000000,104600.00000000,1511272332.04121995
2025-01-22 21:00:00,104600.00000000,104804.10000000,103556.90000000,103665.00000000,951685588.56893003
2025-01-23 01:00:00,103665.00000000,103777.40000000,102088.00000000,102417.10000000,1455305353.77895999
2025-01-23 05:00:00,102417.10000000,102949.00000000,101552.00000000,102668.30000000,1172517367.37702990
2025-01-23 09:00:00,102668.30000000,102668.40000000,101211.00000000,101909.30000000,1007931871.24149001
2025-01-23 13:00:00,101909.30000000,105999.90000000,101291.30000000,105223.90000000,6080235230.02048969
2025-01-23 17:00:00,105223.90000000,106837.60000000,103342.00000000,103726.80000000,3857804329.28726006
2025-01-23 21:00:00,103726.80000000,106379.80000000,102167.50000000,103864.00000000,5254591001.99372959
2025-01-24 01:00:00,103864.00000000,104264.40000000,102680.00000000,103842.70000000,1182723157.98175001
2025-01-24 05:00:00,103842.70000000,105317.20000000,103745.50000000,105000.00000000,1070501729.71991003
2025-01-24 09:00:00,105000.00000000,105727.70000000,104875.70000000,105370.00000000,925255866.79658997
2025-01-24 13:00:00,105370.00000000,106307.50000000,104623.60000000,105822.50000000,1842337817.52988005
2025-01-24 17:00:00,105822.50000000,107068.10000000,105535.90000000,105726.70000000,1920153602.14826012
2025-01-24 21:00:00,105726.70000000,105733.00000000,104400.00000000,104808.00000000,1233114575.96305990
2025-01-25 01:00:00,104808.00000000,105233.50000000,104310.00000000,105144.90000000,657411785.39357996
2025-01-25 05:00:00,105144.90000000,105153.90000000,104188.00000000,104349.40000000,532142708.29803002
2025-01-25 09:00:00,104349.40000000,104650.50000000,104044.70000000,104626.90000000,473010567.48170000
2025-01-25 13:00:00,104626.90000000,105066.00000000,104400.10000000,104852.00000000,530603743.21947002
2025-01-25 17:00:00,104852.00000000,105265.20000000,104410.80000000,105005.60000000,636292558.99807000
2025-01-25 21:00:00,105005.60000000,105231.00000000,104643.30000000,104702.00000000,371227121.33485001
2025-01-26 01:00:00,104702.00000000,105218.10000000,104463.20000000,105036.50000000,407605217.37449998
2025-01-26 05:00:00,105036.50000000,105486.90000000,104905.30000000,104963.80000000,335798250.47925001
2025-01-26 09:00:00,104963.80000000,105208.10000000,104359.30000000,104775.60000000,607393202.86131001
2025-01-26 13:00:00,104775.60000000,105043.30000000,104648.80000000,104920.00000000,340690460.31318998
2025-01-26 17:00:00,104920.00000000,105235.00000000,104850.10000000,105050.20000000,333277351.34446001
2025-01-26 21:00:00,105050.20000000,105175.00000000,102453.20000000,102560.00000000,1559557083.06073999
2025-01-27 01:00:00,102560.00000000,103216.50000000,100651.60000000,101349.20000000,2419468709.38715982
2025-01-27 05:00:00,101349.20000000,101349.30000000,97698.90000000,98996.30000000,3194658556.44506979
2025-01-27 09:00:00,98996.30000000,99493.60000000,98230.40000000,98700.00000000,1635896101.01185989
2025-01-27 13:00:00,98700.00000000,102267.70000000,98666.00000000,101070.80000000,3922963202.44167995
2025-01-27 17:00:00,101070.80000000,101207.10000000,98820.60000000,99660.30000000,2163392905.10784006
2025-01-27 21:00:00,99660.30000000,102399.90000000,99549.00000000,102021.20000000,1829205861.70775008
2025-01-28 01:00:00,102021.20000000,102843.30000000,101272.80000000,102582.60000000,1238294872.99468994
2025-01-28 05:00:00,102582.60000000,103325.30000000,102485.00000000,102749.60000000,1030972852.35036004
2025-01-28 09:00:00,102749.60000000,103146.40000000,102352.30000000,102717.50000000,672047126.61023998
2025-01-28 13:00:00,102717.50000000,103792.50000000,101770.50000000,102730.50000000,1981922876.64376998
2025-01-28 17:00:00,102730.50000000,103083.40000000,101778.00000000,102373.90000000,1695867515.67342997
2025-01-28 21:00:00,102373.90000000,102494.90000000,100235.00000000,101279.60000000,1632456321.19907999
2025-01-29 01:00:00,101279.60000000,102296.00000000,101269.80000000,101998.50000000,683928958.39137006
2025-01-29 05:00:00,101998.50000000,102800.60000000,101912.80000000,102723.20000000,634429748.63336003
2025-01-29 09:00:00,102723.20000000,103005.20000000,102153.80000000,102592.00000000,682038527.14514005
2025-01-29 13:00:00,102592.00000000,102783.70000000,101529.30000000,101934.20000000,1419737480.57999992
2025-01-29 17:00:00,101934.20000000,103997.00000000,101365.40000000,103550.50000000,2837687794.90758991
2025-01-29 21:00:00,103550.50000000,104755.00000000,102793.70000000,103698.20000000,2014625605.11294007
2025-01-30 01:00:00,103698.20000000,105280.00000000,103229.10000000,105155.70000000,1131460760.42825007
2025-01-30 05:00:00,105155.70000000,105564.30000000,104762.90000000,105085.10000000,1055642204.95021999
2025-01-30 09:00:00,105085.10000000,105504.80000000,104879.40000000,105251.90000000,625198779.08850002
2025-01-30 13:00:00,105251.90000000,106425.60000000,104607.20000000,105519.30000000,2020241556.60739994
2025-01-30 17:00:00,105519.30000000,105960.00000000,104704.10000000,105659.90000000,1079848332.73674011
2025-01-30 21:00:00,105659.90000000,105766.50000000,104632.70000000,104677.00000000,806396507.64558995
2025-01-31 01:00:00,104677.00000000,104982.20000000,103885.60000000,104286.70000000,948181367.30023003
2025-01-31 05:00:00,104286.70000000,104776.40000000,103926.40000000,104160.10000000,752022970.34653997
2025-01-31 09:00:00,104160.10000000,104821.80000000,103888.60000000,104679.30000000,716361022.85213006
2025-01-31 13:00:00,104679.30000000,106000.00000000,104050.00000000,105417.30000000,1724037524.60249996
2025-01-31 17:00:00,105417.30000000,105536.00000000,102100.00000000,102276.30000000,2590811760.11004019
2025-01-31 21:00:00,102276.30000000,102443.80000000,101510.50000000,102379.80000000,1542782580.34501004
2025-02-01 01:00:00,102379.80000000,102734.90000000,102142.80000000,102203.90000000,598943641.83905995
2025-02-01 05:00:00,102203.90000000,102543.00000000,102074.90000000,102126.90000000,375303176.29841000
2025-02-01 09:00:00,102126.90000000,102242.30000000,101349.10000000,101980.10000000,821653565.31083000
2025-02-01 13:00:00,101980.10000000,102285.00000000,101680.10000000,102031.60000000,617611082.14394999
2025-02-01 17:00:00,102031.60000000,102245.80000000,101393.10000000,101620.30000000,591983550.07063997
2025-02-01 21:00:00,101620.30000000,101620.00000000,100215.10000000,100603.50000000,1422607309.94763994
2025-02-02 01:00:00,100603.50000000,101426.00000000,99111.00000000,99160.80000000,1477453633.96327996
2025-02-02 05:00:00,99160.80000000,100462.80000000,98989.00000000,99586.20000000,1166555027.80363989
2025-02-02 09:00:00,99586.20000000,100071.00000000,98563.10000000,98811.50000000,1184597416.13291001
2025-02-02 13:00:00,98811.50000000,99384.50000000,98101.40000000,99298.50000000,1551606648.39301991
2025-02-02 17:00:00,99298.50000000,99318.80000000,96779.90000000,98232.10000000,3011795995.67189980
2025-02-02 21:00:00,98232.10000000,98594.80000000,96049.10000000,97664.40000000,2275528840.11836004
2025-02-03 01:00:00,97664.40000000,97748.00000000,91161.30000000,94001.50000000,6842610142.90534973
2025-02-03 05:00:00,94001.50000000,95373.00000000,92600.00000000,95271.10000000,1698407075.85996008
2025-02-03 09:00:00,95271.10000000,95891.80000000,94739.70000000,95070.80000000,1622381312.20405006
2025-02-03 13:00:00,95070.80000000,99449.20000000,94111.70000000,98802.40000000,4188910647.95381021
2025-02-03 17:00:00,98802.40000000,101832.00000000,97996.50000000,101831.90000000,3403335081.73693991
2025-02-03 21:00:00,101831.90000000,102442.00000000,100875.40000000,101293.70000000,2039592122.42579007
2025-02-04 01:00:00,101293.70000000,101671.00000000,100518.30000000,100597.20000000,1025326543.55437005
2025-02-04 05:00:00,100597.20000000,100740.10000000,98187.50000000,98405.00000000,2314016322.41543007
2025-02-04 09:00:00,98405.00000000,99387.00000000,97794.00000000,98924.10000000,1342220569.11860991
2025-02-04 13:00:00,98924.10000000,100370.60000000,98215.70000000,99302.70000000,2429990508.88194990
2025-02-04 17:00:00,99302.70000000,100743.60000000,98736.40000000,98818.10000000,1814091721.75406003
2025-02-04 21:00:00,98818.10000000,99400.10000000,96100.00000000,97710.00000000,2968355436.03454018
2025-02-05 01:00:00,97710.00000000,98908.50000000,97081.80000000,97996.20000000,1219989599.50521994
2025-02-05 05:00:00,97996.20000000,98300.00000000,97320.00000000,97814.90000000,812644344.95463002
2025-02-05 09:00:00,97814.90000000,98178.00000000,97206.00000000,98161.80000000,737263431.20067000
2025-02-05 13:00:00,98161.80000000,99124.20000000,97710.10000000,98063.30000000,1547167482.52961993
2025-02-05 17:00:00,98063.30000000,98257.50000000,96442.10000000,97327.10000000,1506676500.95941997
2025-02-05 21:00:00,97327.10000000,97662.60000000,96106.10000000,96553.20000000,1077031794.51041007
2025-02-06 01:00:00,96553.20000000,97459.60000000,96381.60000000,97305.60000000,650750774.30841994
2025-02-06 05:00:00,97305.60000000,98390.50000000,97224.70000000,98164.90000000,702511098.72791004
2025-02-06 09:00:00,98164.90000000,99093.00000000,97880.00000000,98826.20000000,1121149465.95046997
2025-02-06 13:00:00,98826.20000000,99019.90000000,96869.60000000,97285.60000000,1928669307.63936996
2025-02-06 17:00:00,97285.60000000,97500.00000000,95632.90000000,95946.00000000,1955220547.82103992
2025-02-06 21:00:00,95946.00000000,97041.30000000,95736.10000000,96515.00000000,952663014.05065000
2025-02-07 01:00:00,96515.00000000,97800.90000000,96360.40000000,97410.10000000,745110621.38218999
2025-02-07 05:00:00,97410.10000000,97835.00000000,96536.60000000,96705.00000000,800555707.98526001
2025-02-07 09:00:00,96705.00000000,97716.60000000,96566.30000000,97706.00000000,644571605.04261994
2025-02-07 13:00:00,97706.00000000,100112.40000000,97150.00000000,98257.10000000,4400037795.54998016
2025-02-07 17:00:00,98257.10000000,98535.50000000,96820.00000000,96840.00000000,2156958245.16915989
2025-02-07 21:00:00,96840.00000000,96885.40000000,95569.70000000,96454.60000000,1399926725.89242005
2025-02-08 01:00:00,96454.60000000,96848.80000000,96288.00000000,96660.10000000,555183213.06104004
2025-02-08 05:00:00,96660.10000000,96660.10000000,95715.90000000,96153.30000000,606077794.82026994
2025-02-08 09:00:00,96153.30000000,96248.30000000,95805.00000000,96074.00000000,475552172.04939002
2025-02-08 13:00:00,96074.00000000,96459.90000000,95616.20000000,95798.00000000,683421090.36211002
2025-02-08 17:00:00,95798.00000000,96716.60000000,95685.60000000,96550.00000000,631304728.05809999
2025-02-08 21:00:00,96550.00000000,96672.00000000,96311.60000000,96411.90000000,275370208.15091002
2025-02-09 01:00:00,96411.90000000,97278.40000000,96313.10000000,97278.40000000,562718654.52356994
2025-02-09 05:00:00,97278.40000000,97300.50000000,96738.30000000,97019.90000000,366482921.18818998
2025-02-09 09:00:00,97019.90000000,97278.20000000,96500.70000000,96511.20000000,626777346.33226001
2025-02-09 13:00:00,96511.20000000,96663.60000000,95650.00000000,96438.00000000,955690601.17759001
2025-02-09 17:00:00,96438.00000000,96541.60000000,95828.00000000,96011.40000000,464104663.50073999
2025-02-09 21:00:00,96011.40000000,96733.40000000,94650.10000000,96425.00000000,1622680461.83610010
2025-02-10 01:00:00,96425.00000000,97091.80000000,95200.20000000,96770.00000000,1458559255.96615005
2025-02-10 05:00:00,96770.00000000,97617.70000000,96591.80000000,97386.30000000,1065603198.16090000
2025-02-10 09:00:00,97386.30000000,97929.10000000,97305.50000000,97627.20000000,842378035.11435997
2025-02-10 13:00:00,97627.20000000,98328.00000000,96807.00000000,97187.80000000,1565849192.29231000
2025-02-10 17:00:00,97187.80000000,97610.40000000,96828.40000000,97343.70000000,733762021.43786001
2025-02-10 21:00:00,97343.70000000,97455.50000000,97090.30000000,97379.30000000,318543680.25900000
2025-02-11 01:00:00,97379.30000000,98106.50000000,97370.30000000,97565.50000000,751524024.39383996
2025-02-11 05:00:00,97565.50000000,98454.40000000,97514.60000000,98227.60000000,764003120.05236006
2025-02-11 09:00:00,98227.60000000,98300.00000000,97834.30000000,98100.10000000,508350335.61444998
2025-02-11 13:00:00,98100.10000000,98112.20000000,96529.80000000,96960.00000000,1792105066.46788001
2025-02-11 17:00:00,96960.00000000,97002.00000000,94824.60000000,94991.90000000,1919870745.75362992
2025-02-11 21:00:00,94991.90000000,96465.60000000,94871.20000000,95731.40000000,1309872468.87029004
2025-02-12 01:00:00,95731.40000000,96230.00000000,95050.00000000,95251.40000000,696449401.45892000
2025-02-12 05:00:00,95251.40000000,96130.10000000,95214.60000000,96027.10000000,546424948.29559004
2025-02-12 09:00:00,96027.10000000,96437.50000000,95864.30000000,96062.40000000,693392460.89243996
2025-02-12 13:00:00,96062.40000000,96596.30000000,94020.10000000,95762.10000000,3443956439.01398993
2025-02-12 17:00:00,95762.10000000,97700.00000000,95074.00000000,97156.60000000,2338876505.96504021
2025-02-12 21:00:00,97156.60000000,98090.90000000,96811.20000000,97820.10000000,1180743730.02035999
2025-02-13 01:00:00,97820.10000000,98049.90000000,97314.50000000,97463.40000000,567586330.88312995
2025-02-13 05:00:00,97463.40000000,97518.80000000,95741.20000000,96018.50000000,1287948854.65809011
2025-02-13 09:00:00,96018.50000000,96289.60000000,95529.10000000,95883.60000000,896464308.49510002
2025-02-13 13:00:00,95883.60000000,96432.40000000,95289.80000000,95950.00000000,1674278125.91110992
2025-02-13 17:00:00,95950.00000000,96325.00000000,95176.40000000,95587.80000000,1180170605.02351999
2025-02-13 21:00:00,95587.80000000,96735.10000000,95545.00000000,96560.60000000,715265126.84205997
2025-02-14 01:00:00,96560.60000000,97163.00000000,96328.90000000,97095.00000000,640542100.89864004
2025-02-14 05:00:00,97095.00000000,97211.70000000,96509.60000000,96890.00000000,574471773.06544995
2025-02-14 09:00:00,96890.00000000,97150.00000000,96743.40000000,96844.70000000,460240393.47674000
2025-02-14 13:00:00,96844.70000000,97553.40000000,96227.00000000,96886.60000000,1584251064.20276999
2025-02-14 17:00:00,96886.60000000,98792.80000000,96444.60000000,97893.70000000,2303752253.44854021
2025-02-14 21:00:00,97893.70000000,98229.10000000,96636.70000000,97445.10000000,1016547204.81779003
2025-02-15 01:00:00,97445.10000000,97938.30000000,97170.00000000,97619.40000000,460587713.05958003
2025-02-15 05:00:00,97619.40000000,97750.00000000,97307.00000000,97312.40000000,278804377.45210999
2025-02-15 09:00:00,97312.40000000,97688.80000000,97265.00000000,97569.40000000,283751430.97693998
2025-02-15 13:00:00,97569.40000000,97898.90000000,97380.10000000,97594.40000000,540242699.64786994
2025-02-15 17:00:00,97594.40000000,97682.40000000,97275.40000000,97497.00000000,356266427.56588000
2025-02-15 21:00:00,97497.00000000,97698.20000000,97370.00000000,97538.00000000,272767276.41220999
2025-02-16 01:00:00,97538.00000000,97665.80000000,97374.90000000,97504.80000000,249110550.42166999
2025-02-16 05:00:00,97504.80000000,97638.20000000,97141.00000000,97207.30000000,269513886.07481998
2025-02-16 09:00:00,97207.30000000,97355.00000000,97011.00000000,97293.20000000,332807006.96820998
2025-02-16 13:00:00,97293.20000000,97295.70000000,96631.50000000,96849.90000000,606044721.89821994
2025-02-16 17:00:00,96849.90000000,97134.00000000,96575.00000000,97021.40000000,407205681.09189999
2025-02-16 21:00:00,97021.40000000,97243.90000000,96002.00000000,96067.00000000,678964175.58876002
2025-02-17 01:00:00,96067.00000000,96600.10000000,96000.00000000,96171.40000000,514997286.19274002
2025-02-17 05:00:00,96171.40000000,96421.90000000,95739.90000000,96023.90000000,631200390.06497002
2025-02-17 09:00:00,96023.90000000,96347.00000000,95897.10000000,96018.30000000,576693846.23084998
2025-02-17 13:00:00,96018.30000000,97000.00000000,95492.00000000,95605.50000000,1342788248.26084995
2025-02-17 17:00:00,95605.50000000,95900.00000000,95150.60000000,95490.70000000,1102932962.94687009
2025-02-17 21:00:00,95490.70000000,96386.90000000,95452.80000000,95743.20000000,581436674.70369995
2025-02-18 01:00:00,95743.20000000,96296.50000000,95514.30000000,96163.10000000,535705405.60272002
2025-02-18 05:00:00,96163.10000000,96267.70000000,95199.90000000,95409.90000000,824851606.58888996
2025-02-18 09:00:00,95409.90000000,95849.00000000,95021.70000000,95614.00000000,687820798.16381001
2025-02-18 13:00:00,95614.00000000,96724.10000000,95117.00000000,95505.80000000,1757187927.20365000
2025-02-18 17:00:00,95505.80000000,95595.00000000,93322.00000000,94062.20000000,2757126963.72403002
2025-02-18 21:00:00,94062.20000000,95640.80000000,93696.40000000,95622.00000000,1469719488.31782007
2025-02-19 01:00:00,95622.00000000,95929.00000000,95020.00000000,95672.20000000,809046190.26730001
2025-02-19 05:00:00,95672.20000000,95816.20000000,95012.60000000,95641.80000000,775421570.27199996
2025-02-19 09:00:00,95641.80000000,96438.00000000,95573.30000000,96392.00000000,816669947.98168004
2025-02-19 13:00:00,96392.00000000,96673.50000000,95494.40000000,95895.40000000,1339278931.06018996
2025-02-19 17:00:00,95895.40000000,96447.00000000,95369.00000000,96159.80000000,911248179.36015999
2025-02-19 21:00:00,96159.80000000,96865.10000000,96011.60000000,96598.00000000,618580081.75452006
2025-02-20 01:00:00,96598.00000000,97336.00000000,96366.30000000,97017.40000000,663261762.58680999
2025-02-20 05:00:00,97017.40000000,97302.70000000,96744.10000000,96825.70000000,430029049.61330998
2025-02-20 09:00:00,96825.70000000,97349.90000000,96757.20000000,97164.60000000,387340636.73462999
2025-02-20 13:00:00,97164.60000000,98000.00000000,96758.40000000,96867.70000000,1665256851.68612003
2025-02-20 17:00:00,96867.70000000,98480.00000000,96838.10000000,98370.00000000,1429709665.61601996
2025-02-20 21:00:00,98370.00000000,98662.10000000,97952.80000000,98252.80000000,732824265.82016003
2025-02-21 01:00:00,98252.80000000,98450.00000000,98030.50000000,98106.10000000,420861698.96753001
2025-02-21 05:00:00,98106.10000000,98555.00000000,98072.40000000,98128.40000000,425030130.31478000
2025-02-21 09:00:00,98128.40000000,98888.00000000,98060.50000000,98579.60000000,902555050.55027997
2025-02-21 13:00:00,98579.60000000,99431.50000000,97150.50000000,98057.50000000,3470926072.39600992
2025-02-21 17:00:00,98057.50000000,98720.00000000,95202.00000000,95242.90000000,3386416064.14398003
2025-02-21 21:00:00,95242.90000000,96150.00000000,94837.20000000,96127.90000000,1518347407.86264992
2025-02-22 01:00:00,96127.90000000,96399.90000000,95734.90000000,96250.00000000,570544300.56006002
2025-02-22 05:00:00,96250.00000000,96535.50000000,96219.90000000,96241.70000000,384595736.70152003
2025-02-22 09:00:00,96241.70000000,96569.30000000,96107.00000000,96526.50000000,452390828.03100997
2025-02-22 13:00:00,96526.50000000,96970.80000000,96444.30000000,96552.30000000,698143854.97002995
2025-02-22 17:00:00,96552.30000000,96794.60000000,96333.80000000,96596.60000000,454855750.74606001
2025-02-22 21:00:00,96596.60000000,96659.50000000,96433.50000000,96503.30000000,204904035.47064999
2025-02-23 01:00:00,96503.30000000,96602.90000000,96312.90000000,96373.80000000,237607394.73773000
2025-02-23 05:00:00,96373.80000000,96504.10000000,96102.70000000,96454.70000000,433329418.24277002
2025-02-23 09:00:00,96454.70000000,96454.70000000,96030.00000000,96064.20000000,315773327.26643997
2025-02-23 13:00:00,96064.20000000,96118.10000000,95358.10000000,95391.40000000,879906856.22475004
2025-02-23 17:00:00,95391.40000000,95823.50000000,95189.10000000,95706.50000000,480589364.61445999
2025-02-23 21:00:00,95706.50000000,96290.00000000,95476.50000000,96218.40000000,455013893.70890999
2025-02-24 01:00:00,96218.40000000,96470.00000000,95263.10000000,95388.00000000,714514539.05815005
2025-02-24 05:00:00,95388.00000000,95918.40000000,95030.70000000,95834.30000000,713705790.73136997
2025-02-24 09:00:00,95834.30000000,96141.50000000,95282.50000000,95774.90000000,761547076.18968999
2025-02-24 13:00:00,95774.90000000,96055.10000000,93800.00000000,94290.00000000,2382605149.16494989
2025-02-24 17:00:00,94290.00000000,95182.30000000,93629.50000000,93914.50000000,1568569309.22217989
2025-02-24 21:00:00,93914.50000000,94550.50000000,91300.10000000,91514.60000000,2437432823.52309990
2025-02-25 01:00:00,91514.60000000,92500.00000000,90878.20000000,92125.30000000,1908827914.86415005
2025-02-25 05:00:00,92125.30000000,92287.00000000,88133.50000000,89269.70000000,3305422351.49799013
2025-02-25 09:00:00,89269.70000000,89950.80000000,86803.50000000,89186.90000000,3542597626.71400976
2025-02-25 13:00:00,89186.90000000,89496.60000000,86022.00000000,87201.00000000,3867984151.58225012
2025-02-25 17:00:00,87201.00000000,88048.90000000,86125.90000000,87914.20000000,2587046663.21265984
2025-02-25 21:00:00,87914.20000000,89434.90000000,87580.00000000,88639.00000000,1724008500.32900000
2025-02-26 01:00:00,88639.00000000,89367.10000000,88102.00000000,88851.80000000,783997515.98869002
2025-02-26 05:00:00,88851.80000000,89204.10000000,88369.80000000,88681.80000000,611146291.94192004
2025-02-26 09:00:00,88681.80000000,89282.90000000,88092.30000000,88570.00000000,990486828.00924003
2025-02-26 13:00:00,88570.00000000,88641.00000000,85378.10000000,87534.70000000,3930180723.34330988
2025-02-26 17:00:00,87534.70000000,87784.70000000,83307.40000000,83831.90000000,4646982943.07894993
2025-02-26 21:00:00,83831.90000000,85365.00000000,82222.00000000,84208.60000000,2843439729.22840023
2025-02-27 01:00:00,84208.60000000,85397.10000000,84000.10000000,85177.00000000,1088837637.04493999
2025-02-27 05:00:00,85177.00000000,86687.00000000,84640.10000000,86227.50000000,1168778071.82498002
2025-02-27 09:00:00,86227.50000000,87059.80000000,85827.10000000,86655.30000000,1255790156.95648003
2025-02-27 13:00:00,86655.30000000,86755.00000000,84617.70000000,85472.90000000,2427960335.98679018
2025-02-27 17:00:00,85472.90000000,85664.70000000,83567.40000000,84084.00000000,1535086266.84634995
2025-02-27 21:00:00,84084.00000000,84893.80000000,82671.20000000,84668.10000000,1767352218.47219992
2025-02-28 01:00:00,84668.10000000,84858.60000000,79500.00000000,80424.30000000,4647817523.88105965
2025-02-28 05:00:00,80424.30000000,80936.80000000,78800.00000000,79160.00000000,3408502524.03691006
2025-02-28 09:00:00,79160.00000000,80800.00000000,78217.30000000,80485.40000000,2392065126.25438976
2025-02-28 13:00:00,80485.40000000,84370.40000000,80033.00000000,83961.20000000,3476949118.13490009
2025-02-28 17:00:00,83961.20000000,85081.60000000,83153.30000000,84405.00000000,2484750561.73480988
2025-02-28 21:00:00,84405.00000000,84743.80000000,83555.00000000,84299.60000000,813613852.27664995
2025-03-01 01:00:00,84299.60000000,85638.00000000,83781.70000000,85281.00000000,1118120263.47214007
2025-03-01 05:00:00,85281.00000000,86516.50000000,84698.80000000,84707.20000000,1373263929.04182005
2025-03-01 09:00:00,84707.20000000,85452.50000000,84343.00000000,84593.40000000,907302460.26125002
2025-03-01 13:00:00,84593.40000000,84908.50000000,84290.00000000,84749.50000000,643033931.03708005
2025-03-01 17:00:00,84749.50000000,85555.00000000,84652.00000000,85431.20000000,596658515.76484001
2025-03-01 21:00:00,85431.20000000,86219.70000000,85239.60000000,86007.70000000,566390406.98643994
2025-03-02 01:00:00,86007.70000000,86449.90000000,85573.20000000,85812.00000000,670760057.11476004
2025-03-02 05:00:00,85812.00000000,86515.00000000,85490.00000000,86191.30000000,500637392.71187001
2025-03-02 09:00:00,86191.30000000,86219.50000000,85605.10000000,86047.10000000,579442508.46923006
2025-03-02 13:00:00,86047.10000000,88638.60000000,85015.00000000,87382.50000000,2589249753.47871017
2025-03-02 17:00:00,87382.50000000,94963.70000000,87250.10000000,93467.30000000,6940471430.74573994
2025-03-02 21:00:00,93467.30000000,94800.00000000,93444.90000000,94222.90000000,1888243643.14663005
2025-03-03 01:00:00,94222.90000000,94373.30000000,92382.70000000,92660.00000000,1431654297.55553007
2025-03-03 05:00:00,92660.00000000,93300.10000000,91152.30000000,92308.30000000,1498492934.87153006
2025-03-03 09:00:00,92308.30000000,92888.00000000,91100.00000000,92700.00000000,1369375036.75954008
2025-03-03 13:00:00,92700.00000000,93666.00000000,89100.10000000,90009.50000000,4070517105.31239986
2025-03-03 17:00:00,90009.50000000,90959.10000000,85501.00000000,85551.20000000,4430499453.56241035
2025-03-03 21:00:00,85551.20000000,86999.50000000,85057.60000000,86182.00000000,2868821197.97479010
2025-03-04 01:00:00,86182.00000000,86773.50000000,82424.00000000,83924.50000000,3463661936.04636002
2025-03-04 05:00:00,83924.50000000,84564.90000000,83111.10000000,83159.40000000,1097614819.10991001
2025-03-04 09:00:00,83159.40000000,84352.60000000,83000.10000000,83886.10000000,920812676.03248000
2025-03-04 13:00:00,83886.10000000,84932.40000000,81424.00000000,82940.00000000,3874224599.66483021
2025-03-04 17:00:00,82940.00000000,88470.10000000,81912.10000000,88168.30000000,3114686935.02113008
2025-03-04 21:00:00,88168.30000000,88918.00000000,86544.00000000,87245.90000000,2051044741.23008990
2025-03-05 01:00:00,87245.90000000,87846.40000000,86332.60000000,86803.20000000,1142823659.20972991
2025-03-05 05:00:00,86803.20000000,87688.00000000,86694.00000000,87579.60000000,582340069.54020000
2025-03-05 09:00:00,87579.60000000,90625.00000000,87549.00000000,89777.60000000,1806212638.52044010
2025-03-05 13:00:00,89777.60000000,90897.10000000,87892.80000000,88312.50000000,3288337226.07978010
2025-03-05 17:00:00,88312.50000000,90440.00000000,87558.00000000,89711.20000000,2276659874.93241978
2025-03-05 21:00:00,89711.20000000,90971.80000000,89626.30000000,90566.00000000,858178775.41342998
2025-03-06 01:00:00,90566.00000000,91988.00000000,89955.00000000,91563.20000000,1373235830.95265007
2025-03-06 05:00:00,91563.20000000,92780.20000000,91224.50000000,91311.40000000,1223626877.76900005
2025-03-06 09:00:00,91311.40000000,91635.40000000,90574.00000000,91319.10000000,1151382240.91428995
2025-03-06 13:00:00,91319.10000000,91420.00000000,89080.00000000,90776.00000000,2934766982.32065010
2025-03-06 17:00:00,90776.00000000,91025.70000000,87790.50000000,88488.50000000,2634341358.99320984
2025-03-06 21:00:00,88488.50000000,90747.90000000,88428.70000000,89887.80000000,1760117312.56440997
2025-03-07 01:00:00,89887.80000000,91250.00000000,84600.00000000,86958.50000000,4550891160.79129982
2025-03-07 05:00:00,86958.50000000,88566.60000000,86812.00000000,88308.70000000,947016401.34177995
2025-03-07 09:00:00,88308.70000000,89666.00000000,87932.10000000,88928.90000000,983339151.92905998
2025-03-07 13:00:00,88928.90000000,91080.00000000,87979.00000000,88434.00000000,3777533413.34796000
2025-03-07 17:00:00,88434.00000000,88990.00000000,86530.50000000,87787.20000000,3073064591.52761984
2025-03-07 21:00:00,87787.20000000,88492.40000000,85555.00000000,86753.70000000,2526093024.18252993
2025-03-08 01:00:00,86753.70000000,86862.10000000,85160.10000000,85880.00000000,948044517.00653005
2025-03-08 05:00:00,85880.00000000,86622.90000000,85607.70000000,86159.20000000,533339975.71687001
2025-03-08 09:00:00,86159.20000000,86422.00000000,85720.00000000,85921.50000000,436699982.83705002
2025-03-08 13:00:00,85921.50000000,86587.00000000,85774.80000000,86360.00000000,526882327.09825999
2025-03-08 17:00:00,86360.00000000,86459.00000000,85605.50000000,86190.50000000,657100568.76108003
2025-03-08 21:00:00,86190.50000000,86458.30000000,85800.00000000,86184.80000000,316908275.42355001
2025-03-09 01:00:00,86184.80000000,86470.60000000,85902.00000000,86077.00000000,378021322.39705002
2025-03-09 05:00:00,86077.00000000,86128.30000000,85763.60000000,85968.90000000,308608534.66079998
2025-03-09 09:00:00,85968.90000000,86061.00000000,84607.50000000,84990.00000000,1030655880.30509996
2025-03-09 13:00:00,84990.00000000,85028.10000000,82679.30000000,83030.40000000,1905651043.77245998
2025-03-09 17:00:00,83030.40000000,83727.80000000,82178.80000000,82599.90000000,1850929740.89599991
2025-03-09 21:00:00,82599.90000000,83500.90000000,79934.10000000,80688.80000000,2112267293.54776001
2025-03-10 01:00:00,80688.80000000,82694.20000000,80001.20000000,82000.00000000,1747268783.08166003
2025-03-10 05:00:00,82000.00000000,82759.70000000,81947.20000000,82277.60000000,625063589.94211996
2025-03-10 09:00:00,82277.60000000,84019.40000000,81110.00000000,83537.80000000,2544279106.74465990
2025-03-10 13:00:00,83537.80000000,83728.20000000,79142.80000000,80010.60000000,4091652852.80575991
2025-03-10 17:00:00,80010.60000000,80217.50000000,77413.00000000,79031.90000000,3440753853.07106018
2025-03-10 21:00:00,79031.90000000,79838.70000000,78363.60000000,78567.80000000,1271632018.04086995
2025-03-11 01:00:00,78567.80000000,79888.00000000,76566.00000000,79487.50000000,2499089218.56658983
2025-03-11 05:00:00,79487.50000000,80585.10000000,79411.20000000,80385.90000000,1092777705.05925989
2025-03-11 09:00:00,80385.90000000,82046.50000000,80291.10000000,81684.50000000,1381618947.35073996
2025-03-11 13:00:00,81684.50000000,82223.40000000,79026.50000000,81190.70000000,4491253467.36734962
2025-03-11 17:00:00,81190.70000000,83595.00000000,80607.80000000,83074.70000000,2479572968.41666985
2025-03-11 21:00:00,83074.70000000,83261.70000000,82517.50000000,82895.90000000,821215077.48292994
2025-03-12 01:00:00,82895.90000000,83741.60000000,82066.60000000,82095.80000000,1227819589.35978007
2025-03-12 05:00:00,82095.80000000,82500.00000000,81250.10000000,82405.00000000,1258737036.53240991
2025-03-12 09:00:00,82405.00000000,83046.90000000,81982.90000000,82972.00000000,1257996013.28362012
2025-03-12 13:00:00,82972.00000000,84482.00000000,80578.50000000,81689.90000000,4024460910.91911983
2025-03-12 17:00:00,81689.90000000,83120.70000000,81575.60000000,82867.00000000,1806261135.36310005
2025-03-12 21:00:00,82867.00000000,83849.00000000,82662.00000000,83640.70000000,726507161.87585998
2025-03-13 01:00:00,83640.70000000,84307.10000000,83268.80000000,83537.20000000,846955775.70823002
2025-03-13 05:00:00,83537.20000000,83663.50000000,82813.20000000,83118.60000000,840695813.38207996
2025-03-13 09:00:00,83118.60000000,83491.90000000,82352.10000000,82940.00000000,1041779976.24892998
2025-03-13 13:00:00,82940.00000000,83943.40000000,80917.20000000,81016.00000000,2944752177.31031990
2025-03-13 17:00:00,81016.00000000,81228.10000000,79903.90000000,80184.30000000,1931460667.64065003
2025-03-13 21:00:00,80184.30000000,81449.40000000,80162.90000000,81085.50000000,808085682.10564005
2025-03-14 01:00:00,81085.50000000,82239.00000000,80780.00000000,81861.50000000,939023466.93474996
2025-03-14 05:00:00,81861.50000000,82424.80000000,81732.00000000,82128.00000000,593049773.96122003
2025-03-14 09:00:00,82128.00000000,83322.80000000,82124.50000000,83208.70000000,1023538868.89003003
2025-03-14 13:00:00,83208.70000000,85270.20000000,82599.90000000,84692.10000000,3322216396.27434015
2025-03-14 17:00:00,84692.10000000,84908.80000000,83908.40000000,84503.40000000,1421697281.65215993
2025-03-14 21:00:00,84503.40000000,84508.10000000,83666.30000000,83939.80000000,788816335.52665997
2025-03-15 01:00:00,83939.80000000,84625.00000000,83922.00000000,84440.00000000,492596687.46325999
2025-03-15 05:00:00,84440.00000000,84520.00000000,83758.70000000,83797.10000000,443945490.41088998
2025-03-15 09:00:00,83797.10000000,84143.90000000,83580.10000000,84054.80000000,641733208.32072997
2025-03-15 13:00:00,84054.80000000,84436.70000000,83961.60000000,84295.70000000,577648537.64749002
2025-03-15 17:00:00,84295.70000000,84453.30000000,84060.00000000,84261.10000000,348329161.62917000
2025-03-15 21:00:00,84261.10000000,84430.50000000,84191.20000000,84303.00000000,238894087.25314000
2025-03-16 01:00:00,84303.00000000,84356.70000000,83691.30000000,84291.50000000,483098269.00430000
2025-03-16 05:00:00,84291.50000000,84382.20000000,83924.50000000,84229.20000000,386209326.00827998
2025-03-16 09:00:00,84229.20000000,84300.00000000,82333.40000000,82366.80000000,1273544570.75250006
2025-03-16 13:00:00,82366.80000000,83454.00000000,82355.30000000,83280.00000000,1250099342.64407992
2025-03-16 17:00:00,83280.00000000,85128.40000000,82508.00000000,83053.40000000,1889491519.64718008
2025-03-16 21:00:00,83053.40000000,83418.20000000,81937.80000000,82541.50000000,883472512.87320995
2025-03-17 01:00:00,82541.50000000,83696.60000000,82483.90000000,83641.00000000,793490490.40382004
2025-03-17 05:00:00,83641.00000000,83842.80000000,82633.30000000,83522.60000000,843094632.73640001
2025-03-17 09:00:00,83522.60000000,83749.90000000,83171.70000000,83475.00000000,631756546.62378001
2025-03-17 13:00:00,83475.00000000,83968.00000000,82384.00000000,83499.00000000,2237519744.74214983
2025-03-17 17:00:00,83499.00000000,84709.90000000,83074.80000000,84439.80000000,1401190623.65497994
2025-03-17 21:00:00,84439.80000000,84464.10000000,83700.00000000,83962.90000000,633005656.38712001
2025-03-18 01:00:00,83962.90000000,83979.80000000,82913.60000000,83107.60000000,827041879.48747003
2025-03-18 05:00:00,83107.60000000,83237.00000000,82207.70000000,83124.70000000,1195530981.58573008
2025-03-18 09:00:00,83124.70000000,83422.80000000,82460.00000000,82550.00000000,735554105.14871001
2025-03-18 13:00:00,82550.00000000,82786.00000000,81113.70000000,81567.60000000,2063660617.49625993
2025-03-18 17:00:00,81567.60000000,82438.30000000,81208.40000000,82284.90000000,1196026209.34561992
2025-03-18 21:00:00,82284.90000000,82769.80000000,81836.20000000,82666.10000000,616924789.68332005
2025-03-19 01:00:00,82666.10000000,83200.00000000,82501.80000000,83008.30000000,730454196.46178997
2025-03-19 05:00:00,83008.30000000,83329.90000000,82752.10000000,83136.90000000,579712593.75004995
2025-03-19 09:00:00,83136.90000000,84078.50000000,83137.80000000,83848.50000000,1017212856.88905001
2025-03-19 13:00:00,83848.50000000,84855.00000000,83462.00000000,84685.70000000,1711731011.84372997
2025-03-19 17:00:00,84685.70000000,85908.00000000,83500.50000000,85382.60000000,3558922946.46370983
2025-03-19 21:00:00,85382.60000000,86980.50000000,85163.90000000,86809.90000000,1360280083.65567994
2025-03-20 01:00:00,86809.90000000,87435.20000000,85580.70000000,85849.50000000,1669649480.19095993
2025-03-20 05:00:00,85849.50000000,85972.30000000,85390.00000000,85764.70000000,623161269.70826995
2025-03-20 09:00:00,85764.70000000,86275.30000000,84699.90000000,85460.80000000,1400279222.93159008
2025-03-20 13:00:00,85460.80000000,86486.00000000,84520.10000000,84656.40000000,2333322702.76809978
2025-03-20 17:00:00,84656.40000000,84846.10000000,83613.70000000,84128.00000000,1930061483.41792011
2025-03-20 21:00:00,84128.00000000,84563.70000000,83877.40000000,84183.70000000,706069329.13040996
2025-03-21 01:00:00,84183.70000000,84810.80000000,84140.00000000,84409.90000000,549043735.27359998
2025-03-21 05:00:00,84409.90000000,84765.40000000,83678.00000000,83885.40000000,721939690.16257000
2025-03-21 09:00:00,83885.40000000,84310.80000000,83683.80000000,84005.90000000,686370208.15625000
2025-03-21 13:00:00,84005.90000000,84321.00000000,83122.00000000,83525.90000000,1833853210.48461008
2025-03-21 17:00:00,83525.90000000,84400.00000000,83333.00000000,83925.00000000,912375571.16275001
2025-03-21 21:00:00,83925.00000000,84549.80000000,83778.00000000,84050.20000000,501980915.62261999
2025-03-22 01:00:00,84050.20000000,84286.00000000,83940.10000000,84214.00000000,280435511.72527999
2025-03-22 05:00:00,84214.00000000,84389.00000000,84110.60000000,84235.40000000,234038555.70060000
2025-03-22 09:00:00,84235.40000000,84509.00000000,84074.20000000,84187.40000000,326143251.60598999
2025-03-22 13:00:00,84187.40000000,84257.20000000,83932.00000000,84073.50000000,320160442.64349002
2025-03-22 17:00:00,84073.50000000,84291.40000000,84021.10000000,84134.50000000,230098783.08385000
2025-03-22 21:00:00,84134.50000000,84171.60000000,83599.90000000,83804.90000000,510975455.07532001
2025-03-23 01:00:00,83804.90000000,84241.50000000,83761.20000000,84193.50000000,260714464.92985001
2025-03-23 05:00:00,84193.50000000,84282.00000000,84025.20000000,84229.90000000,185334677.89763999
2025-03-23 09:00:00,84229.90000000,85019.10000000,84216.80000000,84651.40000000,702385651.61776996
2025-03-23 13:00:00,84651.40000000,85227.60000000,84529.00000000,85148.00000000,694746121.98757005
2025-03-23 17:00:00,85148.00000000,85376.50000000,84756.00000000,84966.70000000,688980165.26042998
2025-03-23 21:00:00,84966.70000000,86107.10000000,84869.80000000,86044.10000000,801600202.29545999
2025-03-24 01:00:00,86044.10000000,86617.20000000,85478.30000000,86502.60000000,1255436952.20567989
2025-03-24 05:00:00,86502.60000000,87271.60000000,86540.70000000,86828.00000000,1143352066.22597003
2025-03-24 09:00:00,86828.00000000,87867.50000000,86808.00000000,87643.50000000,971744712.57170999
2025-03-24 13:00:00,87643.50000000,88743.40000000,87100.10000000,88287.80000000,2203713077.01325989
2025-03-24 17:00:00,88287.80000000,88492.10000000,87630.20000000,88169.30000000,1295175768.38720012
2025-03-24 21:00:00,88169.30000000,88438.20000000,87011.00000000,87463.40000000,1052237168.80947995
2025-03-25 01:00:00,87463.40000000,87644.00000000,86287.00000000,86477.40000000,1003659306.77704000
2025-03-25 05:00:00,86477.40000000,86847.30000000,86262.60000000,86404.50000000,769957088.47163999
2025-03-25 09:00:00,86404.50000000,87448.00000000,86358.30000000,87323.30000000,799642564.67823005
2025-03-25 13:00:00,87323.30000000,88218.20000000,86884.00000000,87723.00000000,1730297942.66435003
2025-03-25 17:00:00,87723.00000000,88284.00000000,87534.00000000,88055.80000000,867575030.25860000
2025-03-25 21:00:00,88055.80000000,88500.00000000,87086.60000000,87369.80000000,1218630909.65151000
2025-03-26 01:00:00,87369.80000000,87858.80000000,86984.10000000,87117.20000000,628393849.08037996
2025-03-26 05:00:00,87117.20000000,88257.50000000,87003.50000000,88106.70000000,819244379.58788002
2025-03-26 09:00:00,88106.70000000,88235.00000000,87782.80000000,87914.90000000,566138471.39712000
2025-03-26 13:00:00,87914.90000000,87975.00000000,86387.70000000,86696.80000000,2294944303.76313019
2025-03-26 17:00:00,86696.80000000,87019.70000000,85816.30000000,86533.20000000,1491387654.95471001
2025-03-26 21:00:00,86533.20000000,87360.00000000,86473.90000000,86873.60000000,1190649226.79830003
2025-03-27 01:00:00,86873.60000000,87721.90000000,86752.30000000,87628.30000000,687073252.01164997
2025-03-27 05:00:00,87628.30000000,87654.20000000,87210.00000000,87363.20000000,409520172.38554001
2025-03-27 09:00:00,87363.20000000,87564.60000000,86741.60000000,86900.80000000,726941255.25035000
2025-03-27 13:00:00,86900.80000000,87528.00000000,85741.50000000,86931.30000000,2767738865.36167002
2025-03-27 17:00:00,86931.30000000,87380.60000000,86741.00000000,87022.50000000,849535865.89480996
2025-03-27 21:00:00,87022.50000000,87695.90000000,86893.30000000,87191.20000000,607700682.17475998
2025-03-28 01:00:00,87191.20000000,87470.00000000,86698.10000000,86746.90000000,729035119.11489999
2025-03-28 05:00:00,86746.90000000,86792.80000000,85121.30000000,85175.10000000,1775474441.58341002
2025-03-28 09:00:00,85175.10000000,85409.80000000,84767.00000000,85214.00000000,1291738607.50640988
2025-03-28 13:00:00,85214.00000000,85564.50000000,83919.50000000,84011.10000000,2310689751.43439007
2025-03-28 17:00:00,84011.10000000,84189.90000000,83551.80000000,83760.70000000,1162266050.94876003
2025-03-28 21:00:00,83760.70000000,84499.50000000,83659.60000000,84380.80000000,789043166.98556006
2025-03-29 01:00:00,84380.80000000,84589.60000000,83668.10000000,84125.70000000,672564697.32419002
2025-03-29 05:00:00,84125.70000000,84222.00000000,83618.00000000,83696.00000000,407867826.77893001
2025-03-29 09:00:00,83696.00000000,83917.20000000,81964.40000000,82255.00000000,1305074130.86741996
2025-03-29 13:00:00,82255.00000000,82839.90000000,82104.00000000,82371.70000000,686101551.90252995
2025-03-29 17:00:00,82371.70000000,82727.40000000,81609.50000000,82723.00000000,919905492.76099002
2025-03-29 21:00:00,82723.00000000,82749.90000000,82214.00000000,82604.80000000,447047377.63979000
2025-03-30 01:00:00,82604.80000000,83456.00000000,82450.90000000,83042.70000000,624849342.86381996
2025-03-30 06:00:00,83042.70000000,83283.30000000,82818.50000000,83037.40000000,481990996.15512002
2025-03-30 10:00:00,83037.40000000,83489.90000000,82924.10000000,83080.00000000,439386436.04162002
2025-03-30 14:00:00,83080.00000000,83229.50000000,82535.00000000,82700.00000000,595965100.99654996
2025-03-30 18:00:00,82700.00000000,82871.50000000,82001.20000000,82510.50000000,681462226.27688003
2025-03-30 22:00:00,82510.50000000,82731.90000000,81505.60000000,82351.20000000,772043162.48917997
2025-03-31 02:00:00,82351.20000000,82416.00000000,81230.40000000,81491.50000000,934854329.78347003
2025-03-31 06:00:00,81491.50000000,82275.50000000,81358.10000000,81895.20000000,594075801.00776005
2025-03-31 10:00:00,81895.20000000,82236.00000000,81250.00000000,82174.90000000,874101452.95193005
2025-03-31 14:00:00,82174.90000000,83887.20000000,81606.50000000,83373.40000000,2330235487.48261976
2025-03-31 18:00:00,83373.40000000,83654.60000000,82350.00000000,82415.50000000,964956480.79515004
2025-03-31 22:00:00,82415.50000000,82889.90000000,82221.00000000,82517.50000000,673989383.97903001
2025-04-01 02:00:00,82517.50000000,83213.00000000,82385.30000000,82930.00000000,452518077.33604002
2025-04-01 06:00:00,82930.00000000,83565.00000000,82846.10000000,83415.30000000,476891043.08825999
2025-04-01 10:00:00,83415.30000000,84468.60000000,83411.10000000,83879.90000000,1014329271.60075998
2025-04-01 14:00:00,83879.90000000,85469.30000000,82505.00000000,85245.50000000,2210923203.18322992
2025-04-01 18:00:00,85245.50000000,85452.50000000,84666.60000000,84918.10000000,955174481.35020006
2025-04-01 22:00:00,84918.10000000,85550.00000000,84715.70000000,85120.90000000,632529548.31803000
2025-04-02 02:00:00,85120.90000000,85217.90000000,84480.00000000,84509.50000000,528036501.34877998
2025-04-02 06:00:00,84509.50000000,84695.00000000,83873.50000000,84383.20000000,650144697.24664998
2025-04-02 10:00:00,84383.20000000,85425.00000000,84220.00000000,84528.30000000,748670850.59685004
2025-04-02 14:00:00,84528.30000000,87288.00000000,84424.30000000,86717.00000000,2545676468.45370007
2025-04-02 18:00:00,86717.00000000,87255.00000000,86142.00000000,86850.00000000,1176769138.61249995
2025-04-02 22:00:00,86850.00000000,88500.00000000,82300.00000000,82485.00000000,3258333395.98589993
2025-04-03 02:00:00,82485.00000000,83889.20000000,82137.30000000,83445.10000000,1085378322.55980992
2025-04-03 06:00:00,83445.10000000,83707.90000000,82963.60000000,83423.80000000,495048075.43347001
2025-04-03 10:00:00,83423.80000000,83739.20000000,83008.50000000,83058.00000000,679784502.06410003
2025-04-03 14:00:00,83058.00000000,83112.00000000,81179.50000000,82001.80000000,2253611636.10782003
2025-04-03 18:00:00,82001.80000000,82448.00000000,81504.80000000,81969.70000000,903982111.74236000
2025-04-03 22:00:00,81969.70000000,83298.00000000,81754.90000000,83175.20000000,656783606.09851003
2025-04-04 02:00:00,83175.20000000,83376.00000000,82553.90000000,82788.00000000,577687641.49015999
2025-04-04 06:00:00,82788.00000000,83987.00000000,82569.90000000,83968.20000000,573774715.56987000
2025-04-04 10:00:00,83968.20000000,84686.20000000,81624.60000000,82633.80000000,1982299220.34967995
2025-04-04 14:00:00,82633.80000000,83682.90000000,81803.50000000,82822.00000000,2815018832.60914993
2025-04-04 18:00:00,82822.00000000,84580.00000000,82700.00000000,83973.50000000,1537743001.75542998
2025-04-04 22:00:00,83973.50000000,84421.00000000,83455.00000000,83861.30000000,473140199.86496001
2025-04-05 02:00:00,83861.30000000,84244.50000000,83363.20000000,83585.60000000,377618252.79508001
2025-04-05 06:00:00,83585.60000000,83832.10000000,83300.60000000,83489.90000000,244954339.32415000
2025-04-05 10:00:00,83489.90000000,83866.30000000,83333.80000000,83428.40000000,295213835.87309998
2025-04-05 14:00:00,83428.40000000,83516.80000000,82337.00000000,82577.10000000,736930630.99356997
2025-04-05 18:00:00,82577.10000000,83108.80000000,82562.30000000,82818.80000000,285876466.73591000
2025-04-05 22:00:00,82818.80000000,83673.90000000,82781.50000000,83499.30000000,370623843.06088001
2025-04-06 02:00:00,83499.30000000,83761.00000000,83129.50000000,83301.80000000,303493780.76196003
2025-04-06 06:00:00,83301.80000000,83496.90000000,82983.30000000,82990.90000000,260573658.68228000
2025-04-06 10:00:00,82990.90000000,83142.80000000,82625.00000000,82810.10000000,379530131.32477999
2025-04-06 14:00:00,82810.10000000,82944.10000000,82170.00000000,82497.40000000,710725789.16138995
2025-04-06 18:00:00,82497.40000000,82525.00000000,78639.30000000,79574.20000000,2284748905.27619982
2025-04-06 22:00:00,79574.20000000,79853.10000000,77112.00000000,78387.80000000,2188082612.11134005
2025-04-07 02:00:00,78387.80000000,79310.00000000,77311.70000000,77669.50000000,1433657988.30911994
2025-04-07 06:00:00,77669.50000000,77949.90000000,74461.60000000,75084.00000000,2329191714.35519981
2025-04-07 10:00:00,75084.00000000,77541.00000000,75051.70000000,76653.40000000,1812899419.99977994
2025-04-07 14:00:00,76653.40000000,81194.30000000,75761.60000000,78444.60000000,5491115993.64676952
2025-04-07 18:00:00,78444.60000000,79343.80000000,77271.30000000,78081.90000000,1832291627.16069007
2025-04-07 22:00:00,78081.90000000,80184.70000000,78060.00000000,79140.10000000,829472342.09562004
2025-04-08 02:00:00,79140.10000000,80832.10000000,78728.60000000,79869.30000000,955830664.89297998
2025-04-08 06:00:00,79869.30000000,80381.30000000,79177.00000000,79456.90000000,567433140.06815004
2025-04-08 10:00:00,79456.90000000,80047.80000000,78788.00000000,79940.10000000,721159207.42026997
2025-04-08 14:00:00,79940.10000000,80359.40000000,78138.00000000,78459.90000000,1963072062.54290009
2025-04-08 18:00:00,78459.90000000,78487.30000000,76312.00000000,76823.50000000,2121029162.08051991
2025-04-08 22:00:00,76823.50000000,77259.90000000,76202.00000000,76298.00000000,737219658.47742999
2025-04-09 02:00:00,76298.00000000,76834.60000000,74583.00000000,75045.40000000,1566048433.00903010
2025-04-09 06:00:00,75045.40000000,77906.60000000,74952.00000000,77645.50000000,1516304988.28135991
2025-04-09 10:00:00,77645.50000000,77833.80000000,75736.80000000,76204.10000000,1417183987.17059994
2025-04-09 14:00:00,76204.10000000,78288.80000000,75988.10000000,77224.70000000,1985152521.26200008
2025-04-09 18:00:00,77224.70000000,82963.50000000,77104.00000000,82281.20000000,3727008359.79929018
2025-04-09 22:00:00,82281.20000000,83553.50000000,81986.40000000,82587.90000000,1207467640.49185991
2025-04-10 02:00:00,82587.90000000,82706.90000000,81424.30000000,81731.80000000,753631449.83826005
2025-04-10 06:00:00,81731.80000000,82307.20000000,81260.00000000,81561.60000000,633672021.02095997
2025-04-10 10:00:00,81561.60000000,82083.30000000,81301.80000000,81839.20000000,622745049.48855996
2025-04-10 14:00:00,81839.20000000,82485.00000000,78559.00000000,78731.80000000,2034015732.21508002
2025-04-10 18:00:00,78731.80000000,80009.50000000,78416.10000000,79617.50000000,1151760063.69622993
2025-04-10 22:00:00,79617.50000000,79998.60000000,79335.20000000,79566.20000000,347593275.40578002
2025-04-11 02:00:00,79566.20000000,80855.00000000,78935.70000000,80797.90000000,716253455.05393004
2025-04-11 06:00:00,80797.90000000,81387.90000000,80460.00000000,81213.70000000,533311479.32806998
2025-04-11 10:00:00,81213.70000000,82943.60000000,80694.70000000,82096.50000000,1846948758.46696997
2025-04-11 14:00:00,82096.50000000,83295.60000000,81305.00000000,82486.80000000,2702928916.67375994
2025-04-11 18:00:00,82486.80000000,84178.60000000,81968.10000000,83822.30000000,1933898523.50563002
2025-04-11 22:00:00,83822.30000000,84281.70000000,83118.60000000,83385.70000000,822827755.72727001
2025-04-12 02:00:00,83385.70000000,83537.60000000,82756.00000000,82940.30000000,586937692.45462000
2025-04-12 06:00:00,82940.30000000,83784.00000000,82824.20000000,83685.40000000,767214395.01635003
2025-04-12 10:00:00,83685.40000000,83997.90000000,83260.10000000,83483.90000000,611364337.87084997
2025-04-12 14:00:00,83483.90000000,85377.70000000,83432.60000000,84974.20000000,2103767804.40224004
2025-04-12 18:00:00,84974.20000000,85224.90000000,84389.50000000,84891.80000000,796365064.84094000
2025-04-12 22:00:00,84891.80000000,85884.10000000,84830.80000000,85237.80000000,785879082.91947997
2025-04-13 02:00:00,85237.80000000,86097.20000000,84692.80000000,85388.70000000,1176620266.88310003
2025-04-13 06:00:00,85388.70000000,85400.00000000,84355.40000000,84378.50000000,968104665.99103999
2025-04-13 10:00:00,84378.50000000,84918.00000000,84170.80000000,84490.60000000,778628710.93409002
2025-04-13 14:00:00,84490.60000000,84648.90000000,83450.70000000,83820.00000000,1372747910.34650993
2025-04-13 18:00:00,83820.00000000,84986.00000000,82996.90000000,83949.90000000,1430765976.07363009
2025-04-13 22:00:00,83949.90000000,84421.80000000,82999.70000000,83713.70000000,1229723065.61423993
2025-04-14 02:00:00,83713.70000000,85527.40000000,83635.80000000,84536.30000000,1672153919.17074990
2025-04-14 06:00:00,84536.30000000,85067.10000000,84170.20000000,84544.20000000,674445553.83192003
2025-04-14 10:00:00,84544.20000000,84929.90000000,84202.00000000,84891.50000000,805799840.64446998
2025-04-14 14:00:00,84891.50000000,85756.00000000,83672.90000000,84055.00000000,3179538161.14914989
2025-04-14 18:00:00,84055.00000000,85171.90000000,83813.90000000,84866.10000000,1387074693.07245994
2025-04-14 22:00:00,84866.10000000,84925.50000000,84376.00000000,84553.80000000,579292145.63892996
2025-04-15 02:00:00,84553.80000000,85392.20000000,84303.00000000,85352.00000000,1005872358.78206003
2025-04-15 06:00:00,85352.00000000,85835.00000000,85115.00000000,85691.30000000,1097875207.51536012
2025-04-15 10:00:00,85691.30000000,85974.90000000,85314.40000000,85549.30000000,1262743048.30598998
2025-04-15 14:00:00,85549.30000000,86443.00000000,84571.10000000,84871.90000000,3029251261.95881987
2025-04-15 18:00:00,84871.90000000,85111.80000000,83888.00000000,83950.70000000,1204371638.00466990
2025-04-15 22:00:00,83950.70000000,84197.90000000,83560.00000000,83608.70000000,905723239.14752996
2025-04-16 02:00:00,83608.70000000,83915.40000000,83067.60000000,83654.00000000,1115528664.02406001
2025-04-16 06:00:00,83654.00000000,83788.50000000,83174.50000000,83325.00000000,890698707.09835994
2025-04-16 10:00:00,83325.00000000,84090.10000000,83100.00000000,84008.40000000,1266618005.07804990
2025-04-16 14:00:00,84008.40000000,85232.00000000,83453.40000000,84810.00000000,2336831642.51297998
2025-04-16 18:00:00,84810.00000000,85487.00000000,83198.20000000,84286.10000000,2985836116.97821999
2025-04-16 22:00:00,84286.10000000,84642.80000000,83986.70000000,83990.10000000,699541676.56915998
2025-04-17 02:00:00,83990.10000000,84468.80000000,83772.50000000,83953.30000000,708828188.84788001
2025-04-17 06:00:00,83953.30000000,85026.40000000,83856.90000000,84629.00000000,984543459.48968995
2025-04-17 10:00:00,84629.00000000,84730.00000000,84144.10000000,84531.70000000,758910007.15874004
2025-04-17 14:00:00,84531.70000000,84829.40000000,83700.00000000,84495.50000000,1882156580.50748992
2025-04-17 18:00:00,84495.50000000,85441.50000000,84358.00000000,84800.30000000,1832405129.43269992
2025-04-17 22:00:00,84800.30000000,85100.20000000,84681.40000000,84915.00000000,460060462.50993001
2025-04-18 02:00:00,84915.00000000,85100.00000000,84682.80000000,84790.30000000,396424980.46281999
2025-04-18 06:00:00,84790.30000000,84803.10000000,84350.50000000,84622.90000000,550017808.81106997
2025-04-18 10:00:00,84622.90000000,84734.50000000,84428.90000000,84629.40000000,386304318.05237001
2025-04-18 14:00:00,84629.40000000,84730.00000000,84300.50000000,84332.30000000,575648268.27675998
2025-04-18 18:00:00,84332.30000000,84616.10000000,84266.30000000,84529.10000000,359708434.54378003
2025-04-18 22:00:00,84529.10000000,84659.70000000,84291.40000000,84421.10000000,280682973.60662001
2025-04-19 02:00:00,84421.10000000,84947.80000000,84317.20000000,84845.30000000,555752867.47675002
2025-04-19 06:00:00,84845.30000000,85240.00000000,84840.10000000,85174.50000000,710160862.02532005
2025-04-19 10:00:00,85174.50000000,85400.20000000,85070.90000000,85179.40000000,696598715.47502995
2025-04-19 14:00:00,85179.40000000,85600.00000000,85023.00000000,85146.30000000,762993419.02057004
2025-04-19 18:00:00,85146.30000000,85277.80000000,84626.80000000,85054.30000000,797058972.52626002
2025-04-19 22:00:00,85054.30000000,85332.70000000,84966.00000000,85047.00000000,262108624.92881000
2025-04-20 02:00:00,85047.00000000,85283.60000000,85001.00000000,85116.70000000,245057966.83711001
2025-04-20 06:00:00,85116.70000000,85210.00000000,84650.00000000,84736.60000000,706191151.08922994
2025-04-20 10:00:00,84736.60000000,84751.00000000,83903.20000000,84084.70000000,900142098.85465002
2025-04-20 14:00:00,84084.70000000,84635.30000000,84050.50000000,84304.60000000,693289947.44589996
2025-04-20 18:00:00,84304.60000000,84624.40000000,84234.10000000,84608.90000000,290186774.62430000
2025-04-20 22:00:00,84608.90000000,85266.50000000,84572.00000000,85138.80000000,856663946.85985005
2025-04-21 02:00:00,85138.80000000,87617.60000000,85100.00000000,87166.70000000,2591632615.09983015
2025-04-21 06:00:00,87166.70000000,87700.00000000,87007.10000000,87400.60000000,736947267.67063999
2025-04-21 10:00:00,87400.60000000,87762.50000000,86610.00000000,86936.50000000,1429599755.83853006
2025-04-21 14:00:00,86936.50000000,88418.20000000,86750.10000000,87997.40000000,3402626529.33892012
2025-04-21 18:00:00,87997.40000000,88216.30000000,86327.00000000,87369.20000000,2588717932.00006008
2025-04-21 22:00:00,87369.20000000,87600.00000000,86855.30000000,87466.10000000,838500838.22191000
2025-04-22 02:00:00,87466.10000000,88849.90000000,87022.80000000,88111.10000000,2177373976.30011988
2025-04-22 06:00:00,88111.10000000,88445.00000000,87911.10000000,88434.90000000,826118130.51689005
2025-04-22 10:00:00,88434.90000000,88649.90000000,88188.20000000,88572.70000000,824322201.05511999
2025-04-22 14:00:00,88572.70000000,91373.00000000,88432.90000000,90881.10000000,5375924809.71249962
2025-04-22 18:00:00,90881.10000000,91658.50000000,90566.00000000,91356.30000000,2155419456.78766012
2025-04-22 22:00:00,91356.30000000,94050.00000000,90999.20000000,93405.00000000,3072734787.95860004
2025-04-23 02:00:00,93405.00000000,93864.90000000,92552.10000000,93126.00000000,1576896416.83932996
2025-04-23 06:00:00,93126.00000000,94250.00000000,92964.10000000,94102.60000000,1424329578.95015001
2025-04-23 10:00:00,94102.60000000,94453.00000000,93280.00000000,93425.20000000,1672433664.01587009
2025-04-23 14:00:00,93425.20000000,94750.00000000,91899.40000000,93140.20000000,4116268858.98159981
2025-04-23 18:00:00,93140.20000000,94178.00000000,92859.80000000,93436.50000000,1655977764.75136995
2025-04-23 22:00:00,93436.50000000,93867.30000000,93181.80000000,93632.10000000,690067074.95578003
2025-04-24 02:00:00,93632.10000000,93735.10000000,92607.00000000,92632.80000000,974180908.21455002
2025-04-24 06:00:00,92632.80000000,92869.90000000,92064.00000000,92166.00000000,1197453537.84022999
2025-04-24 10:00:00,92166.00000000,92620.00000000,91620.00000000,92575.10000000,1616083209.47600007
2025-04-24 14:00:00,92575.10000000,93421.00000000,92380.40000000,93144.80000000,1998647366.99564004
2025-04-24 18:00:00,93144.80000000,93595.70000000,92625.00000000,93499.80000000,1327307748.62087011
2025-04-24 22:00:00,93499.80000000,93980.50000000,92969.80000000,93931.50000000,982649773.03211999
2025-04-25 02:00:00,93931.50000000,94405.10000000,92790.40000000,93262.90000000,1573463022.86952996
2025-04-25 06:00:00,93262.90000000,93821.70000000,92959.20000000,93733.90000000,956168279.79913998
2025-04-25 10:00:00,93733.90000000,94629.60000000,93493.90000000,94602.20000000,1196522639.13458991
2025-04-25 14:00:00,94602.20000000,95753.80000000,93876.00000000,94999.80000000,3805886706.50451994
2025-04-25 18:00:00,94999.80000000,95498.30000000,94310.00000000,95229.20000000,1614232631.62781000
2025-04-25 22:00:00,95229.20000000,95284.50000000,94403.60000000,94591.80000000,573369877.99231005
2025-04-26 02:00:00,94591.80000000,95153.00000000,94503.20000000,94686.00000000,653143365.18581998
2025-04-26 06:00:00,94686.00000000,94776.10000000,94313.70000000,94520.10000000,554622191.08807003
2025-04-26 10:00:00,94520.10000000,94679.80000000,93947.50000000,94095.60000000,991463552.77892005
2025-04-26 14:00:00,94095.60000000,94360.00000000,93833.00000000,94324.90000000,921257091.85372996
2025-04-26 18:00:00,94324.90000000,94332.60000000,94000.00000000,94261.00000000,386063785.05356002
2025-04-26 22:00:00,94261.00000000,94850.20000000,94043.10000000,94575.70000000,587595913.57252002
2025-04-27 02:00:00,94575.70000000,95276.90000000,94000.00000000,94121.60000000,1075644342.68067002
2025-04-27 06:00:00,94121.60000000,94250.00000000,93586.70000000,94027.70000000,493161732.41158998
2025-04-27 10:00:00,94027.70000000,94292.80000000,93840.60000000,93871.10000000,321117789.17743999
2025-04-27 14:00:00,93871.10000000,94136.40000000,93553.00000000,93857.70000000,617395945.08381999
2025-04-27 18:00:00,93857.70000000,94394.30000000,93680.00000000,94388.90000000,442635526.48378003
2025-04-27 22:00:00,94388.90000000,94515.40000000,93600.00000000,93697.10000000,504820721.51986998
2025-04-28 02:00:00,93697.10000000,93943.80000000,92728.20000000,93799.90000000,1230224846.22083998
2025-04-28 06:00:00,93799.90000000,94758.00000000,93799.90000000,94641.50000000,769499820.84763002
2025-04-28 10:00:00,94641.50000000,95490.00000000,94273.30000000,95276.10000000,1493932299.07520008
2025-04-28 14:00:00,95276.10000000,95560.00000000,93520.10000000,93780.20000000,2105646355.06574988
2025-04-28 18:00:00,93780.20000000,94871.90000000,93376.40000000,94744.60000000,1035003828.14640999
2025-04-28 22:00:00,94744.60000000,95141.00000000,94244.50000000,94969.00000000,556039490.22314000
2025-04-29 02:00:00,94969.00000000,95415.70000000,94380.00000000,94600.00000000,996811458.36164999
2025-04-29 06:00:00,94600.00000000,94927.60000000,94156.20000000,94877.90000000,605919172.42388999
2025-04-29 10:00:00,94877.90000000,95258.70000000,94700.10000000,95087.00000000,617576461.25195003
2025-04-29 14:00:00,95087.00000000,95260.00000000,94467.70000000,94790.70000000,1052798855.17864001
2025-04-29 18:00:00,94790.70000000,95422.80000000,94595.60000000,95250.50000000,1096152471.48885012
2025-04-29 22:00:00,95250.50000000,95350.00000000,93675.60000000,94200.10000000,1307935711.74734998
2025-04-30 02:00:00,94200.10000000,95078.50000000,94081.40000000,94989.40000000,722851459.26891005
2025-04-30 06:00:00,94989.40000000,95149.90000000,94442.30000000,94577.70000000,542026407.50370002
2025-04-30 10:00:00,94577.70000000,95186.50000000,94468.70000000,95126.50000000,587881710.38209999
2025-04-30 14:00:00,95126.50000000,95163.60000000,92848.20000000,93948.30000000,2818339687.93269014
2025-04-30 18:00:00,93948.30000000,94480.00000000,93476.90000000,94112.30000000,910860234.49191999
2025-04-30 22:00:00,94112.30000000,94751.80000000,93950.10000000,94125.20000000,724112297.56148005
2025-05-01 02:00:00,94125.20000000,94978.10000000,94086.70000000,94737.50000000,643839247.35657001
2025-05-01 06:00:00,94737.50000000,95146.20000000,94660.20000000,94978.60000000,609393772.74974000
2025-05-01 10:00:00,94978.60000000,96351.80000000,94866.60000000,96130.00000000,1645632414.00282001
2025-05-01 14:00:00,96130.00000000,97386.20000000,95742.10000000,96794.00000000,2191246256.17844009
2025-05-01 18:00:00,96794.00000000,97300.00000000,96369.60000000,96448.00000000,983231964.69233000
2025-05-01 22:00:00,96448.00000000,96824.70000000,96122.40000000,96423.30000000,528677824.88694000
2025-05-02 02:00:00,96423.30000000,97192.30000000,96400.00000000,97054.90000000,560837451.74336004
2025-05-02 06:00:00,97054.90000000,97258.00000000,96294.80000000,96302.10000000,643988331.25276005
2025-05-02 10:00:00,96302.10000000,97055.00000000,96300.00000000,96875.70000000,509867000.27105999
2025-05-02 14:00:00,96875.70000000,97863.30000000,96589.20000000,97270.10000000,1632210916.90734005
2025-05-02 18:00:00,97270.10000000,97740.10000000,96700.00000000,96856.80000000,856957484.26723003
2025-05-02 22:00:00,96856.80000000,97083.40000000,96509.80000000,96831.20000000,375157201.64640999
2025-05-03 02:00:00,96831.20000000,96868.00000000,96259.00000000,96292.00000000,403428666.32716000
2025-05-03 06:00:00,96292.00000000,96567.40000000,96086.30000000,96290.80000000,396932438.45434999
2025-05-03 10:00:00,96290.80000000,96377.80000000,95804.80000000,95895.60000000,532147511.01164001
2025-05-03 14:00:00,95895.60000000,96456.00000000,95835.50000000,96358.80000000,453228921.43193001
2025-05-03 18:00:00,96358.80000000,96370.00000000,95812.60000000,96312.00000000,389966368.01735002
2025-05-03 22:00:00,96312.00000000,96399.90000000,95700.00000000,95803.30000000,411039204.96715999
2025-05-04 02:00:00,95803.30000000,96266.60000000,95523.20000000,95680.00000000,522960218.07278001
2025-05-04 06:00:00,95680.00000000,96109.60000000,95639.70000000,95842.10000000,316922503.52309000
2025-05-04 10:00:00,95842.10000000,95886.50000000,95234.50000000,95376.00000000,517322800.86593997
2025-05-04 14:00:00,95376.00000000,95648.40000000,95172.30000000,95421.10000000,425890612.61133999
2025-05-04 18:00:00,95421.10000000,95590.00000000,95199.90000000,95534.00000000,280479572.24627000
2025-05-04 22:00:00,95534.00000000,95700.20000000,94116.40000000,94230.30000000,935116569.68206000
2025-05-05 02:00:00,94230.30000000,94750.10000000,93456.00000000,94001.10000000,1058015297.40093994
2025-05-05 06:00:00,94001.10000000,94778.20000000,93980.00000000,94696.30000000,578765261.53298998
2025-05-05 10:00:00,94696.30000000,94726.80000000,93835.00000000,93986.00000000,618866040.95932996
2025-05-05 14:00:00,93986.00000000,94500.20000000,93559.60000000,93725.90000000,1281138453.14195991
2025-05-05 18:00:00,93725.90000000,94860.10000000,93705.30000000,94302.20000000,781165133.11204004
2025-05-05 22:00:00,94302.20000000,95165.10000000,93814.20000000,94696.80000000,824530004.01190996
2025-05-06 02:00:00,94696.80000000,94893.30000000,93965.00000000,94413.90000000,551981107.70475996
2025-05-06 06:00:00,94413.90000000,94599.90000000,94267.00000000,94350.00000000,290070277.77967000
2025-05-06 10:00:00,94350.00000000,94354.60000000,93668.50000000,93770.30000000,657575493.81457996
2025-05-06 14:00:00,93770.30000000,94696.50000000,93331.50000000,94512.20000000,1413347014.66680002
2025-05-06 18:00:00,94512.20000000,95119.90000000,94152.00000000,94910.90000000,826746181.91147995
2025-05-06 22:00:00,94910.90000000,96879.50000000,94400.00000000,96798.90000000,1538812605.34311008
2025-05-07 02:00:00,96798.90000000,97695.30000000,96153.20000000,96453.90000000,1556779694.61174011
2025-05-07 06:00:00,96453.90000000,96963.00000000,96268.00000000,96940.10000000,594630709.82460999
2025-05-07 10:00:00,96940.10000000,97077.60000000,96783.00000000,96999.90000000,464728856.44340003
2025-05-07 14:00:00,96999.90000000,97446.80000000,96655.20000000,96888.90000000,1171447528.29718995
2025-05-07 18:00:00,96888.90000000,96916.50000000,95723.70000000,96124.60000000,1744834578.04850006
2025-05-07 22:00:00,96124.60000000,97358.30000000,96015.10000000,96988.40000000,928762240.28269005
2025-05-08 02:00:00,96988.40000000,99199.00000000,96832.00000000,99097.50000000,1880258605.07249999
2025-05-08 06:00:00,99097.50000000,99374.20000000,98680.10000000,99212.00000000,1084965278.25562000
2025-05-08 10:00:00,99212.00000000,99848.10000000,99165.20000000,99369.80000000,1054103513.73484004
2025-05-08 14:00:00,99369.80000000,101493.10000000,99050.10000000,100730.80000000,2712169111.82006979
2025-05-08 18:00:00,100730.80000000,101679.70000000,100550.40000000,101254.30000000,1556051322.64453006
2025-05-08 22:00:00,101254.30000000,104270.40000000,101231.70000000,103228.10000000,2119841074.62225008
2025-05-09 02:00:00,103228.10000000,103228.10000000,102332.50000000,102419.50000000,735471414.62609005
2025-05-09 06:00:00,102419.50000000,104345.10000000,102345.70000000,103597.40000000,1070831240.81672001
2025-05-09 10:00:00,103597.40000000,103920.00000000,102376.50000000,102914.40000000,1484148806.47809005
2025-05-09 14:00:00,102914.40000000,103746.80000000,102358.00000000,102852.40000000,1293846463.48811007
2025-05-09 18:00:00,102852.40000000,103336.20000000,102251.00000000,103145.50000000,728006298.71131003
2025-05-09 22:00:00,103145.50000000,103366.00000000,102700.00000000,102941.80000000,332579480.23821998
2025-05-10 02:00:00,102941.80000000,103232.00000000,102784.00000000,103179.30000000,265778356.62123999
2025-05-10 06:00:00,103179.30000000,104085.00000000,102997.30000000,103721.60000000,527053290.09331000
2025-05-10 10:00:00,103721.60000000,104056.30000000,103311.00000000,103374.60000000,536615878.06957000
2025-05-10 14:00:00,103374.60000000,103777.70000000,103048.90000000,103102.70000000,381619579.87694001
2025-05-10 18:00:00,103102.70000000,103588.90000000,102949.90000000,103148.60000000,429942121.22026002
2025-05-10 22:00:00,103148.60000000,105000.00000000,103016.80000000,104788.80000000,763075002.77313995
2025-05-11 02:00:00,104788.80000000,104949.80000000,103406.30000000,103947.90000000,741780793.79955006
2025-05-11 06:00:00,103947.90000000,104360.00000000,103283.30000000,103329.90000000,478814811.25048000
2025-05-11 10:00:00,103329.90000000,104743.00000000,103321.00000000,104613.60000000,577569185.64296997
2025-05-11 14:00:00,104613.60000000,104873.50000000,103726.60000000,104083.00000000,766574930.03689003
2025-05-11 18:00:00,104083.00000000,104800.00000000,103691.90000000,104373.70000000,483881428.46412998
2025-05-11 22:00:00,104373.70000000,104526.30000000,103510.80000000,104072.70000000,427717850.51757997
2025-05-12 02:00:00,104072.70000000,105137.80000000,103665.50000000,104063.90000000,746572877.99878001
2025-05-12 06:00:00,104063.90000000,105830.70000000,103696.30000000,104426.20000000,1204469299.79316998
2025-05-12 10:00:00,104426.20000000,104684.00000000,103559.80000000,103707.00000000,684387823.58758998
2025-05-12 14:00:00,103707.00000000,104606.20000000,102345.00000000,102481.70000000,1771470920.11623001
2025-05-12 18:00:00,102481.70000000,103040.80000000,100683.40000000,101820.00000000,1417100861.25753999
2025-05-12 22:00:00,101820.00000000,103080.90000000,101728.30000000,102739.20000000,559025195.96955001
2025-05-13 02:00:00,102739.20000000,102743.90000000,101400.00000000,101681.30000000,735257096.93334997
2025-05-13 06:00:00,101681.30000000,102900.00000000,101579.50000000,102624.00000000,515424143.06444001
2025-05-13 10:00:00,102624.00000000,103778.90000000,102507.60000000,103685.50000000,622801738.87925005
2025-05-13 14:00:00,103685.50000000,103930.10000000,102771.00000000,103633.00000000,1253229493.33243990
2025-05-13 18:00:00,103633.00000000,104949.20000000,103488.20000000,104749.90000000,1095334284.67208004
2025-05-13 22:00:00,104749.90000000,104889.20000000,103822.30000000,104082.10000000,436692414.17082000
2025-05-14 02:00:00,104082.10000000,104086.40000000,103409.00000000,103549.10000000,406582593.94523001
2025-05-14 06:00:00,103549.10000000,103949.60000000,103315.90000000,103662.20000000,383402329.26103002
2025-05-14 10:00:00,103662.20000000,104109.20000000,102815.00000000,103903.40000000,754233697.32857001
2025-05-14 14:00:00,103903.40000000,104319.00000000,102776.60000000,103461.40000000,1023262984.50390995
2025-05-14 18:00:00,103461.40000000,103675.00000000,102536.80000000,103278.80000000,627647895.35639000
2025-05-14 22:00:00,103278.80000000,103626.50000000,103250.00000000,103458.10000000,194657373.12344000
2025-05-15 02:00:00,103458.10000000,103818.40000000,102668.10000000,102710.50000000,420843877.92654002
2025-05-15 06:00:00,102710.50000000,102926.20000000,101677.00000000,101734.00000000,676720769.93300998
2025-05-15 10:00:00,101734.00000000,102398.70000000,101454.10000000,102335.20000000,660185743.56312001
2025-05-15 14:00:00,102335.20000000,103242.00000000,101273.20000000,103211.20000000,1374767953.77417994
2025-05-15 18:00:00,103211.20000000,104157.20000000,102499.90000000,103104.40000000,1157919966.64416003
2025-05-15 22:00:00,103104.40000000,103939.80000000,102662.00000000,103722.50000000,582778443.61473000
2025-05-16 02:00:00,103722.50000000,104432.90000000,103416.80000000,103979.00000000,595404309.68427002
2025-05-16 06:00:00,103979.00000000,104150.10000000,103640.00000000,103646.50000000,375961821.47697997
2025-05-16 10:00:00,103646.50000000,103867.20000000,103062.30000000,103614.50000000,529934448.75068998
2025-05-16 14:00:00,103614.50000000,104252.30000000,103299.90000000,104144.00000000,731417290.12811995
2025-05-16 18:00:00,104144.00000000,104524.20000000,103533.20000000,103974.20000000,646439819.81781995
2025-05-16 22:00:00,103974.20000000,103984.70000000,103362.00000000,103412.20000000,293699949.92975003
2025-05-17 02:00:00,103412.20000000,103557.90000000,102547.00000000,103464.60000000,665018761.44255996
2025-05-17 06:00:00,103464.60000000,103658.00000000,103239.50000000,103399.40000000,313805443.72861999
2025-05-17 10:00:00,103399.40000000,103524.60000000,102704.90000000,102944.20000000,524199759.92632997
2025-05-17 14:00:00,102944.20000000,103132.30000000,102591.00000000,102900.10000000,329672056.77288002
2025-05-17 18:00:00,102900.10000000,103305.80000000,102707.60000000,103100.10000000,301485245.56503999
2025-05-17 22:00:00,103100.10000000,103437.30000000,102851.50000000,103079.60000000,277622808.97175002
2025-05-18 02:00:00,103079.60000000,103380.80000000,103052.20000000,103244.30000000,161810083.75953001
2025-05-18 06:00:00,103244.30000000,103949.50000000,103244.20000000,103893.00000000,337365025.80759001
2025-05-18 10:00:00,103893.00000000,104059.40000000,103759.00000000,103768.90000000,356882429.15561002
2025-05-18 14:00:00,103768.90000000,105661.50000000,103660.70000000,105484.20000000,1288281410.20094991
2025-05-18 18:00:00,105484.20000000,105993.60000000,103800.00000000,103834.10000000,1356385689.88468003
2025-05-18 22:00:00,103834.10000000,106627.90000000,103218.80000000,106405.20000000,1375543335.33513999
2025-05-19 02:00:00,106405.20000000,107108.20000000,103505.00000000,103569.40000000,1378251182.76749992
2025-05-19 06:00:00,103569.40000000,103739.20000000,102038.80000000,103167.00000000,1481122094.53384995
2025-05-19 10:00:00,103167.00000000,103352.60000000,102733.00000000,102912.00000000,478541897.26898003
2025-05-19 14:00:00,102912.00000000,104920.10000000,102086.10000000,104740.40000000,1740269066.62262988
2025-05-19 18:00:00,104740.40000000,105519.80000000,104439.70000000,105460.30000000,1426501592.13035989
2025-05-19 22:00:00,105460.30000000,105787.90000000,104982.00000000,105531.50000000,609491025.50853002
2025-05-20 02:00:00,105531.50000000,106800.10000000,105480.10000000,105719.90000000,1290318900.14891005
2025-05-20 06:00:00,105719.90000000,106363.30000000,104868.50000000,104980.20000000,755709506.68768001
2025-05-20 10:00:00,104980.20000000,105371.70000000,104808.60000000,105159.30000000,521045865.27215999
2025-05-20 14:00:00,105159.30000000,105353.70000000,104136.90000000,105294.50000000,1136762535.17206001
2025-05-20 18:00:00,105294.50000000,107230.10000000,105028.40000000,106973.40000000,1506430211.89614010
2025-05-20 22:00:00,106973.40000000,107291.90000000,105877.70000000,106800.10000000,1102681513.61845994
2025-05-21 02:00:00,106800.10000000,107168.20000000,106146.90000000,106791.00000000,644502724.02582002
2025-05-21 06:00:00,106791.00000000,107950.00000000,106399.90000000,106463.60000000,1406458294.52321005
2025-05-21 10:00:00,106463.60000000,106748.70000000,106037.80000000,106494.20000000,746634735.17616999
2025-05-21 14:00:00,106494.20000000,109430.00000000,106277.20000000,108936.70000000,2515194236.40376997
2025-05-21 18:00:00,108936.70000000,109804.20000000,106087.90000000,108554.60000000,3625129872.05114985
2025-05-21 22:00:00,108554.60000000,110786.60000000,107673.20000000,109609.50000000,1423153985.48287010
2025-05-22 02:00:00,109609.50000000,111866.60000000,109154.20000000,111750.00000000,1652476126.97478008
2025-05-22 06:00:00,111750.00000000,111776.20000000,110433.00000000,111005.90000000,1215566936.41782999
2025-05-22 10:00:00,111005.90000000,111303.10000000,110238.50000000,110944.00000000,836059757.64965999
2025-05-22 14:00:00,110944.00000000,111582.50000000,110498.80000000,111243.20000000,1349622557.25040007
2025-05-22 18:00:00,111243.20000000,111957.10000000,110860.50000000,111133.20000000,1006019247.04031003
2025-05-22 22:00:00,111133.20000000,111693.00000000,110715.00000000,111662.70000000,474174106.75759000
2025-05-23 02:00:00,111662.70000000,111770.40000000,110958.50000000,111043.90000000,562253787.98918998
2025-05-23 06:00:00,111043.90000000,111143.30000000,110359.20000000,110685.20000000,683464237.53118002
2025-05-23 10:00:00,110685.20000000,111348.00000000,108816.50000000,109041.80000000,1167648197.71088004
2025-05-23 14:00:00,109041.80000000,109969.50000000,107262.50000000,108892.40000000,2783550253.07847977
2025-05-23 18:00:00,108892.40000000,109760.00000000,107950.10000000,108664.10000000,1275938616.97622991
2025-05-23 22:00:00,108664.10000000,108677.30000000,106737.60000000,107271.60000000,1026364943.20893002
2025-05-24 02:00:00,107271.60000000,108324.00000000,106836.00000000,108306.70000000,648588409.53840005
2025-05-24 06:00:00,108306.70000000,108520.00000000,107520.00000000,107550.60000000,581497765.05046999
2025-05-24 10:00:00,107550.60000000,109439.90000000,107550.60000000,109152.20000000,839341909.30983996
2025-05-24 14:00:00,109152.20000000,109227.00000000,108495.80000000,108889.20000000,674987445.73105001
2025-05-24 18:00:00,108889.20000000,109165.80000000,108647.10000000,108912.70000000,367782869.89942998
2025-05-24 22:00:00,108912.70000000,109084.80000000,107428.00000000,107699.00000000,650270364.98415005
2025-05-25 02:00:00,107699.00000000,108210.00000000,107142.10000000,108045.40000000,558666487.65187001
2025-05-25 06:00:00,108045.40000000,108246.60000000,107387.70000000,107637.00000000,338946344.10264999
2025-05-25 10:00:00,107637.00000000,107650.50000000,106653.00000000,107214.00000000,762452222.27930999
2025-05-25 14:00:00,107214.00000000,107698.40000000,106500.10000000,106928.00000000,847792466.96190000
2025-05-25 18:00:00,106928.00000000,107888.00000000,106593.40000000,107656.30000000,390364317.67558998
2025-05-25 22:00:00,107656.30000000,109285.10000000,107118.80000000,108955.90000000,875395709.27865005
2025-05-26 02:00:00,108955.90000000,109856.00000000,108616.60000000,109587.00000000,696993915.72688997
2025-05-26 06:00:00,109587.00000000,110181.90000000,109327.40000000,110049.90000000,539117050.47133005
2025-05-26 10:00:00,110049.90000000,110137.30000000,109500.80000000,109736.70000000,372621123.32051003
2025-05-26 14:00:00,109736.70000000,110376.00000000,109434.10000000,109963.10000000,752265324.96185994
2025-05-26 18:00:00,109963.10000000,110394.70000000,108807.00000000,109074.40000000,910900417.52899003
2025-05-26 22:00:00,109074.40000000,109860.30000000,108894.00000000,109386.90000000,380571850.54241002
2025-05-27 02:00:00,109386.90000000,109633.80000000,107450.00000000,108844.90000000,1177830287.20340991
2025-05-27 06:00:00,108844.90000000,109600.00000000,108488.30000000,109471.70000000,619950235.71510994
2025-05-27 10:00:00,109471.70000000,109860.00000000,109366.90000000,109541.90000000,469989766.76918000
2025-05-27 14:00:00,109541.90000000,110678.90000000,108610.60000000,110091.40000000,1847527057.74557996
2025-05-27 18:00:00,110091.40000000,110459.80000000,109516.10000000,109820.70000000,745293877.31544995
2025-05-27 22:00:00,109820.70000000,109857.60000000,108539.20000000,108889.30000000,494843014.22321999
2025-05-28 02:00:00,108889.30000000,109238.50000000,108342.00000000,108807.30000000,455200936.61350000
2025-05-28 06:00:00,108807.30000000,109038.00000000,108568.70000000,108764.90000000,281778933.76813000
2025-05-28 10:00:00,108764.90000000,109076.20000000,108190.30000000,108821.30000000,533033335.32327998
2025-05-28 14:00:00,108821.30000000,109011.90000000,107001.50000000,107060.10000000,1311597565.54709005
2025-05-28 18:00:00,107060.10000000,107793.00000000,106887.60000000,106894.00000000,663675616.95712996
2025-05-28 22:00:00,106894.00000000,107994.50000000,106725.90000000,107723.10000000,528602229.84942001
2025-05-29 02:00:00,107723.10000000,108450.00000000,107388.00000000,107996.50000000,533311016.12131000
2025-05-29 06:00:00,107996.50000000,108056.80000000,106886.70000000,107839.50000000,450271826.52578998
2025-05-29 10:00:00,107839.50000000,108860.00000000,107638.60000000,108739.90000000,546735577.17747998
2025-05-29 14:00:00,108739.90000000,108764.00000000,106401.10000000,106972.50000000,1388242013.81717992
2025-05-29 18:00:00,106972.50000000,107121.10000000,105579.40000000,105699.20000000,1030618277.18274999
2025-05-29 22:00:00,105699.20000000,106415.00000000,105209.00000000,105540.00000000,433895030.05195999
2025-05-30 02:00:00,105540.00000000,106172.20000000,104649.90000000,105978.70000000,708557870.05903006
2025-05-30 06:00:00,105978.70000000,106266.00000000,104682.20000000,104997.50000000,534822074.87154001
2025-05-30 10:00:00,104997.50000000,105940.10000000,104567.70000000,105827.40000000,598041051.36769998
2025-05-30 14:00:00,105827.40000000,105949.10000000,105009.90000000,105503.90000000,688799628.80434000
2025-05-30 18:00:00,105503.90000000,105531.50000000,103656.50000000,104597.60000000,949924768.29298997
2025-05-30 22:00:00,104597.60000000,104849.90000000,103556.00000000,103949.90000000,476806416.70141000
2025-05-31 02:00:00,103949.90000000,104259.40000000,103032.10000000,103640.20000000,585629822.48510003
2025-05-31 06:00:00,103640.20000000,103863.60000000,103433.10000000,103700.50000000,189861842.73616999
2025-05-31 10:00:00,103700.50000000,103770.20000000,103250.00000000,103460.90000000,190646013.01532000
2025-05-31 14:00:00,103460.90000000,104801.30000000,103444.50000000,104497.20000000,496229612.07722998
2025-05-31 18:00:00,104497.20000000,104743.80000000,104215.30000000,104653.90000000,213266518.84672999
2025-05-31 22:00:00,104653.90000000,104854.70000000,104423.00000000,104544.70000000,155737239.79255000
2025-06-01 02:00:00,104544.70000000,104599.70000000,103874.20000000,104336.40000000,262158912.05576000
2025-06-01 06:00:00,104336.40000000,104700.00000000,104138.00000000,104231.00000000,182068896.60755000
2025-06-01 10:00:00,104231.00000000,104410.50000000,103704.60000000,104037.90000000,294084725.71578997
2025-06-01 14:00:00,104037.90000000,104760.00000000,103730.10000000,104663.90000000,330791094.49383998
2025-06-01 18:00:00,104663.90000000,105282.60000000,104281.70000000,105075.20000000,432426215.56107998
2025-06-01 22:00:00,105075.20000000,105809.20000000,104833.50000000,105583.30000000,274466608.60222000
2025-06-02 02:00:00,105583.30000000,105697.90000000,104520.00000000,104781.70000000,300162738.93045002
2025-06-02 06:00:00,104781.70000000,105398.30000000,104556.90000000,105346.40000000,275256287.49495000
2025-06-02 10:00:00,105346.40000000,105896.00000000,103881.50000000,104005.40000000,653550739.17876005
2025-06-02 14:00:00,104005.40000000,104635.30000000,103617.20000000,104396.80000000,728298160.83958006
2025-06-02 18:00:00,104396.80000000,104693.10000000,103982.90000000,104366.50000000,246223140.68094000
2025-06-02 22:00:00,104366.50000000,105893.80000000,104366.40000000,105814.40000000,409088531.84416997
2025-06-03 02:00:00,105814.40000000,106470.80000000,105280.10000000,105448.80000000,433157044.24321002
2025-06-03 06:00:00,105448.80000000,105475.40000000,105066.50000000,105134.30000000,190160345.23405999
2025-06-03 10:00:00,105134.30000000,105305.20000000,104822.40000000,105240.10000000,211375564.80851999
2025-06-03 14:00:00,105240.10000000,106754.80000000,104970.10000000,106556.10000000,755984962.04242003
2025-06-03 18:00:00,106556.10000000,106619.60000000,105531.60000000,106179.60000000,471208375.49519002
2025-06-03 22:00:00,106179.60000000,106207.90000000,105215.60000000,105330.10000000,294427369.00643998
2025-06-04 02:00:00,105330.10000000,105800.00000000,105072.00000000,105474.80000000,208043055.07609999
2025-06-04 06:00:00,105474.80000000,105566.40000000,105200.00000000,105260.20000000,142032923.50211000
2025-06-04 10:00:00,105260.20000000,105964.80000000,105041.50000000,105044.20000000,330334811.15943003
2025-06-04 14:00:00,105044.20000000,105500.00000000,104116.40000000,105254.80000000,764347956.59607995
2025-06-04 18:00:00,105254.80000000,105437.80000000,104824.00000000,104873.60000000,243335551.02441001
2025-06-04 22:00:00,104873.60000000,105006.30000000,104350.00000000,104641.80000000,241101044.22167999
2025-06-05 02:00:00,104641.80000000,105205.40000000,104594.80000000,104991.50000000,174693653.49474999
2025-06-05 06:00:00,104991.50000000,105183.00000000,104321.20000000,104473.10000000,218400517.53810999
2025-06-05 10:00:00,104473.10000000,104879.90000000,104373.00000000,104772.80000000,195543199.33746001
2025-06-05 14:00:00,104772.80000000,105877.10000000,103827.00000000,104485.50000000,1278070815.28015995
2025-06-05 18:00:00,104485.50000000,104547.90000000,101557.60000000,101877.10000000,1295627236.68843007
2025-06-05 22:00:00,101877.10000000,102130.10000000,100309.60000000,101458.60000000,982817994.93766999
2025-06-06 02:00:00,101458.60000000,102464.70000000,101028.00000000,102444.90000000,360104641.23013002
2025-06-06 06:00:00,102444.90000000,103424.00000000,102321.10000000,103096.70000000,399338322.05355000
2025-06-06 10:00:00,103096.70000000,103944.70000000,103096.70000000,103865.90000000,456212838.79677999
2025-06-06 14:00:00,103865.90000000,105283.00000000,103471.40000000,105035.40000000,999838921.60297000
2025-06-06 18:00:00,105035.40000000,105240.00000000,104010.30000000,104176.90000000,528723075.00443000
2025-06-06 22:00:00,104176.90000000,104574.90000000,104109.20000000,104240.10000000,150001589.54747999
2025-06-07 02:00:00,104240.10000000,104856.00000000,103816.60000000,104822.30000000,212223889.31112999
2025-06-07 06:00:00,104822.30000000,105281.00000000,104591.90000000,104813.70000000,206871317.78538001
2025-06-07 10:00:00,104813.70000000,105222.00000000,104640.10000000,105094.40000000,188576887.16949999
2025-06-07 14:00:00,105094.40000000,105751.60000000,105094.40000000,105507.90000000,395474569.98056000
2025-06-07 18:00:00,105507.90000000,105846.80000000,105222.60000000,105694.10000000,219503328.68002000
2025-06-07 22:00:00,105694.10000000,105871.20000000,105485.50000000,105507.60000000,128521860.46041000
2025-06-08 02:00:00,105507.60000000,105743.40000000,105347.80000000,105436.40000000,110712613.37521000
2025-06-08 06:00:00,105436.40000000,105600.00000000,105358.20000000,105380.50000000,80844117.16937999
2025-06-08 10:00:00,105380.50000000,105665.10000000,104928.60000000,105619.30000000,300326914.70317000
2025-06-08 14:00:00,105619.30000000,106110.20000000,105450.00000000,105917.60000000,376274788.57945001
2025-06-08 18:00:00,105917.60000000,106300.00000000,105888.50000000,106242.50000000,232141221.23313001
2025-06-08 22:00:00,106242.50000000,106480.80000000,105511.00000000,105676.40000000,267681682.92291999
2025-06-09 02:00:00,105676.40000000,105929.20000000,105264.80000000,105616.90000000,223956982.42071000
2025-06-09 06:00:00,105616.90000000,105685.10000000,105265.00000000,105514.70000000,134747030.35617000
2025-06-09 10:00:00,105514.70000000,107767.70000000,105429.20000000,107703.40000000,813851504.66218996
2025-06-09 14:00:00,107703.40000000,107978.90000000,106807.60000000,107564.30000000,821203965.08182001
2025-06-09 18:00:00,107564.30000000,108745.10000000,107563.50000000,108515.00000000,600568086.84019995
2025-06-09 22:00:00,108515.00000000,110647.20000000,108383.00000000,110227.90000000,823346488.81992996
2025-06-10 02:00:00,110227.90000000,110274.80000000,109340.00000000,109525.90000000,303433414.67032999
2025-06-10 06:00:00,109525.90000000,109690.80000000,109055.80000000,109178.10000000,269192273.27868003
2025-06-10 10:00:00,109178.10000000,109800.10000000,109018.50000000,109498.10000000,404883847.78337002
2025-06-10 14:00:00,109498.10000000,109851.40000000,108290.80000000,108969.90000000,814374043.69926000
2025-06-10 18:00:00,108969.90000000,110367.20000000,108469.20000000,109460.10000000,559269207.32450998
2025-06-10 22:00:00,109460.10000000,110263.10000000,109189.10000000,110235.40000000,333969539.78803003
2025-06-11 02:00:00,110235.40000000,110246.60000000,109499.90000000,109664.10000000,183106449.16808000
2025-06-11 06:00:00,109664.10000000,109709.90000000,109321.90000000,109397.00000000,167550419.30537999
2025-06-11 10:00:00,109397.00000000,109629.30000000,109140.40000000,109200.10000000,197140012.37125000
2025-06-11 14:00:00,109200.10000000,110350.00000000,108954.60000000,109694.90000000,829069247.32729006
2025-06-11 18:00:00,109694.90000000,109775.90000000,108345.80000000,108685.50000000,560519993.59898996
2025-06-11 22:00:00,108685.50000000,109164.80000000,108003.80000000,108600.10000000,412012566.85508001
2025-06-12 02:00:00,108600.10000000,108782.10000000,107672.60000000,107820.60000000,365135469.59311002
2025-06-12 06:00:00,107820.60000000,107951.00000000,107301.20000000,107577.10000000,271885097.14374000
2025-06-12 10:00:00,107577.10000000,107798.00000000,106831.10000000,106862.80000000,317022993.97513998
2025-06-12 14:00:00,106862.80000000,107769.10000000,106539.10000000,106960.70000000,640253280.87497997
2025-06-12 18:00:00,106960.70000000,108392.40000000,106621.00000000,106749.50000000,548548879.83846998
2025-06-12 22:00:00,106749.50000000,106922.00000000,105602.00000000,105609.40000000,498464075.96087998
2025-06-13 02:00:00,105609.40000000,105647.40000000,102614.30000000,104233.80000000,1142554109.05585003
2025-06-13 06:00:00,104233.80000000,104891.40000000,103733.70000000,104831.40000000,355348752.96713001
2025-06-13 10:00:00,104831.40000000,105454.00000000,104360.00000000,104989.90000000,408012186.12476999
2025-06-13 14:00:00,104989.90000000,105734.40000000,104069.50000000,105391.90000000,681893587.73022997
2025-06-13 18:00:00,105391.90000000,105912.00000000,104607.50000000,105062.80000000,387827197.34100997
2025-06-13 22:00:00,105062.80000000,106141.00000000,104963.10000000,106027.40000000,157242425.54297000
2025-06-14 02:00:00,106027.40000000,106173.60000000,105152.60000000,105189.40000000,186786484.00159001
2025-06-14 06:00:00,105189.40000000,105362.70000000,104738.70000000,105025.10000000,108812823.42254999
2025-06-14 10:00:00,105025.10000000,105088.00000000,104774.90000000,105032.20000000,105760724.80662000
2025-06-14 14:00:00,105032.20000000,105084.00000000,104570.10000000,104783.40000000,136967584.85141999
2025-06-14 18:00:00,104783.40000000,105010.70000000,104293.80000000,104579.90000000,227450693.98673999
2025-06-14 22:00:00,104579.90000000,105438.00000000,104231.10000000,105359.80000000,185194854.01839000
2025-06-15 02:00:00,105359.80000000,105631.60000000,105208.70000000,105425.50000000,102029933.49800999
2025-06-15 06:00:00,105425.50000000,106099.40000000,105143.10000000,105374.10000000,178334820.08789000
2025-06-15 10:00:00,105374.10000000,105444.90000000,104813.00000000,104924.50000000,120926624.71635000
2025-06-15 14:00:00,104924.50000000,105802.70000000,104900.00000000,105525.90000000,200272856.24443001
2025-06-15 18:00:00,105525.90000000,105741.30000000,104999.80000000,105251.90000000,139230867.07633001
2025-06-15 22:00:00,105251.90000000,105571.40000000,104400.00000000,105534.60000000,199916466.09896001
2025-06-16 02:00:00,105534.60000000,105926.90000000,104920.40000000,105865.60000000,198214901.37118000
2025-06-16 06:00:00,105865.60000000,107247.80000000,105817.30000000,107023.80000000,343694023.20718002
2025-06-16 10:00:00,107023.80000000,107195.40000000,106539.70000000,106842.50000000,195387775.22927001
2025-06-16 14:00:00,106842.50000000,107746.00000000,106449.60000000,107374.90000000,441250952.61602002
2025-06-16 18:00:00,107374.90000000,108854.70000000,107258.00000000,108594.20000000,430906563.00349998
2025-06-16 22:00:00,108594.20000000,108914.50000000,106640.10000000,106750.10000000,463168719.91250002
2025-06-17 02:00:00,106750.10000000,107727.30000000,106068.20000000,107553.40000000,428047161.70326000
2025-06-17 06:00:00,107553.40000000,107655.60000000,106413.40000000,106711.10000000,206351771.27818000
2025-06-17 10:00:00,106711.10000000,106779.50000000,105461.40000000,105592.90000000,336343009.45068002
2025-06-17 14:00:00,105592.90000000,105816.20000000,104078.80000000,104199.20000000,746471530.07822001
2025-06-17 18:00:00,104199.20000000,105282.60000000,103310.30000000,104630.50000000,758994083.13101995
2025-06-17 22:00:00,104630.50000000,104837.30000000,104145.30000000,104507.90000000,271058997.02051002
2025-06-18 02:00:00,104507.90000000,105192.20000000,104312.20000000,105132.20000000,161945819.57008001
2025-06-18 06:00:00,105132.20000000,105499.90000000,104661.60000000,104925.70000000,188759900.07100999
2025-06-18 10:00:00,104925.70000000,105274.60000000,104131.90000000,104791.20000000,268689595.49847001
2025-06-18 14:00:00,104791.20000000,105300.00000000,103750.10000000,104744.20000000,611044144.83454001
2025-06-18 18:00:00,104744.20000000,104795.00000000,103444.50000000,103773.30000000,532048603.61313999
2025-06-18 22:00:00,103773.30000000,105098.00000000,103601.50000000,104832.80000000,251183947.94323999
2025-06-19 02:00:00,104832.80000000,105185.70000000,104394.90000000,105054.30000000,171744755.88119999
2025-06-19 06:00:00,105054.30000000,105184.00000000,104561.60000000,104585.90000000,126192876.70125000
2025-06-19 10:00:00,104585.90000000,105032.20000000,104570.10000000,104717.80000000,102040546.28296000
2025-06-19 14:00:00,104717.80000000,104861.00000000,104030.00000000,104055.10000000,313070396.07321000
2025-06-19 18:00:00,104055.10000000,104790.70000000,103870.30000000,104202.60000000,294782312.26560998
2025-06-19 22:00:00,104202.60000000,104855.90000000,104094.60000000,104607.00000000,188851101.19413999
2025-06-20 02:00:00,104607.00000000,104770.00000000,104338.60000000,104555.10000000,101635535.89590999
2025-06-20 06:00:00,104555.10000000,105765.80000000,104186.50000000,105763.50000000,258689943.53108001
2025-06-20 10:00:00,105763.50000000,106486.20000000,105715.00000000,105928.70000000,385757161.28473997
2025-06-20 14:00:00,105928.70000000,106111.90000000,103816.20000000,104168.50000000,684778359.22789001
2025-06-20 18:00:00,104168.50000000,104221.00000000,102285.50000000,103270.40000000,688340948.89838004
2025-06-20 22:00:00,103270.40000000,103796.70000000,102918.60000000,103246.10000000,222698800.88308001
2025-06-21 02:00:00,103246.10000000,103641.00000000,103069.20000000,103434.60000000,121486406.22959000
2025-06-21 06:00:00,103434.60000000,103550.00000000,103268.50000000,103402.20000000,91547389.56617001
2025-06-21 10:00:00,103402.20000000,103940.00000000,103401.90000000,103832.30000000,151232982.36133999
2025-06-21 14:00:00,103832.30000000,103899.00000000,103230.70000000,103516.70000000,217678610.83401000
2025-06-21 18:00:00,103516.70000000,103600.00000000,102149.70000000,102207.50000000,264319110.29308000
2025-06-21 22:00:00,102207.50000000,102849.20000000,100810.00000000,102072.10000000,595781602.23333001
2025-06-22 02:00:00,102072.10000000,103350.70000000,101781.80000000,102340.00000000,498200348.73668998
2025-06-22 06:00:00,102340.00000000,102910.70000000,102220.90000000,102391.40000000,182483969.89963001
2025-06-22 10:00:00,102391.40000000,102770.60000000,102024.90000000,102693.70000000,193875253.14004999
2025-06-22 14:00:00,102693.70000000,102780.30000000,98827.30000000,98851.70000000,1212151536.40247989
2025-06-22 18:00:00,98851.70000000,100329.60000000,98616.40000000,98829.70000000,501797293.01163000
2025-06-22 22:00:00,98829.70000000,100988.10000000,98125.30000000,100904.70000000,613694039.32291996
2025-06-23 02:00:00,100904.70000000,101567.50000000,100425.50000000,101104.30000000,276684897.48218000
2025-06-23 06:00:00,101104.30000000,102101.60000000,100913.70000000,101874.40000000,225407919.49241000
2025-06-23 10:00:00,101874.40000000,102028.90000000,101071.10000000,101255.80000000,191257449.64910999
2025-06-23 14:00:00,101255.80000000,102587.90000000,100749.80000000,101369.70000000,617081344.12989998
2025-06-23 18:00:00,101369.70000000,103257.10000000,99549.80000000,103107.70000000,980872095.93283999
2025-06-23 22:00:00,103107.70000000,106032.70000000,102818.50000000,105290.90000000,809936065.83801997
2025-06-24 02:00:00,105290.90000000,105454.20000000,104666.30000000,104870.10000000,272660583.34386998
2025-06-24 06:00:00,104870.10000000,105775.00000000,104651.40000000,104891.90000000,285149324.00323999
2025-06-24 10:00:00,104891.90000000,105525.00000000,104570.80000000,105134.60000000,258110681.15474001
2025-06-24 14:00:00,105134.60000000,105675.10000000,104750.00000000,105179.10000000,381076906.51283997
2025-06-24 18:00:00,105179.10000000,106224.50000000,105125.30000000,105593.00000000,412022006.83285999
2025-06-24 22:00:00,105593.00000000,106073.90000000,105382.40000000,106034.90000000,145506247.10912001
2025-06-25 02:00:00,106034.90000000,106751.00000000,105755.60000000,106176.90000000,326643505.60438001
2025-06-25 06:00:00,106176.90000000,106664.20000000,105949.20000000,106547.40000000,141626741.67796001
2025-06-25 10:00:00,106547.40000000,107187.40000000,106286.50000000,107136.30000000,396968139.72444999
2025-06-25 14:00:00,107136.30000000,108095.70000000,106700.10000000,106982.70000000,958548855.87012005
2025-06-25 18:00:00,106982.70000000,107853.90000000,106859.00000000,107696.80000000,277410407.29832000
2025-06-25 22:00:00,107696.80000000,107965.30000000,107022.60000000,107280.10000000,165451497.42662999
2025-06-26 02:00:00,107280.10000000,108243.70000000,107041.40000000,107809.40000000,288189229.95335001
2025-06-26 06:00:00,107809.40000000,108044.90000000,107467.60000000,107768.60000000,161726726.53398001
2025-06-26 10:00:00,107768.60000000,108128.30000000,107050.10000000,107272.70000000,233183299.33309999
2025-06-26 14:00:00,107272.70000000,107717.90000000,106500.00000000,107259.90000000,508555419.76143003
2025-06-26 18:00:00,107259.90000000,107627.40000000,106952.00000000,107484.50000000,214201238.49937999
2025-06-26 22:00:00,107484.50000000,107970.50000000,106791.60000000,106913.80000000,245279205.19624001
2025-06-27 02:00:00,106913.80000000,107462.50000000,106364.90000000,107428.10000000,213901482.63466001
2025-06-27 06:00:00,107428.10000000,107686.00000000,106801.00000000,106816.90000000,176330359.30665001
2025-06-27 10:00:00,106816.90000000,107123.00000000,106616.80000000,106943.70000000,217986487.34994000
2025-06-27 14:00:00,106943.70000000,107371.00000000,106313.10000000,107261.20000000,499340077.06360000
2025-06-27 18:00:00,107261.20000000,107644.60000000,106377.30000000,106751.30000000,398528014.64677000
2025-06-27 22:00:00,106751.30000000,107232.10000000,106736.70000000,106997.00000000,111880288.11793000
2025-06-28 02:00:00,106997.00000000,107313.40000000,106767.00000000,107248.00000000,104771393.02242000
2025-06-28 06:00:00,107248.00000000,107453.00000000,107127.20000000,107433.10000000,73470275.98199999
2025-06-28 10:00:00,107433.10000000,107450.10000000,107194.70000000,107320.30000000,69287618.78090000
2025-06-28 14:00:00,107320.30000000,107512.70000000,107040.10000000,107407.70000000,91485142.72821000
2025-06-28 18:00:00,107407.70000000,107494.00000000,107162.50000000,107162.50000000,93530673.25120001
2025-06-28 22:00:00,107162.50000000,107324.80000000,107096.70000000,107241.00000000,63226545.48273000
2025-06-29 02:00:00,107241.00000000,107464.00000000,107112.70000000,107156.50000000,71246069.19694000
2025-06-29 06:00:00,107156.50000000,107360.50000000,107156.10000000,107360.50000000,46300814.45287000
2025-06-29 10:00:00,107360.50000000,108460.00000000,107351.70000000,108448.30000000,307978549.24444002
2025-06-29 14:00:00,108448.30000000,108498.90000000,107584.40000000,107687.00000000,213462516.20640999
2025-06-29 18:00:00,107687.00000000,107735.70000000,107242.70000000,107346.50000000,183811778.83443001
2025-06-29 22:00:00,107346.50000000,108399.10000000,107203.80000000,108309.80000000,256347361.09983000
2025-06-30 02:00:00,108309.80000000,108761.70000000,108193.50000000,108466.70000000,223724339.81423000
2025-06-30 06:00:00,108466.70000000,108500.00000000,107427.50000000,107562.50000000,247802051.58440000
2025-06-30 10:00:00,107562.50000000,107916.60000000,107330.50000000,107608.10000000,177017323.37424001
2025-06-30 14:00:00,107608.10000000,107821.80000000,106686.40000000,107525.60000000,490467820.02846998
2025-06-30 18:00:00,107525.60000000,107775.00000000,107067.60000000,107693.80000000,211908827.10516000
2025-06-30 22:00:00,107693.80000000,107714.90000000,106863.80000000,107087.30000000,139444334.46083000
2025-07-01 02:00:00,107087.30000000,107496.30000000,106972.90000000,107149.50000000,112895424.78681000
2025-07-01 06:00:00,107149.50000000,107164.60000000,106559.80000000,107138.20000000,183249257.77123001
2025-07-01 10:00:00,107138.20000000,107138.10000000,106239.90000000,106550.00000000,203769500.50459999
2025-07-01 14:00:00,106550.00000000,107140.70000000,105578.10000000,105908.40000000,614953349.81259000
2025-07-01 18:00:00,105908.40000000,106247.80000000,105333.00000000,105340.10000000,268885250.75778002
2025-07-01 22:00:00,105340.10000000,106059.70000000,105187.70000000,105638.00000000,185921723.02542999
2025-07-02 02:00:00,105638.00000000,106165.10000000,105040.80000000,106139.90000000,202010285.47793001
2025-07-02 06:00:00,106139.90000000,107144.60000000,106074.20000000,107026.10000000,281771493.32252002
2025-07-02 10:00:00,107026.10000000,107799.90000000,107026.00000000,107439.70000000,389520668.77043003
2025-07-02 14:00:00,107439.70000000,108727.60000000,107132.30000000,108695.30000000,922575419.73422003
2025-07-02 18:00:00,108695.30000000,109690.40000000,108603.90000000,109621.80000000,923613134.21284997
2025-07-02 22:00:00,109621.80000000,109621.90000000,108683.40000000,108799.90000000,210613152.79490000
2025-07-03 02:00:00,108799.90000000,109075.10000000,108480.60000000,108594.80000000,204463544.76041001
2025-07-03 06:00:00,108594.80000000,109516.90000000,108509.10000000,109234.90000000,260831868.22670001
2025-07-03 10:00:00,109234.90000000,110243.70000000,109234.90000000,109551.00000000,400311292.08507001
2025-07-03 14:00:00,109551.00000000,110484.00000000,108706.00000000,109089.80000000,947560578.51471996
2025-07-03 18:00:00,109089.80000000,109866.00000000,108968.20000000,109743.90000000,248409227.36857000
2025-07-03 22:00:00,109743.90000000,109963.10000000,109489.40000000,109545.20000000,150411347.44732001
2025-07-04 02:00:00,109545.20000000,109732.30000000,109052.10000000,109195.70000000,179008545.44747999
2025-07-04 06:00:00,109195.70000000,109283.20000000,108661.00000000,108661.00000000,245048316.90380001
2025-07-04 10:00:00,108661.00000000,109071.10000000,108476.40000000,108842.30000000,220412968.97677001
2025-07-04 14:00:00,108842.30000000,108929.30000000,107436.00000000,107534.70000000,621483213.13012004
2025-07-04 18:00:00,107534.70000000,107868.60000000,107200.00000000,107429.70000000,334422215.29369998
2025-07-04 22:00:00,107429.70000000,108222.90000000,107385.90000000,107935.40000000,179327881.61928001
2025-07-05 02:00:00,107935.40000000,108218.00000000,107688.30000000,108093.50000000,115134212.32745001
2025-07-05 06:00:00,108093.50000000,108367.80000000,107946.10000000,108000.90000000,104439394.51234999
2025-07-05 10:00:00,108000.90000000,108175.00000000,107828.10000000,108059.10000000,95610778.78131001
2025-07-05 14:00:00,108059.10000000,108194.40000000,107908.80000000,108012.70000000,77496964.91046999
2025-07-05 18:00:00,108012.70000000,108130.70000000,107810.90000000,108092.10000000,97902904.08662000
2025-07-05 22:00:00,108092.10000000,108183.80000000,107930.10000000,108153.30000000,49215941.12526000
2025-07-06 02:00:00,108153.30000000,108211.00000000,107968.10000000,107996.30000000,59349555.79785000
2025-07-06 06:00:00,107996.30000000,108180.00000000,107901.00000000,107991.30000000,69649707.63857999
2025-07-06 10:00:00,107991.30000000,108087.20000000,107743.40000000,108017.30000000,103438530.13880999
2025-07-06 14:00:00,108017.30000000,109079.10000000,107984.70000000,108856.80000000,368066218.86457002
2025-07-06 18:00:00,108856.80000000,108917.10000000,108212.00000000,108493.80000000,191940395.09209001
2025-07-06 22:00:00,108493.80000000,109673.60000000,108477.90000000,109145.80000000,309613643.47162998
2025-07-07 02:00:00,109145.80000000,109667.30000000,108622.60000000,109348.90000000,210540709.10023001
2025-07-07 06:00:00,109348.90000000,109409.70000000,108616.70000000,109016.30000000,172544196.20399001
2025-07-07 10:00:00,109016.30000000,109041.20000000,108525.00000000,108599.90000000,215919956.92906001
2025-07-07 14:00:00,108599.90000000,108612.20000000,107903.20000000,108248.90000000,452060716.62782001
2025-07-07 18:00:00,108248.90000000,108460.80000000,107456.00000000,107999.90000000,365497707.99339002
2025-07-07 22:00:00,107999.90000000,108250.10000000,107728.50000000,108203.90000000,123953194.36831000
2025-07-08 02:00:00,108203.90000000,108475.00000000,107400.00000000,107852.60000000,230630378.31964999
2025-07-08 06:00:00,107852.60000000,108445.80000000,107696.50000000,108440.60000000,130963235.53929000
2025-07-08 10:00:00,108440.60000000,108964.10000000,108172.10000000,108713.10000000,221259547.80651999
2025-07-08 14:00:00,108713.10000000,109180.00000000,108151.00000000,108216.90000000,374072333.30267000
2025-07-08 18:00:00,108216.90000000,109115.40000000,108041.00000000,108723.60000000,333509297.75901002
2025-07-08 22:00:00,108723.60000000,108928.00000000,108570.10000000,108873.20000000,95378847.76228000
2025-07-09 02:00:00,108873.20000000,109101.60000000,108284.20000000,108311.90000000,146311104.22626001
2025-07-09 06:00:00,108311.90000000,108898.70000000,108273.50000000,108674.70000000,155301971.28101000
2025-07-09 10:00:00,108674.70000000,109074.00000000,108496.20000000,109008.40000000,159826065.97307000
2025-07-09 14:00:00,109008.40000000,109738.50000000,108434.50000000,109019.90000000,656158384.01095998
2025-07-09 18:00:00,109019.90000000,112022.40000000,108975.90000000,111714.50000000,761060280.01388001
2025-07-09 22:00:00,111714.50000000,111931.40000000,110508.70000000,111199.90000000,488598892.21841002
2025-07-10 02:00:00,111199.90000000,111530.50000000,110834.60000000,111028.30000000,188986690.76763999
2025-07-10 06:00:00,111028.30000000,111399.70000000,110894.20000000,111186.20000000,144556876.99281999
2025-07-10 10:00:00,111186.20000000,111370.30000000,110817.00000000,110972.20000000,148986318.10760000
2025-07-10 14:00:00,110972.20000000,111362.60000000,110448.60000000,111349.50000000,472543808.68039000
2025-07-10 18:00:00,111349.50000000,113753.00000000,111274.50000000,113253.80000000,1039494435.83082998
2025-07-10 22:00:00,113253.80000000,117492.80000000,113208.40000000,115979.20000000,1041632316.91323996
2025-07-11 02:00:00,115979.20000000,116917.80000000,115196.20000000,116839.50000000,388947621.99418002
2025-07-11 06:00:00,116839.50000000,118389.80000000,116434.40000000,117522.70000000,799155781.64671004
2025-07-11 10:00:00,117522.70000000,118882.80000000,117522.70000000,117784.50000000,453410067.10636997
2025-07-11 14:00:00,117784.50000000,118226.00000000,116725.30000000,116910.40000000,612912325.58118999
2025-07-11 18:00:00,116910.40000000,118128.00000000,116611.10000000,118066.20000000,385091044.36953998
2025-07-11 22:00:00,118066.20000000,118072.70000000,117130.10000000,117500.10000000,216156498.39412001
2025-07-12 02:00:00,117500.10000000,117818.60000000,117060.60000000,117727.00000000,113297647.27057999
2025-07-12 06:00:00,117727.00000000,118036.70000000,117454.80000000,117689.60000000,142502564.07874000
2025-07-12 10:00:00,117689.60000000,118176.80000000,117579.80000000,117773.50000000,199204084.66249001
2025-07-12 14:00:00,117773.50000000,117819.80000000,116865.00000000,117075.60000000,387571592.05272001
2025-07-12 18:00:00,117075.60000000,117610.50000000,117012.00000000,117525.60000000,129489958.10882001
2025-07-12 22:00:00,117525.60000000,117527.80000000,116960.00000000,117389.40000000,82784302.94494000
2025-07-13 02:00:00,117389.40000000,117791.00000000,117175.50000000,117711.50000000,106355365.63564999
2025-07-13 06:00:00,117711.50000000,118022.90000000,117639.70000000,117950.00000000,120281277.29351000
2025-07-13 10:00:00,117950.00000000,118058.00000000,117641.70000000,118036.00000000,99127297.26084000
2025-07-13 14:00:00,118036.00000000,119430.50000000,117933.40000000,118610.70000000,569602868.06757998
2025-07-13 18:00:00,118610.70000000,119446.30000000,118325.30000000,118922.90000000,263035654.86172000
2025-07-13 22:00:00,118922.90000000,119333.00000000,118200.00000000,119038.40000000,236087042.65871000
2025-07-14 02:00:00,119038.40000000,121759.00000000,118862.60000000,120733.20000000,642085010.75261998
2025-07-14 06:00:00,120733.20000000,123258.10000000,120520.00000000,122723.20000000,765281243.32421994
2025-07-14 10:00:00,122723.20000000,122763.30000000,121357.00000000,121474.60000000,394615977.97900999
2025-07-14 14:00:00,121474.60000000,122113.90000000,119590.90000000,119864.50000000,782741628.61277997
2025-07-14 18:00:00,119864.50000000,120510.90000000,119226.80000000,119920.30000000,522143497.10084999
2025-07-14 22:00:00,119920.30000000,120424.30000000,119505.00000000,119816.50000000,172784910.68691000
2025-07-15 02:00:00,119816.50000000,119919.40000000,116870.00000000,117209.20000000,792436400.25363004
2025-07-15 06:00:00,117209.20000000,117761.30000000,116274.40000000,116777.20000000,580917718.82564998
2025-07-15 10:00:00,116777.20000000,117224.70000000,116300.70000000,117113.60000000,309096248.08758003
2025-07-15 14:00:00,117113.60000000,118448.40000000,115678.90000000,116393.00000000,1167154959.76377010
2025-07-15 18:00:00,116393.00000000,117727.30000000,116051.90000000,116428.90000000,576855161.69202006
2025-07-15 22:00:00,116428.90000000,117965.50000000,116189.00000000,117738.60000000,253537156.89949000
2025-07-16 02:00:00,117738.60000000,118208.60000000,117019.10000000,117474.20000000,244765730.99891999
2025-07-16 06:00:00,117474.20000000,118297.20000000,117252.20000000,118181.20000000,243365479.97825000
2025-07-16 10:00:00,118181.20000000,119299.80000000,118113.60000000,118755.10000000,363497089.17388999
2025-07-16 14:00:00,118755.10000000,119773.30000000,118156.00000000,119054.20000000,824285805.34448004
2025-07-16 18:00:00,119054.20000000,119888.00000000,118430.30000000,119186.70000000,448456651.92281997
2025-07-16 22:00:00,119186.70000000,120085.80000000,118359.40000000,118590.70000000,357954037.51814997
2025-07-17 02:00:00,118590.70000000,119151.30000000,117665.50000000,118090.90000000,356192600.85698998
2025-07-17 06:00:00,118090.90000000,118751.40000000,117810.40000000,118289.30000000,257373452.75878000
2025-07-17 10:00:00,118289.30000000,119197.00000000,117957.80000000,117968.90000000,291842862.85000998
2025-07-17 14:00:00,117968.90000000,119100.00000000,117412.80000000,118874.90000000,614619380.99265003
2025-07-17 18:00:00,118874.90000000,119879.10000000,118307.00000000,118948.80000000,385588394.16018999
2025-07-17 22:00:00,118948.80000000,120951.50000000,118366.90000000,119176.50000000,646000873.16208005
2025-07-18 02:00:00,119176.50000000,120787.90000000,119009.90000000,120212.70000000,367385055.98145002
2025-07-18 06:00:00,120212.70000000,120846.10000000,119300.00000000,119356.50000000,310280478.18777001
2025-07-18 10:00:00,119356.50000000,119483.20000000,118385.00000000,119175.50000000,339659999.58687001
2025-07-18 14:00:00,119175.50000000,119519.80000000,117275.70000000,117830.00000000,653308927.39884996
2025-07-18 18:00:00,117830.00000000,118053.50000000,117108.80000000,117361.70000000,337816961.57089001
2025-07-18 22:00:00,117361.70000000,118000.00000000,116788.90000000,117896.40000000,343725465.85365999
2025-07-19 02:00:00,117896.40000000,118340.70000000,117587.90000000,118295.30000000,173140986.79703000
2025-07-19 06:00:00,118295.30000000,118345.80000000,118013.30000000,118135.00000000,133209292.39394000
2025-07-19 10:00:00,118135.00000000,118457.90000000,117906.10000000,118300.00000000,150840153.56253999
2025-07-19 14:00:00,118300.00000000,118301.40000000,117615.30000000,118025.70000000,176722669.67513001
2025-07-19 18:00:00,118025.70000000,118149.80000000,117562.10000000,117978.40000000,146072854.59404001
2025-07-19 22:00:00,117978.40000000,118125.70000000,117248.00000000,117814.40000000,133261781.22482000
2025-07-20 02:00:00,117814.40000000,118153.10000000,117618.00000000,117934.20000000,105689321.35211000
2025-07-20 06:00:00,117934.20000000,118202.90000000,117736.30000000,117984.40000000,84929282.96193001
2025-07-20 10:00:00,117984.40000000,118261.60000000,117801.00000000,117869.20000000,181151679.35622001
2025-07-20 14:00:00,117869.20000000,118793.40000000,117701.10000000,118669.40000000,269454505.16044003
2025-07-20 18:00:00,118669.40000000,118856.60000000,117920.90000000,118131.20000000,221310212.89596000
2025-07-20 22:00:00,118131.20000000,118245.30000000,116403.20000000,117216.10000000,406178533.19308001
2025-07-21 02:00:00,117216.10000000,118585.10000000,116459.00000000,118374.80000000,299435441.96205002
2025-07-21 06:00:00,118374.80000000,119667.60000000,118144.00000000,119352.10000000,280826933.74439001
2025-07-21 10:00:00,119352.10000000,119493.30000000,118035.00000000,118045.00000000,297824993.16061997
2025-07-21 14:00:00,118045.00000000,119200.00000000,117726.70000000,118304.20000000,554659015.90523005
2025-07-21 18:00:00,118304.20000000,118381.00000000,116614.30000000,116724.70000000,480331996.66965997
2025-07-21 22:00:00,116724.70000000,117596.60000000,116600.90000000,117330.20000000,177275694.34994999
2025-07-22 02:00:00,117330.20000000,117915.20000000,115977.00000000,117177.00000000,406660469.44233000
2025-07-22 06:00:00,117177.00000000,118553.00000000,116484.40000000,117959.50000000,337530354.25804001
2025-07-22 10:00:00,117959.50000000,119199.80000000,117441.40000000,119142.20000000,389622131.78924000
2025-07-22 14:00:00,119142.20000000,119581.90000000,117522.00000000,118899.80000000,698406694.54764998
2025-07-22 18:00:00,118899.80000000,120300.00000000,118377.10000000,119286.60000000,492994501.25357002
2025-07-22 22:00:00,119286.60000000,120264.80000000,119207.50000000,119993.80000000,231406904.95089000
2025-07-23 02:00:00,119993.80000000,120146.50000000,118522.00000000,118621.40000000,268618977.91455001
2025-07-23 06:00:00,118621.40000000,118997.70000000,118238.30000000,118326.90000000,275450523.90278000
2025-07-23 10:00:00,118326.90000000,118586.30000000,117789.90000000,118484.80000000,310288691.59820998
2025-07-23 14:00:00,118484.80000000,118687.10000000,117264.70000000,118531.00000000,618116389.51938999
2025-07-23 18:00:00,118531.00000000,118531.00000000,117275.00000000,118344.30000000,376751807.41689998
2025-07-23 22:00:00,118344.30000000,118724.30000000,117324.80000000,118713.50000000,318282452.95855999
2025-07-24 02:00:00,118713.50000000,119282.70000000,118425.30000000,118451.60000000,253445761.76131001
2025-07-24 06:00:00,118451.60000000,118542.50000000,117050.20000000,118368.10000000,461513803.48354000
2025-07-24 10:00:00,118368.10000000,118789.30000000,117923.00000000,118566.00000000,281647684.06994998
2025-07-24 14:00:00,118566.00000000,119445.30000000,117772.80000000,119074.20000000,486557729.62105000
2025-07-24 18:00:00,119074.20000000,119376.90000000,118307.60000000,118901.90000000,284436223.16026002
2025-07-24 22:00:00,118901.90000000,118950.70000000,118112.00000000,118292.50000000,159413247.66532001
2025-07-25 02:00:00,118292.50000000,118410.80000000,115299.00000000,115384.70000000,857659403.53866994
2025-07-25 06:00:00,115384.70000000,116100.00000000,114672.90000000,115288.90000000,718220513.56429005
2025-07-25 10:00:00,115288.90000000,116759.60000000,115010.60000000,116504.60000000,587819602.72698998
2025-07-25 14:00:00,116504.60000000,116629.00000000,114875.50000000,115687.40000000,675563117.69411004
2025-07-25 18:00:00,115687.40000000,116980.90000000,115415.30000000,116654.70000000,399758219.59656000
2025-07-25 22:00:00,116654.70000000,117615.30000000,116530.00000000,117583.50000000,346285925.62081999
2025-07-26 02:00:00,117583.50000000,117762.20000000,117114.20000000,117455.80000000,218839394.41033000
2025-07-26 06:00:00,117455.80000000,117516.00000000,117288.00000000,117288.10000000,128774447.85685000
2025-07-26 10:00:00,117288.10000000,118220.90000000,117288.00000000,117758.10000000,235375145.89067000
2025-07-26 14:00:00,117758.10000000,118211.80000000,117755.00000000,118111.10000000,203684532.97900000
2025-07-26 18:00:00,118111.10000000,118299.40000000,117917.70000000,118209.00000000,81052700.14478000
2025-07-26 22:00:00,118209.00000000,118267.10000000,117846.10000000,117889.30000000,86475771.22296999
2025-07-27 02:00:00,117889.30000000,118347.20000000,117801.70000000,118161.90000000,86010670.80937999
2025-07-27 06:00:00,118161.90000000,118432.10000000,118040.00000000,118083.50000000,79191473.85861000
2025-07-27 10:00:00,118083.50000000,118273.80000000,117823.00000000,118053.30000000,101858709.20929000
2025-07-27 14:00:00,118053.30000000,118583.20000000,117850.10000000,118580.90000000,186153109.84281999
2025-07-27 18:00:00,118580.90000000,119539.00000000,118580.80000000,118953.30000000,404923306.97820997
2025-07-27 22:00:00,118953.30000000,119780.70000000,118709.20000000,119423.50000000,191261168.31694001
2025-07-28 02:00:00,119423.50000000,119812.00000000,118949.90000000,119269.70000000,172699716.21730000
2025-07-28 06:00:00,119269.70000000,119692.00000000,118742.10000000,118873.20000000,182223177.90053001
2025-07-28 10:00:00,118873.20000000,119090.40000000,118471.30000000,118812.30000000,157007306.26782000
2025-07-28 14:00:00,118812.30000000,119085.00000000,117899.70000000,118152.90000000,443082275.33069003
2025-07-28 18:00:00,118152.90000000,118363.00000000,117365.60000000,118050.10000000,391875936.99892998
2025-07-28 22:00:00,118050.10000000,118328.00000000,117466.10000000,118041.40000000,144359647.37503001
2025-07-29 02:00:00,118041.40000000,118799.80000000,117406.40000000,118743.90000000,214794081.91782999
2025-07-29 06:00:00,118743.90000000,119258.70000000,118377.10000000,118856.30000000,203794301.76778999
2025-07-29 10:00:00,118856.30000000,119019.70000000,118119.10000000,118559.90000000,184021001.42605001
2025-07-29 14:00:00,118559.90000000,119050.10000000,117218.70000000,117345.70000000,476276189.65156001
2025-07-29 18:00:00,117345.70000000,118017.70000000,116923.00000000,117482.10000000,370320299.39578003
2025-07-29 22:00:00,117482.10000000,117951.00000000,117043.90000000,117897.00000000,228263771.65279001
2025-07-30 02:00:00,117897.00000000,118223.40000000,117363.00000000,118106.50000000,185295309.81136000
2025-07-30 06:00:00,118106.50000000,118384.60000000,117615.80000000,118083.20000000,132489197.59423000
2025-07-30 10:00:00,118083.20000000,118445.70000000,117291.60000000,117526.60000000,203960801.45561001
2025-07-30 14:00:00,117526.60000000,118763.50000000,117300.60000000,117949.90000000,422689269.75365001
2025-07-30 18:00:00,117949.90000000,117995.40000000,115720.20000000,116871.30000000,658519737.38631999
2025-07-30 22:00:00,116871.30000000,117866.40000000,116829.80000000,117771.10000000,224692082.75141999
2025-07-31 02:00:00,117771.10000000,118588.90000000,117719.00000000,118420.60000000,277344021.84222001
2025-07-31 06:00:00,118420.60000000,118901.10000000,118238.70000000,118624.10000000,197093039.73032999
2025-07-31 10:00:00,118624.10000000,118728.00000000,118246.90000000,118330.90000000,118866704.54320000
2025-07-31 14:00:00,118330.90000000,118656.00000000,117783.30000000,118259.40000000,333187377.15737998
2025-07-31 18:00:00,118259.40000000,118850.00000000,116691.10000000,116720.50000000,422911479.87301999
2025-07-31 22:00:00,116720.50000000,116927.80000000,115411.50000000,115697.40000000,462974599.76042998
2025-08-01 02:00:00,115697.40000000,116000.00000000,114241.10000000,115595.60000000,557948340.62664998
2025-08-01 06:00:00,115595.60000000,115873.40000000,114579.50000000,115015.10000000,253663104.31421000
2025-08-01 10:00:00,115015.10000000,115291.10000000,114055.70000000,115246.60000000,315043832.94869000
2025-08-01 14:00:00,115246.60000000,115953.60000000,113892.50000000,115305.30000000,703390632.19579995
2025-08-01 18:00:00,115305.30000000,115656.80000000,113173.70000000,113278.40000000,597510206.11612999
2025-08-01 22:00:00,113278.40000000,114039.00000000,112664.70000000,113244.70000000,380463547.57802999
2025-08-02 02:00:00,113244.70000000,113871.00000000,113145.10000000,113859.90000000,152406461.37360001
2025-08-02 06:00:00,113859.90000000,114000.00000000,113415.80000000,113919.90000000,131574120.71173000
2025-08-02 10:00:00,113919.90000000,113988.00000000,113370.20000000,113732.50000000,109241590.54327001
2025-08-02 14:00:00,113732.50000000,113740.50000000,112769.20000000,112798.60000000,187352229.49584001
2025-08-02 18:00:00,112798.60000000,113388.90000000,111925.40000000,112175.50000000,434823215.40862000
2025-08-02 22:00:00,112175.50000000,113022.50000000,112009.50000000,112508.80000000,194391165.92967999
2025-08-03 02:00:00,112508.80000000,113688.10000000,111854.70000000,113550.90000000,221732017.36568999
2025-08-03 06:00:00,113550.90000000,113676.40000000,113293.80000000,113647.10000000,87957041.30659001
2025-08-03 10:00:00,113647.10000000,114198.20000000,113492.80000000,113810.20000000,145184254.50363001
2025-08-03 14:00:00,113810.20000000,114049.80000000,113532.80000000,113904.30000000,182157187.56569999
2025-08-03 18:00:00,113904.30000000,114730.00000000,113727.80000000,114259.10000000,282580949.02228999
2025-08-03 22:00:00,114259.10000000,114567.30000000,114011.30000000,114150.80000000,89198484.26267999
2025-08-04 02:00:00,114150.80000000,114959.90000000,114053.80000000,114520.30000000,163182126.40459001
2025-08-04 06:00:00,114520.30000000,114739.30000000,114089.10000000,114607.00000000,134460007.55002999
2025-08-04 10:00:00,114607.00000000,114715.10000000,114165.70000000,114450.10000000,106774274.28524999
2025-08-04 14:00:00,114450.10000000,115427.50000000,114070.00000000,114766.40000000,388816288.63336003
2025-08-04 18:00:00,114766.40000000,115686.00000000,114681.10000000,114724.10000000,212394592.35203001
2025-08-04 22:00:00,114724.10000000,115299.00000000,114580.40000000,115002.20000000,114465894.15545000
2025-08-05 02:00:00,115002.20000000,115073.30000000,114213.30000000,114214.90000000,140215307.12447000
2025-08-05 06:00:00,114214.90000000,114468.10000000,113651.20000000,113924.80000000,206809328.71741000
2025-08-05 10:00:00,113924.80000000,115057.00000000,113869.50000000,114782.10000000,200897909.01537001
2025-08-05 14:00:00,114782.10000000,114860.10000000,112586.50000000,112871.80000000,584409146.38908005
2025-08-05 18:00:00,112871.80000000,113731.70000000,112755.10000000,113571.50000000,201568711.20278001
2025-08-05 22:00:00,113571.50000000,114178.50000000,113245.40000000,114069.60000000,142988005.25871000
2025-08-06 02:00:00,114069.60000000,114091.30000000,113345.20000000,113470.10000000,114124909.43861000
2025-08-06 06:00:00,113470.10000000,114390.20000000,113304.50000000,114179.20000000,152234375.56999001
2025-08-06 10:00:00,114179.20000000,114372.70000000,113664.40000000,114188.00000000,150724188.66740999
2025-08-06 14:00:00,114188.00000000,115487.80000000,113520.00000000,115366.20000000,430337746.24624002
2025-08-06 18:00:00,115366.20000000,115672.10000000,114895.80000000,115215.10000000,207559916.26400000
2025-08-06 22:00:00,115215.10000000,115228.50000000,114736.30000000,114940.90000000,84855007.47572000
2025-08-07 02:00:00,114940.90000000,115144.00000000,114336.80000000,114500.80000000,130391021.52725001
2025-08-07 06:00:00,114500.80000000,114834.40000000,114211.40000000,114751.20000000,120607235.77052000
2025-08-07 10:00:00,114751.20000000,116782.60000000,114750.00000000,116469.10000000,405260265.89187998
2025-08-07 14:00:00,116469.10000000,116747.60000000,115974.10000000,116634.70000000,288936105.38327998
2025-08-07 18:00:00,116634.70000000,117488.40000000,115555.30000000,117407.50000000,362585073.66042000
2025-08-07 22:00:00,117407.50000000,117580.00000000,116942.20000000,117419.90000000,193728640.44538999
2025-08-08 02:00:00,117419.90000000,117590.10000000,116639.90000000,116692.20000000,210586268.83004999
2025-08-08 06:00:00,116692.20000000,116917.20000000,116342.00000000,116772.10000000,143474555.00780001
2025-08-08 10:00:00,116772.10000000,116880.00000000,116265.50000000,116840.60000000,134041301.86702999
2025-08-08 14:00:00,116840.60000000,117229.90000000,115852.00000000,116162.10000000,322773348.95451999
2025-08-08 18:00:00,116162.10000000,116863.90000000,115950.00000000,116384.40000000,194472477.46355999
2025-08-08 22:00:00,116384.40000000,116941.50000000,116250.00000000,116628.10000000,83744412.14854001
2025-08-09 02:00:00,116628.10000000,116703.60000000,116304.00000000,116331.60000000,75627567.51533000
2025-08-09 06:00:00,116331.60000000,116950.20000000,116309.00000000,116703.20000000,195843600.23862001
2025-08-09 10:00:00,116703.20000000,117906.70000000,116700.00000000,117064.90000000,288909123.71081001
2025-08-09 14:00:00,117064.90000000,117190.50000000,116630.00000000,116835.50000000,234449315.05067000
2025-08-09 18:00:00,116835.50000000,116895.50000000,116460.00000000,116499.90000000,95796837.29090001
2025-08-09 22:00:00,116499.90000000,116990.00000000,116350.00000000,116422.10000000,120621648.55961999
2025-08-10 02:00:00,116422.10000000,118487.20000000,116413.30000000,118480.10000000,372560657.12801999
2025-08-10 06:00:00,118480.10000000,118725.10000000,117420.00000000,117770.10000000,330002829.23031998
2025-08-10 10:00:00,117770.10000000,118477.80000000,117568.90000000,118296.00000000,231852497.40072000
2025-08-10 14:00:00,118296.00000000,119094.00000000,118192.70000000,118766.10000000,356354775.47951001
2025-08-10 18:00:00,118766.10000000,118917.40000000,118395.80000000,118624.50000000,118025793.06111000
2025-08-10 22:00:00,118624.50000000,119295.70000000,118026.50000000,119255.40000000,307773401.90068001
2025-08-11 02:00:00,119255.40000000,122155.90000000,118950.10000000,121700.10000000,679816976.05833995
2025-08-11 06:00:00,121700.10000000,122324.40000000,121457.30000000,121534.80000000,360745357.94713002
2025-08-11 10:00:00,121534.80000000,121820.70000000,120267.30000000,120545.00000000,383748275.27363998
2025-08-11 14:00:00,120545.00000000,120655.00000000,119345.00000000,120271.20000000,618274474.23608994
2025-08-11 18:00:00,120271.20000000,120769.20000000,118499.60000000,119035.30000000,439300548.58405000
2025-08-11 22:00:00,119035.30000000,119149.60000000,118083.10000000,118641.80000000,282630839.37721997
2025-08-12 02:00:00,118641.80000000,119246.40000000,118551.70000000,118813.20000000,173147092.43943000
2025-08-12 06:00:00,118813.20000000,119120.00000000,118363.00000000,118931.90000000,258622064.38376999
2025-08-12 10:00:00,118931.90000000,119011.90000000,118154.00000000,118464.20000000,301302052.36177999
2025-08-12 14:00:00,118464.20000000,119927.80000000,118234.80000000,119887.90000000,652467340.48836005
2025-08-12 18:00:00,119887.90000000,120161.60000000,119124.50000000,119600.30000000,352846682.91794997
2025-08-12 22:00:00,119600.30000000,120267.50000000,119430.00000000,120081.00000000,257662086.99775001
2025-08-13 02:00:00,120081.00000000,120146.60000000,119029.90000000,119436.00000000,252188579.07852000
2025-08-13 06:00:00,119436.00000000,119798.60000000,118866.20000000,119540.30000000,208526638.60828999
2025-08-13 10:00:00,119540.30000000,120710.40000000,119408.80000000,120538.40000000,429042454.67430001
2025-08-13 14:00:00,120538.40000000,122216.50000000,120067.60000000,120897.30000000,1007575265.77683997
2025-08-13 18:00:00,120897.30000000,122831.10000000,120897.20000000,122719.90000000,473550205.99444002
2025-08-13 22:00:00,122719.90000000,123712.10000000,122314.10000000,123323.90000000,523393609.02165002
2025-08-14 02:00:00,123323.90000000,124545.60000000,123272.10000000,123405.10000000,485474403.71162999
2025-08-14 06:00:00,123405.10000000,123485.30000000,121318.50000000,121742.40000000,584684631.27923000
2025-08-14 10:00:00,121742.40000000,122050.00000000,120687.50000000,120947.90000000,388275430.00638002
2025-08-14 14:00:00,120947.90000000,121148.10000000,117633.60000000,118185.80000000,1308335799.77893996
2025-08-14 18:00:00,118185.80000000,118477.10000000,117107.80000000,117894.70000000,806544241.01222003
2025-08-14 22:00:00,117894.70000000,118470.10000000,117255.00000000,118242.20000000,360893734.48145998
2025-08-15 02:00:00,118242.20000000,119039.90000000,117970.70000000,118918.10000000,460506000.69085997
2025-08-15 06:00:00,118918.10000000,119184.00000000,118580.00000000,118908.30000000,354299241.06888998
2025-08-15 10:00:00,118908.30000000,119114.90000000,118556.70000000,118950.10000000,162587778.88479000
2025-08-15 14:00:00,118950.10000000,119068.80000000,116750.10000000,117216.70000000,623135617.75449002
2025-08-15 18:00:00,117216.70000000,117859.40000000,116743.50000000,116899.90000000,297743427.13703001
2025-08-15 22:00:00,116899.90000000,117711.10000000,116820.50000000,117279.20000000,155184937.15011001
2025-08-16 02:00:00,117279.20000000,117853.50000000,117168.40000000,117384.90000000,123234154.92268001
2025-08-16 06:00:00,117384.90000000,117850.10000000,117235.40000000,117549.80000000,205042476.59545001
2025-08-16 10:00:00,117549.80000000,117664.30000000,117089.70000000,117340.40000000,122278691.44614001
2025-08-16 14:00:00,117340.40000000,117786.00000000,117268.70000000,117626.90000000,126821731.35990000
2025-08-16 18:00:00,117626.90000000,117774.50000000,117588.70000000,117622.30000000,54301276.17512000
2025-08-16 22:00:00,117622.30000000,117673.90000000,117123.80000000,117329.70000000,78175671.73978999
2025-08-17 02:00:00,117329.70000000,117722.50000000,117121.60000000,117627.40000000,73957886.22194999
2025-08-17 06:00:00,117627.40000000,118187.00000000,117627.40000000,117949.90000000,112403573.45624000
2025-08-17 10:00:00,117949.90000000,118435.00000000,117865.00000000,118253.90000000,93102675.17177001
2025-08-17 14:00:00,118253.90000000,118536.60000000,118010.00000000,118191.10000000,98666093.04823001
2025-08-17 18:00:00,118191.10000000,118267.90000000,117244.90000000,117527.00000000,170746194.40496999
2025-08-17 22:00:00,117527.00000000,117943.50000000,117322.20000000,117353.90000000,83866774.47386999
2025-08-18 02:00:00,117353.90000000,117499.40000000,114950.30000000,115264.80000000,510950455.78434998
2025-08-18 06:00:00,115264.80000000,115675.90000000,114815.70000000,115153.20000000,235265251.73646000
2025-08-18 10:00:00,115153.20000000,115342.50000000,114605.00000000,114900.10000000,207313404.17585999
2025-08-18 14:00:00,114900.10000000,116137.80000000,114769.20000000,116099.50000000,333226837.48545998
2025-08-18 18:00:00,116099.50000000,116761.00000000,115770.60000000,116273.40000000,203978036.95400000
2025-08-18 22:00:00,116273.40000000,116938.70000000,115929.90000000,116183.50000000,124416182.18785000
2025-08-19 02:00:00,116183.50000000,116687.70000000,114725.90000000,114756.60000000,256247259.84187999
2025-08-19 06:00:00,114756.60000000,115430.00000000,114303.80000000,114928.70000000,229537629.12876999
2025-08-19 10:00:00,114928.70000000,115608.50000000,114749.90000000,115461.10000000,126482672.61480001
2025-08-19 14:00:00,115461.10000000,115840.10000000,113516.60000000,113721.60000000,503471057.67466998
2025-08-19 18:00:00,113721.60000000,113844.00000000,112708.60000000,113078.30000000,402285627.21121001
2025-08-19 22:00:00,113078.30000000,113524.50000000,112666.60000000,112824.20000000,170870945.26888999
2025-08-20 02:00:00,112824.20000000,113599.40000000,112500.00000000,113465.30000000,224691541.43127000
2025-08-20 06:00:00,113465.30000000,113805.50000000,113361.30000000,113436.80000000,110245631.81760000
2025-08-20 10:00:00,113436.80000000,113978.00000000,113012.90000000,113627.50000000,210841698.15858999
2025-08-20 14:00:00,113627.50000000,114266.00000000,112301.80000000,113293.20000000,538519278.74848998
2025-08-20 18:00:00,113293.20000000,114411.00000000,113200.00000000,114216.40000000,303456509.74387002
2025-08-20 22:00:00,114216.40000000,114569.00000000,113941.90000000,114220.50000000,114252850.70545000
2025-08-21 02:00:00,114220.50000000,114777.00000000,113844.30000000,113912.00000000,143202731.90799001
2025-08-21 06:00:00,113912.00000000,113997.10000000,113520.00000000,113836.80000000,97617214.12668000
2025-08-21 10:00:00,113836.80000000,113947.50000000,112926.80000000,113102.10000000,151593749.58502999
2025-08-21 14:00:00,113102.10000000,113936.00000000,112560.00000000,112748.90000000,338456437.43422002
2025-08-21 18:00:00,112748.90000000,112940.60000000,111948.40000000,112152.80000000,272186032.42461002
2025-08-21 22:00:00,112152.80000000,112833.30000000,112010.00000000,112462.20000000,137789388.32881001
2025-08-22 02:00:00,112462.20000000,113485.90000000,112273.20000000,112889.90000000,187759662.77866000
2025-08-22 06:00:00,112889.90000000,113350.20000000,112655.50000000,113040.00000000,167529340.23734999
2025-08-22 10:00:00,113040.00000000,113273.90000000,112130.30000000,112272.90000000,164402004.81461999
2025-08-22 14:00:00,112272.90000000,117259.50000000,111625.90000000,116318.40000000,919276472.62791002
2025-08-22 18:00:00,116318.40000000,117397.50000000,116064.40000000,116618.60000000,307595720.11650002
2025-08-22 22:00:00,116618.60000000,117140.60000000,116510.00000000,116897.60000000,122685217.99292000
2025-08-23 02:00:00,116897.60000000,117000.00000000,115414.30000000,115522.50000000,204654535.13080999
2025-08-23 06:00:00,115522.50000000,116000.90000000,115504.60000000,115769.90000000,133856803.27454001
2025-08-23 10:00:00,115769.90000000,115840.40000000,115165.30000000,115254.40000000,128989762.61996000
2025-08-23 14:00:00,115254.40000000,115450.00000000,114509.90000000,114776.40000000,227812143.83431000
2025-08-23 18:00:00,114776.40000000,115166.60000000,114648.70000000,115104.90000000,84103084.27407999
2025-08-23 22:00:00,115104.90000000,115380.00000000,114957.70000000,115377.00000000,60014760.62665000
2025-08-24 02:00:00,115377.00000000,115648.20000000,114902.00000000,115006.50000000,106610818.96424000
2025-08-24 06:00:00,115006.50000000,115264.40000000,114814.20000000,114854.80000000,110592049.87878001
2025-08-24 10:00:00,114854.80000000,115033.40000000,114574.10000000,114702.00000000,82704253.83030000
2025-08-24 14:00:00,114702.00000000,114844.90000000,114324.90000000,114372.60000000,198745952.44235000
2025-08-24 18:00:00,114372.60000000,114914.70000000,110623.60000000,112564.10000000,516775315.11124003
2025-08-24 22:00:00,112564.10000000,113646.50000000,111572.70000000,113446.20000000,248538063.04420000
2025-08-25 02:00:00,113446.20000000,113621.30000000,112100.20000000,112867.70000000,181386167.14635000
2025-08-25 06:00:00,112867.70000000,113022.90000000,111249.90000000,111469.60000000,266683778.95319000
2025-08-25 10:00:00,111469.60000000,111790.50000000,110890.90000000,111183.70000000,261260278.82391000
2025-08-25 14:00:00,111183.70000000,112533.20000000,110532.20000000,112139.10000000,466999889.38059998
2025-08-25 18:00:00,112139.10000000,112897.70000000,110601.70000000,110650.30000000,347797349.09925997
2025-08-25 22:00:00,110650.30000000,111050.00000000,109219.80000000,110064.10000000,559570461.65922999
2025-08-26 02:00:00,110064.10000000,110064.10000000,108621.20000000,109825.10000000,459942496.93476999
2025-08-26 06:00:00,109825.10000000,110508.50000000,109711.00000000,110244.20000000,248619888.60558999
2025-08-26 10:00:00,110244.20000000,110405.60000000,109533.10000000,109842.10000000,138890806.43215001
2025-08-26 14:00:00,109842.10000000,110779.80000000,109354.90000000,109624.60000000,363418377.88751000
2025-08-26 18:00:00,109624.60000000,111106.50000000,109400.00000000,111053.50000000,330362816.80143929
2025-08-26 22:00:00,111053.50000000,112329.50000000,110825.80000000,111709.90000000,573997442.06308997
2025-08-27 02:00:00,111709.90000000,111765.70000000,110867.10000000,111373.70000000,458723886.80949998
2025-08-27 06:00:00,111373.70000000,111684.50000000,110586.50000000,110688.00000000,147977686.95642999
2025-08-27 10:00:00,110688.00000000,111328.90000000,110316.30000000,111270.80000000,123719478.22326000
2025-08-27 14:00:00,111270.80000000,112568.50000000,110958.30000000,111965.10000000,318877122.45130998
2025-08-27 18:00:00,111965.10000000,112550.00000000,111489.90000000,112032.80000000,229219626.98265001
2025-08-27 22:00:00,112032.80000000,112403.60000000,110966.50000000,111194.90000000,218953072.21862999
2025-08-28 02:00:00,111194.90000000,111972.00000000,110811.00000000,111889.10000000,112312554.67359000
2025-08-28 06:00:00,111889.10000000,113318.20000000,111889.00000000,113079.30000000,229843580.80107999
2025-08-28 10:00:00,113079.30000000,113301.60000000,112780.30000000,112876.50000000,179766563.89961001
2025-08-28 14:00:00,112876.50000000,113429.10000000,112344.40000000,112633.10000000,464067614.13755000
2025-08-28 18:00:00,112633.10000000,113153.10000000,111859.10000000,111859.20000000,175903200.97501999
2025-08-28 22:00:00,111859.20000000,112519.10000000,111829.40000000,112507.30000000,91860730.34059000
2025-08-29 02:00:00,112507.30000000,112585.70000000,111242.50000000,111648.60000000,139556163.80965999
2025-08-29 06:00:00,111648.60000000,111797.20000000,109848.90000000,109969.00000000,253319876.40301001
2025-08-29 10:00:00,109969.00000000,110243.50000000,109360.00000000,110047.90000000,201985333.79844001
2025-08-29 14:00:00,110047.90000000,111410.20000000,108042.30000000,108334.50000000,556325912.55569005
2025-08-29 18:00:00,108334.50000000,108775.10000000,107870.00000000,108158.10000000,228880579.97778001
2025-08-29 22:00:00,108158.10000000,108513.00000000,107411.50000000,108332.40000000,180581127.47264999
2025-08-30 02:00:00,108332.40000000,108377.90000000,107291.70000000,108368.00000000,127607081.32288000
2025-08-30 06:00:00,108368.00000000,108615.30000000,108067.50000000,108466.70000000,163208326.51631999
2025-08-30 10:00:00,108466.70000000,108735.50000000,108359.60000000,108638.60000000,85077520.56603000
2025-08-30 14:00:00,108638.60000000,108879.60000000,108155.00000000,108809.80000000,144197943.38762000
2025-08-30 18:00:00,108809.80000000,108851.00000000,108562.00000000,108769.40000000,66858234.33668000
2025-08-30 22:00:00,108769.40000000,108776.10000000,108412.20000000,108758.00000000,56336520.30440000
2025-08-31 02:00:00,108758.00000000,109439.90000000,108750.00000000,109175.40000000,115110720.12645000
2025-08-31 06:00:00,109175.40000000,109190.40000000,108455.90000000,108658.20000000,74191527.55573000
2025-08-31 10:00:00,108658.20000000,109067.20000000,108262.10000000,108350.00000000,118280282.59721000
2025-08-31 14:00:00,108350.00000000,108808.50000000,108153.80000000,108758.10000000,95908740.69754000
2025-08-31 18:00:00,108758.10000000,109196.50000000,108504.70000000,108877.30000000,119988319.94459000
2025-08-31 22:00:00,108877.30000000,109192.30000000,108021.00000000,108208.30000000,108256753.03867000
2025-09-01 02:00:00,108208.30000000,108447.60000000,107355.00000000,107619.10000000,190603172.62998000
2025-09-01 06:00:00,107619.10000000,109390.30000000,107211.50000000,109390.30000000,206302860.42161000
2025-09-01 10:00:00,109390.30000000,109866.00000000,108131.70000000,108725.80000000,256934423.32277000
2025-09-01 14:00:00,108725.80000000,109479.20000000,108515.80000000,108738.00000000,186031408.22380999
2025-09-01 18:00:00,108738.00000000,109296.00000000,108350.00000000,109178.80000000,105286311.28065000
2025-09-01 22:00:00,109178.80000000,109410.50000000,107401.00000000,109187.90000000,258078988.68528000
2025-09-02 02:00:00,109187.90000000,110597.90000000,108834.90000000,110285.90000000,230271552.99707001
2025-09-02 06:00:00,110285.90000000,110572.00000000,109936.80000000,110190.00000000,125173197.62576000
2025-09-02 10:00:00,110190.00000000,110671.00000000,109512.80000000,109698.70000000,215851497.07837999
2025-09-02 14:00:00,109698.70000000,111736.70000000,108333.00000000,110779.60000000,743770244.77515996
2025-09-02 18:00:00,110779.60000000,111076.90000000,110134.00000000,110742.80000000,178671997.43173000
2025-09-02 22:00:00,110742.80000000,111487.90000000,110650.90000000,111187.90000000,120428575.90008000
2025-09-03 02:00:00,111187.90000000,111732.90000000,110842.70000000,110991.70000000,127145033.38309000
2025-09-03 06:00:00,110991.70000000,111117.50000000,110488.00000000,111041.50000000,137877125.53492999
2025-09-03 10:00:00,111041.50000000,111670.00000000,110843.00000000,111391.70000000,132375879.45823000
2025-09-03 14:00:00,111391.70000000,112466.30000000,110966.80000000,112168.50000000,393946196.43918002
2025-09-03 18:00:00,112168.50000000,112539.20000000,111626.00000000,112139.90000000,191060722.34015000
2025-09-03 22:00:00,112139.90000000,112207.20000000,111550.90000000,111659.80000000,115380220.51523000
2025-09-04 02:00:00,111659.80000000,112136.80000000,111081.10000000,111103.90000000,133841963.42615999
2025-09-04 06:00:00,111103.90000000,111283.80000000,110237.20000000,110417.40000000,200795924.58747000
2025-09-04 10:00:00,110417.40000000,111109.60000000,110366.00000000,110763.90000000,150462839.22040001
2025-09-04 14:00:00,110763.90000000,111081.60000000,109284.40000000,109456.80000000,327512238.03135002
2025-09-04 18:00:00,109456.80000000,110150.00000000,109315.00000000,109753.90000000,157821643.16264999
2025-09-04 22:00:00,109753.90000000,111744.10000000,109702.80000000,110679.40000000,201535255.80107999
2025-09-05 02:00:00,110679.40000000,111444.10000000,110394.10000000,111266.90000000,125612917.15930000
2025-09-05 06:00:00,111266.90000000,112949.00000000,111086.20000000,112900.10000000,221312847.99026000
2025-09-05 10:00:00,112900.10000000,112947.60000000,112073.50000000,112299.50000000,218968069.74351999
2025-09-05 14:00:00,112299.50000000,113344.30000000,110240.00000000,110674.10000000,699807731.80165005
2025-09-05 18:00:00,110674.10000000,111558.30000000,110161.50000000,111550.10000000,180255571.07664999
2025-09-05 22:00:00,111550.10000000,111640.40000000,110307.60000000,110614.80000000,158462188.60512999
2025-09-06 02:00:00,110614.80000000,111256.20000000,110504.90000000,111034.00000000,89164571.95567000
2025-09-06 06:00:00,111034.00000000,111034.10000000,110653.10000000,110779.90000000,49978311.12232000
2025-09-06 10:00:00,110779.90000000,110928.50000000,110609.20000000,110732.90000000,47883483.69439000
2025-09-06 14:00:00,110732.90000000,110956.50000000,110285.20000000,110324.20000000,71655816.25883000
2025-09-06 18:00:00,110324.20000000,110359.00000000,109907.50000000,109986.80000000,135803285.66850999
2025-09-06 22:00:00,109986.80000000,110226.00000000,109981.20000000,110135.30000000,40833790.33563000
2025-09-07 02:00:00,110135.30000000,110700.00000000,110120.50000000,110579.70000000,64329612.01156000
2025-09-07 06:00:00,110579.70000000,110869.50000000,110414.40000000,110710.80000000,148315036.28952000
2025-09-07 10:00:00,110710.80000000,111348.00000000,110666.40000000,111249.50000000,147322400.04638001
2025-09-07 14:00:00,111249.50000000,111371.50000000,110998.80000000,111276.10000000,74814872.02281000
2025-09-07 18:00:00,111276.10000000,111327.20000000,110817.50000000,111216.90000000,71740439.57670000
2025-09-07 22:00:00,111216.90000000,111559.40000000,110947.60000000,111078.10000000,105081098.52188000
2025-09-08 02:00:00,111078.10000000,111357.30000000,110566.60000000,111004.80000000,186470557.05836999
2025-09-08 06:00:00,111004.80000000,111563.70000000,110852.10000000,111236.40000000,84240220.33536001
2025-09-08 10:00:00,111236.40000000,112143.80000000,111201.00000000,112022.10000000,233958961.14138001
2025-09-08 14:00:00,112022.10000000,112867.60000000,111827.40000000,112573.70000000,268893581.36230999
2025-09-08 18:00:00,112573.70000000,112635.00000000,111926.90000000,112037.20000000,119953410.96121000
2025-09-08 22:00:00,112037.20000000,112460.40000000,111847.00000000,112012.60000000,75361640.04804000
2025-09-09 02:00:00,112012.60000000,112055.70000000,111053.50000000,111657.60000000,165246571.63597000
2025-09-09 06:00:00,111657.60000000,113238.00000000,111576.70000000,112950.20000000,294533271.91014999
2025-09-09 10:00:00,112950.20000000,113134.60000000,112351.70000000,112397.00000000,118771553.51405001
2025-09-09 14:00:00,112397.00000000,112900.00000000,110714.90000000,110830.20000000,455951371.74374002
2025-09-09 18:00:00,110830.20000000,111342.10000000,110738.60000000,111242.30000000,128983453.49551000
2025-09-09 22:00:00,111242.30000000,111692.30000000,111042.40000000,111500.00000000,109527315.94865000
2025-09-10 02:00:00,111500.00000000,111545.00000000,110855.80000000,111498.90000000,114835202.42077000
2025-09-10 06:00:00,111498.90000000,112555.00000000,111316.80000000,112500.00000000,192800565.01956999
2025-09-10 10:00:00,112500.00000000,112822.00000000,112060.00000000,112266.40000000,178849725.72918001
2025-09-10 14:00:00,112266.40000000,114287.90000000,112266.40000000,113795.60000000,436525211.15763998
2025-09-10 18:00:00,113795.60000000,114046.50000000,113111.00000000,113520.00000000,195883028.61768001
2025-09-10 22:00:00,113520.00000000,114000.20000000,113468.30000000,113896.70000000,94858153.54297000
2025-09-11 02:00:00,113896.70000000,114400.00000000,113614.50000000,114354.40000000,110009777.52113999
2025-09-11 06:00:00,114354.40000000,114419.90000000,113900.00000000,114040.00000000,139172305.98517001
2025-09-11 10:00:00,114040.00000000,114161.00000000,113722.20000000,113960.90000000,113748210.93363000
2025-09-11 14:00:00,113960.90000000,114677.80000000,113359.20000000,114122.30000000,507851761.49006999
2025-09-11 18:00:00,114122.30000000,114563.70000000,114029.50000000,114370.40000000,111836551.32766999
2025-09-11 22:00:00,114370.40000000,115439.00000000,114195.00000000,115426.90000000,155253797.65812001
2025-09-12 02:00:00,115426.90000000,116280.00000000,114993.10000000,115138.40000000,325684646.79632998
2025-09-12 06:00:00,115138.40000000,115613.00000000,115024.30000000,115049.00000000,143259551.13771999
2025-09-12 10:00:00,115049.00000000,115243.50000000,114833.80000000,114863.00000000,103113633.69404000
2025-09-12 14:00:00,114863.00000000,115427.10000000,114687.40000000,115064.90000000,216984087.95400000
2025-09-12 18:00:00,115064.90000000,116600.00000000,114989.90000000,116573.30000000,252918566.19459999
2025-09-12 22:00:00,116573.30000000,116573.30000000,115701.40000000,115978.30000000,129293977.30772001
2025-09-13 02:00:00,115978.30000000,116245.40000000,115530.00000000,115913.60000000,85131471.63553999
2025-09-13 06:00:00,115913.60000000,115913.60000000,115594.90000000,115715.50000000,135562012.23368001
2025-09-13 10:00:00,115715.50000000,116126.00000000,115715.50000000,115912.90000000,66597629.71941000
2025-09-13 14:00:00,115912.90000000,116010.90000000,115546.10000000,115721.40000000,133818348.51489000
2025-09-13 18:00:00,115721.40000000,115780.30000000,115063.60000000,115751.40000000,132640881.89855000
2025-09-13 22:00:00,115751.40000000,115944.00000000,115745.60000000,115862.80000000,38261826.34309000
2025-09-14 02:00:00,115862.80000000,116076.60000000,115580.00000000,115625.90000000,84671742.53603999
2025-09-14 06:00:00,115625.90000000,115884.10000000,115406.10000000,115746.00000000,74437500.67196000
2025-09-14 10:00:00,115746.00000000,116118.60000000,115700.30000000,115749.90000000,102819555.01392999
2025-09-14 14:00:00,115749.90000000,115828.10000000,115100.50000000,115162.20000000,164378510.89081001
2025-09-14 18:00:00,115162.20000000,115605.50000000,115132.40000000,115597.40000000,59255532.27408000
2025-09-14 22:00:00,115597.40000000,116050.00000000,115068.00000000,115210.70000000,112013980.63149001
2025-09-15 02:00:00,115210.70000000,115536.00000000,114777.00000000,115387.70000000,141490547.91444001
2025-09-15 06:00:00,115387.70000000,116726.90000000,115341.80000000,115769.60000000,297010439.56848001
2025-09-15 10:00:00,115769.60000000,115769.60000000,114588.00000000,115008.90000000,250417549.55565000
2025-09-15 14:00:00,115008.90000000,115045.50000000,114339.70000000,114792.60000000,266691573.94264001
2025-09-15 18:00:00,114792.60000000,115522.80000000,114542.60000000,115246.70000000,168906453.94468001
2025-09-15 22:00:00,115246.70000000,115549.90000000,115141.30000000,115300.50000000,65063804.11709000
2025-09-16 02:00:00,115300.50000000,115490.80000000,114889.70000000,115250.80000000,82894953.08041000
2025-09-16 06:00:00,115250.80000000,115968.00000000,114867.00000000,115799.50000000,227050719.35453999
2025-09-16 10:00:00,115799.50000000,115945.00000000,115151.00000000,115222.20000000,149143543.57256001
2025-09-16 14:00:00,115222.20000000,115878.00000000,114667.80000000,115878.00000000,268652163.77291000
2025-09-16 18:00:00,115878.00000000,116830.00000000,115558.00000000,116759.40000000,304514260.54591000
2025-09-16 22:00:00,116759.40000000,116911.80000000,116543.70000000,116747.30000000,95985829.71086000
2025-09-17 02:00:00,116747.30000000,117055.70000000,116317.00000000,116320.10000000,118787468.71071000
2025-09-17 06:00:00,116320.10000000,117247.90000000,116107.20000000,117120.50000000,192560808.34889999
2025-09-17 10:00:00,117120.50000000,117156.60000000,116197.00000000,116200.10000000,165718918.54854000
2025-09-17 14:00:00,116200.10000000,116485.30000000,115404.80000000,115825.00000000,339771082.10443997
2025-09-17 18:00:00,115825.00000000,116309.70000000,114662.20000000,115590.50000000,613659934.04128003
2025-09-17 22:00:00,115590.50000000,116940.00000000,115257.10000000,116402.50000000,291313912.09382999
2025-09-18 02:00:00,116402.50000000,117865.90000000,116033.50000000,117531.20000000,250613436.26278001
2025-09-18 06:00:00,117531.20000000,117713.50000000,116834.50000000,117033.60000000,193026426.86638999
2025-09-18 10:00:00,117033.60000000,117374.40000000,116955.00000000,117015.00000000,101761992.76692000
2025-09-18 14:00:00,117015.00000000,117789.90000000,116920.10000000,117530.30000000,271157360.25250000
2025-09-18 18:00:00,117530.30000000,117874.20000000,117133.00000000,117402.90000000,131843249.49972001
2025-09-18 22:00:00,117402.90000000,117605.80000000,116499.90000000,117017.20000000,141901186.01348001
2025-09-19 02:00:00,117017.20000000,117406.80000000,116800.00000000,116914.10000000,87070659.93522000
2025-09-19 06:00:00,116914.10000000,117049.90000000,116569.90000000,116850.00000000,103065331.34782000
2025-09-19 10:00:00,116850.00000000,117050.60000000,116236.40000000,116333.90000000,125805762.39494000
2025-09-19 14:00:00,116333.90000000,116488.00000000,115408.60000000,115826.90000000,320132522.67611998
2025-09-19 18:00:00,115826.90000000,116082.50000000,115057.00000000,115082.50000000,147468532.29003000
2025-09-19 22:00:00,115082.50000000,115600.00000000,115049.90000000,115569.60000000,86774389.06264000
2025-09-20 02:00:00,115569.60000000,115670.00000000,115354.90000000,115394.20000000,37785340.69343000
2025-09-20 06:00:00,115394.20000000,115933.40000000,115343.00000000,115909.90000000,49216756.80596000
2025-09-20 10:00:00,115909.90000000,115914.40000000,115605.60000000,115834.80000000,56060650.17107000
2025-09-20 14:00:00,115834.80000000,116059.20000000,115750.50000000,115928.40000000,72761980.36638001
2025-09-20 18:00:00,115928.40000000,116017.90000000,115636.60000000,115636.60000000,49877890.06363000
2025-09-20 22:00:00,115636.60000000,115886.40000000,115549.80000000,115625.00000000,36701164.86005000
2025-09-21 02:00:00,115625.00000000,115671.20000000,115388.00000000,115613.80000000,49018502.73859000
2025-09-21 06:00:00,115613.80000000,115772.90000000,115430.20000000,115772.80000000,67534533.99850000
2025-09-21 10:00:00,115772.80000000,115778.30000000,115276.60000000,115559.20000000,60972216.17370000
2025-09-21 14:00:00,115559.20000000,115704.70000000,115413.00000000,115471.10000000,40287863.45839000
2025-09-21 18:00:00,115471.10000000,115624.30000000,115158.00000000,115440.90000000,91423783.92776000
2025-09-21 22:00:00,115440.90000000,115510.70000000,115137.60000000,115183.90000000,64074093.68827000
2025-09-22 02:00:00,115183.90000000,115344.60000000,114074.00000000,114602.90000000,306000849.80849999
2025-09-22 06:00:00,114602.90000000,114604.90000000,111537.50000000,112448.50000000,378083091.64021999
2025-09-22 10:00:00,112448.50000000,112926.90000000,112119.00000000,112814.10000000,145960578.27147999
2025-09-22 14:00:00,112814.10000000,113400.10000000,112333.00000000,112768.60000000,252402917.74437001
2025-09-22 18:00:00,112768.60000000,112839.00000000,111868.20000000,112072.80000000,159365222.76482001
2025-09-22 22:00:00,112072.80000000,112942.40000000,111924.30000000,112604.70000000,134102625.65422000
2025-09-23 02:00:00,112604.70000000,112808.40000000,111424.20000000,112293.90000000,185931821.03007999
2025-09-23 06:00:00,112293.90000000,113080.00000000,111804.90000000,113048.10000000,148585799.96270999
2025-09-23 10:00:00,113048.10000000,113236.00000000,112634.00000000,112938.60000000,110307030.34851000
2025-09-23 14:00:00,112938.60000000,113249.60000000,112426.20000000,112828.50000000,525853657.31383002
2025-09-23 18:00:00,112828.50000000,112927.80000000,111482.00000000,111611.80000000,456039272.67404997
2025-09-23 22:00:00,111611.80000000,112178.00000000,111413.40000000,111947.00000000,280335520.75369000
2025-09-24 02:00:00,111947.00000000,112466.60000000,111622.40000000,111639.80000000,362447664.48308003
2025-09-24 06:00:00,111639.80000000,112732.80000000,110981.00000000,112539.20000000,242105256.75408000
2025-09-24 10:00:00,112539.20000000,113121.80000000,112356.40000000,112982.00000000,130891275.84995000
2025-09-24 14:00:00,112982.00000000,113849.90000000,112760.00000000,113299.90000000,444867416.89673001
2025-09-24 18:00:00,113299.90000000,113895.80000000,113107.40000000,113371.70000000,253078043.09288001
2025-09-24 22:00:00,113371.70000000,113590.00000000,113143.30000000,113253.90000000,109581348.27057000
2025-09-25 02:00:00,113253.90000000,113462.10000000,112165.60000000,112500.00000000,383064048.22762001
2025-09-25 06:00:00,112500.00000000,112574.60000000,111389.00000000,111708.50000000,221454773.42950001
2025-09-25 10:00:00,111708.50000000,112219.80000000,111234.80000000,111316.00000000,145723833.16306999
2025-09-25 14:00:00,111316.00000000,111682.60000000,110571.50000000,111538.30000000,436213623.27359003
2025-09-25 18:00:00,111538.30000000,111636.60000000,108574.10000000,109320.40000000,809235312.42954004
2025-09-25 22:00:00,109320.40000000,109637.30000000,108694.80000000,108934.50000000,364059982.77416998
2025-09-26 02:00:00,108934.50000000,109766.00000000,108750.00000000,109537.50000000,204690597.58820999
2025-09-26 06:00:00,109537.50000000,109588.80000000,108841.00000000,109257.30000000,198545061.80882001
2025-09-26 10:00:00,109257.30000000,109653.60000000,108566.00000000,109083.00000000,200342945.25927001
2025-09-26 14:00:00,109083.00000000,109742.30000000,108723.00000000,108976.00000000,441733925.96155000
2025-09-26 18:00:00,108976.00000000,110250.00000000,108953.70000000,109115.90000000,342333815.88011003
2025-09-26 22:00:00,109115.90000000,109641.60000000,109030.00000000,109588.50000000,80192651.07708000
2025-09-27 02:00:00,109588.50000000,109695.40000000,109268.60000000,109503.80000000,90037017.59859000
2025-09-27 06:00:00,109503.80000000,109694.20000000,109284.30000000,109354.90000000,56674312.80182000
2025-09-27 10:00:00,109354.90000000,109439.70000000,109021.90000000,109265.90000000,85874801.34350000
2025-09-27 14:00:00,109265.90000000,109444.20000000,109145.20000000,109340.70000000,228031232.12160000
2025-09-27 18:00:00,109340.70000000,109400.00000000,109188.10000000,109369.40000000,124697255.30529000
2025-09-27 22:00:00,109369.40000000,109653.20000000,109305.50000000,109577.30000000,82512469.56944001
2025-09-28 02:00:00,109577.30000000,109749.90000000,109284.10000000,109397.30000000,266713131.88203001
2025-09-28 06:00:00,109397.30000000,109500.00000000,109206.60000000,109468.40000000,114411684.38467000
2025-09-28 10:00:00,109468.40000000,109544.80000000,109190.00000000,109319.90000000,99464781.35552999
2025-09-28 14:00:00,109319.90000000,109989.90000000,109136.50000000,109989.90000000,169744643.27158999
2025-09-28 18:00:00,109989.90000000,110350.00000000,109952.20000000,110281.70000000,351564106.97065002
2025-09-28 22:00:00,110281.70000000,112309.60000000,110236.60000000,112119.70000000,728611728.29718006
2025-09-29 02:00:00,112119.70000000,112269.30000000,111517.30000000,111817.90000000,289515118.46389002
2025-09-29 06:00:00,111817.90000000,111859.90000000,111501.00000000,111814.80000000,122573697.61835000
2025-09-29 10:00:00,111814.80000000,112379.30000000,111814.70000000,112051.90000000,228812820.08792001
2025-09-29 14:00:00,112051.90000000,114172.20000000,111844.30000000,113752.00000000,664579087.81985998
2025-09-29 18:00:00,113752.00000000,114344.30000000,113404.50000000,114204.80000000,211693893.57368001
2025-09-29 22:00:00,114204.80000000,114367.80000000,113960.60000000,114257.10000000,124847416.12954000
2025-09-30 02:00:00,114257.10000000,114746.10000000,113985.10000000,114321.40000000,225421708.68693000
2025-09-30 06:00:00,114321.40000000,114321.50000000,113531.70000000,113662.30000000,268051527.64418000
2025-09-30 10:00:00,113662.30000000,113700.00000000,112615.30000000,113003.70000000,211547790.13966000
2025-09-30 14:00:00,113003.70000000,113623.80000000,112800.10000000,113055.50000000,298049329.69007999
2025-09-30 18:00:00,113055.50000000,114528.20000000,112743.50000000,114309.10000000,248294165.62516999
2025-09-30 22:00:00,114309.10000000,114720.00000000,113710.00000000,113988.70000000,188940236.00595999
2025-10-01 02:00:00,113988.70000000,114498.00000000,113899.40000000,114135.90000000,117320887.50935000
2025-10-01 06:00:00,114135.90000000,114700.10000000,114095.20000000,114480.80000000,125750575.82935999
2025-10-01 10:00:00,114480.80000000,116750.00000000,114425.60000000,116736.70000000,504123387.57725000
2025-10-01 14:00:00,116736.70000000,117633.50000000,116318.90000000,117366.40000000,709439589.53987002
2025-10-01 18:00:00,117366.40000000,118189.90000000,116687.50000000,117374.10000000,700761867.22284997
2025-10-01 22:00:00,117374.10000000,118613.70000000,117104.00000000,118553.60000000,359435618.59833002
2025-10-02 02:00:00,118553.60000000,119448.10000000,118334.90000000,118697.10000000,732095504.08020997
2025-10-02 06:00:00,118697.10000000,118893.80000000,118226.40000000,118444.10000000,293563189.80691999
2025-10-02 10:00:00,118444.10000000,118885.80000000,118307.20000000,118716.00000000,173690764.75854000
2025-10-02 14:00:00,118716.00000000,119884.80000000,118468.10000000,119875.10000000,976171244.85118997
2025-10-02 18:00:00,119875.10000000,120998.40000000,119317.00000000,120787.80000000,568047052.52917004
2025-10-02 22:00:00,120787.80000000,120880.90000000,120018.00000000,120481.30000000,217264956.50924000
2025-10-03 02:00:00,120481.30000000,120505.50000000,119771.90000000,120185.50000000,243529858.05721000
2025-10-03 06:00:00,120185.50000000,120281.60000000,119579.60000000,119620.00000000,243780655.42989001
2025-10-03 10:00:00,119620.00000000,120485.90000000,119217.70000000,120307.20000000,208839897.44902000
2025-10-03 14:00:00,120307.20000000,122364.70000000,119820.40000000,122238.50000000,480741468.48188001
2025-10-03 18:00:00,122238.50000000,123889.30000000,121431.40000000,122621.20000000,984874727.08380997
2025-10-03 22:00:00,122621.20000000,122694.10000000,121944.70000000,122182.60000000,99263650.44169000
2025-10-04 02:00:00,122182.60000000,122301.90000000,121636.30000000,122197.20000000,163356046.48396999
2025-10-04 06:00:00,122197.20000000,122773.80000000,122168.40000000,122271.40000000,272730858.66531998
2025-10-04 10:00:00,122271.40000000,122497.40000000,121908.30000000,121924.70000000,144426657.38730001
2025-10-04 14:00:00,121924.70000000,122473.20000000,121638.70000000,121738.60000000,137253522.47062001
2025-10-04 18:00:00,121738.60000000,121920.00000000,121451.90000000,121918.90000000,136424150.74303001
2025-10-04 22:00:00,121918.90000000,122374.80000000,121813.40000000,122343.30000000,90746284.48398000
2025-10-05 02:00:00,122343.30000000,124364.00000000,122088.10000000,123735.70000000,537175371.70050001
2025-10-05 06:00:00,123735.70000000,125828.00000000,123687.10000000,124692.50000000,550627724.17846000
2025-10-05 10:00:00,124692.50000000,124828.70000000,122471.30000000,123413.20000000,382094241.85882998
2025-10-05 14:00:00,123413.20000000,123413.30000000,122600.50000000,122752.90000000,166773642.91372001
2025-10-05 18:00:00,122752.90000000,123422.00000000,122242.20000000,122550.40000000,466674583.73493999
2025-10-05 22:00:00,122550.40000000,123453.70000000,122425.70000000,123426.70000000,206349636.47758001
2025-10-06 02:00:00,123426.70000000,124335.10000000,123018.50000000,123796.40000000,574061512.52040005
2025-10-06 06:00:00,123796.40000000,124137.60000000,123217.90000000,123332.40000000,148619112.33390999
2025-10-06 10:00:00,123332.40000000,124500.00000000,123332.30000000,124161.30000000,263015989.20489001
2025-10-06 14:00:00,124161.30000000,125365.00000000,124123.30000000,124946.30000000,723834944.66324997
2025-10-06 18:00:00,124946.30000000,126192.60000000,124740.00000000,125357.30000000,565776763.59843004
2025-10-06 22:00:00,125357.30000000,125500.00000000,124469.70000000,124616.50000000,248813668.34687999
2025-10-07 02:00:00,124616.50000000,125047.00000000,124055.10000000,124277.80000000,347767972.20150000
2025-10-07 06:00:00,124277.80000000,124631.90000000,123504.80000000,123627.00000000,379078200.19717997
2025-10-07 10:00:00,123627.00000000,124468.90000000,123261.60000000,124397.10000000,198218120.83812001
2025-10-07 14:00:00,124397.10000000,125098.00000000,121110.30000000,121788.30000000,1051797862.16970003
2025-10-07 18:00:00,121788.30000000,122031.70000000,120516.00000000,121593.60000000,473621318.35025001
2025-10-07 22:00:00,121593.60000000,122246.40000000,121219.50000000,121286.60000000,229227923.01848000
2025-10-08 02:00:00,121286.60000000,122196.90000000,121154.20000000,121331.90000000,151893139.85233000
2025-10-08 06:00:00,121331.90000000,121880.00000000,121018.80000000,121550.40000000,155760435.40073001
2025-10-08 10:00:00,121550.40000000,123150.00000000,121468.50000000,122825.70000000,373869445.92211002
2025-10-08 14:00:00,122825.70000000,123312.90000000,121609.50000000,122140.10000000,490947821.78979999
2025-10-08 18:00:00,122140.10000000,124145.30000000,122055.80000000,123381.70000000,572738539.91500998
2025-10-08 22:00:00,123381.70000000,123671.50000000,122739.70000000,123237.40000000,183426701.13060001
2025-10-09 02:00:00,123237.40000000,123279.70000000,121415.20000000,121988.40000000,266538813.91284999
2025-10-09 06:00:00,121988.40000000,122220.90000000,121664.20000000,121847.80000000,148216506.48418999
2025-10-09 10:00:00,121847.80000000,122777.00000000,121081.50000000,122672.90000000,266119466.58250999
2025-10-09 14:00:00,122672.90000000,123714.50000000,120602.90000000,121079.50000000,802915416.28488004
2025-10-09 18:00:00,121079.50000000,121426.70000000,119576.50000000,120897.00000000,438266749.22520000
2025-10-09 22:00:00,120897.00000000,121712.40000000,120787.90000000,121579.40000000,122586232.49681000
2025-10-10 02:00:00,121579.40000000,121827.70000000,120850.00000000,120960.90000000,156267514.82449999
2025-10-10 06:00:00,120960.90000000,121712.20000000,120814.00000000,120878.80000000,255384471.53230000
2025-10-10 10:00:00,120878.80000000,121728.30000000,120869.20000000,121493.20000000,118606426.41746999
2025-10-10 14:00:00,121493.20000000,122469.20000000,118424.00000000,118965.30000000,850245091.59739006
2025-10-10 18:00:00,118965.30000000,119400.10000000,115890.80000000,116613.90000000,847164531.36865997
2025-10-10 22:00:00,116613.90000000,117139.70000000,104288.30000000,112714.90000000,1496689420.07410002
2025-10-11 02:00:00,112714.90000000,113300.50000000,110987.20000000,112265.90000000,701903099.85100996
2025-10-11 06:00:00,112265.90000000,112931.90000000,110024.60000000,110338.80000000,613534684.54961002
2025-10-11 10:00:00,110338.80000000,112307.50000000,110100.50000000,112224.70000000,186425009.19801000
2025-10-11 14:00:00,112224.70000000,112466.20000000,111740.80000000,111744.50000000,162605216.03668001
2025-10-11 18:00:00,111744.50000000,112142.00000000,110800.10000000,111126.70000000,133710051.73869000
2025-10-11 22:00:00,111126.70000000,111315.40000000,109506.50000000,110579.20000000,171634738.40468001
2025-10-12 02:00:00,110579.20000000,111345.70000000,109517.90000000,110643.30000000,197518396.33105001
2025-10-12 06:00:00,110643.30000000,112100.70000000,110561.80000000,111463.90000000,125177530.23177999
2025-10-12 10:00:00,111463.90000000,112068.70000000,111076.90000000,111783.80000000,124936338.22976001
2025-10-12 14:00:00,111783.80000000,113681.00000000,111111.00000000,113119.10000000,383132126.23083001
2025-10-12 18:00:00,113119.10000000,114641.60000000,113119.00000000,114288.70000000,354241768.52697003
2025-10-12 22:00:00,114288.70000000,115718.80000000,114200.00000000,114894.40000000,290433538.15333998
2025-10-13 02:00:00,114894.40000000,115909.40000000,114566.10000000,114773.60000000,197952607.62874001
2025-10-13 06:00:00,114773.60000000,115500.00000000,114359.20000000,115341.80000000,196737456.89258000
2025-10-13 10:00:00,115341.80000000,115376.30000000,113606.50000000,114129.30000000,250196339.37842000
2025-10-13 14:00:00,114129.30000000,115477.90000000,113722.00000000,114260.70000000,829624880.19129002
2025-10-13 18:00:00,114260.70000000,115827.60000000,114151.10000000,115729.10000000,332705079.10591000
2025-10-13 22:00:00,115729.10000000,115817.40000000,114930.20000000,115112.00000000,125323622.74860001
2025-10-14 02:00:00,115112.00000000,115360.20000000,113210.60000000,113441.00000000,248490563.91878000
2025-10-14 06:00:00,113441.00000000,113650.40000000,111308.40000000,111665.20000000,450140171.59218001
2025-10-14 10:00:00,111665.20000000,112100.10000000,109970.00000000,111241.50000000,362605795.54348999
2025-10-14 14:00:00,111241.50000000,112839.90000000,109802.90000000,112823.00000000,458814464.56564999
2025-10-14 18:00:00,112823.00000000,113479.80000000,111615.20000000,112543.90000000,393489304.13651001
2025-10-14 22:00:00,112543.90000000,113528.80000000,112164.60000000,112983.90000000,171787791.66196001
2025-10-15 02:00:00,112983.90000000,113574.90000000,111760.00000000,111978.60000000,194686900.89925000
2025-10-15 06:00:00,111978.60000000,112637.10000000,111692.90000000,112524.30000000,120445030.66298001
2025-10-15 10:00:00,112524.30000000,113477.50000000,111606.10000000,111841.00000000,237224271.90992999
2025-10-15 14:00:00,111841.00000000,112180.00000000,110331.20000000,110757.40000000,486880883.35031003
2025-10-15 18:00:00,110757.40000000,111500.00000000,110096.90000000,111205.80000000,196966144.09321001
2025-10-15 22:00:00,111205.80000000,111499.60000000,110429.80000000,110699.10000000,131349735.94374000
2025-10-16 02:00:00,110699.10000000,111827.40000000,110300.00000000,111277.40000000,119395590.30167000
2025-10-16 06:00:00,111277.40000000,111711.40000000,110488.00000000,110518.20000000,146013752.20409000
2025-10-16 10:00:00,110518.20000000,111673.00000000,109427.10000000,111363.90000000,281137978.51270002
2025-10-16 14:00:00,111363.90000000,111960.00000000,108255.10000000,108474.00000000,497777928.52354002
2025-10-16 18:00:00,108474.00000000,109212.60000000,107515.60000000,108151.20000000,512736364.92142999
2025-10-16 22:00:00,108151.20000000,108450.40000000,107358.20000000,108129.40000000,157769047.41776001
2025-10-17 02:00:00,108129.40000000,109177.10000000,107885.60000000,109121.90000000,125550056.97745000
2025-10-17 06:00:00,109121.90000000,109182.90000000,105478.80000000,105578.30000000,344854737.26209003
2025-10-17 10:00:00,105578.30000000,106630.60000000,103473.20000000,105610.50000000,651510004.18922997
2025-10-17 14:00:00,105610.50000000,106800.00000000,104493.90000000,106750.10000000,387342992.24953997
2025-10-17 18:00:00,106750.10000000,107505.00000000,106016.60000000,106410.80000000,230982132.91668999
2025-10-17 22:00:00,106410.80000000,107370.00000000,106296.30000000,106378.60000000,99929485.47926000
2025-10-18 02:00:00,106378.60000000,107249.90000000,106270.00000000,107024.90000000,98191116.55535001
2025-10-18 06:00:00,107024.90000000,107452.60000000,106377.10000000,106648.30000000,120636879.67024000
2025-10-18 10:00:00,106648.30000000,107171.50000000,106556.20000000,107151.10000000,114448514.51126000
2025-10-18 14:00:00,107151.10000000,107248.00000000,106669.00000000,106893.20000000,74804961.08216000
2025-10-18 18:00:00,106893.20000000,107047.50000000,106410.80000000,107023.00000000,64452218.76053000
2025-10-18 22:00:00,107023.00000000,107298.80000000,106788.10000000,107117.50000000,48716747.64039000
2025-10-19 02:00:00,107117.50000000,107333.00000000,106668.30000000,107222.00000000,61301439.97152000
2025-10-19 06:00:00,107222.00000000,107241.50000000,106503.20000000,106733.30000000,60617269.50053000
2025-10-19 10:00:00,106733.30000000,108179.60000000,106066.80000000,107730.60000000,294519588.01076001
2025-10-19 14:00:00,107730.60000000,108574.90000000,107312.20000000,108429.50000000,162433711.01758000
2025-10-19 18:00:00,108429.50000000,109387.40000000,108175.60000000,108850.10000000,178832187.39759001
2025-10-19 22:00:00,108850.10000000,109324.70000000,108400.80000000,108590.60000000,102535711.77993000
2025-10-20 02:00:00,108590.60000000,110399.90000000,107377.20000000,110100.30000000,226316633.16374999
2025-10-20 06:00:00,110100.30000000,111349.90000000,109875.00000000,111126.20000000,273292371.83503002
2025-10-20 10:00:00,111126.20000000,111636.90000000,110573.90000000,110969.40000000,256013930.31988999
2025-10-20 14:00:00,110969.40000000,111647.40000000,110531.20000000,111079.20000000,319907613.73176003
2025-10-20 18:00:00,111079.20000000,111255.00000000,109800.90000000,110736.70000000,478765778.73923999
2025-10-20 22:00:00,110736.70000000,111214.90000000,110355.00000000,110469.90000000,98058984.17562000
2025-10-21 02:00:00,110469.90000000,110484.50000000,109005.00000000,109005.10000000,163084865.24682999
2025-10-21 06:00:00,109005.10000000,109005.10000000,107415.10000000,108020.00000000,345049764.93344003
2025-10-21 10:00:00,108020.00000000,108771.10000000,107432.80000000,108519.40000000,268104985.78499001
2025-10-21 14:00:00,108519.40000000,113480.00000000,107820.60000000,113355.20000000,854451693.90154004
2025-10-21 18:00:00,113355.20000000,113940.00000000,111256.70000000,111720.60000000,735753517.98678994
2025-10-21 22:00:00,111720.60000000,111747.70000000,108000.00000000,108253.70000000,546436023.62416995
2025-10-22 02:00:00,108253.70000000,108627.40000000,107777.10000000,108174.00000000,196752591.33633000
2025-10-22 06:00:00,108174.00000000,108581.80000000,107560.40000000,108284.10000000,181077369.80647001
2025-10-22 10:00:00,108284.10000000,108313.30000000,106600.00000000,107501.60000000,259506834.06103000
2025-10-22 14:00:00,107501.60000000,109130.20000000,107389.40000000,108369.80000000,650515722.53181005
2025-10-22 18:00:00,108369.80000000,108774.30000000,107416.20000000,107829.10000000,251303544.07659999
2025-10-22 22:00:00,107829.10000000,108032.00000000,106593.90000000,107532.00000000,202207449.10297999
2025-10-23 02:00:00,107532.00000000,108660.00000000,107462.90000000,108322.20000000,127646933.90707000
2025-10-23 06:00:00,108322.20000000,110266.00000000,108295.30000000,109228.60000000,272624416.83091003
2025-10-23 10:00:00,109228.60000000,109867.60000000,109039.90000000,109218.60000000,153660437.33148000
2025-10-23 14:00:00,109218.60000000,110057.70000000,108639.40000000,109848.90000000,361860674.21126997
2025-10-23 18:00:00,109848.90000000,111240.00000000,109576.70000000,110137.90000000,329878602.79803997
2025-10-23 22:00:00,110137.90000000,110145.80000000,109276.40000000,110026.00000000,168318401.17432001
2025-10-24 02:00:00,110026.00000000,110780.90000000,109945.80000000,110400.00000000,132874240.61361000
2025-10-24 06:00:00,110400.00000000,111494.30000000,110281.50000000,111013.70000000,279514948.97597998
2025-10-24 10:00:00,111013.70000000,111438.40000000,110526.60000000,111006.70000000,234297869.80059999
2025-10-24 14:00:00,111006.70000000,112083.70000000,109650.00000000,110009.90000000,454886130.97842997
2025-10-24 18:00:00,110009.90000000,110907.10000000,109752.80000000,110571.30000000,119788210.74716000
2025-10-24 22:00:00,110571.30000000,111088.10000000,110431.00000000,110965.40000000,79505568.24965000
2025-10-25 02:00:00,110965.40000000,111187.50000000,110620.20000000,110962.40000000,68250004.57610001
2025-10-25 06:00:00,110962.40000000,111770.90000000,110962.20000000,111445.50000000,112474292.55496000
2025-10-25 10:00:00,111445.50000000,111789.40000000,111328.10000000,111522.60000000,146809632.53231999
2025-10-25 14:00:00,111522.60000000,111901.90000000,111269.70000000,111340.90000000,86259583.79497001
2025-10-25 18:00:00,111340.90000000,111682.20000000,111094.40000000,111574.90000000,74650321.89385000
2025-10-25 22:00:00,111574.90000000,111637.70000000,111291.00000000,111589.40000000,41699775.23974000
2025-10-26 02:00:00,111589.40000000,111862.80000000,111200.00000000,111210.10000000,55352352.07109000
2025-10-26 05:00:00,111210.10000000,111677.90000000,111200.20000000,111672.90000000,38186796.67077000
2025-10-26 09:00:00,111672.90000000,113434.00000000,111650.30000000,113235.10000000,285900952.99747998
2025-10-26 13:00:00,113235.10000000,114000.00000000,113221.50000000,113648.10000000,232647120.03527001
2025-10-26 17:00:00,113648.10000000,113765.30000000,113232.50000000,113546.30000000,87615005.98634000
2025-10-26 21:00:00,113546.30000000,115521.70000000,112849.60000000,114497.80000000,340369921.47413999
2025-10-27 01:00:00,114497.80000000,115407.70000000,114300.00000000,114927.80000000,152936229.50215000
2025-10-27 05:00:00,114927.80000000,116380.00000000,114925.50000000,115522.40000000,278640286.12555999
2025-10-27 09:00:00,115522.40000000,115575.10000000,114780.20000000,115300.00000000,246451650.46783999
2025-10-27 13:00:00,115300.00000000,115385.70000000,114433.60000000,114914.50000000,270507001.44915998
2025-10-27 17:00:00,114914.50000000,115744.80000000,114712.80000000,114897.90000000,186780114.42109001
2025-10-27 21:00:00,114897.90000000,114895.50000000,113792.40000000,114064.20000000,170030113.47720000
2025-10-28 01:00:00,114064.20000000,114499.70000000,113517.40000000,113864.00000000,170167952.32104000
2025-10-28 05:00:00,113864.00000000,114320.40000000,113426.20000000,114128.80000000,180347463.72562999
2025-10-28 09:00:00,114128.80000000,114619.20000000,114058.00000000,114290.70000000,128620461.12367000
2025-10-28 13:00:00,114290.70000000,116052.00000000,114080.80000000,114572.10000000,551043156.59860003
2025-10-28 17:00:00,114572.10000000,115550.40000000,113500.00000000,113641.40000000,322670366.23465002
2025-10-28 21:00:00,113641.40000000,113647.40000000,112136.70000000,112833.60000000,375772196.59292001
2025-10-29 01:00:00,112833.60000000,112841.70000000,112276.00000000,112464.60000000,115317121.93646000
2025-10-29 05:00:00,112464.60000000,113525.00000000,112443.50000000,113512.00000000,153822627.60385001
2025-10-29 09:00:00,113512.00000000,113581.60000000,112667.60000000,113084.50000000,288749403.00477999
2025-10-29 13:00:00,113084.50000000,113593.10000000,111320.00000000,111460.60000000,505077476.76319999
2025-10-29 17:00:00,111460.60000000,111961.00000000,109055.70000000,110599.80000000,783761050.48241997
2025-10-29 21:00:00,110599.80000000,111743.90000000,109686.40000000,109985.70000000,211662038.87108999
2025-10-30 01:00:00,109985.70000000,110957.90000000,109670.70000000,110700.00000000,147072043.69398001
2025-10-30 05:00:00,110700.00000000,111562.30000000,107870.50000000,111313.60000000,621365286.40099001
2025-10-30 09:00:00,111313.60000000,111406.80000000,109639.90000000,109665.90000000,392591701.02265000
2025-10-30 13:00:00,109665.90000000,109736.30000000,107273.60000000,107670.50000000,756579879.90656996
2025-10-30 17:00:00,107670.50000000,108184.00000000,106230.60000000,106498.20000000,538519871.46767998
2025-10-30 21:00:00,106498.20000000,108299.90000000,106270.50000000,108263.50000000,251623549.69114000
2025-10-31 01:00:00,108263.50000000,110012.10000000,108226.60000000,109186.30000000,344240969.70677000
2025-10-31 05:00:00,109186.30000000,110199.00000000,109062.70000000,109400.00000000,201765029.44075000
2025-10-31 09:00:00,109400.00000000,110500.00000000,109159.00000000,110375.60000000,371814015.51455998
2025-10-31 13:00:00,110375.60000000,111163.90000000,109315.80000000,110165.10000000,395437547.70789999
2025-10-31 17:00:00,110165.10000000,110273.20000000,108600.00000000,109802.80000000,574299812.15090001
2025-10-31 21:00:00,109802.80000000,109802.80000000,109290.10000000,109557.30000000,520642547.96404999
2025-11-01 01:00:00,109557.30000000,110299.90000000,109351.50000000,110194.60000000,71388016.86249000
2025-11-01 05:00:00,110194.60000000,110551.30000000,109885.50000000,110021.80000000,143767272.36287999
2025-11-01 09:00:00,110021.80000000,110237.60000000,109803.00000000,110096.20000000,78703573.56119999
2025-11-01 13:00:00,110096.20000000,110300.00000000,109654.60000000,110253.10000000,142085385.28272000
2025-11-01 17:00:00,110253.10000000,110481.30000000,110132.40000000,110248.90000000,143712997.36113000
2025-11-01 21:00:00,110248.90000000,110485.70000000,109803.50000000,110047.20000000,271847365.04398000
2025-11-02 01:00:00,110047.20000000,110234.40000000,109836.70000000,110008.40000000,43247281.89720000
2025-11-02 05:00:00,110008.40000000,110988.00000000,109974.10000000,110844.10000000,268270510.64662001
2025-11-02 09:00:00,110844.10000000,111193.50000000,110308.20000000,111145.30000000,217042863.43836999
2025-11-02 13:00:00,111145.30000000,111202.40000000,110030.00000000,110066.10000000,241507194.38328999
2025-11-02 17:00:00,110066.10000000,110286.20000000,109675.20000000,110125.20000000,219010234.53242999
2025-11-02 21:00:00,110125.20000000,110700.00000000,109380.00000000,110494.90000000,154417806.19566000
2025-11-03 01:00:00,110494.90000000,110710.90000000,107850.00000000,107885.90000000,329814862.57003999
2025-11-03 05:00:00,107885.90000000,108076.70000000,106947.70000000,107426.80000000,395767780.24926001
2025-11-03 09:00:00,107426.80000000,107873.90000000,106694.50000000,107737.30000000,349009751.28328001
2025-11-03 13:00:00,107737.30000000,108280.00000000,105499.90000000,105718.80000000,519240803.85172999
2025-11-03 17:00:00,105718.80000000,107771.30000000,105300.00000000,107034.60000000,339853382.52923000
2025-11-03 21:00:00,107034.60000000,107120.00000000,105757.60000000,106544.00000000,234800757.46650001
2025-11-04 01:00:00,106544.00000000,107255.10000000,105820.00000000,107097.10000000,185584094.41883999
2025-11-04 05:00:00,107097.10000000,107247.80000000,104128.20000000,104442.90000000,342364609.27467000
2025-11-04 09:00:00,104442.90000000,104656.00000000,103555.60000000,104530.70000000,416314225.82801998
2025-11-04 13:00:00,104530.70000000,104800.00000000,102870.00000000,103157.70000000,478921938.42891002
2025-11-04 17:00:00,103157.70000000,103474.10000000,99980.00000000,100506.90000000,818182818.97457004
2025-11-04 21:00:00,100506.90000000,101859.40000000,98888.80000000,101437.30000000,500416054.51371002
2025-11-05 01:00:00,101437.30000000,102221.90000000,98913.00000000,102096.60000000,538807424.52233005
2025-11-05 05:00:00,102096.60000000,102319.60000000,101434.60000000,101946.20000000,238973450.64820999
2025-11-05 09:00:00,101946.20000000,102170.00000000,101132.00000000,102019.30000000,357627197.51933998
2025-11-05 13:00:00,102019.30000000,103749.90000000,101867.90000000,103667.80000000,442505803.88927001
2025-11-05 17:00:00,103667.80000000,104488.40000000,103004.20000000,103950.10000000,263462927.57422000
2025-11-05 21:00:00,103950.10000000,104492.70000000,103248.40000000,103839.30000000,214633432.39245999
2025-11-06 01:00:00,103839.30000000,103912.80000000,102684.60000000,103598.10000000,170764045.73916000
2025-11-06 05:00:00,103598.10000000,104176.70000000,102859.40000000,103138.60000000,221613960.98451999
2025-11-06 09:00:00,103138.60000000,103406.00000000,102611.50000000,103182.60000000,200935599.02366000
2025-11-06 13:00:00,103182.60000000,103585.00000000,101585.80000000,101981.50000000,451323052.96617001
2025-11-06 17:00:00,101981.50000000,102367.90000000,100240.10000000,101335.90000000,469567756.14866000
2025-11-06 21:00:00,101335.90000000,101599.60000000,100500.10000000,101305.60000000,165331805.30518001
2025-11-07 01:00:00,101305.60000000,102305.80000000,100700.20000000,101863.40000000,170672418.87253001
2025-11-07 05:00:00,101863.40000000,102480.40000000,101530.00000000,101978.20000000,161109757.32554001
2025-11-07 09:00:00,101978.20000000,102012.60000000,99755.20000000,100369.20000000,306112349.49873000
2025-11-07 13:00:00,100369.20000000,101230.00000000,99207.90000000,100758.00000000,400398272.53785998
2025-11-07 17:00:00,100758.00000000,103350.70000000,100468.90000000,103350.00000000,339249250.72201997
2025-11-07 21:00:00,103350.00000000,104058.80000000,102890.70000000,103305.20000000,186046168.20364001
2025-11-08 01:00:00,103305.20000000,103373.80000000,102491.70000000,102545.80000000,123506563.93956999
2025-11-08 05:00:00,102545.80000000,102790.90000000,101855.30000000,102302.90000000,193785345.00790000
2025-11-08 09:00:00,102302.90000000,102654.00000000,101660.00000000,101805.70000000,132774902.76158001
2025-11-08 13:00:00,101805.70000000,102142.90000000,101410.60000000,101678.00000000,142568802.67745000
2025-11-08 17:00:00,101678.00000000,102182.70000000,101471.10000000,101938.40000000,129293319.80408999
2025-11-08 21:00:00,101938.40000000,102443.90000000,101906.60000000,102269.20000000,95066584.46719000
2025-11-09 01:00:00,102269.20000000,102294.90000000,101343.00000000,101622.90000000,110125552.57284001
2025-11-09 05:00:00,101622.90000000,102097.00000000,101602.10000000,101898.20000000,168305400.08498001
2025-11-09 09:00:00,101898.20000000,102274.90000000,101457.00000000,102198.10000000,215715222.43191001
2025-11-09 13:00:00,102198.10000000,104166.40000000,102001.00000000,103715.80000000,287463338.28816998
2025-11-09 17:00:00,103715.80000000,104770.20000000,103290.80000000,104765.60000000,243118172.13655999
2025-11-09 21:00:00,104765.60000000,105439.90000000,104034.90000000,104670.70000000,258426657.66270000
2025-11-10 01:00:00,104670.70000000,106652.30000000,104206.00000000,105990.50000000,269015318.05745000
2025-11-10 05:00:00,105990.50000000,106498.90000000,105800.00000000,106417.70000000,181279198.63497999
2025-11-10 09:00:00,106417.70000000,106569.80000000,105779.80000000,106136.50000000,282772940.18857998
2025-11-10 13:00:00,106136.50000000,106557.10000000,104616.90000000,105028.90000000,393363596.92802000
2025-11-10 17:00:00,105028.90000000,106049.00000000,104735.60000000,105767.20000000,219413604.31264001
2025-11-10 21:00:00,105767.20000000,106247.10000000,105202.90000000,105966.30000000,129072315.32109000
2025-11-11 01:00:00,105966.30000000,107473.70000000,105451.10000000,106407.30000000,292070632.33902001
2025-11-11 05:00:00,106407.30000000,106496.60000000,104690.60000000,104737.10000000,418334948.90109003
2025-11-11 09:00:00,104737.10000000,105463.60000000,104718.20000000,105256.20000000,245856831.20694000
2025-11-11 13:00:00,105256.20000000,105456.00000000,103135.20000000,103417.20000000,481866154.34202999
2025-11-11 17:00:00,103417.20000000,103694.90000000,102781.30000000,103073.60000000,332353683.60574001
2025-11-11 21:00:00,103073.60000000,103183.80000000,102429.20000000,103004.70000000,168677624.04725999
2025-11-12 01:00:00,103004.70000000,103399.40000000,102629.50000000,103267.20000000,119953361.18858001
2025-11-12 05:00:00,103267.20000000,103605.00000000,102963.40000000,103066.80000000,164821541.10896999
2025-11-12 09:00:00,103066.80000000,105162.60000000,103066.70000000,104979.90000000,377358776.21373999
2025-11-12 13:00:00,104979.90000000,105297.00000000,101900.40000000,102124.80000000,478421957.17856002
2025-11-12 17:00:00,102124.80000000,102249.30000000,100717.20000000,101245.30000000,410452553.00897998
2025-11-12 21:00:00,101245.30000000,101956.10000000,101087.80000000,101605.90000000,145834311.83197001
2025-11-13 01:00:00,101605.90000000,102576.80000000,100861.20000000,102088.10000000,191157856.34617001
2025-11-13 05:00:00,102088.10000000,104023.50000000,101606.90000000,103430.90000000,274697635.49671000
2025-11-13 09:00:00,103430.90000000,103765.40000000,102515.10000000,102900.10000000,305207566.49394000
2025-11-13 13:00:00,102900.10000000,103447.80000000,101134.60000000,101338.00000000,428354831.16905999
2025-11-13 17:00:00,101338.00000000,101495.70000000,98100.10000000,98640.60000000,716586036.61043000
2025-11-13 21:00:00,98640.60000000,100479.10000000,97963.80000000,99654.10000000,487403796.17220002
2025-11-14 01:00:00,99654.10000000,99827.60000000,98658.00000000,99103.20000000,256662606.80024999
2025-11-14 05:00:00,99103.20000000,99152.00000000,95871.90000000,97099.90000000,522437749.96733999
2025-11-14 09:00:00,97099.90000000,97520.00000000,95632.30000000,96134.50000000,277511425.37952000
2025-11-14 13:00:00,96134.50000000,97279.90000000,94500.00000000,96752.60000000,590187525.61409998
2025-11-14 17:00:00,96752.60000000,97377.60000000,94741.20000000,95737.40000000,405095452.27379000
2025-11-14 21:00:00,95737.40000000,95900.00000000,93957.20000000,94544.90000000,372641406.66327000
2025-11-15 01:00:00,94544.90000000,96795.30000000,94523.90000000,96388.50000000,169961194.05959001
2025-11-15 05:00:00,96388.50000000,96544.50000000,95900.80000000,96289.40000000,101226903.07896000
2025-11-15 09:00:00,96289.40000000,96310.40000000,95587.80000000,95657.30000000,92259663.15622000
2025-11-15 13:00:00,95657.30000000,96439.60000000,95534.10000000,96222.10000000,132240744.77445000
2025-11-15 17:00:00,96222.10000000,96362.50000000,95677.70000000,95967.70000000,182356780.20135000
2025-11-15 21:00:00,95967.70000000,95979.10000000,95074.80000000,95560.30000000,108380530.27951001
2025-11-16 01:00:00,95560.30000000,95946.40000000,94805.00000000,95782.10000000,108567301.66009000
2025-11-16 05:00:00,95782.10000000,96165.10000000,95602.10000000,96064.70000000,174699304.67921999
2025-11-16 09:00:00,96064.70000000,96600.00000000,95454.70000000,95588.10000000,165748373.02212000
2025-11-16 13:00:00,95588.10000000,95870.00000000,94314.30000000,94531.20000000,210815702.97132000
2025-11-16 17:00:00,94531.20000000,95544.80000000,93710.00000000,93991.70000000,357078708.72345001
2025-11-16 21:00:00,93991.70000000,94700.00000000,92954.20000000,94221.70000000,308113354.98343003
2025-11-17 01:00:00,94221.70000000,95539.20000000,93730.00000000,95469.90000000,211763995.65577000
2025-11-17 05:00:00,95469.90000000,95837.60000000,94850.00000000,95587.80000000,212927593.93946999
2025-11-17 09:00:00,95587.80000000,95974.70000000,95268.90000000,95530.00000000,168602578.17467999
2025-11-17 13:00:00,95530.00000000,96007.40000000,93525.00000000,93915.80000000,468827754.43172002
2025-11-17 17:00:00,93915.80000000,94388.00000000,91555.00000000,91656.20000000,516593626.25533003
2025-11-17 21:00:00,91656.20000000,92365.00000000,91250.10000000,92169.70000000,282237771.62402999
2025-11-18 01:00:00,92169.70000000,92325.80000000,89670.80000000,90822.20000000,491258257.43208998
2025-11-18 05:00:00,90822.20000000,90842.00000000,89136.20000000,90460.80000000,322337788.47747999
2025-11-18 09:00:00,90460.80000000,91566.40000000,90459.10000000,91476.20000000,388301480.39731997
2025-11-18 13:00:00,91476.20000000,92991.60000000,90888.00000000,92851.50000000,431633657.09947002
2025-11-18 17:00:00,92851.50000000,93786.10000000,92532.00000000,93143.10000000,270526187.90490001
2025-11-18 21:00:00,93143.10000000,93398.50000000,92420.30000000,92916.90000000,196462747.75136000
2025-11-19 01:00:00,92916.90000000,92944.80000000,91615.00000000,91842.20000000,171534930.92240000
2025-11-19 05:00:00,91842.20000000,91987.20000000,89969.60000000,91826.70000000,294392124.01696998
2025-11-19 09:00:00,91826.70000000,91920.00000000,91038.90000000,91372.30000000,202305987.17478001
2025-11-19 13:00:00,91372.30000000,92347.00000000,89822.00000000,89904.60000000,388930936.10873997
2025-11-19 17:00:00,89904.60000000,90196.20000000,88600.00000000,88857.70000000,449830151.98774999
2025-11-19 21:00:00,88857.70000000,91555.00000000,88573.60000000,91509.00000000,307811905.23676002
2025-11-20 01:00:00,91509.00000000,92760.00000000,91140.20000000,92400.10000000,210278329.63242999
2025-11-20 05:00:00,92400.10000000,93133.40000000,91643.30000000,92267.40000000,222645152.23874000
2025-11-20 09:00:00,92267.40000000,92363.10000000,91394.10000000,91892.70000000,206000514.72650000
2025-11-20 13:00:00,91892.70000000,92485.20000000,89804.10000000,89835.50000000,430613461.38665003
2025-11-20 17:00:00,89835.50000000,89885.70000000,86066.50000000,86880.20000000,768870324.56394005
2025-11-20 21:00:00,86880.20000000,88214.10000000,86291.70000000,86601.30000000,282865428.78874999
2025-11-21 01:00:00,86601.30000000,87465.30000000,85304.50000000,85782.50000000,346312627.76472002
2025-11-21 05:00:00,85782.50000000,86313.20000000,81207.20000000,84006.60000000,456108265.71916997
2025-11-21 09:00:00,84006.60000000,84665.60000000,81604.30000000,82288.90000000,476989362.88160002
2025-11-21 13:00:00,82288.90000000,85449.10000000,80600.00000000,82905.00000000,731268731.39876997
2025-11-21 17:00:00,82905.00000000,85546.10000000,82300.00000000,84167.20000000,443105631.15726000
2025-11-21 21:00:00,84167.20000000,85374.50000000,83418.40000000,85093.50000000,202847193.23221999
2025-11-22 01:00:00,85093.50000000,85586.90000000,84180.00000000,84414.10000000,126518375.31361000
2025-11-22 05:00:00,84414.10000000,84764.30000000,83792.00000000,84537.30000000,126997906.77000999
2025-11-22 09:00:00,84537.30000000,84546.40000000,83456.10000000,84059.20000000,307936637.25198001
2025-11-22 13:00:00,84059.20000000,84712.50000000,83578.50000000,84239.90000000,156555779.64482000
2025-11-22 17:00:00,84239.90000000,84866.00000000,84175.00000000,84566.80000000,134651238.58779001
2025-11-22 21:00:00,84566.80000000,85225.00000000,84195.40000000,84689.40000000,112289512.78668000
2025-11-23 01:00:00,84689.40000000,86300.00000000,84622.00000000,86260.90000000,154040781.83732000
2025-11-23 05:00:00,86260.90000000,86822.70000000,85366.20000000,85742.80000000,210998604.54874000
2025-11-23 09:00:00,85742.80000000,86428.90000000,85724.70000000,86290.30000000,180171488.75643000
2025-11-23 13:00:00,86290.30000000,87203.80000000,86222.00000000,87042.80000000,204660202.84343001
2025-11-23 17:00:00,87042.80000000,87639.30000000,86458.00000000,87276.60000000,281621158.22588998
2025-11-23 21:00:00,87276.60000000,88100.00000000,86700.90000000,86807.60000000,167584297.40937001
2025-11-24 01:00:00,86807.60000000,88020.00000000,85915.00000000,87408.80000000,298421672.91099000
2025-11-24 05:00:00,87408.80000000,87795.90000000,86400.00000000,87004.70000000,188095618.22250000
2025-11-24 09:00:00,87004.70000000,87004.60000000,85662.50000000,86232.60000000,200483474.03389001
2025-11-24 13:00:00,86232.60000000,86700.00000000,85226.40000000,86571.10000000,344182787.87474000
2025-11-24 17:00:00,86571.10000000,88787.90000000,86571.00000000,88277.00000000,426554742.58253002
2025-11-24 21:00:00,88277.00000000,89177.30000000,88205.30000000,88247.10000000,227816689.52063000
2025-11-25 01:00:00,88247.10000000,88247.10000000,87407.20000000,87775.10000000,187261465.68897000
2025-11-25 05:00:00,87775.10000000,88477.50000000,87301.40000000,87362.10000000,200688618.03024000
2025-11-25 09:00:00,87362.10000000,87585.60000000,86631.20000000,87311.90000000,184571437.45694000
2025-11-25 13:00:00,87311.90000000,87723.20000000,86061.20000000,86946.60000000,407266081.27995002
2025-11-25 17:00:00,86946.60000000,88115.00000000,86133.00000000,86835.00000000,334710328.92457002
2025-11-25 21:00:00,86835.00000000,87861.30000000,86542.00000000,87324.10000000,165953167.36728001
2025-11-26 01:00:00,87324.10000000,88200.00000000,87031.20000000,87088.40000000,197352023.85695001
2025-11-26 05:00:00,87088.40000000,87936.70000000,86851.60000000,87896.10000000,93351314.54266000
2025-11-26 09:00:00,87896.10000000,87905.40000000,86630.00000000,87049.10000000,145176190.05127999
2025-11-26 13:00:00,87049.10000000,87646.80000000,86260.90000000,86926.30000000,302995804.93300998
2025-11-26 17:00:00,86926.30000000,90362.70000000,86914.60000000,89923.30000000,490701161.86877000
2025-11-26 21:00:00,89923.30000000,90598.80000000,89468.20000000,90440.10000000,167171495.26543000
2025-11-27 01:00:00,90440.10000000,91847.70000000,90025.40000000,91049.30000000,236835299.66615999
2025-11-27 05:00:00,91049.30000000,91512.20000000,90851.80000000,91361.50000000,120557091.25030001
2025-11-27 09:00:00,91361.50000000,91908.60000000,91176.90000000,91334.90000000,137230526.53051001
2025-11-27 13:00:00,91334.90000000,91418.40000000,90410.60000000,90912.90000000,191435567.87336999
2025-11-27 17:00:00,90912.90000000,91800.00000000,90800.40000000,91489.10000000,175412708.32701001
2025-11-27 21:00:00,91489.10000000,91562.90000000,91058.40000000,91292.20000000,91197621.20010000
2025-11-28 01:00:00,91292.20000000,91386.60000000,90612.20000000,91168.00000000,104774637.14714000
2025-11-28 05:00:00,91168.00000000,91689.90000000,90824.20000000,90870.10000000,111946604.60055000
2025-11-28 09:00:00,90870.10000000,91984.40000000,90863.60000000,91382.90000000,206563657.33408001
2025-11-28 13:00:00,91382.90000000,93064.10000000,91327.80000000,92299.90000000,401556833.11861002
2025-11-28 17:00:00,92299.90000000,92323.60000000,90156.20000000,91106.10000000,342543017.04553998
2025-11-28 21:00:00,91106.10000000,91206.00000000,90657.60000000,90847.90000000,74499500.06523000
2025-11-29 01:00:00,90847.90000000,91078.40000000,90500.00000000,90638.10000000,59348490.20140000
2025-11-29 05:00:00,90638.10000000,90884.80000000,90266.00000000,90523.50000000,145932883.26313001
2025-11-29 09:00:00,90523.50000000,90691.50000000,90335.30000000,90633.80000000,142997854.62575999
2025-11-29 13:00:00,90633.80000000,91068.10000000,90484.30000000,91030.00000000,72754056.82043999
2025-11-29 17:00:00,91030.00000000,91130.00000000,90105.00000000,90603.00000000,134901279.12922999
2025-11-29 21:00:00,90603.00000000,91019.80000000,90363.00000000,90765.00000000,59696722.07167000
2025-11-30 01:00:00,90765.00000000,91016.00000000,90414.10000000,90872.90000000,52957946.62228000
2025-11-30 05:00:00,90872.90000000,90999.40000000,90626.20000000,90924.50000000,159360034.05726999
2025-11-30 09:00:00,90924.50000000,91580.00000000,90880.70000000,91000.90000000,118330936.99598999
2025-11-30 13:00:00,91000.90000000,91932.30000000,90960.00000000,91405.90000000,149036392.92811000
2025-11-30 17:00:00,91405.90000000,91818.90000000,91106.80000000,91423.10000000,98293778.60126001
2025-11-30 21:00:00,91423.10000000,91586.70000000,90300.00000000,90320.50000000,127176521.44537000
2025-12-01 01:00:00,90320.50000000,90382.50000000,86138.60000000,86319.20000000,510955126.97319001
2025-12-01 05:00:00,86319.20000000,86524.60000000,85572.60000000,86497.70000000,245626844.44654000
2025-12-01 09:00:00,86497.70000000,86886.00000000,86090.00000000,86100.10000000,299663801.80286998
2025-12-01 13:00:00,86100.10000000,86625.00000000,83789.40000000,84649.90000000,676934795.76452005
2025-12-01 17:00:00,84649.90000000,85528.00000000,84011.00000000,84987.90000000,325361017.51928997
2025-12-01 21:00:00,84987.90000000,86817.00000000,84966.80000000,86241.60000000,301368287.32661998
2025-12-02 01:00:00,86241.60000000,87332.90000000,86140.10000000,86935.90000000,187294637.41282001
2025-12-02 05:00:00,86935.90000000,87242.80000000,86772.00000000,86965.10000000,118625883.37868001
2025-12-02 09:00:00,86965.10000000,87580.10000000,86322.00000000,87326.90000000,199772381.24978000
2025-12-02 13:00:00,87326.90000000,91179.60000000,87005.00000000,90809.20000000,654326412.02386999
2025-12-02 17:00:00,90809.20000000,92266.10000000,90177.30000000,91850.00000000,408551398.40300000
2025-12-02 21:00:00,91850.00000000,91961.50000000,90667.80000000,91249.10000000,257120225.10771000
2025-12-03 01:00:00,91249.10000000,93058.50000000,90957.20000000,92589.30000000,246081046.28321999
2025-12-03 05:00:00,92589.30000000,93916.10000000,92578.00000000,92969.90000000,319428614.81626999
2025-12-03 09:00:00,92969.90000000,93338.40000000,92607.40000000,92957.60000000,214156097.18546000
2025-12-03 13:00:00,92957.60000000,93651.40000000,91643.30000000,92332.90000000,468511237.00051999
2025-12-03 17:00:00,92332.90000000,93471.20000000,91735.80000000,92988.00000000,259866870.53382999
2025-12-03 21:00:00,92988.00000000,94147.10000000,92784.30000000,93376.80000000,207918790.09287000
2025-12-04 01:00:00,93376.80000000,94038.80000000,92628.00000000,93499.90000000,208512310.89181000
2025-12-04 05:00:00,93499.90000000,93549.20000000,92737.00000000,93358.60000000,106876093.11179000
2025-12-04 09:00:00,93358.60000000,93590.20000000,92675.80000000,92894.90000000,298296341.74453002
2025-12-04 13:00:00,92894.90000000,93233.60000000,91764.70000000,92935.00000000,306044503.48569000
2025-12-04 17:00:00,92935.00000000,93143.40000000,90840.00000000,91941.50000000,354149325.72376001
2025-12-04 21:00:00,91941.50000000,92676.80000000,91650.00000000,92034.70000000,135049145.06518000
2025-12-05 01:00:00,92034.70000000,92665.40000000,91918.80000000,92104.90000000,112783147.12881000
2025-12-05 05:00:00,92104.90000000,92455.40000000,91750.60000000,92219.30000000,122503520.61092000
2025-12-05 09:00:00,92219.30000000,92227.60000000,90940.40000000,91307.90000000,176003274.59198999
2025-12-05 13:00:00,91307.90000000,91445.20000000,89870.00000000,90413.90000000,459085613.28838003
2025-12-05 17:00:00,90413.90000000,90460.00000000,87999.70000000,89590.40000000,524722131.24182999
2025-12-05 21:00:00,89590.40000000,89706.00000000,88859.30000000,89288.50000000,92834409.20523000
2025-12-06 01:00:00,89288.50000000,89757.80000000,88999.50000000,89636.50000000,83629310.27470000
2025-12-06 05:00:00,89636.50000000,89717.30000000,89410.80000000,89549.60000000,84040816.32182001
2025-12-06 09:00:00,89549.60000000,89679.00000000,89175.10000000,89585.50000000,200108359.75757000
2025-12-06 13:00:00,89585.50000000,90250.10000000,89430.30000000,89713.40000000,127168359.35916001
2025-12-06 17:00:00,89713.40000000,89940.30000000,89214.20000000,89369.50000000,77010325.31946000
2025-12-06 21:00:00,89369.50000000,89578.30000000,88870.20000000,89194.50000000,66392471.60333000
2025-12-07 01:00:00,89194.50000000,89704.50000000,89131.50000000,89675.70000000,56018324.26171000
2025-12-07 05:00:00,89675.70000000,89750.00000000,89154.90000000,89337.00000000,135301394.60859001
2025-12-07 09:00:00,89337.00000000,89494.40000000,89013.90000000,89109.40000000,156024575.56948999
2025-12-07 13:00:00,89109.40000000,89678.10000000,87688.00000000,89504.90000000,290780199.31468999
2025-12-07 17:00:00,89504.90000000,91720.80000000,89065.20000000,91379.80000000,286455976.49339998
2025-12-07 21:00:00,91379.80000000,91473.20000000,88889.80000000,90345.30000000,240512888.25731000
2025-12-08 01:00:00,90345.30000000,91650.00000000,89806.40000000,91039.30000000,164332474.31891000
2025-12-08 05:00:00,91039.30000000,91841.00000000,90979.20000000,91519.80000000,120525410.32965000
2025-12-08 09:00:00,91519.80000000,92254.90000000,91436.50000000,91923.50000000,138647485.14890000
2025-12-08 13:00:00,91923.50000000,92100.00000000,89555.90000000,89912.60000000,452419748.43962002
2025-12-08 17:00:00,89912.60000000,90471.60000000,89629.10000000,90073.70000000,270492961.41102999
2025-12-08 21:00:00,90073.70000000,91336.20000000,90073.60000000,90600.60000000,179545165.20039001
2025-12-09 01:00:00,90600.60000000,90810.90000000,89778.80000000,90364.10000000,122588592.10326000
2025-12-09 05:00:00,90364.10000000,90485.80000000,89413.60000000,90449.90000000,194335488.05309999
2025-12-09 09:00:00,90449.90000000,90580.30000000,89869.40000000,90341.90000000,140757633.01019001
2025-12-09 13:00:00,90341.90000000,92855.70000000,89953.00000000,92683.20000000,425990134.82396001
2025-12-09 17:00:00,92683.20000000,94555.00000000,92656.60000000,93761.90000000,469235137.38936001
2025-12-09 21:00:00,93761.90000000,93819.10000000,92199.00000000,92638.30000000,228578798.25542000
2025-12-10 01:00:00,92638.30000000,92748.20000000,91914.70000000,92365.90000000,152355529.76824000
2025-12-10 05:00:00,92365.90000000,92745.00000000,92339.90000000,92744.70000000,129657277.74591000
2025-12-10 09:00:00,92744.70000000,93222.30000000,91723.70000000,92085.40000000,301153455.91750997
2025-12-10 13:00:00,92085.40000000,92191.10000000,91522.00000000,92021.80000000,206023784.45587999
2025-12-10 17:00:00,92021.80000000,93210.20000000,91616.50000000,92913.80000000,461436112.74083000
2025-12-10 21:00:00,92913.80000000,94441.60000000,91825.00000000,91977.60000000,390720222.04873002
2025-12-11 01:00:00,91977.60000000,92046.30000000,89346.60000000,89833.20000000,335607293.54123998
2025-12-11 05:00:00,89833.20000000,90445.80000000,89641.20000000,90231.30000000,112535922.02901000
2025-12-11 09:00:00,90231.30000000,90473.70000000,89931.10000000,90195.30000000,241595628.65256000
2025-12-11 13:00:00,90195.30000000,90608.20000000,89228.80000000,89830.00000000,358234514.48942000
2025-12-11 17:00:00,89830.00000000,91499.00000000,89288.00000000,90793.50000000,333600313.13345999
2025-12-11 21:00:00,90793.50000000,93538.80000000,90749.60000000,92479.80000000,360239637.22262001
2025-12-12 01:00:00,92479.80000000,92710.50000000,91406.50000000,92231.40000000,165820325.49522999
2025-12-12 05:00:00,92231.40000000,92685.50000000,92028.40000000,92389.60000000,88237761.66520999
2025-12-12 09:00:00,92389.60000000,92600.00000000,92050.00000000,92381.50000000,91742681.59416001
2025-12-12 13:00:00,92381.50000000,92630.00000000,89739.20000000,89878.30000000,402909671.45372999
2025-12-12 17:00:00,89878.30000000,90617.70000000,89429.00000000,90147.40000000,337493780.66536999
2025-12-12 21:00:00,90147.40000000,90357.50000000,89843.00000000,90229.70000000,80595637.37666000
2025-12-13 01:00:00,90229.70000000,90431.70000000,90077.00000000,90300.10000000,45239122.45941000
2025-12-13 05:00:00,90300.10000000,90379.50000000,90226.80000000,90286.00000000,116741784.19514000
2025-12-13 09:00:00,90286.00000000,90599.00000000,90239.00000000,90298.50000000,220663222.88374001
2025-12-13 13:00:00,90298.50000000,90441.90000000,89887.90000000,90055.40000000,153594420.14680001
2025-12-13 17:00:00,90055.40000000,90236.60000000,89944.00000000,90150.90000000,58204402.07965000
2025-12-13 21:00:00,90150.90000000,90248.00000000,89712.00000000,90196.90000000,67878371.75227000
2025-12-14 01:00:00,90196.90000000,90440.00000000,90076.40000000,90222.40000000,52617776.88075000
2025-12-14 05:00:00,90222.40000000,90299.90000000,90005.80000000,90205.10000000,78579298.46562000
2025-12-14 09:00:00,90205.10000000,90250.00000000,88538.70000000,89308.20000000,275122049.97501999
2025-12-14 13:00:00,89308.20000000,89630.80000000,88830.80000000,88985.20000000,165659204.82249999
2025-12-14 17:00:00,88985.20000000,89370.10000000,88437.40000000,88598.70000000,188407336.85247999
2025-12-14 21:00:00,88598.70000000,88776.50000000,87519.70000000,88115.10000000,192972863.69929001
2025-12-15 01:00:00,88115.10000000,89970.40000000,88025.30000000,89239.90000000,216143336.89241999
2025-12-15 05:00:00,89239.90000000,89880.00000000,89229.50000000,89702.90000000,92119250.65119000
2025-12-15 09:00:00,89702.90000000,89939.90000000,89525.00000000,89606.00000000,96538074.14113000
2025-12-15 13:00:00,89606.00000000,89845.00000000,86578.30000000,86996.70000000,545567621.87363005
2025-12-15 17:00:00,86996.70000000,87189.90000000,85084.10000000,86104.20000000,432698347.42620999
2025-12-15 21:00:00,86104.20000000,86428.00000000,85494.60000000,86390.00000000,169013898.90221000
2025-12-16 01:00:00,86390.00000000,86478.60000000,85341.20000000,85837.60000000,146790983.99928001
2025-12-16 05:00:00,85837.60000000,86575.00000000,85226.10000000,85964.80000000,140740264.26971000
2025-12-16 09:00:00,85964.80000000,87294.30000000,85874.60000000,87216.60000000,182890830.00977001
2025-12-16 13:00:00,87216.60000000,88141.20000000,86061.90000000,87940.30000000,474530643.95039999
2025-12-16 17:00:00,87940.30000000,88012.50000000,87015.80000000,87538.70000000,262229057.41699001
2025-12-16 21:00:00,87538.70000000,87900.00000000,87297.90000000,87826.30000000,82356612.15071000
2025-12-17 01:00:00,87826.30000000,87925.80000000,87109.70000000,87178.10000000,105139705.45736000
2025-12-17 05:00:00,87178.10000000,87360.30000000,86178.40000000,87010.50000000,199781010.54328001
2025-12-17 09:00:00,87010.50000000,87100.10000000,86201.00000000,86939.30000000,139806486.97479001
2025-12-17 13:00:00,86939.30000000,90356.30000000,86768.70000000,87198.40000000,708175661.34178996
2025-12-17 17:00:00,87198.40000000,87737.30000000,85272.70000000,85982.60000000,450640441.88537002
2025-12-17 21:00:00,85982.60000000,86411.00000000,85630.00000000,86201.60000000,143460251.47266001
2025-12-18 01:00:00,86201.60000000,86836.20000000,85820.60000000,86575.10000000,108737087.98597001
2025-12-18 05:00:00,86575.10000000,86850.00000000,86330.40000000,86787.50000000,86582734.73957001
2025-12-18 09:00:00,86787.50000000,87406.60000000,86640.50000000,87235.20000000,131850478.15344000
2025-12-18 13:00:00,87235.20000000,89448.00000000,87068.00000000,88480.80000000,599164029.77348995
2025-12-18 17:00:00,88480.80000000,88500.00000000,84432.60000000,84447.10000000,582281485.89462996
2025-12-18 21:00:00,84447.10000000,85796.50000000,84413.20000000,85469.70000000,194413576.62823001
2025-12-19 01:00:00,85469.70000000,87544.00000000,85078.60000000,86866.80000000,202799587.14210999
2025-12-19 05:00:00,86866.80000000,88365.40000000,86651.90000000,87913.90000000,199399772.20640001
2025-12-19 09:00:00,87913.90000000,88345.10000000,87700.00000000,88158.80000000,148090034.37939000
2025-12-19 13:00:00,88158.80000000,89374.60000000,87492.10000000,87925.70000000,438613338.42264998
2025-12-19 17:00:00,87925.70000000,88866.20000000,86808.00000000,87812.90000000,305656291.17984998
2025-12-19 21:00:00,87812.90000000,88394.40000000,87569.50000000,88100.10000000,106859181.94781999
2025-12-20 01:00:00,88100.10000000,88294.80000000,87927.00000000,88165.40000000,41766395.91713000
2025-12-20 05:00:00,88165.40000000,88538.80000000,88066.40000000,88239.90000000,132864991.53174999
2025-12-20 09:00:00,88239.90000000,88397.80000000,88063.80000000,88243.60000000,189475195.09558001
2025-12-20 13:00:00,88243.60000000,88319.50000000,87770.30000000,88134.50000000,192723846.38942999
2025-12-20 17:00:00,88134.50000000,88384.40000000,88060.00000000,88196.40000000,84826070.95998000
2025-12-20 21:00:00,88196.40000000,88419.90000000,88111.10000000,88320.70000000,125931685.70849000
2025-12-21 01:00:00,88320.70000000,88400.00000000,87821.10000000,88043.30000000,95843800.90900999
2025-12-21 05:00:00,88043.30000000,88174.50000000,88010.00000000,88139.40000000,98887699.57704000
2025-12-21 09:00:00,88139.40000000,89048.70000000,88102.60000000,88570.70000000,286047377.61585999
2025-12-21 13:00:00,88570.70000000,88885.90000000,87548.30000000,88024.70000000,320688301.19269001
2025-12-21 17:00:00,88024.70000000,88584.00000000,87902.00000000,88448.20000000,123405564.92742001
2025-12-21 21:00:00,88448.20000000,88786.80000000,88047.40000000,88621.30000000,76270735.94709000
2025-12-22 01:00:00,88621.30000000,89599.90000000,87845.00000000,88727.40000000,235762641.47826001
2025-12-22 05:00:00,88727.40000000,89167.30000000,88665.30000000,89127.70000000,77344098.59968001
2025-12-22 09:00:00,89127.70000000,90085.00000000,89050.10000000,89905.20000000,218498210.57126001
2025-12-22 13:00:00,89905.20000000,90575.50000000,89133.90000000,89688.60000000,417051691.82964998
2025-12-22 17:00:00,89688.60000000,90087.90000000,87916.90000000,88011.00000000,279332470.19752002
2025-12-22 21:00:00,88011.00000000,88792.00000000,87872.50000000,88581.40000000,163328952.47863999
2025-12-23 01:00:00,88581.40000000,88904.50000000,87741.00000000,88138.00000000,162493392.06902999
2025-12-23 05:00:00,88138.00000000,88342.00000000,86989.30000000,87531.30000000,210151053.78538001
2025-12-23 09:00:00,87531.30000000,87852.00000000,87267.20000000,87813.80000000,159856356.13323000
2025-12-23 13:00:00,87813.80000000,87914.20000000,86537.30000000,87405.20000000,357788367.98619998
2025-12-23 17:00:00,87405.20000000,88247.70000000,87121.40000000,87724.20000000,275519369.18719000
2025-12-23 21:00:00,87724.20000000,88349.20000000,87144.90000000,87463.00000000,130672444.98970000
2025-12-24 01:00:00,87463.00000000,87813.20000000,86818.00000000,87311.50000000,109840801.46352001
2025-12-24 05:00:00,87311.50000000,87430.00000000,86743.70000000,86866.40000000,106659112.47573000
2025-12-24 09:00:00,86866.40000000,87316.70000000,86676.90000000,87162.50000000,109411825.00363000
2025-12-24 13:00:00,87162.50000000,87450.00000000,86374.80000000,87011.90000000,279948430.19705999
2025-12-24 17:00:00,87011.90000000,87657.80000000,86878.30000000,87521.30000000,128029691.20387000
2025-12-24 21:00:00,87521.30000000,88018.20000000,87484.60000000,87627.40000000,81332177.92858000
2025-12-25 01:00:00,87627.40000000,87933.50000000,87471.30000000,87811.50000000,55657833.79701000
2025-12-25 05:00:00,87811.50000000,87830.00000000,87617.10000000,87795.90000000,38353387.50673000
2025-12-25 09:00:00,87795.90000000,87858.80000000,87219.00000000,87485.30000000,88025501.75455000
2025-12-25 13:00:00,87485.30000000,88568.40000000,87360.70000000,88337.70000000,156478425.74742001
2025-12-25 17:00:00,88337.70000000,88451.30000000,87947.80000000,88112.30000000,102811674.02185000
2025-12-25 21:00:00,88112.30000000,88139.20000000,86903.10000000,87182.70000000,149745223.72259000
2025-12-26 01:00:00,87182.70000000,89427.70000000,86835.20000000,88796.10000000,273079055.94076997
2025-12-26 05:00:00,88796.10000000,89531.00000000,88301.00000000,88432.90000000,161172053.61690000
2025-12-26 09:00:00,88432.90000000,88888.00000000,88380.00000000,88507.50000000,94873146.75067000
2025-12-26 13:00:00,88507.50000000,89025.10000000,86620.00000000,87100.00000000,357206128.07344002
2025-12-26 17:00:00,87100.00000000,87545.40000000,86774.90000000,87453.80000000,144747655.30634999
2025-12-26 21:00:00,87453.80000000,87749.90000000,87269.90000000,87318.20000000,69451360.73316000
2025-12-27 01:00:00,87318.20000000,87493.40000000,87203.00000000,87473.30000000,35994679.14468000
2025-12-27 05:00:00,87473.30000000,87669.70000000,87374.50000000,87490.90000000,180418749.97404000
2025-12-27 09:00:00,87490.90000000,87634.90000000,87324.70000000,87433.60000000,100666351.04936001
2025-12-27 13:00:00,87433.60000000,87555.00000000,87266.40000000,87510.20000000,44641308.51191000
2025-12-27 17:00:00,87510.20000000,87545.60000000,87397.50000000,87522.30000000,40619800.75758000
2025-12-27 21:00:00,87522.30000000,87954.90000000,87455.50000000,87829.50000000,68894547.42896999
2025-12-28 01:00:00,87829.50000000,87921.70000000,87674.40000000,87693.00000000,46110672.72776000
2025-12-28 05:00:00,87693.00000000,87801.60000000,87566.80000000,87697.60000000,56629987.56078000
2025-12-28 09:00:00,87697.60000000,87980.90000000,87676.40000000,87850.80000000,363106782.71591002
2025-12-28 13:00:00,87850.80000000,88072.30000000,87762.70000000,87797.60000000,137943788.18009001
2025-12-28 17:00:00,87797.60000000,87902.70000000,87467.90000000,87488.60000000,83951578.65915000
2025-12-28 21:00:00,87488.60000000,88023.30000000,87402.70000000,87920.40000000,85787636.89771000
2025-12-29 01:00:00,87920.40000000,90146.30000000,87778.50000000,90085.00000000,349186869.18361998
2025-12-29 05:00:00,90085.00000000,90373.40000000,89467.30000000,89583.10000000,199000626.41060999
2025-12-29 09:00:00,89583.10000000,89791.50000000,87520.10000000,87529.10000000,321279463.72253001
2025-12-29 13:00:00,87529.10000000,88150.00000000,86760.10000000,87638.70000000,387497499.37759000
2025-12-29 17:00:00,87638.70000000,87968.10000000,87274.60000000,87329.00000000,167167480.83924001
2025-12-29 21:00:00,87329.00000000,87569.20000000,87044.10000000,87203.20000000,108936427.32190999
2025-12-30 01:00:00,87203.20000000,87393.00000000,86790.60000000,87334.70000000,109412746.37667000
2025-12-30 05:00:00,87334.70000000,87574.00000000,87105.60000000,87457.50000000,73996556.94987001
2025-12-30 09:00:00,87457.50000000,88187.40000000,87455.50000000,87875.50000000,179520631.67796999
2025-12-30 13:00:00,87875.50000000,89117.20000000,87789.90000000,88966.80000000,351545951.76243329
2025-12-30 17:00:00,88966.80000000,89355.30000000,87915.00000000,88189.70000000,267114008.81964248
2025-12-30 21:00:00,88189.70000000,88533.00000000,87837.00000000,88455.20000000,87721857.21998000
2025-12-31 01:00:00,88455.20000000,88780.00000000,88134.90000000,88411.60000000,91997984.07025000
2025-12-31 05:00:00,88411.60000000,88596.10000000,88280.10000000,88569.00000000,46584939.92426000
2025-12-31 09:00:00,88569.00000000,89000.00000000,88339.90000000,88967.60000000,107698443.31272000
2025-12-31 13:00:00,88967.60000000,89191.10000000,87742.90000000,87908.90000000,261767008.53397000
2025-12-31 17:00:00,87908.90000000,88024.30000000,87363.20000000,87515.10000000,180923314.47703999
2025-12-31 21:00:00,87515.10000000,87849.70000000,87214.50000000,87608.30000000,93853022.55562000
2026-01-01 01:00:00,87608.30000000,88065.00000000,87600.10000000,87818.60000000,58186558.48510000
2026-01-01 05:00:00,87818.60000000,87831.60000000,87515.60000000,87603.70000000,41321509.73111000
2026-01-01 09:00:00,87603.70000000,87984.00000000,87590.00000000,87980.10000000,50231791.59056000
2026-01-01 13:00:00,87980.10000000,88075.10000000,87758.40000000,87986.80000000,63897368.61722000
2026-01-01 17:00:00,87986.80000000,88475.80000000,87833.10000000,88354.70000000,99208148.76837000
2026-01-01 21:00:00,88354.70000000,88881.40000000,88193.40000000,88799.90000000,87859581.30684000
2026-01-02 01:00:00,88799.90000000,89088.00000000,88324.70000000,88900.00000000,130763260.16960999
2026-01-02 05:00:00,88900.00000000,89052.70000000,88533.60000000,88829.20000000,82409173.39167000
2026-01-02 09:00:00,88829.20000000,89900.00000000,88780.00000000,89458.30000000,201727180.64980999
2026-01-02 13:00:00,89458.30000000,90126.50000000,88432.00000000,89373.10000000,435140417.90886998
2026-01-02 17:00:00,89373.10000000,90933.40000000,89155.10000000,89862.00000000,539679516.24598634
2026-01-02 21:00:00,89862.00000000,90364.70000000,89588.00000000,89951.40000000,102803317.52144954
2026-01-03 01:00:00,89951.40000000,90365.90000000,89914.50000000,90279.90000000,57492462.05195000
2026-01-03 05:00:00,90279.90000000,90449.70000000,89261.20000000,89536.00000000,105514182.71794000
2026-01-03 09:00:00,89536.00000000,89943.90000000,89380.20000000,89706.40000000,84328006.76606043
2026-01-03 13:00:00,89706.40000000,90200.00000000,89620.00000000,89931.80000000,80778454.05215999
2026-01-03 17:00:00,89931.80000000,90189.00000000,89866.40000000,90091.70000000,43462065.57885000
2026-01-03 21:00:00,90091.70000000,90716.30000000,89972.90000000,90595.80000000,157349162.27147999
2026-01-04 01:00:00,90595.80000000,91589.00000000,90595.70000000,91192.70000000,189643281.92645001
2026-01-04 05:00:00,91192.70000000,91774.80000000,91142.50000000,91477.50000000,113847218.27044551
2026-01-04 09:00:00,91477.50000000,91581.70000000,91116.50000000,91262.70000000,271022065.54441637
2026-01-04 13:00:00,91262.70000000,91377.20000000,90977.00000000,91292.80000000,141279985.50964683
2026-01-04 17:00:00,91292.80000000,91429.30000000,90808.50000000,91102.80000000,101498516.82264724
2026-01-04 21:00:00,91102.80000000,91567.00000000,91085.10000000,91497.20000000,88285722.83892000
2026-01-05 01:00:00,91497.20000000,93361.80000000,91476.50000000,92835.20000000,396926207.57483000
2026-01-05 05:00:00,92835.20000000,92920.00000000,92102.00000000,92492.10000000,159345328.63782999
2026-01-05 09:00:00,92492.10000000,93131.80000000,92292.00000000,93093.20000000,147016221.58098999
2026-01-05 13:00:00,93093.20000000,93979.20000000,92373.40000000,93899.90000000,383014926.38625002
2026-01-05 17:00:00,93899.90000000,94474.00000000,93201.00000000,94248.60000000,337328335.03849000
2026-01-05 21:00:00,94248.60000000,94759.10000000,93757.90000000,93822.30000000,205579302.09046000
2026-01-06 01:00:00,93822.30000000,94125.10000000,93472.60000000,93725.80000000,126531183.33009000
2026-01-06 05:00:00,93725.80000000,93966.40000000,93088.10000000,93207.40000000,118786808.84118000
2026-01-06 09:00:00,93207.40000000,93865.50000000,93130.40000000,93799.90000000,327703945.43892998
2026-01-06 13:00:00,93799.90000000,94415.40000000,93292.00000000,93608.20000000,371868168.15494001
2026-01-06 17:00:00,93608.20000000,93727.40000000,91208.90000000,92062.20000000,507822776.14828998
2026-01-06 21:00:00,92062.20000000,93823.60000000,92062.20000000,93708.10000000,269859497.12883002
2026-01-07 01:00:00,93708.10000000,93708.10000000,92204.60000000,92778.20000000,238767407.57460999
2026-01-07 05:00:00,92778.20000000,92893.00000000,92467.30000000,92848.10000000,84307996.20292000
2026-01-07 09:00:00,92848.10000000,92928.00000000,91549.90000000,92054.40000000,366431730.48139000
2026-01-07 13:00:00,92054.40000000,92245.40000000,90988.20000000,91303.20000000,394932708.42561001
2026-01-07 17:00:00,91303.20000000,91750.00000000,90637.10000000,91143.60000000,274721765.11022002
2026-01-07 21:00:00,91143.60000000,91451.80000000,90741.80000000,91328.00000000,128355114.89487000
2026-01-08 01:00:00,91328.00000000,91660.50000000,90576.40000000,90780.10000000,123339421.87066001
2026-01-08 05:00:00,90780.10000000,91157.60000000,89588.50000000,90509.80000000,266353032.21007001
2026-01-08 09:00:00,90509.80000000,90739.40000000,89733.60000000,90192.20000000,419972688.79824001
2026-01-08 13:00:00,90192.20000000,90786.40000000,89250.00000000,90733.60000000,397580469.72911000
2026-01-08 17:00:00,90733.60000000,91425.10000000,90254.50000000,90890.90000000,288119028.76877999
2026-01-08 21:00:00,90890.90000000,91449.80000000,90520.30000000,91059.80000000,144424544.36932999
2026-01-09 01:00:00,91059.80000000,91596.60000000,90800.90000000,91190.00000000,149286758.93448001
2026-01-09 05:00:00,91190.00000000,91203.00000000,90704.00000000,90712.20000000,63591956.04900000
2026-01-09 09:00:00,90712.20000000,90811.90000000,89647.10000000,90398.00000000,458716228.85768002
2026-01-09 13:00:00,90398.00000000,92002.70000000,89799.90000000,91136.10000000,633993516.33927000
2026-01-09 17:00:00,91136.10000000,91743.50000000,90145.00000000,90290.70000000,300051259.25854999
2026-01-09 21:00:00,90290.70000000,90693.00000000,90087.10000000,90603.60000000,93586537.31626999
2026-01-10 01:00:00,90603.60000000,90746.40000000,90480.30000000,90591.40000000,37575512.81745000
2026-01-10 05:00:00,90591.40000000,90650.50000000,90360.00000000,90627.10000000,72055088.51599000
2026-01-10 09:00:00,90627.10000000,90800.00000000,90570.00000000,90692.90000000,270279995.36826998
2026-01-10 13:00:00,90692.90000000,90758.70000000,90494.30000000,90622.70000000,36900029.25005000
2026-01-10 17:00:00,90622.70000000,90708.00000000,90468.00000000,90591.30000000,52692798.57763000
2026-01-10 21:00:00,90591.30000000,90627.60000000,90358.50000000,90469.70000000,35896869.20422000
2026-01-11 01:00:00,90469.70000000,90699.90000000,90410.60000000,90693.60000000,31797757.74870000
2026-01-11 05:00:00,90693.60000000,90817.90000000,90532.70000000,90664.00000000,88883429.92970000
2026-01-11 09:00:00,90664.00000000,90781.70000000,90555.00000000,90694.00000000,255487199.40825000
2026-01-11 13:00:00,90694.00000000,91150.70000000,90651.90000000,90834.10000000,139224514.43053001
2026-01-11 17:00:00,90834.10000000,91252.30000000,90615.30000000,90640.40000000,99106604.40985000
2026-01-11 21:00:00,90640.40000000,90999.90000000,90181.10000000,90964.40000000,128150701.10274000
2026-01-12 01:00:00,90964.40000000,92488.00000000,90642.00000000,91766.30000000,298721993.16158003
2026-01-12 05:00:00,91766.30000000,92245.10000000,91342.10000000,91369.30000000,138573865.91345999
2026-01-12 09:00:00,91369.30000000,91586.50000000,90319.40000000,90573.90000000,255478314.79172000
2026-01-12 13:00:00,90573.90000000,91625.10000000,90082.40000000,91618.80000000,291470133.24751002
2026-01-12 17:00:00,91618.80000000,92284.20000000,90968.90000000,91821.80000000,356465207.86897999
2026-01-12 21:00:00,91821.80000000,92016.90000000,90876.60000000,91252.60000000,136880746.44159999
2026-01-13 01:00:00,91252.60000000,91520.50000000,91011.10000000,91380.80000000,90232198.08288001
2026-01-13 05:00:00,91380.80000000,92250.00000000,91316.30000000,91908.10000000,329850137.23215997
2026-01-13 09:00:00,91908.10000000,92657.30000000,91881.10000000,91962.10000000,272882721.19901001
2026-01-13 13:00:00,91962.10000000,93408.00000000,91726.20000000,93408.00000000,540947775.26291001
2026-01-13 17:00:00,93408.00000000,94189.50000000,93009.90000000,94179.60000000,409928512.82009000
2026-01-13 21:00:00,94179.60000000,96739.50000000,94012.30000000,95375.10000000,585742437.65648997
2026-01-14 01:00:00,95375.10000000,95670.00000000,95082.00000000,95665.70000000,151633431.15693000
2026-01-14 05:00:00,95665.70000000,95755.00000000,94418.20000000,95166.60000000,202464641.01550999
2026-01-14 09:00:00,95166.60000000,95288.00000000,94700.00000000,94763.70000000,237803917.18605000
2026-01-14 13:00:00,94763.70000000,97056.80000000,94643.00000000,96691.90000000,462028349.87750000
2026-01-14 17:00:00,96691.90000000,97733.90000000,96181.30000000,97220.70000000,485400768.02152997
2026-01-14 21:00:00,97220.70000000,97910.10000000,96727.00000000,96907.90000000,229860126.03413001
2026-01-15 01:00:00,96907.90000000,96954.30000000,95733.10000000,95943.10000000,226820457.24397999
2026-01-15 05:00:00,95943.10000000,96728.80000000,95909.10000000,96592.20000000,155970578.77785999
2026-01-15 09:00:00,96592.20000000,97155.00000000,96243.80000000,96548.90000000,135510026.18358999
2026-01-15 13:00:00,96548.90000000,97100.00000000,95404.90000000,96753.50000000,412716537.20661002
2026-01-15 17:00:00,96753.50000000,97043.90000000,95136.20000000,95469.20000000,336047654.94780999
2026-01-15 21:00:00,95469.20000000,95833.30000000,95089.10000000,95567.30000000,142136171.59935001
2026-01-16 01:00:00,95567.30000000,95825.00000000,95283.60000000,95319.60000000,75629976.01373000
2026-01-16 05:00:00,95319.60000000,95790.00000000,95111.10000000,95608.40000000,101951905.19518000
2026-01-16 09:00:00,95608.40000000,95805.00000000,95210.50000000,95382.60000000,97492149.96607000
2026-01-16 13:00:00,95382.60000000,95763.00000000,94241.30000000,94537.50000000,383075856.91031998
2026-01-16 17:00:00,94537.50000000,95180.50000000,94455.70000000,94958.30000000,193501418.50652999
2026-01-16 21:00:00,94958.30000000,95549.90000000,94630.00000000,95503.70000000,142563144.30583999
2026-01-17 01:00:00,95503.70000000,95536.90000000,95144.60000000,95324.10000000,50930952.69831000
2026-01-17 05:00:00,95324.10000000,95346.10000000,94999.90000000,95061.10000000,42340505.57216000
2026-01-17 09:00:00,95061.10000000,95287.10000000,94977.50000000,95283.90000000,43359313.78522000
2026-01-17 13:00:00,95283.90000000,95614.90000000,95152.10000000,95528.90000000,84704582.63536000
2026-01-17 17:00:00,95528.90000000,95529.00000000,95165.50000000,95258.20000000,61293865.11933000
2026-01-17 21:00:00,95258.20000000,95373.20000000,94999.90000000,95107.90000000,41910550.08184000
2026-01-18 01:00:00,95107.90000000,95200.80000000,94823.70000000,95154.90000000,54539814.82946000
2026-01-18 05:00:00,95154.90000000,95226.00000000,94980.00000000,94989.90000000,30256216.90619000
2026-01-18 09:00:00,94989.90000000,95257.40000000,94980.00000000,95133.30000000,43875280.08229000
2026-01-18 13:00:00,95133.30000000,95326.10000000,94850.40000000,95067.80000000,91182472.23918000
2026-01-18 17:00:00,95067.80000000,95485.70000000,95024.60000000,95335.60000000,71925119.80545001
2026-01-18 21:00:00,95335.60000000,95490.10000000,93550.30000000,93614.10000000,212502951.94069001
2026-01-19 01:00:00,93614.10000000,93614.10000000,91805.80000000,92656.70000000,388499646.09136999
2026-01-19 05:00:00,92656.70000000,92810.00000000,92344.40000000,92787.90000000,120736337.53887001
2026-01-19 09:00:00,92787.90000000,93312.80000000,92636.90000000,93136.80000000,173152622.69411001
2026-01-19 13:00:00,93136.80000000,93188.00000000,92660.00000000,93013.50000000,119439484.10063000
2026-01-19 17:00:00,93013.50000000,93379.00000000,92888.00000000,93066.10000000,133371319.62627999
2026-01-19 21:00:00,93066.10000000,93312.10000000,92116.00000000,92589.60000000,156966182.00172001
2026-01-20 01:00:00,92589.60000000,92840.40000000,92211.10000000,92396.90000000,110517191.91621000
2026-01-20 05:00:00,92396.90000000,92440.10000000,90728.10000000,91136.10000000,308313057.13527000
2026-01-20 09:00:00,91136.10000000,91407.50000000,90631.40000000,91185.90000000,192369213.43386999
2026-01-20 13:00:00,91185.90000000,91344.80000000,89819.10000000,90644.20000000,443894229.51014000
2026-01-20 17:00:00,90644.20000000,90940.00000000,89259.30000000,89694.10000000,315150504.06661999
2026-01-20 21:00:00,89694.10000000,89824.00000000,87789.10000000,88390.70000000,284349642.88661999
2026-01-21 01:00:00,88390.70000000,89568.50000000,88218.30000000,89395.90000000,156479723.55303001
2026-01-21 05:00:00,89395.90000000,90088.00000000,89045.00000000,89179.20000000,163512246.85584000
2026-01-21 09:00:00,89179.20000000,89449.00000000,88640.40000000,88757.00000000,149845588.72200000
2026-01-21 13:00:00,88757.00000000,90541.70000000,88112.50000000,90237.10000000,466338975.25443000
2026-01-21 17:00:00,90237.10000000,90420.90000000,87219.00000000,90321.90000000,613718418.93710995
2026-01-21 21:00:00,90321.90000000,90348.90000000,89317.90000000,89411.30000000,223182600.77706000
2026-01-22 01:00:00,89411.30000000,90327.70000000,89411.20000000,89861.00000000,132481548.60850000
2026-01-22 05:00:00,89861.00000000,90170.10000000,89750.00000000,89772.50000000,77731933.59284000
2026-01-22 09:00:00,89772.50000000,90123.00000000,89711.40000000,89909.60000000,154815410.56630000
2026-01-22 13:00:00,89909.60000000,90309.50000000,88474.30000000,88953.70000000,354991197.87752998
2026-01-22 17:00:00,88953.70000000,89882.10000000,88630.20000000,89737.70000000,279759352.95762998
2026-01-22 21:00:00,89737.70000000,89908.50000000,89098.40000000,89518.40000000,121588840.14474000
2026-01-23 01:00:00,89518.40000000,89943.90000000,89401.30000000,89886.20000000,61133714.67563000
2026-01-23 05:00:00,89886.20000000,90050.00000000,89358.00000000,89497.20000000,87097466.41369000
2026-01-23 09:00:00,89497.20000000,89590.90000000,88823.30000000,89171.20000000,156658895.35181999
2026-01-23 13:00:00,89171.20000000,89847.20000000,88530.00000000,89713.00000000,232767051.46570000
2026-01-23 17:00:00,89713.00000000,91194.90000000,89437.90000000,89938.30000000,412281056.21095997
2026-01-23 21:00:00,89938.30000000,90122.90000000,89171.60000000,89558.70000000,111332278.00020000
2026-01-24 01:00:00,89558.70000000,89893.90000000,89383.50000000,89738.50000000,47788179.90628000
2026-01-24 05:00:00,89738.50000000,89820.10000000,89530.60000000,89581.20000000,32390940.69737000
2026-01-24 09:00:00,89581.20000000,89659.20000000,89539.50000000,89548.50000000,32669432.17250000
2026-01-24 13:00:00,89548.50000000,89554.90000000,89131.80000000,89234.90000000,63405489.72773000
2026-01-24 17:00:00,89234.90000000,89425.20000000,89116.90000000,89286.00000000,61017186.09537000
2026-01-24 21:00:00,89286.00000000,89444.40000000,89165.00000000,89180.70000000,27929106.59218000
2026-01-25 01:00:00,89180.70000000,89281.60000000,88799.90000000,88920.00000000,58626696.26815000
2026-01-25 05:00:00,88920.00000000,89057.70000000,88600.00000000,88630.30000000,52029350.50194000
2026-01-25 09:00:00,88630.30000000,88727.20000000,88084.00000000,88530.90000000,99919682.61263999
2026-01-25 13:00:00,88530.90000000,88933.40000000,88322.20000000,88406.00000000,133146385.23999999
2026-01-25 17:00:00,88406.00000000,88410.00000000,86142.20000000,86459.40000000,438042249.73552001
2026-01-25 21:00:00,86459.40000000,86966.40000000,86027.20000000,86633.40000000,226782094.75044999
2026-01-26 01:00:00,86633.40000000,87922.00000000,86463.20000000,87233.00000000,182513461.49302000
2026-01-26 05:00:00,87233.00000000,88046.60000000,87188.30000000,87968.90000000,97474306.65726000
2026-01-26 09:00:00,87968.90000000,88360.40000000,87557.10000000,87810.00000000,117623144.02944000
2026-01-26 13:00:00,87810.00000000,88828.60000000,87289.50000000,87609.50000000,329697483.81493002
2026-01-26 17:00:00,87609.50000000,88496.40000000,86984.90000000,87965.60000000,267731887.82209000
2026-01-26 21:00:00,87965.60000000,88633.70000000,87506.80000000,88300.60000000,126364708.69435000
2026-01-27 01:00:00,88300.60000000,88865.80000000,88157.40000000,88744.60000000,108010621.22826000
2026-01-27 05:00:00,88744.60000000,88980.50000000,88239.90000000,88287.90000000,88480701.93209000
2026-01-27 09:00:00,88287.90000000,88365.60000000,87707.10000000,87955.10000000,203624483.89489001
2026-01-27 13:00:00,87955.10000000,88418.90000000,87530.00000000,88000.10000000,211499736.99570999
2026-01-27 17:00:00,88000.10000000,88789.50000000,87267.10000000,88378.10000000,374437619.06752998
2026-01-27 21:00:00,88378.10000000,89490.80000000,88341.40000000,89197.80000000,267024421.55438000
2026-01-28 01:00:00,89197.80000000,89454.60000000,88939.90000000,89079.90000000,94442208.31742001
2026-01-28 05:00:00,89079.90000000,89362.80000000,88799.90000000,89106.80000000,83289039.71154000
2026-01-28 09:00:00,89106.80000000,90122.20000000,88831.90000000,90037.00000000,185837102.27656999
2026-01-28 13:00:00,90037.00000000,90441.60000000,88852.30000000,89444.50000000,369526358.33235002
2026-01-28 17:00:00,89444.50000000,90588.10000000,88974.00000000,89363.60000000,282768331.97921997
2026-01-28 21:00:00,89363.60000000,89873.80000000,88829.00000000,89265.70000000,126755030.59927000
2026-01-29 01:00:00,89265.70000000,89316.10000000,87650.10000000,88003.20000000,203720025.17049000
2026-01-29 05:00:00,88003.20000000,88393.20000000,87863.00000000,88310.90000000,76589338.73476000
2026-01-29 09:00:00,88310.90000000,88458.90000000,87711.00000000,87795.10000000,132585939.65331000
2026-01-29 13:00:00,87795.10000000,88133.10000000,84335.40000000,84898.00000000,551351816.81465995
2026-01-29 17:00:00,84898.00000000,85596.10000000,83338.90000000,83979.40000000,576973825.08493996
2026-01-29 21:00:00,83979.40000000,84699.80000000,83785.60000000,84604.70000000,157632048.81130999
2026-01-30 01:00:00,84604.70000000,84697.20000000,81036.00000000,82640.80000000,464082858.04550999
2026-01-30 05:00:00,82640.80000000,83300.00000000,82023.00000000,82770.10000000,209270267.92122999
2026-01-30 09:00:00,82770.10000000,83273.60000000,82108.10000000,83104.80000000,150998020.08833000
2026-01-30 13:00:00,83104.80000000,83763.70000000,82340.40000000,82851.10000000,281395087.65316999
2026-01-30 17:00:00,82851.10000000,84597.60000000,81832.30000000,84199.90000000,392094530.28586000
2026-01-30 21:00:00,84199.90000000,84484.10000000,83501.00000000,84211.40000000,174853423.37562001
2026-01-31 01:00:00,84211.40000000,84239.50000000,83775.60000000,83987.50000000,59897088.39707000
2026-01-31 05:00:00,83987.50000000,84109.90000000,83368.00000000,83514.30000000,68007556.59104000
2026-01-31 09:00:00,83514.30000000,83598.00000000,82532.50000000,82983.20000000,250130400.27708000
2026-01-31 13:00:00,82983.20000000,83115.30000000,80790.10000000,81268.70000000,329872590.99713999
2026-01-31 17:00:00,81268.70000000,82194.00000000,75570.10000000,77702.50000000,840947669.93247998
2026-01-31 21:00:00,77702.50000000,79200.00000000,77042.10000000,78697.80000000,254242875.10573000
2026-02-01 01:00:00,78697.80000000,79394.10000000,78250.10000000,78826.30000000,138963018.68250000
2026-02-01 05:00:00,78826.30000000,79086.50000000,77931.70000000,78320.80000000,117617806.20146000
2026-02-01 09:00:00,78320.80000000,79193.90000000,78099.80000000,78712.20000000,130776123.33223000
2026-02-01 13:00:00,78712.20000000,78732.00000000,76752.50000000,77561.90000000,293969964.43418998
2026-02-01 17:00:00,77561.90000000,78420.30000000,76950.90000000,77142.40000000,211785446.88471001
2026-02-01 21:00:00,77142.40000000,77753.20000000,75644.10000000,76931.60000000,375448341.42361999
2026-02-02 01:00:00,76931.60000000,78108.50000000,74555.50000000,76256.20000000,401240956.79258001
2026-02-02 05:00:00,76256.20000000,76930.00000000,74853.10000000,76612.60000000,339786307.04030001
2026-02-02 09:00:00,76612.60000000,77928.30000000,76576.70000000,77716.00000000,251739503.27517000
2026-02-02 13:00:00,77716.00000000,79300.10000000,77518.10000000,78800.60000000,369923024.02095002
2026-02-02 17:00:00,78800.60000000,79247.90000000,78234.90000000,78303.60000000,259827883.01067999
2026-02-02 21:00:00,78303.60000000,78932.90000000,77859.40000000,78692.50000000,182902178.16506001
2026-02-03 01:00:00,78692.50000000,79162.70000000,77621.70000000,78714.00000000,228583717.51179999
2026-02-03 05:00:00,78714.00000000,78967.90000000,77900.10000000,78750.00000000,247780796.62779000
2026-02-03 09:00:00,78750.00000000,79048.90000000,77900.00000000,78040.10000000,181736798.57082999
2026-02-03 13:00:00,78040.10000000,78425.60000000,77003.50000000,78094.10000000,353821191.25836998
2026-02-03 17:00:00,78094.10000000,78099.10000000,72907.80000000,74893.70000000,938719014.07660997
2026-02-03 21:00:00,74893.70000000,76918.80000000,74541.00000000,75732.30000000,382739639.27091002
2026-02-04 01:00:00,75732.30000000,76941.30000000,75420.00000000,76660.60000000,162688015.80419999
2026-02-04 05:00:00,76660.60000000,76798.90000000,76072.00000000,76478.90000000,87111414.41820000
2026-02-04 09:00:00,76478.90000000,76568.00000000,75635.00000000,75987.60000000,158644631.46408001
2026-02-04 13:00:00,75987.60000000,76237.80000000,73756.10000000,74101.90000000,501407384.39511001
2026-02-04 17:00:00,74101.90000000,74211.80000000,72108.90000000,73895.30000000,683401062.11802006
2026-02-04 21:00:00,73895.30000000,74131.50000000,71839.10000000,73137.50000000,346960408.64091998
2026-02-05 01:00:00,73137.50000000,73316.30000000,71125.10000000,71198.90000000,407437155.43366998
2026-02-05 05:00:00,71198.90000000,71600.00000000,70100.00000000,70710.90000000,393568333.81685001
2026-02-05 09:00:00,70710.90000000,71943.90000000,69874.30000000,70279.10000000,342392257.97880000
2026-02-05 13:00:00,70279.10000000,70848.20000000,66666.00000000,67447.10000000,932451372.98081994
2026-02-05 17:00:00,67447.10000000,68658.50000000,65160.00000000,65237.40000000,846025580.45383000
2026-02-05 21:00:00,65237.40000000,65676.80000000,62235.80000000,62878.60000000,818461086.18655002
2026-02-06 01:00:00,62878.60000000,65963.10000000,59846.70000000,64138.10000000,698831473.30458999
2026-02-06 05:00:00,64138.10000000,66780.00000000,63925.00000000,64807.60000000,355886730.63993001
2026-02-06 09:00:00,64807.60000000,66739.70000000,64446.20000000,66587.40000000,252172766.03457999
2026-02-06 13:00:00,66587.40000000,69154.60000000,66072.10000000,68578.60000000,512195597.05602002
2026-02-06 17:00:00,68578.60000000,71451.60000000,68366.80000000,70679.20000000,674861510.47007000
2026-02-06 21:00:00,70679.20000000,71712.30000000,69775.10000000,70544.40000000,331814285.95971000
2026-02-07 01:00:00,70544.40000000,70899.50000000,69676.20000000,70887.20000000,186448012.91547000
2026-02-07 05:00:00,70887.20000000,71664.50000000,67271.70000000,68060.60000000,416822380.29320002
2026-02-07 09:00:00,68060.60000000,68769.60000000,67564.00000000,67935.00000000,200118655.09639999
2026-02-07 13:00:00,67935.00000000,69971.60000000,67870.20000000,69122.10000000,309712904.66530001
2026-02-07 17:00:00,69122.10000000,69881.80000000,68517.60000000,69341.40000000,201637670.95849001
2026-02-07 21:00:00,69341.40000000,69688.10000000,68734.70000000,69254.30000000,82260944.87266000
2026-02-08 01:00:00,69254.30000000,69666.00000000,68848.50000000,69064.70000000,90754886.64703999
2026-02-08 05:00:00,69064.70000000,69676.20000000,68928.00000000,69667.50000000,62895158.07555000
2026-02-08 09:00:00,69667.50000000,71183.70000000,69471.70000000,70953.90000000,251663228.44253001
2026-02-08 13:00:00,70953.90000000,71523.30000000,70661.30000000,71152.50000000,187637138.87378001
2026-02-08 17:00:00,71152.50000000,71480.00000000,70220.60000000,71376.50000000,166019060.90439999
2026-02-08 21:00:00,71376.50000000,72271.90000000,69936.10000000,70288.10000000,287995308.30953002
2026-02-09 01:00:00,70288.10000000,71421.50000000,70014.20000000,71269.90000000,218731864.87239000
2026-02-09 05:00:00,71269.90000000,71320.00000000,70256.70000000,70393.40000000,157315698.00602001
2026-02-09 09:00:00,70393.40000000,70583.10000000,68380.00000000,68899.90000000,281751278.05949003
2026-02-09 13:00:00,68899.90000000,69836.30000000,68277.60000000,69538.60000000,386233832.38142002
2026-02-09 17:00:00,69538.60000000,71035.00000000,69051.50000000,70912.70000000,322424054.78527999
2026-02-09 21:00:00,70912.70000000,71088.00000000,69780.00000000,70110.60000000,186932007.43643001
2026-02-10 01:00:00,70110.60000000,70495.70000000,69168.20000000,69473.30000000,151748405.53757000
2026-02-10 05:00:00,69473.30000000,69882.60000000,68633.40000000,68882.20000000,183402981.23324001
2026-02-10 09:00:00,68882.20000000,69376.30000000,68408.20000000,68489.90000000,164622941.36403000
2026-02-10 13:00:00,68489.90000000,69554.70000000,67883.00000000,69252.90000000,394292116.73563999
2026-02-10 17:00:00,69252.90000000,69957.90000000,68559.20000000,69031.40000000,249404351.67104000
2026-02-10 21:00:00,69031.40000000,69111.00000000,68322.10000000,68805.20000000,115366834.43317001
2026-02-11 01:00:00,68805.20000000,69262.70000000,67957.40000000,68143.70000000,135878879.98074001
2026-02-11 05:00:00,68143.70000000,68288.00000000,66516.20000000,67000.00000000,259486417.82945001
2026-02-11 09:00:00,67000.00000000,67094.40000000,66345.80000000,67027.80000000,191045961.24722999
2026-02-11 13:00:00,67027.80000000,68812.60000000,65718.50000000,66489.40000000,707983536.42210996
2026-02-11 17:00:00,66489.40000000,67830.20000000,65844.20000000,67547.60000000,375591779.42484999
2026-02-11 21:00:00,67547.60000000,68315.00000000,66757.40000000,67048.70000000,225349280.84084001
2026-02-12 01:00:00,67048.70000000,68018.30000000,67016.60000000,67550.30000000,132020537.96671000
2026-02-12 05:00:00,67550.30000000,67659.30000000,66640.00000000,67181.40000000,147293362.78918999
2026-02-12 09:00:00,67181.40000000,68256.50000000,66860.10000000,68037.00000000,179957867.83445999
2026-02-12 13:00:00,68037.00000000,68385.00000000,66972.20000000,67103.70000000,383973372.62987000
2026-02-12 17:00:00,67103.70000000,67211.00000000,65081.60000000,65749.20000000,501323920.70736998
2026-02-12 21:00:00,65749.20000000,66458.10000000,65184.60000000,66243.20000000,186148696.46506000
2026-02-13 01:00:00,66243.20000000,66778.50000000,65833.90000000,66519.60000000,133544200.38323000
2026-02-13 05:00:00,66519.60000000,66643.90000000,65969.40000000,66183.30000000,118149942.98354000
2026-02-13 09:00:00,66183.30000000,67191.70000000,66159.90000000,67137.80000000,161513431.75299999
2026-02-13 13:00:00,67137.80000000,69272.60000000,66831.90000000,68652.40000000,543304906.14655995
2026-02-13 17:00:00,68652.40000000,69449.00000000,68500.00000000,68904.30000000,321366757.71815002
2026-02-13 21:00:00,68904.30000000,69055.90000000,68642.40000000,68821.50000000,101156133.66071001
2026-02-14 01:00:00,68821.50000000,69115.40000000,68736.20000000,68947.70000000,57263658.13934000
2026-02-14 05:00:00,68947.70000000,69318.20000000,68692.30000000,69182.10000000,60132721.36392000
2026-02-14 09:00:00,69182.10000000,70548.30000000,69174.50000000,70465.60000000,198361453.72821000
2026-02-14 13:00:00,70465.60000000,70499.30000000,69191.60000000,69754.10000000,240413616.89291999
2026-02-14 17:00:00,69754.10000000,69903.30000000,69259.10000000,69848.90000000,97732913.24865000
2026-02-14 21:00:00,69848.90000000,70223.40000000,69628.70000000,69795.40000000,88779317.49089000
2026-02-15 01:00:00,69795.40000000,69971.50000000,69213.00000000,69925.90000000,106029986.30506000
2026-02-15 05:00:00,69925.90000000,70902.30000000,69925.90000000,70783.90000000,197825645.45120999
2026-02-15 09:00:00,70783.90000000,70938.50000000,70138.40000000,70268.70000000,100875698.31782000
2026-02-15 13:00:00,70268.70000000,70385.40000000,68741.40000000,69068.10000000,245851415.96608001
2026-02-15 17:00:00,69068.10000000,69074.00000000,68037.30000000,68263.60000000,202848943.19317001
2026-02-15 21:00:00,68263.60000000,69049.10000000,68105.40000000,68798.50000000,122425026.67678000
2026-02-16 01:00:00,68798.50000000,69031.50000000,68112.90000000,68392.50000000,102625482.03915000
2026-02-16 05:00:00,68392.50000000,68861.80000000,68185.70000000,68552.50000000,88528629.76565000
2026-02-16 09:00:00,68552.50000000,69032.00000000,68300.10000000,68772.00000000,131097604.81395000
2026-02-16 13:00:00,68772.00000000,70108.20000000,67250.00000000,67502.70000000,434792314.15306997
2026-02-16 17:00:00,67502.70000000,68218.70000000,67475.00000000,67883.50000000,167310493.10341999
2026-02-16 21:00:00,67883.50000000,68956.40000000,67791.50000000,68862.50000000,145998576.70627001
2026-02-17 01:00:00,68862.50000000,69220.20000000,68352.80000000,68443.60000000,144682565.43228999
2026-02-17 05:00:00,68443.60000000,68681.70000000,67860.90000000,68353.30000000,120065137.74038000
2026-02-17 09:00:00,68353.30000000,68445.70000000,67656.50000000,67824.40000000,115076172.30393000
2026-02-17 13:00:00,67824.40000000,68349.80000000,66587.90000000,67363.50000000,415642067.43739998
2026-02-17 17:00:00,67363.50000000,68212.10000000,66854.90000000,67767.00000000,326343847.62383997
2026-02-17 21:00:00,67767.00000000,67897.60000000,67355.70000000,67475.90000000,79843260.59870000
2026-02-18 01:00:00,67475.90000000,67670.10000000,66856.40000000,67592.60000000,101910611.60017000
2026-02-18 05:00:00,67592.60000000,68190.20000000,67463.80000000,68078.40000000,100455210.79215001
2026-02-18 09:00:00,68078.40000000,68438.00000000,67037.20000000,67345.40000000,176917237.76073000
2026-02-18 13:00:00,67345.40000000,68331.30000000,66683.70000000,67671.10000000,338611401.29746002
2026-02-18 17:00:00,67671.10000000,67684.10000000,65826.30000000,66135.40000000,376456820.80632001
2026-02-18 21:00:00,66135.40000000,66504.50000000,66000.50000000,66422.70000000,132969864.79434000
2026-02-19 01:00:00,66422.70000000,66973.20000000,66301.90000000,66950.40000000,84636130.87273000
2026-02-19 05:00:00,66950.40000000,67299.00000000,66656.30000000,67180.40000000,94746908.30557001
2026-02-19 09:00:00,67180.40000000,67180.40000000,66444.90000000,66468.80000000,119811500.47164001
2026-02-19 13:00:00,66468.80000000,66720.20000000,65599.90000000,66362.70000000,399350790.81392998
2026-02-19 17:00:00,66362.70000000,67174.00000000,65864.80000000,67022.80000000,310483074.52947003
2026-02-19 21:00:00,67022.80000000,67145.50000000,66618.20000000,66974.00000000,100758602.06760000
2026-02-20 01:00:00,66974.00000000,67482.80000000,66912.40000000,67327.20000000,109599695.69081999
2026-02-20 05:00:00,67327.20000000,67989.30000000,67079.30000000,67794.80000000,148782431.19501001
2026-02-20 09:00:00,67794.80000000,68281.20000000,67250.00000000,67290.40000000,190791123.40796000
2026-02-20 13:00:00,67290.40000000,68088.40000000,66414.50000000,67547.70000000,544375989.89830995
2026-02-20 17:00:00,67547.70000000,67987.50000000,66915.00000000,67616.50000000,340504973.63744998
2026-02-20 21:00:00,67616.50000000,68210.80000000,67487.90000000,67979.20000000,94176741.28819001
2026-02-21 01:00:00,67979.20000000,68070.60000000,67499.20000000,67637.00000000,66799739.73997000
2026-02-21 05:00:00,67637.00000000,67898.90000000,67555.20000000,67820.90000000,40456360.77917000
2026-02-21 09:00:00,67820.90000000,68275.50000000,67776.30000000,68061.00000000,86377437.64524999
2026-02-21 13:00:00,68061.00000000,68678.50000000,67882.80000000,68571.40000000,155611496.05241001
2026-02-21 17:00:00,68571.40000000,68632.30000000,68065.90000000,68516.40000000,105073975.51215000
2026-02-21 21:00:00,68516.40000000,68568.10000000,67870.00000000,67933.20000000,102510234.40763000
2026-02-22 01:00:00,67933.20000000,68198.30000000,67766.20000000,68010.60000000,77077238.85549000
2026-02-22 05:00:00,68010.60000000,68187.50000000,67850.40000000,67973.00000000,53386760.84278000
2026-02-22 09:00:00,67973.00000000,68219.90000000,67880.10000000,68183.40000000,54017598.80976000
2026-02-22 13:00:00,68183.40000000,68205.10000000,67275.10000000,67659.90000000,187569766.82949001
2026-02-22 17:00:00,67659.90000000,67702.50000000,67150.40000000,67402.10000000,79363760.08035000
2026-02-22 21:00:00,67402.10000000,67722.30000000,67324.10000000,67613.50000000,64415893.67048000
2026-02-23 01:00:00,67613.50000000,67654.60000000,64236.10000000,64894.10000000,437402304.66473001
2026-02-23 05:00:00,64894.10000000,65980.00000000,64633.20000000,65915.70000000,198480251.76514000
2026-02-23 09:00:00,65915.70000000,66574.50000000,65534.60000000,66170.70000000,214666369.58589000
2026-02-23 13:00:00,66170.70000000,66480.60000000,65500.80000000,65633.20000000,289004848.65684998
2026-02-23 17:00:00,65633.20000000,65700.00000000,64050.50000000,64272.30000000,508953089.24405998
2026-02-23 21:00:00,64272.30000000,64981.00000000,63859.90000000,64625.80000000,218060625.77456000
2026-02-24 01:00:00,64625.80000000,64980.00000000,63316.80000000,63570.50000000,258536729.39396000
2026-02-24 05:00:00,63570.50000000,63606.30000000,62661.00000000,63155.40000000,272043318.67619997
2026-02-24 09:00:00,63155.40000000,63399.50000000,62900.00000000,63192.20000000,111179662.30588999
2026-02-24 13:00:00,63192.20000000,63993.10000000,62428.80000000,63933.40000000,374677177.28525001
2026-02-24 17:00:00,63933.40000000,64718.80000000,63664.80000000,64405.40000000,285598734.77785999
2026-02-24 21:00:00,64405.40000000,64560.90000000,63799.90000000,64027.20000000,118849552.24662000
2026-02-25 01:00:00,64027.20000000,66283.10000000,63876.10000000,65361.70000000,345356208.12862998
2026-02-25 05:00:00,65361.70000000,65624.90000000,64720.40000000,65001.10000000,182428263.82297999
2026-02-25 09:00:00,65001.10000000,65672.10000000,64929.70000000,65392.00000000,153689311.45907000
2026-02-25 13:00:00,65392.00000000,67541.50000000,65288.10000000,67362.30000000,538852265.44085002
2026-02-25 17:00:00,67362.30000000,69527.80000000,67356.30000000,68998.30000000,588681457.38203001
2026-02-25 21:00:00,68998.30000000,69991.10000000,67558.60000000,67952.40000000,374223027.71039999
2026-02-26 01:00:00,67952.40000000,68666.00000000,67693.90000000,68187.50000000,199512538.95868999
2026-02-26 05:00:00,68187.50000000,68818.70000000,67789.20000000,67799.90000000,163975264.81321001
2026-02-26 09:00:00,67799.90000000,68689.70000000,67761.90000000,68024.00000000,185754325.93509999
2026-02-26 13:00:00,68024.00000000,68271.00000000,66731.90000000,67353.30000000,444546988.03939998
2026-02-26 17:00:00,67353.30000000,67887.30000000,66469.90000000,67555.00000000,390290776.90395999
2026-02-26 21:00:00,67555.00000000,67790.10000000,67114.00000000,67448.20000000,151603329.73482999
2026-02-27 01:00:00,67448.20000000,67670.00000000,66843.80000000,67557.40000000,163055765.68142000
2026-02-27 05:00:00,67557.40000000,68185.10000000,67417.40000000,67644.20000000,182703432.08855999
2026-02-27 09:00:00,67644.20000000,68115.80000000,65923.00000000,66094.80000000,383008720.03246999
2026-02-27 13:00:00,66094.80000000,66319.90000000,65626.10000000,66072.60000000,377975478.71355999
2026-02-27 17:00:00,66072.60000000,66095.20000000,65088.30000000,65362.00000000,260686096.22973001
2026-02-27 21:00:00,65362.00000000,65921.70000000,64882.50000000,65835.90000000,153468426.06751001
2026-02-28 01:00:00,65835.90000000,65994.70000000,65686.50000000,65763.70000000,65583725.72134000
2026-02-28 05:00:00,65763.70000000,65786.80000000,62981.00000000,63790.80000000,491831150.81325001
2026-02-28 09:00:00,63790.80000000,64267.80000000,63328.80000000,63805.50000000,273337763.72136003
2026-02-28 13:00:00,63805.50000000,65331.60000000,63783.50000000,64800.00000000,290478367.35203999
2026-02-28 17:00:00,64800.00000000,66636.50000000,64638.00000000,66318.30000000,278430979.05444998
2026-02-28 21:00:00,66318.30000000,67727.30000000,66150.10000000,66937.10000000,263742760.21559000
2026-03-01 01:00:00,66937.10000000,68180.00000000,66017.10000000,67474.70000000,310166485.55419999
2026-03-01 05:00:00,67474.70000000,67575.00000000,66757.20000000,67113.90000000,132147403.54685999
2026-03-01 09:00:00,67113.90000000,67272.50000000,66191.00000000,66439.10000000,168846655.77429000
2026-03-01 13:00:00,66439.10000000,67332.90000000,66100.80000000,66810.90000000,214343948.04708001
2026-03-01 17:00:00,66810.90000000,67083.00000000,65694.20000000,65925.90000000,242496853.46514001
2026-03-01 21:00:00,65925.90000000,66764.10000000,65017.20000000,65749.10000000,263354480.65125000
2026-03-02 01:00:00,65749.10000000,67069.10000000,65726.10000000,66786.00000000,221310177.25441000
2026-03-02 05:00:00,66786.00000000,66963.20000000,65509.20000000,65971.70000000,161753718.39113000
2026-03-02 09:00:00,65971.70000000,66697.40000000,65612.50000000,66329.90000000,181517292.34285000
2026-03-02 13:00:00,66329.90000000,69570.50000000,65240.00000000,69089.10000000,632545513.06541002
2026-03-02 17:00:00,69089.10000000,70085.00000000,68539.10000000,68928.40000000,458140190.62202001
2026-03-02 21:00:00,68928.40000000,69500.00000000,68534.00000000,68801.80000000,194452173.16286999
2026-03-03 01:00:00,68801.80000000,69221.30000000,68179.80000000,68340.20000000,204695739.93663999
2026-03-03 05:00:00,68340.20000000,68543.40000000,67759.60000000,68138.30000000,198036400.57409999
2026-03-03 09:00:00,68138.30000000,68281.60000000,66293.30000000,67000.10000000,352904858.42922002
2026-03-03 13:00:00,67000.10000000,67968.10000000,66116.60000000,67692.30000000,552689935.67173004
2026-03-03 17:00:00,67692.30000000,68967.30000000,67444.60000000,68395.90000000,457206746.12614000
2026-03-03 21:00:00,68395.90000000,68820.70000000,67783.20000000,68295.30000000,154956243.09116000
2026-03-04 01:00:00,68295.30000000,68884.40000000,67357.50000000,67700.10000000,214062890.56448999
2026-03-04 05:00:00,67700.10000000,69641.00000000,67422.00000000,69461.00000000,218808017.76480001
2026-03-04 09:00:00,69461.00000000,71876.80000000,69103.70000000,71082.40000000,519741640.23339999
2026-03-04 13:00:00,71082.40000000,73436.40000000,70560.10000000,73339.80000000,813206744.54491997
2026-03-04 17:00:00,73339.80000000,74027.50000000,72492.90000000,73580.20000000,458484938.17536002
2026-03-04 21:00:00,73580.20000000,73678.10000000,72279.40000000,72641.30000000,228911596.55647001
2026-03-05 01:00:00,72641.30000000,73273.30000000,72300.10000000,72469.50000000,173989760.53931999
2026-03-05 05:00:00,72469.50000000,73058.40000000,71740.00000000,72025.40000000,229041537.45109999
2026-03-05 09:00:00,72025.40000000,73522.20000000,71723.70000000,72879.90000000,263693220.92939001
2026-03-05 13:00:00,72879.90000000,73032.00000000,71136.30000000,71610.10000000,449058265.76125002
2026-03-05 17:00:00,71610.10000000,71617.80000000,70612.80000000,70881.70000000,325886787.53882998
2026-03-05 21:00:00,70881.70000000,71530.40000000,70747.40000000,70848.50000000,132536506.40230000
2026-03-06 01:00:00,70848.50000000,71387.50000000,70339.60000000,71045.50000000,154437787.11245999
2026-03-06 05:00:00,71045.50000000,71159.70000000,70100.00000000,71026.70000000,204335296.72584000
2026-03-06 09:00:00,71026.70000000,71035.30000000,70164.90000000,70185.70000000,144426802.46520001
2026-03-06 13:00:00,70185.70000000,70321.20000000,68127.40000000,68468.40000000,590427526.61965001
2026-03-06 17:00:00,68468.40000000,68759.50000000,67712.30000000,68100.90000000,299898336.50288999
2026-03-06 21:00:00,68100.90000000,68406.60000000,67733.90000000,68083.00000000,118094458.41677000
2026-03-07 01:00:00,68083.00000000,68520.40000000,68018.80000000,68066.60000000,88885788.10044000
2026-03-07 05:00:00,68066.60000000,68120.60000000,67411.00000000,67809.50000000,124294703.75546999
2026-03-07 09:00:00,67809.50000000,68207.10000000,67677.10000000,67975.90000000,84194569.07658000
2026-03-07 13:00:00,67975.90000000,68058.60000000,67568.40000000,67844.90000000,94368472.40637000
2026-03-07 17:00:00,67844.90000000,67909.30000000,66864.20000000,67042.60000000,158524436.14517000
2026-03-07 21:00:00,67042.60000000,67445.70000000,67029.10000000,67232.10000000,86333359.90589000
2026-03-08 01:00:00,67232.10000000,67459.00000000,66772.80000000,66982.60000000,117069430.12647000
2026-03-08 05:00:00,66982.60000000,67426.10000000,66508.10000000,67277.20000000,136121998.32791001
2026-03-08 09:00:00,67277.20000000,68168.90000000,67121.20000000,67490.10000000,179081309.60630000
2026-03-08 13:00:00,67490.10000000,67623.00000000,66758.60000000,67174.60000000,178505556.13591999
2026-03-08 17:00:00,67174.60000000,67443.60000000,66715.30000000,67299.00000000,129029674.13987000
2026-03-08 21:00:00,67299.00000000,67494.50000000,65570.80000000,65934.40000000,307594265.67785001
2026-03-09 01:00:00,65934.40000000,67645.50000000,65772.50000000,67165.30000000,227859466.86024001
2026-03-09 05:00:00,67165.30000000,68025.90000000,66839.00000000,67504.80000000,213639488.67732999
2026-03-09 09:00:00,67504.80000000,68431.30000000,67301.10000000,67723.30000000,232978808.72020000
2026-03-09 13:00:00,67723.30000000,69441.80000000,67714.20000000,68832.40000000,404442298.76468003
2026-03-09 17:00:00,68832.40000000,69489.90000000,68200.30000000,68951.70000000,312801606.75537997
2026-03-09 21:00:00,68951.70000000,69100.20000000,68341.00000000,68394.00000000,109895304.09282000
2026-03-10 01:00:00,68394.00000000,70555.00000000,68352.10000000,69390.90000000,320631259.97574002
2026-03-10 05:00:00,69390.90000000,70500.00000000,69390.90000000,70374.60000000,202406952.02853999
2026-03-10 09:00:00,70374.60000000,71267.30000000,70332.60000000,70570.10000000,275608867.45074999
2026-03-10 13:00:00,70570.10000000,71748.10000000,69208.00000000,71294.50000000,722188414.21763003
2026-03-10 17:00:00,71294.50000000,71665.50000000,69689.90000000,70015.30000000,357160867.57608998
2026-03-10 21:00:00,70015.30000000,70375.30000000,69400.30000000,69901.80000000,157706706.09068999
2026-03-11 01:00:00,69901.80000000,70135.90000000,69455.60000000,69515.10000000,105427772.15930000
2026-03-11 05:00:00,69515.10000000,70237.50000000,69356.40000000,69622.20000000,171637776.11622000
2026-03-11 09:00:00,69622.20000000,69747.40000000,69099.70000000,69143.90000000,140212838.19464001
2026-03-11 13:00:00,69143.90000000,71060.70000000,68933.30000000,70186.90000000,685371296.79832006
2026-03-11 17:00:00,70186.90000000,71280.20000000,70115.40000000,70600.80000000,287225416.05438000
2026-03-11 21:00:00,70600.80000000,70917.10000000,70078.60000000,70150.00000000,129896180.74099000
2026-03-12 01:00:00,70150.00000000,70314.10000000,69180.00000000,69408.70000000,162207362.96926999
2026-03-12 05:00:00,69408.70000000,69817.40000000,69164.80000000,69782.70000000,130642680.88604000
2026-03-12 09:00:00,69782.70000000,70756.40000000,69540.90000000,70396.70000000,292907935.73760003
2026-03-12 13:00:00,70396.70000000,70625.00000000,69303.90000000,70282.90000000,604618578.71774006
2026-03-12 17:00:00,70282.90000000,70530.00000000,69725.10000000,70391.30000000,265565441.83002999
2026-03-12 21:00:00,70391.30000000,70708.20000000,69978.20000000,70484.00000000,134338136.75749999
2026-03-13 01:00:00,70484.00000000,71979.20000000,70342.70000000,71366.40000000,338443335.87897998
2026-03-13 05:00:00,71366.40000000,71642.30000000,71149.70000000,71585.20000000,132605485.06058000
2026-03-13 09:00:00,71585.20000000,72544.20000000,71347.10000000,72189.80000000,300149704.65785003
2026-03-13 13:00:00,72189.80000000,73866.00000000,71699.90000000,71800.10000000,729740096.16866004
2026-03-13 17:00:00,71800.10000000,72211.60000000,70810.70000000,71139.50000000,426125140.23493999
2026-03-13 21:00:00,71139.50000000,71452.10000000,70510.80000000,70895.50000000,165103540.80923000
2026-03-14 01:00:00,70895.50000000,71132.10000000,70441.20000000,71034.30000000,123678093.47576000
2026-03-14 05:00:00,71034.30000000,71265.90000000,70266.80000000,70565.70000000,131002180.72397999
2026-03-14 09:00:00,70565.70000000,70745.00000000,70350.00000000,70704.90000000,90528669.74970999
2026-03-14 13:00:00,70704.90000000,70907.60000000,70446.00000000,70554.70000000,102045797.44554000
2026-03-14 17:00:00,70554.70000000,70705.80000000,70455.60000000,70664.10000000,41735148.18026000
2026-03-14 21:00:00,70664.10000000,71221.80000000,70607.70000000,71174.40000000,97343893.44943000
2026-03-15 01:00:00,71174.40000000,71593.60000000,70818.60000000,71314.70000000,153697320.15786999
2026-03-15 05:00:00,71314.70000000,71749.90000000,71280.30000000,71420.70000000,135220962.77941000
2026-03-15 09:00:00,71420.70000000,71897.90000000,71420.70000000,71800.00000000,125285923.45434000
2026-03-15 13:00:00,71800.00000000,71800.10000000,71227.50000000,71444.40000000,156282866.00747001
2026-03-15 17:00:00,71444.40000000,71970.00000000,71275.00000000,71515.10000000,130763255.07381999
2026-03-15 21:00:00,71515.10000000,73178.50000000,71396.40000000,72778.80000000,366043183.17521000
2026-03-16 01:00:00,72778.80000000,74296.20000000,72243.10000000,73539.50000000,314701552.26302999
2026-03-16 05:00:00,73539.50000000,74443.50000000,73350.10000000,73427.80000000,297258996.95968002
2026-03-16 09:00:00,73427.80000000,73805.70000000,72855.10000000,73515.40000000,206979766.56134999
2026-03-16 13:00:00,73515.40000000,74481.90000000,72956.20000000,73240.30000000,519523734.33261001
2026-03-16 17:00:00,73240.30000000,74396.50000000,73122.00000000,73919.00000000,274266685.44783002
2026-03-16 21:00:00,73919.00000000,74879.90000000,73819.10000000,74846.30000000,259624723.83555999
2026-03-17 01:00:00,74846.30000000,75984.30000000,74231.60000000,74424.90000000,379329139.36194003
2026-03-17 05:00:00,74424.90000000,74650.00000000,73735.00000000,74212.70000000,215078094.91758001
2026-03-17 09:00:00,74212.70000000,74418.50000000,73512.00000000,73997.00000000,204058432.67710999
2026-03-17 13:00:00,73997.00000000,74856.20000000,73345.40000000,73878.60000000,459240995.98039001
2026-03-17 17:00:00,73878.60000000,74763.60000000,73826.80000000,74465.70000000,268142185.64919999
2026-03-17 21:00:00,74465.70000000,74767.60000000,73829.50000000,73872.40000000,161927975.72947001
2026-03-18 01:00:00,73872.40000000,74633.00000000,73495.80000000,74414.60000000,160988098.90395999
2026-03-18 05:00:00,74414.60000000,74455.70000000,73652.30000000,73840.00000000,118786438.14460000
2026-03-18 09:00:00,73840.00000000,74246.20000000,72743.90000000,72906.30000000,243748171.48424000
2026-03-18 13:00:00,72906.30000000,72947.00000000,70821.20000000,71436.30000000,658978239.87949002
2026-03-18 17:00:00,71436.30000000,71975.70000000,70876.20000000,71036.40000000,381987033.43145001
2026-03-18 21:00:00,71036.40000000,71399.20000000,70455.90000000,71202.90000000,230171614.15395999
2026-03-19 01:00:00,71202.90000000,71583.30000000,70858.40000000,71180.10000000,123245931.23274000
2026-03-19 05:00:00,71180.10000000,71180.00000000,69433.60000000,70145.10000000,290586432.08370000
2026-03-19 09:00:00,70145.10000000,70523.30000000,69862.60000000,69926.80000000,182667671.30548000
2026-03-19 13:00:00,69926.80000000,70127.80000000,68750.00000000,69372.70000000,545332971.57299995
2026-03-19 17:00:00,69372.70000000,70563.50000000,69087.20000000,70233.10000000,294835654.46173000
2026-03-19 21:00:00,70233.10000000,70652.70000000,69681.90000000,69887.30000000,158749610.78083000
2026-03-20 01:00:00,69887.30000000,70777.00000000,69801.20000000,70696.10000000,144787838.68112999
2026-03-20 05:00:00,70696.10000000,70937.60000000,70171.50000000,70811.90000000,159346392.92250001
2026-03-20 09:00:00,70811.90000000,71338.00000000,70176.70000000,70439.90000000,257100170.08704001
2026-03-20 13:00:00,70439.90000000,70647.50000000,69450.00000000,69829.60000000,393614221.91702002
2026-03-20 17:00:00,69829.60000000,70156.00000000,69355.00000000,70141.00000000,195271372.56463999
2026-03-20 21:00:00,70141.00000000,70887.90000000,69708.60000000,70472.70000000,154036189.31621999
2026-03-21 01:00:00,70472.70000000,70787.00000000,70403.20000000,70638.00000000,62154747.38175000
2026-03-21 05:00:00,70638.00000000,70849.20000000,70582.90000000,70687.30000000,72916348.65499000
2026-03-21 09:00:00,70687.30000000,70721.70000000,70456.00000000,70618.30000000,53530671.90337000
2026-03-21 13:00:00,70618.30000000,71075.10000000,70420.00000000,70599.10000000,126574099.03018001
2026-03-21 17:00:00,70599.10000000,70620.20000000,70163.70000000,70365.80000000,91344376.11482000
2026-03-21 21:00:00,70365.80000000,70482.20000000,68515.10000000,68881.50000000,179192135.79668999
2026-03-22 01:00:00,68881.50000000,69555.80000000,68197.10000000,69307.10000000,233405598.88335001
2026-03-22 05:00:00,69307.10000000,69493.20000000,68857.50000000,68884.50000000,99917306.22544000
2026-03-22 09:00:00,68884.50000000,68950.00000000,68044.00000000,68176.90000000,154841860.34490001
2026-03-22 13:00:00,68176.90000000,68987.10000000,68153.10000000,68814.90000000,147435680.61381999
2026-03-22 17:00:00,68814.90000000,68852.30000000,68108.10000000,68170.50000000,100456766.99913000
2026-03-22 21:00:00,68170.50000000,68470.60000000,67312.20000000,67830.60000000,251509806.73262000
2026-03-23 01:00:00,67830.60000000,68555.50000000,67408.50000000,68045.20000000,169655002.99581999
2026-03-23 05:00:00,68045.20000000,68870.60000000,67467.50000000,68290.80000000,249277528.08252001
2026-03-23 09:00:00,68290.80000000,71468.00000000,67880.00000000,70097.20000000,533658194.82459998
2026-03-23 13:00:00,70097.20000000,71778.40000000,69644.00000000,70112.20000000,588502946.09784997
2026-03-23 17:00:00,70112.20000000,71214.90000000,70106.70000000,70647.20000000,301499995.49668002
2026-03-23 21:00:00,70647.20000000,70973.10000000,70372.10000000,70866.00000000,114506306.12755001
2026-03-24 01:00:00,70866.00000000,71066.10000000,70248.90000000,70512.10000000,145954007.54868999
2026-03-24 05:00:00,70512.10000000,71375.80000000,70083.10000000,71261.70000000,308796878.95195001
2026-03-24 09:00:00,71261.70000000,71339.80000000,70812.70000000,71116.40000000,565139652.36501002
2026-03-24 13:00:00,71116.40000000,71143.90000000,69478.20000000,69837.60000000,1490950474.85121012
2026-03-24 17:00:00,69837.60000000,69979.00000000,68886.30000000,69342.60000000,950695876.26260996
2026-03-24 21:00:00,69342.60000000,70799.90000000,69257.90000000,70523.90000000,793396306.27596998
2026-03-25 01:00:00,70523.90000000,71024.40000000,70376.80000000,70689.20000000,532058210.32941997
2026-03-25 05:00:00,70689.20000000,71313.90000000,70662.00000000,70900.00000000,564743940.41938996
2026-03-25 09:00:00,70900.00000000,71997.60000000,70753.40000000,71650.30000000,886613725.70756996
2026-03-25 13:00:00,71650.30000000,71933.00000000,70536.60000000,70800.30000000,1316887763.18365002
2026-03-25 17:00:00,70800.30000000,71721.80000000,70649.60000000,70853.30000000,806401846.73802996
2026-03-25 21:00:00,70853.30000000,71556.30000000,70603.00000000,71297.60000000,425547805.16439998
2026-03-26 01:00:00,71297.60000000,71404.30000000,70640.10000000,70870.50000000,436377933.27548999
2026-03-26 05:00:00,70870.50000000,70881.90000000,69758.00000000,70053.80000000,699579004.24844003
2026-03-26 09:00:00,70053.80000000,70111.80000000,69150.70000000,69239.30000000,799887514.82438004
2026-03-26 13:00:00,69239.30000000,69846.30000000,68592.00000000,69059.10000000,1143556162.34516001
2026-03-26 17:00:00,69059.10000000,69137.10000000,68117.10000000,68498.80000000,761019869.97703004
2026-03-26 21:00:00,68498.80000000,69450.40000000,68408.40000000,68788.10000000,644145614.85084999
2026-03-27 01:00:00,68788.10000000,69142.70000000,68487.20000000,68728.80000000,405899225.07374001
2026-03-27 05:00:00,68728.80000000,68925.00000000,68257.20000000,68497.80000000,552626485.47049999
2026-03-27 09:00:00,68497.80000000,68603.50000000,66188.00000000,66663.20000000,1524411263.89291000
2026-03-27 13:00:00,66663.20000000,66741.50000000,65681.50000000,66092.00000000,1346340026.26434994
2026-03-27 17:00:00,66092.00000000,66254.50000000,65519.60000000,66007.90000000,825811130.30286002
2026-03-27 21:00:00,66007.90000000,66376.10000000,65774.20000000,66364.20000000,311219156.37722999
2026-03-28 01:00:00,66364.20000000,66472.40000000,65889.90000000,66191.90000000,322895881.43791997
2026-03-28 05:00:00,66191.90000000,66533.90000000,66071.40000000,66520.90000000,254681297.70295000
2026-03-28 09:00:00,66520.90000000,66527.60000000,66087.30000000,66288.40000000,237775086.17769000
2026-03-28 13:00:00,66288.40000000,67272.70000000,66194.70000000,66982.30000000,585748602.59299004
2026-03-28 17:00:00,66982.30000000,67065.00000000,66661.00000000,66873.00000000,201619232.92238000
2026-03-28 21:00:00,66873.00000000,66978.00000000,66244.80000000,66334.70000000,255105440.60991001
2026-03-29 01:00:00,66334.70000000,67100.00000000,66239.80000000,66875.70000000,273799980.97496003
2026-03-29 06:00:00,66875.70000000,66907.50000000,66521.40000000,66632.40000000,199418722.81481001
2026-03-29 10:00:00,66632.40000000,66980.90000000,66375.50000000,66780.70000000,274298894.11084002
2026-03-29 14:00:00,66780.70000000,66848.90000000,66289.20000000,66499.90000000,348032591.05429000
2026-03-29 18:00:00,66499.90000000,66639.00000000,66127.60000000,66320.20000000,227200104.49924999
2026-03-29 22:00:00,66320.20000000,66767.90000000,64939.60000000,65977.90000000,824869795.31478000
2026-03-30 02:00:00,65977.90000000,67432.40000000,65756.70000000,67139.00000000,851802446.45069003
2026-03-30 06:00:00,67139.00000000,67777.00000000,67129.30000000,67595.80000000,488307489.56080002
2026-03-30 10:00:00,67595.80000000,67979.00000000,67333.30000000,67649.90000000,504795059.42514002
2026-03-30 14:00:00,67649.90000000,68132.50000000,67055.00000000,67595.50000000,982301279.97723997
2026-03-30 18:00:00,67595.50000000,67614.90000000,66200.10000000,66517.20000000,773087536.74003005
2026-03-30 22:00:00,66517.20000000,66971.20000000,66377.10000000,66764.40000000,348340082.79352999
2026-03-31 02:00:00,66764.40000000,68375.00000000,66499.00000000,67670.70000000,755482351.95985997
2026-03-31 06:00:00,67670.70000000,67841.40000000,67071.90000000,67343.90000000,448618133.54723001
2026-03-31 10:00:00,67343.90000000,67477.10000000,65955.00000000,66652.40000000,926917891.73607004
2026-03-31 14:00:00,66652.40000000,67732.00000000,66391.00000000,66699.90000000,1283584229.57896996
2026-03-31 18:00:00,66699.90000000,68575.80000000,66695.90000000,67803.00000000,1099111875.14572001
2026-03-31 22:00:00,67803.00000000,68378.80000000,67802.10000000,68241.40000000,355378662.29536003
2026-04-01 02:00:00,68241.40000000,68330.00000000,67538.40000000,68134.10000000,427051489.62010998
2026-04-01 06:00:00,68134.10000000,69287.90000000,67973.80000000,68664.40000000,734384795.86565995
2026-04-01 10:00:00,68664.40000000,68821.50000000,68360.10000000,68672.10000000,370994316.84233999
2026-04-01 14:00:00,68672.10000000,68922.60000000,67891.10000000,68877.00000000,713469601.91130996
2026-04-01 18:00:00,68877.00000000,69142.60000000,67906.20000000,68143.70000000,539975676.95034003
2026-04-01 22:00:00,68143.70000000,68503.20000000,67927.00000000,68086.40000000,234324590.92987999
2026-04-02 02:00:00,68086.40000000,68632.00000000,66455.90000000,66538.40000000,942042285.57257998
2026-04-02 06:00:00,66538.40000000,66898.40000000,66185.10000000,66887.80000000,405249904.91786999
2026-04-02 10:00:00,66887.80000000,66887.90000000,66088.00000000,66180.70000000,353191156.19871998
2026-04-02 14:00:00,66180.70000000,67075.80000000,65677.60000000,66810.70000000,948809425.19806004
2026-04-02 18:00:00,66810.70000000,67400.00000000,66550.10000000,66943.30000000,533821501.03293002
2026-04-02 22:00:00,66943.30000000,67074.00000000,66683.50000000,66868.50000000,153181636.78962001
2026-04-03 02:00:00,66868.50000000,66976.20000000,66240.00000000,66553.00000000,283904841.82397997
2026-04-03 06:00:00,66553.00000000,67229.00000000,66375.10000000,67008.70000000,221287588.89759001
2026-04-03 10:00:00,67008.70000000,67258.20000000,66644.00000000,66983.50000000,202630803.85229999
2026-04-03 14:00:00,66983.50000000,67338.60000000,66478.50000000,66806.10000000,354480407.00388002
2026-04-03 18:00:00,66806.10000000,67045.70000000,66720.30000000,66857.00000000,131597369.96098000
2026-04-03 22:00:00,66857.00000000,66945.30000000,66791.80000000,66929.90000000,76719918.00196999
2026-04-04 02:00:00,66929.90000000,66935.40000000,66773.40000000,66799.10000000,65120593.01773000
2026-04-04 06:00:00,66799.10000000,67023.70000000,66745.50000000,66982.10000000,67181738.98174000
2026-04-04 10:00:00,66982.10000000,67211.80000000,66874.50000000,67128.90000000,108005844.44191000
2026-04-04 14:00:00,67128.90000000,67537.00000000,67003.60000000,67357.30000000,186856070.92140001
2026-04-04 18:00:00,67357.30000000,67523.30000000,67227.30000000,67262.70000000,117676045.81023000
2026-04-04 22:00:00,67262.70000000,67450.20000000,67155.00000000,67271.00000000,375659072.02425998
2026-04-05 02:00:00,67271.00000000,67279.20000000,66926.60000000,67111.00000000,315532104.58178997
2026-04-05 06:00:00,67111.00000000,67160.00000000,66575.50000000,66787.40000000,145873617.09303999
2026-04-05 10:00:00,66787.40000000,67124.80000000,66782.10000000,66972.70000000,77778461.02005000
2026-04-05 14:00:00,66972.70000000,67823.70000000,66650.20000000,67272.20000000,300073500.58326000
2026-04-05 18:00:00,67272.20000000,67532.70000000,67140.30000000,67329.10000000,128156315.07171001
2026-04-05 22:00:00,67329.10000000,69107.90000000,67302.40000000,68997.90000000,489426391.00505000
2026-04-06 02:00:00,68997.90000000,69574.90000000,68740.30000000,69092.40000000,374666395.00019997
2026-04-06 06:00:00,69092.40000000,69332.60000000,68769.60000000,69086.40000000,185788131.23399001
2026-04-06 10:00:00,69086.40000000,70252.50000000,69047.70000000,69583.60000000,319646715.00024998
2026-04-06 14:00:00,69583.60000000,69931.90000000,69113.40000000,69922.40000000,400398713.21451998
2026-04-06 18:00:00,69922.40000000,70319.90000000,69240.10000000,69716.30000000,387826333.04990000
2026-04-06 22:00:00,69716.30000000,69940.00000000,68251.30000000,68817.90000000,300090460.55193001
2026-04-07 02:00:00,68817.90000000,69108.70000000,68241.90000000,68746.40000000,230740641.65930000
2026-04-07 06:00:00,68746.40000000,68955.40000000,68405.20000000,68592.00000000,127936028.60089999
2026-04-07 10:00:00,68592.00000000,69218.70000000,68034.60000000,68310.70000000,370882625.65328997
2026-04-07 14:00:00,68310.70000000,68611.20000000,67711.00000000,68138.50000000,498078347.76051003
2026-04-07 18:00:00,68138.50000000,69062.90000000,68050.00000000,68986.30000000,326500650.91134000
2026-04-07 22:00:00,68986.30000000,72743.40000000,68975.80000000,71890.30000000,1144047578.61815000
2026-04-08 02:00:00,71890.30000000,72086.30000000,71198.40000000,71259.60000000,280991157.24392998
2026-04-08 06:00:00,71259.60000000,71911.80000000,71250.20000000,71612.10000000,189626418.98690000
2026-04-08 10:00:00,71612.10000000,71934.30000000,71368.60000000,71644.90000000,199044799.91543999
2026-04-08 14:00:00,71644.90000000,72831.00000000,70671.60000000,71274.80000000,952647436.34542000
2026-04-08 18:00:00,71274.80000000,71926.90000000,70980.00000000,71297.20000000,414206938.83446002
2026-04-08 22:00:00,71297.20000000,71710.10000000,70864.80000000,71038.10000000,174709045.66242000
2026-04-09 02:00:00,71038.10000000,71168.00000000,70428.00000000,70961.30000000,235901782.40612000
2026-04-09 06:00:00,70961.30000000,71087.30000000,70666.10000000,70945.00000000,135944972.50863999
2026-04-09 10:00:00,70945.00000000,71533.00000000,70831.90000000,71109.90000000,242553386.81819001
2026-04-09 14:00:00,71109.90000000,72320.00000000,70483.70000000,72108.00000000,691462046.45842004
2026-04-09 18:00:00,72108.00000000,72517.60000000,71689.50000000,72055.90000000,534919429.20936000
2026-04-09 22:00:00,72055.90000000,73127.90000000,71541.80000000,71750.30000000,428672884.10600001
2026-04-10 02:00:00,71750.30000000,72350.00000000,71546.00000000,71837.30000000,215931324.14335001
2026-04-10 06:00:00,71837.30000000,72243.60000000,71392.90000000,71461.20000000,179248983.05759999
2026-04-10 10:00:00,71461.20000000,72229.10000000,71395.00000000,72089.80000000,223053799.70502999
2026-04-10 14:00:00,72089.80000000,73283.70000000,71872.00000000,72421.10000000,746947050.40906000
2026-04-10 18:00:00,72421.10000000,73220.10000000,72350.00000000,73187.90000000,289475939.77544999
2026-04-10 22:00:00,73187.90000000,73403.90000000,72701.10000000,72917.40000000,212252592.57583001
2026-04-11 02:00:00,72917.40000000,73064.60000000,72631.50000000,72835.20000000,97799216.61592001
2026-04-11 06:00:00,72835.20000000,72921.50000000,72566.40000000,72707.80000000,97136816.69024999
2026-04-11 10:00:00,72707.80000000,72886.00000000,72580.00000000,72868.20000000,89707362.01953000
2026-04-11 14:00:00,72868.20000000,72945.00000000,72466.40000000,72817.30000000,144862327.01330000
2026-04-11 18:00:00,72817.30000000,73773.20000000,72775.30000000,73635.90000000,289870232.96569997
2026-04-11 22:00:00,73635.90000000,73648.80000000,72861.20000000,73013.50000000,179399903.09004000
2026-04-12 02:00:00,73013.50000000,73094.40000000,71259.00000000,71563.60000000,410887228.57776999
2026-04-12 06:00:00,71563.60000000,71749.90000000,71375.60000000,71628.20000000,149157242.77013001
2026-04-12 10:00:00,71628.20000000,71748.50000000,71310.30000000,71435.10000000,149603420.26681000
2026-04-12 14:00:00,71435.10000000,71478.00000000,70565.80000000,70856.10000000,350864230.85444999
2026-04-12 18:00:00,70856.10000000,71196.00000000,70777.40000000,71055.20000000,145512251.56158999
2026-04-12 22:00:00,71055.20000000,71411.80000000,70471.70000000,70709.40000000,286024623.56538999
2026-04-13 02:00:00,70709.40000000,71245.10000000,70575.90000000,70944.90000000,164417288.33574000
2026-04-13 06:00:00,70944.90000000,71113.00000000,70634.80000000,70780.10000000,138581706.97995001
2026-04-13 10:00:00,70780.10000000,70952.00000000,70526.60000000,70883.90000000,149000301.67692000
2026-04-13 14:00:00,70883.90000000,72428.50000000,70722.30000000,71823.60000000,742952767.41506004
2026-04-13 18:00:00,71823.60000000,73433.00000000,71629.50000000,73277.70000000,622455711.29138994
2026-04-13 22:00:00,73277.70000000,74870.00000000,72953.40000000,74385.00000000,677188041.42127001
2026-04-14 02:00:00,74385.00000000,74552.10000000,73947.20000000,74408.80000000,211965735.54817000
2026-04-14 06:00:00,74408.80000000,74898.00000000,74124.10000000,74513.30000000,191041016.79990000
2026-04-14 10:00:00,74513.30000000,74872.90000000,74267.20000000,74342.40000000,210494560.35464999
2026-04-14 14:00:00,74342.40000000,76006.50000000,74236.10000000,75274.80000000,942945283.07289004
2026-04-14 18:00:00,75274.80000000,75651.00000000,73789.70000000,74171.90000000,553204890.37776995
2026-04-14 22:00:00,74171.90000000,74383.20000000,73771.50000000,74106.90000000,179801027.92629001
2026-04-15 02:00:00,74106.90000000,74738.00000000,74085.00000000,74296.80000000,191963560.19532999
2026-04-15 06:00:00,74296.80000000,74399.90000000,73477.60000000,73705.20000000,239560864.98980001
2026-04-15 10:00:00,73705.20000000,74219.70000000,73640.10000000,74155.10000000,237704715.58370000
2026-04-15 14:00:00,74155.10000000,74467.10000000,73540.00000000,73797.60000000,483601053.49971998
2026-04-15 18:00:00,73797.60000000,75236.30000000,73715.20000000,74957.70000000,368044319.93436998
2026-04-15 22:00:00,74957.70000000,75404.00000000,74466.50000000,74776.20000000,316579883.94915998
2026-04-16 02:00:00,74776.20000000,75226.30000000,74400.10000000,74851.90000000,210359108.78295001
2026-04-16 06:00:00,74851.90000000,75130.00000000,74590.30000000,74667.70000000,167451507.11061001
2026-04-16 10:00:00,74667.70000000,74865.60000000,74229.20000000,74528.40000000,265574369.35754001
2026-04-16 14:00:00,74528.40000000,74981.30000000,73256.50000000,74659.50000000,795967560.55560994
2026-04-16 18:00:00,74659.50000000,75378.10000000,73873.30000000,75305.50000000,513384145.98482001
2026-04-16 22:00:00,75305.50000000,75500.00000000,74766.80000000,75106.90000000,226597773.48539001
2026-04-17 02:00:00,75106.90000000,75118.40000000,74492.30000000,74582.80000000,125822370.63929000
2026-04-17 06:00:00,74582.80000000,75060.30000000,74510.40000000,75047.40000000,155270637.08460999
2026-04-17 10:00:00,75047.40000000,76345.60000000,74952.90000000,75542.20000000,622940950.62883997
2026-04-17 14:00:00,75542.20000000,77997.80000000,75481.80000000,77734.40000000,1232480254.91137004
2026-04-17 18:00:00,77734.40000000,78299.60000000,76947.80000000,77346.40000000,493887283.12752998
2026-04-17 22:00:00,77346.40000000,77563.80000000,76856.00000000,77030.50000000,161227489.51201999
2026-04-18 02:00:00,77030.50000000,77380.20000000,76913.20000000,76963.20000000,114693220.91804001
2026-04-18 06:00:00,76963.20000000,77233.40000000,76827.70000000,76951.00000000,112152162.54711001
2026-04-18 10:00:00,76951.00000000,77004.20000000,75711.20000000,76001.90000000,396821380.54088998
2026-04-18 14:00:00,76001.90000000,76333.10000000,75741.50000000,76124.70000000,203408321.81487000
2026-04-18 18:00:00,76124.70000000,76176.60000000,75399.20000000,75604.30000000,247151056.10429001
2026-04-18 22:00:00,75604.30000000,75843.30000000,75551.00000000,75653.80000000,97504409.70840000
2026-04-19 02:00:00,75653.80000000,75804.00000000,75314.00000000,75473.60000000,119400490.42588000
2026-04-19 06:00:00,75473.60000000,75747.30000000,74827.90000000,75205.70000000,217130289.96171001
2026-04-19 10:00:00,75205.70000000,75587.90000000,74872.40000000,75555.90000000,176962035.85763001
2026-04-19 14:00:00,75555.90000000,76196.00000000,75345.10000000,75807.70000000,343095753.39656001
2026-04-19 18:00:00,75807.70000000,75817.60000000,74549.80000000,74917.90000000,334954527.00843000
2026-04-19 22:00:00,74917.90000000,74920.20000000,73723.30000000,73752.00000000,371304708.90841001
2026-04-20 02:00:00,73752.00000000,74697.60000000,73675.50000000,74593.90000000,238300236.45602000
2026-04-20 06:00:00,74593.90000000,75539.40000000,74061.20000000,74795.40000000,299303483.71424001
2026-04-20 10:00:00,74795.40000000,75375.10000000,74571.80000000,75148.70000000,236843841.44481999
2026-04-20 14:00:00,75148.70000000,75744.10000000,74659.00000000,75668.10000000,572902334.84109998
2026-04-20 18:00:00,75668.10000000,76444.70000000,75242.50000000,76256.90000000,423444214.02158999
2026-04-20 22:00:00,76256.90000000,76531.40000000,75578.20000000,75791.20000000,210158057.74928999
2026-04-21 02:00:00,75791.20000000,76218.10000000,75436.30000000,75669.10000000,174101338.09950000
2026-04-21 06:00:00,75669.10000000,76272.40000000,75558.80000000,76050.00000000,174295919.60413000
2026-04-21 10:00:00,76050.00000000,76878.60000000,76024.90000000,76407.50000000,345986005.88441002
2026-04-21 14:00:00,76407.50000000,76560.90000000,75390.60000000,75799.90000000,645241110.69187999
2026-04-21 18:00:00,75799.90000000,76155.00000000,74777.90000000,74988.70000000,490275027.83012003
2026-04-21 22:00:00,74988.70000000,76393.30000000,74942.20000000,76288.30000000,295640986.99579000
2026-04-22 02:00:00,76288.30000000,77699.00000000,76095.10000000,77488.40000000,451608571.41892999
2026-04-22 06:00:00,77488.40000000,78433.40000000,77321.70000000,77979.70000000,451205105.70222002
2026-04-22 10:00:00,77979.70000000,78365.30000000,77896.10000000,78263.10000000,219302507.27101001
2026-04-22 14:00:00,78263.10000000,79370.00000000,78070.10000000,79234.20000000,792601873.63803995
2026-04-22 18:00:00,79234.20000000,79435.20000000,78590.20000000,78791.40000000,376192506.95958000
2026-04-22 22:00:00,78791.40000000,78868.90000000,78111.60000000,78139.80000000,235137514.79146001
2026-04-23 02:00:00,78139.80000000,78532.40000000,77416.10000000,77704.30000000,373372661.43757999
2026-04-23 06:00:00,77704.30000000,78301.20000000,77628.90000000,78009.00000000,217966544.55127999
2026-04-23 10:00:00,78009.00000000,78142.30000000,76709.60000000,77650.00000000,395771083.72543001
2026-04-23 14:00:00,77650.00000000,78632.20000000,77345.00000000,78329.30000000,523697351.54812998
2026-04-23 18:00:00,78329.30000000,78466.80000000,76900.10000000,77665.00000000,498881488.18794000
2026-04-23 22:00:00,77665.00000000,78299.00000000,77598.40000000,78214.90000000,186923916.04451001
2026-04-24 02:00:00,78214.90000000,78529.00000000,77503.30000000,77690.10000000,319936264.90548003
2026-04-24 06:00:00,77690.10000000,78008.00000000,77402.20000000,77620.60000000,196240266.54071000
2026-04-24 10:00:00,77620.60000000,78343.60000000,77363.00000000,78194.90000000,361228218.24882001
2026-04-24 14:00:00,78194.90000000,78429.90000000,77521.00000000,78007.30000000,486166258.83819997
2026-04-24 18:00:00,78007.30000000,78031.90000000,77316.80000000,77596.10000000,302503574.72201997
2026-04-24 22:00:00,77596.10000000,77727.00000000,77208.00000000,77395.90000000,164350407.98034000
2026-04-25 02:00:00,77395.90000000,77676.70000000,77260.30000000,77628.90000000,98076867.66345000
2026-04-25 06:00:00,77628.90000000,77653.30000000,77400.00000000,77450.00000000,61429384.21041000
2026-04-25 10:00:00,77450.00000000,77847.00000000,77444.00000000,77637.70000000,123682467.83676000
2026-04-25 14:00:00,77637.70000000,77713.50000000,77266.60000000,77289.40000000,126196038.95943999
2026-04-25 18:00:00,77289.40000000,77411.80000000,77100.10000000,77285.70000000,159101834.76760000
2026-04-25 22:00:00,77285.70000000,77605.60000000,77267.30000000,77585.00000000,76751095.35083000
2026-04-26 02:00:00,77585.00000000,77607.70000000,77280.00000000,77349.30000000,63637155.98531000
2026-04-26 06:00:00,77349.30000000,78164.00000000,77338.40000000,78061.40000000,189394238.76679000
2026-04-26 10:00:00,78061.40000000,78175.70000000,77880.00000000,78050.10000000,108748005.45411000
2026-04-26 14:00:00,78050.10000000,78136.50000000,77723.80000000,78007.90000000,147224042.73492000
2026-04-26 18:00:00,78007.90000000,78477.90000000,77815.00000000,78183.20000000,235986008.91170999
2026-04-26 22:00:00,78183.20000000,78923.40000000,77798.70000000,78611.70000000,431949000.48386002
2026-04-27 02:00:00,78611.70000000,79446.10000000,78352.30000000,79065.10000000,382903488.85527998
2026-04-27 06:00:00,79065.10000000,79125.90000000,77410.10000000,77556.80000000,461997359.58613998
2026-04-27 10:00:00,77556.80000000,77948.90000000,77498.40000000,77804.20000000,187002120.47841999
2026-04-27 14:00:00,77804.20000000,78232.00000000,76529.80000000,76760.00000000,756640706.66316998
2026-04-27 18:00:00,76760.00000000,76902.70000000,76417.40000000,76844.30000000,305429358.67026001
2026-04-27 22:00:00,76844.30000000,77420.80000000,76718.20000000,77331.10000000,187521507.23881999
2026-04-28 02:00:00,77331.10000000,77450.00000000,76632.40000000,76770.60000000,213890128.60328001
2026-04-28 06:00:00,76770.60000000,77124.70000000,76373.60000000,76828.40000000,271175836.30317003
2026-04-28 10:00:00,76828.40000000,76956.00000000,76088.10000000,76198.90000000,312273242.38348001
2026-04-28 14:00:00,76198.90000000,76395.90000000,75637.50000000,76020.30000000,496425486.06936002
2026-04-28 18:00:00,76020.30000000,76352.00000000,75845.10000000,76293.60000000,222357388.72262999
2026-04-28 22:00:00,76293.60000000,76448.30000000,76148.00000000,76298.20000000,153362644.09804001
2026-04-29 02:00:00,76298.20000000,77096.90000000,76138.70000000,76955.60000000,248807502.98988000
2026-04-29 06:00:00,76955.60000000,77432.10000000,76846.00000000,77003.80000000,299954635.69590998
2026-04-29 10:00:00,77003.80000000,77869.50000000,76918.50000000,77552.50000000,319288242.80699998
2026-04-29 14:00:00,77552.50000000,77563.50000000,75675.20000000,75874.50000000,682404183.12355995
2026-04-29 18:00:00,75874.50000000,76214.90000000,74868.40000000,75525.80000000,737210873.09817004
2026-04-29 22:00:00,75525.80000000,76061.20000000,75448.00000000,75749.90000000,199405822.98184001
2026-04-30 02:00:00,75749.90000000,76418.70000000,75453.30000000,75884.30000000,255493326.60297000
2026-04-30 06:00:00,75884.30000000,76148.00000000,75283.00000000,76129.90000000,203949169.15904000
2026-04-30 10:00:00,76129.90000000,76316.20000000,75840.70000000,76032.90000000,208985027.26449001
2026-04-30 14:00:00,76032.90000000,76629.40000000,76009.80000000,76429.20000000,476523733.38679999
2026-04-30 18:00:00,76429.20000000,76470.20000000,76060.50000000,76374.40000000,164260684.50055000
2026-04-30 22:00:00,76374.40000000,76535.50000000,76156.40000000,76305.60000000,94985457.11525001
2026-05-01 02:00:00,76305.60000000,77421.20000000,76268.70000000,77082.60000000,344754759.20458001
2026-05-01 06:00:00,77082.60000000,77174.00000000,76834.60000000,77099.90000000,149098685.72472000
2026-05-01 10:00:00,77099.90000000,77585.40000000,77010.50000000,77429.60000000,224798706.54848000
2026-05-01 14:00:00,77429.60000000,78878.70000000,77368.20000000,78395.50000000,913394582.32143998
2026-05-01 18:00:00,78395.50000000,78642.00000000,78081.60000000,78317.00000000,253970098.46168000
2026-05-01 22:00:00,78317.00000000,78387.80000000,77717.70000000,78191.90000000,219835005.41657001
2026-05-02 02:00:00,78191.90000000,78500.00000000,78124.00000000,78377.70000000,115793650.80530000
2026-05-02 06:00:00,78377.70000000,78416.80000000,77988.60000000,78181.60000000,106154650.36009000
2026-05-02 10:00:00,78181.60000000,78359.20000000,78055.70000000,78105.70000000,76027268.82497001
2026-05-02 14:00:00,78105.70000000,78458.30000000,78058.30000000,78449.70000000,108755755.77704000
2026-05-02 18:00:00,78449.70000000,78558.40000000,78277.00000000,78442.80000000,91510181.79266000
2026-05-02 22:00:00,78442.80000000,79145.40000000,78375.90000000,78652.90000000,210414384.26797000
2026-05-03 02:00:00,78652.90000000,78721.50000000,78075.10000000,78162.30000000,175990761.94585001
2026-05-03 06:00:00,78162.30000000,78413.30000000,78027.00000000,78316.60000000,113429857.04099999
2026-05-03 10:00:00,78316.60000000,78814.70000000,78300.60000000,78620.30000000,139295345.46116000
2026-05-03 14:00:00,78620.30000000,78850.00000000,78555.50000000,78625.30000000,131683536.82528000
2026-05-03 18:00:00,78625.30000000,78822.30000000,78514.20000000,78729.20000000,92340906.34826000
2026-05-03 22:00:00,78729.20000000,79428.10000000,78440.00000000,78528.90000000,479885835.70548999
2026-05-04 02:00:00,78528.90000000,80425.90000000,78237.60000000,80278.70000000,731427165.09403002
2026-05-04 06:00:00,80278.70000000,80590.20000000,79440.30000000,79663.40000000,391842698.42407000
2026-05-04 10:00:00,79663.40000000,79899.80000000,78156.10000000,78753.50000000,662068502.76547003
2026-05-04 14:00:00,78753.50000000,80514.40000000,78462.40000000,79976.70000000,914037050.95483005
2026-05-04 18:00:00,79976.70000000,80754.10000000,79562.80000000,80018.30000000,516803872.04777002
2026-05-04 22:00:00,80018.30000000,80363.20000000,79715.90000000,79826.10000000,196318302.38967001
2026-05-05 02:00:00,79826.10000000,81050.00000000,79761.20000000,80836.90000000,367521538.94616002
2026-05-05 06:00:00,80836.90000000,81278.20000000,80677.90000000,80815.70000000,322280862.03057998
2026-05-05 10:00:00,80815.70000000,81063.00000000,80480.60000000,80973.00000000,322261287.25884998
2026-05-05 14:00:00,80973.00000000,81656.60000000,80879.50000000,81488.70000000,802631556.03497005
2026-05-05 18:00:00,81488.70000000,81636.50000000,81000.10000000,81554.40000000,305163688.06191999
2026-05-05 22:00:00,81554.40000000,81746.00000000,80730.60000000,80862.00000000,402078336.85842001
2026-05-06 02:00:00,80862.00000000,81716.30000000,80685.70000000,81535.90000000,315133117.37107998
2026-05-06 06:00:00,81535.90000000,81599.00000000,81005.60000000,81333.40000000,206367097.93031999
2026-05-06 10:00:00,81333.40000000,82812.30000000,81280.00000000,82485.40000000,752768725.37821996
2026-05-06 14:00:00,82485.40000000,82508.70000000,81075.80000000,81656.50000000,778781156.73506999
2026-05-06 18:00:00,81656.50000000,81854.10000000,81139.00000000,81416.50000000,261921183.39860001
2026-05-06 22:00:00,81416.50000000,81655.00000000,80937.10000000,81390.10000000,188892166.70804000
2026-05-07 02:00:00,81390.10000000,81443.80000000,80772.10000000,80797.40000000,271895050.73438001
2026-05-07 06:00:00,80797.40000000,81679.50000000,80677.20000000,81480.10000000,301760227.49563998
2026-05-07 10:00:00,81480.10000000,81558.10000000,80521.80000000,80828.00000000,351228802.34018999
2026-05-07 14:00:00,80828.00000000,81151.70000000,79653.30000000,79861.60000000,662655326.78583002
2026-05-07 18:00:00,79861.60000000,80237.10000000,79461.30000000,80099.30000000,407465719.74190003
2026-05-07 22:00:00,80099.30000000,80331.40000000,79531.20000000,79969.50000000,182105314.34279999
2026-05-08 02:00:00,79969.50000000,80105.80000000,79144.40000000,79539.90000000,212233674.62775001
2026-05-08 06:00:00,79539.90000000,79748.10000000,79208.00000000,79639.10000000,181266050.51151001
2026-05-08 10:00:00,79639.10000000,80287.00000000,79626.10000000,80181.80000000,309441771.06432998
2026-05-08 14:00:00,80181.80000000,80453.10000000,79507.50000000,80114.80000000,484096772.09845001
2026-05-08 18:00:00,80114.80000000,80266.10000000,79694.70000000,80145.20000000,209659972.50055999
2026-05-08 22:00:00,80145.20000000,80376.00000000,80046.90000000,80155.10000000,96816232.32258999
2026-05-09 02:00:00,80155.10000000,80512.20000000,80080.00000000,80340.70000000,91525582.89865001
2026-05-09 06:00:00,80340.70000000,80635.50000000,80095.90000000,80181.70000000,102208823.44563000
2026-05-09 10:00:00,80181.70000000,80422.20000000,80124.80000000,80310.50000000,71292811.29474001
2026-05-09 14:00:00,80310.50000000,80566.00000000,80190.00000000,80488.30000000,137886214.95249999
2026-05-09 18:00:00,80488.30000000,81043.20000000,80441.40000000,80896.00000000,267598465.67594001
2026-05-09 22:00:00,80896.00000000,80900.00000000,80577.80000000,80633.90000000,67998211.70042001
2026-05-10 02:00:00,80633.90000000,80858.20000000,80533.70000000,80735.10000000,75545054.32145999
2026-05-10 06:00:00,80735.10000000,80809.40000000,80619.50000000,80696.00000000,51066786.05521000
2026-05-10 10:00:00,80696.00000000,80940.70000000,80641.50000000,80782.10000000,87303295.46855000
2026-05-10 14:00:00,80782.10000000,81413.40000000,80743.20000000,81381.40000000,177267848.49116001
2026-05-10 18:00:00,81381.40000000,81562.00000000,81105.50000000,81398.00000000,233423060.86862001
2026-05-10 22:00:00,81398.00000000,82447.90000000,80227.50000000,82177.70000000,631146652.25847995
2026-05-11 02:00:00,82177.70000000,82349.90000000,80470.40000000,80693.70000000,414063847.02177000
2026-05-11 06:00:00,80693.70000000,81011.70000000,80597.80000000,80708.80000000,134488632.73591000
2026-05-11 10:00:00,80708.80000000,81171.40000000,80579.80000000,81167.10000000,143972035.11364999
2026-05-11 14:00:00,81167.10000000,81420.70000000,80414.30000000,81403.40000000,464710308.44240999
2026-05-11 18:00:00,81403.40000000,82099.00000000,81297.50000000,81917.70000000,397918513.76015002
2026-05-11 22:00:00,81917.70000000,82041.10000000,81555.00000000,81699.10000000,141986139.08324000
2026-05-12 02:00:00,81699.10000000,81757.30000000,80661.30000000,81028.30000000,262034328.58180001
2026-05-12 06:00:00,81028.30000000,81270.70000000,80756.00000000,80809.20000000,184859958.92917001
2026-05-12 10:00:00,80809.20000000,80929.70000000,80444.10000000,80748.10000000,220819702.05638000
2026-05-12 14:00:00,80748.10000000,80969.20000000,80142.90000000,80301.50000000,546994278.59413004
2026-05-12 18:00:00,80301.50000000,80836.50000000,79801.10000000,80797.10000000,387526443.09964001
2026-05-12 22:00:00,80797.10000000,80847.20000000,80393.90000000,80461.00000000,130135008.50551000
2026-05-13 02:00:00,80461.00000000,81267.90000000,80365.00000000,81217.00000000,202761219.60648999
2026-05-13 06:00:00,81217.00000000,81253.50000000,80847.00000000,80981.90000000,129567407.64328000
2026-05-13 10:00:00,80981.90000000,81271.40000000,80447.50000000,80460.10000000,299362516.17580998
2026-05-13 14:00:00,80460.10000000,80558.00000000,78761.90000000,78794.70000000,842032430.05122006
2026-05-13 18:00:00,78794.70000000,79765.80000000,78724.60000000,79604.80000000,393495869.42597002
2026-05-13 22:00:00,79604.80000000,79728.30000000,79188.20000000,79288.30000000,138710969.86870000
2026-05-14 02:00:00,79288.30000000,79659.80000000,78877.90000000,79005.40000000,224823692.26954001
2026-05-14 06:00:00,79005.40000000,79962.40000000,78934.80000000,79699.90000000,241731657.57799000
2026-05-14 10:00:00,79699.90000000,79900.00000000,79187.90000000,79216.70000000,220904696.56843999
2026-05-14 14:00:00,79216.70000000,81270.20000000,79196.40000000,81245.50000000,797873299.65936005
2026-05-14 18:00:00,81245.50000000,81998.60000000,81020.50000000,81373.80000000,761955948.33899999
2026-05-14 22:00:00,81373.80000000,81540.00000000,81007.90000000,81048.90000000,178151423.75284001
2026-05-15 02:00:00,81048.90000000,81623.80000000,80707.90000000,81022.80000000,297304943.52076000
2026-05-15 06:00:00,81022.80000000,81059.30000000,80266.80000000,80782.90000000,331453524.92834002
2026-05-15 10:00:00,80782.90000000,80792.90000000,80323.00000000,80582.10000000,192884709.23528999
2026-05-15 14:00:00,80582.10000000,80596.70000000,78612.80000000,79118.10000000,937975856.89154994
2026-05-15 18:00:00,79118.10000000,79532.20000000,79012.50000000,79119.00000000,204145356.23653001
2026-05-15 22:00:00,79119.00000000,79185.00000000,78862.90000000,79074.10000000,82247158.10584000
2026-05-16 02:00:00,79074.10000000,79199.70000000,78970.40000000,79053.40000000,65493460.13518000
2026-05-16 06:00:00,79053.40000000,79094.70000000,78014.10000000,78334.40000000,307529279.00362998
2026-05-16 10:00:00,78334.40000000,78520.20000000,77601.90000000,78042.60000000,347244541.52960002
2026-05-16 14:00:00,78042.60000000,78311.80000000,77800.00000000,78194.00000000,178700694.86897999
2026-05-16 18:00:00,78194.00000000,78337.40000000,78069.10000000,78223.90000000,85412196.07044999
2026-05-16 22:00:00,78223.90000000,78287.60000000,78085.10000000,78104.30000000,53239915.02517000
2026-05-17 02:00:00,78104.30000000,78213.90000000,77679.00000000,77990.20000000,184117853.69034001
2026-05-17 06:00:00,77990.20000000,78288.90000000,77957.30000000,78137.30000000,89303247.98999999
2026-05-17 10:00:00,78137.30000000,78564.40000000,77992.10000000,78371.50000000,152044812.72576001
2026-05-17 14:00:00,78371.50000000,78513.90000000,77800.00000000,78006.90000000,187221869.13554001
2026-05-17 18:00:00,78006.90000000,78432.00000000,77811.40000000,78369.00000000,160324071.22973001
2026-05-17 22:00:00,78369.00000000,78453.00000000,76677.10000000,77430.40000000,410673070.26468003
2026-05-18 02:00:00,77430.40000000,77452.70000000,76668.80000000,76900.00000000,408900104.47715002
2026-05-18 06:00:00,76900.00000000,77056.00000000,76534.50000000,77039.50000000,300096468.21809000
2026-05-18 10:00:00,77039.50000000,77374.90000000,76627.00000000,77255.00000000,239038368.53731000
2026-05-18 14:00:00,77255.00000000,77757.50000000,76017.00000000,76393.50000000,951094001.82860005
2026-05-18 18:00:00,76393.50000000,76963.50000000,76107.70000000,76891.90000000,465818267.22084999
2026-05-18 22:00:00,76891.90000000,77187.30000000,76753.60000000,76963.20000000,206713567.02388999
2026-05-19 02:00:00,76963.20000000,77382.00000000,76451.30000000,76750.00000000,226339559.05957001
2026-05-19 06:00:00,76750.00000000,77247.30000000,76595.70000000,77200.40000000,167477169.84268001
2026-05-19 10:00:00,77200.40000000,77291.20000000,76591.70000000,76677.10000000,257609348.69729999
2026-05-19 14:00:00,76677.10000000,77028.60000000,76107.20000000,76487.90000000,422382487.18317997
2026-05-19 18:00:00,76487.90000000,77042.50000000,76377.00000000,76780.00000000,229633759.49897999
2026-05-19 22:00:00,76780.00000000,77003.10000000,76611.00000000,76799.90000000,105521074.62695999
2026-05-20 02:00:00,76799.90000000,76900.00000000,76484.70000000,76689.60000000,193500609.65096000
2026-05-20 06:00:00,76689.60000000,77444.00000000,76650.10000000,77249.90000000,210391647.55151001
2026-05-20 10:00:00,77249.90000000,77639.30000000,77170.30000000,77351.20000000,193819238.46399999
2026-05-20 14:00:00,77351.20000000,77824.90000000,76856.30000000,77422.90000000,512014691.62281001
2026-05-20 18:00:00,77422.90000000,77685.40000000,76975.00000000,77630.60000000,241287643.93715999
2026-05-20 22:00:00,77630.60000000,77735.20000000,77183.70000000,77510.30000000,146381750.98749000
2026-05-21 02:00:00,77510.30000000,78143.60000000,77472.50000000,78039.10000000,244052344.03898001
2026-05-21 06:00:00,78039.10000000,78143.30000000,77486.00000000,77846.20000000,204252525.95943001
2026-05-21 10:00:00,77846.20000000,78179.50000000,77110.90000000,77157.40000000,363137781.42940998
2026-05-21 14:00:00,77157.40000000,77374.30000000,76698.90000000,77224.40000000,503706067.05391002
2026-05-21 18:00:00,77224.40000000,78071.40000000,76970.00000000,77651.00000000,457518222.94928998
2026-05-21 22:00:00,77651.00000000,77777.20000000,77490.50000000,77586.20000000,92183264.13452999
2026-05-22 02:00:00,77586.20000000,77775.90000000,77288.00000000,77740.00000000,102094139.76637000
2026-05-22 06:00:00,77740.00000000,77862.70000000,77237.20000000,77366.90000000,153915722.02805999
2026-05-22 10:00:00,77366.90000000,77505.70000000,77138.00000000,77394.80000000,157462419.91922000
2026-05-22 14:00:00,77394.80000000,77548.50000000,76528.10000000,76756.50000000,419417111.31116998
2026-05-22 18:00:00,76756.50000000,77068.80000000,75619.90000000,75827.10000000,493609139.04289001
2026-05-22 22:00:00,75827.10000000,76054.20000000,75327.50000000,75507.50000000,311978531.04043001
2026-05-23 02:00:00,75507.50000000,75633.70000000,75184.90000000,75599.10000000,206181922.60093999
2026-05-23 06:00:00,75599.10000000,75620.00000000,74208.60000000,74573.10000000,352758734.96947998
2026-05-23 10:00:00,74573.10000000,74839.10000000,74307.00000000,74763.40000000,253331925.97299001
2026-05-23 14:00:00,74763.40000000,75670.40000000,74626.00000000,75486.90000000,356734575.46972001
2026-05-23 18:00:00,75486.90000000,76000.00000000,75333.50000000,75949.40000000,217949787.36949000
2026-05-23 22:00:00,75949.40000000,77382.70000000,75913.90000000,76715.30000000,515487154.89310002
2026-05-24 02:00:00,76715.30000000,76983.10000000,76596.90000000,76702.70000000,129382979.30784000
2026-05-24 06:00:00,76702.70000000,77039.70000000,76611.00000000,76771.40000000,133132188.20919000
2026-05-24 10:00:00,76771.40000000,77591.20000000,76696.00000000,77289.40000000,196195105.98784000
2026-05-24 14:00:00,77289.40000000,77294.40000000,76160.10000000,76343.80000000,311034096.74546999
2026-05-24 18:00:00,76343.80000000,76772.30000000,76343.70000000,76738.40000000,128582857.18430001
2026-05-24 22:00:00,76738.40000000,77190.30000000,76058.90000000,77030.20000000,288523076.66780001
2026-05-25 02:00:00,77030.20000000,77450.60000000,76872.30000000,76989.00000000,160593700.25669000
2026-05-25 06:00:00,76989.00000000,77632.40000000,76950.00000000,77376.90000000,194602567.17107001
2026-05-25 10:00:00,77376.90000000,77660.00000000,77241.70000000,77318.20000000,142388719.18140000
2026-05-25 14:00:00,77318.20000000,77879.10000000,77244.80000000,77587.20000000,204244823.02372000
2026-05-25 18:00:00,77587.20000000,77785.00000000,77312.80000000,77403.30000000,127894079.75273000
2026-05-25 22:00:00,77403.30000000,77472.00000000,77011.30000000,77281.50000000,139254691.69132999
2026-05-26 02:00:00,77281.50000000,77319.60000000,76434.00000000,76628.90000000,241015830.70350999
2026-05-26 06:00:00,76628.90000000,77028.60000000,76556.90000000,76685.00000000,159394584.05123001
2026-05-26 10:00:00,76685.00000000,77600.10000000,76543.50000000,77153.90000000,269298061.08236003
2026-05-26 14:00:00,77153.90000000,78056.50000000,76234.70000000,76478.10000000,842720804.82666004
2026-05-26 18:00:00,76478.10000000,76678.70000000,75752.00000000,76028.30000000,431755244.41349000
2026-05-26 22:00:00,76028.30000000,76157.80000000,75641.20000000,75900.50000000,156455710.05981001
2026-05-27 02:00:00,75900.50000000,76083.90000000,75574.70000000,75635.50000000,148594701.95276001
2026-05-27 06:00:00,75635.50000000,75940.00000000,75277.70000000,75934.90000000,241199916.97690001
2026-05-27 10:00:00,75934.90000000,76038.00000000,75665.90000000,75738.00000000,162089421.17851999
2026-05-27 14:00:00,75738.00000000,76153.20000000,74739.30000000,75300.00000000,695325852.67297006
2026-05-27 18:00:00,75300.00000000,75382.60000000,74636.00000000,75039.80000000,287554293.37582999
2026-05-27 22:00:00,75039.80000000,75388.00000000,74209.90000000,74418.00000000,401171639.47674000
2026-05-28 02:00:00,74418.00000000,74565.30000000,73030.90000000,73224.50000000,579560127.42419004
2026-05-28 06:00:00,73224.50000000,73476.60000000,72671.50000000,73462.40000000,476430018.62102002
2026-05-28 10:00:00,73462.40000000,73592.10000000,73167.40000000,73479.10000000,178128133.56290999
2026-05-28 14:00:00,73479.10000000,73555.00000000,72555.80000000,72899.10000000,670655564.48736000
2026-05-28 18:00:00,72899.10000000,73723.00000000,72704.00000000,73393.40000000,316963545.37506002
2026-05-28 22:00:00,73393.40000000,73931.20000000,73212.30000000,73591.40000000,183490479.94321999
2026-05-29 02:00:00,73591.40000000,73844.00000000,73158.80000000,73269.20000000,162774315.17910001
2026-05-29 06:00:00,73269.20000000,73908.60000000,73171.80000000,73488.10000000,188574906.32067999
2026-05-29 10:00:00,73488.10000000,73866.80000000,73305.10000000,73447.60000000,153767210.28178999
2026-05-29 14:00:00,73447.60000000,74177.00000000,72444.30000000,73775.40000000,776117018.53601003
2026-05-29 18:00:00,73775.40000000,74293.00000000,73138.30000000,73484.00000000,448102463.20499998
2026-05-29 22:00:00,73484.00000000,73822.60000000,73279.30000000,73428.20000000,124063729.24374001
2026-05-30 02:00:00,73428.20000000,73757.90000000,73367.30000000,73492.40000000,88565344.29146001
2026-05-30 06:00:00,73492.40000000,73685.00000000,73134.40000000,73514.00000000,156964061.57536000
2026-05-30 10:00:00,73514.00000000,73647.90000000,73470.50000000,73567.90000000,62307469.13266000
2026-05-30 14:00:00,73567.90000000,74078.60000000,73556.30000000,73887.90000000,176516580.64504999
2026-05-30 18:00:00,73887.90000000,74108.90000000,73772.40000000,73980.00000000,93702793.97051001
2026-05-30 22:00:00,73980.00000000,74028.30000000,73750.00000000,73856.90000000,70122273.96357000
2026-05-31 02:00:00,73856.90000000,74249.90000000,73821.40000000,74107.50000000,136006797.89223999
2026-05-31 06:00:00,74107.50000000,74194.60000000,73797.10000000,73833.30000000,66557208.79814000
2026-05-31 10:00:00,73833.30000000,73998.90000000,73700.70000000,73916.80000000,106279089.89049999
2026-05-31 14:00:00,73916.80000000,73997.80000000,73404.30000000,73613.50000000,157336999.86644000
2026-05-31 18:00:00,73613.50000000,73704.00000000,73355.80000000,73521.90000000,126916823.41216999
2026-05-31 22:00:00,73521.90000000,74179.90000000,73470.60000000,73653.20000000,199974938.21752000
2026-06-01 02:00:00,73653.20000000,74070.50000000,73180.20000000,73731.30000000,239488177.13850001
2026-06-01 06:00:00,73731.30000000,73813.00000000,72668.20000000,72776.20000000,270171040.87650001
2026-06-01 10:00:00,72776.20000000,73075.80000000,72237.00000000,72452.80000000,370710468.46621001
2026-06-01 14:00:00,72452.80000000,72583.70000000,71038.10000000,71099.50000000,993354693.84670997
2026-06-01 18:00:00,71099.50000000,71780.10000000,70653.90000000,71570.90000000,525361560.26275003
2026-06-01 22:00:00,71570.90000000,71670.00000000,70806.00000000,71391.60000000,276714905.15125000
2026-06-02 02:00:00,71391.60000000,71397.20000000,70054.10000000,70920.70000000,514999416.14985001
2026-06-02 06:00:00,70920.70000000,71022.70000000,69699.90000000,70079.40000000,527487312.33109999
2026-06-02 10:00:00,70079.40000000,70143.50000000,69284.70000000,69430.30000000,544270265.91605997
2026-06-02 14:00:00,69430.30000000,69514.60000000,67042.30000000,67274.00000000,1367280156.30593991
2026-06-02 18:00:00,67274.00000000,68116.40000000,66388.00000000,67289.50000000,846826032.99808002
2026-06-02 22:00:00,67289.50000000,67898.20000000,66155.20000000,66730.00000000,845301258.47037005
2026-06-03 02:00:00,66730.00000000,67181.60000000,65378.10000000,65818.40000000,577782320.78972006
2026-06-03 06:00:00,65818.40000000,67484.60000000,65794.20000000,67186.80000000,610402097.16172004
2026-06-03 10:00:00,67186.80000000,67447.90000000,66620.00000000,67040.20000000,340356636.75954998
2026-06-03 14:00:00,67040.20000000,67220.20000000,66036.20000000,66040.40000000,546855883.51762998
2026-06-03 18:00:00,66040.40000000,66351.30000000,65200.00000000,65424.60000000,743380504.72522998
2026-06-03 22:00:00,65424.60000000,65830.20000000,64058.10000000,64117.60000000,828825991.30710995
2026-06-04 02:00:00,64117.60000000,64495.90000000,61351.70000000,64336.20000000,1521971184.03223991
2026-06-04 06:00:00,64336.20000000,64732.90000000,63455.00000000,63561.80000000,515370200.89977002
2026-06-04 10:00:00,63561.80000000,63875.70000000,62161.70000000,62520.70000000,759859614.42553997
2026-06-04 14:00:00,62520.70000000,64463.70000000,62353.60000000,63864.90000000,880705203.49318004
2026-06-04 18:00:00,63864.90000000,64149.60000000,62911.60000000,63597.90000000,493520931.95052999
2026-06-04 22:00:00,63597.90000000,63896.00000000,63072.10000000,63853.50000000,320424747.84439999
2026-06-05 02:00:00,63853.50000000,63955.00000000,62300.20000000,62698.10000000,387623360.16271001
2026-06-05 06:00:00,62698.10000000,63667.00000000,61074.80000000,63075.60000000,873400284.83508003
2026-06-05 10:00:00,63075.60000000,63230.30000000,61929.50000000,61930.00000000,441052481.27779001
2026-06-05 14:00:00,61930.00000000,62432.70000000,60012.90000000,60400.80000000,1224627749.91651011
2026-06-05 18:00:00,60400.80000000,61526.80000000,59090.00000000,60271.90000000,1152066700.47810006
2026-06-05 22:00:00,60271.90000000,61979.70000000,59903.80000000,61021.80000000,579255625.36696994
2026-06-06 02:00:00,61021.80000000,61500.00000000,60490.20000000,60662.70000000,268396689.17440999
2026-06-06 06:00:00,60662.70000000,61248.50000000,59451.30000000,60975.10000000,479900402.30747002
2026-06-06 10:00:00,60975.10000000,61473.30000000,60159.30000000,60773.50000000,267322083.33945999
2026-06-06 14:00:00,60773.50000000,61153.50000000,60357.10000000,60754.10000000,259253401.10519001
2026-06-06 18:00:00,60754.10000000,60943.70000000,60364.40000000,60563.90000000,177575582.77344999
2026-06-06 22:00:00,60563.90000000,60969.20000000,60393.40000000,60849.80000000,230708640.20004001
2026-06-07 02:00:00,60849.80000000,61763.20000000,60708.00000000,61671.10000000,300697537.67254001
2026-06-07 06:00:00,61671.10000000,62380.00000000,61447.10000000,62365.90000000,382282649.65952998
2026-06-07 10:00:00,62365.90000000,62942.30000000,62217.40000000,62598.80000000,451937871.57358998
2026-06-07 14:00:00,62598.80000000,62617.70000000,61543.20000000,62071.60000000,569588063.91966999
2026-06-07 18:00:00,62071.60000000,62301.20000000,61152.30000000,61303.80000000,333503456.55456001
2026-06-07 22:00:00,61303.80000000,64228.60000000,61189.50000000,63297.80000000,560510557.03777003
2026-06-08 02:00:00,63297.80000000,63840.00000000,62682.00000000,63101.60000000,359015443.28648001
2026-06-08 06:00:00,63101.60000000,63320.90000000,62377.00000000,63259.90000000,358489101.97329998
2026-06-08 10:00:00,63259.90000000,63852.00000000,62955.70000000,63450.10000000,284097780.85472000
2026-06-08 14:00:00,63450.10000000,64179.30000000,62674.80000000,63745.40000000,560686055.59238994
2026-06-08 18:00:00,63745.40000000,64014.50000000,63233.60000000,63351.40000000,239410466.71007001
2026-06-08 22:00:00,63351.40000000,63832.40000000,62939.80000000,63058.00000000,276997933.74913001
2026-06-09 02:00:00,63058.00000000,63157.30000000,62381.40000000,62841.10000000,257760525.52829999
2026-06-09 06:00:00,62841.10000000,63499.70000000,62715.40000000,63170.80000000,230936098.90696001
2026-06-09 10:00:00,63170.80000000,63183.00000000,62460.70000000,62679.80000000,336185871.16916001
2026-06-09 14:00:00,62679.80000000,62868.20000000,61001.00000000,61102.90000000,853295085.37966001
2026-06-09 18:00:00,61102.90000000,62079.50000000,60755.40000000,62068.80000000,616220207.37603998
2026-06-09 22:00:00,62068.80000000,62250.00000000,61519.00000000,61694.90000000,230063192.72049001
2026-06-10 02:00:00,61694.90000000,61945.40000000,61201.00000000,61518.20000000,208910280.83151999
2026-06-10 06:00:00,61518.20000000,61772.00000000,61045.70000000,61654.40000000,285054536.25524002
2026-06-10 10:00:00,61654.40000000,61707.60000000,60698.80000000,61003.10000000,414536355.14503998
2026-06-10 14:00:00,61003.10000000,62830.60000000,60930.10000000,62604.80000000,731306101.79911005
2026-06-10 18:00:00,62604.80000000,62617.10000000,61559.00000000,61912.30000000,333104982.29413003
2026-06-10 22:00:00,61912.30000000,61919.10000000,61069.00000000,61483.60000000,242227299.19633001
2026-06-11 02:00:00,61483.60000000,62873.20000000,61483.60000000,62657.60000000,278942385.04662001
2026-06-11 06:00:00,62657.60000000,62974.90000000,62508.60000000,62693.20000000,224539998.20482001
2026-06-11 10:00:00,62693.20000000,63235.90000000,62691.70000000,63078.00000000,291562210.48894000
2026-06-11 14:00:00,63078.00000000,63200.00000000,62488.70000000,62721.20000000,470593744.37334001
2026-06-11 18:00:00,62721.20000000,63901.00000000,62315.00000000,63567.60000000,513369185.91316003
2026-06-11 22:00:00,63567.60000000,63704.50000000,63235.80000000,63598.00000000,154955041.67910999
2026-06-12 02:00:00,63598.00000000,63770.50000000,63271.60000000,63490.10000000,132043067.25096001
2026-06-12 06:00:00,63490.10000000,63843.20000000,62802.80000000,63066.50000000,308940704.29306000
2026-06-12 10:00:00,63066.50000000,63930.00000000,63063.90000000,63729.50000000,235022945.01528001
2026-06-12 14:00:00,63729.50000000,64362.60000000,63021.60000000,63557.10000000,558522968.37281001
2026-06-12 18:00:00,63557.10000000,64078.90000000,63477.50000000,63555.10000000,196098287.50895000
2026-06-12 22:00:00,63555.10000000,63664.40000000,63362.80000000,63547.00000000,97527917.13536000
2026-06-13 02:00:00,63547.00000000,63818.90000000,63369.90000000,63494.40000000,87235111.56623000
2026-06-13 06:00:00,63494.40000000,63868.00000000,63444.90000000,63823.90000000,86042106.24562000
2026-06-13 10:00:00,63823.90000000,63946.90000000,63689.20000000,63936.10000000,83195744.76055001
2026-06-13 14:00:00,63936.10000000,64320.00000000,63884.50000000,64265.10000000,165154333.16828999
2026-06-13 18:00:00,64265.10000000,64298.70000000,63877.50000000,64264.30000000,174626111.12204999
2026-06-13 22:00:00,64264.30000000,64738.00000000,64190.00000000,64418.30000000,162885108.11460999
2026-06-14 02:00:00,64418.30000000,64682.20000000,64338.70000000,64514.90000000,94978909.96840000
2026-06-14 06:00:00,64514.90000000,64532.80000000,64189.70000000,64392.10000000,110830094.75082999
2026-06-14 10:00:00,64392.10000000,64640.60000000,64281.20000000,64511.70000000,120854827.44013999
2026-06-14 14:00:00,64511.70000000,64531.20000000,63829.90000000,63995.30000000,242870621.62131000
2026-06-14 18:00:00,63995.30000000,64183.40000000,63650.90000000,63777.40000000,157715746.58858001
2026-06-14 22:00:00,63777.40000000,65773.80000000,63761.50000000,65709.80000000,619864625.11143994
2026-06-15 02:00:00,65709.80000000,65989.90000000,65307.90000000,65894.70000000,280964217.77612001
2026-06-15 06:00:00,65894.70000000,65978.10000000,65577.80000000,65642.40000000,184952905.51245001
2026-06-15 10:00:00,65642.40000000,66346.10000000,65469.00000000,66192.00000000,294164124.53486001
2026-06-15 14:00:00,66192.00000000,67255.30000000,66066.40000000,67254.90000000,619426755.14519000
2026-06-15 18:00:00,67254.90000000,67254.90000000,66312.60000000,66580.80000000,310611037.81734997
2026-06-15 22:00:00,66580.80000000,66658.10000000,66065.10000000,66285.90000000,184784086.06138000
2026-06-16 02:00:00,66285.90000000,66426.90000000,65617.30000000,66125.40000000,249948298.43981001
2026-06-16 06:00:00,66125.40000000,66542.60000000,65768.70000000,66341.80000000,262583956.55735999
2026-06-16 10:00:00,66341.80000000,66956.70000000,66311.00000000,66455.90000000,241961311.08789000
2026-06-16 14:00:00,66455.90000000,66787.10000000,65328.80000000,65841.90000000,516382694.47750998
2026-06-16 18:00:00,65841.90000000,66225.40000000,65529.00000000,65653.30000000,203254765.54855999
2026-06-16 22:00:00,65653.30000000,65908.40000000,65561.30000000,65644.80000000,92148684.33057000
2026-06-17 02:00:00,65644.80000000,66092.50000000,65436.70000000,65818.60000000,120637279.08484000
2026-06-17 06:00:00,65818.60000000,66014.30000000,65210.10000000,65503.90000000,220615104.83298999
2026-06-17 10:00:00,65503.90000000,65545.80000000,64528.30000000,64774.60000000,333358486.63944000
2026-06-17 14:00:00,64774.60000000,65825.70000000,64550.70000000,65712.60000000,434901570.64499998
2026-06-17 18:00:00,65712.60000000,66418.20000000,64015.00000000,64271.30000000,871700639.27883995
2026-06-17 22:00:00,64271.30000000,64495.30000000,63885.10000000,64472.80000000,258711053.98073000
2026-06-18 02:00:00,64472.80000000,64780.00000000,64228.90000000,64254.90000000,154408279.78027999
2026-06-18 06:00:00,64254.90000000,64480.20000000,63660.20000000,64470.40000000,285917127.78724998
2026-06-18 10:00:00,64470.40000000,64625.90000000,63855.00000000,63940.10000000,287079787.86194003
2026-06-18 14:00:00,63940.10000000,64413.50000000,62258.50000000,62341.90000000,774983507.84437001
2026-06-18 18:00:00,62341.90000000,62983.60000000,62241.00000000,62925.30000000,421946172.35263002
2026-06-18 22:00:00,62925.30000000,63255.60000000,62710.50000000,62924.00000000,198542385.26473999
2026-06-19 02:00:00,62924.00000000,63088.00000000,62350.00000000,62745.10000000,190907653.04288000
2026-06-19 06:00:00,62745.10000000,62896.80000000,62375.70000000,62592.40000000,248465484.95328000
2026-06-19 10:00:00,62592.40000000,62758.10000000,62274.90000000,62600.00000000,213058205.94437000
2026-06-19 14:00:00,62600.00000000,63390.20000000,62315.20000000,63193.00000000,347076021.92976999
2026-06-19 18:00:00,63193.00000000,63372.80000000,62838.20000000,63001.80000000,202591391.89513999
2026-06-19 22:00:00,63001.80000000,63644.80000000,62926.20000000,63512.60000000,149764608.42115000
2026-06-20 02:00:00,63512.60000000,63750.20000000,63283.50000000,63440.50000000,122845639.47502001
2026-06-20 06:00:00,63440.50000000,63887.00000000,63367.60000000,63624.90000000,153707956.59362000
2026-06-20 10:00:00,63624.90000000,63770.00000000,63360.00000000,63651.30000000,183068104.87678000
2026-06-20 14:00:00,63651.30000000,64363.60000000,63147.90000000,64129.30000000,360665687.18770999
2026-06-20 18:00:00,64129.30000000,64149.90000000,63694.60000000,63905.50000000,130977523.96454000
2026-06-20 22:00:00,63905.50000000,64325.90000000,63820.00000000,64270.00000000,93168351.13908000
2026-06-21 02:00:00,64270.00000000,64450.00000000,64198.90000000,64398.90000000,94672655.35740000
2026-06-21 06:00:00,64398.90000000,64564.80000000,64142.80000000,64170.10000000,117417463.20330000
2026-06-21 10:00:00,64170.10000000,64453.50000000,63871.30000000,64149.80000000,270759856.14341998
2026-06-21 14:00:00,64149.80000000,64334.80000000,63916.00000000,64200.20000000,137911793.55274999
2026-06-21 18:00:00,64200.20000000,64278.60000000,63912.50000000,64173.60000000,91564586.03106000
2026-06-21 22:00:00,64173.60000000,64243.40000000,63236.00000000,63287.10000000,285801123.30271000
2026-06-22 02:00:00,63287.10000000,64788.00000000,63286.20000000,63935.00000000,413603755.54382002
2026-06-22 06:00:00,63935.00000000,64378.40000000,63833.50000000,64187.90000000,180936423.31799001
2026-06-22 10:00:00,64187.90000000,64744.90000000,64014.90000000,64624.30000000,216933961.46404001
2026-06-22 14:00:00,64624.30000000,65595.00000000,64545.70000000,64807.90000000,601158666.63088000
2026-06-22 18:00:00,64807.90000000,64833.30000000,64247.30000000,64428.40000000,314379357.54742002
2026-06-22 22:00:00,64428.40000000,64637.10000000,63770.40000000,63990.20000000,262595783.77230000
2026-06-23 02:00:00,63990.20000000,64242.90000000,63803.20000000,64037.20000000,258621818.42697001
2026-06-23 06:00:00,64037.20000000,64068.00000000,62532.90000000,62849.30000000,595919806.67615998
2026-06-23 10:00:00,62849.30000000,62916.50000000,61882.70000000,62478.50000000,481948134.84069997
2026-06-23 14:00:00,62478.50000000,62824.70000000,61921.10000000,62457.40000000,550224238.03225994
2026-06-23 18:00:00,62457.40000000,62812.00000000,62075.60000000,62373.20000000,368575234.44248003
2026-06-23 22:00:00,62373.20000000,62770.60000000,62344.20000000,62696.80000000,148735439.49553001
2026-06-24 02:00:00,62696.80000000,63089.80000000,62428.20000000,62704.60000000,219335611.00827000
2026-06-24 06:00:00,62704.60000000,63050.00000000,62500.00000000,62627.40000000,315984127.28074998
2026-06-24 10:00:00,62627.40000000,63200.00000000,62288.80000000,62887.80000000,285584702.51593000
2026-06-24 14:00:00,62887.80000000,62939.30000000,60238.00000000,60256.10000000,1102169615.72084999
2026-06-24 18:00:00,60256.10000000,60643.90000000,59063.10000000,59923.80000000,1002634412.85043001
2026-06-24 22:00:00,59923.80000000,61242.90000000,59813.90000000,61051.20000000,448938858.22632003
2026-06-25 02:00:00,61051.20000000,61138.90000000,60648.00000000,60853.90000000,204152973.43270001
2026-06-25 06:00:00,60853.90000000,61931.10000000,60756.40000000,61886.80000000,398720566.51541001
2026-06-25 10:00:00,61886.80000000,61897.60000000,61033.50000000,61258.20000000,288072248.45332998
2026-06-25 14:00:00,61258.20000000,61725.00000000,58060.10000000,59536.10000000,1597125189.09731007
2026-06-25 18:00:00,59536.10000000,60030.00000000,59115.60000000,59297.10000000,398607697.73842001
2026-06-25 22:00:00,59297.10000000,60234.20000000,59298.70000000,59769.90000000,246579333.63157001
2026-06-26 02:00:00,59769.90000000,60112.10000000,58296.40000000,60017.10000000,566216323.18297994
2026-06-26 06:00:00,60017.10000000,60725.80000000,59669.70000000,60494.50000000,372357571.24401999
2026-06-26 10:00:00,60494.50000000,60542.60000000,59213.10000000,59392.40000000,390599713.62023002
2026-06-26 14:00:00,59392.40000000,60478.40000000,58445.50000000,60294.50000000,979604844.44245005
2026-06-26 18:00:00,60294.50000000,60572.10000000,59538.10000000,59724.70000000,420018522.79066998
2026-06-26 22:00:00,59724.70000000,60090.80000000,59558.70000000,60071.90000000,167306133.00301999
2026-06-27 02:00:00,60071.90000000,60387.80000000,59846.20000000,60272.00000000,133689174.29656000
2026-06-27 06:00:00,60272.00000000,60554.40000000,60079.40000000,60521.70000000,130322563.34083000
2026-06-27 10:00:00,60521.70000000,60522.50000000,60162.00000000,60331.90000000,117795111.21566001
2026-06-27 14:00:00,60331.90000000,60924.70000000,60222.60000000,60817.30000000,189483053.09593999
2026-06-27 18:00:00,60817.30000000,60833.70000000,60052.00000000,60149.90000000,208711492.62369001
2026-06-27 22:00:00,60149.90000000,60457.70000000,59820.10000000,60000.40000000,176466867.71452999
2026-06-28 02:00:00,60000.40000000,60313.00000000,59949.90000000,60169.60000000,91542636.48280001
2026-06-28 06:00:00,60169.60000000,60238.10000000,59720.00000000,60192.40000000,139838966.91878000
2026-06-28 10:00:00,60192.40000000,60529.60000000,60037.00000000,60315.00000000,149507984.41104001
2026-06-28 14:00:00,60315.00000000,60435.90000000,59782.80000000,59850.00000000,177538567.70164999
2026-06-28 18:00:00,59850.00000000,59915.50000000,59236.60000000,59451.30000000,326737475.76144999
2026-06-28 22:00:00,59451.30000000,59883.20000000,58888.00000000,59550.30000000,413555850.57669997
2026-06-29 02:00:00,59550.30000000,60210.80000000,58867.30000000,60019.90000000,353278905.30444002
2026-06-29 06:00:00,60019.90000000,60324.50000000,59360.30000000,59998.90000000,211174206.63801000
2026-06-29 10:00:00,59998.90000000,60287.10000000,59712.80000000,59927.30000000,391480430.70757997
2026-06-29 14:00:00,59927.30000000,60757.90000000,58990.10000000,59800.20000000,944537574.54237998
2026-06-29 18:00:00,59800.20000000,60666.60000000,59562.60000000,60412.50000000,358817707.01897001
2026-06-29 22:00:00,60412.50000000,60565.60000000,60161.70000000,60224.70000000,128900946.25876001
2026-06-30 02:00:00,60224.70000000,60250.00000000,59570.00000000,59596.10000000,256159918.62979999
2026-06-30 06:00:00,59596.10000000,59692.90000000,59330.00000000,59497.60000000,284140732.85622001
2026-06-30 10:00:00,59497.60000000,59532.70000000,59100.00000000,59162.30000000,323480506.74233001
2026-06-30 14:00:00,59162.30000000,59245.60000000,58172.00000000,58356.20000000,1044213755.70758998
2026-06-30 18:00:00,58356.20000000,58816.60000000,58230.20000000,58801.30000000,286181440.55510998
2026-06-30 22:00:00,58801.30000000,58851.30000000,58478.10000000,58605.50000000,150881899.93097001
2026-07-01 02:00:00,58605.50000000,59293.00000000,57773.00000000,59169.70000000,550652030.94696999
2026-07-01 06:00:00,59169.70000000,59436.20000000,58500.10000000,58744.50000000,272770317.34443998
2026-07-01 10:00:00,58744.50000000,59069.70000000,58466.60000000,58592.90000000,220802065.30901000
2026-07-01 14:00:00,58592.90000000,60519.90000000,58294.10000000,60118.60000000,891760657.00562000
2026-07-01 18:00:00,60118.60000000,60332.90000000,59762.60000000,59999.90000000,273476588.88293999
2026-07-01 22:00:00,59999.90000000,61322.90000000,59844.50000000,59999.60000000,519206858.32340997
2026-07-02 02:00:00,59999.60000000,61100.90000000,59554.70000000,61032.90000000,4549804203.94898987
2026-07-02 06:00:00,61032.90000000,61033.00000000,60080.90000000,60125.80000000,338270482.70662999
2026-07-02 10:00:00,60125.80000000,61430.10000000,60113.50000000,61335.60000000,446884107.38994998
2026-07-02 14:00:00,61335.60000000,62180.00000000,61109.90000000,61583.90000000,746714973.35950994
2026-07-02 18:00:00,61583.90000000,61900.00000000,61114.00000000,61452.50000000,286746330.17309999
2026-07-02 22:00:00,61452.50000000,61634.20000000,61308.40000000,61540.60000000,118976966.19675000
2026-07-03 02:00:00,61540.60000000,61710.60000000,61228.90000000,61407.60000000,169028526.60451999
2026-07-03 06:00:00,61407.60000000,61849.70000000,61317.70000000,61733.70000000,159717075.37880000
2026-07-03 10:00:00,61733.70000000,62078.60000000,61481.70000000,61992.80000000,198944861.26943001
2026-07-03 14:00:00,61992.80000000,62379.80000000,61661.70000000,61895.20000000,463258586.13090003
2026-07-03 18:00:00,61895.20000000,62292.40000000,61877.60000000,62178.30000000,159227423.34423000
2026-07-03 22:00:00,62178.30000000,62950.10000000,62153.30000000,62565.50000000,350312392.68958998
2026-07-04 02:00:00,62565.50000000,62926.10000000,62381.60000000,62609.60000000,152255032.88310999
2026-07-04 06:00:00,62609.60000000,62729.10000000,62308.00000000,62549.20000000,111753829.12555000
2026-07-04 10:00:00,62549.20000000,62654.10000000,62386.10000000,62458.60000000,97656915.87813000
2026-07-04 14:00:00,62458.60000000,63064.60000000,62458.60000000,62908.80000000,208345667.84700000
2026-07-04 18:00:00,62908.80000000,63446.40000000,62754.70000000,63268.00000000,310888855.51534998
2026-07-04 22:00:00,63268.00000000,63430.00000000,62902.50000000,63115.80000000,138389584.65064001
2026-07-05 02:00:00,63115.80000000,63114.90000000,62567.10000000,62739.20000000,180478486.82330999
2026-07-05 06:00:00,62739.20000000,63039.30000000,62628.00000000,62995.20000000,103993703.08578999
2026-07-05 10:00:00,62995.20000000,63084.00000000,62411.80000000,62628.40000000,165013804.78388000
2026-07-05 14:00:00,62628.40000000,62920.00000000,62534.40000000,62712.00000000,125084821.45985000
2026-07-05 18:00:00,62712.00000000,62857.70000000,62570.00000000,62744.00000000,112391187.74239001
2026-07-05 22:00:00,62744.00000000,63985.10000000,62580.00000000,63617.20000000,400345809.47531003
2026-07-06 02:00:00,63617.20000000,63897.60000000,63101.30000000,63272.90000000,258286479.55978999
2026-07-06 06:00:00,63272.90000000,63368.30000000,62859.60000000,63064.60000000,167197204.53799999
2026-07-06 10:00:00,63064.60000000,63226.40000000,62465.30000000,62465.40000000,260040293.54686999
2026-07-06 14:00:00,62465.40000000,63527.20000000,61297.30000000,63523.10000000,1077666655.57842994
2026-07-06 18:00:00,63523.10000000,63964.10000000,63358.00000000,63711.30000000,464452077.72438997
2026-07-06 22:00:00,63711.30000000,64690.00000000,63560.10000000,64023.50000000,385865360.42119998
2026-07-07 02:00:00,64023.50000000,64298.10000000,63122.00000000,63165.00000000,283322436.19366002
2026-07-07 06:00:00,63165.00000000,63424.20000000,62760.20000000,63062.60000000,277185994.27815998
2026-07-07 10:00:00,63062.60000000,63432.80000000,62958.50000000,63377.80000000,183715532.73477000
2026-07-07 14:00:00,63377.80000000,64084.90000000,62644.70000000,63909.90000000,694173709.30772996
2026-07-07 18:00:00,63909.90000000,64227.80000000,63353.30000000,63791.80000000,343944813.66854000
2026-07-07 22:00:00,63791.80000000,63874.70000000,63179.60000000,63331.20000000,191797602.37163001
2026-07-08 02:00:00,63331.20000000,63739.80000000,62496.00000000,62741.00000000,290786062.02942997
2026-07-08 06:00:00,62741.00000000,62873.30000000,62442.30000000,62854.10000000,202848785.27546000
2026-07-08 10:00:00,62854.10000000,62916.20000000,61711.80000000,62269.90000000,478825883.31954002
2026-07-08 14:00:00,62269.90000000,62394.10000000,61524.90000000,61674.60000000,490153897.90600002
2026-07-08 18:00:00,61674.60000000,62372.60000000,61666.00000000,62260.70000000,289747051.70332998
2026-07-08 22:00:00,62260.70000000,62326.90000000,61927.00000000,62256.40000000,128053231.90663999
2026-07-09 02:00:00,62256.40000000,62620.20000000,61666.20000000,61943.20000000,275598271.71504003
2026-07-09 06:00:00,61943.20000000,63260.50000000,61929.00000000,62973.70000000,395404653.90596002
2026-07-09 10:00:00,62973.70000000,63063.10000000,62583.40000000,62756.00000000,212886857.08871001
2026-07-09 14:00:00,62756.00000000,63233.00000000,62428.50000000,62835.40000000,483362346.14086002
2026-07-09 18:00:00,62835.40000000,63478.00000000,62529.20000000,63222.80000000,280260256.51244998
2026-07-09 22:00:00,63222.80000000,63395.90000000,63032.20000000,63197.00000000,106823960.29194000
2026-07-10 02:00:00,63197.00000000,64022.00000000,62897.00000000,63917.30000000,325045395.20673001
2026-07-10 06:00:00,63917.30000000,64179.00000000,63773.10000000,63956.10000000,199635755.07337999
2026-07-10 10:00:00,63956.10000000,64477.50000000,63949.10000000,64394.10000000,292032129.70305997
2026-07-10 14:00:00,64394.10000000,64678.30000000,63772.80000000,64023.00000000,442770762.92097998
2026-07-10 18:00:00,64023.00000000,64203.50000000,63718.90000000,63913.50000000,175630447.28498000
2026-07-10 22:00:00,63913.50000000,64176.90000000,63629.20000000,64129.40000000,117584954.90898000
