timestamp,open,high,low,close,volume
2024-06-13 22:00:00,0.69700000,0.70360000,0.69100000,0.69640000,1841381.92520000
2024-06-14 02:00:00,0.69640000,0.71460000,0.68870000,0.70510000,3960340.59700000
2024-06-14 06:00:00,0.70510000,0.71910000,0.70510000,0.71780000,3438679.96260000
2024-06-14 10:00:00,0.71780000,0.73350000,0.71570000,0.72920000,4291004.38380000
2024-06-14 14:00:00,0.72920000,0.73180000,0.68690000,0.69660000,7905931.45260000
2024-06-14 18:00:00,0.69660000,0.69890000,0.65910000,0.68200000,6969420.28960000
2024-06-14 22:00:00,0.68200000,0.72850000,0.68130000,0.70910000,4401393.46910000
2024-06-15 02:00:00,0.70910000,0.71250000,0.69490000,0.71250000,2831503.95500000
2024-06-15 06:00:00,0.71250000,0.73090000,0.70940000,0.72120000,4011717.32030000
2024-06-15 10:00:00,0.72120000,0.72480000,0.71070000,0.71850000,2349519.38190000
2024-06-15 14:00:00,0.71850000,0.74420000,0.71670000,0.74100000,3983572.09120000
2024-06-15 18:00:00,0.74100000,0.74860000,0.73370000,0.73940000,3626740.72780000
2024-06-15 22:00:00,0.73940000,0.74930000,0.73060000,0.74790000,2186111.73740000
2024-06-16 02:00:00,0.74790000,0.74830000,0.72860000,0.73410000,3225023.27680000
2024-06-16 06:00:00,0.73410000,0.74180000,0.72410000,0.73560000,2698494.85120000
2024-06-16 10:00:00,0.73560000,0.75540000,0.73450000,0.75490000,3113924.70440000
2024-06-16 14:00:00,0.75490000,0.77410000,0.75080000,0.75610000,5203551.24670000
2024-06-16 18:00:00,0.75610000,0.77120000,0.75220000,0.76230000,2780931.57060000
2024-06-16 22:00:00,0.76230000,0.77220000,0.75910000,0.76580000,1644879.39150000
2024-06-17 02:00:00,0.76580000,0.77230000,0.73610000,0.73810000,3763196.76890000
2024-06-17 06:00:00,0.73810000,0.74430000,0.70570000,0.70630000,4987621.21400000
2024-06-17 10:00:00,0.70630000,0.71510000,0.68370000,0.69660000,6359582.88740000
2024-06-17 14:00:00,0.69660000,0.70290000,0.68320000,0.68760000,4524529.09660000
2024-06-17 18:00:00,0.68760000,0.73180000,0.66400000,0.70630000,12325902.31800000
2024-06-17 22:00:00,0.70630000,0.70730000,0.67320000,0.67520000,5813619.73900000
2024-06-18 02:00:00,0.67520000,0.67710000,0.54840000,0.60720000,19755387.39430000
2024-06-18 06:00:00,0.60720000,0.62220000,0.59980000,0.60700000,5835204.90380000
2024-06-18 10:00:00,0.60700000,0.60760000,0.57760000,0.59130000,6092965.83330000
2024-06-18 14:00:00,0.59130000,0.61250000,0.57810000,0.60380000,10340754.03680000
2024-06-18 18:00:00,0.60380000,0.60570000,0.58250000,0.60120000,6168642.42800000
2024-06-18 22:00:00,0.60120000,0.62990000,0.59170000,0.62690000,5065331.75730000
2024-06-19 02:00:00,0.62690000,0.67190000,0.62380000,0.66830000,8351005.92800000
2024-06-19 06:00:00,0.66830000,0.68460000,0.64820000,0.65440000,7786535.90220000
2024-06-19 10:00:00,0.65440000,0.65740000,0.63310000,0.63800000,5758611.32020000
2024-06-19 14:00:00,0.63800000,0.64970000,0.62170000,0.62840000,5062392.33760000
2024-06-19 18:00:00,0.62840000,0.64540000,0.62440000,0.63490000,3644150.04640000
2024-06-19 22:00:00,0.63490000,0.64240000,0.62480000,0.63340000,2337420.38180000
2024-06-20 02:00:00,0.63340000,0.64550000,0.60940000,0.61830000,6221113.47680000
2024-06-20 06:00:00,0.61830000,0.65720000,0.61160000,0.65460000,6209115.85560000
2024-06-20 10:00:00,0.65460000,0.66730000,0.63170000,0.65540000,7134123.78340000
2024-06-20 14:00:00,0.65540000,0.66010000,0.61280000,0.61440000,7444956.90350000
2024-06-20 18:00:00,0.61440000,0.62920000,0.60010000,0.62300000,5329070.81180000
2024-06-20 22:00:00,0.62300000,0.62580000,0.61160000,0.61290000,1789120.92380000
2024-06-21 02:00:00,0.61290000,0.62610000,0.60280000,0.61190000,3184519.53110000
2024-06-21 06:00:00,0.61190000,0.62430000,0.60890000,0.61200000,3201151.41770000
2024-06-21 10:00:00,0.61200000,0.62160000,0.59810000,0.61270000,5246861.13120000
2024-06-21 14:00:00,0.61270000,0.62170000,0.59390000,0.60890000,6267066.86200000
2024-06-21 18:00:00,0.60890000,0.61390000,0.59470000,0.60910000,4253851.42130000
2024-06-21 22:00:00,0.60910000,0.61410000,0.59870000,0.59930000,1960698.56460000
2024-06-22 02:00:00,0.59930000,0.59960000,0.58530000,0.59210000,3697548.47940000
2024-06-22 06:00:00,0.59210000,0.60080000,0.58680000,0.59560000,2252166.80120000
2024-06-22 10:00:00,0.59560000,0.59730000,0.59050000,0.59600000,1934968.25910000
2024-06-22 14:00:00,0.59600000,0.60480000,0.59400000,0.60290000,2067986.65170000
2024-06-22 18:00:00,0.60290000,0.60970000,0.60070000,0.60150000,1716006.03690000
2024-06-22 22:00:00,0.60150000,0.60610000,0.59700000,0.60150000,1533532.18260000
2024-06-23 02:00:00,0.60150000,0.61190000,0.59790000,0.61050000,2099776.85210000
2024-06-23 06:00:00,0.61050000,0.61110000,0.60270000,0.60430000,1187569.34950000
2024-06-23 10:00:00,0.60430000,0.60980000,0.59330000,0.59710000,2064423.53750000
2024-06-23 14:00:00,0.59710000,0.59870000,0.58130000,0.58470000,2663458.59510000
2024-06-23 18:00:00,0.58470000,0.58560000,0.56730000,0.57500000,4089820.58050000
2024-06-23 22:00:00,0.57500000,0.57590000,0.55880000,0.56800000,3767851.07810000
2024-06-24 02:00:00,0.56800000,0.57260000,0.55120000,0.55850000,3402475.33030000
2024-06-24 06:00:00,0.55850000,0.56660000,0.54110000,0.54640000,5027919.12570000
2024-06-24 10:00:00,0.54640000,0.55240000,0.51090000,0.54820000,8036261.33030000
2024-06-24 14:00:00,0.54820000,0.55340000,0.53860000,0.54230000,4650079.24310000
2024-06-24 18:00:00,0.54230000,0.56180000,0.53960000,0.55040000,5628188.72310000
2024-06-24 22:00:00,0.55040000,0.56530000,0.54020000,0.55810000,3919035.47690000
2024-06-25 02:00:00,0.55810000,0.57180000,0.55340000,0.56480000,2982662.69380000
2024-06-25 06:00:00,0.56480000,0.56820000,0.55370000,0.55520000,2683275.32500000
2024-06-25 10:00:00,0.55520000,0.56060000,0.54750000,0.55790000,2652917.59930000
2024-06-25 14:00:00,0.55790000,0.58870000,0.55630000,0.58380000,4660193.78660000
2024-06-25 18:00:00,0.58380000,0.58560000,0.57050000,0.57740000,3036058.85600000
2024-06-25 22:00:00,0.57740000,0.58160000,0.57140000,0.57230000,1396685.47200000
2024-06-26 02:00:00,0.57230000,0.59250000,0.56640000,0.58470000,3045392.69790000
2024-06-26 06:00:00,0.58470000,0.59210000,0.57850000,0.58400000,3433864.07080000
2024-06-26 10:00:00,0.58400000,0.58410000,0.56750000,0.56840000,3216370.95230000
2024-06-26 14:00:00,0.56840000,0.57520000,0.54980000,0.55420000,4325045.82860000
2024-06-26 18:00:00,0.55420000,0.55990000,0.54250000,0.55940000,3377853.51380000
2024-06-26 22:00:00,0.55940000,0.57030000,0.55580000,0.55880000,2734091.14670000
2024-06-27 02:00:00,0.55880000,0.56150000,0.55120000,0.55360000,2234212.34350000
2024-06-27 06:00:00,0.55360000,0.55760000,0.54240000,0.54750000,2302184.98390000
2024-06-27 10:00:00,0.54750000,0.57060000,0.54490000,0.56120000,2945706.35090000
2024-06-27 14:00:00,0.56120000,0.59160000,0.56100000,0.57250000,6696955.59730000
2024-06-27 18:00:00,0.57250000,0.57660000,0.56320000,0.56460000,1920588.58840000
2024-06-27 22:00:00,0.56460000,0.56570000,0.55830000,0.56030000,1399879.57200000
2024-06-28 02:00:00,0.56030000,0.57380000,0.55270000,0.56680000,3463954.58760000
2024-06-28 06:00:00,0.56680000,0.56940000,0.56060000,0.56400000,1905619.87760000
2024-06-28 10:00:00,0.56400000,0.56600000,0.55810000,0.56020000,1966456.62470000
2024-06-28 14:00:00,0.56020000,0.56600000,0.53320000,0.53850000,6924984.78330000
2024-06-28 18:00:00,0.53850000,0.53970000,0.51430000,0.51560000,5547737.56220000
2024-06-28 22:00:00,0.51560000,0.51870000,0.50690000,0.51200000,2695525.66120000
2024-06-29 02:00:00,0.51200000,0.52130000,0.51090000,0.51890000,2126170.72600000
2024-06-29 06:00:00,0.51890000,0.51890000,0.51080000,0.51560000,1861153.56630000
2024-06-29 10:00:00,0.51560000,0.52620000,0.51440000,0.52520000,2297220.46160000
2024-06-29 14:00:00,0.52520000,0.52820000,0.51080000,0.51510000,2920997.80970000
2024-06-29 18:00:00,0.51510000,0.51740000,0.49410000,0.50030000,3363140.94190000
2024-06-29 22:00:00,0.50030000,0.50060000,0.48690000,0.48870000,3730131.75230000
2024-06-30 02:00:00,0.48870000,0.49600000,0.48290000,0.49310000,3565537.65500000
2024-06-30 06:00:00,0.49310000,0.50530000,0.48910000,0.50100000,3138464.49070000
2024-06-30 10:00:00,0.50100000,0.50710000,0.49950000,0.50180000,2603750.60350000
2024-06-30 14:00:00,0.50180000,0.51280000,0.49850000,0.51110000,2920344.09120000
2024-06-30 18:00:00,0.51110000,0.51880000,0.50790000,0.51790000,2334179.74230000
2024-06-30 22:00:00,0.51790000,0.53940000,0.51450000,0.53210000,3700721.57740000
2024-07-01 02:00:00,0.53210000,0.55520000,0.53120000,0.53500000,4606289.17720000
2024-07-01 06:00:00,0.53500000,0.53810000,0.53020000,0.53390000,2581177.52130000
2024-07-01 10:00:00,0.53390000,0.53710000,0.51140000,0.51440000,3983189.11400000
2024-07-01 14:00:00,0.51440000,0.52250000,0.50830000,0.51380000,3787991.90220000
2024-07-01 18:00:00,0.51380000,0.52210000,0.51110000,0.51600000,2984658.41060000
2024-07-01 22:00:00,0.51600000,0.51680000,0.50290000,0.50460000,1802222.16760000
2024-07-02 02:00:00,0.50460000,0.50910000,0.50220000,0.50480000,2085831.93350000
2024-07-02 06:00:00,0.50480000,0.50900000,0.49960000,0.50190000,2150398.45130000
2024-07-02 10:00:00,0.50190000,0.50870000,0.49700000,0.50020000,2411120.99200000
2024-07-02 14:00:00,0.50020000,0.51850000,0.49890000,0.50410000,5082339.61230000
2024-07-02 18:00:00,0.50410000,0.50510000,0.49850000,0.50220000,2271894.52530000
2024-07-02 22:00:00,0.50220000,0.51420000,0.49540000,0.51300000,2789156.27910000
2024-07-03 02:00:00,0.51300000,0.51630000,0.47470000,0.48740000,5608493.45400000
2024-07-03 06:00:00,0.48740000,0.48750000,0.47790000,0.47980000,2819501.14010000
2024-07-03 10:00:00,0.47980000,0.48690000,0.46490000,0.47580000,5637880.53550000
2024-07-03 14:00:00,0.47580000,0.47730000,0.46070000,0.46730000,4731984.86080000
2024-07-03 18:00:00,0.46730000,0.47140000,0.45410000,0.45720000,4328369.50390000
2024-07-03 22:00:00,0.45720000,0.46370000,0.45380000,0.45990000,2227964.42640000
2024-07-04 02:00:00,0.45990000,0.46770000,0.44490000,0.45660000,7958912.39290000
2024-07-04 06:00:00,0.45660000,0.45680000,0.43930000,0.44270000,4155466.66790000
2024-07-04 10:00:00,0.44270000,0.45060000,0.43760000,0.44200000,4440920.97100000
2024-07-04 14:00:00,0.44200000,0.44410000,0.41900000,0.44270000,7489336.53890000
2024-07-04 18:00:00,0.44270000,0.44270000,0.42590000,0.42640000,2575996.34330000
2024-07-04 22:00:00,0.42640000,0.43040000,0.40040000,0.40620000,3742796.89200000
2024-07-05 02:00:00,0.40620000,0.40650000,0.34360000,0.35530000,20121516.25730000
2024-07-05 06:00:00,0.35530000,0.37020000,0.34630000,0.36740000,8817147.67290000
2024-07-05 10:00:00,0.36740000,0.37980000,0.35440000,0.37700000,7203476.36250000
2024-07-05 14:00:00,0.37700000,0.38000000,0.36590000,0.37340000,6572692.36150000
2024-07-05 18:00:00,0.37340000,0.37960000,0.36550000,0.37540000,4664256.65730000
2024-07-05 22:00:00,0.37540000,0.38330000,0.37260000,0.37780000,2620022.28880000
2024-07-06 02:00:00,0.37780000,0.39050000,0.37170000,0.37350000,4790618.37255630
2024-07-06 06:00:00,0.37350000,0.38190000,0.36780000,0.37960000,3046236.73210000
2024-07-06 10:00:00,0.37960000,0.38090000,0.36840000,0.37590000,3811833.12690000
2024-07-06 14:00:00,0.37590000,0.38850000,0.37060000,0.38430000,3889467.05380000
2024-07-06 18:00:00,0.38430000,0.40890000,0.38360000,0.40840000,5191582.85110000
2024-07-06 22:00:00,0.40840000,0.41830000,0.40780000,0.41240000,3282971.13880000
2024-07-07 02:00:00,0.41240000,0.41240000,0.39740000,0.40780000,4420357.12230000
2024-07-07 06:00:00,0.40780000,0.41070000,0.39920000,0.40370000,5676834.14160000
2024-07-07 10:00:00,0.40370000,0.42560000,0.40260000,0.42440000,8209273.60320000
2024-07-07 14:00:00,0.42440000,0.42620000,0.38810000,0.39330000,11342506.39430000
2024-07-07 18:00:00,0.39330000,0.40310000,0.39160000,0.39630000,6856385.21860000
2024-07-07 22:00:00,0.39630000,0.39770000,0.37590000,0.37750000,6002169.90690000
2024-07-08 02:00:00,0.37750000,0.38020000,0.34900000,0.36030000,15375071.20550000
2024-07-08 06:00:00,0.36030000,0.37320000,0.35800000,0.36650000,8179260.70310000
2024-07-08 10:00:00,0.36650000,0.41220000,0.36530000,0.40830000,17187283.40400000
2024-07-08 14:00:00,0.40830000,0.41250000,0.38340000,0.39210000,14242728.90910000
2024-07-08 18:00:00,0.39210000,0.40990000,0.38690000,0.40460000,8573057.31980000
2024-07-08 22:00:00,0.40460000,0.40750000,0.39900000,0.40360000,3987784.24990000
2024-07-09 02:00:00,0.40360000,0.41180000,0.39600000,0.40770000,7244788.19190000
2024-07-09 06:00:00,0.40770000,0.41680000,0.40480000,0.40620000,7341263.29500000
2024-07-09 10:00:00,0.40620000,0.41200000,0.40210000,0.40590000,5575923.66796690
2024-07-09 14:00:00,0.40590000,0.42100000,0.40020000,0.40840000,7812040.84710000
2024-07-09 18:00:00,0.40840000,0.41400000,0.40500000,0.41130000,3807205.05820000
2024-07-09 22:00:00,0.41130000,0.42470000,0.40970000,0.42260000,4208458.19340000
2024-07-10 02:00:00,0.42260000,0.42840000,0.41170000,0.42410000,6471731.92030000
2024-07-10 06:00:00,0.42410000,0.44230000,0.42400000,0.42920000,7782086.81830000
2024-07-10 10:00:00,0.42920000,0.42960000,0.41250000,0.41700000,5221482.23160000
2024-07-10 14:00:00,0.41700000,0.42210000,0.40980000,0.42000000,5369880.03840000
2024-07-10 18:00:00,0.42000000,0.42850000,0.41050000,0.41310000,4243966.46600000
2024-07-10 22:00:00,0.41310000,0.41610000,0.40710000,0.41460000,2897505.11230000
2024-07-11 02:00:00,0.41460000,0.42460000,0.40940000,0.41360000,4887981.41000000
2024-07-11 06:00:00,0.41360000,0.41920000,0.41260000,0.41720000,2452007.33510000
2024-07-11 10:00:00,0.41720000,0.42300000,0.41300000,0.42030000,3016748.19500000
2024-07-11 14:00:00,0.42030000,0.43310000,0.40350000,0.40400000,9075565.57550000
2024-07-11 18:00:00,0.40400000,0.41060000,0.39880000,0.40290000,3211115.34250000
2024-07-11 22:00:00,0.40290000,0.40280000,0.39040000,0.39350000,3394555.05780000
2024-07-12 02:00:00,0.39350000,0.39750000,0.38220000,0.38880000,6445047.56300000
2024-07-12 06:00:00,0.38880000,0.39020000,0.38190000,0.38450000,4703980.81620000
2024-07-12 10:00:00,0.38450000,0.38680000,0.37420000,0.38000000,4885132.25940000
2024-07-12 14:00:00,0.38000000,0.39880000,0.37950000,0.39650000,5895300.92560000
2024-07-12 18:00:00,0.39650000,0.40220000,0.39390000,0.39620000,3844334.35570000
2024-07-12 22:00:00,0.39620000,0.39690000,0.39110000,0.39620000,2276096.68220000
2024-07-13 02:00:00,0.39620000,0.40280000,0.39520000,0.39960000,2504370.44350000
2024-07-13 06:00:00,0.39960000,0.40360000,0.39640000,0.40340000,2190665.32580000
2024-07-13 10:00:00,0.40340000,0.40510000,0.39480000,0.39630000,4014640.96270000
2024-07-13 14:00:00,0.39630000,0.39710000,0.38810000,0.39240000,3785922.43950000
2024-07-13 18:00:00,0.39240000,0.39690000,0.38940000,0.39120000,2285559.33050000
2024-07-13 22:00:00,0.39120000,0.40510000,0.38700000,0.39910000,4908806.18530000
2024-07-14 02:00:00,0.39910000,0.40370000,0.39480000,0.39720000,3920376.15460000
2024-07-14 06:00:00,0.39720000,0.40340000,0.39060000,0.39230000,6876696.50960000
2024-07-14 10:00:00,0.39230000,0.40030000,0.38850000,0.38910000,3208442.01040000
2024-07-14 14:00:00,0.38910000,0.38920000,0.37990000,0.38440000,5370346.40770000
2024-07-14 18:00:00,0.38440000,0.38970000,0.38370000,0.38500000,2540940.62910000
2024-07-14 22:00:00,0.38500000,0.40380000,0.38360000,0.39940000,5582264.85570000
2024-07-15 02:00:00,0.39940000,0.42340000,0.39750000,0.42220000,8610636.67580000
2024-07-15 06:00:00,0.42220000,0.43490000,0.41700000,0.42700000,6898594.47810000
2024-07-15 10:00:00,0.42700000,0.43370000,0.41820000,0.42920000,7867819.99530000
2024-07-15 14:00:00,0.42920000,0.43420000,0.42500000,0.42990000,8282582.10030000
2024-07-15 18:00:00,0.42990000,0.44880000,0.42850000,0.44200000,9936433.44510000
2024-07-15 22:00:00,0.44200000,0.49310000,0.43980000,0.47840000,15169675.40240000
2024-07-16 02:00:00,0.47840000,0.49340000,0.47000000,0.47620000,14894683.92320000
2024-07-16 06:00:00,0.47620000,0.47890000,0.45110000,0.45320000,10995084.42820000
2024-07-16 10:00:00,0.45320000,0.45700000,0.44530000,0.45420000,6743750.40030000
2024-07-16 14:00:00,0.45420000,0.47190000,0.44570000,0.46770000,8985778.39740000
2024-07-16 18:00:00,0.46770000,0.47540000,0.45890000,0.46930000,8147677.76880000
2024-07-16 22:00:00,0.46930000,0.47040000,0.45870000,0.46350000,4424252.59740000
2024-07-17 02:00:00,0.46350000,0.47840000,0.46160000,0.46890000,6736475.00920000
2024-07-17 06:00:00,0.46890000,0.48640000,0.46860000,0.48280000,6835342.39060000
2024-07-17 10:00:00,0.48280000,0.48480000,0.46780000,0.47150000,9328177.08750000
2024-07-17 14:00:00,0.47150000,0.47810000,0.46290000,0.46580000,7358938.88080000
2024-07-17 18:00:00,0.46580000,0.47090000,0.45200000,0.46780000,7740826.20310000
2024-07-17 22:00:00,0.46780000,0.47200000,0.45680000,0.45750000,3218622.62100000
2024-07-18 02:00:00,0.45750000,0.47820000,0.45560000,0.47720000,6371106.95160000
2024-07-18 06:00:00,0.47720000,0.47730000,0.45970000,0.46540000,6334999.89540000
2024-07-18 10:00:00,0.46540000,0.47950000,0.46200000,0.47730000,6793458.17390000
2024-07-18 14:00:00,0.47730000,0.49200000,0.45620000,0.45700000,12311429.13250000
2024-07-18 18:00:00,0.45700000,0.47200000,0.45080000,0.46220000,8543479.77340000
2024-07-18 22:00:00,0.46220000,0.49570000,0.45900000,0.48950000,8112667.83640000
2024-07-19 02:00:00,0.48950000,0.48950000,0.46610000,0.47710000,8212493.46100000
2024-07-19 06:00:00,0.47710000,0.48220000,0.46400000,0.46590000,6127796.41430000
2024-07-19 10:00:00,0.46590000,0.47090000,0.45850000,0.46360000,5834605.47920000
2024-07-19 14:00:00,0.46360000,0.48210000,0.45660000,0.48100000,8875044.12020000
2024-07-19 18:00:00,0.48100000,0.51240000,0.48100000,0.49180000,15777473.52430000
2024-07-19 22:00:00,0.49180000,0.49470000,0.48390000,0.48660000,3851982.38990000
2024-07-20 02:00:00,0.48660000,0.49260000,0.47750000,0.48780000,4359702.92990000
2024-07-20 06:00:00,0.48780000,0.50620000,0.48660000,0.50540000,5005818.59710000
2024-07-20 10:00:00,0.50540000,0.50810000,0.49100000,0.49250000,6152581.13680000
2024-07-20 14:00:00,0.49250000,0.50110000,0.48510000,0.49990000,5541713.61570000
2024-07-20 18:00:00,0.49990000,0.50700000,0.49430000,0.49870000,5348862.41930000
2024-07-20 22:00:00,0.49870000,0.50260000,0.49520000,0.50120000,2330652.49830000
2024-07-21 02:00:00,0.50120000,0.50130000,0.48380000,0.49210000,4873095.92690000
2024-07-21 06:00:00,0.49210000,0.49360000,0.48020000,0.48070000,4345041.85720000
2024-07-21 10:00:00,0.48070000,0.48620000,0.48000000,0.48320000,2489557.88750000
2024-07-21 14:00:00,0.48320000,0.48360000,0.46890000,0.47370000,5572974.59880000
2024-07-21 18:00:00,0.47370000,0.47970000,0.45410000,0.47560000,9885048.82450000
2024-07-21 22:00:00,0.47560000,0.49380000,0.47310000,0.49070000,6512036.99680000
2024-07-22 02:00:00,0.49070000,0.49410000,0.48190000,0.48210000,5767498.85430000
2024-07-22 06:00:00,0.48210000,0.48440000,0.46130000,0.46140000,6323212.84450000
2024-07-22 10:00:00,0.46140000,0.46770000,0.45850000,0.46620000,5074148.09360000
2024-07-22 14:00:00,0.46620000,0.47370000,0.45090000,0.45120000,7952725.17790000
2024-07-22 18:00:00,0.45120000,0.45190000,0.44110000,0.44960000,7287589.82530000
2024-07-22 22:00:00,0.44960000,0.45000000,0.42870000,0.43310000,9553714.89500000
2024-07-23 02:00:00,0.43310000,0.45160000,0.43230000,0.44200000,10017828.18190000
2024-07-23 06:00:00,0.44200000,0.44350000,0.42680000,0.43230000,7477704.60660000
2024-07-23 10:00:00,0.43230000,0.45660000,0.43170000,0.43920000,10591925.20460000
2024-07-23 14:00:00,0.43920000,0.45180000,0.43050000,0.43310000,11933244.84810000
2024-07-23 18:00:00,0.43310000,0.43430000,0.41410000,0.41740000,9938890.08100000
2024-07-23 22:00:00,0.41740000,0.45630000,0.41620000,0.45520000,21304331.80700000
2024-07-24 02:00:00,0.45520000,0.45860000,0.44210000,0.45490000,10462850.26030000
2024-07-24 06:00:00,0.45490000,0.48250000,0.44790000,0.48080000,15995490.23730000
2024-07-24 10:00:00,0.48080000,0.50640000,0.47880000,0.49730000,25353436.10090000
2024-07-24 14:00:00,0.49730000,0.51640000,0.47630000,0.47800000,35133930.82460000
2024-07-24 18:00:00,0.47800000,0.48460000,0.46330000,0.46370000,22124296.86050000
2024-07-24 22:00:00,0.46370000,0.46610000,0.45130000,0.45400000,10471519.98030000
2024-07-25 02:00:00,0.45400000,0.45440000,0.42170000,0.42560000,16176614.88760000
2024-07-25 06:00:00,0.42560000,0.43390000,0.42280000,0.42730000,7313815.53130000
2024-07-25 10:00:00,0.42730000,0.44530000,0.42510000,0.44410000,8679382.85380000
2024-07-25 14:00:00,0.44410000,0.45270000,0.42840000,0.44360000,16093239.57140000
2024-07-25 18:00:00,0.44360000,0.44370000,0.41650000,0.42680000,11258393.52310000
2024-07-25 22:00:00,0.42680000,0.43610000,0.41350000,0.42810000,9628392.70660000
2024-07-26 02:00:00,0.42810000,0.44400000,0.42340000,0.43710000,8598340.45260000
2024-07-26 06:00:00,0.43710000,0.44830000,0.43700000,0.44520000,5114780.52240000
2024-07-26 10:00:00,0.44520000,0.44870000,0.43730000,0.43950000,4497716.77090000
2024-07-26 14:00:00,0.43950000,0.45200000,0.43390000,0.44930000,7818736.88120000
2024-07-26 18:00:00,0.44930000,0.47300000,0.44820000,0.46950000,10307640.21930000
2024-07-26 22:00:00,0.46950000,0.47100000,0.46240000,0.46400000,4078166.57040000
2024-07-27 02:00:00,0.46400000,0.46630000,0.45110000,0.45160000,3849809.49290000
2024-07-27 06:00:00,0.45160000,0.46030000,0.45070000,0.45600000,3369355.34680000
2024-07-27 10:00:00,0.45600000,0.45870000,0.45200000,0.45720000,3239770.28310000
2024-07-27 14:00:00,0.45720000,0.46330000,0.44870000,0.45280000,6270324.97860000
2024-07-27 18:00:00,0.45280000,0.46080000,0.44680000,0.45820000,6090718.76610000
2024-07-27 22:00:00,0.45820000,0.47970000,0.44460000,0.46840000,11020467.19450000
2024-07-28 02:00:00,0.46840000,0.46820000,0.45410000,0.45470000,5444261.51430000
2024-07-28 06:00:00,0.45470000,0.45710000,0.44050000,0.45230000,6722015.47210000
2024-07-28 10:00:00,0.45230000,0.46540000,0.44890000,0.46260000,4787050.49740000
2024-07-28 14:00:00,0.46260000,0.46280000,0.44740000,0.44950000,4365054.45650000
2024-07-28 18:00:00,0.44950000,0.45420000,0.44680000,0.44740000,2845098.32050000
2024-07-28 22:00:00,0.44740000,0.44950000,0.44070000,0.44830000,2832105.36170000
2024-07-29 02:00:00,0.44830000,0.46760000,0.44570000,0.46430000,7579911.56350000
2024-07-29 06:00:00,0.46430000,0.47580000,0.46340000,0.46760000,7529859.21140000
2024-07-29 10:00:00,0.46760000,0.47100000,0.46160000,0.46240000,4348848.58170000
2024-07-29 14:00:00,0.46240000,0.46810000,0.44150000,0.44490000,9196271.02150000
2024-07-29 18:00:00,0.44490000,0.44980000,0.43970000,0.44450000,7966678.31490000
2024-07-29 22:00:00,0.44450000,0.44600000,0.43700000,0.43950000,3740480.97220000
2024-07-30 02:00:00,0.43950000,0.44780000,0.42590000,0.43320000,8884095.97650000
2024-07-30 06:00:00,0.43320000,0.44720000,0.42990000,0.44380000,6159785.53370000
2024-07-30 10:00:00,0.44380000,0.44500000,0.43660000,0.44000000,3915147.90730000
2024-07-30 14:00:00,0.44000000,0.44430000,0.42920000,0.43590000,5336949.72990000
2024-07-30 18:00:00,0.43590000,0.43700000,0.41020000,0.41280000,7376064.75730000
2024-07-30 22:00:00,0.41280000,0.41530000,0.40570000,0.41130000,4624321.21200000
2024-07-31 02:00:00,0.41130000,0.41540000,0.40670000,0.41050000,5174821.34650000
2024-07-31 06:00:00,0.41050000,0.41520000,0.40420000,0.41040000,5190601.17130000
2024-07-31 10:00:00,0.41040000,0.41170000,0.40350000,0.40890000,4028129.07100000
2024-07-31 14:00:00,0.40890000,0.41790000,0.40650000,0.40710000,7782075.79360000
2024-07-31 18:00:00,0.40710000,0.41530000,0.39860000,0.40190000,9340362.11480000
2024-07-31 22:00:00,0.40190000,0.40290000,0.39180000,0.39880000,8531848.98920000
2024-08-01 02:00:00,0.39880000,0.40590000,0.39720000,0.40260000,5589475.13030000
2024-08-01 06:00:00,0.40260000,0.40470000,0.39060000,0.39620000,6943380.63440000
2024-08-01 10:00:00,0.39620000,0.40160000,0.39430000,0.39760000,3977709.78620000
2024-08-01 14:00:00,0.39760000,0.40180000,0.38160000,0.38630000,8826706.56460000
2024-08-01 18:00:00,0.38630000,0.38740000,0.36390000,0.37820000,13321428.61380000
2024-08-01 22:00:00,0.37820000,0.39790000,0.37680000,0.39560000,6295248.19050000
2024-08-02 02:00:00,0.39560000,0.39890000,0.38040000,0.38730000,4546576.79510000
2024-08-02 06:00:00,0.38730000,0.38840000,0.37330000,0.37840000,4314424.34820000
2024-08-02 10:00:00,0.37840000,0.38750000,0.37450000,0.38310000,3551328.46380000
2024-08-02 14:00:00,0.38310000,0.39020000,0.35500000,0.36690000,12469042.49110000
2024-08-02 18:00:00,0.36690000,0.36950000,0.35670000,0.36010000,6032146.48880000
2024-08-02 22:00:00,0.36010000,0.36260000,0.34930000,0.35160000,9442579.05930000
2024-08-03 02:00:00,0.35160000,0.35350000,0.33530000,0.34850000,7898138.46930000
2024-08-03 06:00:00,0.34850000,0.35360000,0.34630000,0.35030000,2368572.07260000
2024-08-03 10:00:00,0.35030000,0.35140000,0.34650000,0.34990000,2290649.70280000
2024-08-03 14:00:00,0.34990000,0.35560000,0.33680000,0.33780000,4443169.69040000
2024-08-03 18:00:00,0.33780000,0.33920000,0.31370000,0.31380000,15678110.17970000
2024-08-03 22:00:00,0.31380000,0.31770000,0.31040000,0.31270000,6525651.08010000
2024-08-04 02:00:00,0.31270000,0.32440000,0.31140000,0.32130000,4133166.39800000
2024-08-04 06:00:00,0.32130000,0.32330000,0.31530000,0.31750000,3887954.26300000
2024-08-04 10:00:00,0.31750000,0.32190000,0.31570000,0.31750000,3253421.34280000
2024-08-04 14:00:00,0.31750000,0.32200000,0.29440000,0.29520000,11069058.14200000
2024-08-04 18:00:00,0.29520000,0.30350000,0.27730000,0.30120000,19724390.59010000
2024-08-04 22:00:00,0.30120000,0.30570000,0.29110000,0.29170000,7237609.31010000
2024-08-05 02:00:00,0.29170000,0.29400000,0.23880000,0.25550000,31642716.59590000
2024-08-05 06:00:00,0.25550000,0.26080000,0.22890000,0.25090000,26671155.59770000
2024-08-05 10:00:00,0.25090000,0.25250000,0.22610000,0.23610000,15568643.42270000
2024-08-05 14:00:00,0.23610000,0.27560000,0.23210000,0.26990000,23102961.37250000
2024-08-05 18:00:00,0.26990000,0.27470000,0.25490000,0.25960000,10105644.08600000
2024-08-05 22:00:00,0.25960000,0.26760000,0.25940000,0.26010000,5767491.88580000
2024-08-06 02:00:00,0.26010000,0.28110000,0.25980000,0.27260000,9810282.17290000
2024-08-06 06:00:00,0.27260000,0.28130000,0.27070000,0.28130000,6638184.24740000
2024-08-06 10:00:00,0.28130000,0.28170000,0.27120000,0.27300000,7456213.54940000
2024-08-06 14:00:00,0.27300000,0.28960000,0.27090000,0.27910000,11158135.60480000
2024-08-06 18:00:00,0.27910000,0.28250000,0.27600000,0.27670000,5463227.53180000
2024-08-06 22:00:00,0.27670000,0.28190000,0.27320000,0.27540000,4568630.54310000
2024-08-07 02:00:00,0.27540000,0.28650000,0.27120000,0.28150000,5090965.84581860
2024-08-07 06:00:00,0.28150000,0.28740000,0.27660000,0.27940000,3164562.60987240
2024-08-07 10:00:00,0.27940000,0.28220000,0.27400000,0.27540000,3510003.05555460
2024-08-07 14:00:00,0.27540000,0.28040000,0.26260000,0.27040000,7068681.82609490
2024-08-07 18:00:00,0.27040000,0.27200000,0.26260000,0.26500000,4413415.79186640
2024-08-07 22:00:00,0.26500000,0.26730000,0.25650000,0.26130000,4463223.21630350
2024-08-08 02:00:00,0.26130000,0.28110000,0.25780000,0.27470000,6978266.55209600
2024-08-08 06:00:00,0.27470000,0.28140000,0.27410000,0.27640000,3408900.73520000
2024-08-08 10:00:00,0.27640000,0.27920000,0.27520000,0.27790000,2492257.56020000
2024-08-08 14:00:00,0.27790000,0.28830000,0.27650000,0.28760000,7176095.14040000
2024-08-08 18:00:00,0.28760000,0.30250000,0.28690000,0.29360000,6095295.16800000
2024-08-08 22:00:00,0.29360000,0.31440000,0.29340000,0.31160000,7552697.75570000
2024-08-09 02:00:00,0.31160000,0.31290000,0.30200000,0.30440000,5172513.02520000
2024-08-09 06:00:00,0.30440000,0.31340000,0.29900000,0.30890000,4447213.29270000
2024-08-09 10:00:00,0.30890000,0.31470000,0.30640000,0.30840000,4447995.28730000
2024-08-09 14:00:00,0.30840000,0.31220000,0.29930000,0.30140000,7338512.11490000
2024-08-09 18:00:00,0.30140000,0.30710000,0.30020000,0.30430000,3677241.51510000
2024-08-09 22:00:00,0.30430000,0.31210000,0.30220000,0.31170000,4185903.35070000
2024-08-10 02:00:00,0.31170000,0.31570000,0.30360000,0.30760000,3301044.68440000
2024-08-10 06:00:00,0.30760000,0.31090000,0.30550000,0.30940000,2360042.36590000
2024-08-10 10:00:00,0.30940000,0.31010000,0.30650000,0.30920000,2029420.66970000
2024-08-10 14:00:00,0.30920000,0.30930000,0.30240000,0.30500000,2780745.14630000
2024-08-10 18:00:00,0.30500000,0.32290000,0.30370000,0.32140000,5424900.15050000
2024-08-10 22:00:00,0.32140000,0.33450000,0.31680000,0.31950000,6406347.13300000
2024-08-11 02:00:00,0.31950000,0.32490000,0.31630000,0.32290000,4465487.73840000
2024-08-11 06:00:00,0.32290000,0.32620000,0.31900000,0.32500000,2831795.62880000
2024-08-11 10:00:00,0.32500000,0.32670000,0.31290000,0.31600000,4726249.48030000
2024-08-11 14:00:00,0.31600000,0.31690000,0.30090000,0.30210000,5276928.27540000
2024-08-11 18:00:00,0.30210000,0.30740000,0.29910000,0.29930000,3270929.55260000
2024-08-11 22:00:00,0.29930000,0.29930000,0.29200000,0.29340000,6131163.67470000
2024-08-12 02:00:00,0.29340000,0.30120000,0.29340000,0.29770000,4065921.83020000
2024-08-12 06:00:00,0.29770000,0.30200000,0.29180000,0.30030000,4013827.18310000
2024-08-12 10:00:00,0.30030000,0.32600000,0.30030000,0.32480000,9422612.98760000
2024-08-12 14:00:00,0.32480000,0.34380000,0.31870000,0.33420000,21113425.87190000
2024-08-12 18:00:00,0.33420000,0.33680000,0.32160000,0.32360000,7315263.70550000
2024-08-12 22:00:00,0.32360000,0.33400000,0.32000000,0.32930000,5367893.30520000
2024-08-13 02:00:00,0.32930000,0.32940000,0.31240000,0.31260000,6183411.20470000
2024-08-13 06:00:00,0.31260000,0.31840000,0.31100000,0.31540000,2853851.90780000
2024-08-13 10:00:00,0.31540000,0.31720000,0.31100000,0.31330000,3199676.34020000
2024-08-13 14:00:00,0.31330000,0.33640000,0.31320000,0.33160000,8191169.53650000
2024-08-13 18:00:00,0.33160000,0.34360000,0.33000000,0.34230000,6578447.29040000
2024-08-13 22:00:00,0.34230000,0.34680000,0.33870000,0.34020000,3886818.48760000
2024-08-14 02:00:00,0.34020000,0.34270000,0.33620000,0.33880000,4060677.00550000
2024-08-14 06:00:00,0.33880000,0.34370000,0.33370000,0.33440000,3960219.08010000
2024-08-14 10:00:00,0.33440000,0.34150000,0.33090000,0.33310000,4341319.82890000
2024-08-14 14:00:00,0.33310000,0.33820000,0.31830000,0.32890000,11007368.44290000
2024-08-14 18:00:00,0.32890000,0.32970000,0.32160000,0.32300000,3374024.27110000
2024-08-14 22:00:00,0.32300000,0.32650000,0.31800000,0.32420000,2254374.76450000
2024-08-15 02:00:00,0.32420000,0.32510000,0.31810000,0.31820000,3008725.00130000
2024-08-15 06:00:00,0.31820000,0.31860000,0.31240000,0.31440000,3848018.78430000
2024-08-15 10:00:00,0.31440000,0.31870000,0.31070000,0.31750000,2663819.08430000
2024-08-15 14:00:00,0.31750000,0.33530000,0.31750000,0.32250000,8981198.78050000
2024-08-15 18:00:00,0.32250000,0.32280000,0.29630000,0.30590000,9084664.14900000
2024-08-15 22:00:00,0.30590000,0.30860000,0.29910000,0.30410000,4363123.34420000
2024-08-16 02:00:00,0.30410000,0.30980000,0.29880000,0.30070000,3395867.45620000
2024-08-16 06:00:00,0.30070000,0.30390000,0.29910000,0.30090000,4378578.99790000
2024-08-16 10:00:00,0.30090000,0.30210000,0.29550000,0.29670000,2253842.21610000
2024-08-16 14:00:00,0.29670000,0.30530000,0.28640000,0.29010000,10719877.26690000
2024-08-16 18:00:00,0.29010000,0.30730000,0.28880000,0.30120000,7733947.69630000
2024-08-16 22:00:00,0.30120000,0.30460000,0.29830000,0.29930000,2034243.58060000
2024-08-17 02:00:00,0.29930000,0.30080000,0.29640000,0.29740000,1604469.78910000
2024-08-17 06:00:00,0.29740000,0.29970000,0.29560000,0.29660000,1442805.52970000
2024-08-17 10:00:00,0.29660000,0.30110000,0.29020000,0.29140000,4231881.15330000
2024-08-17 14:00:00,0.29140000,0.30340000,0.29070000,0.30100000,3675845.12030000
2024-08-17 18:00:00,0.30100000,0.30420000,0.29590000,0.29750000,3454891.55230000
2024-08-17 22:00:00,0.29750000,0.30050000,0.29670000,0.29850000,1631466.99860000
2024-08-18 02:00:00,0.29850000,0.30130000,0.29280000,0.29290000,3312978.93690000
2024-08-18 06:00:00,0.29290000,0.29490000,0.29000000,0.29120000,2593723.49220000
2024-08-18 10:00:00,0.29120000,0.30090000,0.29060000,0.29850000,3218717.25500000
2024-08-18 14:00:00,0.29850000,0.30510000,0.29690000,0.30130000,4451931.32330000
2024-08-18 18:00:00,0.30130000,0.30450000,0.29500000,0.29930000,3018659.99420000
2024-08-18 22:00:00,0.29930000,0.30100000,0.29030000,0.29110000,2588632.65240000
2024-08-19 02:00:00,0.29110000,0.29610000,0.28760000,0.29410000,4366374.21830000
2024-08-19 06:00:00,0.29410000,0.29470000,0.28440000,0.28530000,2942867.09720000
2024-08-19 10:00:00,0.28530000,0.28950000,0.28100000,0.28640000,4881675.90130000
2024-08-19 14:00:00,0.28640000,0.29070000,0.27720000,0.27810000,5920406.38780000
2024-08-19 18:00:00,0.27810000,0.28900000,0.27230000,0.28340000,7897896.76380000
2024-08-19 22:00:00,0.28340000,0.28880000,0.28330000,0.28780000,2817765.34770000
2024-08-20 02:00:00,0.28780000,0.29820000,0.28540000,0.29370000,4388673.65570000
2024-08-20 06:00:00,0.29370000,0.30440000,0.29280000,0.30210000,4013444.98520000
2024-08-20 10:00:00,0.30210000,0.30260000,0.29530000,0.29580000,2879007.88960000
2024-08-20 14:00:00,0.29580000,0.29950000,0.28380000,0.28610000,6437621.39240000
2024-08-20 18:00:00,0.28610000,0.29520000,0.28500000,0.29350000,2692748.41760000
2024-08-20 22:00:00,0.29350000,0.29690000,0.29160000,0.29350000,1558580.80920000
2024-08-21 02:00:00,0.29350000,0.29780000,0.29130000,0.29640000,2218365.82870000
2024-08-21 06:00:00,0.29640000,0.30020000,0.29550000,0.29730000,2002117.42860000
2024-08-21 10:00:00,0.29730000,0.29840000,0.28780000,0.28810000,2611024.05470000
2024-08-21 14:00:00,0.28810000,0.29740000,0.28270000,0.28830000,6905147.75790000
2024-08-21 18:00:00,0.28830000,0.30290000,0.28680000,0.30180000,3754649.90070000
2024-08-21 22:00:00,0.30180000,0.30790000,0.30160000,0.30370000,2836281.23290000
2024-08-22 02:00:00,0.30370000,0.30530000,0.29680000,0.30160000,2838043.06200000
2024-08-22 06:00:00,0.30160000,0.30780000,0.30150000,0.30690000,1799299.09430000
2024-08-22 10:00:00,0.30690000,0.30890000,0.30310000,0.30620000,2528806.74280000
2024-08-22 14:00:00,0.30620000,0.30630000,0.29850000,0.30030000,4982857.02350000
2024-08-22 18:00:00,0.30030000,0.30270000,0.29820000,0.29920000,2058802.94340000
2024-08-22 22:00:00,0.29920000,0.30580000,0.29920000,0.30440000,1666413.24670000
2024-08-23 02:00:00,0.30440000,0.31060000,0.30400000,0.30720000,2023691.63400000
2024-08-23 06:00:00,0.30720000,0.32380000,0.30680000,0.31900000,5169057.15020000
2024-08-23 10:00:00,0.31900000,0.32010000,0.31470000,0.31610000,2385230.82240000
2024-08-23 14:00:00,0.31610000,0.34070000,0.31590000,0.33570000,9621758.07450000
2024-08-23 18:00:00,0.33570000,0.35760000,0.33450000,0.35330000,10106454.38840000
2024-08-23 22:00:00,0.35330000,0.36470000,0.35320000,0.35990000,5409567.34950000
2024-08-24 02:00:00,0.35990000,0.37040000,0.35670000,0.35850000,4079768.92230000
2024-08-24 06:00:00,0.35850000,0.36650000,0.35780000,0.36610000,2590810.59570000
2024-08-24 10:00:00,0.36610000,0.38390000,0.36310000,0.36890000,8503941.00160000
2024-08-24 14:00:00,0.36890000,0.37470000,0.36540000,0.37380000,2803152.25720000
2024-08-24 18:00:00,0.37380000,0.38140000,0.37140000,0.37380000,4182434.32640000
2024-08-24 22:00:00,0.37380000,0.37620000,0.36110000,0.36930000,3370235.97490000
2024-08-25 02:00:00,0.36930000,0.36990000,0.35840000,0.36120000,4885449.84150000
2024-08-25 06:00:00,0.36120000,0.36950000,0.35080000,0.35360000,5112166.86800000
2024-08-25 10:00:00,0.35360000,0.36060000,0.35060000,0.35370000,3678366.75610000
2024-08-25 14:00:00,0.35370000,0.36050000,0.35230000,0.35650000,3395257.90220000
2024-08-25 18:00:00,0.35650000,0.35960000,0.34850000,0.34970000,2824718.37660000
2024-08-25 22:00:00,0.34970000,0.35790000,0.34730000,0.34850000,3222324.94940000
2024-08-26 02:00:00,0.34850000,0.35460000,0.33870000,0.34320000,4133679.81330000
2024-08-26 06:00:00,0.34320000,0.34450000,0.33570000,0.33710000,2977728.65680000
2024-08-26 10:00:00,0.33710000,0.34240000,0.33400000,0.33530000,3401881.76950000
2024-08-26 14:00:00,0.33530000,0.33560000,0.32440000,0.32500000,6595902.85850000
2024-08-26 18:00:00,0.32500000,0.32610000,0.31110000,0.31250000,5433078.02220000
2024-08-26 22:00:00,0.31250000,0.31580000,0.30980000,0.31210000,2973038.42220000
2024-08-27 02:00:00,0.31210000,0.31840000,0.30700000,0.31360000,4868894.72870000
2024-08-27 06:00:00,0.31360000,0.31560000,0.30570000,0.30650000,3976446.40200000
2024-08-27 10:00:00,0.30650000,0.30740000,0.29260000,0.29550000,5454686.65470000
2024-08-27 14:00:00,0.29550000,0.29690000,0.28960000,0.29350000,5788776.87220000
2024-08-27 18:00:00,0.29350000,0.29520000,0.28950000,0.29090000,3892997.35710000
2024-08-27 22:00:00,0.29090000,0.29110000,0.26660000,0.27210000,10532076.38370000
2024-08-28 02:00:00,0.27210000,0.27620000,0.26330000,0.27320000,7825192.77290000
2024-08-28 06:00:00,0.27320000,0.27440000,0.26520000,0.26610000,4522678.86630000
2024-08-28 10:00:00,0.26610000,0.28560000,0.26410000,0.27780000,8529132.70800000
2024-08-28 14:00:00,0.27780000,0.27910000,0.25760000,0.25990000,11534710.87090000
2024-08-28 18:00:00,0.25990000,0.26580000,0.24900000,0.25810000,13674181.38520000
2024-08-28 22:00:00,0.25810000,0.26470000,0.24880000,0.25420000,7598413.77370000
2024-08-29 02:00:00,0.25420000,0.25830000,0.25180000,0.25640000,4862577.71150000
2024-08-29 06:00:00,0.25640000,0.25660000,0.25170000,0.25170000,5064941.29690000
2024-08-29 10:00:00,0.25170000,0.25460000,0.24630000,0.25070000,7200710.50050000
2024-08-29 14:00:00,0.25070000,0.26000000,0.24840000,0.25560000,9755342.66890000
2024-08-29 18:00:00,0.25560000,0.25850000,0.23640000,0.24060000,12944977.31620000
2024-08-29 22:00:00,0.24060000,0.24540000,0.24000000,0.24170000,4641643.82900000
2024-08-30 02:00:00,0.24170000,0.24540000,0.24000000,0.24160000,5009592.22890000
2024-08-30 06:00:00,0.24160000,0.24550000,0.23920000,0.24250000,4318186.58240000
2024-08-30 10:00:00,0.24250000,0.24390000,0.23740000,0.23750000,3984541.31580000
2024-08-30 14:00:00,0.23750000,0.24270000,0.22580000,0.22680000,15553768.84950000
2024-08-30 18:00:00,0.22680000,0.24360000,0.22570000,0.23810000,10865831.14830000
2024-08-30 22:00:00,0.23810000,0.24240000,0.23790000,0.24130000,3081566.56820000
2024-08-31 02:00:00,0.24130000,0.24440000,0.24060000,0.24130000,2001142.12690000
2024-08-31 06:00:00,0.24130000,0.24480000,0.24120000,0.24200000,1347583.69110000
2024-08-31 10:00:00,0.24200000,0.24420000,0.23720000,0.24340000,3170592.31300000
2024-08-31 14:00:00,0.24340000,0.24560000,0.23900000,0.24060000,3323263.42640000
2024-08-31 18:00:00,0.24060000,0.24100000,0.23230000,0.23590000,4616421.47810000
2024-08-31 22:00:00,0.23590000,0.24020000,0.23490000,0.23740000,1244901.87530000
2024-09-01 02:00:00,0.23740000,0.23880000,0.23250000,0.23660000,2370137.18150000
2024-09-01 06:00:00,0.23660000,0.24030000,0.23290000,0.24020000,3446764.70470000
2024-09-01 10:00:00,0.24020000,0.24040000,0.23310000,0.23570000,2706999.57640000
2024-09-01 14:00:00,0.23570000,0.23630000,0.22800000,0.23460000,8092190.36120000
2024-09-01 18:00:00,0.23460000,0.23680000,0.22410000,0.23460000,7210880.19090000
2024-09-01 22:00:00,0.23460000,0.23620000,0.21830000,0.22210000,6462252.93110000
2024-09-02 02:00:00,0.22210000,0.23020000,0.22060000,0.22770000,5723019.24110000
2024-09-02 06:00:00,0.22770000,0.22830000,0.21790000,0.21980000,5375787.11770000
2024-09-02 10:00:00,0.21980000,0.23670000,0.21930000,0.23640000,6622627.22340000
2024-09-02 14:00:00,0.23640000,0.23810000,0.22720000,0.23440000,4247168.39980000
2024-09-02 18:00:00,0.23440000,0.23840000,0.23290000,0.23440000,3132588.54170000
2024-09-02 22:00:00,0.23440000,0.24330000,0.23400000,0.23850000,3355047.84750000
2024-09-03 02:00:00,0.23850000,0.24410000,0.23700000,0.23750000,3235770.90260000
2024-09-03 06:00:00,0.23750000,0.23880000,0.23470000,0.23760000,2633583.97350000
2024-09-03 10:00:00,0.23760000,0.23790000,0.23220000,0.23630000,2320250.12530000
2024-09-03 14:00:00,0.23630000,0.23710000,0.22080000,0.22150000,6102093.43500000
2024-09-03 18:00:00,0.22150000,0.22560000,0.22040000,0.22340000,3155472.64570000
2024-09-03 22:00:00,0.22340000,0.22460000,0.21830000,0.21910000,1973006.09270000
2024-09-04 02:00:00,0.21910000,0.22290000,0.20490000,0.21730000,6672687.45740000
2024-09-04 06:00:00,0.21730000,0.21840000,0.21240000,0.21530000,2926676.67380000
2024-09-04 10:00:00,0.21530000,0.21590000,0.20890000,0.20940000,3178674.41810000
2024-09-04 14:00:00,0.20940000,0.22390000,0.20930000,0.22290000,7248062.87800000
2024-09-04 18:00:00,0.22290000,0.22750000,0.21750000,0.21940000,5251352.92290000
2024-09-04 22:00:00,0.21940000,0.22410000,0.21840000,0.22150000,2282953.67810000
2024-09-05 02:00:00,0.22150000,0.22460000,0.21200000,0.21260000,4118696.56200000
2024-09-05 06:00:00,0.21260000,0.21440000,0.20920000,0.21420000,3353338.54020000
2024-09-05 10:00:00,0.21420000,0.21980000,0.21350000,0.21640000,5371057.65980000
2024-09-05 14:00:00,0.21640000,0.21860000,0.20790000,0.21000000,7105271.11850000
2024-09-05 18:00:00,0.21000000,0.21170000,0.20530000,0.20670000,3758344.87030000
2024-09-05 22:00:00,0.20670000,0.20850000,0.20510000,0.20720000,2367908.42530000
2024-09-06 02:00:00,0.20720000,0.21380000,0.20610000,0.21230000,3100607.93360000
2024-09-06 06:00:00,0.21230000,0.21280000,0.20380000,0.20720000,4241871.97710000
2024-09-06 10:00:00,0.20720000,0.21380000,0.20710000,0.21150000,5179391.62010000
2024-09-06 14:00:00,0.21150000,0.21710000,0.20480000,0.21150000,10834751.79910000
2024-09-06 18:00:00,0.21150000,0.21230000,0.20130000,0.20400000,7405244.96780000
2024-09-06 22:00:00,0.20400000,0.20500000,0.19400000,0.20440000,6104822.65910000
2024-09-07 02:00:00,0.20440000,0.20690000,0.20330000,0.20510000,1732061.18430000
2024-09-07 06:00:00,0.20510000,0.21160000,0.20490000,0.21040000,2273841.04450000
2024-09-07 10:00:00,0.21040000,0.21170000,0.20800000,0.21040000,1608979.13900000
2024-09-07 14:00:00,0.21040000,0.21280000,0.20980000,0.21130000,1688057.18820000
2024-09-07 18:00:00,0.21130000,0.21280000,0.20730000,0.21230000,2116609.35970000
2024-09-07 22:00:00,0.21230000,0.21250000,0.20700000,0.21090000,1405321.35800000
2024-09-08 02:00:00,0.21090000,0.21370000,0.20900000,0.21330000,1359814.88080000
2024-09-08 06:00:00,0.21330000,0.21590000,0.21200000,0.21540000,1744147.14910000
2024-09-08 10:00:00,0.21540000,0.21940000,0.21490000,0.21520000,1820116.75030000
2024-09-08 14:00:00,0.21520000,0.21790000,0.21200000,0.21230000,3604710.34790000
2024-09-08 18:00:00,0.21230000,0.21710000,0.21090000,0.21460000,1803521.89850000
2024-09-08 22:00:00,0.21460000,0.22490000,0.21410000,0.22000000,3479483.26790000
2024-09-09 02:00:00,0.22000000,0.22140000,0.21510000,0.21630000,2727826.95500000
2024-09-09 06:00:00,0.21630000,0.21980000,0.21510000,0.21940000,2140409.74200000
2024-09-09 10:00:00,0.21940000,0.22950000,0.21930000,0.22350000,3589731.53170000
2024-09-09 14:00:00,0.22350000,0.22700000,0.22050000,0.22610000,3925835.32730000
2024-09-09 18:00:00,0.22610000,0.23420000,0.22600000,0.23410000,4173637.54240000
2024-09-09 22:00:00,0.23410000,0.23780000,0.23220000,0.23430000,2409177.41540000
2024-09-10 02:00:00,0.23430000,0.23440000,0.22760000,0.22760000,1923448.87860000
2024-09-10 06:00:00,0.22760000,0.23150000,0.22650000,0.22940000,2171479.05090000
2024-09-10 10:00:00,0.22940000,0.23270000,0.22610000,0.23250000,2972041.40900000
2024-09-10 14:00:00,0.23250000,0.23480000,0.22730000,0.23070000,5200827.76070000
2024-09-10 18:00:00,0.23070000,0.23440000,0.22630000,0.23140000,5255591.88490000
2024-09-10 22:00:00,0.23140000,0.23200000,0.22730000,0.22800000,1901400.95320000
2024-09-11 02:00:00,0.22800000,0.22870000,0.22080000,0.22250000,3085823.10110000
2024-09-11 06:00:00,0.22250000,0.22300000,0.21760000,0.22240000,2914092.31460000
2024-09-11 10:00:00,0.22240000,0.22240000,0.21660000,0.21840000,2576500.50690000
2024-09-11 14:00:00,0.21840000,0.22060000,0.20670000,0.20920000,9220489.26890000
2024-09-11 18:00:00,0.20920000,0.21570000,0.20900000,0.21210000,4806299.65380000
2024-09-11 22:00:00,0.21210000,0.21460000,0.21120000,0.21150000,1474369.76470000
2024-09-12 02:00:00,0.21150000,0.21760000,0.21120000,0.21260000,3509941.58950000
2024-09-12 06:00:00,0.21260000,0.21470000,0.20820000,0.20940000,4065851.80640000
2024-09-12 10:00:00,0.20940000,0.21030000,0.20350000,0.20450000,4613760.86030000
2024-09-12 14:00:00,0.20450000,0.21000000,0.20230000,0.20320000,8295928.14020000
2024-09-12 18:00:00,0.20320000,0.20900000,0.20290000,0.20880000,4209694.33940000
2024-09-12 22:00:00,0.20880000,0.21290000,0.20700000,0.21180000,2803768.22410000
2024-09-13 02:00:00,0.21180000,0.21310000,0.20790000,0.20800000,2418338.63600000
2024-09-13 06:00:00,0.20800000,0.20980000,0.20720000,0.20890000,2036332.58440000
2024-09-13 10:00:00,0.20890000,0.21260000,0.20740000,0.21060000,2218568.74870000
2024-09-13 14:00:00,0.21060000,0.21590000,0.20540000,0.21390000,4816025.60800000
2024-09-13 18:00:00,0.21390000,0.22350000,0.21390000,0.22150000,3921839.24210000
2024-09-13 22:00:00,0.22150000,0.22340000,0.21840000,0.21960000,1793380.02750000
2024-09-14 02:00:00,0.21960000,0.22690000,0.21950000,0.22550000,1319517.15680000
2024-09-14 06:00:00,0.22550000,0.22640000,0.22260000,0.22320000,1054729.15390000
2024-09-14 10:00:00,0.22320000,0.22480000,0.22090000,0.22190000,1323311.88910000
2024-09-14 14:00:00,0.22190000,0.22580000,0.22110000,0.22210000,1430974.77960000
2024-09-14 18:00:00,0.22210000,0.22370000,0.21800000,0.21940000,1613658.27610000
2024-09-14 22:00:00,0.21940000,0.22320000,0.21880000,0.22230000,1016159.11990000
2024-09-15 02:00:00,0.22230000,0.23050000,0.22040000,0.22710000,2373547.05820000
2024-09-15 06:00:00,0.22710000,0.22740000,0.22400000,0.22650000,1780701.86910000
2024-09-15 10:00:00,0.22650000,0.22670000,0.22070000,0.22200000,2242939.40080000
2024-09-15 14:00:00,0.22200000,0.22750000,0.22160000,0.22540000,3305322.64330000
2024-09-15 18:00:00,0.22540000,0.22600000,0.21660000,0.21880000,3360849.39840000
2024-09-15 22:00:00,0.21880000,0.21920000,0.20970000,0.21190000,3763107.95470000
2024-09-16 02:00:00,0.21190000,0.21270000,0.20620000,0.21030000,4550725.33980000
2024-09-16 06:00:00,0.21030000,0.21460000,0.20900000,0.21330000,2664256.60660000
2024-09-16 10:00:00,0.21330000,0.21840000,0.21000000,0.21310000,3803591.53900000
2024-09-16 14:00:00,0.21310000,0.21770000,0.20960000,0.21220000,6733917.82550000
2024-09-16 18:00:00,0.21220000,0.21430000,0.20810000,0.21060000,3980291.29530000
2024-09-16 22:00:00,0.21060000,0.21060000,0.20620000,0.20930000,2652467.15870000
2024-09-17 02:00:00,0.20930000,0.21100000,0.20550000,0.21020000,2866648.69640000
2024-09-17 06:00:00,0.21020000,0.21630000,0.20990000,0.21470000,2506063.14160000
2024-09-17 10:00:00,0.21470000,0.21660000,0.20870000,0.21300000,4975918.64390000
2024-09-17 14:00:00,0.21300000,0.22990000,0.21140000,0.22950000,9679875.52910000
2024-09-17 18:00:00,0.22950000,0.23080000,0.22070000,0.22320000,8024097.62890000
2024-09-17 22:00:00,0.22320000,0.22790000,0.22250000,0.22760000,2681495.40730000
2024-09-18 02:00:00,0.22760000,0.23290000,0.22290000,0.23010000,5244025.78330000
2024-09-18 06:00:00,0.23010000,0.23450000,0.22670000,0.23230000,4899309.01320000
2024-09-18 10:00:00,0.23230000,0.23330000,0.22140000,0.22340000,4915192.77960000
2024-09-18 14:00:00,0.22340000,0.22820000,0.21800000,0.21910000,4682464.81210000
2024-09-18 18:00:00,0.21910000,0.23470000,0.21810000,0.22820000,10592489.45590000
2024-09-18 22:00:00,0.22820000,0.24270000,0.22610000,0.24250000,5418976.42190000
2024-09-19 02:00:00,0.24250000,0.25260000,0.24050000,0.25200000,9013435.61340000
2024-09-19 06:00:00,0.25200000,0.25510000,0.24860000,0.25120000,6343237.18870000
2024-09-19 10:00:00,0.25120000,0.25300000,0.24730000,0.24960000,4363394.37660000
2024-09-19 14:00:00,0.24960000,0.25110000,0.24640000,0.24840000,5404972.13910000
2024-09-19 18:00:00,0.24840000,0.25330000,0.24810000,0.24940000,3655518.76500000
2024-09-19 22:00:00,0.24940000,0.25030000,0.24630000,0.24820000,2883358.27360000
2024-09-20 02:00:00,0.24820000,0.25470000,0.24160000,0.25460000,5044648.20270000
2024-09-20 06:00:00,0.25460000,0.26570000,0.25340000,0.26030000,10012770.12460000
2024-09-20 10:00:00,0.26030000,0.26230000,0.25270000,0.25470000,5509917.34550000
2024-09-20 14:00:00,0.25470000,0.26590000,0.25450000,0.26180000,10302111.03800000
2024-09-20 18:00:00,0.26180000,0.26490000,0.25300000,0.25680000,4579575.12500000
2024-09-20 22:00:00,0.25680000,0.26330000,0.25600000,0.26010000,2932901.43500000
2024-09-21 02:00:00,0.26010000,0.26330000,0.25530000,0.25650000,4447488.84000000
2024-09-21 06:00:00,0.25650000,0.26300000,0.25210000,0.26000000,4188966.28990000
2024-09-21 10:00:00,0.26000000,0.26070000,0.25580000,0.25720000,2544684.56230000
2024-09-21 14:00:00,0.25720000,0.27450000,0.25650000,0.26830000,6855863.23690000
2024-09-21 18:00:00,0.26830000,0.28630000,0.26820000,0.28210000,7804316.16360000
2024-09-21 22:00:00,0.28210000,0.28940000,0.27840000,0.28820000,4917958.81080000
2024-09-22 02:00:00,0.28820000,0.30400000,0.27840000,0.27960000,14541171.44640000
2024-09-22 06:00:00,0.27960000,0.28030000,0.27150000,0.27280000,4259545.63090000
2024-09-22 10:00:00,0.27280000,0.27830000,0.26600000,0.27120000,5180720.13210000
2024-09-22 14:00:00,0.27120000,0.27240000,0.26440000,0.26600000,4150660.77470000
2024-09-22 18:00:00,0.26600000,0.27350000,0.26240000,0.27040000,5522721.60560000
2024-09-22 22:00:00,0.27040000,0.27560000,0.26130000,0.27400000,6654469.13000000
2024-09-23 02:00:00,0.27400000,0.29600000,0.26600000,0.29020000,13551930.00000000
2024-09-23 06:00:00,0.29020000,0.29070000,0.27770000,0.27820000,5481054.61860000
2024-09-23 10:00:00,0.27820000,0.28130000,0.27410000,0.27550000,4293682.01420000
2024-09-23 14:00:00,0.27550000,0.28450000,0.27170000,0.28170000,5779465.91340000
2024-09-23 18:00:00,0.28170000,0.28680000,0.27680000,0.28210000,4910300.47740000
2024-09-23 22:00:00,0.28210000,0.28380000,0.27740000,0.28100000,2317984.73850000
2024-09-24 02:00:00,0.28100000,0.28530000,0.27380000,0.28110000,4894404.36960000
2024-09-24 06:00:00,0.28110000,0.30430000,0.27660000,0.30300000,7060221.93320000
2024-09-24 10:00:00,0.30300000,0.31150000,0.29190000,0.30020000,12768751.15260000
2024-09-24 14:00:00,0.30020000,0.31580000,0.29950000,0.30490000,12707253.07050000
2024-09-24 18:00:00,0.30490000,0.31900000,0.30460000,0.31710000,6171346.22200000
2024-09-24 22:00:00,0.31710000,0.32980000,0.31510000,0.32240000,11484563.89460000
2024-09-25 02:00:00,0.32240000,0.34140000,0.32240000,0.32640000,10456031.40380000
2024-09-25 06:00:00,0.32640000,0.32710000,0.30940000,0.31110000,6281519.83640000
2024-09-25 10:00:00,0.31110000,0.32190000,0.31110000,0.32010000,4535986.39070000
2024-09-25 14:00:00,0.32010000,0.32010000,0.30740000,0.30910000,5793569.71770000
2024-09-25 18:00:00,0.30910000,0.31740000,0.30630000,0.31350000,4768585.65830000
2024-09-25 22:00:00,0.31350000,0.31630000,0.31050000,0.31280000,2019637.10080000
2024-09-26 02:00:00,0.31280000,0.31890000,0.30740000,0.31810000,3745091.66190000
2024-09-26 06:00:00,0.31810000,0.32180000,0.31250000,0.32140000,3211588.76100000
2024-09-26 10:00:00,0.32140000,0.37800000,0.32090000,0.37240000,36137105.34640000
2024-09-26 14:00:00,0.37240000,0.37260000,0.34320000,0.36140000,28934708.25400000
2024-09-26 18:00:00,0.36140000,0.37470000,0.35970000,0.36660000,12558448.71730000
2024-09-26 22:00:00,0.36660000,0.36870000,0.35720000,0.36360000,6404660.64200000
2024-09-27 02:00:00,0.36360000,0.37630000,0.36010000,0.36420000,11373685.96370000
2024-09-27 06:00:00,0.36420000,0.36780000,0.35390000,0.35510000,7093645.07050000
2024-09-27 10:00:00,0.35510000,0.36210000,0.34570000,0.34780000,7140975.75130000
2024-09-27 14:00:00,0.34780000,0.35520000,0.34720000,0.35150000,7314218.81610000
2024-09-27 18:00:00,0.35150000,0.35990000,0.34920000,0.35530000,5415644.21600000
2024-09-27 22:00:00,0.35530000,0.36300000,0.35330000,0.35950000,3383175.50120000
2024-09-28 02:00:00,0.35950000,0.37360000,0.35950000,0.36470000,6308038.90670000
2024-09-28 06:00:00,0.36470000,0.36590000,0.35140000,0.35360000,4656486.83820000
2024-09-28 10:00:00,0.35360000,0.36390000,0.34760000,0.36160000,5830058.72700000
2024-09-28 14:00:00,0.36160000,0.36260000,0.34890000,0.35730000,5371477.91490000
2024-09-28 18:00:00,0.35730000,0.36230000,0.35270000,0.36140000,3160707.26160000
2024-09-28 22:00:00,0.36140000,0.36970000,0.35230000,0.36880000,4802486.59730000
2024-09-29 02:00:00,0.36880000,0.37780000,0.36280000,0.37670000,8288834.55720000
2024-09-29 06:00:00,0.37670000,0.37710000,0.35410000,0.35510000,9433919.54680000
2024-09-29 10:00:00,0.35510000,0.36410000,0.35490000,0.35930000,4444364.68900000
2024-09-29 14:00:00,0.35930000,0.36710000,0.34820000,0.36680000,7146236.68090000
2024-09-29 18:00:00,0.36680000,0.39840000,0.36680000,0.39460000,18488714.54510000
2024-09-29 22:00:00,0.39460000,0.39600000,0.38620000,0.38800000,7058734.42140000
2024-09-30 02:00:00,0.38800000,0.39430000,0.37060000,0.38630000,11763684.69570000
2024-09-30 06:00:00,0.38630000,0.42130000,0.37930000,0.41790000,22684343.33150000
2024-09-30 10:00:00,0.41790000,0.41900000,0.39410000,0.40130000,21394158.39100000
2024-09-30 14:00:00,0.40130000,0.40220000,0.38070000,0.38170000,13515389.14610000
2024-09-30 18:00:00,0.38170000,0.38860000,0.37860000,0.38200000,5934723.09830000
2024-09-30 22:00:00,0.38200000,0.38590000,0.36510000,0.36670000,8956488.14360000
2024-10-01 02:00:00,0.36670000,0.39610000,0.36660000,0.39340000,11187923.32080000
2024-10-01 06:00:00,0.39340000,0.39680000,0.38120000,0.38190000,7090880.07600000
2024-10-01 10:00:00,0.38190000,0.38380000,0.37640000,0.37860000,4568258.37620000
2024-10-01 14:00:00,0.37860000,0.37980000,0.34440000,0.37070000,16535141.85760000
2024-10-01 18:00:00,0.37070000,0.37490000,0.34020000,0.35500000,17164020.87880000
2024-10-01 22:00:00,0.35500000,0.36500000,0.34990000,0.35410000,7003747.62090000
2024-10-02 02:00:00,0.35410000,0.36800000,0.35340000,0.36070000,5886178.34420000
2024-10-02 06:00:00,0.36070000,0.37660000,0.35240000,0.37080000,6518686.63770000
2024-10-02 10:00:00,0.37080000,0.38300000,0.35550000,0.35800000,8705670.68570000
2024-10-02 14:00:00,0.35800000,0.36720000,0.33300000,0.34460000,16070238.50610000
2024-10-02 18:00:00,0.34460000,0.35670000,0.32070000,0.32890000,12179700.41670000
2024-10-02 22:00:00,0.32890000,0.33550000,0.32020000,0.32030000,5411268.47930000
2024-10-03 02:00:00,0.32030000,0.33340000,0.30110000,0.30550000,9271511.97340000
2024-10-03 06:00:00,0.30550000,0.31940000,0.30140000,0.30150000,7729456.51800000
2024-10-03 10:00:00,0.30150000,0.30560000,0.28810000,0.29800000,11921669.65920000
2024-10-03 14:00:00,0.29800000,0.30330000,0.28230000,0.29220000,14359687.37360000
2024-10-03 18:00:00,0.29220000,0.29270000,0.27310000,0.28720000,13585627.56920000
2024-10-03 22:00:00,0.28720000,0.28770000,0.27750000,0.27920000,5642421.78830000
2024-10-04 02:00:00,0.27920000,0.29120000,0.27760000,0.28350000,7155978.45230000
2024-10-04 06:00:00,0.28350000,0.29170000,0.28320000,0.28870000,4587634.61590000
2024-10-04 10:00:00,0.28870000,0.29630000,0.28530000,0.28940000,6142466.42400000
2024-10-04 14:00:00,0.28940000,0.29490000,0.28310000,0.29270000,11588553.03610000
2024-10-04 18:00:00,0.29270000,0.31300000,0.29020000,0.31140000,9835975.81290000
2024-10-04 22:00:00,0.31140000,0.32130000,0.30790000,0.30940000,8181850.82750000
2024-10-05 02:00:00,0.30940000,0.32150000,0.29800000,0.29840000,7646267.10460000
2024-10-05 06:00:00,0.29840000,0.30820000,0.29820000,0.30040000,4143154.23960000
2024-10-05 10:00:00,0.30040000,0.30380000,0.29740000,0.29900000,4005933.87430000
2024-10-05 14:00:00,0.29900000,0.30170000,0.29040000,0.29150000,5327691.63410000
2024-10-05 18:00:00,0.29150000,0.29160000,0.27520000,0.27560000,7030916.54930000
2024-10-05 22:00:00,0.27560000,0.28940000,0.27400000,0.28600000,5504209.28630000
2024-10-06 02:00:00,0.28600000,0.29060000,0.28420000,0.28560000,4053003.23310000
2024-10-06 06:00:00,0.28560000,0.28800000,0.28360000,0.28460000,3208676.56670000
2024-10-06 10:00:00,0.28460000,0.28940000,0.28250000,0.28880000,3145655.12180000
2024-10-06 14:00:00,0.28880000,0.30250000,0.28680000,0.29200000,8877819.37550000
2024-10-06 18:00:00,0.29200000,0.29870000,0.28830000,0.28840000,6110966.46050000
2024-10-06 22:00:00,0.28840000,0.29700000,0.28520000,0.29450000,3807154.70250000
2024-10-07 02:00:00,0.29450000,0.31310000,0.29110000,0.30870000,9850658.67270000
2024-10-07 06:00:00,0.30870000,0.31130000,0.29380000,0.29560000,7180556.55620000
2024-10-07 10:00:00,0.29560000,0.30100000,0.28240000,0.28870000,9833471.57400000
2024-10-07 14:00:00,0.28870000,0.31100000,0.28520000,0.29890000,12551791.56540000
2024-10-07 18:00:00,0.29890000,0.30410000,0.29130000,0.29630000,7562219.68950000
2024-10-07 22:00:00,0.29630000,0.29680000,0.28320000,0.28410000,5297455.94190000
2024-10-08 02:00:00,0.28410000,0.29100000,0.28330000,0.28790000,4222065.76830000
2024-10-08 06:00:00,0.28790000,0.29060000,0.27790000,0.28090000,6354074.35700000
2024-10-08 10:00:00,0.28090000,0.28700000,0.27900000,0.28300000,4076638.68960000
2024-10-08 14:00:00,0.28300000,0.28650000,0.26860000,0.27280000,10096880.95720000
2024-10-08 18:00:00,0.27280000,0.29020000,0.26960000,0.28330000,9418203.95240000
2024-10-08 22:00:00,0.28330000,0.29010000,0.28000000,0.28240000,4311231.62400000
2024-10-09 02:00:00,0.28240000,0.28760000,0.27800000,0.28110000,4677231.37940000
2024-10-09 06:00:00,0.28110000,0.28920000,0.27930000,0.28190000,3979128.30340000
2024-10-09 10:00:00,0.28190000,0.28730000,0.28130000,0.28570000,2787909.84320000
2024-10-09 14:00:00,0.28570000,0.28600000,0.27180000,0.28310000,9246078.99590000
2024-10-09 18:00:00,0.28310000,0.28440000,0.26990000,0.27020000,5766274.43900000
2024-10-09 22:00:00,0.27020000,0.27150000,0.26430000,0.26700000,5023353.49110000
2024-10-10 02:00:00,0.26700000,0.27110000,0.26410000,0.26740000,2717198.81780000
2024-10-10 06:00:00,0.26740000,0.27830000,0.26600000,0.27450000,3935343.51520000
2024-10-10 10:00:00,0.27450000,0.27890000,0.26870000,0.27410000,6022748.55860000
2024-10-10 14:00:00,0.27410000,0.27520000,0.26650000,0.27090000,8714134.83050000
2024-10-10 18:00:00,0.27090000,0.27350000,0.25580000,0.26920000,11107106.19150000
2024-10-10 22:00:00,0.26920000,0.27270000,0.26730000,0.27080000,3510871.37680000
2024-10-11 02:00:00,0.27080000,0.27700000,0.26900000,0.27080000,3101910.72380000
2024-10-11 06:00:00,0.27080000,0.27420000,0.26800000,0.26980000,3172904.26770000
2024-10-11 10:00:00,0.26980000,0.27870000,0.26920000,0.27860000,4492139.70600000
2024-10-11 14:00:00,0.27860000,0.32950000,0.27760000,0.32480000,26228228.41430000
2024-10-11 18:00:00,0.32480000,0.34540000,0.32440000,0.33700000,39572503.66480000
2024-10-11 22:00:00,0.33700000,0.34600000,0.33330000,0.34300000,12119638.96460000
2024-10-12 02:00:00,0.34300000,0.34880000,0.33310000,0.33660000,12682130.58590000
2024-10-12 06:00:00,0.33660000,0.33960000,0.33160000,0.33460000,7184898.03950000
2024-10-12 10:00:00,0.33460000,0.34040000,0.32680000,0.33160000,11759506.77160000
2024-10-12 14:00:00,0.33160000,0.33690000,0.32840000,0.33080000,11375963.58290000
2024-10-12 18:00:00,0.33080000,0.33480000,0.32360000,0.32910000,7920462.99650000
2024-10-12 22:00:00,0.32910000,0.33190000,0.32570000,0.32920000,4237235.42230000
2024-10-13 02:00:00,0.32920000,0.33290000,0.32310000,0.32690000,6108801.72780000
2024-10-13 06:00:00,0.32690000,0.34360000,0.32630000,0.33420000,10831455.20220000
2024-10-13 10:00:00,0.33420000,0.34430000,0.32990000,0.33060000,9799465.37640000
2024-10-13 14:00:00,0.33060000,0.35630000,0.33050000,0.34640000,25807974.21140000
2024-10-13 18:00:00,0.34640000,0.36600000,0.34180000,0.35290000,22868669.31630000
2024-10-13 22:00:00,0.35290000,0.36860000,0.35180000,0.35670000,13938807.54980000
2024-10-14 02:00:00,0.35670000,0.38200000,0.34690000,0.37320000,16014872.63610000
2024-10-14 06:00:00,0.37320000,0.40710000,0.36840000,0.39880000,29436482.97940000
2024-10-14 10:00:00,0.39880000,0.41110000,0.38660000,0.40200000,22168016.69100000
2024-10-14 14:00:00,0.40200000,0.43500000,0.39430000,0.42260000,32461742.14460000
2024-10-14 18:00:00,0.42260000,0.42530000,0.40160000,0.40360000,14235565.47860000
2024-10-14 22:00:00,0.40360000,0.41070000,0.39700000,0.40950000,11335367.91890000
2024-10-15 02:00:00,0.40950000,0.41800000,0.40170000,0.40640000,11753555.58760000
2024-10-15 06:00:00,0.40640000,0.45860000,0.40380000,0.44710000,30578023.28060000
2024-10-15 10:00:00,0.44710000,0.46290000,0.41580000,0.41840000,29972151.39330000
2024-10-15 14:00:00,0.41840000,0.45410000,0.41640000,0.42910000,42844982.11370000
2024-10-15 18:00:00,0.42910000,0.44130000,0.41360000,0.41520000,15520228.42970000
2024-10-15 22:00:00,0.41520000,0.42950000,0.40210000,0.42770000,13247364.18700000
2024-10-16 02:00:00,0.42770000,0.44180000,0.40800000,0.43940000,18413850.24370000
2024-10-16 06:00:00,0.43940000,0.44990000,0.41400000,0.41920000,23174799.37630000
2024-10-16 10:00:00,0.41920000,0.42600000,0.40720000,0.41120000,16134353.36110000
2024-10-16 14:00:00,0.41120000,0.41710000,0.38310000,0.38900000,23846470.93560000
2024-10-16 18:00:00,0.38900000,0.39350000,0.38210000,0.38810000,7427427.29440000
2024-10-16 22:00:00,0.38810000,0.41010000,0.38850000,0.39780000,10828674.56920000
2024-10-17 02:00:00,0.39780000,0.40980000,0.39650000,0.39880000,8779793.45640000
2024-10-17 06:00:00,0.39880000,0.40690000,0.38550000,0.40230000,15969716.68730000
2024-10-17 10:00:00,0.40230000,0.40470000,0.38130000,0.38420000,11900238.12110000
2024-10-17 14:00:00,0.38420000,0.40230000,0.38200000,0.40110000,13651089.57740000
2024-10-17 18:00:00,0.40110000,0.40420000,0.37440000,0.38270000,14431038.96710000
2024-10-17 22:00:00,0.38270000,0.38700000,0.37350000,0.37570000,5339511.79400000
2024-10-18 02:00:00,0.37570000,0.39880000,0.36510000,0.39050000,16423409.72700000
2024-10-18 06:00:00,0.39050000,0.40650000,0.38530000,0.39670000,12636267.45840000
2024-10-18 10:00:00,0.39670000,0.40300000,0.38550000,0.39800000,11239445.78260000
2024-10-18 14:00:00,0.39800000,0.43980000,0.39470000,0.43410000,31676162.19170000
2024-10-18 18:00:00,0.43410000,0.43550000,0.41770000,0.41990000,17105418.41870000
2024-10-18 22:00:00,0.41990000,0.42500000,0.41280000,0.41330000,6345174.43510000
2024-10-19 02:00:00,0.41330000,0.42180000,0.40990000,0.41110000,9142424.81020000
2024-10-19 06:00:00,0.41110000,0.41820000,0.40950000,0.41270000,5748704.07530000
2024-10-19 10:00:00,0.41270000,0.41920000,0.40010000,0.40040000,11423100.11440000
2024-10-19 14:00:00,0.40040000,0.40370000,0.39280000,0.39810000,12437456.98460000
2024-10-19 18:00:00,0.39810000,0.39960000,0.39390000,0.39650000,4370701.14460000
2024-10-19 22:00:00,0.39650000,0.40450000,0.39510000,0.40100000,3942131.24490000
2024-10-20 02:00:00,0.40100000,0.40610000,0.38670000,0.39030000,8775570.63810000
2024-10-20 06:00:00,0.39030000,0.40240000,0.38790000,0.39840000,6691822.59520000
2024-10-20 10:00:00,0.39840000,0.40280000,0.39440000,0.39900000,4487977.68830000
2024-10-20 14:00:00,0.39900000,0.41550000,0.38770000,0.40640000,16975293.64140000
2024-10-20 18:00:00,0.40640000,0.41080000,0.39840000,0.40680000,7290782.10840000
2024-10-20 22:00:00,0.40680000,0.41500000,0.40580000,0.41210000,6577494.13490000
2024-10-21 02:00:00,0.41210000,0.43450000,0.40520000,0.40800000,15839400.62790000
2024-10-21 06:00:00,0.40800000,0.42120000,0.40020000,0.40360000,11441222.19520000
2024-10-21 10:00:00,0.40360000,0.40990000,0.39310000,0.39800000,7743478.32120000
2024-10-21 14:00:00,0.39800000,0.40660000,0.38760000,0.39520000,12395721.98170000
2024-10-21 18:00:00,0.39520000,0.40180000,0.38830000,0.40040000,6004997.28940000
2024-10-21 22:00:00,0.40040000,0.40270000,0.38960000,0.39000000,3706852.38610000
2024-10-22 02:00:00,0.39000000,0.39680000,0.38580000,0.39080000,8034372.47500000
2024-10-22 06:00:00,0.39080000,0.39530000,0.38570000,0.38860000,4386419.77260000
2024-10-22 10:00:00,0.38860000,0.38940000,0.37980000,0.38620000,8537690.23630000
2024-10-22 14:00:00,0.38620000,0.39240000,0.38030000,0.38510000,7863710.51090000
2024-10-22 18:00:00,0.38510000,0.38680000,0.37510000,0.38350000,5503501.74920000
2024-10-22 22:00:00,0.38350000,0.39000000,0.38130000,0.38670000,2951807.33950000
2024-10-23 02:00:00,0.38670000,0.38980000,0.37450000,0.37890000,4749306.39320000
2024-10-23 06:00:00,0.37890000,0.38110000,0.37070000,0.37240000,4302458.75340000
2024-10-23 10:00:00,0.37240000,0.37770000,0.36940000,0.37200000,4642188.19210000
2024-10-23 14:00:00,0.37200000,0.37760000,0.36160000,0.36790000,7038949.17740000
2024-10-23 18:00:00,0.36790000,0.37270000,0.35470000,0.36550000,10576736.06870000
2024-10-23 22:00:00,0.36550000,0.37070000,0.36320000,0.36870000,3389500.14590000
2024-10-24 02:00:00,0.36870000,0.38220000,0.36600000,0.37860000,6856650.91000000
2024-10-24 06:00:00,0.37860000,0.38230000,0.37310000,0.37390000,3916122.02070000
2024-10-24 10:00:00,0.37390000,0.37790000,0.36530000,0.37550000,5388321.29270000
2024-10-24 14:00:00,0.37550000,0.39760000,0.37480000,0.39270000,13509800.78490000
2024-10-24 18:00:00,0.39270000,0.39430000,0.38550000,0.39400000,4943150.79190000
2024-10-24 22:00:00,0.39400000,0.39910000,0.38760000,0.39070000,5625532.88950000
2024-10-25 02:00:00,0.39070000,0.39330000,0.37630000,0.37930000,5249482.45690000
2024-10-25 06:00:00,0.37930000,0.38000000,0.36570000,0.37060000,7407286.45630000
2024-10-25 10:00:00,0.37060000,0.39490000,0.36760000,0.39100000,8756501.72530000
2024-10-25 14:00:00,0.39100000,0.39470000,0.37330000,0.37520000,11329613.17360000
2024-10-25 18:00:00,0.37520000,0.38670000,0.36650000,0.37790000,18351093.69450000
2024-10-25 22:00:00,0.37790000,0.37900000,0.31870000,0.35060000,24011794.66720000
2024-10-26 02:00:00,0.35060000,0.36350000,0.34310000,0.35710000,12282608.33410000
2024-10-26 06:00:00,0.35710000,0.36060000,0.35240000,0.35280000,4132448.54650000
2024-10-26 10:00:00,0.35280000,0.36360000,0.35230000,0.35940000,4108952.43800000
2024-10-26 14:00:00,0.35940000,0.36120000,0.34210000,0.34790000,5932711.98450000
2024-10-26 18:00:00,0.34790000,0.35770000,0.34560000,0.35200000,3596356.93930000
2024-10-26 22:00:00,0.35200000,0.35970000,0.35130000,0.35760000,2702003.64910000
2024-10-27 02:00:00,0.35760000,0.36070000,0.35230000,0.35830000,3457398.06730000
2024-10-27 05:00:00,0.35830000,0.35900000,0.35030000,0.35220000,2711194.12340000
2024-10-27 09:00:00,0.35220000,0.35500000,0.34520000,0.34680000,3590438.63230000
2024-10-27 13:00:00,0.34680000,0.35880000,0.34650000,0.35440000,6184507.24230000
2024-10-27 17:00:00,0.35440000,0.35960000,0.34710000,0.35080000,4275909.76620000
2024-10-27 21:00:00,0.35080000,0.37340000,0.35060000,0.36190000,6074820.95970000
2024-10-28 01:00:00,0.36190000,0.36380000,0.33530000,0.33640000,9115044.28150000
2024-10-28 05:00:00,0.33640000,0.34400000,0.32940000,0.33580000,12379349.77710000
2024-10-28 09:00:00,0.33580000,0.35620000,0.33520000,0.34630000,11544553.05450000
2024-10-28 13:00:00,0.34630000,0.34630000,0.33130000,0.33160000,10457533.11590000
2024-10-28 17:00:00,0.33160000,0.34520000,0.33090000,0.34150000,8869331.05230000
2024-10-28 21:00:00,0.34150000,0.37750000,0.34140000,0.37160000,12149964.97160000
2024-10-29 01:00:00,0.37160000,0.39440000,0.36640000,0.39050000,16823627.17870000
2024-10-29 05:00:00,0.39050000,0.39570000,0.38240000,0.38510000,11479292.63610000
2024-10-29 09:00:00,0.38510000,0.39030000,0.38250000,0.38470000,10322905.12840000
2024-10-29 13:00:00,0.38470000,0.38540000,0.37340000,0.38010000,13220530.11020000
2024-10-29 17:00:00,0.38010000,0.39440000,0.37830000,0.38270000,13084529.85820000
2024-10-29 21:00:00,0.38270000,0.38640000,0.37840000,0.38050000,5171132.39940000
2024-10-30 01:00:00,0.38050000,0.38740000,0.37720000,0.38410000,6359140.53550000
2024-10-30 05:00:00,0.38410000,0.39530000,0.37980000,0.38790000,7598762.18110000
2024-10-30 09:00:00,0.38790000,0.40520000,0.37440000,0.37520000,24080449.62960000
2024-10-30 13:00:00,0.37520000,0.39460000,0.37170000,0.37310000,19621203.68740000
2024-10-30 17:00:00,0.37310000,0.37620000,0.36560000,0.36570000,8109051.20290000
2024-10-30 21:00:00,0.36570000,0.37150000,0.36010000,0.36160000,6759888.57780000
2024-10-31 01:00:00,0.36160000,0.36380000,0.35230000,0.35350000,8158314.73550000
2024-10-31 05:00:00,0.35350000,0.35770000,0.34790000,0.35640000,7974692.67560000
2024-10-31 09:00:00,0.35640000,0.36640000,0.35560000,0.35770000,11997518.90050000
2024-10-31 13:00:00,0.35770000,0.36000000,0.34900000,0.35730000,15053365.46940000
2024-10-31 17:00:00,0.35730000,0.37920000,0.34630000,0.36770000,21804360.79740000
2024-10-31 21:00:00,0.36770000,0.37460000,0.36200000,0.36240000,15452016.64080000
2024-11-01 01:00:00,0.36240000,0.37790000,0.36150000,0.36340000,18143860.21560000
2024-11-01 05:00:00,0.36340000,0.37660000,0.34840000,0.35080000,21839495.58100000
2024-11-01 09:00:00,0.35080000,0.37280000,0.35020000,0.36910000,16354556.67880000
2024-11-01 13:00:00,0.36910000,0.39590000,0.36560000,0.36940000,45284327.48710000
2024-11-01 17:00:00,0.36940000,0.37730000,0.36280000,0.36920000,17745179.41480000
2024-11-01 21:00:00,0.36920000,0.37030000,0.36060000,0.36870000,6436993.55840000
2024-11-02 01:00:00,0.36870000,0.38310000,0.36590000,0.37100000,12858839.66700000
2024-11-02 05:00:00,0.37100000,0.37410000,0.36260000,0.36630000,7524305.20920000
2024-11-02 09:00:00,0.36630000,0.36950000,0.35790000,0.36200000,6918580.13250000
2024-11-02 13:00:00,0.36200000,0.36280000,0.35340000,0.35460000,10620871.83010000
2024-11-02 17:00:00,0.35460000,0.35970000,0.35310000,0.35560000,5167170.93510000
2024-11-02 21:00:00,0.35560000,0.36190000,0.35390000,0.36170000,3715074.63450000
2024-11-03 01:00:00,0.36170000,0.36330000,0.34390000,0.35390000,12668906.22780000
2024-11-03 05:00:00,0.35390000,0.36870000,0.35230000,0.35320000,13174903.96180000
2024-11-03 09:00:00,0.35320000,0.36150000,0.34540000,0.34660000,13625222.42820000
2024-11-03 13:00:00,0.34660000,0.34970000,0.31660000,0.32420000,26262671.12040000
2024-11-03 17:00:00,0.32420000,0.33180000,0.32050000,0.32990000,13537429.61840000
2024-11-03 21:00:00,0.32990000,0.34640000,0.32860000,0.33680000,10001127.98090000
2024-11-04 01:00:00,0.33680000,0.35890000,0.33100000,0.34440000,13447706.25520000
2024-11-04 05:00:00,0.34440000,0.34770000,0.33650000,0.34090000,8663749.35120000
2024-11-04 09:00:00,0.34090000,0.35090000,0.33760000,0.34740000,10837031.09590000
2024-11-04 13:00:00,0.34740000,0.35630000,0.34210000,0.34860000,13062737.26760000
2024-11-04 17:00:00,0.34860000,0.35220000,0.33430000,0.33920000,14953403.08530000
2024-11-04 21:00:00,0.33920000,0.33970000,0.32250000,0.32940000,15416289.52940000
2024-11-05 01:00:00,0.32940000,0.33350000,0.32230000,0.32860000,9616732.18510000
2024-11-05 05:00:00,0.32860000,0.35140000,0.32860000,0.34580000,16124520.95030000
2024-11-05 09:00:00,0.34580000,0.34890000,0.34130000,0.34720000,9852821.89580000
2024-11-05 13:00:00,0.34720000,0.36280000,0.33970000,0.35850000,22190045.32060000
2024-11-05 17:00:00,0.35850000,0.36190000,0.34320000,0.34530000,14089589.40670000
2024-11-05 21:00:00,0.34530000,0.35270000,0.34070000,0.35120000,8054194.95140000
2024-11-06 01:00:00,0.35120000,0.39610000,0.35110000,0.38970000,39064976.81510000
2024-11-06 05:00:00,0.38970000,0.40910000,0.38710000,0.40140000,32459279.98260000
2024-11-06 09:00:00,0.40140000,0.41760000,0.39420000,0.41570000,26440838.60340000
2024-11-06 13:00:00,0.41570000,0.42730000,0.41270000,0.42280000,29966004.58330000
2024-11-06 17:00:00,0.42280000,0.43880000,0.41730000,0.43860000,22742517.02830000
2024-11-06 21:00:00,0.43860000,0.48920000,0.43290000,0.48490000,53910721.93480000
2024-11-07 01:00:00,0.48490000,0.51390000,0.48370000,0.48900000,76486198.42980000
2024-11-07 05:00:00,0.48900000,0.54990000,0.48170000,0.53780000,101412420.23830000
2024-11-07 09:00:00,0.53780000,0.54890000,0.51220000,0.51290000,69438518.69100000
2024-11-07 13:00:00,0.51290000,0.51870000,0.49560000,0.51050000,67034722.46050000
2024-11-07 17:00:00,0.51050000,0.51280000,0.49720000,0.50630000,43785538.42230000
2024-11-07 21:00:00,0.50630000,0.51700000,0.50350000,0.50790000,27195659.17280000
2024-11-08 01:00:00,0.50790000,0.51600000,0.48650000,0.48880000,36613964.69190000
2024-11-08 05:00:00,0.48880000,0.49450000,0.48140000,0.48450000,23705830.96380000
2024-11-08 09:00:00,0.48450000,0.51860000,0.47460000,0.51030000,63161824.70640000
2024-11-08 13:00:00,0.51030000,0.53700000,0.49020000,0.49670000,72435851.21540000
2024-11-08 17:00:00,0.49670000,0.50110000,0.48020000,0.49730000,33406927.70960000
2024-11-08 21:00:00,0.49730000,0.50560000,0.49090000,0.49540000,17782093.83330000
2024-11-09 01:00:00,0.49540000,0.51190000,0.48550000,0.48680000,27783679.77830000
2024-11-09 05:00:00,0.48680000,0.51860000,0.48680000,0.50420000,32753654.43160000
2024-11-09 09:00:00,0.50420000,0.52680000,0.50220000,0.51970000,22509544.48310000
2024-11-09 13:00:00,0.51970000,0.53120000,0.50090000,0.50950000,42317424.97900000
2024-11-09 17:00:00,0.50950000,0.52650000,0.50370000,0.52290000,28788006.28250000
2024-11-09 21:00:00,0.52290000,0.56850000,0.52080000,0.54860000,66917829.46670000
2024-11-10 01:00:00,0.54860000,0.58820000,0.53200000,0.58330000,53369772.32120000
2024-11-10 05:00:00,0.58330000,0.58490000,0.55190000,0.55690000,51821924.60620000
2024-11-10 09:00:00,0.55690000,0.58710000,0.55400000,0.57300000,36652763.05230000
2024-11-10 13:00:00,0.57300000,0.57710000,0.54180000,0.54840000,45865040.42320000
2024-11-10 17:00:00,0.54840000,0.56870000,0.54450000,0.55270000,33704250.15560000
2024-11-10 21:00:00,0.55270000,0.55610000,0.52450000,0.55440000,35959586.38840000
2024-11-11 01:00:00,0.55440000,0.58230000,0.54680000,0.56870000,34160113.56470000
2024-11-11 05:00:00,0.56870000,0.57310000,0.54500000,0.56530000,39524394.79740000
2024-11-11 09:00:00,0.56530000,0.62480000,0.56500000,0.62420000,73363395.39520000
2024-11-11 13:00:00,0.62420000,0.67290000,0.60850000,0.63020000,157481880.55590001
2024-11-11 17:00:00,0.63020000,0.66180000,0.62720000,0.63690000,66415641.14110000
2024-11-11 21:00:00,0.63690000,0.64280000,0.61520000,0.63430000,39269857.51210000
2024-11-12 01:00:00,0.63430000,0.63490000,0.60080000,0.61260000,37562082.98140000
2024-11-12 05:00:00,0.61260000,0.61840000,0.59300000,0.61720000,40255330.21880000
2024-11-12 09:00:00,0.61720000,0.62430000,0.55680000,0.59250000,76922250.82240000
2024-11-12 13:00:00,0.59250000,0.60550000,0.57290000,0.59780000,48442022.36190000
2024-11-12 17:00:00,0.59780000,0.60930000,0.58140000,0.59840000,27940902.79100000
2024-11-12 21:00:00,0.59840000,0.61350000,0.57710000,0.59180000,29005425.78570000
2024-11-13 01:00:00,0.59180000,0.59700000,0.53990000,0.54090000,47802316.97720000
2024-11-13 05:00:00,0.54090000,0.54890000,0.52080000,0.54670000,43391158.26810000
2024-11-13 09:00:00,0.54670000,0.56530000,0.54500000,0.55170000,36740247.94160000
2024-11-13 13:00:00,0.55170000,0.65000000,0.54360000,0.61720000,90255530.27540000
2024-11-13 17:00:00,0.61720000,0.63000000,0.57250000,0.57710000,52833600.22100000
2024-11-13 21:00:00,0.57710000,0.59710000,0.55600000,0.59040000,36850932.64560000
2024-11-14 01:00:00,0.59040000,0.60360000,0.56920000,0.59530000,41898275.27450000
2024-11-14 05:00:00,0.59530000,0.60470000,0.56340000,0.57170000,28100410.58470000
2024-11-14 09:00:00,0.57170000,0.57820000,0.53760000,0.54630000,39472899.39380000
2024-11-14 13:00:00,0.54630000,0.55580000,0.52740000,0.54070000,41408948.20100000
2024-11-14 17:00:00,0.54070000,0.55840000,0.53670000,0.55290000,23752335.24160000
2024-11-14 21:00:00,0.55290000,0.55560000,0.53170000,0.53860000,21163521.07400000
2024-11-15 01:00:00,0.53860000,0.55100000,0.52540000,0.54480000,33394425.90850000
2024-11-15 05:00:00,0.54480000,0.55710000,0.52300000,0.54770000,26921569.73670000
2024-11-15 09:00:00,0.54770000,0.58300000,0.54230000,0.57160000,33677276.01500000
2024-11-15 13:00:00,0.57160000,0.58050000,0.53290000,0.53800000,39923033.97380000
2024-11-15 17:00:00,0.53800000,0.60290000,0.53220000,0.55420000,89570729.50600000
2024-11-15 21:00:00,0.55420000,0.55960000,0.53610000,0.53660000,25547121.50730000
2024-11-16 01:00:00,0.53660000,0.57010000,0.53320000,0.56840000,24643951.17140000
2024-11-16 05:00:00,0.56840000,0.57700000,0.55010000,0.55030000,19200914.84060000
2024-11-16 09:00:00,0.55030000,0.56420000,0.53820000,0.56340000,25639603.72980000
2024-11-16 13:00:00,0.56340000,0.56580000,0.52460000,0.52770000,43438320.38310000
2024-11-16 17:00:00,0.52770000,0.55450000,0.52310000,0.55080000,24469089.47560000
2024-11-16 21:00:00,0.55080000,0.55910000,0.54410000,0.55430000,18176914.70960000
2024-11-17 01:00:00,0.55430000,0.59700000,0.54750000,0.56780000,68854557.17190000
2024-11-17 05:00:00,0.56780000,0.60750000,0.56490000,0.59600000,39077253.45790000
2024-11-17 09:00:00,0.59600000,0.60260000,0.56230000,0.56290000,28592575.01210000
2024-11-17 13:00:00,0.56290000,0.57470000,0.55700000,0.56180000,20925913.40430000
2024-11-17 17:00:00,0.56180000,0.56850000,0.55160000,0.55830000,14093294.68130000
2024-11-17 21:00:00,0.55830000,0.56100000,0.54450000,0.55430000,15576338.21330000
2024-11-18 01:00:00,0.55430000,0.57200000,0.54830000,0.57190000,15272770.99520000
2024-11-18 05:00:00,0.57190000,0.58200000,0.56380000,0.56800000,15003256.30690000
2024-11-18 09:00:00,0.56800000,0.58260000,0.56100000,0.57580000,18060692.28210000
2024-11-18 13:00:00,0.57580000,0.62740000,0.56930000,0.62320000,49981100.15950000
2024-11-18 17:00:00,0.62320000,0.63290000,0.54710000,0.55290000,76516553.74140000
2024-11-18 21:00:00,0.55290000,0.58780000,0.55180000,0.58000000,34944240.86250000
2024-11-19 01:00:00,0.58000000,0.58140000,0.55820000,0.56610000,17691785.59160000
2024-11-19 05:00:00,0.56610000,0.57790000,0.55760000,0.55990000,18082695.57670000
2024-11-19 09:00:00,0.55990000,0.56370000,0.55220000,0.55440000,15273139.56060000
2024-11-19 13:00:00,0.55440000,0.56250000,0.54410000,0.55340000,22482029.68920000
2024-11-19 17:00:00,0.55340000,0.55480000,0.54420000,0.54510000,12510718.52920000
2024-11-19 21:00:00,0.54510000,0.54580000,0.52840000,0.53460000,19853943.99570000
2024-11-20 01:00:00,0.53460000,0.53440000,0.50600000,0.51530000,29756423.74480000
2024-11-20 05:00:00,0.51530000,0.53480000,0.51480000,0.52960000,15729739.52450000
2024-11-20 09:00:00,0.52960000,0.53970000,0.52620000,0.53830000,18654890.98350000
2024-11-20 13:00:00,0.53830000,0.54730000,0.53110000,0.54230000,22647592.93670000
2024-11-20 17:00:00,0.54230000,0.54360000,0.50170000,0.51180000,30486897.62000000
2024-11-20 21:00:00,0.51180000,0.52440000,0.50840000,0.51590000,9658950.22990000
2024-11-21 01:00:00,0.51590000,0.52770000,0.49660000,0.52160000,23696239.29020000
2024-11-21 05:00:00,0.52160000,0.53970000,0.51680000,0.52540000,16588472.72620000
2024-11-21 09:00:00,0.52540000,0.53090000,0.50820000,0.51680000,14270186.91310000
2024-11-21 13:00:00,0.51680000,0.59450000,0.51610000,0.57950000,74434528.17820001
2024-11-21 17:00:00,0.57950000,0.60650000,0.56640000,0.56890000,38098177.45850000
2024-11-21 21:00:00,0.56890000,0.59360000,0.56350000,0.59210000,15114477.70160000
2024-11-22 01:00:00,0.59210000,0.60210000,0.57360000,0.59720000,25871803.94810000
2024-11-22 05:00:00,0.59720000,0.61440000,0.58650000,0.59120000,23416725.15360000
2024-11-22 09:00:00,0.59120000,0.62250000,0.59130000,0.61660000,32417235.87640000
2024-11-22 13:00:00,0.61660000,0.62960000,0.58300000,0.58970000,46015998.98690000
2024-11-22 17:00:00,0.58970000,0.59770000,0.58400000,0.59310000,18048794.49760000
2024-11-22 21:00:00,0.59310000,0.60030000,0.58600000,0.59620000,13957813.73110000
2024-11-23 01:00:00,0.59620000,0.61990000,0.58880000,0.60880000,29872528.76170000
2024-11-23 05:00:00,0.60880000,0.66840000,0.60700000,0.64560000,52089519.61990000
2024-11-23 09:00:00,0.64560000,0.67250000,0.63550000,0.63850000,31135986.04310000
2024-11-23 13:00:00,0.63850000,0.67590000,0.63710000,0.66350000,31419895.20500000
2024-11-23 17:00:00,0.66350000,0.67450000,0.63430000,0.65270000,48446373.66370000
2024-11-23 21:00:00,0.65270000,0.68350000,0.64020000,0.66850000,27418788.29260000
2024-11-24 01:00:00,0.66850000,0.68560000,0.65170000,0.66270000,27540209.55850000
2024-11-24 05:00:00,0.66270000,0.66300000,0.64110000,0.64350000,17835744.75110000
2024-11-24 09:00:00,0.64350000,0.64470000,0.60260000,0.60400000,32336966.18350000
2024-11-24 13:00:00,0.60400000,0.63040000,0.58490000,0.61190000,44432414.66440000
2024-11-24 17:00:00,0.61190000,0.64580000,0.61040000,0.63870000,21541941.22520000
2024-11-24 21:00:00,0.63870000,0.68820000,0.63750000,0.68120000,19016436.25980000
2024-11-25 01:00:00,0.68120000,0.71880000,0.65760000,0.66890000,40814743.97050000
2024-11-25 05:00:00,0.66890000,0.68100000,0.64530000,0.65220000,19524056.69320000
2024-11-25 09:00:00,0.65220000,0.68090000,0.65150000,0.65760000,20727649.75240000
2024-11-25 13:00:00,0.65760000,0.67920000,0.62380000,0.65840000,47728674.57340000
2024-11-25 17:00:00,0.65840000,0.66440000,0.61780000,0.63770000,26157279.98120000
2024-11-25 21:00:00,0.63770000,0.64690000,0.61140000,0.63130000,16885986.22910000
2024-11-26 01:00:00,0.63130000,0.65000000,0.62650000,0.62970000,12534956.35220000
2024-11-26 05:00:00,0.62970000,0.63750000,0.60270000,0.60270000,17669043.88200000
2024-11-26 09:00:00,0.60270000,0.60270000,0.55770000,0.58070000,63206764.38080000
2024-11-26 13:00:00,0.58070000,0.61830000,0.56750000,0.59640000,47600043.18810000
2024-11-26 17:00:00,0.59640000,0.62430000,0.58230000,0.58670000,35730082.74760000
2024-11-26 21:00:00,0.58670000,0.61080000,0.58500000,0.60010000,20254591.38630000
2024-11-27 01:00:00,0.60010000,0.62470000,0.59060000,0.60820000,21414950.29900000
2024-11-27 05:00:00,0.60820000,0.64280000,0.60720000,0.63060000,23519218.51810000
2024-11-27 09:00:00,0.63060000,0.65120000,0.62420000,0.64850000,25280036.74210000
2024-11-27 13:00:00,0.64850000,0.67830000,0.63510000,0.66560000,37880549.30730000
2024-11-27 17:00:00,0.66560000,0.71480000,0.64320000,0.70450000,46689141.59870000
2024-11-27 21:00:00,0.70450000,0.73690000,0.70020000,0.70840000,50202456.10100000
2024-11-28 01:00:00,0.70840000,0.76130000,0.70040000,0.74490000,57841713.13140000
2024-11-28 05:00:00,0.74490000,0.76650000,0.70630000,0.70980000,41965790.67170000
2024-11-28 09:00:00,0.70980000,0.72670000,0.69150000,0.70090000,33006731.26760000
2024-11-28 13:00:00,0.70090000,0.71940000,0.68730000,0.69160000,32634786.05950000
2024-11-28 17:00:00,0.69160000,0.70500000,0.68420000,0.70340000,18345013.69980000
2024-11-28 21:00:00,0.70340000,0.71930000,0.69430000,0.70720000,15723531.97340000
2024-11-29 01:00:00,0.70720000,0.72040000,0.69870000,0.70890000,15868727.64580000
2024-11-29 05:00:00,0.70890000,0.72380000,0.68750000,0.69510000,18488185.85720000
2024-11-29 09:00:00,0.69510000,0.73770000,0.69390000,0.73370000,19562322.10960000
2024-11-29 13:00:00,0.73370000,0.79230000,0.72230000,0.72310000,67093819.28170000
2024-11-29 17:00:00,0.72310000,0.77900000,0.72200000,0.77440000,37701061.64040000
2024-11-29 21:00:00,0.77440000,0.79580000,0.77090000,0.79030000,22518964.19420000
2024-11-30 01:00:00,0.79030000,0.83470000,0.77650000,0.79950000,51484922.25300000
2024-11-30 05:00:00,0.79950000,0.82470000,0.78390000,0.81490000,31860123.39540000
2024-11-30 09:00:00,0.81490000,0.81590000,0.77100000,0.77220000,23562556.25430000
2024-11-30 13:00:00,0.77220000,0.78930000,0.77130000,0.77760000,15114553.32230000
2024-11-30 17:00:00,0.77760000,0.83000000,0.77530000,0.82060000,22365311.00990000
2024-11-30 21:00:00,0.82060000,0.85870000,0.81180000,0.84310000,31525142.01710000
2024-12-01 01:00:00,0.84310000,0.88620000,0.83450000,0.87130000,67175074.23260000
2024-12-01 05:00:00,0.87130000,0.87500000,0.82360000,0.83430000,28835701.99650000
2024-12-01 09:00:00,0.83430000,0.84490000,0.80540000,0.81930000,22236771.19700000
2024-12-01 13:00:00,0.81930000,0.83350000,0.81340000,0.82800000,24695696.32810000
2024-12-01 17:00:00,0.82800000,0.83160000,0.81250000,0.81920000,12376114.29700000
2024-12-01 21:00:00,0.81920000,0.82790000,0.80930000,0.82250000,11623645.91390000
2024-12-02 01:00:00,0.82250000,0.83250000,0.79350000,0.79450000,29981029.03150000
2024-12-02 05:00:00,0.79450000,0.87960000,0.78410000,0.83190000,70024599.02740000
2024-12-02 09:00:00,0.83190000,0.85030000,0.79730000,0.83250000,57999223.87460000
2024-12-02 13:00:00,0.83250000,0.88900000,0.83260000,0.86370000,66545529.22560000
2024-12-02 17:00:00,0.86370000,0.86370000,0.80170000,0.81080000,34155423.37360000
2024-12-02 21:00:00,0.81080000,0.84190000,0.80140000,0.83880000,23087189.13930000
2024-12-03 01:00:00,0.83880000,0.88260000,0.82570000,0.85900000,46112248.98190000
2024-12-03 05:00:00,0.85900000,0.86630000,0.81480000,0.82500000,29015898.76620000
2024-12-03 09:00:00,0.82500000,0.87480000,0.81870000,0.84780000,36305157.10540000
2024-12-03 13:00:00,0.84780000,0.85360000,0.75370000,0.80910000,79623359.13980000
2024-12-03 17:00:00,0.80910000,0.83410000,0.78600000,0.80020000,29824459.38890000
2024-12-03 21:00:00,0.80020000,0.82310000,0.79930000,0.80800000,23486111.02230000
2024-12-04 01:00:00,0.80800000,0.84360000,0.80100000,0.81370000,34423124.79300000
2024-12-04 05:00:00,0.81370000,0.86340000,0.81250000,0.85400000,25296245.37200000
2024-12-04 09:00:00,0.85400000,0.92390000,0.85180000,0.90640000,53696785.94190000
2024-12-04 13:00:00,0.90640000,0.96940000,0.88800000,0.92810000,85822668.49490000
2024-12-04 17:00:00,0.92810000,0.94580000,0.89950000,0.94010000,46135049.24630000
2024-12-04 21:00:00,0.94010000,0.94280000,0.89580000,0.90570000,26241286.91300000
2024-12-05 01:00:00,0.90570000,0.93570000,0.85340000,0.89740000,51031291.41280000
2024-12-05 05:00:00,0.89740000,0.96550000,0.89500000,0.95010000,44043343.58420000
2024-12-05 09:00:00,0.95010000,0.98640000,0.93690000,0.96720000,52197370.17570000
2024-12-05 13:00:00,0.96720000,0.97260000,0.91130000,0.92180000,38643709.70090000
2024-12-05 17:00:00,0.92180000,0.96380000,0.91600000,0.93140000,34225468.65570000
2024-12-05 21:00:00,0.93140000,0.99710000,0.89130000,0.96350000,59593403.30620000
2024-12-06 01:00:00,0.96350000,1.05650000,0.95230000,1.04660000,71087536.00810000
2024-12-06 05:00:00,1.04660000,1.05560000,1.00900000,1.03570000,37110539.94450000
2024-12-06 09:00:00,1.03570000,1.04440000,0.99710000,1.02680000,33562867.67580000
2024-12-06 13:00:00,1.02680000,1.06830000,1.00150000,1.02350000,59008948.78010000
2024-12-06 17:00:00,1.02350000,1.07500000,1.02040000,1.03950000,38452233.13450000
2024-12-06 21:00:00,1.03950000,1.06280000,1.02600000,1.04660000,26337588.82560000
2024-12-07 01:00:00,1.04660000,1.09670000,1.03810000,1.09140000,44463948.74940000
2024-12-07 05:00:00,1.09140000,1.14600000,1.08510000,1.11750000,53934285.31530000
2024-12-07 09:00:00,1.11750000,1.12720000,1.06700000,1.07520000,35867782.56070000
2024-12-07 13:00:00,1.07520000,1.08670000,1.04310000,1.04920000,27900669.70380000
2024-12-07 17:00:00,1.04920000,1.05120000,1.02710000,1.03340000,21619137.94810000
2024-12-07 21:00:00,1.03340000,1.05900000,1.03100000,1.05050000,13842423.71780000
2024-12-08 01:00:00,1.05050000,1.08350000,1.02330000,1.02600000,30905438.43540000
2024-12-08 05:00:00,1.02600000,1.03750000,0.98970000,1.03290000,43865363.25250000
2024-12-08 09:00:00,1.03290000,1.03360000,0.99020000,1.00900000,32672855.21720000
2024-12-08 13:00:00,1.00900000,1.03090000,0.99900000,1.00870000,24654623.83160000
2024-12-08 17:00:00,1.00870000,1.01920000,0.99670000,1.01020000,16099466.80810000
2024-12-08 21:00:00,1.01020000,1.03350000,1.00680000,1.02810000,13853935.91400000
2024-12-09 01:00:00,1.02810000,1.02830000,0.97150000,0.98340000,35803773.38320000
2024-12-09 05:00:00,0.98340000,0.99350000,0.93840000,0.96650000,41330151.68540000
2024-12-09 09:00:00,0.96650000,0.97880000,0.93740000,0.94330000,36009960.78210000
2024-12-09 13:00:00,0.94330000,1.01000000,0.93180000,0.96640000,55513415.40940000
2024-12-09 17:00:00,0.96640000,1.00510000,0.95800000,0.98590000,31521891.42250000
2024-12-09 21:00:00,0.98590000,1.02790000,0.85010000,1.00380000,132909483.29570000
2024-12-10 01:00:00,1.00380000,1.07000000,0.92100000,0.95830000,116139669.91450000
2024-12-10 05:00:00,0.95830000,1.01480000,0.91780000,0.98240000,56952554.36930000
2024-12-10 09:00:00,0.98240000,1.02150000,0.95830000,0.98970000,46627277.52130000
2024-12-10 13:00:00,0.98970000,0.99740000,0.89670000,0.89750000,75721075.87840000
2024-12-10 17:00:00,0.89750000,0.92480000,0.85490000,0.91090000,87268329.02900000
2024-12-10 21:00:00,0.91090000,0.92740000,0.89030000,0.90160000,31357189.92790000
2024-12-11 01:00:00,0.90160000,0.91810000,0.85700000,0.91790000,49763321.17830000
2024-12-11 05:00:00,0.91790000,0.94380000,0.90580000,0.90910000,28159327.90480000
2024-12-11 09:00:00,0.90910000,0.97720000,0.90780000,0.97690000,34376108.14340000
2024-12-11 13:00:00,0.97690000,1.02860000,0.96260000,0.99980000,49923685.57050000
2024-12-11 17:00:00,0.99980000,1.02970000,0.99410000,1.00360000,32349002.49060000
2024-12-11 21:00:00,1.00360000,1.04750000,0.98930000,1.04750000,27126294.81860000
2024-12-12 01:00:00,1.04750000,1.12020000,1.03940000,1.11220000,52649366.48540000
2024-12-12 05:00:00,1.11220000,1.11830000,1.07430000,1.10070000,35689399.66560000
2024-12-12 09:00:00,1.10070000,1.14300000,1.09470000,1.10660000,50712291.70650000
2024-12-12 13:00:00,1.10660000,1.10770000,1.07070000,1.08690000,38312586.72830000
2024-12-12 17:00:00,1.08690000,1.09750000,1.04470000,1.04810000,26257776.31050000
2024-12-12 21:00:00,1.04810000,1.06430000,1.03120000,1.03610000,21041905.17280000
2024-12-13 01:00:00,1.03610000,1.05630000,1.01710000,1.04990000,33847553.55120000
2024-12-13 05:00:00,1.04990000,1.05310000,1.01370000,1.03040000,21781214.60800000
2024-12-13 09:00:00,1.03040000,1.05420000,1.01900000,1.03840000,19242851.32760000
2024-12-13 13:00:00,1.03840000,1.04110000,0.98940000,0.99060000,31137009.34660000
2024-12-13 17:00:00,0.99060000,1.00560000,0.97790000,0.99330000,26004711.60380000
2024-12-13 21:00:00,0.99330000,1.00800000,0.97320000,0.99680000,18111325.62580000
2024-12-14 01:00:00,0.99680000,1.03740000,0.99210000,1.01850000,26539937.33990000
2024-12-14 05:00:00,1.01850000,1.01970000,0.99850000,0.99950000,10627843.27390000
2024-12-14 09:00:00,0.99950000,1.01450000,0.98600000,1.00030000,16038241.85700000
2024-12-14 13:00:00,1.00030000,1.00190000,0.97370000,0.98740000,20137659.27030000
2024-12-14 17:00:00,0.98740000,1.03670000,0.94580000,1.03570000,50225797.82920000
2024-12-14 21:00:00,1.03570000,1.16120000,0.99840000,1.13240000,222390303.32150000
2024-12-15 01:00:00,1.13240000,1.19820000,1.11060000,1.13130000,164270074.04730001
2024-12-15 05:00:00,1.13130000,1.18280000,1.11980000,1.13250000,125565615.00290000
2024-12-15 09:00:00,1.13250000,1.17090000,1.12270000,1.14570000,82332868.94239999
2024-12-15 13:00:00,1.14570000,1.21600000,1.12760000,1.21020000,155458457.96630001
2024-12-15 17:00:00,1.21020000,1.22860000,1.15730000,1.16120000,119398720.51820000
2024-12-15 21:00:00,1.16120000,1.27650000,1.15240000,1.25110000,121693390.91890000
2024-12-16 01:00:00,1.25110000,1.32850000,1.24610000,1.26740000,124833218.38930000
2024-12-16 05:00:00,1.26740000,1.28230000,1.22330000,1.24240000,58580264.39320000
2024-12-16 09:00:00,1.24240000,1.24770000,1.18560000,1.18740000,71961212.49950001
2024-12-16 13:00:00,1.18740000,1.21680000,1.16110000,1.19960000,113539345.01510000
2024-12-16 17:00:00,1.19960000,1.20990000,1.17110000,1.17300000,45450337.94390000
2024-12-16 21:00:00,1.17300000,1.19610000,1.16580000,1.18210000,27392114.79640000
2024-12-17 01:00:00,1.18210000,1.19720000,1.15790000,1.16900000,41959115.26080000
2024-12-17 05:00:00,1.16900000,1.18470000,1.14170000,1.17190000,39832304.38840000
2024-12-17 09:00:00,1.17190000,1.17670000,1.13700000,1.14810000,37754846.18220000
2024-12-17 13:00:00,1.14810000,1.16590000,1.12390000,1.13180000,39038858.94620000
2024-12-17 17:00:00,1.13180000,1.15060000,1.09510000,1.12400000,34572597.98810000
2024-12-17 21:00:00,1.12400000,1.13370000,1.09920000,1.11160000,28587522.49620000
2024-12-18 01:00:00,1.11160000,1.11420000,1.08020000,1.08060000,29361335.52420000
2024-12-18 05:00:00,1.08060000,1.08440000,1.04840000,1.06720000,43806618.26030000
2024-12-18 09:00:00,1.06720000,1.13170000,1.06040000,1.11650000,39887124.15740000
2024-12-18 13:00:00,1.11650000,1.12490000,1.04310000,1.05350000,47589505.89220000
2024-12-18 17:00:00,1.05350000,1.14690000,1.05350000,1.07740000,160424213.54229999
2024-12-18 21:00:00,1.07740000,1.13450000,1.00170000,1.07650000,147892918.54400000
2024-12-19 01:00:00,1.07650000,1.18100000,1.06090000,1.17950000,135786641.98690000
2024-12-19 05:00:00,1.17950000,1.19780000,1.13180000,1.16570000,79038959.20890000
2024-12-19 09:00:00,1.16570000,1.17240000,1.12340000,1.15600000,73949832.89340000
2024-12-19 13:00:00,1.15600000,1.16430000,1.03200000,1.03980000,100321071.03800000
2024-12-19 17:00:00,1.03980000,1.07150000,0.96520000,0.96810000,136025268.61820000
2024-12-19 21:00:00,0.96810000,0.98280000,0.93250000,0.95400000,98603004.03380001
2024-12-20 01:00:00,0.95400000,1.02920000,0.93790000,0.97630000,67984536.87199999
2024-12-20 05:00:00,0.97630000,0.98860000,0.88510000,0.88590000,89812386.17670000
2024-12-20 09:00:00,0.88590000,0.91360000,0.84670000,0.85480000,172402858.81070000
2024-12-20 13:00:00,0.85480000,1.01490000,0.85480000,1.00450000,133071625.63880000
2024-12-20 17:00:00,1.00450000,1.19590000,0.99460000,1.19080000,144754044.83759999
2024-12-20 21:00:00,1.19080000,1.19940000,1.14820000,1.17880000,125228297.79210000
2024-12-21 01:00:00,1.17880000,1.22000000,1.14530000,1.14790000,83791226.92800000
2024-12-21 05:00:00,1.14790000,1.19840000,1.14810000,1.18320000,53865835.39410000
2024-12-21 09:00:00,1.18320000,1.21310000,1.16140000,1.17440000,77810089.01490000
2024-12-21 13:00:00,1.17440000,1.17670000,1.05290000,1.07430000,132675472.38200000
2024-12-21 17:00:00,1.07430000,1.08460000,1.03990000,1.05030000,72040603.47130001
2024-12-21 21:00:00,1.05030000,1.06590000,0.99070000,1.00860000,62501475.91050000
2024-12-22 01:00:00,1.00860000,1.04780000,1.00010000,1.02600000,48623358.24080000
2024-12-22 05:00:00,1.02600000,1.03450000,0.99010000,1.02510000,43479794.86720000
2024-12-22 09:00:00,1.02510000,1.10550000,1.02390000,1.06470000,71702187.18700001
2024-12-22 13:00:00,1.06470000,1.07800000,1.00120000,1.02070000,74187378.98700000
2024-12-22 17:00:00,1.02070000,1.07940000,1.01460000,1.04750000,52046256.53010000
2024-12-22 21:00:00,1.04750000,1.07090000,1.02220000,1.02950000,53371273.05740000
2024-12-23 01:00:00,1.02950000,1.08570000,1.01070000,1.08260000,66877527.18160000
2024-12-23 05:00:00,1.08260000,1.10330000,1.02350000,1.03480000,62277632.07140000
2024-12-23 09:00:00,1.03480000,1.06550000,1.02980000,1.03580000,43685521.71010000
2024-12-23 13:00:00,1.03580000,1.05150000,0.99140000,0.99360000,60093733.33870000
2024-12-23 17:00:00,0.99360000,1.04790000,0.99330000,1.03280000,52914861.19700000
2024-12-23 21:00:00,1.03280000,1.12240000,1.03140000,1.07800000,62410366.44580000
2024-12-24 01:00:00,1.07800000,1.08280000,1.03670000,1.05450000,39814583.12490000
2024-12-24 05:00:00,1.05450000,1.06070000,1.02970000,1.03640000,24396480.60980000
2024-12-24 09:00:00,1.03640000,1.04650000,1.01320000,1.03310000,30129686.83130000
2024-12-24 13:00:00,1.03310000,1.09480000,1.02360000,1.07880000,56686366.49660000
2024-12-24 17:00:00,1.07880000,1.08920000,1.03880000,1.03880000,38898872.57970000
2024-12-24 21:00:00,1.03880000,1.06070000,1.01930000,1.05510000,28392363.44960000
2024-12-25 01:00:00,1.05510000,1.06830000,1.03740000,1.04060000,29854119.06900000
2024-12-25 05:00:00,1.04060000,1.04770000,1.02320000,1.02560000,22462950.66960000
2024-12-25 09:00:00,1.02560000,1.05170000,1.01590000,1.01780000,31746253.75240000
2024-12-25 13:00:00,1.01780000,1.05420000,1.01510000,1.02930000,30260901.77900000
2024-12-25 17:00:00,1.02930000,1.03310000,1.01600000,1.01950000,22560704.78620000
2024-12-25 21:00:00,1.01950000,1.02960000,0.99930000,1.02870000,32345883.92440000
2024-12-26 01:00:00,1.02870000,1.04180000,0.99520000,1.00110000,27190760.07940000
2024-12-26 05:00:00,1.00110000,1.00150000,0.97470000,0.97940000,30826692.17870000
2024-12-26 09:00:00,0.97940000,0.98420000,0.94170000,0.94220000,48245720.46790000
2024-12-26 13:00:00,0.94220000,0.96050000,0.93110000,0.93230000,39010987.49320000
2024-12-26 17:00:00,0.93230000,0.94630000,0.91590000,0.92670000,34873468.22880000
2024-12-26 21:00:00,0.92670000,0.94260000,0.91440000,0.92590000,21274627.12300000
2024-12-27 01:00:00,0.92590000,0.96550000,0.91620000,0.94520000,36891386.50510000
2024-12-27 05:00:00,0.94520000,0.96160000,0.93110000,0.93610000,28946289.60710000
2024-12-27 09:00:00,0.93610000,0.99520000,0.93590000,0.97600000,45298527.34250000
2024-12-27 13:00:00,0.97600000,0.97710000,0.91080000,0.91630000,36058648.01570000
2024-12-27 17:00:00,0.91630000,0.94790000,0.91260000,0.93000000,24069390.56020000
2024-12-27 21:00:00,0.93000000,0.93210000,0.89810000,0.90520000,20827736.21060000
2024-12-28 01:00:00,0.90520000,0.91160000,0.89220000,0.90170000,19263255.42120000
2024-12-28 05:00:00,0.90170000,0.90480000,0.88330000,0.88360000,16798181.88050000
2024-12-28 09:00:00,0.88360000,0.91280000,0.88350000,0.90940000,23755884.66480000
2024-12-28 13:00:00,0.90940000,0.92800000,0.89630000,0.91450000,35147525.26040000
2024-12-28 17:00:00,0.91450000,0.94510000,0.91380000,0.93410000,21126921.37780000
2024-12-28 21:00:00,0.93410000,0.95150000,0.92950000,0.94650000,12559691.69070000
2024-12-29 01:00:00,0.94650000,0.95320000,0.92810000,0.95000000,22768413.96180000
2024-12-29 05:00:00,0.95000000,0.97520000,0.93700000,0.97200000,16388835.70920000
2024-12-29 09:00:00,0.97200000,0.97360000,0.94010000,0.94110000,16565932.65200000
2024-12-29 13:00:00,0.94110000,0.97090000,0.93680000,0.94580000,31036499.55630000
2024-12-29 17:00:00,0.94580000,0.96090000,0.93900000,0.94040000,20968875.20320000
2024-12-29 21:00:00,0.94040000,0.94780000,0.91490000,0.94330000,26233292.27000000
2024-12-30 01:00:00,0.94330000,1.01430000,0.93380000,0.99710000,57592016.25560000
2024-12-30 05:00:00,0.99710000,1.01820000,0.97430000,1.00370000,34618536.68310000
2024-12-30 09:00:00,1.00370000,1.01780000,0.97170000,0.99110000,31235120.98490000
2024-12-30 13:00:00,0.99110000,1.00240000,0.94180000,0.94820000,59913389.31790000
2024-12-30 17:00:00,0.94820000,0.99840000,0.93520000,0.99020000,35986373.94060000
2024-12-30 21:00:00,0.99020000,1.00080000,0.94860000,0.95290000,26921549.57900000
2024-12-31 01:00:00,0.95290000,0.95700000,0.93340000,0.93780000,17255527.57960000
2024-12-31 05:00:00,0.93780000,0.94760000,0.92030000,0.92530000,19562617.34950000
2024-12-31 09:00:00,0.92530000,0.95730000,0.92530000,0.93430000,26060278.14600000
2024-12-31 13:00:00,0.93430000,0.95800000,0.91770000,0.93880000,34996884.53440000
2024-12-31 17:00:00,0.93880000,0.94380000,0.90570000,0.92270000,22817093.28720000
2024-12-31 21:00:00,0.92270000,0.92960000,0.90570000,0.90920000,9878375.33250000
2025-01-01 01:00:00,0.90920000,0.93090000,0.90660000,0.91960000,10876425.08470000
2025-01-01 05:00:00,0.91960000,0.92230000,0.91220000,0.91710000,9650977.19220000
2025-01-01 09:00:00,0.91710000,0.92100000,0.89410000,0.91840000,20113607.79900000
2025-01-01 13:00:00,0.91840000,0.93980000,0.90600000,0.93730000,18728571.70320000
2025-01-01 17:00:00,0.93730000,0.95030000,0.91390000,0.94740000,21662140.32290000
2025-01-01 21:00:00,0.94740000,0.97120000,0.94760000,0.95890000,15050962.46750000
2025-01-02 01:00:00,0.95890000,0.99210000,0.95890000,0.97420000,19955263.84320000
2025-01-02 05:00:00,0.97420000,1.02260000,0.97020000,1.01290000,35252608.08600000
2025-01-02 09:00:00,1.01290000,1.05010000,1.01110000,1.04810000,31840224.50570000
2025-01-02 13:00:00,1.04810000,1.07820000,1.04450000,1.04940000,47687064.43580000
2025-01-02 17:00:00,1.04940000,1.05970000,1.03310000,1.04490000,26047677.63780000
2025-01-02 21:00:00,1.04490000,1.05210000,1.02100000,1.03300000,16354848.58160000
2025-01-03 01:00:00,1.03300000,1.06750000,1.02390000,1.05740000,21144187.89760000
2025-01-03 05:00:00,1.05740000,1.06070000,1.02150000,1.02420000,20950570.74990000
2025-01-03 09:00:00,1.02420000,1.06490000,1.02080000,1.06160000,22166870.14040000
2025-01-03 13:00:00,1.06160000,1.22080000,1.05880000,1.19380000,150354126.50229999
2025-01-03 17:00:00,1.19380000,1.24890000,1.18560000,1.24570000,65732275.92790000
2025-01-03 21:00:00,1.24570000,1.24760000,1.21440000,1.21510000,40443777.04030000
2025-01-04 01:00:00,1.21510000,1.21770000,1.18470000,1.19250000,38550582.88500000
2025-01-04 05:00:00,1.19250000,1.21130000,1.18670000,1.18800000,23155893.98170000
2025-01-04 09:00:00,1.18800000,1.20600000,1.17530000,1.19580000,30840565.31420000
2025-01-04 13:00:00,1.19580000,1.31200000,1.19510000,1.26410000,119725207.28399999
2025-01-04 17:00:00,1.26410000,1.28030000,1.23120000,1.24310000,54033111.42510000
2025-01-04 21:00:00,1.24310000,1.25650000,1.22850000,1.23340000,21144780.28030000
2025-01-05 01:00:00,1.23340000,1.23880000,1.20710000,1.21010000,26492496.51780000
2025-01-05 05:00:00,1.21010000,1.22650000,1.20210000,1.20350000,18717794.69830000
2025-01-05 09:00:00,1.20350000,1.29490000,1.19460000,1.27760000,73545987.87980001
2025-01-05 13:00:00,1.27760000,1.30090000,1.23500000,1.27930000,77440835.60370000
2025-01-05 17:00:00,1.27930000,1.28240000,1.21970000,1.23680000,34127541.97530000
2025-01-05 21:00:00,1.23680000,1.27320000,1.23300000,1.26160000,25779622.98160000
2025-01-06 01:00:00,1.26160000,1.28570000,1.24280000,1.24720000,45648270.86540000
2025-01-06 05:00:00,1.24720000,1.25610000,1.21120000,1.21160000,33542638.35740000
2025-01-06 09:00:00,1.21160000,1.21810000,1.18960000,1.21430000,45505737.45750000
2025-01-06 13:00:00,1.21430000,1.23850000,1.19010000,1.23150000,68698815.08050001
2025-01-06 17:00:00,1.23150000,1.25100000,1.19180000,1.20030000,50684595.06510000
2025-01-06 21:00:00,1.20030000,1.20970000,1.16100000,1.17140000,38997053.40980000
2025-01-07 01:00:00,1.17140000,1.18340000,1.13930000,1.16100000,43794100.26390000
2025-01-07 05:00:00,1.16100000,1.16360000,1.14410000,1.15710000,24679884.69020000
2025-01-07 09:00:00,1.15710000,1.17120000,1.14320000,1.15130000,30666919.09510000
2025-01-07 13:00:00,1.15130000,1.17690000,1.09390000,1.10870000,104239987.21460000
2025-01-07 17:00:00,1.10870000,1.12130000,1.05720000,1.05800000,82580821.09270000
2025-01-07 21:00:00,1.05800000,1.07280000,1.03390000,1.03570000,38269735.32100000
2025-01-08 01:00:00,1.03570000,1.05260000,1.00310000,1.00820000,38214653.69490000
2025-01-08 05:00:00,1.00820000,1.01190000,0.96180000,0.98440000,49549836.25210000
2025-01-08 09:00:00,0.98440000,1.00110000,0.95330000,0.97400000,46075754.27590000
2025-01-08 13:00:00,0.97400000,0.97680000,0.94390000,0.95760000,50706534.19910000
2025-01-08 17:00:00,0.95760000,0.97690000,0.90040000,0.95500000,92286348.90130000
2025-01-08 21:00:00,0.95500000,0.97700000,0.94160000,0.97500000,27737686.70640000
2025-01-09 01:00:00,0.97500000,0.98840000,0.93260000,0.93520000,47338671.08480000
2025-01-09 05:00:00,0.93520000,0.94400000,0.90320000,0.90710000,39372849.52170000
2025-01-09 09:00:00,0.90710000,0.95290000,0.90690000,0.92390000,41415968.97970000
2025-01-09 13:00:00,0.92390000,0.94850000,0.86150000,0.93560000,86128052.74460000
2025-01-09 17:00:00,0.93560000,0.96330000,0.89310000,0.89670000,55806147.51190000
2025-01-09 21:00:00,0.89670000,0.91870000,0.87970000,0.90060000,35520878.98430000
2025-01-10 01:00:00,0.90060000,0.95380000,0.90060000,0.93690000,32461963.26990000
2025-01-10 05:00:00,0.93690000,0.96870000,0.92840000,0.95000000,40770957.53930000
2025-01-10 09:00:00,0.95000000,0.96990000,0.93490000,0.94390000,45147171.00950000
2025-01-10 13:00:00,0.94390000,0.94970000,0.87220000,0.90370000,107142384.40109999
2025-01-10 17:00:00,0.90370000,0.94860000,0.88720000,0.92350000,55667109.08760000
2025-01-10 21:00:00,0.92350000,0.92920000,0.90790000,0.90980000,17970215.32800000
2025-01-11 01:00:00,0.90980000,0.91610000,0.88260000,0.88790000,27343630.29330000
2025-01-11 05:00:00,0.88790000,0.90690000,0.87930000,0.88770000,24923124.81630000
2025-01-11 09:00:00,0.88770000,0.91780000,0.87430000,0.91510000,46132033.30160000
2025-01-11 13:00:00,0.91510000,0.91800000,0.88890000,0.89070000,25088201.50290000
2025-01-11 17:00:00,0.89070000,0.90620000,0.88360000,0.89170000,23247733.64930000
2025-01-11 21:00:00,0.89170000,0.93660000,0.88840000,0.90750000,33506658.75910000
2025-01-12 01:00:00,0.90750000,0.91140000,0.89370000,0.90210000,18182054.77390000
2025-01-12 05:00:00,0.90210000,0.90490000,0.88860000,0.89440000,12824911.18740000
2025-01-12 09:00:00,0.89440000,0.92090000,0.87620000,0.91340000,34594822.37910000
2025-01-12 13:00:00,0.91340000,0.91560000,0.88750000,0.91540000,45510589.52180000
2025-01-12 17:00:00,0.91540000,0.91890000,0.88850000,0.89520000,24623959.39400000
2025-01-12 21:00:00,0.89520000,0.90230000,0.86650000,0.87780000,30626508.71740000
2025-01-13 01:00:00,0.87780000,0.91670000,0.82190000,0.82250000,83921967.61110000
2025-01-13 05:00:00,0.82250000,0.84990000,0.79940000,0.81250000,73395941.24940000
2025-01-13 09:00:00,0.81250000,0.81540000,0.77610000,0.77830000,80308762.60609999
2025-01-13 13:00:00,0.77830000,0.83730000,0.76670000,0.81370000,113586976.15160000
2025-01-13 17:00:00,0.81370000,0.81990000,0.72320000,0.76000000,105651246.22250000
2025-01-13 21:00:00,0.76000000,0.82010000,0.75560000,0.79760000,55469449.68870000
2025-01-14 01:00:00,0.79760000,0.81580000,0.78700000,0.80660000,34876771.03190000
2025-01-14 05:00:00,0.80660000,0.83620000,0.80240000,0.80290000,38577127.84810000
2025-01-14 09:00:00,0.80290000,0.85230000,0.80190000,0.82200000,62195438.91940000
2025-01-14 13:00:00,0.82200000,0.85630000,0.81010000,0.83480000,75879625.89020000
2025-01-14 17:00:00,0.83480000,0.84000000,0.81980000,0.82500000,37343659.38160000
2025-01-14 21:00:00,0.82500000,0.85130000,0.81540000,0.83090000,26084496.68140000
2025-01-15 01:00:00,0.83090000,0.83800000,0.80730000,0.82650000,39291656.64310000
2025-01-15 05:00:00,0.82650000,0.83200000,0.81050000,0.82080000,25081991.01890000
2025-01-15 09:00:00,0.82080000,0.82650000,0.77410000,0.78570000,51161347.61920000
2025-01-15 13:00:00,0.78570000,0.92080000,0.77700000,0.88980000,146074247.27620000
2025-01-15 17:00:00,0.88980000,0.92450000,0.88980000,0.91550000,61204825.48980000
2025-01-15 21:00:00,0.91550000,0.97330000,0.90740000,0.94280000,65084144.03320000
2025-01-16 01:00:00,0.94280000,0.95000000,0.90140000,0.90770000,39019955.67540000
2025-01-16 05:00:00,0.90770000,0.91970000,0.90230000,0.90790000,19892682.95140000
2025-01-16 09:00:00,0.90790000,0.91180000,0.87470000,0.90610000,58443166.21360000
2025-01-16 13:00:00,0.90610000,0.95720000,0.88570000,0.91000000,117739575.33230001
2025-01-16 17:00:00,0.91000000,0.92640000,0.90260000,0.92390000,40046979.75910000
2025-01-16 21:00:00,0.92390000,0.93070000,0.88810000,0.91160000,30533922.61680000
2025-01-17 01:00:00,0.91160000,0.97680000,0.91020000,0.93760000,64616043.29500000
2025-01-17 05:00:00,0.93760000,0.95430000,0.92530000,0.92790000,31280266.41250000
2025-01-17 09:00:00,0.92790000,0.97620000,0.92320000,0.97180000,51623690.47360000
2025-01-17 13:00:00,0.97180000,0.98670000,0.94800000,0.95580000,83304925.15420000
2025-01-17 17:00:00,0.95580000,0.96670000,0.92880000,0.93100000,45965318.65190000
2025-01-17 21:00:00,0.93100000,1.00420000,0.93080000,0.96370000,77240635.20800000
2025-01-18 01:00:00,0.96370000,0.99300000,0.91770000,0.91840000,66872929.14260000
2025-01-18 05:00:00,0.91840000,0.92600000,0.86380000,0.86880000,93552493.95180000
2025-01-18 09:00:00,0.86880000,0.94500000,0.85860000,0.93800000,87153573.21220000
2025-01-18 13:00:00,0.93800000,0.94890000,0.87900000,0.88280000,80483674.62809999
2025-01-18 17:00:00,0.88280000,0.89690000,0.84680000,0.87170000,54682716.95750000
2025-01-18 21:00:00,0.87170000,0.88490000,0.85540000,0.88070000,21779622.17540000
2025-01-19 01:00:00,0.88070000,0.94680000,0.88070000,0.91790000,74297588.29889999
2025-01-19 05:00:00,0.91790000,0.91880000,0.86530000,0.87490000,45823485.23710000
2025-01-19 09:00:00,0.87490000,0.87860000,0.81440000,0.82690000,87066303.32130000
2025-01-19 13:00:00,0.82690000,0.93130000,0.82750000,0.91100000,112590981.28929999
2025-01-19 17:00:00,0.91100000,0.94820000,0.91090000,0.93100000,57248161.17990000
2025-01-19 21:00:00,0.93100000,0.94850000,0.81540000,0.84600000,138442065.77100000
2025-01-20 01:00:00,0.84600000,0.85260000,0.80010000,0.82640000,95244150.07740000
2025-01-20 05:00:00,0.82640000,0.93940000,0.81100000,0.91320000,108591549.51530001
2025-01-20 09:00:00,0.91320000,0.94400000,0.88870000,0.90530000,62261595.69740000
2025-01-20 13:00:00,0.90530000,0.97050000,0.86210000,0.94210000,158901182.10929999
2025-01-20 17:00:00,0.94210000,0.96870000,0.88040000,0.92350000,146552725.05579999
2025-01-20 21:00:00,0.92350000,0.92600000,0.87350000,0.87780000,56875934.51620000
2025-01-21 01:00:00,0.87780000,0.87800000,0.83010000,0.85470000,64491991.00040000
2025-01-21 05:00:00,0.85470000,0.88040000,0.84050000,0.86420000,51664605.87960000
2025-01-21 09:00:00,0.86420000,0.92800000,0.84440000,0.90410000,67076377.55140000
2025-01-21 13:00:00,0.90410000,0.91300000,0.86820000,0.87310000,58407495.01890000
2025-01-21 17:00:00,0.87310000,0.96870000,0.86930000,0.93980000,74392484.98639999
2025-01-21 21:00:00,0.93980000,0.95360000,0.92450000,0.93440000,37256670.20070000
2025-01-22 01:00:00,0.93440000,0.97260000,0.92590000,0.94170000,44297067.34620000
2025-01-22 05:00:00,0.94170000,0.96370000,0.92440000,0.93070000,32630249.17430000
2025-01-22 09:00:00,0.93070000,0.93330000,0.90250000,0.90330000,36762243.68920000
2025-01-22 13:00:00,0.90330000,0.90510000,0.88060000,0.88910000,41419925.88110000
2025-01-22 17:00:00,0.88910000,0.89680000,0.87350000,0.88160000,33412796.51360000
2025-01-22 21:00:00,0.88160000,0.88780000,0.83900000,0.85380000,44420684.69350000
2025-01-23 01:00:00,0.85380000,0.85600000,0.83240000,0.83720000,36503742.98020000
2025-01-23 05:00:00,0.83720000,0.84770000,0.82880000,0.84560000,27609547.84590000
2025-01-23 09:00:00,0.84560000,0.84800000,0.81920000,0.83180000,28355502.44680000
2025-01-23 13:00:00,0.83180000,0.86400000,0.81750000,0.84500000,69172106.79130000
2025-01-23 17:00:00,0.84500000,0.87220000,0.81140000,0.81460000,49744741.61160000
2025-01-23 21:00:00,0.81460000,0.86560000,0.80040000,0.84860000,82986660.43889999
2025-01-24 01:00:00,0.84860000,0.85520000,0.80890000,0.82020000,41163564.14720000
2025-01-24 05:00:00,0.82020000,0.92460000,0.81650000,0.89680000,93891671.35140000
2025-01-24 09:00:00,0.89680000,0.90940000,0.87620000,0.90450000,44753344.58350000
2025-01-24 13:00:00,0.90450000,0.92560000,0.87960000,0.88960000,60304192.27930000
2025-01-24 17:00:00,0.88960000,0.90900000,0.88610000,0.89940000,36823535.27150000
2025-01-24 21:00:00,0.89940000,0.90910000,0.83620000,0.84470000,45837942.45540000
2025-01-25 01:00:00,0.84470000,0.85280000,0.82510000,0.84840000,28415060.72370000
2025-01-25 05:00:00,0.84840000,0.85030000,0.83180000,0.83340000,18540042.51880000
2025-01-25 09:00:00,0.83340000,0.85350000,0.82790000,0.84970000,19723324.60570000
2025-01-25 13:00:00,0.84970000,0.87740000,0.84210000,0.86190000,39155627.23840000
2025-01-25 17:00:00,0.86190000,0.87810000,0.84640000,0.86820000,32101692.59380000
2025-01-25 21:00:00,0.86820000,0.87880000,0.85360000,0.85630000,20157632.00180000
2025-01-26 01:00:00,0.85630000,0.86570000,0.83800000,0.84510000,22407147.79880000
2025-01-26 05:00:00,0.84510000,0.87940000,0.84260000,0.85170000,31553867.58850000
2025-01-26 09:00:00,0.85170000,0.85450000,0.82740000,0.84090000,32760805.31230000
2025-01-26 13:00:00,0.84090000,0.84100000,0.82950000,0.83140000,17075610.93710000
2025-01-26 17:00:00,0.83140000,0.83190000,0.81050000,0.82530000,32814038.04620000
2025-01-26 21:00:00,0.82530000,0.82720000,0.77360000,0.77590000,49851112.92740000
2025-01-27 01:00:00,0.77590000,0.78350000,0.74460000,0.74860000,57754504.30550000
2025-01-27 05:00:00,0.74860000,0.74960000,0.70150000,0.72390000,63514886.59570000
2025-01-27 09:00:00,0.72390000,0.72480000,0.70030000,0.70630000,46952088.37370000
2025-01-27 13:00:00,0.70630000,0.77370000,0.70130000,0.74580000,84002101.17690000
2025-01-27 17:00:00,0.74580000,0.74680000,0.70720000,0.71840000,36826209.67910000
2025-01-27 21:00:00,0.71840000,0.77270000,0.71840000,0.75120000,45359425.18250000
2025-01-28 01:00:00,0.75120000,0.75960000,0.73010000,0.75400000,25477281.10030000
2025-01-28 05:00:00,0.75400000,0.77070000,0.73180000,0.73430000,29624568.27590000
2025-01-28 09:00:00,0.73430000,0.73980000,0.71550000,0.71990000,27297347.72220000
2025-01-28 13:00:00,0.71990000,0.74600000,0.70840000,0.72810000,42024199.96190000
2025-01-28 17:00:00,0.72810000,0.72860000,0.70050000,0.70660000,30145126.19610000
2025-01-28 21:00:00,0.70660000,0.71050000,0.65190000,0.65730000,65131980.70500000
2025-01-29 01:00:00,0.65730000,0.68110000,0.65340000,0.67840000,31795319.47940000
2025-01-29 05:00:00,0.67840000,0.71110000,0.67600000,0.70700000,25615579.47880000
2025-01-29 09:00:00,0.70700000,0.71180000,0.68380000,0.69450000,26213176.21880000
2025-01-29 13:00:00,0.69450000,0.69540000,0.66750000,0.67980000,32343193.59910000
2025-01-29 17:00:00,0.67980000,0.72500000,0.67090000,0.70810000,64441565.66890000
2025-01-29 21:00:00,0.70810000,0.74210000,0.67850000,0.68170000,70275179.95180000
2025-01-30 01:00:00,0.68170000,0.72700000,0.67570000,0.72540000,32275208.89620000
2025-01-30 05:00:00,0.72540000,0.73820000,0.71630000,0.73270000,36805204.87670000
2025-01-30 09:00:00,0.73270000,0.77830000,0.72170000,0.77140000,58443892.42420000
2025-01-30 13:00:00,0.77140000,0.79830000,0.75250000,0.77480000,64858192.66110000
2025-01-30 17:00:00,0.77480000,0.78550000,0.75460000,0.77770000,34565689.79720000
2025-01-30 21:00:00,0.77770000,0.77810000,0.75370000,0.75910000,20099195.64280000
2025-01-31 01:00:00,0.75910000,0.77980000,0.74080000,0.74450000,34633053.31690000
2025-01-31 05:00:00,0.74450000,0.78970000,0.72650000,0.78430000,43689318.22220000
2025-01-31 09:00:00,0.78430000,0.81720000,0.75870000,0.80660000,50096073.07800000
2025-01-31 13:00:00,0.80660000,0.82220000,0.79030000,0.81320000,63425211.38640000
2025-01-31 17:00:00,0.81320000,0.81920000,0.76560000,0.77840000,50282304.81800000
2025-01-31 21:00:00,0.77840000,0.77810000,0.75320000,0.76420000,31603376.05280000
2025-02-01 01:00:00,0.76420000,0.78900000,0.75610000,0.76390000,27431394.63080000
2025-02-01 05:00:00,0.76390000,0.77120000,0.74880000,0.75040000,13097228.34150000
2025-02-01 09:00:00,0.75040000,0.75270000,0.71480000,0.72530000,32854748.45480000
2025-02-01 13:00:00,0.72530000,0.73400000,0.71210000,0.72110000,22542432.92280000
2025-02-01 17:00:00,0.72110000,0.72840000,0.70140000,0.70510000,28992779.07860000
2025-02-01 21:00:00,0.70510000,0.70550000,0.66960000,0.67530000,48011775.99240000
2025-02-02 01:00:00,0.67530000,0.69340000,0.65160000,0.65590000,44159193.48290000
2025-02-02 05:00:00,0.65590000,0.68370000,0.65260000,0.66660000,32426467.50400000
2025-02-02 09:00:00,0.66660000,0.67900000,0.63900000,0.64280000,33749972.44920000
2025-02-02 13:00:00,0.64280000,0.66290000,0.63810000,0.64880000,38189101.41990000
2025-02-02 17:00:00,0.64880000,0.64890000,0.58010000,0.60130000,100720568.23909999
2025-02-02 21:00:00,0.60130000,0.61330000,0.54440000,0.57800000,69360601.02689999
2025-02-03 01:00:00,0.57800000,0.57830000,0.46960000,0.54530000,171286638.53189999
2025-02-03 05:00:00,0.54530000,0.60930000,0.52160000,0.60720000,52409337.99120000
2025-02-03 09:00:00,0.60720000,0.63800000,0.56520000,0.58600000,73723782.59520000
2025-02-03 13:00:00,0.58600000,0.66710000,0.56420000,0.64540000,95893915.37490000
2025-02-03 17:00:00,0.64540000,0.66480000,0.62660000,0.65540000,54261917.72130000
2025-02-03 21:00:00,0.65540000,0.70180000,0.63530000,0.67760000,59761391.19680000
2025-02-04 01:00:00,0.67760000,0.68630000,0.65440000,0.67110000,32256398.54470000
2025-02-04 05:00:00,0.67110000,0.68440000,0.60400000,0.60610000,54785347.42350000
2025-02-04 09:00:00,0.60610000,0.65830000,0.60330000,0.63990000,41369937.72320000
2025-02-04 13:00:00,0.63990000,0.67710000,0.63280000,0.64860000,62767238.09750000
2025-02-04 17:00:00,0.64860000,0.65610000,0.62260000,0.62260000,47572585.78730000
2025-02-04 21:00:00,0.62260000,0.63010000,0.58910000,0.60680000,56704501.75090000
2025-02-05 01:00:00,0.60680000,0.61130000,0.58990000,0.59320000,27728066.15100000
2025-02-05 05:00:00,0.59320000,0.59860000,0.57280000,0.58640000,31678636.79390000
2025-02-05 09:00:00,0.58640000,0.59990000,0.57450000,0.59340000,33187423.83760000
2025-02-05 13:00:00,0.59340000,0.59810000,0.57240000,0.57840000,42713406.50020000
2025-02-05 17:00:00,0.57840000,0.58090000,0.54720000,0.56410000,50582595.76030000
2025-02-05 21:00:00,0.56410000,0.56530000,0.54080000,0.54870000,23095308.76890000
2025-02-06 01:00:00,0.54870000,0.55420000,0.53280000,0.54530000,28908894.85100000
2025-02-06 05:00:00,0.54530000,0.55950000,0.54190000,0.54720000,22842274.79680000
2025-02-06 09:00:00,0.54720000,0.54960000,0.52380000,0.53320000,39766892.05890000
2025-02-06 13:00:00,0.53320000,0.53890000,0.50130000,0.50930000,56106155.44390000
2025-02-06 17:00:00,0.50930000,0.51140000,0.48060000,0.48440000,50820814.77560000
2025-02-06 21:00:00,0.48440000,0.49400000,0.46410000,0.47120000,34981975.54620000
2025-02-07 01:00:00,0.47120000,0.50160000,0.47120000,0.48740000,30874109.82510000
2025-02-07 05:00:00,0.48740000,0.49480000,0.47220000,0.48640000,30195547.02420000
2025-02-07 09:00:00,0.48640000,0.53380000,0.48190000,0.53100000,50329515.22170000
2025-02-07 13:00:00,0.53100000,0.54910000,0.51350000,0.51630000,73136409.98760000
2025-02-07 17:00:00,0.51630000,0.52400000,0.50140000,0.50980000,36725950.15730000
2025-02-07 21:00:00,0.50980000,0.51040000,0.47940000,0.49270000,31349971.42420000
2025-02-08 01:00:00,0.49270000,0.50220000,0.48020000,0.48140000,24315253.31910000
2025-02-08 05:00:00,0.48140000,0.50460000,0.47630000,0.50010000,23644401.03540000
2025-02-08 09:00:00,0.50010000,0.50670000,0.49110000,0.50000000,23182100.93710000
2025-02-08 13:00:00,0.50000000,0.51480000,0.49610000,0.50360000,27631911.76610000
2025-02-08 17:00:00,0.50360000,0.53350000,0.49730000,0.52780000,30616627.39910000
2025-02-08 21:00:00,0.52780000,0.53300000,0.51210000,0.52190000,18378628.62520000
2025-02-09 01:00:00,0.52190000,0.53900000,0.51290000,0.53640000,19113687.58490000
2025-02-09 05:00:00,0.53640000,0.53630000,0.50310000,0.50750000,18414454.64870000
2025-02-09 09:00:00,0.50750000,0.51150000,0.49770000,0.49860000,14498098.06200000
2025-02-09 13:00:00,0.49860000,0.50010000,0.48220000,0.49060000,32330228.76600000
2025-02-09 17:00:00,0.49060000,0.49280000,0.47270000,0.47670000,19502404.25610000
2025-02-09 21:00:00,0.47670000,0.48890000,0.45820000,0.47590000,36787761.44800000
2025-02-10 01:00:00,0.47590000,0.50340000,0.46340000,0.48880000,42213242.07430000
2025-02-10 05:00:00,0.48880000,0.50120000,0.47670000,0.48260000,25325731.39420000
2025-02-10 09:00:00,0.48260000,0.49180000,0.47710000,0.48390000,22112927.31440000
2025-02-10 13:00:00,0.48390000,0.50340000,0.47040000,0.48480000,46190831.69980000
2025-02-10 17:00:00,0.48480000,0.49910000,0.48070000,0.48510000,26043595.32540000
2025-02-10 21:00:00,0.48510000,0.48770000,0.46360000,0.47760000,25462727.85800000
2025-02-11 01:00:00,0.47760000,0.49600000,0.47420000,0.47600000,26413565.23660000
2025-02-11 05:00:00,0.47600000,0.50780000,0.47270000,0.49400000,38659621.50500000
2025-02-11 09:00:00,0.49400000,0.50070000,0.47870000,0.48600000,29522449.38360000
2025-02-11 13:00:00,0.48600000,0.48690000,0.45150000,0.45970000,53864087.71590000
2025-02-11 17:00:00,0.45970000,0.46610000,0.43760000,0.44050000,34878486.37780000
2025-02-11 21:00:00,0.44050000,0.44940000,0.43470000,0.44220000,19703824.98740000
2025-02-12 01:00:00,0.44220000,0.44900000,0.42460000,0.42990000,24474900.71120000
2025-02-12 05:00:00,0.42990000,0.43770000,0.42390000,0.43220000,21014882.61950000
2025-02-12 09:00:00,0.43220000,0.43780000,0.42170000,0.43070000,21705834.44770000
2025-02-12 13:00:00,0.43070000,0.44240000,0.40130000,0.41730000,72533143.28659999
2025-02-12 17:00:00,0.41730000,0.43760000,0.40390000,0.43070000,42690685.43820000
2025-02-12 21:00:00,0.43070000,0.45900000,0.42670000,0.45030000,34362820.41270000
2025-02-13 01:00:00,0.45030000,0.46940000,0.44340000,0.46340000,33538369.14230000
2025-02-13 05:00:00,0.46340000,0.46600000,0.44870000,0.45230000,26201026.19110000
2025-02-13 09:00:00,0.45230000,0.46400000,0.44650000,0.45380000,25073778.03260000
2025-02-13 13:00:00,0.45380000,0.47360000,0.44030000,0.45640000,46141559.04820000
2025-02-13 17:00:00,0.45640000,0.45630000,0.42890000,0.44180000,33571763.77500000
2025-02-13 21:00:00,0.44180000,0.45440000,0.43680000,0.44960000,15848639.42900000
2025-02-14 01:00:00,0.44960000,0.45800000,0.44250000,0.45580000,18457882.65520000
2025-02-14 05:00:00,0.45580000,0.46730000,0.44900000,0.46000000,15552867.87590000
2025-02-14 09:00:00,0.46000000,0.47580000,0.45890000,0.47000000,22560799.74200000
2025-02-14 13:00:00,0.47000000,0.48070000,0.45950000,0.47760000,28450967.30330000
2025-02-14 17:00:00,0.47760000,0.50040000,0.47050000,0.49120000,40461953.69460000
2025-02-14 21:00:00,0.49120000,0.50210000,0.47450000,0.48430000,27044587.44960000
2025-02-15 01:00:00,0.48430000,0.48960000,0.47350000,0.48540000,17624615.02160000
2025-02-15 05:00:00,0.48540000,0.49680000,0.47490000,0.48110000,24643014.01400000
2025-02-15 09:00:00,0.48110000,0.48330000,0.45670000,0.46340000,29174931.48230000
2025-02-15 13:00:00,0.46340000,0.46770000,0.45620000,0.45870000,19917864.30900000
2025-02-15 17:00:00,0.45870000,0.46220000,0.44980000,0.45490000,20657061.53340000
2025-02-15 21:00:00,0.45490000,0.45940000,0.45130000,0.45620000,8365533.27820000
2025-02-16 01:00:00,0.45620000,0.45880000,0.44480000,0.45080000,13543097.53710000
2025-02-16 05:00:00,0.45080000,0.45830000,0.44740000,0.44890000,9663453.60310000
2025-02-16 09:00:00,0.44890000,0.46590000,0.44630000,0.46510000,19073133.93070000
2025-02-16 13:00:00,0.46510000,0.46570000,0.44620000,0.45510000,19598297.47920000
2025-02-16 17:00:00,0.45510000,0.45930000,0.44310000,0.44970000,17630125.82060000
2025-02-16 21:00:00,0.44970000,0.45210000,0.44090000,0.44910000,14757556.09960000
2025-02-17 01:00:00,0.44910000,0.46670000,0.44830000,0.45590000,17904293.89530000
2025-02-17 05:00:00,0.45590000,0.45990000,0.43640000,0.43990000,29450478.25900000
2025-02-17 09:00:00,0.43990000,0.47580000,0.43410000,0.46930000,40719161.82660000
2025-02-17 13:00:00,0.46930000,0.48300000,0.45710000,0.45930000,35511180.51340000
2025-02-17 17:00:00,0.45930000,0.46050000,0.43830000,0.44760000,30552976.20450000
2025-02-17 21:00:00,0.44760000,0.46800000,0.44570000,0.45500000,24789299.07110000
2025-02-18 01:00:00,0.45500000,0.47280000,0.45030000,0.46530000,18497854.85090000
2025-02-18 05:00:00,0.46530000,0.46980000,0.42460000,0.42910000,40104280.05720000
2025-02-18 09:00:00,0.42910000,0.43820000,0.41920000,0.42670000,32035010.29030000
2025-02-18 13:00:00,0.42670000,0.43940000,0.41080000,0.41310000,38589947.59750000
2025-02-18 17:00:00,0.41310000,0.41850000,0.40360000,0.41180000,32411980.00320000
2025-02-18 21:00:00,0.41180000,0.42710000,0.40760000,0.42260000,19965510.78960000
2025-02-19 01:00:00,0.42260000,0.42670000,0.41450000,0.41990000,14000999.59600000
2025-02-19 05:00:00,0.41990000,0.42460000,0.40830000,0.42250000,19092341.66140000
2025-02-19 09:00:00,0.42250000,0.43080000,0.41630000,0.42840000,16503025.88770000
2025-02-19 13:00:00,0.42840000,0.42880000,0.39530000,0.40020000,37085369.02570000
2025-02-19 17:00:00,0.40020000,0.40990000,0.39380000,0.39990000,28372477.25350000
2025-02-19 21:00:00,0.39990000,0.40480000,0.38520000,0.39640000,28187331.25450000
2025-02-20 01:00:00,0.39640000,0.40940000,0.39010000,0.40820000,22454503.73030000
2025-02-20 05:00:00,0.40820000,0.41380000,0.39680000,0.40130000,18130503.43230000
2025-02-20 09:00:00,0.40130000,0.41030000,0.39950000,0.40500000,16161866.79450000
2025-02-20 13:00:00,0.40500000,0.41430000,0.39810000,0.39910000,27334537.69320000
2025-02-20 17:00:00,0.39910000,0.41940000,0.39800000,0.41730000,25310523.37500000
2025-02-20 21:00:00,0.41730000,0.42410000,0.40960000,0.41900000,16280804.10590000
2025-02-21 01:00:00,0.41900000,0.42280000,0.40110000,0.40940000,20399437.60030000
2025-02-21 05:00:00,0.40940000,0.42070000,0.40870000,0.41590000,18081741.07980000
2025-02-21 09:00:00,0.41590000,0.43700000,0.41290000,0.43040000,30002722.80370000
2025-02-21 13:00:00,0.43040000,0.47600000,0.41270000,0.41750000,111155645.70919999
2025-02-21 17:00:00,0.41750000,0.45510000,0.40660000,0.43000000,110138796.71890000
2025-02-21 21:00:00,0.43000000,0.46830000,0.42790000,0.46090000,39090157.72720000
2025-02-22 01:00:00,0.46090000,0.47590000,0.44880000,0.45390000,45487468.49650000
2025-02-22 05:00:00,0.45390000,0.46990000,0.44810000,0.44880000,30300912.06780000
2025-02-22 09:00:00,0.44880000,0.45210000,0.44350000,0.44720000,22404610.25420000
2025-02-22 13:00:00,0.44720000,0.45190000,0.43800000,0.44740000,21870946.56520000
2025-02-22 17:00:00,0.44740000,0.47200000,0.44710000,0.45610000,29796616.22950000
2025-02-22 21:00:00,0.45610000,0.45670000,0.44550000,0.44700000,10858525.54020000
2025-02-23 01:00:00,0.44700000,0.44920000,0.43600000,0.43660000,17245942.95100000
2025-02-23 05:00:00,0.43660000,0.47140000,0.43090000,0.46310000,28649789.70420000
2025-02-23 09:00:00,0.46310000,0.47180000,0.44850000,0.45060000,27186716.55190000
2025-02-23 13:00:00,0.45060000,0.46220000,0.44560000,0.44740000,26269661.16030000
2025-02-23 17:00:00,0.44740000,0.45850000,0.44070000,0.44220000,17821569.34930000
2025-02-23 21:00:00,0.44220000,0.44660000,0.43450000,0.44130000,19933443.08860000
2025-02-24 01:00:00,0.44130000,0.45250000,0.41250000,0.41360000,37169180.23460000
2025-02-24 05:00:00,0.41360000,0.41490000,0.40750000,0.40920000,20192578.79820000
2025-02-24 09:00:00,0.40920000,0.42370000,0.40130000,0.42000000,40908639.54920000
2025-02-24 13:00:00,0.42000000,0.42030000,0.40170000,0.40890000,40130202.50110000
2025-02-24 17:00:00,0.40890000,0.41360000,0.38830000,0.39380000,26278547.81700000
2025-02-24 21:00:00,0.39380000,0.40380000,0.36570000,0.37470000,42462505.15720000
2025-02-25 01:00:00,0.37470000,0.40080000,0.36220000,0.37550000,46285681.01310000
2025-02-25 05:00:00,0.37550000,0.38680000,0.36420000,0.38580000,45056883.32370000
2025-02-25 09:00:00,0.38580000,0.41230000,0.38380000,0.40790000,75441766.64720000
2025-02-25 13:00:00,0.40790000,0.42160000,0.39430000,0.41170000,49372648.04680000
2025-02-25 17:00:00,0.41170000,0.41820000,0.39930000,0.41160000,23756714.08970000
2025-02-25 21:00:00,0.41160000,0.41810000,0.40600000,0.40680000,14396044.70780000
2025-02-26 01:00:00,0.40680000,0.42880000,0.40440000,0.41720000,18807494.60990000
2025-02-26 05:00:00,0.41720000,0.42630000,0.40840000,0.40870000,15701109.61670000
2025-02-26 09:00:00,0.40870000,0.41180000,0.40200000,0.40370000,16916320.50390000
2025-02-26 13:00:00,0.40370000,0.43460000,0.39500000,0.42800000,36871045.10670000
2025-02-26 17:00:00,0.42800000,0.42980000,0.40220000,0.40680000,37197414.97430000
2025-02-26 21:00:00,0.40680000,0.44010000,0.40210000,0.42790000,39238751.79370000
2025-02-27 01:00:00,0.42790000,0.44210000,0.42620000,0.43270000,19932213.92840000
2025-02-27 05:00:00,0.43270000,0.43860000,0.42100000,0.43210000,14459448.77690000
2025-02-27 09:00:00,0.43210000,0.43900000,0.42760000,0.43030000,16911438.22310000
2025-02-27 13:00:00,0.43030000,0.43360000,0.41690000,0.42420000,22307263.70770000
2025-02-27 17:00:00,0.42420000,0.43250000,0.42010000,0.42450000,15057795.00830000
2025-02-27 21:00:00,0.42450000,0.42480000,0.41010000,0.41620000,16916051.10890000
2025-02-28 01:00:00,0.41620000,0.41790000,0.38600000,0.38740000,32438229.84870000
2025-02-28 05:00:00,0.38740000,0.39560000,0.38270000,0.38790000,22279345.21490000
2025-02-28 09:00:00,0.38790000,0.39770000,0.38470000,0.38940000,20528335.18160000
2025-02-28 13:00:00,0.38940000,0.41840000,0.38720000,0.41520000,25155117.65550000
2025-02-28 17:00:00,0.41520000,0.42810000,0.41220000,0.42160000,15149348.63840000
2025-02-28 21:00:00,0.42160000,0.42240000,0.41190000,0.41400000,9877741.33130000
2025-03-01 01:00:00,0.41400000,0.41880000,0.40300000,0.41350000,16888306.08940000
2025-03-01 05:00:00,0.41350000,0.41940000,0.40810000,0.41170000,10513752.60990000
2025-03-01 09:00:00,0.41170000,0.41470000,0.39870000,0.40010000,14854946.56420000
2025-03-01 13:00:00,0.40010000,0.40190000,0.38950000,0.39280000,14053550.14780000
2025-03-01 17:00:00,0.39280000,0.39890000,0.38990000,0.39540000,9435495.53330000
2025-03-01 21:00:00,0.39540000,0.40350000,0.39290000,0.40040000,9955380.62350000
2025-03-02 01:00:00,0.40040000,0.40560000,0.39620000,0.39650000,9699833.35050000
2025-03-02 05:00:00,0.39650000,0.40040000,0.39290000,0.39420000,8418376.11800000
2025-03-02 09:00:00,0.39420000,0.40470000,0.39150000,0.40170000,11036744.96630000
2025-03-02 13:00:00,0.40170000,0.41490000,0.38460000,0.39920000,36008412.28050000
2025-03-02 17:00:00,0.39920000,0.47030000,0.39370000,0.46640000,99959597.24220000
2025-03-02 21:00:00,0.46640000,0.47860000,0.45350000,0.47500000,36119720.92720000
2025-03-03 01:00:00,0.47500000,0.48010000,0.43490000,0.44280000,34066140.36610000
2025-03-03 05:00:00,0.44280000,0.44690000,0.41850000,0.42640000,23344839.01190000
2025-03-03 09:00:00,0.42640000,0.42800000,0.41220000,0.41400000,19638152.74550000
2025-03-03 13:00:00,0.41400000,0.42700000,0.39970000,0.40060000,44424188.48850000
2025-03-03 17:00:00,0.40060000,0.40330000,0.36090000,0.36410000,40341892.74850000
2025-03-03 21:00:00,0.36410000,0.37020000,0.35600000,0.36330000,28309354.61880000
2025-03-04 01:00:00,0.36330000,0.37070000,0.33830000,0.34700000,42776890.37790000
2025-03-04 05:00:00,0.34700000,0.35780000,0.34540000,0.34700000,16897725.84590000
2025-03-04 09:00:00,0.34700000,0.35320000,0.34160000,0.34220000,14106052.12220000
2025-03-04 13:00:00,0.34220000,0.36180000,0.33750000,0.34560000,38293413.60680000
2025-03-04 17:00:00,0.34560000,0.37150000,0.33360000,0.36740000,35030012.13750000
2025-03-04 21:00:00,0.36740000,0.39290000,0.36640000,0.38290000,33671999.85110000
2025-03-05 01:00:00,0.38290000,0.39160000,0.36020000,0.36040000,29763012.55880000
2025-03-05 05:00:00,0.36040000,0.38460000,0.36010000,0.38000000,21090593.33630000
2025-03-05 09:00:00,0.38000000,0.39410000,0.37710000,0.38200000,28021380.61330000
2025-03-05 13:00:00,0.38200000,0.38530000,0.36560000,0.36660000,21405305.21040000
2025-03-05 17:00:00,0.36660000,0.36900000,0.35760000,0.36600000,22019538.81520000
2025-03-05 21:00:00,0.36600000,0.37110000,0.34090000,0.34350000,32528167.01290000
2025-03-06 01:00:00,0.34350000,0.38910000,0.34180000,0.38760000,46980830.26840000
2025-03-06 05:00:00,0.38760000,0.41180000,0.37890000,0.40200000,63928904.08940000
2025-03-06 09:00:00,0.40200000,0.41450000,0.38670000,0.40880000,48842000.36990000
2025-03-06 13:00:00,0.40880000,0.41230000,0.39290000,0.40080000,43636527.40460000
2025-03-06 17:00:00,0.40080000,0.40210000,0.37190000,0.37960000,30259283.36290000
2025-03-06 21:00:00,0.37960000,0.38310000,0.36340000,0.36450000,24118221.73800000
2025-03-07 01:00:00,0.36450000,0.38100000,0.35200000,0.37650000,49864440.96620000
2025-03-07 05:00:00,0.37650000,0.38440000,0.37410000,0.38250000,18737729.27410000
2025-03-07 09:00:00,0.38250000,0.41440000,0.37980000,0.41260000,42453068.08380000
2025-03-07 13:00:00,0.41260000,0.44870000,0.40900000,0.43190000,89028222.20739999
2025-03-07 17:00:00,0.43190000,0.45910000,0.42140000,0.43940000,63161201.06790000
2025-03-07 21:00:00,0.43940000,0.44580000,0.42290000,0.42800000,34455349.40260000
2025-03-08 01:00:00,0.42800000,0.44380000,0.42710000,0.43970000,29117623.71300000
2025-03-08 05:00:00,0.43970000,0.45310000,0.42540000,0.43970000,36844191.82130000
2025-03-08 09:00:00,0.43970000,0.44970000,0.43150000,0.43530000,40391662.83820000
2025-03-08 13:00:00,0.43530000,0.46480000,0.43060000,0.45560000,52180080.80780000
2025-03-08 17:00:00,0.45560000,0.45970000,0.43910000,0.44670000,34537384.43740000
2025-03-08 21:00:00,0.44670000,0.45240000,0.43340000,0.44180000,18706245.30030000
2025-03-09 01:00:00,0.44180000,0.44590000,0.43520000,0.43760000,16228474.75780000
2025-03-09 05:00:00,0.43760000,0.43960000,0.42920000,0.43540000,15339490.93390000
2025-03-09 09:00:00,0.43540000,0.44020000,0.42050000,0.42980000,28545901.10650000
2025-03-09 13:00:00,0.42980000,0.43010000,0.40780000,0.41130000,26938539.58730000
2025-03-09 17:00:00,0.41130000,0.43230000,0.40630000,0.42660000,36619971.09040000
2025-03-09 21:00:00,0.42660000,0.43200000,0.41700000,0.41980000,21385696.79170000
2025-03-10 01:00:00,0.41980000,0.44450000,0.41600000,0.43750000,29959175.12390000
2025-03-10 05:00:00,0.43750000,0.46740000,0.43620000,0.46090000,40360639.27230000
2025-03-10 09:00:00,0.46090000,0.47930000,0.44240000,0.45720000,47822255.52830000
2025-03-10 13:00:00,0.45720000,0.45710000,0.41700000,0.41980000,58159574.73550000
2025-03-10 17:00:00,0.41980000,0.42180000,0.39340000,0.41740000,45520285.69390000
2025-03-10 21:00:00,0.41740000,0.43210000,0.41220000,0.41270000,26814929.09750000
2025-03-11 01:00:00,0.41270000,0.42590000,0.39040000,0.40300000,42280277.10340000
2025-03-11 05:00:00,0.40300000,0.41910000,0.40140000,0.41600000,23211235.91990000
2025-03-11 09:00:00,0.41600000,0.41820000,0.40520000,0.40650000,17135795.30520000
2025-03-11 13:00:00,0.40650000,0.40770000,0.36840000,0.38870000,51811808.43380000
2025-03-11 17:00:00,0.38870000,0.41220000,0.37910000,0.40390000,34556103.86710000
2025-03-11 21:00:00,0.40390000,0.40620000,0.38610000,0.39020000,15072765.97480000
2025-03-12 01:00:00,0.39020000,0.39480000,0.37220000,0.37300000,21221881.23240000
2025-03-12 05:00:00,0.37300000,0.37500000,0.36400000,0.37330000,25072403.93830000
2025-03-12 09:00:00,0.37330000,0.38120000,0.36670000,0.37400000,26509714.09660000
2025-03-12 13:00:00,0.37400000,0.38890000,0.35530000,0.36170000,47427349.67400000
2025-03-12 17:00:00,0.36170000,0.37400000,0.35960000,0.36670000,21400912.52100000
2025-03-12 21:00:00,0.36670000,0.37560000,0.36540000,0.36980000,10165410.46130000
2025-03-13 01:00:00,0.36980000,0.37150000,0.36100000,0.36760000,13470458.56820000
2025-03-13 05:00:00,0.36760000,0.37190000,0.35560000,0.35760000,17259920.00790000
2025-03-13 09:00:00,0.35760000,0.37240000,0.35260000,0.37230000,20721823.57340000
2025-03-13 13:00:00,0.37230000,0.37450000,0.34610000,0.34840000,37183887.48400000
2025-03-13 17:00:00,0.34840000,0.34940000,0.33670000,0.33720000,22584067.14910000
2025-03-13 21:00:00,0.33720000,0.34290000,0.33590000,0.33910000,13181592.58130000
2025-03-14 01:00:00,0.33910000,0.34410000,0.33320000,0.33440000,17917838.59010000
2025-03-14 05:00:00,0.33440000,0.34370000,0.33370000,0.34200000,16618974.88360000
2025-03-14 09:00:00,0.34200000,0.34990000,0.34160000,0.34850000,16222404.14550000
2025-03-14 13:00:00,0.34850000,0.36620000,0.34390000,0.35450000,32288036.32270000
2025-03-14 17:00:00,0.35450000,0.36440000,0.35130000,0.35680000,23415786.01060000
2025-03-14 21:00:00,0.35680000,0.35740000,0.34720000,0.34960000,11353267.41140000
2025-03-15 01:00:00,0.34960000,0.36340000,0.34770000,0.36250000,12706543.51040000
2025-03-15 05:00:00,0.36250000,0.36590000,0.35720000,0.35760000,13439650.31420000
2025-03-15 09:00:00,0.35760000,0.37420000,0.35550000,0.37410000,19062250.05070000
2025-03-15 13:00:00,0.37410000,0.37970000,0.36360000,0.36890000,19532044.75270000
2025-03-15 17:00:00,0.36890000,0.37190000,0.36180000,0.36820000,13406210.02530000
2025-03-15 21:00:00,0.36820000,0.37400000,0.36780000,0.37140000,8902131.56800000
2025-03-16 01:00:00,0.37140000,0.37800000,0.36950000,0.37140000,11895525.26990000
2025-03-16 05:00:00,0.37140000,0.37330000,0.36650000,0.36660000,7961784.05730000
2025-03-16 09:00:00,0.36660000,0.36760000,0.35350000,0.35380000,18893723.35680000
2025-03-16 13:00:00,0.35380000,0.36170000,0.34750000,0.35920000,20742742.86890000
2025-03-16 17:00:00,0.35920000,0.36960000,0.35670000,0.35820000,14360064.74220000
2025-03-16 21:00:00,0.35820000,0.36160000,0.35270000,0.35830000,7978479.50830000
2025-03-17 01:00:00,0.35830000,0.37150000,0.35760000,0.36580000,11135105.18430000
2025-03-17 05:00:00,0.36580000,0.37360000,0.36420000,0.36970000,11251270.63610000
2025-03-17 09:00:00,0.36970000,0.37480000,0.36440000,0.37180000,11643029.61520000
2025-03-17 13:00:00,0.37180000,0.37590000,0.36190000,0.36850000,16645426.97680000
2025-03-17 17:00:00,0.36850000,0.39440000,0.36780000,0.38210000,48312024.19990000
2025-03-17 21:00:00,0.38210000,0.38330000,0.37500000,0.37660000,11372479.25280000
2025-03-18 01:00:00,0.37660000,0.38470000,0.36780000,0.36840000,16595132.50390000
2025-03-18 05:00:00,0.36840000,0.37370000,0.36520000,0.36770000,10759664.99300000
2025-03-18 09:00:00,0.36770000,0.36870000,0.35790000,0.35920000,12920496.42070000
2025-03-18 13:00:00,0.35920000,0.36340000,0.35660000,0.35870000,13330028.44000000
2025-03-18 17:00:00,0.35870000,0.36530000,0.35460000,0.36530000,9664766.26110000
2025-03-18 21:00:00,0.36530000,0.36900000,0.35750000,0.36760000,9245180.43650000
2025-03-19 01:00:00,0.36760000,0.38200000,0.36700000,0.37440000,15830295.39920000
2025-03-19 05:00:00,0.37440000,0.37520000,0.36450000,0.36540000,7800499.60700000
2025-03-19 09:00:00,0.36540000,0.39270000,0.36480000,0.39130000,20019954.60530000
2025-03-19 13:00:00,0.39130000,0.39980000,0.38690000,0.39380000,34368281.26740000
2025-03-19 17:00:00,0.39380000,0.39470000,0.37790000,0.38820000,24180301.14400000
2025-03-19 21:00:00,0.38820000,0.39750000,0.38810000,0.39320000,10137168.96800000
2025-03-20 01:00:00,0.39320000,0.39780000,0.38350000,0.38520000,9972947.55260000
2025-03-20 05:00:00,0.38520000,0.39210000,0.38450000,0.38510000,7971582.77200000
2025-03-20 09:00:00,0.38510000,0.39350000,0.37760000,0.38980000,16933333.05360000
2025-03-20 13:00:00,0.38980000,0.39860000,0.38070000,0.38250000,16895336.00860000
2025-03-20 17:00:00,0.38250000,0.38630000,0.37370000,0.38020000,13659343.84190000
2025-03-20 21:00:00,0.38020000,0.38430000,0.37910000,0.38350000,6282219.68480000
2025-03-21 01:00:00,0.38350000,0.38840000,0.37340000,0.37400000,9470502.51750000
2025-03-21 05:00:00,0.37400000,0.37870000,0.36960000,0.37100000,9175993.40230000
2025-03-21 09:00:00,0.37100000,0.37320000,0.36270000,0.36510000,12497034.67870000
2025-03-21 13:00:00,0.36510000,0.36660000,0.35740000,0.35800000,18712961.05120000
2025-03-21 17:00:00,0.35800000,0.36380000,0.35730000,0.35960000,11491631.27030000
2025-03-21 21:00:00,0.35960000,0.36320000,0.34850000,0.35050000,16227666.63070000
2025-03-22 01:00:00,0.35050000,0.35720000,0.34940000,0.35220000,9864429.64520000
2025-03-22 05:00:00,0.35220000,0.36180000,0.35050000,0.35750000,11914680.65490000
2025-03-22 09:00:00,0.35750000,0.36310000,0.35620000,0.35710000,10183521.47470000
2025-03-22 13:00:00,0.35710000,0.36000000,0.35220000,0.35610000,9301415.53750000
2025-03-22 17:00:00,0.35610000,0.35840000,0.35410000,0.35780000,6553423.32100000
2025-03-22 21:00:00,0.35780000,0.35940000,0.35430000,0.35530000,6223177.92500000
2025-03-23 01:00:00,0.35530000,0.36230000,0.35320000,0.36230000,6869548.95890000
2025-03-23 05:00:00,0.36230000,0.36330000,0.35770000,0.36070000,5747819.73210000
2025-03-23 09:00:00,0.36070000,0.36970000,0.36020000,0.36710000,10362005.69210000
2025-03-23 13:00:00,0.36710000,0.37460000,0.36490000,0.37130000,14515718.79600000
2025-03-23 17:00:00,0.37130000,0.37150000,0.36170000,0.36730000,11304911.86800000
2025-03-23 21:00:00,0.36730000,0.37040000,0.36380000,0.37020000,5256737.90250000
2025-03-24 01:00:00,0.37020000,0.39290000,0.36740000,0.39200000,23707429.23380000
2025-03-24 05:00:00,0.39200000,0.39890000,0.38740000,0.38840000,18396560.01710000
2025-03-24 09:00:00,0.38840000,0.40250000,0.38810000,0.39630000,17252956.80190000
2025-03-24 13:00:00,0.39630000,0.40890000,0.39360000,0.39970000,22807162.36450000
2025-03-24 17:00:00,0.39970000,0.40410000,0.39670000,0.40130000,10835042.10750000
2025-03-24 21:00:00,0.40130000,0.40980000,0.40010000,0.40860000,10859909.43630000
2025-03-25 01:00:00,0.40860000,0.41100000,0.39420000,0.39600000,18396203.08560000
2025-03-25 05:00:00,0.39600000,0.40600000,0.39460000,0.40170000,9886118.23000000
2025-03-25 09:00:00,0.40170000,0.42680000,0.40010000,0.42610000,23793198.71980000
2025-03-25 13:00:00,0.42610000,0.44220000,0.42080000,0.43380000,38683904.59560000
2025-03-25 17:00:00,0.43380000,0.43590000,0.41510000,0.41800000,18236967.81980000
2025-03-25 21:00:00,0.41800000,0.42490000,0.41590000,0.42400000,9946698.30720000
2025-03-26 01:00:00,0.42400000,0.42570000,0.41320000,0.41370000,15283995.68780000
2025-03-26 05:00:00,0.41370000,0.43140000,0.41210000,0.42990000,14470731.80440000
2025-03-26 09:00:00,0.42990000,0.43710000,0.42100000,0.42770000,17297693.21890000
2025-03-26 13:00:00,0.42770000,0.43580000,0.41430000,0.41700000,36702034.32350000
2025-03-26 17:00:00,0.41700000,0.42280000,0.40180000,0.40760000,24346218.50570000
2025-03-26 21:00:00,0.40760000,0.41570000,0.40460000,0.40890000,10967047.22370000
2025-03-27 01:00:00,0.40890000,0.43550000,0.40610000,0.43480000,17852826.28990000
2025-03-27 05:00:00,0.43480000,0.43800000,0.42670000,0.43220000,15009059.87870000
2025-03-27 09:00:00,0.43220000,0.43600000,0.42730000,0.43010000,16321271.46240000
2025-03-27 13:00:00,0.43010000,0.43580000,0.41750000,0.42080000,26568936.53140000
2025-03-27 17:00:00,0.42080000,0.44540000,0.41900000,0.42940000,23074586.34320000
2025-03-27 21:00:00,0.42940000,0.43540000,0.42250000,0.42940000,12401677.44440000
2025-03-28 01:00:00,0.42940000,0.43130000,0.41470000,0.41550000,12589825.51360000
2025-03-28 05:00:00,0.41550000,0.41720000,0.39190000,0.39330000,21087041.68810000
2025-03-28 09:00:00,0.39330000,0.39640000,0.38540000,0.38950000,18768513.44320000
2025-03-28 13:00:00,0.38950000,0.39210000,0.38100000,0.38860000,17564814.47330000
2025-03-28 17:00:00,0.38860000,0.39180000,0.38320000,0.38520000,12541164.52430000
2025-03-28 21:00:00,0.38520000,0.38960000,0.38170000,0.38530000,7184046.01530000
2025-03-29 01:00:00,0.38530000,0.39430000,0.38260000,0.39320000,9238070.60020000
2025-03-29 05:00:00,0.39320000,0.39430000,0.37520000,0.37710000,12478093.08660000
2025-03-29 09:00:00,0.37710000,0.37890000,0.36760000,0.37160000,11609455.56370000
2025-03-29 13:00:00,0.37160000,0.38110000,0.37020000,0.37300000,8936551.78890000
2025-03-29 17:00:00,0.37300000,0.37420000,0.36510000,0.37070000,9132419.21760000
2025-03-29 21:00:00,0.37070000,0.37110000,0.36030000,0.36400000,7370266.62690000
2025-03-30 01:00:00,0.36400000,0.36790000,0.35780000,0.36220000,8440125.70550000
2025-03-30 06:00:00,0.36220000,0.36650000,0.35820000,0.36030000,5882293.58070000
2025-03-30 10:00:00,0.36030000,0.37040000,0.36020000,0.37010000,9739443.29840000
2025-03-30 14:00:00,0.37010000,0.37560000,0.36410000,0.36890000,16192965.31310000
2025-03-30 18:00:00,0.36890000,0.37810000,0.36300000,0.37180000,8002165.63260000
2025-03-30 22:00:00,0.37180000,0.37350000,0.36330000,0.36960000,6863384.78170000
2025-03-31 02:00:00,0.36960000,0.37460000,0.35260000,0.35340000,13422594.03540000
2025-03-31 06:00:00,0.35340000,0.36290000,0.34810000,0.35080000,11517443.30160000
2025-03-31 10:00:00,0.35080000,0.35440000,0.34350000,0.35100000,14338231.84360000
2025-03-31 14:00:00,0.35100000,0.36280000,0.34180000,0.35810000,22374003.75170000
2025-03-31 18:00:00,0.35810000,0.35990000,0.34720000,0.35120000,14802820.74440000
2025-03-31 22:00:00,0.35120000,0.35300000,0.34220000,0.34350000,5506126.57820000
2025-04-01 02:00:00,0.34350000,0.35370000,0.34210000,0.34810000,8441296.91820000
2025-04-01 06:00:00,0.34810000,0.35280000,0.34580000,0.34890000,10157596.26010000
2025-04-01 10:00:00,0.34890000,0.36340000,0.34880000,0.35420000,17505471.13680000
2025-04-01 14:00:00,0.35420000,0.37360000,0.34930000,0.37040000,18503323.46620000
2025-04-01 18:00:00,0.37040000,0.37270000,0.36380000,0.36960000,10789019.43880000
2025-04-01 22:00:00,0.36960000,0.37450000,0.36620000,0.36900000,6253118.61530000
2025-04-02 02:00:00,0.36900000,0.37040000,0.35810000,0.36220000,8131829.06030000
2025-04-02 06:00:00,0.36220000,0.36450000,0.35000000,0.35250000,10872921.69700000
2025-04-02 10:00:00,0.35250000,0.36200000,0.35040000,0.35370000,9087959.81550000
2025-04-02 14:00:00,0.35370000,0.37800000,0.35100000,0.37130000,20317657.07100000
2025-04-02 18:00:00,0.37130000,0.37640000,0.35810000,0.36570000,16891871.85220000
2025-04-02 22:00:00,0.36570000,0.38470000,0.32970000,0.33050000,29637641.35150000
2025-04-03 02:00:00,0.33050000,0.34420000,0.32880000,0.33600000,13900183.23650000
2025-04-03 06:00:00,0.33600000,0.33850000,0.31710000,0.32020000,18140745.98190000
2025-04-03 10:00:00,0.32020000,0.32410000,0.30480000,0.30720000,17658103.76310000
2025-04-03 14:00:00,0.30720000,0.30930000,0.29940000,0.30570000,18713133.08910000
2025-04-03 18:00:00,0.30570000,0.31350000,0.30470000,0.30800000,10136616.93410000
2025-04-03 22:00:00,0.30800000,0.31810000,0.30590000,0.31420000,8406231.19820000
2025-04-04 02:00:00,0.31420000,0.31710000,0.30940000,0.31350000,7311218.87550000
2025-04-04 06:00:00,0.31350000,0.31990000,0.30960000,0.31820000,6673756.80050000
2025-04-04 10:00:00,0.31820000,0.32160000,0.29150000,0.29520000,21955437.97490000
2025-04-04 14:00:00,0.29520000,0.30930000,0.29060000,0.30530000,23443528.51720000
2025-04-04 18:00:00,0.30530000,0.31600000,0.30250000,0.31130000,11729226.54470000
2025-04-04 22:00:00,0.31130000,0.31970000,0.30860000,0.31830000,6164320.38340000
2025-04-05 02:00:00,0.31830000,0.32740000,0.31800000,0.32530000,6397583.72020000
2025-04-05 06:00:00,0.32530000,0.32680000,0.31840000,0.32190000,5722485.01420000
2025-04-05 10:00:00,0.32190000,0.33270000,0.31970000,0.32610000,9556467.87800000
2025-04-05 14:00:00,0.32610000,0.32850000,0.31510000,0.31670000,13054570.79450000
2025-04-05 18:00:00,0.31670000,0.31960000,0.31550000,0.31760000,4232334.71500000
2025-04-05 22:00:00,0.31760000,0.32190000,0.31630000,0.31970000,3493175.29710000
2025-04-06 02:00:00,0.31970000,0.32010000,0.31360000,0.31570000,4878122.02780000
2025-04-06 06:00:00,0.31570000,0.31870000,0.31060000,0.31080000,3618158.16150000
2025-04-06 10:00:00,0.31080000,0.31250000,0.30550000,0.30660000,4971363.04440000
2025-04-06 14:00:00,0.30660000,0.30810000,0.29010000,0.29220000,14310348.60360000
2025-04-06 18:00:00,0.29220000,0.29320000,0.27760000,0.28250000,21226069.95930000
2025-04-06 22:00:00,0.28250000,0.28340000,0.27080000,0.27620000,13488183.81880000
2025-04-07 02:00:00,0.27620000,0.28160000,0.26140000,0.26580000,11454557.85400000
2025-04-07 06:00:00,0.26580000,0.27520000,0.24960000,0.26410000,22212972.94140000
2025-04-07 10:00:00,0.26410000,0.27750000,0.26330000,0.27120000,12463899.50730000
2025-04-07 14:00:00,0.27120000,0.30580000,0.27120000,0.29030000,27846393.00490000
2025-04-07 18:00:00,0.29030000,0.29400000,0.28350000,0.28780000,8790126.60910000
2025-04-07 22:00:00,0.28780000,0.29620000,0.28790000,0.29220000,4572969.79450000
2025-04-08 02:00:00,0.29220000,0.30250000,0.28720000,0.29590000,6243522.72200000
2025-04-08 06:00:00,0.29590000,0.29970000,0.29180000,0.29580000,11020065.03400000
2025-04-08 10:00:00,0.29580000,0.30550000,0.29200000,0.30510000,6995345.72990000
2025-04-08 14:00:00,0.30510000,0.30810000,0.29350000,0.29580000,12571486.14510000
2025-04-08 18:00:00,0.29580000,0.29580000,0.27640000,0.27850000,11408616.01980000
2025-04-08 22:00:00,0.27850000,0.28190000,0.27310000,0.27530000,5253265.04130000
2025-04-09 02:00:00,0.27530000,0.27910000,0.26260000,0.26810000,11392204.32210000
2025-04-09 06:00:00,0.26810000,0.29080000,0.26710000,0.28930000,11528534.35960000
2025-04-09 10:00:00,0.28930000,0.29140000,0.27960000,0.28220000,11481469.31860000
2025-04-09 14:00:00,0.28220000,0.29160000,0.27750000,0.28430000,13724764.63380000
2025-04-09 18:00:00,0.28430000,0.32590000,0.28370000,0.32040000,27857685.89230000
2025-04-09 22:00:00,0.32040000,0.32580000,0.31510000,0.31660000,6540634.75060000
2025-04-10 02:00:00,0.31660000,0.31670000,0.30090000,0.30450000,8906785.72250000
2025-04-10 06:00:00,0.30450000,0.31080000,0.30150000,0.30400000,7626296.89360000
2025-04-10 10:00:00,0.30400000,0.30480000,0.29590000,0.29810000,8195280.01620000
2025-04-10 14:00:00,0.29810000,0.31890000,0.29440000,0.30020000,25182082.74950000
2025-04-10 18:00:00,0.30020000,0.30320000,0.29330000,0.29830000,8752644.51930000
2025-04-10 22:00:00,0.29830000,0.30480000,0.29800000,0.30250000,3535720.27880000
2025-04-11 02:00:00,0.30250000,0.31400000,0.29850000,0.31140000,5810569.93730000
2025-04-11 06:00:00,0.31140000,0.31860000,0.30890000,0.31450000,6061303.22430000
2025-04-11 10:00:00,0.31450000,0.32410000,0.31120000,0.31410000,12250647.16520000
2025-04-11 14:00:00,0.31410000,0.32130000,0.31120000,0.31780000,9288979.10090000
2025-04-11 18:00:00,0.31780000,0.32380000,0.31480000,0.31600000,7406893.58470000
2025-04-11 22:00:00,0.31600000,0.31980000,0.31160000,0.31530000,3492706.58720000
2025-04-12 02:00:00,0.31530000,0.31790000,0.30730000,0.30890000,4978704.17470000
2025-04-12 06:00:00,0.30890000,0.31440000,0.30540000,0.31340000,5544043.96760000
2025-04-12 10:00:00,0.31340000,0.31950000,0.30860000,0.31130000,6199067.95010000
2025-04-12 14:00:00,0.31130000,0.33320000,0.30940000,0.33080000,17553126.20330000
2025-04-12 18:00:00,0.33080000,0.33960000,0.32850000,0.33890000,11476772.31830000
2025-04-12 22:00:00,0.33890000,0.35010000,0.33660000,0.34210000,12149930.76790000
2025-04-13 02:00:00,0.34210000,0.34860000,0.33480000,0.33480000,8118114.35970000
2025-04-13 06:00:00,0.33480000,0.33510000,0.32480000,0.32700000,7827884.68830000
2025-04-13 10:00:00,0.32700000,0.33980000,0.32520000,0.33320000,9135151.84780000
2025-04-13 14:00:00,0.33320000,0.33370000,0.31450000,0.31760000,12348325.57730000
2025-04-13 18:00:00,0.31760000,0.33390000,0.31400000,0.31930000,10957785.37520000
2025-04-13 22:00:00,0.31930000,0.32480000,0.30450000,0.30750000,7822661.66290000
2025-04-14 02:00:00,0.30750000,0.32240000,0.30670000,0.30900000,8599249.99760000
2025-04-14 06:00:00,0.30900000,0.31670000,0.30420000,0.30950000,7856322.56430000
2025-04-14 10:00:00,0.30950000,0.32150000,0.30680000,0.31830000,8269559.97220000
2025-04-14 14:00:00,0.31830000,0.32020000,0.29590000,0.29830000,21118587.26720000
2025-04-14 18:00:00,0.29830000,0.30310000,0.29330000,0.29800000,9677743.62950000
2025-04-14 22:00:00,0.29800000,0.29980000,0.29390000,0.29590000,4885664.29420000
2025-04-15 02:00:00,0.29590000,0.29690000,0.28920000,0.29550000,9667462.72980000
2025-04-15 06:00:00,0.29550000,0.30090000,0.29210000,0.29980000,6771298.29730000
2025-04-15 10:00:00,0.29980000,0.30590000,0.29550000,0.29730000,8607446.81800000
2025-04-15 14:00:00,0.29730000,0.30490000,0.28440000,0.28620000,12666555.78720000
2025-04-15 18:00:00,0.28620000,0.28640000,0.27610000,0.27910000,9473778.57190000
2025-04-15 22:00:00,0.27910000,0.28090000,0.27210000,0.27370000,9233417.74860000
2025-04-16 02:00:00,0.27370000,0.27780000,0.27130000,0.27440000,5096377.03410000
2025-04-16 06:00:00,0.27440000,0.27590000,0.26750000,0.26980000,10210686.69350000
2025-04-16 10:00:00,0.26980000,0.27360000,0.26760000,0.27070000,7420380.23210000
2025-04-16 14:00:00,0.27070000,0.27900000,0.26680000,0.27290000,9172148.54880000
2025-04-16 18:00:00,0.27290000,0.27690000,0.26130000,0.27320000,14540006.23500000
2025-04-16 22:00:00,0.27320000,0.27650000,0.26810000,0.27000000,5315337.95480000
2025-04-17 02:00:00,0.27000000,0.27390000,0.26900000,0.27180000,3353236.25320000
2025-04-17 06:00:00,0.27180000,0.27950000,0.27120000,0.27740000,5002543.60050000
2025-04-17 10:00:00,0.27740000,0.27810000,0.27020000,0.27320000,7701535.96410000
2025-04-17 14:00:00,0.27320000,0.27530000,0.26720000,0.27090000,7702138.13650000
2025-04-17 18:00:00,0.27090000,0.28150000,0.26840000,0.27390000,11029079.06790000
2025-04-17 22:00:00,0.27390000,0.27750000,0.27180000,0.27600000,3574622.84290000
2025-04-18 02:00:00,0.27600000,0.28010000,0.27470000,0.27760000,3535363.09950000
2025-04-18 06:00:00,0.27760000,0.28400000,0.27630000,0.28390000,4957026.82780000
2025-04-18 10:00:00,0.28390000,0.28810000,0.27830000,0.28200000,8244386.58120000
2025-04-18 14:00:00,0.28200000,0.28900000,0.27780000,0.27870000,10783232.01390000
2025-04-18 18:00:00,0.27870000,0.28370000,0.27800000,0.28270000,4144246.45530000
2025-04-18 22:00:00,0.28270000,0.28300000,0.27820000,0.28090000,2840459.16830000
2025-04-19 02:00:00,0.28090000,0.28890000,0.27950000,0.28880000,3702517.68480000
2025-04-19 06:00:00,0.28880000,0.28990000,0.28010000,0.28370000,8558040.14640000
2025-04-19 10:00:00,0.28370000,0.28620000,0.27960000,0.28050000,3958505.99500000
2025-04-19 14:00:00,0.28050000,0.28460000,0.27950000,0.28240000,3946896.48170000
2025-04-19 18:00:00,0.28240000,0.28760000,0.28070000,0.28460000,3895079.81740000
2025-04-19 22:00:00,0.28460000,0.28680000,0.28280000,0.28490000,3473016.55260000
2025-04-20 02:00:00,0.28490000,0.28950000,0.28380000,0.28720000,3097688.01990000
2025-04-20 06:00:00,0.28720000,0.29140000,0.28180000,0.28280000,5803317.12780000
2025-04-20 10:00:00,0.28280000,0.28300000,0.27420000,0.27600000,6122884.64930000
2025-04-20 14:00:00,0.27600000,0.28330000,0.27550000,0.28020000,5369079.63100000
2025-04-20 18:00:00,0.28020000,0.28800000,0.27950000,0.28730000,3864044.10490000
2025-04-20 22:00:00,0.28730000,0.29070000,0.28310000,0.28570000,4400485.06970000
2025-04-21 02:00:00,0.28570000,0.30030000,0.28500000,0.29270000,9781369.40640000
2025-04-21 06:00:00,0.29270000,0.30280000,0.29130000,0.30090000,7479027.92520000
2025-04-21 10:00:00,0.30090000,0.30240000,0.29640000,0.29830000,4823453.89240000
2025-04-21 14:00:00,0.29830000,0.30510000,0.29370000,0.29990000,9037108.19850000
2025-04-21 18:00:00,0.29990000,0.30060000,0.28460000,0.29030000,9769413.26570000
2025-04-21 22:00:00,0.29030000,0.29080000,0.28490000,0.28720000,3118439.69660000
2025-04-22 02:00:00,0.28720000,0.29880000,0.27940000,0.28660000,8857223.17790000
2025-04-22 06:00:00,0.28660000,0.29340000,0.28280000,0.29310000,5556819.79970000
2025-04-22 10:00:00,0.29310000,0.29780000,0.29110000,0.29680000,7043971.91960000
2025-04-22 14:00:00,0.29680000,0.31610000,0.29610000,0.31170000,15690320.81050000
2025-04-22 18:00:00,0.31170000,0.31400000,0.30630000,0.30960000,5580675.09130000
2025-04-22 22:00:00,0.30960000,0.32360000,0.30810000,0.32150000,9384288.28970000
2025-04-23 02:00:00,0.32150000,0.34430000,0.32090000,0.34220000,21375813.51860000
2025-04-23 06:00:00,0.34220000,0.34700000,0.33560000,0.33820000,11936937.66340000
2025-04-23 10:00:00,0.33820000,0.34810000,0.33590000,0.34490000,12411740.79680000
2025-04-23 14:00:00,0.34490000,0.35740000,0.33660000,0.34740000,27266154.26270000
2025-04-23 18:00:00,0.34740000,0.35250000,0.32870000,0.33230000,13140516.80610000
2025-04-23 22:00:00,0.33230000,0.34180000,0.33190000,0.33980000,5569355.74630000
2025-04-24 02:00:00,0.33980000,0.34280000,0.32610000,0.32620000,9243467.40740000
2025-04-24 06:00:00,0.32620000,0.33370000,0.32600000,0.32790000,6351962.47340000
2025-04-24 10:00:00,0.32790000,0.34160000,0.32750000,0.34010000,12479678.92380000
2025-04-24 14:00:00,0.34010000,0.36310000,0.33730000,0.35500000,20482708.57110000
2025-04-24 18:00:00,0.35500000,0.36640000,0.34860000,0.35310000,13999063.92070000
2025-04-24 22:00:00,0.35310000,0.35830000,0.34870000,0.35620000,5583112.56070000
2025-04-25 02:00:00,0.35620000,0.36720000,0.34890000,0.35550000,13267008.68240000
2025-04-25 06:00:00,0.35550000,0.37730000,0.35280000,0.36970000,16761411.05020000
2025-04-25 10:00:00,0.36970000,0.37490000,0.35990000,0.36640000,14783503.99350000
2025-04-25 14:00:00,0.36640000,0.37250000,0.35630000,0.36310000,16116197.09870000
2025-04-25 18:00:00,0.36310000,0.36810000,0.35630000,0.36100000,12737972.76030000
2025-04-25 22:00:00,0.36100000,0.36680000,0.35720000,0.36290000,4710876.75450000
2025-04-26 02:00:00,0.36290000,0.37950000,0.36290000,0.36890000,9377123.04370000
2025-04-26 06:00:00,0.36890000,0.37300000,0.36110000,0.36780000,7083410.64900000
2025-04-26 10:00:00,0.36780000,0.37440000,0.35510000,0.35740000,15696587.17380000
2025-04-26 14:00:00,0.35740000,0.36120000,0.35050000,0.36010000,8554599.26410000
2025-04-26 18:00:00,0.36010000,0.36240000,0.35560000,0.36160000,4090727.23010000
2025-04-26 22:00:00,0.36160000,0.36630000,0.35790000,0.36480000,4281389.62140000
2025-04-27 02:00:00,0.36480000,0.36780000,0.34910000,0.35540000,7815935.35370000
2025-04-27 06:00:00,0.35540000,0.35680000,0.34510000,0.35100000,4071411.07270000
2025-04-27 10:00:00,0.35100000,0.35380000,0.34900000,0.35320000,3269013.90820000
2025-04-27 14:00:00,0.35320000,0.36140000,0.34510000,0.34920000,7410730.28500000
2025-04-27 18:00:00,0.34920000,0.35500000,0.34240000,0.35160000,4626947.28630000
2025-04-27 22:00:00,0.35160000,0.35260000,0.34240000,0.34370000,2527475.82840000
2025-04-28 02:00:00,0.34370000,0.34510000,0.33110000,0.34290000,7461800.94540000
2025-04-28 06:00:00,0.34290000,0.35770000,0.34300000,0.35690000,5528106.65700000
2025-04-28 10:00:00,0.35690000,0.35940000,0.34800000,0.35500000,6881939.12350000
2025-04-28 14:00:00,0.35500000,0.35520000,0.32850000,0.33160000,12560422.35540000
2025-04-28 18:00:00,0.33160000,0.34180000,0.32530000,0.33980000,6992976.75030000
2025-04-28 22:00:00,0.33980000,0.34010000,0.33220000,0.33450000,3735463.52600000
2025-04-29 02:00:00,0.33450000,0.33800000,0.33050000,0.33600000,4072963.56080000
2025-04-29 06:00:00,0.33600000,0.33940000,0.32410000,0.33810000,7565635.67790000
2025-04-29 10:00:00,0.33810000,0.33960000,0.32200000,0.32660000,9460138.40520000
2025-04-29 14:00:00,0.32660000,0.32850000,0.32220000,0.32480000,5809031.75220000
2025-04-29 18:00:00,0.32480000,0.33070000,0.32310000,0.32340000,5579540.13920000
2025-04-29 22:00:00,0.32340000,0.32440000,0.30310000,0.31020000,11108798.38780000
2025-04-30 02:00:00,0.31020000,0.31930000,0.30720000,0.31700000,6149382.48350000
2025-04-30 06:00:00,0.31700000,0.31930000,0.31290000,0.31430000,4281846.85760000
2025-04-30 10:00:00,0.31430000,0.32210000,0.31310000,0.32010000,4172052.93280000
2025-04-30 14:00:00,0.32010000,0.32130000,0.30150000,0.31280000,12270021.95970000
2025-04-30 18:00:00,0.31280000,0.31690000,0.30570000,0.31500000,6403280.94660000
2025-04-30 22:00:00,0.31500000,0.32020000,0.31210000,0.31950000,3668719.52180000
2025-05-01 02:00:00,0.31950000,0.32520000,0.31770000,0.31890000,3582263.86930000
2025-05-01 06:00:00,0.31890000,0.32440000,0.31620000,0.31820000,3970356.39360000
2025-05-01 10:00:00,0.31820000,0.33650000,0.31440000,0.33290000,10157939.50520000
2025-05-01 14:00:00,0.33290000,0.34180000,0.32750000,0.32980000,10012141.52030000
2025-05-01 18:00:00,0.32980000,0.33180000,0.32010000,0.32380000,9281376.58300000
2025-05-01 22:00:00,0.32380000,0.32870000,0.31900000,0.32210000,3874776.97490000
2025-05-02 02:00:00,0.32210000,0.32890000,0.31620000,0.31660000,4978829.10530000
2025-05-02 06:00:00,0.31660000,0.31690000,0.30420000,0.30880000,7762656.89930000
2025-05-02 10:00:00,0.30880000,0.31330000,0.30700000,0.30740000,3853918.06340000
2025-05-02 14:00:00,0.30740000,0.31290000,0.30620000,0.30900000,4628486.00690000
2025-05-02 18:00:00,0.30900000,0.31730000,0.30850000,0.30900000,4934551.65350000
2025-05-02 22:00:00,0.30900000,0.31220000,0.30300000,0.30720000,3654648.38900000
2025-05-03 02:00:00,0.30720000,0.30770000,0.30300000,0.30510000,3013543.19130000
2025-05-03 06:00:00,0.30510000,0.30620000,0.29850000,0.29980000,4453905.44800000
2025-05-03 10:00:00,0.29980000,0.30070000,0.29310000,0.29430000,5004701.21930000
2025-05-03 14:00:00,0.29430000,0.29980000,0.29430000,0.29710000,2976930.49890000
2025-05-03 18:00:00,0.29710000,0.29720000,0.28740000,0.29540000,6561564.76900000
2025-05-03 22:00:00,0.29540000,0.29610000,0.29110000,0.29150000,2026705.31080000
2025-05-04 02:00:00,0.29150000,0.29620000,0.28720000,0.29130000,4443911.94960000
2025-05-04 06:00:00,0.29130000,0.29470000,0.28960000,0.29300000,3062136.81090000
2025-05-04 10:00:00,0.29300000,0.29330000,0.28750000,0.29040000,3342573.39670000
2025-05-04 14:00:00,0.29040000,0.29170000,0.28500000,0.28960000,4479788.01420000
2025-05-04 18:00:00,0.28960000,0.29080000,0.28530000,0.28780000,2418121.32840000
2025-05-04 22:00:00,0.28780000,0.29140000,0.28230000,0.28580000,3798712.23680000
2025-05-05 02:00:00,0.28580000,0.28910000,0.28010000,0.28760000,4116943.93840000
2025-05-05 06:00:00,0.28760000,0.29410000,0.28620000,0.29220000,2947509.25060000
2025-05-05 10:00:00,0.29220000,0.29760000,0.27760000,0.28030000,6480301.24220000
2025-05-05 14:00:00,0.28030000,0.28220000,0.27510000,0.27710000,5960569.90780000
2025-05-05 18:00:00,0.27710000,0.28360000,0.27640000,0.27830000,3541732.10110000
2025-05-05 22:00:00,0.27830000,0.27860000,0.26020000,0.26200000,9250473.50890000
2025-05-06 02:00:00,0.26200000,0.26760000,0.25950000,0.26710000,5790233.89780000
2025-05-06 06:00:00,0.26710000,0.27000000,0.26410000,0.26720000,3136671.69700000
2025-05-06 10:00:00,0.26720000,0.26780000,0.25890000,0.26170000,6391259.89860000
2025-05-06 14:00:00,0.26170000,0.26690000,0.25740000,0.25910000,6824990.98490000
2025-05-06 18:00:00,0.25910000,0.26580000,0.25620000,0.26370000,5035245.47600000
2025-05-06 22:00:00,0.26370000,0.27080000,0.25730000,0.26960000,4640682.46820000
2025-05-07 02:00:00,0.26960000,0.27500000,0.26710000,0.27000000,6260855.45570000
2025-05-07 06:00:00,0.27000000,0.27280000,0.26760000,0.27250000,2954841.76480000
2025-05-07 10:00:00,0.27250000,0.27310000,0.26900000,0.27130000,2671491.38980000
2025-05-07 14:00:00,0.27130000,0.27150000,0.26460000,0.26530000,5035129.83640000
2025-05-07 18:00:00,0.26530000,0.27020000,0.26140000,0.26440000,5678402.38760000
2025-05-07 22:00:00,0.26440000,0.26950000,0.26260000,0.26730000,2628887.11290000
2025-05-08 02:00:00,0.26730000,0.28540000,0.26710000,0.28440000,7286844.48030000
2025-05-08 06:00:00,0.28440000,0.30390000,0.28450000,0.29890000,14262434.55180000
2025-05-08 10:00:00,0.29890000,0.31020000,0.29800000,0.30580000,7608299.62820000
2025-05-08 14:00:00,0.30580000,0.31930000,0.30040000,0.31090000,12044287.35430000
2025-05-08 18:00:00,0.31090000,0.32490000,0.30770000,0.32480000,10246694.33370000
2025-05-08 22:00:00,0.32480000,0.35160000,0.32050000,0.34070000,17196280.68730000
2025-05-09 02:00:00,0.34070000,0.35000000,0.33580000,0.33840000,10093888.54890000
2025-05-09 06:00:00,0.33840000,0.38900000,0.33350000,0.37430000,24264555.12360000
2025-05-09 10:00:00,0.37430000,0.39340000,0.36280000,0.37480000,22643475.14600000
2025-05-09 14:00:00,0.37480000,0.39510000,0.36210000,0.36570000,17889396.52150000
2025-05-09 18:00:00,0.36570000,0.37320000,0.36020000,0.36340000,8704874.85620000
2025-05-09 22:00:00,0.36340000,0.37130000,0.36320000,0.36770000,3898506.92510000
2025-05-10 02:00:00,0.36770000,0.37760000,0.35770000,0.37090000,8343829.73830000
2025-05-10 06:00:00,0.37090000,0.38220000,0.36510000,0.38050000,5784959.96790000
2025-05-10 10:00:00,0.38050000,0.38890000,0.36920000,0.37000000,9429278.99170000
2025-05-10 14:00:00,0.37000000,0.38680000,0.36980000,0.38100000,5457832.43210000
2025-05-10 18:00:00,0.38100000,0.39560000,0.37920000,0.39090000,6615624.74490000
2025-05-10 22:00:00,0.39090000,0.42720000,0.38600000,0.41850000,11018420.96840000
2025-05-11 02:00:00,0.41850000,0.43540000,0.40850000,0.41660000,12562323.24390000
2025-05-11 06:00:00,0.41660000,0.41890000,0.38770000,0.39120000,9283321.73860000
2025-05-11 10:00:00,0.39120000,0.41510000,0.39060000,0.41410000,6799999.66800000
2025-05-11 14:00:00,0.41410000,0.42000000,0.39860000,0.40240000,8851349.10940000
2025-05-11 18:00:00,0.40240000,0.41860000,0.39290000,0.40610000,6614291.15460000
2025-05-11 22:00:00,0.40610000,0.40960000,0.39920000,0.40810000,3403587.92330000
2025-05-12 02:00:00,0.40810000,0.42560000,0.40590000,0.41520000,7683005.51110000
2025-05-12 06:00:00,0.41520000,0.43920000,0.40740000,0.42270000,9257468.08780000
2025-05-12 10:00:00,0.42270000,0.42970000,0.40420000,0.40550000,9617434.57520000
2025-05-12 14:00:00,0.40550000,0.41780000,0.39120000,0.39850000,13239852.21640000
2025-05-12 18:00:00,0.39850000,0.40400000,0.36990000,0.38340000,10719443.66600000
2025-05-12 22:00:00,0.38340000,0.39200000,0.38200000,0.38670000,4272827.48980000
2025-05-13 02:00:00,0.38670000,0.38770000,0.35730000,0.35870000,8472942.31580000
2025-05-13 06:00:00,0.35870000,0.37700000,0.35830000,0.37470000,4969516.82040000
2025-05-13 10:00:00,0.37470000,0.38760000,0.37380000,0.38430000,6678637.62930000
2025-05-13 14:00:00,0.38430000,0.39910000,0.37770000,0.39490000,11487607.58860000
2025-05-13 18:00:00,0.39490000,0.45550000,0.39400000,0.44350000,29029474.34330000
2025-05-13 22:00:00,0.44350000,0.46090000,0.43580000,0.45420000,9816954.68210000
2025-05-14 02:00:00,0.45420000,0.46280000,0.42790000,0.43200000,11089827.46170000
2025-05-14 06:00:00,0.43200000,0.43920000,0.42740000,0.42840000,6902865.64490000
2025-05-14 10:00:00,0.42840000,0.43130000,0.41770000,0.42490000,8937089.68280000
2025-05-14 14:00:00,0.42490000,0.42550000,0.40240000,0.40850000,11575150.54960000
2025-05-14 18:00:00,0.40850000,0.41160000,0.39950000,0.40730000,6484639.24400000
2025-05-14 22:00:00,0.40730000,0.41340000,0.40150000,0.40760000,3916464.69890000
2025-05-15 02:00:00,0.40760000,0.42180000,0.38390000,0.38650000,12626658.42400000
2025-05-15 06:00:00,0.38650000,0.39130000,0.36630000,0.36800000,10683822.37350000
2025-05-15 10:00:00,0.36800000,0.37880000,0.36800000,0.37590000,7507224.27220000
2025-05-15 14:00:00,0.37590000,0.38320000,0.36390000,0.38320000,12093550.62730000
2025-05-15 18:00:00,0.38320000,0.38930000,0.36740000,0.37230000,11273156.52670000
2025-05-15 22:00:00,0.37230000,0.37530000,0.35670000,0.36690000,6040706.96320000
2025-05-16 02:00:00,0.36690000,0.38170000,0.36380000,0.37890000,6770001.00000000
2025-05-16 06:00:00,0.37890000,0.38400000,0.37070000,0.38010000,6773526.72610000
2025-05-16 10:00:00,0.38010000,0.38770000,0.37090000,0.38480000,6668379.06300000
2025-05-16 14:00:00,0.38480000,0.39110000,0.37500000,0.38220000,9008099.51700000
2025-05-16 18:00:00,0.38220000,0.39420000,0.37130000,0.38940000,10456829.99090000
2025-05-16 22:00:00,0.38940000,0.39130000,0.37360000,0.37870000,5105195.94590000
2025-05-17 02:00:00,0.37870000,0.39280000,0.37340000,0.39040000,8456858.26630000
2025-05-17 06:00:00,0.39040000,0.39190000,0.37590000,0.37820000,7215859.93040000
2025-05-17 10:00:00,0.37820000,0.37880000,0.36170000,0.36320000,8170253.16040000
2025-05-17 14:00:00,0.36320000,0.36610000,0.35580000,0.36010000,6408620.87990000
2025-05-17 18:00:00,0.36010000,0.36210000,0.34790000,0.35020000,6072762.80200000
2025-05-17 22:00:00,0.35020000,0.35660000,0.34610000,0.34960000,3103466.18100000
2025-05-18 02:00:00,0.34960000,0.36140000,0.34700000,0.36020000,4041584.88590000
2025-05-18 06:00:00,0.36020000,0.38420000,0.36040000,0.38370000,7662556.98220000
2025-05-18 10:00:00,0.38370000,0.38760000,0.37430000,0.37570000,5780424.31850000
2025-05-18 14:00:00,0.37570000,0.40700000,0.37180000,0.40460000,12320295.22060000
2025-05-18 18:00:00,0.40460000,0.40670000,0.36730000,0.36810000,12893959.46710000
2025-05-18 22:00:00,0.36810000,0.39330000,0.35820000,0.39030000,9471909.13760000
2025-05-19 02:00:00,0.39030000,0.39400000,0.36100000,0.36330000,9051214.87300000
2025-05-19 06:00:00,0.36330000,0.36630000,0.34820000,0.35500000,10503334.33350000
2025-05-19 10:00:00,0.35500000,0.35740000,0.34740000,0.35160000,5773536.75170000
2025-05-19 14:00:00,0.35160000,0.36300000,0.34250000,0.35990000,11005182.58130000
2025-05-19 18:00:00,0.35990000,0.37890000,0.35580000,0.36610000,9333977.89370000
2025-05-19 22:00:00,0.36610000,0.37090000,0.35870000,0.36940000,4175652.92370000
2025-05-20 02:00:00,0.36940000,0.39750000,0.36430000,0.38480000,14949229.77330000
2025-05-20 06:00:00,0.38480000,0.38910000,0.37060000,0.37340000,7493455.99870000
2025-05-20 10:00:00,0.37340000,0.37830000,0.36530000,0.37130000,6555563.20970000
2025-05-20 14:00:00,0.37130000,0.37480000,0.36200000,0.37070000,8106064.72460000
2025-05-20 18:00:00,0.37070000,0.37700000,0.35800000,0.37390000,9162799.44880000
2025-05-20 22:00:00,0.37390000,0.38720000,0.37000000,0.37750000,7626167.10040000
2025-05-21 02:00:00,0.37750000,0.39270000,0.36700000,0.38680000,8026472.70600000
2025-05-21 06:00:00,0.38680000,0.40210000,0.38130000,0.38270000,12664448.90790000
2025-05-21 10:00:00,0.38270000,0.39400000,0.37650000,0.39120000,7717594.55970000
2025-05-21 14:00:00,0.39120000,0.40650000,0.38710000,0.39980000,15543064.06440000
2025-05-21 18:00:00,0.39980000,0.41380000,0.38430000,0.39810000,18143119.36040000
2025-05-21 22:00:00,0.39810000,0.40820000,0.38880000,0.39580000,7377491.60660000
2025-05-22 02:00:00,0.39580000,0.41440000,0.39570000,0.40720000,10363529.29750000
2025-05-22 06:00:00,0.40720000,0.41450000,0.40190000,0.41070000,8086571.70510000
2025-05-22 10:00:00,0.41070000,0.42130000,0.40370000,0.40670000,10372056.35070000
2025-05-22 14:00:00,0.40670000,0.41520000,0.39820000,0.41080000,9385822.72830000
2025-05-22 18:00:00,0.41080000,0.42270000,0.40960000,0.41340000,7541616.30200000
2025-05-22 22:00:00,0.41340000,0.42220000,0.40610000,0.41650000,5630945.51490000
2025-05-23 02:00:00,0.41650000,0.44690000,0.41130000,0.44110000,10965443.79400000
2025-05-23 06:00:00,0.44110000,0.44450000,0.41460000,0.41820000,12953998.11280000
2025-05-23 10:00:00,0.41820000,0.43070000,0.39860000,0.40070000,12238826.37140000
2025-05-23 14:00:00,0.40070000,0.41040000,0.38550000,0.39400000,15902122.29620000
2025-05-23 18:00:00,0.39400000,0.40070000,0.38880000,0.39060000,6705284.06210000
2025-05-23 22:00:00,0.39060000,0.39090000,0.36750000,0.37030000,7039849.23680000
2025-05-24 02:00:00,0.37030000,0.37470000,0.36550000,0.37380000,6175714.75010000
2025-05-24 06:00:00,0.37380000,0.38250000,0.36750000,0.36840000,6574727.47030000
2025-05-24 10:00:00,0.36840000,0.37960000,0.36430000,0.37590000,7258579.20270000
2025-05-24 14:00:00,0.37590000,0.37790000,0.36770000,0.37110000,5019349.87500000
2025-05-24 18:00:00,0.37110000,0.37520000,0.36640000,0.36870000,2922122.47560000
2025-05-24 22:00:00,0.36870000,0.37250000,0.36350000,0.36800000,3000810.42020000
2025-05-25 02:00:00,0.36800000,0.37480000,0.35620000,0.37210000,5792882.54090000
2025-05-25 06:00:00,0.37210000,0.37210000,0.36150000,0.36290000,2848686.96240000
2025-05-25 10:00:00,0.36290000,0.36260000,0.35530000,0.35890000,4013497.56490000
2025-05-25 14:00:00,0.35890000,0.36530000,0.34850000,0.35700000,5472721.85360000
2025-05-25 18:00:00,0.35700000,0.36440000,0.35200000,0.36280000,2783682.14140000
2025-05-25 22:00:00,0.36280000,0.37990000,0.36080000,0.37820000,4399922.36900000
2025-05-26 02:00:00,0.37820000,0.38680000,0.37580000,0.38160000,5137554.00590000
2025-05-26 06:00:00,0.38160000,0.39500000,0.38040000,0.39320000,4515040.85610000
2025-05-26 10:00:00,0.39320000,0.39390000,0.38060000,0.38390000,4297705.22250000
2025-05-26 14:00:00,0.38390000,0.38610000,0.37310000,0.38250000,6513788.85880000
2025-05-26 18:00:00,0.38250000,0.38540000,0.37090000,0.37860000,6086296.41660000
2025-05-26 22:00:00,0.37860000,0.38720000,0.37690000,0.38610000,3014917.76660000
2025-05-27 02:00:00,0.38610000,0.39200000,0.37380000,0.37880000,5872884.89570000
2025-05-27 06:00:00,0.37880000,0.39480000,0.37340000,0.39240000,7021705.47940000
2025-05-27 10:00:00,0.39240000,0.40330000,0.39070000,0.40070000,8211590.48360000
2025-05-27 14:00:00,0.40070000,0.41400000,0.39350000,0.40360000,13491295.86580000
2025-05-27 18:00:00,0.40360000,0.41480000,0.39960000,0.40130000,7283844.11820000
2025-05-27 22:00:00,0.40130000,0.40330000,0.39470000,0.39790000,3112418.28190000
2025-05-28 02:00:00,0.39790000,0.40470000,0.39320000,0.40080000,4484407.96450000
2025-05-28 06:00:00,0.40080000,0.40210000,0.39510000,0.39540000,3181830.65890000
2025-05-28 10:00:00,0.39540000,0.40170000,0.38920000,0.40170000,4492781.43880000
2025-05-28 14:00:00,0.40170000,0.40900000,0.37810000,0.37860000,11056557.68060000
2025-05-28 18:00:00,0.37860000,0.38570000,0.37200000,0.37400000,6589523.10450000
2025-05-28 22:00:00,0.37400000,0.39160000,0.37320000,0.38970000,4566470.60010000
2025-05-29 02:00:00,0.38970000,0.41200000,0.38670000,0.40160000,8714379.41070000
2025-05-29 06:00:00,0.40160000,0.40380000,0.38500000,0.39020000,6774945.88740000
2025-05-29 10:00:00,0.39020000,0.39520000,0.38650000,0.39180000,6915190.39970000
2025-05-29 14:00:00,0.39180000,0.39180000,0.37770000,0.38270000,12636244.30380000
2025-05-29 18:00:00,0.38270000,0.38470000,0.37360000,0.37610000,8017194.93510000
2025-05-29 22:00:00,0.37610000,0.38090000,0.36980000,0.37290000,3962839.87570000
2025-05-30 02:00:00,0.37290000,0.37640000,0.35370000,0.36050000,12484174.87660000
2025-05-30 06:00:00,0.36050000,0.36270000,0.34970000,0.35070000,8719548.21920000
2025-05-30 10:00:00,0.35070000,0.35390000,0.34480000,0.34910000,7514303.00080000
2025-05-30 14:00:00,0.34910000,0.35020000,0.33330000,0.33360000,14618520.28390000
2025-05-30 18:00:00,0.33360000,0.33560000,0.31260000,0.32140000,17998386.38270000
2025-05-30 22:00:00,0.32140000,0.32320000,0.29800000,0.30070000,11580455.02150000
2025-05-31 02:00:00,0.30070000,0.30280000,0.28780000,0.29640000,12938156.30490000
2025-05-31 06:00:00,0.29640000,0.30620000,0.29360000,0.30470000,6169422.49970000
2025-05-31 10:00:00,0.30470000,0.30540000,0.29740000,0.29870000,4751033.09230000
2025-05-31 14:00:00,0.29870000,0.30790000,0.29790000,0.29940000,8056916.75100000
2025-05-31 18:00:00,0.29940000,0.30870000,0.29820000,0.30700000,5177791.38300000
2025-05-31 22:00:00,0.30700000,0.31040000,0.30470000,0.30560000,2909885.35610000
2025-06-01 02:00:00,0.30560000,0.30830000,0.29900000,0.30610000,4121299.46210000
2025-06-01 06:00:00,0.30610000,0.31560000,0.30460000,0.31010000,4209804.10650000
2025-06-01 10:00:00,0.31010000,0.31050000,0.30160000,0.30690000,4334526.54260000
2025-06-01 14:00:00,0.30690000,0.31190000,0.30200000,0.31110000,4446242.38330000
2025-06-01 18:00:00,0.31110000,0.31690000,0.30460000,0.31040000,5385332.61990000
2025-06-01 22:00:00,0.31040000,0.31830000,0.30810000,0.31330000,3486383.35330000
2025-06-02 02:00:00,0.31330000,0.31520000,0.30400000,0.30580000,4180124.61050000
2025-06-02 06:00:00,0.30580000,0.31140000,0.30090000,0.30920000,5016597.30790000
2025-06-02 10:00:00,0.30920000,0.31180000,0.30040000,0.30430000,5746824.43570000
2025-06-02 14:00:00,0.30430000,0.31530000,0.30230000,0.31190000,6516611.58570000
2025-06-02 18:00:00,0.31190000,0.31570000,0.30280000,0.30550000,5873061.94990000
2025-06-02 22:00:00,0.30550000,0.33010000,0.30550000,0.32250000,13355860.71940000
2025-06-03 02:00:00,0.32250000,0.33960000,0.32060000,0.32920000,10085077.15490000
2025-06-03 06:00:00,0.32920000,0.34010000,0.32440000,0.33880000,6663605.49120000
2025-06-03 10:00:00,0.33880000,0.34680000,0.33250000,0.34090000,9716776.00610000
2025-06-03 14:00:00,0.34090000,0.34860000,0.33780000,0.34220000,11600521.85690000
2025-06-03 18:00:00,0.34220000,0.34470000,0.33560000,0.34150000,7467785.28770000
2025-06-03 22:00:00,0.34150000,0.34200000,0.33020000,0.33750000,6697537.32170000
2025-06-04 02:00:00,0.33750000,0.35110000,0.33390000,0.34590000,7777189.94710000
2025-06-04 06:00:00,0.34590000,0.34720000,0.33770000,0.34120000,5167747.80510000
2025-06-04 10:00:00,0.34120000,0.34330000,0.33270000,0.33370000,4547625.76790000
2025-06-04 14:00:00,0.33370000,0.34520000,0.32810000,0.34380000,9710956.20490000
2025-06-04 18:00:00,0.34380000,0.35560000,0.32120000,0.32270000,15146343.08090000
2025-06-04 22:00:00,0.32270000,0.32290000,0.31150000,0.31390000,8311091.94830000
2025-06-05 02:00:00,0.31390000,0.32060000,0.31110000,0.31720000,4708881.98690000
2025-06-05 06:00:00,0.31720000,0.31830000,0.31030000,0.31360000,5089330.70880000
2025-06-05 10:00:00,0.31360000,0.31570000,0.30660000,0.30980000,4717011.07260000
2025-06-05 14:00:00,0.30980000,0.31820000,0.30180000,0.31010000,13549273.54910000
2025-06-05 18:00:00,0.31010000,0.31180000,0.29600000,0.29950000,11722213.24170000
2025-06-05 22:00:00,0.29950000,0.30110000,0.28270000,0.28390000,14405550.12180000
2025-06-06 02:00:00,0.28390000,0.29520000,0.28380000,0.29340000,5144003.89430000
2025-06-06 06:00:00,0.29340000,0.29810000,0.29050000,0.29290000,4597079.41180000
2025-06-06 10:00:00,0.29290000,0.29670000,0.29260000,0.29520000,3106571.71410000
2025-06-06 14:00:00,0.29520000,0.30770000,0.29510000,0.30240000,8619244.40970000
2025-06-06 18:00:00,0.30240000,0.30420000,0.29290000,0.29470000,5240323.39920000
2025-06-06 22:00:00,0.29470000,0.29950000,0.29420000,0.29770000,2465303.97800000
2025-06-07 02:00:00,0.29770000,0.30690000,0.29750000,0.30580000,4167559.91190000
2025-06-07 06:00:00,0.30580000,0.31220000,0.30420000,0.30970000,4216036.10400000
2025-06-07 10:00:00,0.30970000,0.32060000,0.30780000,0.32010000,5217416.86550000
2025-06-07 14:00:00,0.32010000,0.33690000,0.31840000,0.33270000,14257964.20890000
2025-06-07 18:00:00,0.33270000,0.33370000,0.32270000,0.32540000,8802916.89760000
2025-06-07 22:00:00,0.32540000,0.32630000,0.32020000,0.32120000,3609350.73200000
2025-06-08 02:00:00,0.32120000,0.32190000,0.31570000,0.31770000,3785695.93830000
2025-06-08 06:00:00,0.31770000,0.32240000,0.31630000,0.31690000,3520205.06180000
2025-06-08 10:00:00,0.31690000,0.31980000,0.31120000,0.31520000,5407158.72250000
2025-06-08 14:00:00,0.31520000,0.31740000,0.31120000,0.31440000,4996092.33970000
2025-06-08 18:00:00,0.31440000,0.32230000,0.31390000,0.31920000,5238857.36520000
2025-06-08 22:00:00,0.31920000,0.32280000,0.31490000,0.31680000,3304397.14500000
2025-06-09 02:00:00,0.31680000,0.32130000,0.31530000,0.32080000,3645900.42030000
2025-06-09 06:00:00,0.32080000,0.32140000,0.31620000,0.31920000,2900518.92790000
2025-06-09 10:00:00,0.31920000,0.33050000,0.31830000,0.32800000,8136436.74230000
2025-06-09 14:00:00,0.32800000,0.33310000,0.32240000,0.32420000,6300498.01300000
2025-06-09 18:00:00,0.32420000,0.33370000,0.32420000,0.32770000,4853372.74410000
2025-06-09 22:00:00,0.32770000,0.34450000,0.32690000,0.34360000,7018501.47580000
2025-06-10 02:00:00,0.34360000,0.34990000,0.34070000,0.34740000,7503431.61320000
2025-06-10 06:00:00,0.34740000,0.34840000,0.33360000,0.33890000,5548293.91730000
2025-06-10 10:00:00,0.33890000,0.36780000,0.33560000,0.36780000,11618725.90710000
2025-06-10 14:00:00,0.36780000,0.37310000,0.34970000,0.35610000,15178070.70420000
2025-06-10 18:00:00,0.35610000,0.36560000,0.35000000,0.36030000,8867454.96600000
2025-06-10 22:00:00,0.36030000,0.37170000,0.35410000,0.37050000,8532065.57820000
2025-06-11 02:00:00,0.37050000,0.37560000,0.35580000,0.35770000,8675111.06770000
2025-06-11 06:00:00,0.35770000,0.36240000,0.35420000,0.35950000,4259209.58130000
2025-06-11 10:00:00,0.35950000,0.36070000,0.34920000,0.35280000,5838871.18120000
2025-06-11 14:00:00,0.35280000,0.37790000,0.35140000,0.37380000,18374425.40630000
2025-06-11 18:00:00,0.37380000,0.37440000,0.35470000,0.35610000,8551930.27340000
2025-06-11 22:00:00,0.35610000,0.36020000,0.34120000,0.34580000,8710259.58520000
2025-06-12 02:00:00,0.34580000,0.35090000,0.34040000,0.34240000,5135005.19830000
2025-06-12 06:00:00,0.34240000,0.34260000,0.33070000,0.33080000,6402656.74640000
2025-06-12 10:00:00,0.33080000,0.33390000,0.32540000,0.32650000,6000018.54790000
2025-06-12 14:00:00,0.32650000,0.33770000,0.32270000,0.32530000,10560646.35300000
2025-06-12 18:00:00,0.32530000,0.33710000,0.31710000,0.31960000,7809373.60450000
2025-06-12 22:00:00,0.31960000,0.32140000,0.31030000,0.31090000,7111148.18230000
2025-06-13 02:00:00,0.31090000,0.31220000,0.27820000,0.28710000,18769269.19030000
2025-06-13 06:00:00,0.28710000,0.29620000,0.28440000,0.29410000,6376018.74030000
2025-06-13 10:00:00,0.29410000,0.30060000,0.29020000,0.29420000,5917956.28080000
2025-06-13 14:00:00,0.29420000,0.30050000,0.28810000,0.29470000,8027040.34830000
2025-06-13 18:00:00,0.29470000,0.29950000,0.28700000,0.29010000,6830611.92040000
2025-06-13 22:00:00,0.29010000,0.30060000,0.28940000,0.30020000,3281302.07450000
2025-06-14 02:00:00,0.30020000,0.30180000,0.29560000,0.29810000,3155177.64470000
2025-06-14 06:00:00,0.29810000,0.30060000,0.29390000,0.29710000,2349967.61610000
2025-06-14 10:00:00,0.29710000,0.29770000,0.29370000,0.29640000,2279965.46000000
2025-06-14 14:00:00,0.29640000,0.29970000,0.28970000,0.29190000,3218767.58580000
2025-06-14 18:00:00,0.29190000,0.29450000,0.28750000,0.28950000,3556147.02990000
2025-06-14 22:00:00,0.28950000,0.29470000,0.28650000,0.29220000,2761367.81660000
2025-06-15 02:00:00,0.29220000,0.29620000,0.29240000,0.29490000,1901683.16290000
2025-06-15 06:00:00,0.29490000,0.30090000,0.29440000,0.29610000,3095948.64360000
2025-06-15 10:00:00,0.29610000,0.29770000,0.29150000,0.29710000,2878493.86480000
2025-06-15 14:00:00,0.29710000,0.30450000,0.29550000,0.29940000,5441320.21060000
2025-06-15 18:00:00,0.29940000,0.30230000,0.29670000,0.29890000,3073658.56240000
2025-06-15 22:00:00,0.29890000,0.30390000,0.29310000,0.30290000,3676630.93290000
2025-06-16 02:00:00,0.30290000,0.30810000,0.29720000,0.30470000,3300600.67370000
2025-06-16 06:00:00,0.30470000,0.31380000,0.30430000,0.31130000,4459572.95380000
2025-06-16 10:00:00,0.31130000,0.31190000,0.30650000,0.30960000,2827354.41870000
2025-06-16 14:00:00,0.30960000,0.31610000,0.30670000,0.31100000,5347547.00240000
2025-06-16 18:00:00,0.31100000,0.31550000,0.31030000,0.31270000,3319925.70560000
2025-06-16 22:00:00,0.31270000,0.31510000,0.29320000,0.29430000,7378707.15100000
2025-06-17 02:00:00,0.29430000,0.30180000,0.28510000,0.29820000,9407946.14190000
2025-06-17 06:00:00,0.29820000,0.29860000,0.29100000,0.29250000,4320371.98700000
2025-06-17 10:00:00,0.29250000,0.29520000,0.28540000,0.28720000,5917927.71840000
2025-06-17 14:00:00,0.28720000,0.29130000,0.27830000,0.28130000,8496300.26480000
2025-06-17 18:00:00,0.28130000,0.28930000,0.27470000,0.28670000,7437569.52480000
2025-06-17 22:00:00,0.28670000,0.28810000,0.27640000,0.27970000,4446089.28820000
2025-06-18 02:00:00,0.27970000,0.28310000,0.27710000,0.28020000,3260962.01460000
2025-06-18 06:00:00,0.28020000,0.28440000,0.27820000,0.28100000,2807875.48890000
2025-06-18 10:00:00,0.28100000,0.28280000,0.26950000,0.27410000,7246458.97290000
2025-06-18 14:00:00,0.27410000,0.27980000,0.26690000,0.27710000,8306570.50960000
2025-06-18 18:00:00,0.27710000,0.27930000,0.27120000,0.27540000,6187619.93710000
2025-06-18 22:00:00,0.27540000,0.28690000,0.27410000,0.28530000,4163991.67600000
2025-06-19 02:00:00,0.28530000,0.28980000,0.28290000,0.28690000,3237573.50850000
2025-06-19 06:00:00,0.28690000,0.28870000,0.28420000,0.28580000,3766736.06280000
2025-06-19 10:00:00,0.28580000,0.29010000,0.28480000,0.28650000,3153730.05170000
2025-06-19 14:00:00,0.28650000,0.28880000,0.28070000,0.28220000,4138223.96030000
2025-06-19 18:00:00,0.28220000,0.28760000,0.27920000,0.28220000,3430371.12360000
2025-06-19 22:00:00,0.28220000,0.28520000,0.28020000,0.28270000,1934280.38280000
2025-06-20 02:00:00,0.28270000,0.28550000,0.28070000,0.28220000,1879138.34870000
2025-06-20 06:00:00,0.28220000,0.28980000,0.27860000,0.28940000,3349422.47200000
2025-06-20 10:00:00,0.28940000,0.29250000,0.28710000,0.28890000,4187233.85580000
2025-06-20 14:00:00,0.28890000,0.29280000,0.27830000,0.27990000,6438053.78040000
2025-06-20 18:00:00,0.27990000,0.28030000,0.26330000,0.27000000,10093049.38960000
2025-06-20 22:00:00,0.27000000,0.27440000,0.26150000,0.26530000,4729987.79120000
2025-06-21 02:00:00,0.26530000,0.27140000,0.26480000,0.26880000,1968536.89210000
2025-06-21 06:00:00,0.26880000,0.26940000,0.26680000,0.26780000,1430295.94170000
2025-06-21 10:00:00,0.26780000,0.27080000,0.26670000,0.26820000,1854205.76370000
2025-06-21 14:00:00,0.26820000,0.26880000,0.26010000,0.26370000,4490572.09400000
2025-06-21 18:00:00,0.26370000,0.26500000,0.25300000,0.25390000,5918256.06110000
2025-06-21 22:00:00,0.25390000,0.25680000,0.24070000,0.24980000,8722678.42670000
2025-06-22 02:00:00,0.24980000,0.25540000,0.24420000,0.24590000,4918500.22410000
2025-06-22 06:00:00,0.24590000,0.25070000,0.24500000,0.24810000,2856430.49210000
2025-06-22 10:00:00,0.24810000,0.24840000,0.23860000,0.24440000,5475827.71980000
2025-06-22 14:00:00,0.24440000,0.24640000,0.22540000,0.23060000,14247995.79030000
2025-06-22 18:00:00,0.23060000,0.23380000,0.22630000,0.22850000,4615779.69530000
2025-06-22 22:00:00,0.22850000,0.23830000,0.22240000,0.23810000,5409931.09310000
2025-06-23 02:00:00,0.23810000,0.24290000,0.23790000,0.24090000,3167037.53780000
2025-06-23 06:00:00,0.24090000,0.24530000,0.24010000,0.24460000,2611385.82660000
2025-06-23 10:00:00,0.24460000,0.24570000,0.23980000,0.24160000,3057729.85110000
2025-06-23 14:00:00,0.24160000,0.24710000,0.23740000,0.23830000,6773254.06960000
2025-06-23 18:00:00,0.23830000,0.25230000,0.23030000,0.25170000,9326196.48250000
2025-06-23 22:00:00,0.25170000,0.27160000,0.25010000,0.26910000,10105768.81610000
2025-06-24 02:00:00,0.26910000,0.27310000,0.26680000,0.26860000,4152515.12450000
2025-06-24 06:00:00,0.26860000,0.27970000,0.26790000,0.26940000,5367761.53460000
2025-06-24 10:00:00,0.26940000,0.27260000,0.26550000,0.26770000,5175444.06340000
2025-06-24 14:00:00,0.26770000,0.27210000,0.26580000,0.26870000,4306274.51090000
2025-06-24 18:00:00,0.26870000,0.27640000,0.26330000,0.26570000,5249877.11770000
2025-06-24 22:00:00,0.26570000,0.26910000,0.26320000,0.26910000,2499938.09820000
2025-06-25 02:00:00,0.26910000,0.27290000,0.26640000,0.26920000,2850473.48350000
2025-06-25 06:00:00,0.26920000,0.27050000,0.26670000,0.26840000,2058543.04490000
2025-06-25 10:00:00,0.26840000,0.26960000,0.26390000,0.26850000,3312052.80340000
2025-06-25 14:00:00,0.26850000,0.27380000,0.25930000,0.25990000,6696046.83020000
2025-06-25 18:00:00,0.25990000,0.26380000,0.25710000,0.26080000,3798163.08510000
2025-06-25 22:00:00,0.26080000,0.26410000,0.25490000,0.25750000,2388271.23020000
2025-06-26 02:00:00,0.25750000,0.27240000,0.25660000,0.26440000,5279905.64200000
2025-06-26 06:00:00,0.26440000,0.26530000,0.25890000,0.26380000,2698661.60070000
2025-06-26 10:00:00,0.26380000,0.26530000,0.25620000,0.25670000,3261960.50350000
2025-06-26 14:00:00,0.25670000,0.25670000,0.24730000,0.25040000,6612726.16930000
2025-06-26 18:00:00,0.25040000,0.25230000,0.24590000,0.25130000,3917312.28740000
2025-06-26 22:00:00,0.25130000,0.25960000,0.24890000,0.24970000,4341404.66550000
2025-06-27 02:00:00,0.24970000,0.25300000,0.24700000,0.25140000,2930647.44050000
2025-06-27 06:00:00,0.25140000,0.25500000,0.24940000,0.25020000,2215483.76330000
2025-06-27 10:00:00,0.25020000,0.25440000,0.24980000,0.25060000,2236032.73430000
2025-06-27 14:00:00,0.25060000,0.25380000,0.24720000,0.25330000,3683693.20710000
2025-06-27 18:00:00,0.25330000,0.25720000,0.24520000,0.24840000,4642827.76400000
2025-06-27 22:00:00,0.24840000,0.25390000,0.24730000,0.25350000,1781488.04500000
2025-06-28 02:00:00,0.25350000,0.25470000,0.25170000,0.25270000,1144044.68090000
2025-06-28 06:00:00,0.25270000,0.25610000,0.25150000,0.25570000,1332858.69130000
2025-06-28 10:00:00,0.25570000,0.25940000,0.25450000,0.25760000,2025869.66960000
2025-06-28 14:00:00,0.25760000,0.26200000,0.25680000,0.26180000,2212305.81220000
2025-06-28 18:00:00,0.26180000,0.26760000,0.26150000,0.26390000,3255028.43290000
2025-06-28 22:00:00,0.26390000,0.26690000,0.26280000,0.26490000,1301883.62810000
2025-06-29 02:00:00,0.26490000,0.26590000,0.26090000,0.26090000,1427157.43150000
2025-06-29 06:00:00,0.26090000,0.26470000,0.26030000,0.26470000,1208646.90190000
2025-06-29 10:00:00,0.26470000,0.26990000,0.26470000,0.26640000,2695826.57190000
2025-06-29 14:00:00,0.26640000,0.26880000,0.26270000,0.26400000,2233183.30380000
2025-06-29 18:00:00,0.26400000,0.26860000,0.26350000,0.26820000,1855565.69490000
2025-06-29 22:00:00,0.26820000,0.28630000,0.26540000,0.27850000,6024583.17830000
2025-06-30 02:00:00,0.27850000,0.27890000,0.27010000,0.27080000,3504457.82580000
2025-06-30 06:00:00,0.27080000,0.27400000,0.26560000,0.27240000,4735731.69310000
2025-06-30 10:00:00,0.27240000,0.27310000,0.26630000,0.26690000,3166412.23530000
2025-06-30 14:00:00,0.26690000,0.27180000,0.26210000,0.26810000,6683417.03980000
2025-06-30 18:00:00,0.26810000,0.27510000,0.26620000,0.27480000,4050564.74210000
2025-06-30 22:00:00,0.27480000,0.27490000,0.26570000,0.26630000,2816700.19110000
2025-07-01 02:00:00,0.26630000,0.26830000,0.26410000,0.26490000,2004747.55890000
2025-07-01 06:00:00,0.26490000,0.26510000,0.25910000,0.26300000,2245727.70310000
2025-07-01 10:00:00,0.26300000,0.26330000,0.25730000,0.25810000,1990492.34290000
2025-07-01 14:00:00,0.25810000,0.26030000,0.25450000,0.25590000,4007261.43980000
2025-07-01 18:00:00,0.25590000,0.25670000,0.25180000,0.25240000,2424518.70340000
2025-07-01 22:00:00,0.25240000,0.25490000,0.25050000,0.25260000,1475888.09710000
2025-07-02 02:00:00,0.25260000,0.25520000,0.24910000,0.25360000,1951787.24610000
2025-07-02 06:00:00,0.25360000,0.26040000,0.25260000,0.25930000,2261258.33370000
2025-07-02 10:00:00,0.25930000,0.26270000,0.25950000,0.25980000,2113212.82680000
2025-07-02 14:00:00,0.25980000,0.26790000,0.25840000,0.26720000,3584433.78750000
2025-07-02 18:00:00,0.26720000,0.27930000,0.26650000,0.27850000,7134617.87040000
2025-07-02 22:00:00,0.27850000,0.28220000,0.27600000,0.27620000,3016703.08330000
2025-07-03 02:00:00,0.27620000,0.28150000,0.27150000,0.27770000,3112831.10540000
2025-07-03 06:00:00,0.27770000,0.28700000,0.27700000,0.28650000,3528368.80950000
2025-07-03 10:00:00,0.28650000,0.28740000,0.27740000,0.27950000,4369714.82390000
2025-07-03 14:00:00,0.27950000,0.28460000,0.26950000,0.27000000,8649976.23200000
2025-07-03 18:00:00,0.27000000,0.27460000,0.26980000,0.27410000,3210387.53620000
2025-07-03 22:00:00,0.27410000,0.27880000,0.27360000,0.27600000,2168129.29850000
2025-07-04 02:00:00,0.27600000,0.28070000,0.27160000,0.27260000,3185624.46350000
2025-07-04 06:00:00,0.27260000,0.27360000,0.26380000,0.26410000,3300508.48390000
2025-07-04 10:00:00,0.26410000,0.26590000,0.26080000,0.26190000,3206510.70510000
2025-07-04 14:00:00,0.26190000,0.26290000,0.25200000,0.25280000,6223229.43450000
2025-07-04 18:00:00,0.25280000,0.25320000,0.24770000,0.24890000,5032413.73730000
2025-07-04 22:00:00,0.24890000,0.25640000,0.24850000,0.25290000,2471310.19380000
2025-07-05 02:00:00,0.25290000,0.25620000,0.25270000,0.25440000,1568464.67020000
2025-07-05 06:00:00,0.25440000,0.25740000,0.25110000,0.25440000,2146506.54450000
2025-07-05 10:00:00,0.25440000,0.25550000,0.25180000,0.25460000,1742000.57460000
2025-07-05 14:00:00,0.25460000,0.25500000,0.25170000,0.25350000,1594821.30350000
2025-07-05 18:00:00,0.25350000,0.25450000,0.24900000,0.25240000,2610553.43810000
2025-07-05 22:00:00,0.25240000,0.25690000,0.25130000,0.25480000,1564354.98770000
2025-07-06 02:00:00,0.25480000,0.25510000,0.25290000,0.25420000,919008.57540000
2025-07-06 06:00:00,0.25420000,0.25540000,0.25310000,0.25410000,941119.52740000
2025-07-06 10:00:00,0.25410000,0.25550000,0.25300000,0.25490000,1250323.46170000
2025-07-06 14:00:00,0.25490000,0.26280000,0.25430000,0.26010000,4099523.00460000
2025-07-06 18:00:00,0.26010000,0.26180000,0.25690000,0.26000000,1792145.88510000
2025-07-06 22:00:00,0.26000000,0.26780000,0.25960000,0.26160000,3213103.45170000
2025-07-07 02:00:00,0.26160000,0.26760000,0.26060000,0.26640000,1982794.26500000
2025-07-07 06:00:00,0.26640000,0.26860000,0.26350000,0.26620000,2517909.74830000
2025-07-07 10:00:00,0.26620000,0.26660000,0.26120000,0.26230000,1978324.71730000
2025-07-07 14:00:00,0.26230000,0.26340000,0.25680000,0.25910000,3847804.83330000
2025-07-07 18:00:00,0.25910000,0.26210000,0.25540000,0.25870000,4623264.74710000
2025-07-07 22:00:00,0.25870000,0.25870000,0.25330000,0.25640000,2874412.02660000
2025-07-08 02:00:00,0.25640000,0.25820000,0.25160000,0.25420000,2336815.13790000
2025-07-08 06:00:00,0.25420000,0.25610000,0.25320000,0.25480000,1780312.20290000
2025-07-08 10:00:00,0.25480000,0.25910000,0.25170000,0.25890000,2482288.94850000
2025-07-08 14:00:00,0.25890000,0.26170000,0.25280000,0.25380000,3821140.35710000
2025-07-08 18:00:00,0.25380000,0.26480000,0.25220000,0.26340000,5718899.29000000
2025-07-08 22:00:00,0.26340000,0.26610000,0.26020000,0.26530000,1983781.22340000
2025-07-09 02:00:00,0.26530000,0.26640000,0.26080000,0.26220000,2515065.78000000
2025-07-09 06:00:00,0.26220000,0.26830000,0.26190000,0.26600000,2609386.14960000
2025-07-09 10:00:00,0.26600000,0.27070000,0.26390000,0.26930000,3310599.55320000
2025-07-09 14:00:00,0.26930000,0.27490000,0.26710000,0.26910000,5386386.50910000
2025-07-09 18:00:00,0.26910000,0.28520000,0.26830000,0.28350000,7349976.66400000
2025-07-09 22:00:00,0.28350000,0.29120000,0.27730000,0.28750000,7037607.00440000
2025-07-10 02:00:00,0.28750000,0.29170000,0.28220000,0.28880000,5593668.01770000
2025-07-10 06:00:00,0.28880000,0.29370000,0.28610000,0.29130000,3724700.67250000
2025-07-10 10:00:00,0.29130000,0.29340000,0.28710000,0.28830000,4077202.26770000
2025-07-10 14:00:00,0.28830000,0.29800000,0.28550000,0.29090000,8036017.42670000
2025-07-10 18:00:00,0.29090000,0.30680000,0.29080000,0.30170000,9430928.67740000
2025-07-10 22:00:00,0.30170000,0.32170000,0.30150000,0.31770000,9108041.64730000
2025-07-11 02:00:00,0.31770000,0.32830000,0.30970000,0.32810000,7400507.07990000
2025-07-11 06:00:00,0.32810000,0.37410000,0.32530000,0.34490000,33934117.55820000
2025-07-11 10:00:00,0.34490000,0.38390000,0.34500000,0.35480000,33248959.71720000
2025-07-11 14:00:00,0.35480000,0.35850000,0.33870000,0.34130000,16908432.45440000
2025-07-11 18:00:00,0.34130000,0.35160000,0.33670000,0.35110000,9789858.24280000
2025-07-11 22:00:00,0.35110000,0.35110000,0.33020000,0.33790000,7498652.21800000
2025-07-12 02:00:00,0.33790000,0.34370000,0.32760000,0.33630000,6853885.63330000
2025-07-12 06:00:00,0.33630000,0.33730000,0.32790000,0.33480000,5559683.41620000
2025-07-12 10:00:00,0.33480000,0.33990000,0.33360000,0.33420000,4465261.23230000
2025-07-12 14:00:00,0.33420000,0.33570000,0.31210000,0.31540000,13381865.81240000
2025-07-12 18:00:00,0.31540000,0.32530000,0.31410000,0.32390000,3530329.64450000
2025-07-12 22:00:00,0.32390000,0.32420000,0.31770000,0.32240000,2575306.24640000
2025-07-13 02:00:00,0.32240000,0.32560000,0.31950000,0.32430000,2796230.90120000
2025-07-13 06:00:00,0.32430000,0.33460000,0.32290000,0.33400000,4394542.82610000
2025-07-13 10:00:00,0.33400000,0.33910000,0.32510000,0.33630000,5699049.80230000
2025-07-13 14:00:00,0.33630000,0.35260000,0.33410000,0.34430000,12141374.80010000
2025-07-13 18:00:00,0.34430000,0.35160000,0.33740000,0.34640000,6197919.88390000
2025-07-13 22:00:00,0.34640000,0.35130000,0.33650000,0.34270000,5579436.52600000
2025-07-14 02:00:00,0.34270000,0.35880000,0.33940000,0.35370000,8487242.85750000
2025-07-14 06:00:00,0.35370000,0.36230000,0.34610000,0.35370000,9954447.65320000
2025-07-14 10:00:00,0.35370000,0.36040000,0.34370000,0.35150000,9157785.05690000
2025-07-14 14:00:00,0.35150000,0.35360000,0.33880000,0.34250000,7964245.82680000
2025-07-14 18:00:00,0.34250000,0.34820000,0.33530000,0.33710000,6301928.24350000
2025-07-14 22:00:00,0.33710000,0.33880000,0.32910000,0.33700000,4251833.47300000
2025-07-15 02:00:00,0.33700000,0.33890000,0.32080000,0.32550000,7554403.69310000
2025-07-15 06:00:00,0.32550000,0.33380000,0.32160000,0.32950000,4588802.04020000
2025-07-15 10:00:00,0.32950000,0.34230000,0.32690000,0.33660000,6691931.83780000
2025-07-15 14:00:00,0.33660000,0.34980000,0.33180000,0.34630000,11309829.45210000
2025-07-15 18:00:00,0.34630000,0.36010000,0.34150000,0.34330000,9458355.93990000
2025-07-15 22:00:00,0.34330000,0.36380000,0.34190000,0.36110000,5964546.09610000
2025-07-16 02:00:00,0.36110000,0.36430000,0.34920000,0.35190000,7239705.69870000
2025-07-16 06:00:00,0.35190000,0.36480000,0.34620000,0.36140000,7263438.83610000
2025-07-16 10:00:00,0.36140000,0.36490000,0.35580000,0.36440000,6753572.15550000
2025-07-16 14:00:00,0.36440000,0.36990000,0.35800000,0.36620000,10502124.71110000
2025-07-16 18:00:00,0.36620000,0.37650000,0.36460000,0.37360000,7954620.06910000
2025-07-16 22:00:00,0.37360000,0.38410000,0.36670000,0.37140000,8235072.04050000
2025-07-17 02:00:00,0.37140000,0.38090000,0.35890000,0.36260000,8640644.01380000
2025-07-17 06:00:00,0.36260000,0.37790000,0.35960000,0.37570000,7752212.33970000
2025-07-17 10:00:00,0.37570000,0.38730000,0.37200000,0.37970000,10091800.47280000
2025-07-17 14:00:00,0.37970000,0.38730000,0.37200000,0.37790000,10520582.40140000
2025-07-17 18:00:00,0.37790000,0.37940000,0.36510000,0.36610000,9135761.08560000
2025-07-17 22:00:00,0.36610000,0.38860000,0.36010000,0.37870000,12462075.55100000
2025-07-18 02:00:00,0.37870000,0.40380000,0.37440000,0.39490000,11596205.40940000
2025-07-18 06:00:00,0.39490000,0.40710000,0.39240000,0.39960000,9996031.38810000
2025-07-18 10:00:00,0.39960000,0.41680000,0.39580000,0.40050000,15429696.54010000
2025-07-18 14:00:00,0.40050000,0.40910000,0.38420000,0.38910000,13338340.61160000
2025-07-18 18:00:00,0.38910000,0.40160000,0.38690000,0.38970000,7075257.97460000
2025-07-18 22:00:00,0.38970000,0.39470000,0.37810000,0.38990000,7933837.04940000
2025-07-19 02:00:00,0.38990000,0.40030000,0.37960000,0.40030000,7094872.81390000
2025-07-19 06:00:00,0.40030000,0.40550000,0.39420000,0.39690000,5194009.59200000
2025-07-19 10:00:00,0.39690000,0.40330000,0.39300000,0.39590000,5619446.13780000
2025-07-19 14:00:00,0.39590000,0.41070000,0.39450000,0.40730000,7513771.19180000
2025-07-19 18:00:00,0.40730000,0.42750000,0.40500000,0.41280000,14777020.42000000
2025-07-19 22:00:00,0.41280000,0.44170000,0.41080000,0.43390000,13924288.68030000
2025-07-20 02:00:00,0.43390000,0.45810000,0.42750000,0.45460000,15954076.51000000
2025-07-20 06:00:00,0.45460000,0.47530000,0.45110000,0.45910000,20616527.97720000
2025-07-20 10:00:00,0.45910000,0.50770000,0.45840000,0.49710000,32609887.32900000
2025-07-20 14:00:00,0.49710000,0.52290000,0.47200000,0.51900000,36039703.06100000
2025-07-20 18:00:00,0.51900000,0.52610000,0.49130000,0.50470000,25195956.46100000
2025-07-20 22:00:00,0.50470000,0.50790000,0.48370000,0.49160000,17488987.95270000
2025-07-21 02:00:00,0.49160000,0.50920000,0.48520000,0.49710000,15497207.16400000
2025-07-21 06:00:00,0.49710000,0.51160000,0.49380000,0.50320000,12650200.12300000
2025-07-21 10:00:00,0.50320000,0.50450000,0.48900000,0.50270000,12541500.84280000
2025-07-21 14:00:00,0.50270000,0.59180000,0.49200000,0.52940000,102805821.29070000
2025-07-21 18:00:00,0.52940000,0.55470000,0.51620000,0.52250000,33739588.42480000
2025-07-21 22:00:00,0.52250000,0.52560000,0.50360000,0.51640000,15225417.31380000
2025-07-22 02:00:00,0.51640000,0.53850000,0.49650000,0.51160000,26497257.84030000
2025-07-22 06:00:00,0.51160000,0.51190000,0.48960000,0.49450000,19184207.24130000
2025-07-22 10:00:00,0.49450000,0.50970000,0.46710000,0.50430000,32139841.17540000
2025-07-22 14:00:00,0.50430000,0.52770000,0.48290000,0.51020000,28165275.94550000
2025-07-22 18:00:00,0.51020000,0.51630000,0.49310000,0.49500000,14935812.09330000
2025-07-22 22:00:00,0.49500000,0.51080000,0.49340000,0.50860000,7521611.48850000
2025-07-23 02:00:00,0.50860000,0.50980000,0.48420000,0.48660000,10334986.26460000
2025-07-23 06:00:00,0.48660000,0.49240000,0.47290000,0.47730000,9651994.64950000
2025-07-23 10:00:00,0.47730000,0.48210000,0.46350000,0.46790000,12918489.70340000
2025-07-23 14:00:00,0.46790000,0.46990000,0.43950000,0.46720000,25010145.55780000
2025-07-23 18:00:00,0.46720000,0.47070000,0.44420000,0.46590000,18709870.81030000
2025-07-23 22:00:00,0.46590000,0.47100000,0.44060000,0.45970000,14694890.98980000
2025-07-24 02:00:00,0.45970000,0.48730000,0.45150000,0.47550000,13960279.84260000
2025-07-24 06:00:00,0.47550000,0.47990000,0.42420000,0.44750000,24471731.46420000
2025-07-24 10:00:00,0.44750000,0.48100000,0.44260000,0.47680000,18783407.89630000
2025-07-24 14:00:00,0.47680000,0.51040000,0.47030000,0.49390000,33046252.61980000
2025-07-24 18:00:00,0.49390000,0.49850000,0.47360000,0.49440000,15817576.41970000
2025-07-24 22:00:00,0.49440000,0.49960000,0.46470000,0.47130000,12118943.66560000
2025-07-25 02:00:00,0.47130000,0.49500000,0.46440000,0.49050000,17128332.82860000
2025-07-25 06:00:00,0.49050000,0.51170000,0.47460000,0.50550000,24502705.46660000
2025-07-25 10:00:00,0.50550000,0.58040000,0.50290000,0.56730000,58141221.99140000
2025-07-25 14:00:00,0.56730000,0.58850000,0.54410000,0.56620000,61600272.91710000
2025-07-25 18:00:00,0.56620000,0.56880000,0.53140000,0.53960000,28866229.03530000
2025-07-25 22:00:00,0.53960000,0.62520000,0.53560000,0.60260000,50607916.27710000
2025-07-26 02:00:00,0.60260000,0.62140000,0.57650000,0.58490000,35543244.38490000
2025-07-26 06:00:00,0.58490000,0.60990000,0.57950000,0.59030000,26083220.74600000
2025-07-26 10:00:00,0.59030000,0.59860000,0.56950000,0.57430000,25867738.15020000
2025-07-26 14:00:00,0.57430000,0.57880000,0.55470000,0.56220000,21915144.85900000
2025-07-26 18:00:00,0.56220000,0.59960000,0.55840000,0.59290000,18258099.67270000
2025-07-26 22:00:00,0.59290000,0.63530000,0.58150000,0.61860000,23324184.28140000
2025-07-27 02:00:00,0.61860000,0.64990000,0.61050000,0.61320000,22963259.34990000
2025-07-27 06:00:00,0.61320000,0.63060000,0.60640000,0.61320000,12085324.49660000
2025-07-27 10:00:00,0.61320000,0.62770000,0.60480000,0.61260000,15779898.36270000
2025-07-27 14:00:00,0.61260000,0.64910000,0.60890000,0.64520000,24470216.69390000
2025-07-27 18:00:00,0.64520000,0.68800000,0.64170000,0.66720000,40382678.17970000
2025-07-27 22:00:00,0.66720000,0.68630000,0.65460000,0.67010000,18154061.36030000
2025-07-28 02:00:00,0.67010000,0.69490000,0.65240000,0.67060000,20849629.49180000
2025-07-28 06:00:00,0.67060000,0.70140000,0.66690000,0.68060000,23228397.21460000
2025-07-28 10:00:00,0.68060000,0.69760000,0.66080000,0.66790000,21724276.17020000
2025-07-28 14:00:00,0.66790000,0.68580000,0.64130000,0.65730000,33615541.21410000
2025-07-28 18:00:00,0.65730000,0.68380000,0.63100000,0.63910000,28048542.82160000
2025-07-28 22:00:00,0.63910000,0.64530000,0.62410000,0.63340000,14854482.47600000
2025-07-29 02:00:00,0.63340000,0.63910000,0.59500000,0.62230000,24043525.58600000
2025-07-29 06:00:00,0.62230000,0.64360000,0.61760000,0.63920000,17624738.70930000
2025-07-29 10:00:00,0.63920000,0.64060000,0.60610000,0.61180000,14069557.77090000
2025-07-29 14:00:00,0.61180000,0.61520000,0.56520000,0.58320000,28327610.02820000
2025-07-29 18:00:00,0.58320000,0.58480000,0.56340000,0.56960000,19400131.64920000
2025-07-29 22:00:00,0.56960000,0.57680000,0.55540000,0.57030000,16161067.11670000
2025-07-30 02:00:00,0.57030000,0.58980000,0.55320000,0.57640000,15828488.37520000
2025-07-30 06:00:00,0.57640000,0.58910000,0.56520000,0.58160000,11960895.53280000
2025-07-30 10:00:00,0.58160000,0.59600000,0.55420000,0.55850000,18355754.67490000
2025-07-30 14:00:00,0.55850000,0.57880000,0.54010000,0.54520000,24556988.72890000
2025-07-30 18:00:00,0.54520000,0.59560000,0.53450000,0.59250000,38366898.43630000
2025-07-30 22:00:00,0.59250000,0.61060000,0.57710000,0.60770000,26841169.16700000
2025-07-31 02:00:00,0.60770000,0.63790000,0.59480000,0.63400000,23106038.55880000
2025-07-31 06:00:00,0.63400000,0.67520000,0.62730000,0.65880000,25198001.14160000
2025-07-31 10:00:00,0.65880000,0.68280000,0.65680000,0.67020000,26586163.10860000
2025-07-31 14:00:00,0.67020000,0.67380000,0.60680000,0.61260000,46661028.03410000
2025-07-31 18:00:00,0.61260000,0.63410000,0.58250000,0.58790000,36934908.76620000
2025-07-31 22:00:00,0.58790000,0.59520000,0.56000000,0.56930000,31674354.52660000
2025-08-01 02:00:00,0.56930000,0.61280000,0.55910000,0.59450000,40171820.50760000
2025-08-01 06:00:00,0.59450000,0.59810000,0.56600000,0.59360000,26041112.75820000
2025-08-01 10:00:00,0.59360000,0.60250000,0.56930000,0.60060000,24762820.47380000
2025-08-01 14:00:00,0.60060000,0.62170000,0.57650000,0.59660000,49640273.64370000
2025-08-01 18:00:00,0.59660000,0.60640000,0.57060000,0.59390000,33859048.02680000
2025-08-01 22:00:00,0.59390000,0.59780000,0.55340000,0.57890000,37760448.17890000
2025-08-02 02:00:00,0.57890000,0.59490000,0.57340000,0.58030000,13546027.17420000
2025-08-02 06:00:00,0.58030000,0.58430000,0.53870000,0.55200000,21103933.99030000
2025-08-02 10:00:00,0.55200000,0.55360000,0.53470000,0.53790000,16066407.72690000
2025-08-02 14:00:00,0.53790000,0.55000000,0.52700000,0.53860000,19942221.96240000
2025-08-02 18:00:00,0.53860000,0.54470000,0.51430000,0.52980000,20747816.08010000
2025-08-02 22:00:00,0.52980000,0.54100000,0.51220000,0.52100000,12966668.71910000
2025-08-03 02:00:00,0.52100000,0.53870000,0.51060000,0.53410000,14586445.42830000
2025-08-03 06:00:00,0.53410000,0.54910000,0.53070000,0.54890000,11852057.51400000
2025-08-03 10:00:00,0.54890000,0.56680000,0.54710000,0.56020000,23408262.48440000
2025-08-03 14:00:00,0.56020000,0.58430000,0.55480000,0.57950000,28966898.26970000
2025-08-03 18:00:00,0.57950000,0.60690000,0.57660000,0.59230000,24861092.12080000
2025-08-03 22:00:00,0.59230000,0.60720000,0.58590000,0.59350000,16984460.13920000
2025-08-04 02:00:00,0.59350000,0.62830000,0.58910000,0.61560000,31956906.34660000
2025-08-04 06:00:00,0.61560000,0.62700000,0.59360000,0.62210000,22535205.63820000
2025-08-04 10:00:00,0.62210000,0.63390000,0.60850000,0.61080000,22020907.54100000
2025-08-04 14:00:00,0.61080000,0.64050000,0.60900000,0.62090000,35090673.36650000
2025-08-04 18:00:00,0.62090000,0.62260000,0.59760000,0.60010000,18909175.24540000
2025-08-04 22:00:00,0.60010000,0.61050000,0.59900000,0.60370000,10821666.38200000
2025-08-05 02:00:00,0.60370000,0.60860000,0.58470000,0.58680000,15222184.33040000
2025-08-05 06:00:00,0.58680000,0.59220000,0.57920000,0.58030000,12529698.07180000
2025-08-05 10:00:00,0.58030000,0.59570000,0.57340000,0.59130000,18085401.49620000
2025-08-05 14:00:00,0.59130000,0.60770000,0.56900000,0.57690000,36941183.82420000
2025-08-05 18:00:00,0.57690000,0.58360000,0.56720000,0.57510000,15414587.91840000
2025-08-05 22:00:00,0.57510000,0.58620000,0.56520000,0.57940000,10840907.63900000
2025-08-06 02:00:00,0.57940000,0.58530000,0.55820000,0.55940000,12034341.98710000
2025-08-06 06:00:00,0.55940000,0.59450000,0.55630000,0.58560000,17432301.40310000
2025-08-06 10:00:00,0.58560000,0.58660000,0.56100000,0.56820000,15827277.59480000
2025-08-06 14:00:00,0.56820000,0.59350000,0.55770000,0.59290000,22568045.53310000
2025-08-06 18:00:00,0.59290000,0.60640000,0.58640000,0.59810000,14239082.36670000
2025-08-06 22:00:00,0.59810000,0.60630000,0.59190000,0.60090000,8068582.25390000
2025-08-07 02:00:00,0.60090000,0.61660000,0.59470000,0.59760000,12552637.55220000
2025-08-07 06:00:00,0.59760000,0.60720000,0.58410000,0.60040000,13395880.76580000
2025-08-07 10:00:00,0.60040000,0.64190000,0.59990000,0.63080000,27936252.47630000
2025-08-07 14:00:00,0.63080000,0.63820000,0.61520000,0.61910000,18934533.02260000
2025-08-07 18:00:00,0.61910000,0.64020000,0.60780000,0.63980000,17990805.05400000
2025-08-07 22:00:00,0.63980000,0.65830000,0.63260000,0.63670000,21519675.97110000
2025-08-08 02:00:00,0.63670000,0.63920000,0.62190000,0.63330000,17892002.58000000
2025-08-08 06:00:00,0.63330000,0.63940000,0.61440000,0.62310000,13765180.93450000
2025-08-08 10:00:00,0.62310000,0.62760000,0.61090000,0.62030000,10584306.67280000
2025-08-08 14:00:00,0.62030000,0.64780000,0.61220000,0.62190000,26960985.25930000
2025-08-08 18:00:00,0.62190000,0.66920000,0.61360000,0.66080000,27532174.52410000
2025-08-08 22:00:00,0.66080000,0.66270000,0.64120000,0.64480000,10080131.74120000
2025-08-09 02:00:00,0.64480000,0.65460000,0.63590000,0.65280000,8959168.22850000
2025-08-09 06:00:00,0.65280000,0.72340000,0.65200000,0.72070000,34218324.36650000
2025-08-09 10:00:00,0.72070000,0.74520000,0.71930000,0.73530000,30221197.28840000
2025-08-09 14:00:00,0.73530000,0.76110000,0.72610000,0.73410000,38022209.29950000
2025-08-09 18:00:00,0.73410000,0.76560000,0.73350000,0.75660000,27696672.60380000
2025-08-09 22:00:00,0.75660000,0.76040000,0.73400000,0.73710000,17924219.05130000
2025-08-10 02:00:00,0.73710000,0.76970000,0.73450000,0.74600000,23493919.76670000
2025-08-10 06:00:00,0.74600000,0.76270000,0.73560000,0.73710000,24648235.00460000
2025-08-10 10:00:00,0.73710000,0.75630000,0.71720000,0.74260000,27190919.79710000
2025-08-10 14:00:00,0.74260000,0.81210000,0.73810000,0.79330000,40585416.60060000
2025-08-10 18:00:00,0.79330000,0.79830000,0.77170000,0.77860000,21725062.05740000
2025-08-10 22:00:00,0.77860000,0.80190000,0.76440000,0.79760000,16525691.90390000
2025-08-11 02:00:00,0.79760000,0.85290000,0.79360000,0.83380000,45338404.44430000
2025-08-11 06:00:00,0.83380000,0.85580000,0.82350000,0.82660000,26729870.76890000
2025-08-11 10:00:00,0.82660000,0.83390000,0.78440000,0.79120000,30848946.59480000
2025-08-11 14:00:00,0.79120000,0.81940000,0.78730000,0.81690000,40173739.80770000
2025-08-11 18:00:00,0.81690000,0.82680000,0.78750000,0.79340000,23741380.12970000
2025-08-11 22:00:00,0.79340000,0.80120000,0.77080000,0.79480000,20395090.48350000
2025-08-12 02:00:00,0.79480000,0.81730000,0.79460000,0.81530000,16150301.25090000
2025-08-12 06:00:00,0.81530000,0.81650000,0.78270000,0.79510000,18331029.42550000
2025-08-12 10:00:00,0.79510000,0.80090000,0.75340000,0.77650000,25413374.95330000
2025-08-12 14:00:00,0.77650000,0.84290000,0.77080000,0.81670000,60690904.46800000
2025-08-12 18:00:00,0.81670000,0.82460000,0.80100000,0.81280000,21600628.06100000
2025-08-12 22:00:00,0.81280000,0.82600000,0.78130000,0.80950000,29640835.72840000
2025-08-13 02:00:00,0.80950000,0.83200000,0.78900000,0.79470000,24361309.64290000
2025-08-13 06:00:00,0.79470000,0.80730000,0.77790000,0.79320000,19172248.49310000
2025-08-13 10:00:00,0.79320000,0.81580000,0.78620000,0.79880000,19719518.63760000
2025-08-13 14:00:00,0.79880000,0.80800000,0.76670000,0.77460000,37554333.53250000
2025-08-13 18:00:00,0.77460000,0.79170000,0.76510000,0.78250000,25325111.02160000
2025-08-13 22:00:00,0.78250000,0.78510000,0.76000000,0.77660000,20193824.94450000
2025-08-14 02:00:00,0.77660000,0.78980000,0.75570000,0.77520000,25350894.70890000
2025-08-14 06:00:00,0.77520000,0.77940000,0.72520000,0.73510000,32122359.18570000
2025-08-14 10:00:00,0.73510000,0.73530000,0.71200000,0.72870000,23763818.12700000
2025-08-14 14:00:00,0.72870000,0.75540000,0.67910000,0.73970000,62561725.57130000
2025-08-14 18:00:00,0.73970000,0.74430000,0.71540000,0.73320000,24619613.97950000
2025-08-14 22:00:00,0.73320000,0.73540000,0.70280000,0.71560000,16836834.19260000
2025-08-15 02:00:00,0.71560000,0.73250000,0.69190000,0.72260000,17637037.07080000
2025-08-15 06:00:00,0.72260000,0.74930000,0.71600000,0.73760000,15942911.44490000
2025-08-15 10:00:00,0.73760000,0.74970000,0.71840000,0.71840000,23890231.67970000
2025-08-15 14:00:00,0.71840000,0.73840000,0.68490000,0.69070000,42394522.03240000
2025-08-15 18:00:00,0.69070000,0.70670000,0.68300000,0.70360000,19042855.17200000
2025-08-15 22:00:00,0.70360000,0.72790000,0.69810000,0.71910000,11111919.23670000
2025-08-16 02:00:00,0.71910000,0.73260000,0.71260000,0.73010000,10247254.23200000
2025-08-16 06:00:00,0.73010000,0.73710000,0.72210000,0.73360000,8924293.36600000
2025-08-16 10:00:00,0.73360000,0.73570000,0.70430000,0.70590000,11605161.14550000
2025-08-16 14:00:00,0.70590000,0.72420000,0.70420000,0.72270000,10719355.14690000
2025-08-16 18:00:00,0.72270000,0.72650000,0.71060000,0.72290000,6163377.03430000
2025-08-16 22:00:00,0.72290000,0.73550000,0.71970000,0.73270000,6398705.84600000
2025-08-17 02:00:00,0.73270000,0.74400000,0.72340000,0.74110000,7723813.25150000
2025-08-17 06:00:00,0.74110000,0.74590000,0.71900000,0.72180000,9426335.49130000
2025-08-17 10:00:00,0.72180000,0.73970000,0.71690000,0.72280000,10297400.76970000
2025-08-17 14:00:00,0.72280000,0.72340000,0.71010000,0.72260000,9585032.55740000
2025-08-17 18:00:00,0.72260000,0.72830000,0.70310000,0.71140000,10435386.49140000
2025-08-17 22:00:00,0.71140000,0.72090000,0.70750000,0.70870000,4617651.74950000
2025-08-18 02:00:00,0.70870000,0.71620000,0.67520000,0.68350000,14534998.11760000
2025-08-18 06:00:00,0.68350000,0.69590000,0.67520000,0.68010000,8085996.48490000
2025-08-18 10:00:00,0.68010000,0.68250000,0.66830000,0.67420000,8737533.64290000
2025-08-18 14:00:00,0.67420000,0.68350000,0.66630000,0.68310000,10449899.04680000
2025-08-18 18:00:00,0.68310000,0.68860000,0.66930000,0.68080000,13054599.92500000
2025-08-18 22:00:00,0.68080000,0.69420000,0.67500000,0.67710000,6855414.01510000
2025-08-19 02:00:00,0.67710000,0.69370000,0.65890000,0.66040000,11114213.48690000
2025-08-19 06:00:00,0.66040000,0.66550000,0.64840000,0.65250000,8309275.72850000
2025-08-19 10:00:00,0.65250000,0.66420000,0.64680000,0.66330000,7576708.59580000
2025-08-19 14:00:00,0.66330000,0.66760000,0.63090000,0.63720000,18505986.21260000
2025-08-19 18:00:00,0.63720000,0.64230000,0.62960000,0.63420000,8814020.13800000
2025-08-19 22:00:00,0.63420000,0.64740000,0.63360000,0.63660000,5846562.22720000
2025-08-20 02:00:00,0.63660000,0.65180000,0.63630000,0.64160000,6938917.54070000
2025-08-20 06:00:00,0.64160000,0.65510000,0.64170000,0.64890000,5354139.80060000
2025-08-20 10:00:00,0.64890000,0.65800000,0.63300000,0.64050000,11161084.57350000
2025-08-20 14:00:00,0.64050000,0.65930000,0.62160000,0.64720000,18521158.96520000
2025-08-20 18:00:00,0.64720000,0.66130000,0.64150000,0.65790000,12413101.80260000
2025-08-20 22:00:00,0.65790000,0.66230000,0.64900000,0.65690000,5835617.01270000
2025-08-21 02:00:00,0.65690000,0.66020000,0.63990000,0.64930000,8158919.25420000
2025-08-21 06:00:00,0.64930000,0.65270000,0.63680000,0.64320000,5713751.52820000
2025-08-21 10:00:00,0.64320000,0.64490000,0.62820000,0.63550000,6358147.68980000
2025-08-21 14:00:00,0.63550000,0.64520000,0.62090000,0.62350000,12146813.48610000
2025-08-21 18:00:00,0.62350000,0.63460000,0.61710000,0.62330000,8250986.89120000
2025-08-21 22:00:00,0.62330000,0.63540000,0.61870000,0.62870000,4537997.90610000
2025-08-22 02:00:00,0.62870000,0.65250000,0.62840000,0.64620000,5922336.17460000
2025-08-22 06:00:00,0.64620000,0.66290000,0.64410000,0.66120000,8638536.55280000
2025-08-22 10:00:00,0.66120000,0.66830000,0.63700000,0.63770000,9888604.02640000
2025-08-22 14:00:00,0.63770000,0.73780000,0.62310000,0.72460000,43978397.21950000
2025-08-22 18:00:00,0.72460000,0.74440000,0.72340000,0.74120000,16664520.61410000
2025-08-22 22:00:00,0.74120000,0.75520000,0.73320000,0.75310000,8785498.00100000
2025-08-23 02:00:00,0.75310000,0.76560000,0.73740000,0.75240000,16894027.78580000
2025-08-23 06:00:00,0.75240000,0.77490000,0.73270000,0.73520000,11574379.65960000
2025-08-23 10:00:00,0.73520000,0.75000000,0.73140000,0.74490000,8372063.68730000
2025-08-23 14:00:00,0.74490000,0.75240000,0.73320000,0.73680000,7598165.28760000
2025-08-23 18:00:00,0.73680000,0.75150000,0.73440000,0.74610000,3333146.28950000
2025-08-23 22:00:00,0.74610000,0.74750000,0.73230000,0.74020000,3335269.29760000
2025-08-24 02:00:00,0.74020000,0.74770000,0.71590000,0.71920000,7176910.62800000
2025-08-24 06:00:00,0.71920000,0.72140000,0.70100000,0.70710000,7694331.24470000
2025-08-24 10:00:00,0.70710000,0.71080000,0.69170000,0.69530000,7163060.25430000
2025-08-24 14:00:00,0.69530000,0.70790000,0.69270000,0.69430000,8123986.10230000
2025-08-24 18:00:00,0.69430000,0.72560000,0.68250000,0.70250000,18931357.23090000
2025-08-24 22:00:00,0.70250000,0.70590000,0.68270000,0.69410000,9235950.89970000
2025-08-25 02:00:00,0.69410000,0.69910000,0.67200000,0.67970000,7363540.21370000
2025-08-25 06:00:00,0.67970000,0.68070000,0.64390000,0.64850000,10429210.49800000
2025-08-25 10:00:00,0.64850000,0.65370000,0.63330000,0.64220000,8213441.72460000
2025-08-25 14:00:00,0.64220000,0.65640000,0.63940000,0.64970000,9185673.52930000
2025-08-25 18:00:00,0.64970000,0.65680000,0.63110000,0.63210000,7532077.67160000
2025-08-25 22:00:00,0.63210000,0.64120000,0.61360000,0.62060000,11190521.67930000
2025-08-26 02:00:00,0.62060000,0.63650000,0.61680000,0.62670000,5785012.29040000
2025-08-26 06:00:00,0.62670000,0.63340000,0.62200000,0.62700000,3498903.98980000
2025-08-26 10:00:00,0.62700000,0.63590000,0.62280000,0.62630000,3738128.04910000
2025-08-26 14:00:00,0.62630000,0.64220000,0.61860000,0.62540000,8840683.71690000
2025-08-26 18:00:00,0.62540000,0.63800000,0.61950000,0.63730000,9520640.87123440
2025-08-26 22:00:00,0.63730000,0.63690000,0.62500000,0.62860000,5490980.40370000
2025-08-27 02:00:00,0.62860000,0.63300000,0.60860000,0.62600000,8439484.52970000
2025-08-27 06:00:00,0.62600000,0.63610000,0.61550000,0.61810000,5040246.69700000
2025-08-27 10:00:00,0.61810000,0.62350000,0.60770000,0.61360000,4855894.23980000
2025-08-27 14:00:00,0.61360000,0.62920000,0.60910000,0.62280000,8101795.27530000
2025-08-27 18:00:00,0.62280000,0.62770000,0.61000000,0.61650000,5905143.14510000
2025-08-27 22:00:00,0.61650000,0.62770000,0.60360000,0.60950000,9374245.65090000
2025-08-28 02:00:00,0.60950000,0.62690000,0.60400000,0.62480000,4500160.61690000
2025-08-28 06:00:00,0.62480000,0.64290000,0.62360000,0.64170000,5872185.17030000
2025-08-28 10:00:00,0.64170000,0.65740000,0.63040000,0.65390000,6372992.92460000
2025-08-28 14:00:00,0.65390000,0.67480000,0.64810000,0.65600000,14781347.83650000
2025-08-28 18:00:00,0.65600000,0.67030000,0.65440000,0.65450000,6734871.46310000
2025-08-28 22:00:00,0.65450000,0.68280000,0.65390000,0.67660000,6684958.82560000
2025-08-29 02:00:00,0.67660000,0.68050000,0.65420000,0.66830000,10321244.00580000
2025-08-29 06:00:00,0.66830000,0.67460000,0.64410000,0.64640000,14688644.19160000
2025-08-29 10:00:00,0.64640000,0.66050000,0.64140000,0.64640000,9427287.80310000
2025-08-29 14:00:00,0.64640000,0.66780000,0.63680000,0.64940000,11927450.32020000
2025-08-29 18:00:00,0.64940000,0.65330000,0.62890000,0.63670000,5752436.57880000
2025-08-29 22:00:00,0.63670000,0.65020000,0.62990000,0.64140000,3048130.17170000
2025-08-30 02:00:00,0.64140000,0.65940000,0.62370000,0.65520000,6058562.97410000
2025-08-30 06:00:00,0.65520000,0.68230000,0.64370000,0.67650000,6886634.20700000
2025-08-30 10:00:00,0.67650000,0.67730000,0.66830000,0.67090000,3447963.16070000
2025-08-30 14:00:00,0.67090000,0.67150000,0.65050000,0.65990000,6445926.35680000
2025-08-30 18:00:00,0.65990000,0.66100000,0.65090000,0.65170000,3257176.71040000
2025-08-30 22:00:00,0.65170000,0.65720000,0.64940000,0.65400000,2002681.84770000
2025-08-31 02:00:00,0.65400000,0.68030000,0.65320000,0.68030000,4652672.90120000
2025-08-31 06:00:00,0.68030000,0.68200000,0.66480000,0.67820000,6238273.30630000
2025-08-31 10:00:00,0.67820000,0.68180000,0.66170000,0.66910000,6719697.06570000
2025-08-31 14:00:00,0.66910000,0.66920000,0.65170000,0.66030000,4380649.73090000
2025-08-31 18:00:00,0.66030000,0.67190000,0.65400000,0.66410000,3733396.02340000
2025-08-31 22:00:00,0.66410000,0.66640000,0.63900000,0.63940000,3805605.99480000
2025-09-01 02:00:00,0.63940000,0.64760000,0.63270000,0.63530000,4510815.23610000
2025-09-01 06:00:00,0.63530000,0.64510000,0.62430000,0.64510000,5453262.23480000
2025-09-01 10:00:00,0.64510000,0.65220000,0.63190000,0.63310000,5578377.47910000
2025-09-01 14:00:00,0.63310000,0.63930000,0.62680000,0.62810000,3848212.13810000
2025-09-01 18:00:00,0.62810000,0.63560000,0.62280000,0.62970000,3817496.00760000
2025-09-01 22:00:00,0.62970000,0.63010000,0.60720000,0.62830000,7490402.98520000
2025-09-02 02:00:00,0.62830000,0.67970000,0.62800000,0.67930000,9631878.28550000
2025-09-02 06:00:00,0.67930000,0.69230000,0.67160000,0.68450000,12527841.18180000
2025-09-02 10:00:00,0.68450000,0.70560000,0.68350000,0.68920000,16125380.24930000
2025-09-02 14:00:00,0.68920000,0.69730000,0.66170000,0.67280000,22772004.25580000
2025-09-02 18:00:00,0.67280000,0.68160000,0.66750000,0.67150000,7135182.86200000
2025-09-02 22:00:00,0.67150000,0.69500000,0.67000000,0.68760000,5655439.17710000
2025-09-03 02:00:00,0.68760000,0.69550000,0.67550000,0.69460000,5374781.15860000
2025-09-03 06:00:00,0.69460000,0.70170000,0.68630000,0.69150000,5243525.63020000
2025-09-03 10:00:00,0.69150000,0.72550000,0.69090000,0.71620000,9937528.17410000
2025-09-03 14:00:00,0.71620000,0.73840000,0.71640000,0.72850000,15621391.68070000
2025-09-03 18:00:00,0.72850000,0.73610000,0.71890000,0.73410000,6094591.10740000
2025-09-03 22:00:00,0.73410000,0.73520000,0.72330000,0.73030000,3560910.38300000
2025-09-04 02:00:00,0.73030000,0.73790000,0.70900000,0.71050000,6844898.86490000
2025-09-04 06:00:00,0.71050000,0.71580000,0.70000000,0.70630000,6268856.06710000
2025-09-04 10:00:00,0.70630000,0.71260000,0.69490000,0.69730000,7959335.42790000
2025-09-04 14:00:00,0.69730000,0.70610000,0.67510000,0.67610000,15970170.57370000
2025-09-04 18:00:00,0.67610000,0.67650000,0.64020000,0.64120000,24722307.13810000
2025-09-04 22:00:00,0.64120000,0.65890000,0.64000000,0.64710000,6504880.41510000
2025-09-05 02:00:00,0.64710000,0.65520000,0.64310000,0.65370000,5906759.84790000
2025-09-05 06:00:00,0.65370000,0.68120000,0.65110000,0.67440000,7421853.64460000
2025-09-05 10:00:00,0.67440000,0.67420000,0.65930000,0.67030000,6772238.16920000
2025-09-05 14:00:00,0.67030000,0.69630000,0.64980000,0.65860000,20222420.72860000
2025-09-05 18:00:00,0.65860000,0.67930000,0.65250000,0.67870000,5464185.83790000
2025-09-05 22:00:00,0.67870000,0.73950000,0.67170000,0.73160000,33905739.53840000
2025-09-06 02:00:00,0.73160000,0.76460000,0.72520000,0.74890000,16804577.25390000
2025-09-06 06:00:00,0.74890000,0.75180000,0.72910000,0.74990000,11400903.33050000
2025-09-06 10:00:00,0.74990000,0.75780000,0.74010000,0.75250000,9566391.01120000
2025-09-06 14:00:00,0.75250000,0.75340000,0.72410000,0.72510000,12155206.78970000
2025-09-06 18:00:00,0.72510000,0.74240000,0.72500000,0.72920000,8320739.65310000
2025-09-06 22:00:00,0.72920000,0.74310000,0.72510000,0.73710000,6528306.69660000
2025-09-07 02:00:00,0.73710000,0.75190000,0.73110000,0.74270000,6729735.38420000
2025-09-07 06:00:00,0.74270000,0.74840000,0.72840000,0.73020000,4876908.87890000
2025-09-07 10:00:00,0.73020000,0.74450000,0.72900000,0.74380000,5281119.26060000
2025-09-07 14:00:00,0.74380000,0.74990000,0.73350000,0.74940000,5654088.33910000
2025-09-07 18:00:00,0.74940000,0.74970000,0.72950000,0.74250000,4991876.20370000
2025-09-07 22:00:00,0.74250000,0.75090000,0.73570000,0.73660000,5010350.57520000
2025-09-08 02:00:00,0.73660000,0.77100000,0.73350000,0.76710000,8546809.79010000
2025-09-08 06:00:00,0.76710000,0.77510000,0.75360000,0.75960000,8631859.73000000
2025-09-08 10:00:00,0.75960000,0.78950000,0.75570000,0.77850000,10960761.71350000
2025-09-08 14:00:00,0.77850000,0.78040000,0.76070000,0.77760000,8871659.25190000
2025-09-08 18:00:00,0.77760000,0.80590000,0.76600000,0.77010000,15653547.99820000
2025-09-08 22:00:00,0.77010000,0.78320000,0.76150000,0.78110000,4853827.15180000
2025-09-09 02:00:00,0.78110000,0.80110000,0.77350000,0.79590000,10620812.69880000
2025-09-09 06:00:00,0.79590000,0.87320000,0.78460000,0.84110000,23878940.00490000
2025-09-09 10:00:00,0.84110000,0.84490000,0.81270000,0.83420000,15172774.21310000
2025-09-09 14:00:00,0.83420000,0.83630000,0.77640000,0.79110000,20991968.69410000
2025-09-09 18:00:00,0.79110000,0.83690000,0.79030000,0.82760000,15991792.29310000
2025-09-09 22:00:00,0.82760000,0.82860000,0.80410000,0.80620000,7739749.58760000
2025-09-10 02:00:00,0.80620000,0.83820000,0.80590000,0.82130000,9246518.93240000
2025-09-10 06:00:00,0.82130000,0.82150000,0.79370000,0.80720000,8298992.37040000
2025-09-10 10:00:00,0.80720000,0.81690000,0.80130000,0.80380000,4907879.32010000
2025-09-10 14:00:00,0.80380000,0.82800000,0.79070000,0.79410000,15136918.34450000
2025-09-10 18:00:00,0.79410000,0.80010000,0.77030000,0.77630000,12812811.29050000
2025-09-10 22:00:00,0.77630000,0.78660000,0.77360000,0.77850000,4962768.38410000
2025-09-11 02:00:00,0.77850000,0.79770000,0.77100000,0.79720000,6156765.83880000
2025-09-11 06:00:00,0.79720000,0.79810000,0.77480000,0.78240000,5249039.20780000
2025-09-11 10:00:00,0.78240000,0.78680000,0.76060000,0.76730000,6564940.03690000
2025-09-11 14:00:00,0.76730000,0.78390000,0.74550000,0.75560000,19006313.21310000
2025-09-11 18:00:00,0.75560000,0.77120000,0.75480000,0.76400000,4954683.92380000
2025-09-11 22:00:00,0.76400000,0.78160000,0.76270000,0.77930000,4223120.23090000
2025-09-12 02:00:00,0.77930000,0.78910000,0.76710000,0.77040000,6131635.09280000
2025-09-12 06:00:00,0.77040000,0.78330000,0.76780000,0.77070000,4672051.34700000
2025-09-12 10:00:00,0.77070000,0.77110000,0.75060000,0.75180000,6718165.57430000
2025-09-12 14:00:00,0.75180000,0.75880000,0.74050000,0.75140000,13262209.14240000
2025-09-12 18:00:00,0.75140000,0.78400000,0.74770000,0.78330000,12178092.02400000
2025-09-12 22:00:00,0.78330000,0.78620000,0.76390000,0.77830000,8166203.71690000
2025-09-13 02:00:00,0.77830000,0.78260000,0.76620000,0.77570000,4679300.75330000
2025-09-13 06:00:00,0.77570000,0.77790000,0.75610000,0.76210000,5694317.72750000
2025-09-13 10:00:00,0.76210000,0.77530000,0.76090000,0.77310000,6354963.79690000
2025-09-13 14:00:00,0.77310000,0.77700000,0.75030000,0.76030000,10288407.86490000
2025-09-13 18:00:00,0.76030000,0.77030000,0.74760000,0.76650000,7387228.40090000
2025-09-13 22:00:00,0.76650000,0.77200000,0.75770000,0.76190000,3903314.25080000
2025-09-14 02:00:00,0.76190000,0.76330000,0.74200000,0.74370000,6111392.99530000
2025-09-14 06:00:00,0.74370000,0.75790000,0.73500000,0.74790000,7094431.03720000
2025-09-14 10:00:00,0.74790000,0.75050000,0.73680000,0.73870000,5552740.78620000
2025-09-14 14:00:00,0.73870000,0.74470000,0.73030000,0.73730000,6862058.78920000
2025-09-14 18:00:00,0.73730000,0.75460000,0.73570000,0.74370000,4489025.19230000
2025-09-14 22:00:00,0.74370000,0.75890000,0.73740000,0.74220000,4589858.03360000
2025-09-15 02:00:00,0.74220000,0.77440000,0.74210000,0.76890000,9261906.70440000
2025-09-15 06:00:00,0.76890000,0.77390000,0.74010000,0.74430000,7796631.15960000
2025-09-15 10:00:00,0.74430000,0.75020000,0.71320000,0.72540000,12156555.38610000
2025-09-15 14:00:00,0.72540000,0.76260000,0.69250000,0.70240000,26758646.36050000
2025-09-15 18:00:00,0.70240000,0.71430000,0.69240000,0.71040000,12442093.84770000
2025-09-15 22:00:00,0.71040000,0.71340000,0.69770000,0.70130000,4312586.20710000
2025-09-16 02:00:00,0.70130000,0.70690000,0.69010000,0.69260000,4811810.37970000
2025-09-16 06:00:00,0.69260000,0.70820000,0.68490000,0.69830000,6339269.56060000
2025-09-16 10:00:00,0.69830000,0.70870000,0.69820000,0.70330000,3597666.10540000
2025-09-16 14:00:00,0.70330000,0.71280000,0.69110000,0.71230000,8617661.94690000
2025-09-16 18:00:00,0.71230000,0.71330000,0.69720000,0.70020000,8391849.23200000
2025-09-16 22:00:00,0.70020000,0.70960000,0.69720000,0.69770000,3160465.14730000
2025-09-17 02:00:00,0.69770000,0.69920000,0.68520000,0.68670000,6259712.12920000
2025-09-17 06:00:00,0.68670000,0.69000000,0.67010000,0.68250000,9836199.52990000
2025-09-17 10:00:00,0.68250000,0.69220000,0.67710000,0.68760000,3624776.99840000
2025-09-17 14:00:00,0.68760000,0.69490000,0.68320000,0.68880000,5149016.55640000
2025-09-17 18:00:00,0.68880000,0.71270000,0.68170000,0.70890000,13049950.29200000
2025-09-17 22:00:00,0.70890000,0.72130000,0.69360000,0.70960000,7880899.30340000
2025-09-18 02:00:00,0.70960000,0.71440000,0.70000000,0.70800000,6664265.69560000
2025-09-18 06:00:00,0.70800000,0.70900000,0.69320000,0.69920000,5039679.78060000
2025-09-18 10:00:00,0.69920000,0.70630000,0.69590000,0.69870000,4284503.85200000
2025-09-18 14:00:00,0.69870000,0.70520000,0.69210000,0.69990000,6648908.09790000
2025-09-18 18:00:00,0.69990000,0.70900000,0.69060000,0.69580000,10166784.88970000
2025-09-18 22:00:00,0.69580000,0.70360000,0.69380000,0.69790000,3878422.42090000
2025-09-19 02:00:00,0.69790000,0.70950000,0.68300000,0.68410000,6068895.23530000
2025-09-19 06:00:00,0.68410000,0.68560000,0.67240000,0.67430000,7500573.72270000
2025-09-19 10:00:00,0.67430000,0.67790000,0.65410000,0.65870000,8856587.90360000
2025-09-19 14:00:00,0.65870000,0.68690000,0.65820000,0.66860000,14039716.08910000
2025-09-19 18:00:00,0.66860000,0.67760000,0.66630000,0.66630000,3882657.00740000
2025-09-19 22:00:00,0.66630000,0.67270000,0.66250000,0.67240000,2274429.44700000
2025-09-20 02:00:00,0.67240000,0.67270000,0.65730000,0.66320000,2490332.18090000
2025-09-20 06:00:00,0.66320000,0.68190000,0.66010000,0.68010000,3666563.50400000
2025-09-20 10:00:00,0.68010000,0.68050000,0.66120000,0.66530000,3307203.78450000
2025-09-20 14:00:00,0.66530000,0.67490000,0.66220000,0.67450000,3052395.37980000
2025-09-20 18:00:00,0.67450000,0.67690000,0.66310000,0.66430000,2509950.57370000
2025-09-20 22:00:00,0.66430000,0.66790000,0.66290000,0.66520000,1256147.76500000
2025-09-21 02:00:00,0.66520000,0.67910000,0.66330000,0.67440000,4478839.03060000
2025-09-21 06:00:00,0.67440000,0.67810000,0.66380000,0.66550000,3152129.01800000
2025-09-21 10:00:00,0.66550000,0.66620000,0.65000000,0.65610000,4927030.95950000
2025-09-21 14:00:00,0.65610000,0.66170000,0.65240000,0.65420000,2687426.33830000
2025-09-21 18:00:00,0.65420000,0.65600000,0.64260000,0.64910000,4830024.06990000
2025-09-21 22:00:00,0.64910000,0.64980000,0.64020000,0.64110000,3147029.41730000
2025-09-22 02:00:00,0.64110000,0.64490000,0.62090000,0.62870000,9520234.55100000
2025-09-22 06:00:00,0.62870000,0.63070000,0.56150000,0.60170000,18895826.27340000
2025-09-22 10:00:00,0.60170000,0.60560000,0.59240000,0.59730000,6115696.43740000
2025-09-22 14:00:00,0.59730000,0.60790000,0.58830000,0.59030000,6628882.28150000
2025-09-22 18:00:00,0.59030000,0.59380000,0.58260000,0.58410000,5720470.42180000
2025-09-22 22:00:00,0.58410000,0.60300000,0.58350000,0.59960000,2638819.51480000
2025-09-23 02:00:00,0.59960000,0.60150000,0.58000000,0.59720000,4556308.55560000
2025-09-23 06:00:00,0.59720000,0.60980000,0.59130000,0.60700000,3833287.32730000
2025-09-23 10:00:00,0.60700000,0.61770000,0.60630000,0.61430000,4485627.65700000
2025-09-23 14:00:00,0.61430000,0.61710000,0.60620000,0.61250000,4121520.98250000
2025-09-23 18:00:00,0.61250000,0.61930000,0.59730000,0.60070000,5949575.80290000
2025-09-23 22:00:00,0.60070000,0.60900000,0.59720000,0.60240000,3078091.96280000
2025-09-24 02:00:00,0.60240000,0.61650000,0.59760000,0.59810000,3973291.33830000
2025-09-24 06:00:00,0.59810000,0.60770000,0.58880000,0.60300000,6924271.36400000
2025-09-24 10:00:00,0.60300000,0.60950000,0.59270000,0.60670000,3580845.92030000
2025-09-24 14:00:00,0.60670000,0.61290000,0.59690000,0.59760000,4008883.78510000
2025-09-24 18:00:00,0.59760000,0.60360000,0.59580000,0.59940000,2700958.10570000
2025-09-24 22:00:00,0.59940000,0.60310000,0.58660000,0.59370000,3166433.77020000
2025-09-25 02:00:00,0.59370000,0.59830000,0.58440000,0.59550000,4953253.55780000
2025-09-25 06:00:00,0.59550000,0.60520000,0.57730000,0.57920000,7618425.75940000
2025-09-25 10:00:00,0.57920000,0.58480000,0.56900000,0.57080000,4107058.20000000
2025-09-25 14:00:00,0.57080000,0.58390000,0.56310000,0.57570000,8270132.05930000
2025-09-25 18:00:00,0.57570000,0.58050000,0.54930000,0.57480000,9549272.71650000
2025-09-25 22:00:00,0.57480000,0.57620000,0.56230000,0.56640000,3725071.65690000
2025-09-26 02:00:00,0.56640000,0.58360000,0.56630000,0.57940000,3551023.20330000
2025-09-26 06:00:00,0.57940000,0.58370000,0.57060000,0.58170000,3340867.66510000
2025-09-26 10:00:00,0.58170000,0.58520000,0.56620000,0.56960000,4780118.64130000
2025-09-26 14:00:00,0.56960000,0.58140000,0.56210000,0.57780000,6854619.01840000
2025-09-26 18:00:00,0.57780000,0.59440000,0.57660000,0.58810000,4004920.57870000
2025-09-26 22:00:00,0.58810000,0.59740000,0.58550000,0.59710000,2053352.57350000
2025-09-27 02:00:00,0.59710000,0.59820000,0.58800000,0.59020000,1700278.83030000
2025-09-27 06:00:00,0.59020000,0.59310000,0.58430000,0.58520000,1309491.80750000
2025-09-27 10:00:00,0.58520000,0.58510000,0.57620000,0.57860000,2515615.77570000
2025-09-27 14:00:00,0.57860000,0.58280000,0.57190000,0.57910000,2630694.09200000
2025-09-27 18:00:00,0.57910000,0.57920000,0.57130000,0.57610000,1760752.71610000
2025-09-27 22:00:00,0.57610000,0.58680000,0.57460000,0.57790000,1958036.25230000
2025-09-28 02:00:00,0.57790000,0.57960000,0.56860000,0.57130000,1921139.06050000
2025-09-28 06:00:00,0.57130000,0.57330000,0.56400000,0.56730000,1322233.98880000
2025-09-28 10:00:00,0.56730000,0.57090000,0.56130000,0.56350000,1824689.41200000
2025-09-28 14:00:00,0.56350000,0.57320000,0.55810000,0.57170000,2307892.18300000
2025-09-28 18:00:00,0.57170000,0.59030000,0.57170000,0.58850000,3522604.68570000
2025-09-28 22:00:00,0.58850000,0.60320000,0.58640000,0.59950000,5059639.10530000
2025-09-29 02:00:00,0.59950000,0.59990000,0.58540000,0.58960000,2859059.38750000
2025-09-29 06:00:00,0.58960000,0.58990000,0.57580000,0.57880000,2101089.76740000
2025-09-29 10:00:00,0.57880000,0.58270000,0.56090000,0.56690000,4155375.89350000
2025-09-29 14:00:00,0.56690000,0.58450000,0.55760000,0.56850000,7003194.76990000
2025-09-29 18:00:00,0.56850000,0.57080000,0.55520000,0.56700000,5525627.20910000
2025-09-29 22:00:00,0.56700000,0.57480000,0.56130000,0.56430000,3782469.16280000
2025-09-30 02:00:00,0.56430000,0.56780000,0.55560000,0.55690000,2730129.42030000
2025-09-30 06:00:00,0.55690000,0.56110000,0.54340000,0.54530000,4845714.53190000
2025-09-30 10:00:00,0.54530000,0.54810000,0.53660000,0.54760000,4996373.44010000
2025-09-30 14:00:00,0.54760000,0.55270000,0.53960000,0.54590000,4522668.28970000
2025-09-30 18:00:00,0.54590000,0.55940000,0.53430000,0.55740000,5826848.06110000
2025-09-30 22:00:00,0.55740000,0.56280000,0.55430000,0.55870000,2683294.71630000
2025-10-01 02:00:00,0.55870000,0.56780000,0.55590000,0.56130000,1819086.70370000
2025-10-01 06:00:00,0.56130000,0.57190000,0.56040000,0.56410000,2334970.00900000
2025-10-01 10:00:00,0.56410000,0.59840000,0.56350000,0.59090000,7556204.06170000
2025-10-01 14:00:00,0.59090000,0.59190000,0.57770000,0.58230000,4437090.92830000
2025-10-01 18:00:00,0.58230000,0.58690000,0.57840000,0.58020000,2566804.09240000
2025-10-01 22:00:00,0.58020000,0.58140000,0.57190000,0.58070000,2347429.64130000
2025-10-02 02:00:00,0.58070000,0.60160000,0.57670000,0.59360000,4291090.22990000
2025-10-02 06:00:00,0.59360000,0.60590000,0.58850000,0.60060000,3708430.84620000
2025-10-02 10:00:00,0.60060000,0.63020000,0.59990000,0.62760000,5916992.11810000
2025-10-02 14:00:00,0.62760000,0.63250000,0.61140000,0.62360000,9679917.70930000
2025-10-02 18:00:00,0.62360000,0.65390000,0.62320000,0.64230000,10103946.44320000
2025-10-02 22:00:00,0.64230000,0.64740000,0.62470000,0.63100000,6379147.57380000
2025-10-03 02:00:00,0.63100000,0.63170000,0.61270000,0.61510000,4330747.48860000
2025-10-03 06:00:00,0.61510000,0.62020000,0.60550000,0.60820000,3181014.09090000
2025-10-03 10:00:00,0.60820000,0.61430000,0.60260000,0.61010000,4181757.36010000
2025-10-03 14:00:00,0.61010000,0.62540000,0.60570000,0.62420000,5936215.35290000
2025-10-03 18:00:00,0.62420000,0.63460000,0.60660000,0.61610000,10930883.38930000
2025-10-03 22:00:00,0.61610000,0.62280000,0.61210000,0.61600000,2096987.74390000
2025-10-04 02:00:00,0.61600000,0.61830000,0.60480000,0.60750000,2080642.52480000
2025-10-04 06:00:00,0.60750000,0.61920000,0.60470000,0.61210000,2039129.58850000
2025-10-04 10:00:00,0.61210000,0.61480000,0.59130000,0.59540000,4701439.20830000
2025-10-04 14:00:00,0.59540000,0.59760000,0.58040000,0.58110000,6532959.52030000
2025-10-04 18:00:00,0.58110000,0.58670000,0.58100000,0.58530000,2488520.89130000
2025-10-04 22:00:00,0.58530000,0.59050000,0.58520000,0.58880000,1374740.15060000
2025-10-05 02:00:00,0.58880000,0.61350000,0.58330000,0.61120000,4212105.50610000
2025-10-05 06:00:00,0.61120000,0.62790000,0.60820000,0.62790000,5310328.64680000
2025-10-05 10:00:00,0.62790000,0.63040000,0.60390000,0.60840000,6294863.95760000
2025-10-05 14:00:00,0.60840000,0.60830000,0.59740000,0.60310000,3256999.47990000
2025-10-05 18:00:00,0.60310000,0.60750000,0.58230000,0.58330000,5348894.82760000
2025-10-05 22:00:00,0.58330000,0.58900000,0.58070000,0.58370000,2673977.29790000
2025-10-06 02:00:00,0.58370000,0.58950000,0.57710000,0.57960000,5172577.98050000
2025-10-06 06:00:00,0.57960000,0.58030000,0.56570000,0.57150000,6129539.58850000
2025-10-06 10:00:00,0.57150000,0.58890000,0.57150000,0.58190000,5064109.83620000
2025-10-06 14:00:00,0.58190000,0.59530000,0.57890000,0.59060000,7579199.40300000
2025-10-06 18:00:00,0.59060000,0.60950000,0.58580000,0.60420000,7528497.10960000
2025-10-06 22:00:00,0.60420000,0.61040000,0.59730000,0.60300000,4585715.38590000
2025-10-07 02:00:00,0.60300000,0.60950000,0.59630000,0.60030000,3467692.90930000
2025-10-07 06:00:00,0.60030000,0.60750000,0.58850000,0.59130000,5569289.48870000
2025-10-07 10:00:00,0.59130000,0.59670000,0.58090000,0.59550000,4298554.19060000
2025-10-07 14:00:00,0.59550000,0.60810000,0.55720000,0.56090000,15956551.85840000
2025-10-07 18:00:00,0.56090000,0.56660000,0.55030000,0.55340000,9166491.55580000
2025-10-07 22:00:00,0.55340000,0.55920000,0.54230000,0.54430000,4891145.94670000
2025-10-08 02:00:00,0.54430000,0.55170000,0.53470000,0.53740000,5374632.37220000
2025-10-08 06:00:00,0.53740000,0.54170000,0.53220000,0.53890000,3401690.30900000
2025-10-08 10:00:00,0.53890000,0.54490000,0.53630000,0.53940000,4104357.37000000
2025-10-08 14:00:00,0.53940000,0.56240000,0.53530000,0.55990000,10491127.77710000
2025-10-08 18:00:00,0.55990000,0.57710000,0.55680000,0.57570000,10086891.66830000
2025-10-08 22:00:00,0.57570000,0.58000000,0.56940000,0.57680000,4367722.67670000
2025-10-09 02:00:00,0.57680000,0.57860000,0.55610000,0.56530000,4789655.94310000
2025-10-09 06:00:00,0.56530000,0.57420000,0.56420000,0.56470000,2830141.55260000
2025-10-09 10:00:00,0.56470000,0.56770000,0.55200000,0.55750000,4892169.07390000
2025-10-09 14:00:00,0.55750000,0.56570000,0.53640000,0.54170000,8810221.22120000
2025-10-09 18:00:00,0.54170000,0.55070000,0.53720000,0.54640000,3647891.64280000
2025-10-09 22:00:00,0.54640000,0.55140000,0.54550000,0.54640000,1722240.54610000
2025-10-10 02:00:00,0.54640000,0.56980000,0.54370000,0.56220000,4379835.46150000
2025-10-10 06:00:00,0.56220000,0.56600000,0.54690000,0.54740000,5114355.76970000
2025-10-10 10:00:00,0.54740000,0.55740000,0.54320000,0.55550000,3702613.37870000
2025-10-10 14:00:00,0.55550000,0.56530000,0.52020000,0.52250000,11051836.58600000
2025-10-10 18:00:00,0.52250000,0.52870000,0.50320000,0.50940000,7912946.59980000
2025-10-10 22:00:00,0.50940000,0.51180000,0.16540000,0.43530000,32971394.44200000
2025-10-11 02:00:00,0.43530000,0.45840000,0.42350000,0.43590000,8429929.39330000
2025-10-11 06:00:00,0.43590000,0.44290000,0.42020000,0.42310000,4546527.94800000
2025-10-11 10:00:00,0.42310000,0.43960000,0.41540000,0.41950000,4527022.06290000
2025-10-11 14:00:00,0.41950000,0.42010000,0.39910000,0.40090000,5639760.77070000
2025-10-11 18:00:00,0.40090000,0.40390000,0.37160000,0.37390000,5765449.24380000
2025-10-11 22:00:00,0.37390000,0.37540000,0.35450000,0.36880000,6806165.15650000
2025-10-12 02:00:00,0.36880000,0.36980000,0.34580000,0.35550000,6437532.88620000
2025-10-12 06:00:00,0.35550000,0.37130000,0.35470000,0.36670000,4447606.85000000
2025-10-12 10:00:00,0.36670000,0.36990000,0.35660000,0.36720000,5415824.10100000
2025-10-12 14:00:00,0.36720000,0.40840000,0.36340000,0.39840000,12961994.30770000
2025-10-12 18:00:00,0.39840000,0.41940000,0.39610000,0.41670000,10560383.48670000
2025-10-12 22:00:00,0.41670000,0.42480000,0.40820000,0.41170000,5315375.29080000
2025-10-13 02:00:00,0.41170000,0.41860000,0.40210000,0.40320000,4122188.55050000
2025-10-13 06:00:00,0.40320000,0.43210000,0.39930000,0.43050000,4846817.06940000
2025-10-13 10:00:00,0.43050000,0.45000000,0.42250000,0.42620000,11252932.60680000
2025-10-13 14:00:00,0.42620000,0.44450000,0.42080000,0.42960000,10957548.21890000
2025-10-13 18:00:00,0.42960000,0.46420000,0.42810000,0.45680000,7266020.15790000
2025-10-13 22:00:00,0.45680000,0.47720000,0.45610000,0.46590000,5894283.85620000
2025-10-14 02:00:00,0.46590000,0.47860000,0.44670000,0.44760000,5505115.23210000
2025-10-14 06:00:00,0.44760000,0.45020000,0.41840000,0.42090000,6835621.86700000
2025-10-14 10:00:00,0.42090000,0.43240000,0.41410000,0.42420000,5828498.14910000
2025-10-14 14:00:00,0.42420000,0.43420000,0.41040000,0.43350000,7508465.76350000
2025-10-14 18:00:00,0.43350000,0.44580000,0.42540000,0.43290000,8552350.46570000
2025-10-14 22:00:00,0.43290000,0.44010000,0.42920000,0.43660000,2283248.82740000
2025-10-15 02:00:00,0.43660000,0.44710000,0.43270000,0.43780000,3975332.19710000
2025-10-15 06:00:00,0.43780000,0.45030000,0.43480000,0.44910000,4046668.19510000
2025-10-15 10:00:00,0.44910000,0.47140000,0.44560000,0.45600000,6628541.82320000
2025-10-15 14:00:00,0.45600000,0.46060000,0.43080000,0.43440000,7801479.08420000
2025-10-15 18:00:00,0.43440000,0.44260000,0.42540000,0.43310000,5305154.70760000
2025-10-15 22:00:00,0.43310000,0.43490000,0.41610000,0.41920000,5213932.84120000
2025-10-16 02:00:00,0.41920000,0.42930000,0.41560000,0.42180000,2629118.00890000
2025-10-16 06:00:00,0.42180000,0.42950000,0.41990000,0.42510000,1888949.64670000
2025-10-16 10:00:00,0.42510000,0.44350000,0.41130000,0.44080000,5305065.86280000
2025-10-16 14:00:00,0.44080000,0.44460000,0.40810000,0.41060000,6724309.98000000
2025-10-16 18:00:00,0.41060000,0.41580000,0.39760000,0.39990000,6028594.22040000
2025-10-16 22:00:00,0.39990000,0.40460000,0.39330000,0.40220000,2016956.22680000
2025-10-17 02:00:00,0.40220000,0.41050000,0.39830000,0.40930000,2198140.15730000
2025-10-17 06:00:00,0.40930000,0.41230000,0.38280000,0.38390000,6529539.23720000
2025-10-17 10:00:00,0.38390000,0.43390000,0.37860000,0.42300000,12379585.21890000
2025-10-17 14:00:00,0.42300000,0.43410000,0.41320000,0.43320000,6521186.71760000
2025-10-17 18:00:00,0.43320000,0.44840000,0.42480000,0.43860000,7965941.02710000
2025-10-17 22:00:00,0.43860000,0.44600000,0.43280000,0.43510000,2893314.82920000
2025-10-18 02:00:00,0.43510000,0.44820000,0.43320000,0.44410000,2844463.70330000
2025-10-18 06:00:00,0.44410000,0.47190000,0.43900000,0.45460000,6104339.61010000
2025-10-18 10:00:00,0.45460000,0.46230000,0.44550000,0.45970000,4268607.47190000
2025-10-18 14:00:00,0.45970000,0.47110000,0.45240000,0.46470000,4957571.31780000
2025-10-18 18:00:00,0.46470000,0.47150000,0.45370000,0.46750000,4060115.43070000
2025-10-18 22:00:00,0.46750000,0.47060000,0.46140000,0.46180000,2191601.73470000
2025-10-19 02:00:00,0.46180000,0.46380000,0.45490000,0.45930000,2362550.89060000
2025-10-19 06:00:00,0.45930000,0.45960000,0.45080000,0.45230000,1894856.43140000
2025-10-19 10:00:00,0.45230000,0.49550000,0.44580000,0.49400000,13293827.52660000
2025-10-19 14:00:00,0.49400000,0.50420000,0.48380000,0.49740000,8060237.87300000
2025-10-19 18:00:00,0.49740000,0.50610000,0.48970000,0.49610000,3880712.00690000
2025-10-19 22:00:00,0.49610000,0.49850000,0.48120000,0.48140000,2540377.72000000
2025-10-20 02:00:00,0.48140000,0.48440000,0.46520000,0.47500000,5481755.97730000
2025-10-20 06:00:00,0.47500000,0.47850000,0.46430000,0.46730000,6320274.33790000
2025-10-20 10:00:00,0.46730000,0.47190000,0.46290000,0.47050000,3178809.48240000
2025-10-20 14:00:00,0.47050000,0.47980000,0.46630000,0.46820000,7401739.35120000
2025-10-20 18:00:00,0.46820000,0.46840000,0.44840000,0.45090000,7412120.70150000
2025-10-20 22:00:00,0.45090000,0.45670000,0.44950000,0.45140000,1818191.29090000
2025-10-21 02:00:00,0.45140000,0.45340000,0.43820000,0.43870000,3065783.92120000
2025-10-21 06:00:00,0.43870000,0.45750000,0.43480000,0.45330000,5911986.39530000
2025-10-21 10:00:00,0.45330000,0.45440000,0.44400000,0.44660000,3123761.03110000
2025-10-21 14:00:00,0.44660000,0.47020000,0.43910000,0.46140000,10275211.48280000
2025-10-21 18:00:00,0.46140000,0.46570000,0.44310000,0.45920000,6684921.68880000
2025-10-21 22:00:00,0.45920000,0.47140000,0.45190000,0.45390000,5289647.49040000
2025-10-22 02:00:00,0.45390000,0.45590000,0.44410000,0.44910000,3099246.84130000
2025-10-22 06:00:00,0.44910000,0.45480000,0.43690000,0.45450000,5145786.30880000
2025-10-22 10:00:00,0.45450000,0.47500000,0.44540000,0.46540000,6925034.72600000
2025-10-22 14:00:00,0.46540000,0.46760000,0.41810000,0.43010000,12704469.37590000
2025-10-22 18:00:00,0.43010000,0.44460000,0.42720000,0.43390000,4844865.54490000
2025-10-22 22:00:00,0.43390000,0.43620000,0.41950000,0.43420000,3327724.17360000
2025-10-23 02:00:00,0.43420000,0.44530000,0.43310000,0.44430000,2121867.50390000
2025-10-23 06:00:00,0.44430000,0.46060000,0.44040000,0.45980000,3392015.29880000
2025-10-23 10:00:00,0.45980000,0.46880000,0.45770000,0.46190000,3859879.84140000
2025-10-23 14:00:00,0.46190000,0.47320000,0.45880000,0.46570000,5172879.89950000
2025-10-23 18:00:00,0.46570000,0.47590000,0.45320000,0.45630000,5279978.82130000
2025-10-23 22:00:00,0.45630000,0.45640000,0.44530000,0.45520000,2660161.78310000
2025-10-24 02:00:00,0.45520000,0.46090000,0.45200000,0.45410000,2692421.18570000
2025-10-24 06:00:00,0.45410000,0.47340000,0.45290000,0.46520000,4032315.06720000
2025-10-24 10:00:00,0.46520000,0.48000000,0.46260000,0.47350000,3564116.68880000
2025-10-24 14:00:00,0.47350000,0.48560000,0.46620000,0.47260000,5523531.77910000
2025-10-24 18:00:00,0.47260000,0.48270000,0.46520000,0.48060000,3014411.79610000
2025-10-24 22:00:00,0.48060000,0.48520000,0.47740000,0.48210000,1555799.45770000
2025-10-25 02:00:00,0.48210000,0.48180000,0.46950000,0.46970000,1767899.41380000
2025-10-25 06:00:00,0.46970000,0.47080000,0.46390000,0.46530000,1946438.27390000
2025-10-25 10:00:00,0.46530000,0.46650000,0.45820000,0.46210000,2752435.39740000
2025-10-25 14:00:00,0.46210000,0.46630000,0.45990000,0.46360000,3143916.52520000
2025-10-25 18:00:00,0.46360000,0.46820000,0.46090000,0.46690000,2296195.91890000
2025-10-25 22:00:00,0.46690000,0.47260000,0.46660000,0.47090000,1765015.99610000
2025-10-26 02:00:00,0.47090000,0.47100000,0.45740000,0.46050000,3070473.10710000
2025-10-26 05:00:00,0.46050000,0.46460000,0.45930000,0.46380000,827230.11270000
2025-10-26 09:00:00,0.46380000,0.48770000,0.46370000,0.48610000,4104272.29960000
2025-10-26 13:00:00,0.48610000,0.50190000,0.48220000,0.49750000,4796412.57880000
2025-10-26 17:00:00,0.49750000,0.50350000,0.49530000,0.50070000,2549835.71540000
2025-10-26 21:00:00,0.50070000,0.51780000,0.49770000,0.50930000,4562631.51060000
2025-10-27 01:00:00,0.50930000,0.52310000,0.50680000,0.52050000,2621504.64160000
2025-10-27 05:00:00,0.52050000,0.53390000,0.51340000,0.52690000,4315843.14820000
2025-10-27 09:00:00,0.52690000,0.53240000,0.50310000,0.50780000,6288811.37220000
2025-10-27 13:00:00,0.50780000,0.50770000,0.49380000,0.50230000,4537631.20620000
2025-10-27 17:00:00,0.50230000,0.51420000,0.50110000,0.50440000,3452191.12830000
2025-10-27 21:00:00,0.50440000,0.51010000,0.49890000,0.50080000,1957861.82490000
2025-10-28 01:00:00,0.50080000,0.50290000,0.49290000,0.49620000,1987464.66770000
2025-10-28 05:00:00,0.49620000,0.49930000,0.49030000,0.49230000,1784788.68230000
2025-10-28 09:00:00,0.49230000,0.50010000,0.49030000,0.49210000,2324906.47810000
2025-10-28 13:00:00,0.49210000,0.50360000,0.47490000,0.47860000,7030340.79710000
2025-10-28 17:00:00,0.47860000,0.48190000,0.45950000,0.46130000,7341711.96900000
2025-10-28 21:00:00,0.46130000,0.46560000,0.45770000,0.46010000,3864463.04660000
2025-10-29 01:00:00,0.46010000,0.46440000,0.45120000,0.45440000,1280937.75070000
2025-10-29 05:00:00,0.45440000,0.46540000,0.45140000,0.46010000,2898948.88780000
2025-10-29 09:00:00,0.46010000,0.46490000,0.45390000,0.46050000,2835836.04540000
2025-10-29 13:00:00,0.46050000,0.46350000,0.44510000,0.44910000,6416305.81180000
2025-10-29 17:00:00,0.44910000,0.45880000,0.43310000,0.45100000,8506767.78340000
2025-10-29 21:00:00,0.45100000,0.45620000,0.43860000,0.44260000,2672069.84120000
2025-10-30 01:00:00,0.44260000,0.44490000,0.42890000,0.43460000,3414273.77860000
2025-10-30 05:00:00,0.43460000,0.43460000,0.41550000,0.42940000,5551013.17980000
2025-10-30 09:00:00,0.42940000,0.43080000,0.41600000,0.41720000,2884427.21270000
2025-10-30 13:00:00,0.41720000,0.41970000,0.39660000,0.39830000,8171224.85700000
2025-10-30 17:00:00,0.39830000,0.40170000,0.38070000,0.38670000,5860847.35810000
2025-10-30 21:00:00,0.38670000,0.39600000,0.38560000,0.39350000,2984280.33570000
2025-10-31 01:00:00,0.39350000,0.39930000,0.39100000,0.39600000,2650550.78610000
2025-10-31 05:00:00,0.39600000,0.39950000,0.39350000,0.39590000,1959495.44130000
2025-10-31 09:00:00,0.39590000,0.40160000,0.39350000,0.40110000,1936312.65030000
2025-10-31 13:00:00,0.40110000,0.40470000,0.39510000,0.39860000,3664367.74510000
2025-10-31 17:00:00,0.39860000,0.39930000,0.38820000,0.39640000,3632885.36930000
2025-10-31 21:00:00,0.39640000,0.39740000,0.38860000,0.39170000,1683532.66040000
2025-11-01 01:00:00,0.39170000,0.39400000,0.38200000,0.39150000,2491673.23980000
2025-11-01 05:00:00,0.39150000,0.39210000,0.38540000,0.38970000,1267224.70640000
2025-11-01 09:00:00,0.38970000,0.39590000,0.38820000,0.39580000,1786361.48550000
2025-11-01 13:00:00,0.39580000,0.39990000,0.38640000,0.39150000,2771078.45650000
2025-11-01 17:00:00,0.39150000,0.39310000,0.38850000,0.39210000,1223060.29830000
2025-11-01 21:00:00,0.39210000,0.39370000,0.36820000,0.38720000,3135590.49370000
2025-11-02 01:00:00,0.38720000,0.38780000,0.38180000,0.38270000,1319179.47590000
2025-11-02 05:00:00,0.38270000,0.39580000,0.38210000,0.39230000,1937327.79680000
2025-11-02 09:00:00,0.39230000,0.39330000,0.38050000,0.38720000,2324629.02790000
2025-11-02 13:00:00,0.38720000,0.38780000,0.36210000,0.36230000,5540064.02500000
2025-11-02 17:00:00,0.36230000,0.37580000,0.36120000,0.36690000,2955788.47590000
2025-11-02 21:00:00,0.36690000,0.37760000,0.36480000,0.37390000,1919180.48320000
2025-11-03 01:00:00,0.37390000,0.37560000,0.35150000,0.35440000,4412741.24550000
2025-11-03 05:00:00,0.35440000,0.36420000,0.35020000,0.35870000,2922860.57170000
2025-11-03 09:00:00,0.35870000,0.36130000,0.35060000,0.35240000,2130969.13510000
2025-11-03 13:00:00,0.35240000,0.35810000,0.32240000,0.33340000,6804805.66050000
2025-11-03 17:00:00,0.33340000,0.34550000,0.33120000,0.33180000,2850340.40650000
2025-11-03 21:00:00,0.33180000,0.33490000,0.32490000,0.33270000,2120986.33020000
2025-11-04 01:00:00,0.33270000,0.34190000,0.32930000,0.33910000,1520485.19790000
2025-11-04 05:00:00,0.33910000,0.33970000,0.31920000,0.32360000,3896046.84950000
2025-11-04 09:00:00,0.32360000,0.33280000,0.32210000,0.32460000,3079640.50240000
2025-11-04 13:00:00,0.32460000,0.33320000,0.31730000,0.32370000,3974901.02580000
2025-11-04 17:00:00,0.32370000,0.32620000,0.31110000,0.31390000,5104495.58480000
2025-11-04 21:00:00,0.31390000,0.32420000,0.29710000,0.31820000,5719396.19040000
2025-11-05 01:00:00,0.31820000,0.32610000,0.29980000,0.32410000,2963374.39920000
2025-11-05 05:00:00,0.32410000,0.32650000,0.31850000,0.31990000,1464673.74050000
2025-11-05 09:00:00,0.31990000,0.32190000,0.31400000,0.32110000,1615930.67060000
2025-11-05 13:00:00,0.32110000,0.33180000,0.31770000,0.33150000,2984584.55610000
2025-11-05 17:00:00,0.33150000,0.34250000,0.32950000,0.33690000,2815270.34320000
2025-11-05 21:00:00,0.33690000,0.33910000,0.33090000,0.33190000,1395398.05750000
2025-11-06 01:00:00,0.33190000,0.33240000,0.32320000,0.32880000,1570246.94190000
2025-11-06 05:00:00,0.32880000,0.33140000,0.31870000,0.31990000,1586897.98230000
2025-11-06 09:00:00,0.31990000,0.32370000,0.31680000,0.31920000,1634207.34730000
2025-11-06 13:00:00,0.31920000,0.32650000,0.31190000,0.31350000,4506767.70760000
2025-11-06 17:00:00,0.31350000,0.32060000,0.30810000,0.31340000,2585519.35440000
2025-11-06 21:00:00,0.31340000,0.31560000,0.30660000,0.30920000,1566721.33110000
2025-11-07 01:00:00,0.30920000,0.31750000,0.30580000,0.31320000,1947046.18490000
2025-11-07 05:00:00,0.31320000,0.32120000,0.30970000,0.32010000,2126600.77080000
2025-11-07 09:00:00,0.32010000,0.32200000,0.30320000,0.30690000,2840562.09760000
2025-11-07 13:00:00,0.30690000,0.32170000,0.29760000,0.31660000,4602927.03190000
2025-11-07 17:00:00,0.31660000,0.34680000,0.31520000,0.33980000,5653333.14450000
2025-11-07 21:00:00,0.33980000,0.34290000,0.33210000,0.33380000,2408869.57430000
2025-11-08 01:00:00,0.33380000,0.33590000,0.32610000,0.32840000,2997845.81590000
2025-11-08 05:00:00,0.32840000,0.33570000,0.31880000,0.32250000,1975411.31820000
2025-11-08 09:00:00,0.32250000,0.32530000,0.31580000,0.32090000,1935784.78400000
2025-11-08 13:00:00,0.32090000,0.32350000,0.31010000,0.31160000,2164583.09040000
2025-11-08 17:00:00,0.31160000,0.31980000,0.30870000,0.31740000,1571510.88370000
2025-11-08 21:00:00,0.31740000,0.32180000,0.31530000,0.32030000,985831.63480000
2025-11-09 01:00:00,0.32030000,0.32100000,0.31070000,0.31330000,1618134.41890000
2025-11-09 05:00:00,0.31330000,0.32020000,0.31150000,0.31970000,865305.71010000
2025-11-09 09:00:00,0.31970000,0.32160000,0.31190000,0.31240000,2251726.36870000
2025-11-09 13:00:00,0.31240000,0.32990000,0.31080000,0.32430000,3319431.24750000
2025-11-09 17:00:00,0.32430000,0.33270000,0.32030000,0.33220000,1453538.08820000
2025-11-09 21:00:00,0.33220000,0.33290000,0.32520000,0.32660000,1568260.20870000
2025-11-10 01:00:00,0.32660000,0.34890000,0.32370000,0.34450000,3507720.20640000
2025-11-10 05:00:00,0.34450000,0.35040000,0.34110000,0.34520000,2203957.34200000
2025-11-10 09:00:00,0.34520000,0.35890000,0.33900000,0.35080000,3573807.86440000
2025-11-10 13:00:00,0.35080000,0.35390000,0.33350000,0.33530000,3863205.71740000
2025-11-10 17:00:00,0.33530000,0.33770000,0.32950000,0.33360000,2797571.94650000
2025-11-10 21:00:00,0.33360000,0.34410000,0.33040000,0.33940000,2870571.89780000
2025-11-11 01:00:00,0.33940000,0.35980000,0.33630000,0.35500000,4568353.44770000
2025-11-11 05:00:00,0.35500000,0.35690000,0.32920000,0.32960000,3220127.17780000
2025-11-11 09:00:00,0.32960000,0.33320000,0.32690000,0.33200000,2510399.16730000
2025-11-11 13:00:00,0.33200000,0.33470000,0.32210000,0.32340000,4055885.75120000
2025-11-11 17:00:00,0.32340000,0.32760000,0.31560000,0.31700000,2321409.21280000
2025-11-11 21:00:00,0.31700000,0.31840000,0.30760000,0.30900000,2458263.68160000
2025-11-12 01:00:00,0.30900000,0.31480000,0.30600000,0.31360000,2155193.84540000
2025-11-12 05:00:00,0.31360000,0.31640000,0.31110000,0.31160000,1090438.10910000
2025-11-12 09:00:00,0.31160000,0.33080000,0.31160000,0.32740000,3462403.95700000
2025-11-12 13:00:00,0.32740000,0.33390000,0.31430000,0.31580000,4632727.41590000
2025-11-12 17:00:00,0.31580000,0.31630000,0.30110000,0.30480000,4597285.77060000
2025-11-12 21:00:00,0.30480000,0.31000000,0.30330000,0.30700000,1470875.65350000
2025-11-13 01:00:00,0.30700000,0.31970000,0.30510000,0.31650000,1874327.63780000
2025-11-13 05:00:00,0.31650000,0.32480000,0.31290000,0.31960000,2218139.64130000
2025-11-13 09:00:00,0.31960000,0.32220000,0.31390000,0.31630000,1632534.07140000
2025-11-13 13:00:00,0.31630000,0.31860000,0.30650000,0.30930000,3540304.22380000
2025-11-13 17:00:00,0.30930000,0.31010000,0.28260000,0.28440000,5171166.36520000
2025-11-13 21:00:00,0.28440000,0.29560000,0.28140000,0.29080000,3181822.71840000
2025-11-14 01:00:00,0.29080000,0.29920000,0.28800000,0.29380000,1718648.19660000
2025-11-14 05:00:00,0.29380000,0.29460000,0.27800000,0.29130000,3833497.54530000
2025-11-14 09:00:00,0.29130000,0.29280000,0.28440000,0.28640000,1672179.63520000
2025-11-14 13:00:00,0.28640000,0.29020000,0.28010000,0.28540000,3518026.66440000
2025-11-14 17:00:00,0.28540000,0.29100000,0.27950000,0.28950000,3229210.05210000
2025-11-14 21:00:00,0.28950000,0.29020000,0.27090000,0.27640000,2720671.07740000
2025-11-15 01:00:00,0.27640000,0.28460000,0.27590000,0.28070000,2016623.46400000
2025-11-15 05:00:00,0.28070000,0.28290000,0.27740000,0.27900000,1064961.67420000
2025-11-15 09:00:00,0.27900000,0.27940000,0.27130000,0.27430000,2004229.42200000
2025-11-15 13:00:00,0.27430000,0.28120000,0.27360000,0.27910000,1529040.45920000
2025-11-15 17:00:00,0.27910000,0.28370000,0.27610000,0.28020000,1411647.07420000
2025-11-15 21:00:00,0.28020000,0.28020000,0.27290000,0.27550000,1239416.00530000
2025-11-16 01:00:00,0.27550000,0.27710000,0.26610000,0.27570000,2084953.44280000
2025-11-16 05:00:00,0.27570000,0.27890000,0.27320000,0.27810000,906046.17230000
2025-11-16 09:00:00,0.27810000,0.27970000,0.26870000,0.27000000,1466727.59290000
2025-11-16 13:00:00,0.27000000,0.27200000,0.25990000,0.26070000,3214118.49650000
2025-11-16 17:00:00,0.26070000,0.26370000,0.25370000,0.25950000,3799514.30020000
2025-11-16 21:00:00,0.25950000,0.27750000,0.25690000,0.27490000,2772955.94790000
2025-11-17 01:00:00,0.27490000,0.27970000,0.26910000,0.27660000,2227647.62470000
2025-11-17 05:00:00,0.27660000,0.28130000,0.27420000,0.28080000,1315040.57810000
2025-11-17 09:00:00,0.28080000,0.28540000,0.27780000,0.27900000,2062923.15760000
2025-11-17 13:00:00,0.27900000,0.28310000,0.26510000,0.26590000,4839019.46950000
2025-11-17 17:00:00,0.26590000,0.27150000,0.25580000,0.25900000,4294685.48530000
2025-11-17 21:00:00,0.25900000,0.26170000,0.25650000,0.25960000,1651623.31040000
2025-11-18 01:00:00,0.25960000,0.26380000,0.25260000,0.26230000,2714826.92330000
2025-11-18 05:00:00,0.26230000,0.26740000,0.25740000,0.26560000,1976243.69340000
2025-11-18 09:00:00,0.26560000,0.27030000,0.26120000,0.26780000,1951936.39690000
2025-11-18 13:00:00,0.26780000,0.27990000,0.26450000,0.27370000,3201102.53500000
2025-11-18 17:00:00,0.27370000,0.27970000,0.27160000,0.27610000,2078337.16710000
2025-11-18 21:00:00,0.27610000,0.27920000,0.27420000,0.27750000,862145.90770000
2025-11-19 01:00:00,0.27750000,0.28170000,0.27320000,0.27560000,1608710.17750000
2025-11-19 05:00:00,0.27560000,0.27640000,0.26500000,0.27370000,1974506.70490000
2025-11-19 09:00:00,0.27370000,0.27430000,0.26830000,0.27230000,1384532.49500000
2025-11-19 13:00:00,0.27230000,0.27380000,0.26180000,0.26220000,2570079.27010000
2025-11-19 17:00:00,0.26220000,0.26420000,0.25050000,0.25230000,3535586.05460000
2025-11-19 21:00:00,0.25230000,0.27040000,0.25160000,0.26880000,2176726.19080000
2025-11-20 01:00:00,0.26880000,0.27420000,0.26700000,0.27080000,1239436.07960000
2025-11-20 05:00:00,0.27080000,0.27440000,0.26880000,0.27410000,1003284.00570000
2025-11-20 09:00:00,0.27410000,0.27430000,0.26830000,0.27090000,1068449.83970000
2025-11-20 13:00:00,0.27090000,0.27610000,0.26760000,0.26860000,2585899.44790000
2025-11-20 17:00:00,0.26860000,0.26910000,0.24760000,0.25560000,4734612.05730000
2025-11-20 21:00:00,0.25560000,0.26220000,0.25150000,0.25340000,1650222.21860000
2025-11-21 01:00:00,0.25340000,0.25990000,0.24810000,0.25140000,1743161.40450000
2025-11-21 05:00:00,0.25140000,0.25260000,0.21580000,0.23200000,5103135.29280000
2025-11-21 09:00:00,0.23200000,0.23590000,0.22570000,0.22690000,3933244.19960000
2025-11-21 13:00:00,0.22690000,0.24190000,0.22180000,0.23630000,4834251.23450000
2025-11-21 17:00:00,0.23630000,0.24760000,0.23340000,0.23910000,2674598.35230000
2025-11-21 21:00:00,0.23910000,0.24050000,0.22970000,0.23720000,1886551.46940000
2025-11-22 01:00:00,0.23720000,0.23950000,0.23370000,0.23670000,1380514.56460000
2025-11-22 05:00:00,0.23670000,0.23670000,0.22930000,0.23270000,1125768.47630000
2025-11-22 09:00:00,0.23270000,0.23350000,0.22750000,0.23070000,1117007.51150000
2025-11-22 13:00:00,0.23070000,0.23280000,0.22570000,0.22930000,1776177.25290000
2025-11-22 17:00:00,0.22930000,0.23470000,0.22910000,0.23170000,1191233.65170000
2025-11-22 21:00:00,0.23170000,0.23720000,0.22950000,0.23280000,922674.97610000
2025-11-23 01:00:00,0.23280000,0.23820000,0.23270000,0.23630000,1169889.10990000
2025-11-23 05:00:00,0.23630000,0.24120000,0.23430000,0.23590000,1203253.70250000
2025-11-23 09:00:00,0.23590000,0.23840000,0.23440000,0.23590000,754476.07750000
2025-11-23 13:00:00,0.23590000,0.24070000,0.23530000,0.23940000,1213748.38780000
2025-11-23 17:00:00,0.23940000,0.24220000,0.23610000,0.24010000,1232273.33730000
2025-11-23 21:00:00,0.24010000,0.24140000,0.23580000,0.23670000,790541.02040000
2025-11-24 01:00:00,0.23670000,0.24730000,0.23360000,0.24430000,1864103.63130000
2025-11-24 05:00:00,0.24430000,0.24890000,0.24030000,0.24430000,1960416.16470000
2025-11-24 09:00:00,0.24430000,0.24560000,0.23810000,0.24380000,2527466.80900000
2025-11-24 13:00:00,0.24380000,0.24770000,0.24010000,0.24640000,2260727.96740000
2025-11-24 17:00:00,0.24640000,0.25680000,0.24590000,0.25510000,2588347.32220000
2025-11-24 21:00:00,0.25510000,0.26530000,0.25480000,0.26360000,1920626.46660000
2025-11-25 01:00:00,0.26360000,0.26630000,0.25920000,0.26240000,1443182.70090000
2025-11-25 05:00:00,0.26240000,0.27050000,0.25820000,0.25850000,2052856.79190000
2025-11-25 09:00:00,0.25850000,0.27350000,0.25840000,0.27310000,2416034.67070000
2025-11-25 13:00:00,0.27310000,0.28150000,0.27000000,0.27420000,5843401.85520000
2025-11-25 17:00:00,0.27420000,0.28720000,0.27240000,0.28040000,3677212.98230000
2025-11-25 21:00:00,0.28040000,0.28650000,0.27610000,0.28330000,2829510.74690000
2025-11-26 01:00:00,0.28330000,0.29520000,0.28150000,0.28830000,2991545.38560000
2025-11-26 05:00:00,0.28830000,0.29870000,0.28790000,0.29870000,2761844.21730000
2025-11-26 09:00:00,0.29870000,0.29870000,0.28470000,0.28770000,3293771.24270000
2025-11-26 13:00:00,0.28770000,0.28910000,0.27210000,0.27350000,4453862.30100000
2025-11-26 17:00:00,0.27350000,0.28690000,0.27270000,0.28130000,3145622.46610000
2025-11-26 21:00:00,0.28130000,0.28440000,0.27750000,0.28040000,1556660.32820000
2025-11-27 01:00:00,0.28040000,0.28820000,0.27820000,0.27860000,1986121.07850000
2025-11-27 05:00:00,0.27860000,0.28170000,0.27710000,0.27940000,1024479.50670000
2025-11-27 09:00:00,0.27940000,0.28300000,0.27470000,0.28180000,1236256.13060000
2025-11-27 13:00:00,0.28180000,0.28750000,0.27890000,0.28590000,1902649.64430000
2025-11-27 17:00:00,0.28590000,0.29610000,0.28470000,0.29190000,2919907.04970000
2025-11-27 21:00:00,0.29190000,0.29340000,0.28510000,0.28560000,1355733.08580000
2025-11-28 01:00:00,0.28560000,0.28800000,0.27820000,0.28000000,1522972.89140000
2025-11-28 05:00:00,0.28000000,0.28250000,0.27800000,0.27810000,1057643.07560000
2025-11-28 09:00:00,0.27810000,0.29430000,0.27810000,0.28820000,3175630.31490000
2025-11-28 13:00:00,0.28820000,0.29470000,0.28620000,0.28790000,2231829.32930000
2025-11-28 17:00:00,0.28790000,0.28800000,0.27610000,0.28120000,2633385.91510000
2025-11-28 21:00:00,0.28120000,0.28380000,0.27870000,0.28170000,814096.61260000
2025-11-29 01:00:00,0.28170000,0.28790000,0.28070000,0.28250000,906619.93750000
2025-11-29 05:00:00,0.28250000,0.28290000,0.27730000,0.27980000,1227651.71300000
2025-11-29 09:00:00,0.27980000,0.28140000,0.27640000,0.28090000,1017402.80520000
2025-11-29 13:00:00,0.28090000,0.28300000,0.27720000,0.28220000,1172385.38230000
2025-11-29 17:00:00,0.28220000,0.28470000,0.27870000,0.28310000,1385807.18260000
2025-11-29 21:00:00,0.28310000,0.28700000,0.28100000,0.28350000,1100660.52440000
2025-11-30 01:00:00,0.28350000,0.30120000,0.28270000,0.29530000,2655712.59440000
2025-11-30 05:00:00,0.29530000,0.29750000,0.28760000,0.28910000,1974178.36840000
2025-11-30 09:00:00,0.28910000,0.29010000,0.27650000,0.27720000,2332753.80220000
2025-11-30 13:00:00,0.27720000,0.28170000,0.26740000,0.26890000,3638652.18230000
2025-11-30 17:00:00,0.26890000,0.27290000,0.26840000,0.27100000,1401446.02650000
2025-11-30 21:00:00,0.27100000,0.27170000,0.25810000,0.25860000,2666615.71620000
2025-12-01 01:00:00,0.25860000,0.25930000,0.24270000,0.24310000,4017029.21240000
2025-12-01 05:00:00,0.24310000,0.24440000,0.23550000,0.23950000,2239792.21810000
2025-12-01 09:00:00,0.23950000,0.24070000,0.23640000,0.23910000,1629130.07590000
2025-12-01 13:00:00,0.23910000,0.24470000,0.23530000,0.23990000,3491252.02700000
2025-12-01 17:00:00,0.23990000,0.24420000,0.23510000,0.23960000,2015434.85890000
2025-12-01 21:00:00,0.23960000,0.24490000,0.23920000,0.24280000,1278818.47210000
2025-12-02 01:00:00,0.24280000,0.24380000,0.23710000,0.23860000,1265775.32630000
2025-12-02 05:00:00,0.23860000,0.24210000,0.23720000,0.23970000,974994.79960000
2025-12-02 09:00:00,0.23970000,0.24010000,0.23180000,0.23840000,2180169.52600000
2025-12-02 13:00:00,0.23840000,0.26510000,0.23670000,0.26100000,5612658.08370000
2025-12-02 17:00:00,0.26100000,0.26770000,0.25500000,0.26280000,3279005.84520000
2025-12-02 21:00:00,0.26280000,0.27720000,0.25980000,0.26940000,3149767.42440000
2025-12-03 01:00:00,0.26940000,0.27840000,0.26730000,0.27560000,2169467.17670000
2025-12-03 05:00:00,0.27560000,0.28000000,0.27260000,0.27820000,2168810.11330000
2025-12-03 09:00:00,0.27820000,0.28060000,0.27240000,0.27330000,1883512.63900000
2025-12-03 13:00:00,0.27330000,0.28420000,0.27100000,0.28340000,3286090.63250000
2025-12-03 17:00:00,0.28340000,0.29540000,0.27850000,0.28890000,4333099.14300000
2025-12-03 21:00:00,0.28890000,0.29940000,0.28720000,0.29680000,2921541.80870000
2025-12-04 01:00:00,0.29680000,0.30260000,0.29210000,0.29320000,3073688.23350000
2025-12-04 05:00:00,0.29320000,0.29600000,0.29070000,0.29100000,1552110.24430000
2025-12-04 09:00:00,0.29100000,0.29620000,0.28590000,0.28940000,2660663.34000000
2025-12-04 13:00:00,0.28940000,0.29110000,0.28190000,0.29000000,2452993.23970000
2025-12-04 17:00:00,0.29000000,0.29090000,0.28130000,0.28540000,2578262.68210000
2025-12-04 21:00:00,0.28540000,0.28680000,0.28220000,0.28340000,1105671.70400000
2025-12-05 01:00:00,0.28340000,0.28840000,0.28060000,0.28280000,1563947.23490000
2025-12-05 05:00:00,0.28280000,0.28510000,0.27990000,0.28390000,1172501.91560000
2025-12-05 09:00:00,0.28390000,0.28500000,0.27590000,0.27660000,1880086.07890000
2025-12-05 13:00:00,0.27660000,0.27950000,0.26890000,0.27030000,3651233.07960000
2025-12-05 17:00:00,0.27030000,0.27040000,0.25490000,0.25740000,7118668.72770000
2025-12-05 21:00:00,0.25740000,0.26180000,0.25670000,0.25980000,1333600.38220000
2025-12-06 01:00:00,0.25980000,0.26060000,0.25740000,0.26010000,776682.02590000
2025-12-06 05:00:00,0.26010000,0.26240000,0.25860000,0.25980000,705185.87030000
2025-12-06 09:00:00,0.25980000,0.26010000,0.25610000,0.25710000,832498.66680000
2025-12-06 13:00:00,0.25710000,0.26490000,0.25660000,0.26020000,1472418.16360000
2025-12-06 17:00:00,0.26020000,0.26740000,0.25980000,0.26290000,1407104.25080000
2025-12-06 21:00:00,0.26290000,0.26660000,0.26080000,0.26210000,993598.74560000
2025-12-07 01:00:00,0.26210000,0.26340000,0.26000000,0.26200000,572667.58120000
2025-12-07 05:00:00,0.26200000,0.26370000,0.25940000,0.26080000,550985.15480000
2025-12-07 09:00:00,0.26080000,0.26110000,0.25710000,0.25790000,1111034.88450000
2025-12-07 13:00:00,0.25790000,0.26200000,0.24980000,0.26170000,3314175.06540000
2025-12-07 17:00:00,0.26170000,0.27690000,0.25770000,0.27530000,3030358.33570000
2025-12-07 21:00:00,0.27530000,0.28220000,0.26390000,0.26730000,4339451.54910000
2025-12-08 01:00:00,0.26730000,0.27770000,0.26450000,0.27120000,3496675.69760000
2025-12-08 05:00:00,0.27120000,0.27800000,0.27040000,0.27690000,1169276.77190000
2025-12-08 09:00:00,0.27690000,0.28260000,0.27450000,0.27630000,1828673.18990000
2025-12-08 13:00:00,0.27630000,0.28380000,0.27300000,0.27440000,3724651.77930000
2025-12-08 17:00:00,0.27440000,0.28080000,0.27170000,0.27310000,2393472.14970000
2025-12-08 21:00:00,0.27310000,0.27740000,0.27070000,0.27250000,1320688.03430000
2025-12-09 01:00:00,0.27250000,0.27360000,0.26650000,0.27080000,1245719.78310000
2025-12-09 05:00:00,0.27080000,0.27240000,0.26540000,0.26890000,1167628.77120000
2025-12-09 09:00:00,0.26890000,0.27260000,0.26390000,0.26480000,2043728.79980000
2025-12-09 13:00:00,0.26480000,0.28390000,0.26360000,0.28080000,3408827.01410000
2025-12-09 17:00:00,0.28080000,0.29330000,0.28090000,0.28600000,3791998.90830000
2025-12-09 21:00:00,0.28600000,0.28620000,0.27570000,0.27920000,1976402.21120000
2025-12-10 01:00:00,0.27920000,0.28020000,0.27110000,0.27580000,1394653.86290000
2025-12-10 05:00:00,0.27580000,0.27740000,0.27170000,0.27310000,815498.26300000
2025-12-10 09:00:00,0.27310000,0.27670000,0.26610000,0.26760000,1923491.48340000
2025-12-10 13:00:00,0.26760000,0.26850000,0.26110000,0.26290000,2210165.90910000
2025-12-10 17:00:00,0.26290000,0.27310000,0.26180000,0.26890000,4218450.97590000
2025-12-10 21:00:00,0.26890000,0.27930000,0.25610000,0.25930000,3766093.33870000
2025-12-11 01:00:00,0.25930000,0.25990000,0.24650000,0.24730000,3811696.43840000
2025-12-11 05:00:00,0.24730000,0.25140000,0.24610000,0.25030000,1490074.13250000
2025-12-11 09:00:00,0.25030000,0.25270000,0.24800000,0.25270000,1181627.48270000
2025-12-11 13:00:00,0.25270000,0.25770000,0.25150000,0.25290000,2093463.04750000
2025-12-11 17:00:00,0.25290000,0.25990000,0.25040000,0.25620000,1740678.62950000
2025-12-11 21:00:00,0.25620000,0.26770000,0.25590000,0.26490000,3390253.55190000
2025-12-12 01:00:00,0.26490000,0.26720000,0.26130000,0.26390000,1416882.55230000
2025-12-12 05:00:00,0.26390000,0.26650000,0.26170000,0.26250000,1197732.22130000
2025-12-12 09:00:00,0.26250000,0.26650000,0.26070000,0.26580000,1131765.91280000
2025-12-12 13:00:00,0.26580000,0.26670000,0.24970000,0.25100000,3122842.78680000
2025-12-12 17:00:00,0.25100000,0.25180000,0.24520000,0.24660000,3019533.33400000
2025-12-12 21:00:00,0.24660000,0.25030000,0.24580000,0.24820000,905967.97920000
2025-12-13 01:00:00,0.24820000,0.24990000,0.24770000,0.24840000,574109.60580000
2025-12-13 05:00:00,0.24840000,0.24960000,0.24780000,0.24940000,623622.01180000
2025-12-13 09:00:00,0.24940000,0.25260000,0.24810000,0.24880000,1146423.79970000
2025-12-13 13:00:00,0.24880000,0.24960000,0.24520000,0.24810000,1486982.21120000
2025-12-13 17:00:00,0.24810000,0.24960000,0.24570000,0.24680000,957082.07700000
2025-12-13 21:00:00,0.24680000,0.24810000,0.24330000,0.24690000,1264329.30800000
2025-12-14 01:00:00,0.24690000,0.24690000,0.24470000,0.24480000,599922.72010000
2025-12-14 05:00:00,0.24480000,0.24530000,0.24140000,0.24300000,912017.13400000
2025-12-14 09:00:00,0.24300000,0.24370000,0.23760000,0.23980000,1786020.74200000
2025-12-14 13:00:00,0.23980000,0.24160000,0.23640000,0.23770000,1864115.26270000
2025-12-14 17:00:00,0.23770000,0.23980000,0.23320000,0.23380000,2200064.81630000
2025-12-14 21:00:00,0.23380000,0.23570000,0.23060000,0.23430000,2025670.96140000
2025-12-15 01:00:00,0.23430000,0.24110000,0.23380000,0.23720000,1628319.22050000
2025-12-15 05:00:00,0.23720000,0.23980000,0.23560000,0.23750000,769842.06180000
2025-12-15 09:00:00,0.23750000,0.23920000,0.23560000,0.23570000,930474.03650000
2025-12-15 13:00:00,0.23570000,0.23780000,0.22210000,0.22270000,5103042.02380000
2025-12-15 17:00:00,0.22270000,0.22380000,0.21510000,0.21850000,3541813.30980000
2025-12-15 21:00:00,0.21850000,0.21960000,0.21620000,0.21860000,2027722.27550000
2025-12-16 01:00:00,0.21860000,0.21970000,0.21410000,0.21590000,1381430.47270000
2025-12-16 05:00:00,0.21590000,0.21820000,0.21090000,0.21460000,1790593.50060000
2025-12-16 09:00:00,0.21460000,0.22330000,0.21450000,0.22290000,2383790.99360000
2025-12-16 13:00:00,0.22290000,0.22630000,0.21770000,0.22560000,3424109.22210000
2025-12-16 17:00:00,0.22560000,0.22570000,0.21690000,0.21880000,2349080.41130000
2025-12-16 21:00:00,0.21880000,0.22030000,0.21740000,0.21820000,1034052.70770000
2025-12-17 01:00:00,0.21820000,0.21830000,0.21330000,0.21390000,1336348.82380000
2025-12-17 05:00:00,0.21390000,0.21560000,0.21150000,0.21520000,1723443.64650000
2025-12-17 09:00:00,0.21520000,0.21530000,0.20910000,0.21090000,2103244.17580000
2025-12-17 13:00:00,0.21090000,0.22050000,0.20640000,0.20890000,5273468.41440000
2025-12-17 17:00:00,0.20890000,0.21020000,0.19970000,0.20380000,4159484.99450000
2025-12-17 21:00:00,0.20380000,0.20580000,0.20060000,0.20420000,999638.68590000
2025-12-18 01:00:00,0.20420000,0.20470000,0.20070000,0.20200000,884843.57400000
2025-12-18 05:00:00,0.20200000,0.20290000,0.19990000,0.20150000,976308.36060000
2025-12-18 09:00:00,0.20150000,0.20470000,0.20110000,0.20440000,1020449.70220000
2025-12-18 13:00:00,0.20440000,0.21360000,0.20330000,0.20990000,4154817.38110000
2025-12-18 17:00:00,0.20990000,0.21050000,0.19120000,0.19190000,4916052.03250000
2025-12-18 21:00:00,0.19190000,0.19780000,0.19180000,0.19740000,1559370.65510000
2025-12-19 01:00:00,0.19740000,0.20180000,0.19110000,0.19940000,2840959.98720000
2025-12-19 05:00:00,0.19940000,0.20840000,0.19860000,0.20390000,2402823.27860000
2025-12-19 09:00:00,0.20390000,0.20490000,0.20270000,0.20430000,1097484.76950000
2025-12-19 13:00:00,0.20430000,0.21050000,0.20290000,0.20590000,2603214.70400000
2025-12-19 17:00:00,0.20590000,0.21330000,0.20500000,0.21160000,2705281.00680000
2025-12-19 21:00:00,0.21160000,0.21250000,0.20840000,0.20900000,1375622.14890000
2025-12-20 01:00:00,0.20900000,0.21280000,0.20780000,0.21160000,1195529.96950000
2025-12-20 05:00:00,0.21160000,0.21220000,0.20970000,0.21210000,711231.13430000
2025-12-20 09:00:00,0.21210000,0.21410000,0.21060000,0.21310000,1246116.27210000
2025-12-20 13:00:00,0.21310000,0.21310000,0.21030000,0.21120000,1190271.62640000
2025-12-20 17:00:00,0.21120000,0.21330000,0.21090000,0.21220000,761175.69310000
2025-12-20 21:00:00,0.21220000,0.21320000,0.21120000,0.21230000,696588.68740000
2025-12-21 01:00:00,0.21230000,0.21290000,0.20900000,0.21050000,985756.06550000
2025-12-21 05:00:00,0.21050000,0.21210000,0.21020000,0.21160000,381537.52630000
2025-12-21 09:00:00,0.21160000,0.21380000,0.21100000,0.21180000,1192682.39370000
2025-12-21 13:00:00,0.21180000,0.21320000,0.20370000,0.20550000,2840015.92870000
2025-12-21 17:00:00,0.20550000,0.20880000,0.20490000,0.20820000,1229091.91160000
2025-12-21 21:00:00,0.20820000,0.21130000,0.20610000,0.21030000,915438.98690000
2025-12-22 01:00:00,0.21030000,0.21700000,0.20930000,0.21150000,2432216.44250000
2025-12-22 05:00:00,0.21150000,0.21240000,0.20970000,0.21080000,759268.38840000
2025-12-22 09:00:00,0.21080000,0.21440000,0.21030000,0.21400000,1310945.09390000
2025-12-22 13:00:00,0.21400000,0.21590000,0.20850000,0.21120000,2462791.86370000
2025-12-22 17:00:00,0.21120000,0.21190000,0.20570000,0.20640000,1847617.82200000
2025-12-22 21:00:00,0.20640000,0.20830000,0.20470000,0.20670000,936393.51820000
2025-12-23 01:00:00,0.20670000,0.20730000,0.20160000,0.20240000,1442083.06940000
2025-12-23 05:00:00,0.20240000,0.20260000,0.19920000,0.20060000,1431605.57480000
2025-12-23 09:00:00,0.20060000,0.20170000,0.19980000,0.20090000,1029242.17520000
2025-12-23 13:00:00,0.20090000,0.20090000,0.19270000,0.19680000,3816931.94910000
2025-12-23 17:00:00,0.19680000,0.20040000,0.19660000,0.19990000,1572075.05860000
2025-12-23 21:00:00,0.19990000,0.20200000,0.19820000,0.19990000,993455.71590000
2025-12-24 01:00:00,0.19990000,0.20090000,0.19590000,0.19830000,756366.90810000
2025-12-24 05:00:00,0.19830000,0.19890000,0.19560000,0.19630000,660287.23950000
2025-12-24 09:00:00,0.19630000,0.19830000,0.19560000,0.19760000,708197.09000000
2025-12-24 13:00:00,0.19760000,0.20140000,0.19600000,0.20090000,1935120.15870000
2025-12-24 17:00:00,0.20090000,0.20320000,0.19910000,0.19990000,1413289.55550000
2025-12-24 21:00:00,0.19990000,0.20210000,0.19980000,0.20080000,404175.09140000
2025-12-25 01:00:00,0.20080000,0.20450000,0.20050000,0.20430000,847578.55780000
2025-12-25 05:00:00,0.20430000,0.20450000,0.20070000,0.20360000,658579.08080000
2025-12-25 09:00:00,0.20360000,0.20470000,0.20100000,0.20180000,809997.79880000
2025-12-25 13:00:00,0.20180000,0.20580000,0.20160000,0.20500000,1050867.68300000
2025-12-25 17:00:00,0.20500000,0.20650000,0.20330000,0.20490000,730799.68220000
2025-12-25 21:00:00,0.20490000,0.20780000,0.19860000,0.19940000,1625322.35910000
2025-12-26 01:00:00,0.19940000,0.21070000,0.19800000,0.20840000,1938387.22230000
2025-12-26 05:00:00,0.20840000,0.21350000,0.20660000,0.21040000,1665675.72320000
2025-12-26 09:00:00,0.21040000,0.21370000,0.21020000,0.21240000,1276108.71880000
2025-12-26 13:00:00,0.21240000,0.21390000,0.20500000,0.20710000,2419051.69610000
2025-12-26 17:00:00,0.20710000,0.20990000,0.20510000,0.20940000,1338098.82960000
2025-12-26 21:00:00,0.20940000,0.21090000,0.20810000,0.21010000,693316.03590000
2025-12-27 01:00:00,0.21010000,0.21300000,0.20980000,0.21200000,758947.51280000
2025-12-27 05:00:00,0.21200000,0.21240000,0.21020000,0.21060000,492348.20520000
2025-12-27 09:00:00,0.21060000,0.21320000,0.20920000,0.21180000,1051628.85130000
2025-12-27 13:00:00,0.21180000,0.21350000,0.21020000,0.21330000,888206.99830000
2025-12-27 17:00:00,0.21330000,0.21390000,0.21210000,0.21370000,946223.59960000
2025-12-27 21:00:00,0.21370000,0.21800000,0.21340000,0.21670000,1977770.63650000
2025-12-28 01:00:00,0.21670000,0.21730000,0.21280000,0.21370000,1035294.79410000
2025-12-28 05:00:00,0.21370000,0.21440000,0.21160000,0.21220000,741251.81700000
2025-12-28 09:00:00,0.21220000,0.21340000,0.21040000,0.21120000,576137.27710000
2025-12-28 13:00:00,0.21120000,0.21290000,0.20950000,0.20990000,974791.75630000
2025-12-28 17:00:00,0.20990000,0.21110000,0.20630000,0.20660000,1138238.35740000
2025-12-28 21:00:00,0.20660000,0.20860000,0.20600000,0.20820000,1101781.69920000
2025-12-29 01:00:00,0.20820000,0.21840000,0.20730000,0.21750000,2421089.62520000
2025-12-29 05:00:00,0.21750000,0.21900000,0.21340000,0.21500000,1824102.16910000
2025-12-29 09:00:00,0.21500000,0.21650000,0.20930000,0.21030000,1505064.17700000
2025-12-29 13:00:00,0.21030000,0.21210000,0.20590000,0.21140000,2259122.12820000
2025-12-29 17:00:00,0.21140000,0.21220000,0.20670000,0.20980000,2250113.90210000
2025-12-29 21:00:00,0.20980000,0.21060000,0.20740000,0.21050000,855529.07210000
2025-12-30 01:00:00,0.21050000,0.21070000,0.20420000,0.20570000,1633406.28160000
2025-12-30 05:00:00,0.20570000,0.20720000,0.20320000,0.20580000,881986.70860000
2025-12-30 09:00:00,0.20580000,0.21010000,0.20570000,0.20810000,1490930.74490000
2025-12-30 13:00:00,0.20810000,0.20890000,0.20430000,0.20770000,2083581.58540000
2025-12-30 17:00:00,0.20770000,0.20900000,0.20210000,0.20460000,2189579.75220000
2025-12-30 21:00:00,0.20460000,0.20470000,0.20110000,0.20340000,1096811.18770000
2025-12-31 01:00:00,0.20340000,0.20490000,0.20230000,0.20370000,654341.45480000
2025-12-31 05:00:00,0.20370000,0.20600000,0.20340000,0.20430000,606202.59830000
2025-12-31 09:00:00,0.20430000,0.20690000,0.20280000,0.20670000,775974.00290000
2025-12-31 13:00:00,0.20670000,0.20680000,0.20170000,0.20250000,1136789.77440000
2025-12-31 17:00:00,0.20250000,0.20310000,0.19710000,0.19870000,2246805.10910000
2025-12-31 21:00:00,0.19870000,0.20250000,0.19800000,0.19980000,957044.21500000
2026-01-01 01:00:00,0.19980000,0.20210000,0.19970000,0.20070000,378991.20150000
2026-01-01 05:00:00,0.20070000,0.20290000,0.20020000,0.20170000,473725.56280000
2026-01-01 09:00:00,0.20170000,0.20500000,0.20140000,0.20450000,918979.36940000
2026-01-01 13:00:00,0.20450000,0.20890000,0.20350000,0.20790000,1637740.31620000
2026-01-01 17:00:00,0.20790000,0.21540000,0.20670000,0.21540000,1572584.61490000
2026-01-01 21:00:00,0.21540000,0.21830000,0.21280000,0.21770000,1267666.69560000
2026-01-02 01:00:00,0.21770000,0.22150000,0.21510000,0.22080000,1465832.02530000
2026-01-02 05:00:00,0.22080000,0.22340000,0.21840000,0.22010000,1512314.76000000
2026-01-02 09:00:00,0.22010000,0.22670000,0.21940000,0.22280000,1774495.55890000
2026-01-02 13:00:00,0.22280000,0.23380000,0.22150000,0.23180000,3395042.01030000
2026-01-02 17:00:00,0.23180000,0.23870000,0.22970000,0.23700000,3294070.54490000
2026-01-02 21:00:00,0.23700000,0.23950000,0.23460000,0.23720000,1343019.67490000
2026-01-03 01:00:00,0.23720000,0.24080000,0.23590000,0.23950000,1090007.46520000
2026-01-03 05:00:00,0.23950000,0.24220000,0.23160000,0.23330000,1678225.06380000
2026-01-03 09:00:00,0.23330000,0.23670000,0.23140000,0.23290000,1413739.76860000
2026-01-03 13:00:00,0.23290000,0.23670000,0.23220000,0.23540000,1031758.39230000
2026-01-03 17:00:00,0.23540000,0.23950000,0.23530000,0.23680000,868021.07770000
2026-01-03 21:00:00,0.23680000,0.24010000,0.23440000,0.23900000,1014758.78080000
2026-01-04 01:00:00,0.23900000,0.24340000,0.23820000,0.24210000,1627361.42530000
2026-01-04 05:00:00,0.24210000,0.24310000,0.23750000,0.24040000,990578.82770000
2026-01-04 09:00:00,0.24040000,0.24450000,0.23790000,0.24390000,1538301.56960000
2026-01-04 13:00:00,0.24390000,0.25110000,0.24250000,0.24990000,2484001.23120000
2026-01-04 17:00:00,0.24990000,0.25240000,0.24370000,0.24550000,2026313.51130000
2026-01-04 21:00:00,0.24550000,0.25160000,0.24510000,0.25080000,1573627.21190000
2026-01-05 01:00:00,0.25080000,0.25290000,0.24750000,0.24760000,2028393.92590000
2026-01-05 05:00:00,0.24760000,0.24840000,0.23830000,0.24490000,2727897.96740000
2026-01-05 09:00:00,0.24490000,0.24970000,0.24240000,0.24350000,1832722.41980000
2026-01-05 13:00:00,0.24350000,0.24950000,0.24110000,0.24860000,1767736.58680000
2026-01-05 17:00:00,0.24860000,0.25730000,0.24360000,0.25420000,2526447.10150000
2026-01-05 21:00:00,0.25420000,0.25910000,0.25240000,0.25240000,1687449.39010000
2026-01-06 01:00:00,0.25240000,0.25580000,0.24850000,0.25250000,1832201.52450000
2026-01-06 05:00:00,0.25250000,0.25380000,0.24590000,0.24760000,1613430.56250000
2026-01-06 09:00:00,0.24760000,0.25330000,0.24730000,0.25220000,1748609.81620000
2026-01-06 13:00:00,0.25220000,0.26330000,0.25030000,0.25220000,4250362.99840000
2026-01-06 17:00:00,0.25220000,0.25260000,0.24080000,0.24420000,2846054.34220000
2026-01-06 21:00:00,0.24420000,0.26050000,0.24420000,0.25670000,3212472.96360000
2026-01-07 01:00:00,0.25670000,0.25690000,0.24870000,0.25170000,1494085.69430000
2026-01-07 05:00:00,0.25170000,0.25380000,0.24820000,0.25210000,1104633.76370000
2026-01-07 09:00:00,0.25210000,0.25450000,0.24470000,0.24530000,1751825.85810000
2026-01-07 13:00:00,0.24530000,0.24540000,0.23460000,0.23630000,3163891.47840000
2026-01-07 17:00:00,0.23630000,0.23880000,0.23490000,0.23760000,1213289.60250000
2026-01-07 21:00:00,0.23760000,0.23930000,0.23420000,0.23790000,953987.02960000
2026-01-08 01:00:00,0.23790000,0.23980000,0.23420000,0.23550000,1025191.95410000
2026-01-08 05:00:00,0.23550000,0.23880000,0.22950000,0.23420000,1821438.50910000
2026-01-08 09:00:00,0.23420000,0.23580000,0.22810000,0.23080000,1637182.39120000
2026-01-08 13:00:00,0.23080000,0.23690000,0.22710000,0.23670000,1794813.57650000
2026-01-08 17:00:00,0.23670000,0.23820000,0.23320000,0.23420000,2166081.31750000
2026-01-08 21:00:00,0.23420000,0.23600000,0.23130000,0.23310000,1279992.00410000
2026-01-09 01:00:00,0.23310000,0.23620000,0.23060000,0.23420000,980771.82470000
2026-01-09 05:00:00,0.23420000,0.23450000,0.23190000,0.23260000,508794.27710000
2026-01-09 09:00:00,0.23260000,0.23450000,0.22810000,0.23320000,1309679.86340000
2026-01-09 13:00:00,0.23320000,0.24060000,0.23140000,0.23670000,2298333.75940000
2026-01-09 17:00:00,0.23670000,0.24170000,0.23070000,0.23180000,1968802.27460000
2026-01-09 21:00:00,0.23180000,0.23420000,0.23130000,0.23250000,705810.97500000
2026-01-10 01:00:00,0.23250000,0.23290000,0.22790000,0.22910000,872667.71790000
2026-01-10 05:00:00,0.22910000,0.22940000,0.22640000,0.22880000,594953.03100000
2026-01-10 09:00:00,0.22880000,0.23110000,0.22830000,0.23110000,542530.68010000
2026-01-10 13:00:00,0.23110000,0.23320000,0.22960000,0.23060000,750460.43880000
2026-01-10 17:00:00,0.23060000,0.23080000,0.22730000,0.23040000,515062.84150000
2026-01-10 21:00:00,0.23040000,0.23070000,0.22570000,0.22700000,599001.27770000
2026-01-11 01:00:00,0.22700000,0.22910000,0.22660000,0.22840000,367468.35360000
2026-01-11 05:00:00,0.22840000,0.22950000,0.22690000,0.22930000,355571.11580000
2026-01-11 09:00:00,0.22930000,0.23160000,0.22860000,0.23140000,449188.22970000
2026-01-11 13:00:00,0.23140000,0.23540000,0.23110000,0.23210000,1019247.56090000
2026-01-11 17:00:00,0.23210000,0.23660000,0.23040000,0.23120000,1016022.43220000
2026-01-11 21:00:00,0.23120000,0.23100000,0.22370000,0.22840000,1739866.76320000
2026-01-12 01:00:00,0.22840000,0.23670000,0.22520000,0.23190000,1805409.51670000
2026-01-12 05:00:00,0.23190000,0.23370000,0.22710000,0.22720000,1017305.15830000
2026-01-12 09:00:00,0.22720000,0.22840000,0.22280000,0.22450000,2034820.55890000
2026-01-12 13:00:00,0.22450000,0.22490000,0.21810000,0.22230000,2588406.11630000
2026-01-12 17:00:00,0.22230000,0.22590000,0.21860000,0.21970000,1896085.90800000
2026-01-12 21:00:00,0.21970000,0.22120000,0.21330000,0.21380000,2063339.96890000
2026-01-13 01:00:00,0.21380000,0.21570000,0.21280000,0.21470000,1361188.04870000
2026-01-13 05:00:00,0.21470000,0.22180000,0.21360000,0.21990000,1542811.38180000
2026-01-13 09:00:00,0.21990000,0.22160000,0.21800000,0.22030000,1077379.17770000
2026-01-13 13:00:00,0.22030000,0.22700000,0.21990000,0.22580000,2554099.53780000
2026-01-13 17:00:00,0.22580000,0.22970000,0.22140000,0.22820000,2622976.57440000
2026-01-13 21:00:00,0.22820000,0.24370000,0.22470000,0.24050000,3722302.34700000
2026-01-14 01:00:00,0.24050000,0.24470000,0.23910000,0.24390000,1992468.49370000
2026-01-14 05:00:00,0.24390000,0.24990000,0.24020000,0.24590000,2684539.40840000
2026-01-14 09:00:00,0.24590000,0.25370000,0.23850000,0.23920000,3475187.30060000
2026-01-14 13:00:00,0.23920000,0.24560000,0.23520000,0.24290000,2923824.81210000
2026-01-14 17:00:00,0.24290000,0.24910000,0.23590000,0.24160000,3276582.18260000
2026-01-14 21:00:00,0.24160000,0.24480000,0.23670000,0.23750000,1099630.38230000
2026-01-15 01:00:00,0.23750000,0.23780000,0.22740000,0.22790000,1914808.11490000
2026-01-15 05:00:00,0.22790000,0.23340000,0.22750000,0.23270000,1034465.98650000
2026-01-15 09:00:00,0.23270000,0.23670000,0.23160000,0.23290000,1005098.37760000
2026-01-15 13:00:00,0.23290000,0.23560000,0.22290000,0.22810000,2795427.02530000
2026-01-15 17:00:00,0.22810000,0.22990000,0.22010000,0.22230000,2214656.76020000
2026-01-15 21:00:00,0.22230000,0.22420000,0.22020000,0.22410000,879138.47830000
2026-01-16 01:00:00,0.22410000,0.22470000,0.22130000,0.22230000,738638.15090000
2026-01-16 05:00:00,0.22230000,0.22390000,0.21960000,0.22220000,887075.74530000
2026-01-16 09:00:00,0.22220000,0.22340000,0.22120000,0.22270000,601971.47030000
2026-01-16 13:00:00,0.22270000,0.22280000,0.21310000,0.21510000,2908828.40760000
2026-01-16 17:00:00,0.21510000,0.21810000,0.21430000,0.21670000,1390727.82650000
2026-01-16 21:00:00,0.21670000,0.22250000,0.21590000,0.22120000,1645589.76540000
2026-01-17 01:00:00,0.22120000,0.22190000,0.21940000,0.21950000,797474.36570000
2026-01-17 05:00:00,0.21950000,0.22060000,0.21870000,0.21930000,438381.61790000
2026-01-17 09:00:00,0.21930000,0.22330000,0.21920000,0.21990000,688879.98200000
2026-01-17 13:00:00,0.21990000,0.22390000,0.21940000,0.22370000,965487.47180000
2026-01-17 17:00:00,0.22370000,0.22410000,0.22010000,0.22190000,1072898.51910000
2026-01-17 21:00:00,0.22190000,0.22230000,0.21730000,0.21890000,771044.87570000
2026-01-18 01:00:00,0.21890000,0.22070000,0.21660000,0.21800000,1162051.54650000
2026-01-18 05:00:00,0.21800000,0.21820000,0.21520000,0.21590000,676438.43360000
2026-01-18 09:00:00,0.21590000,0.21760000,0.21510000,0.21640000,872198.66020000
2026-01-18 13:00:00,0.21640000,0.21740000,0.21340000,0.21600000,1240947.89180000
2026-01-18 17:00:00,0.21600000,0.21950000,0.21520000,0.21590000,916623.52450000
2026-01-18 21:00:00,0.21590000,0.21860000,0.20320000,0.20420000,3313832.24910000
2026-01-19 01:00:00,0.20420000,0.20430000,0.17690000,0.19580000,5984657.86040000
2026-01-19 05:00:00,0.19580000,0.19650000,0.19250000,0.19480000,1021900.07100000
2026-01-19 09:00:00,0.19480000,0.19570000,0.19310000,0.19360000,888207.87800000
2026-01-19 13:00:00,0.19360000,0.19420000,0.19180000,0.19300000,1283851.21890000
2026-01-19 17:00:00,0.19300000,0.19530000,0.19190000,0.19400000,1266058.97340000
2026-01-19 21:00:00,0.19400000,0.19630000,0.19120000,0.19470000,1347976.86490000
2026-01-20 01:00:00,0.19470000,0.19490000,0.19070000,0.19130000,1021581.36190000
2026-01-20 05:00:00,0.19130000,0.19270000,0.18830000,0.18840000,1514366.13730000
2026-01-20 09:00:00,0.18840000,0.18930000,0.18490000,0.18520000,2076087.76140000
2026-01-20 13:00:00,0.18520000,0.18810000,0.18180000,0.18420000,3006900.19630000
2026-01-20 17:00:00,0.18420000,0.18550000,0.18030000,0.18140000,1943824.80990000
2026-01-20 21:00:00,0.18140000,0.18370000,0.17700000,0.17930000,1533768.06080000
2026-01-21 01:00:00,0.17930000,0.18370000,0.17940000,0.18250000,1015564.61890000
2026-01-21 05:00:00,0.18250000,0.18490000,0.18140000,0.18180000,645397.26960000
2026-01-21 09:00:00,0.18180000,0.18250000,0.17750000,0.17780000,1028090.29570000
2026-01-21 13:00:00,0.17780000,0.18150000,0.17450000,0.18010000,2330949.63190000
2026-01-21 17:00:00,0.18010000,0.18330000,0.17080000,0.18280000,3379344.21980000
2026-01-21 21:00:00,0.18280000,0.18390000,0.17810000,0.17890000,1381291.34620000
2026-01-22 01:00:00,0.17890000,0.18150000,0.17870000,0.17960000,632480.21140000
2026-01-22 05:00:00,0.17960000,0.18020000,0.17630000,0.17650000,1118534.67780000
2026-01-22 09:00:00,0.17650000,0.17930000,0.17590000,0.17730000,969159.32240000
2026-01-22 13:00:00,0.17730000,0.17850000,0.17170000,0.17340000,2197059.07640000
2026-01-22 17:00:00,0.17340000,0.17580000,0.17250000,0.17410000,1487170.69580000
2026-01-22 21:00:00,0.17410000,0.17510000,0.17240000,0.17510000,1110536.59820000
2026-01-23 01:00:00,0.17510000,0.17890000,0.17420000,0.17890000,814436.13100000
2026-01-23 05:00:00,0.17890000,0.18020000,0.17780000,0.17940000,827384.04630000
2026-01-23 09:00:00,0.17940000,0.17950000,0.17610000,0.17730000,1115009.01070000
2026-01-23 13:00:00,0.17730000,0.17770000,0.17180000,0.17660000,2053552.85130000
2026-01-23 17:00:00,0.17660000,0.18160000,0.17470000,0.17540000,2052373.80950000
2026-01-23 21:00:00,0.17540000,0.17610000,0.17260000,0.17520000,856732.81510000
2026-01-24 01:00:00,0.17520000,0.17660000,0.17440000,0.17590000,451954.52730000
2026-01-24 05:00:00,0.17590000,0.17650000,0.17510000,0.17540000,360370.35600000
2026-01-24 09:00:00,0.17540000,0.17690000,0.17490000,0.17530000,329715.50640000
2026-01-24 13:00:00,0.17530000,0.17610000,0.17260000,0.17290000,840161.35890000
2026-01-24 17:00:00,0.17290000,0.17430000,0.17230000,0.17340000,696688.47380000
2026-01-24 21:00:00,0.17340000,0.17490000,0.17340000,0.17390000,376502.38820000
2026-01-25 01:00:00,0.17390000,0.17500000,0.17130000,0.17210000,742053.93730000
2026-01-25 05:00:00,0.17210000,0.17380000,0.17170000,0.17230000,432950.48540000
2026-01-25 09:00:00,0.17230000,0.17410000,0.17040000,0.17220000,758419.38380000
2026-01-25 13:00:00,0.17220000,0.17250000,0.16820000,0.16880000,1479795.68530000
2026-01-25 17:00:00,0.16880000,0.16870000,0.15890000,0.16000000,4005186.31680000
2026-01-25 21:00:00,0.16000000,0.16350000,0.16000000,0.16290000,1090622.27290000
2026-01-26 01:00:00,0.16290000,0.16740000,0.16230000,0.16460000,1007238.91990000
2026-01-26 05:00:00,0.16460000,0.16720000,0.16460000,0.16680000,470282.53110000
2026-01-26 09:00:00,0.16680000,0.16860000,0.16530000,0.16560000,651261.23990000
2026-01-26 13:00:00,0.16560000,0.16950000,0.16510000,0.16650000,1413704.69350000
2026-01-26 17:00:00,0.16650000,0.17070000,0.16580000,0.16920000,1295990.05060000
2026-01-26 21:00:00,0.16920000,0.17090000,0.16730000,0.16900000,976457.08580000
2026-01-27 01:00:00,0.16900000,0.17030000,0.16770000,0.16870000,1184269.15860000
2026-01-27 05:00:00,0.16870000,0.17000000,0.16710000,0.16840000,549007.00630000
2026-01-27 09:00:00,0.16840000,0.16900000,0.16710000,0.16730000,453181.57110000
2026-01-27 13:00:00,0.16730000,0.16850000,0.16560000,0.16820000,1078921.03070000
2026-01-27 17:00:00,0.16820000,0.17240000,0.16650000,0.17110000,2375982.17870000
2026-01-27 21:00:00,0.17110000,0.17520000,0.17100000,0.17460000,1864378.47310000
2026-01-28 01:00:00,0.17460000,0.17490000,0.17260000,0.17290000,602066.18930000
2026-01-28 05:00:00,0.17290000,0.17430000,0.17130000,0.17300000,747311.17460000
2026-01-28 09:00:00,0.17300000,0.17630000,0.17210000,0.17610000,1190923.58900000
2026-01-28 13:00:00,0.17610000,0.17610000,0.17130000,0.17260000,1300753.23010000
2026-01-28 17:00:00,0.17260000,0.17390000,0.17050000,0.17210000,1702368.40550000
2026-01-28 21:00:00,0.17210000,0.17450000,0.17010000,0.17260000,1094728.37510000
2026-01-29 01:00:00,0.17260000,0.17320000,0.16560000,0.16660000,1551293.22550000
2026-01-29 05:00:00,0.16660000,0.16690000,0.16460000,0.16570000,908812.38230000
2026-01-29 09:00:00,0.16570000,0.16650000,0.16320000,0.16340000,1112881.59120000
2026-01-29 13:00:00,0.16340000,0.16440000,0.15430000,0.15760000,3287550.05470000
2026-01-29 17:00:00,0.15760000,0.16200000,0.15340000,0.15510000,2674310.52180000
2026-01-29 21:00:00,0.15510000,0.15840000,0.15470000,0.15710000,914991.79680000
2026-01-30 01:00:00,0.15710000,0.15820000,0.14860000,0.15200000,2501329.47600000
2026-01-30 05:00:00,0.15200000,0.15520000,0.15110000,0.15460000,1055509.58400000
2026-01-30 09:00:00,0.15460000,0.15760000,0.15270000,0.15670000,797600.95210000
2026-01-30 13:00:00,0.15670000,0.15690000,0.15240000,0.15480000,1679734.55480000
2026-01-30 17:00:00,0.15480000,0.15700000,0.14930000,0.15560000,1925454.40870000
2026-01-30 21:00:00,0.15560000,0.15560000,0.15180000,0.15370000,1359759.46480000
2026-01-31 01:00:00,0.15370000,0.15390000,0.15230000,0.15260000,531742.89750000
2026-01-31 05:00:00,0.15260000,0.15300000,0.14820000,0.14950000,1013906.88370000
2026-01-31 09:00:00,0.14950000,0.14990000,0.14550000,0.14630000,1805068.41930000
2026-01-31 13:00:00,0.14630000,0.14640000,0.13690000,0.13930000,3739854.21160000
2026-01-31 17:00:00,0.13930000,0.14180000,0.12130000,0.13210000,6771852.85320000
2026-01-31 21:00:00,0.13210000,0.13980000,0.13080000,0.13860000,1764409.90760000
2026-02-01 01:00:00,0.13860000,0.13980000,0.13790000,0.13910000,849197.60440000
2026-02-01 05:00:00,0.13910000,0.14140000,0.13840000,0.14040000,757457.47910000
2026-02-01 09:00:00,0.14040000,0.14150000,0.13780000,0.13900000,1050982.24580000
2026-02-01 13:00:00,0.13900000,0.14000000,0.13420000,0.13590000,1820862.15180000
2026-02-01 17:00:00,0.13590000,0.14030000,0.13510000,0.13690000,1716632.41190000
2026-02-01 21:00:00,0.13690000,0.13890000,0.13260000,0.13640000,1913519.79220000
2026-02-02 01:00:00,0.13640000,0.14030000,0.13190000,0.13730000,2170875.44420000
2026-02-02 05:00:00,0.13730000,0.13870000,0.13130000,0.13580000,2506229.17200000
2026-02-02 09:00:00,0.13580000,0.13950000,0.13550000,0.13780000,1187476.14530000
2026-02-02 13:00:00,0.13780000,0.14460000,0.13770000,0.14360000,1586894.77830000
2026-02-02 17:00:00,0.14360000,0.14370000,0.13950000,0.13960000,1052994.39620000
2026-02-02 21:00:00,0.13960000,0.14120000,0.13860000,0.14010000,704714.30870000
2026-02-03 01:00:00,0.14010000,0.14040000,0.13650000,0.13930000,1076036.47780000
2026-02-03 05:00:00,0.13930000,0.14040000,0.13780000,0.13940000,627022.34510000
2026-02-03 09:00:00,0.13940000,0.14030000,0.13660000,0.13870000,922930.01920000
2026-02-03 13:00:00,0.13870000,0.14130000,0.13610000,0.14090000,1760565.69970000
2026-02-03 17:00:00,0.14090000,0.14090000,0.13070000,0.13760000,2797357.34760000
2026-02-03 21:00:00,0.13760000,0.14370000,0.13580000,0.13720000,2237598.88160000
2026-02-04 01:00:00,0.13720000,0.14080000,0.13660000,0.14040000,855386.68990000
2026-02-04 05:00:00,0.14040000,0.14110000,0.13920000,0.14070000,697464.80910000
2026-02-04 09:00:00,0.14070000,0.14130000,0.13750000,0.13860000,829160.53080000
2026-02-04 13:00:00,0.13860000,0.13910000,0.13250000,0.13430000,1872389.41170000
2026-02-04 17:00:00,0.13430000,0.13840000,0.13220000,0.13810000,2556953.50770000
2026-02-04 21:00:00,0.13810000,0.13830000,0.13120000,0.13370000,1316046.03200000
2026-02-05 01:00:00,0.13370000,0.13620000,0.13240000,0.13260000,1052861.24880000
2026-02-05 05:00:00,0.13260000,0.13400000,0.12960000,0.12990000,1247589.60870000
2026-02-05 09:00:00,0.12990000,0.13190000,0.12530000,0.12690000,1584827.14090000
2026-02-05 13:00:00,0.12690000,0.12910000,0.11740000,0.12080000,4192214.93450000
2026-02-05 17:00:00,0.12080000,0.12420000,0.11790000,0.11840000,3006654.84680000
2026-02-05 21:00:00,0.11840000,0.11960000,0.11270000,0.11390000,3681980.41280000
2026-02-06 01:00:00,0.11390000,0.11640000,0.09960000,0.11250000,5653493.71970000
2026-02-06 05:00:00,0.11250000,0.11870000,0.11210000,0.11560000,1576513.96500000
2026-02-06 09:00:00,0.11560000,0.12030000,0.11410000,0.11980000,1708504.16090000
2026-02-06 13:00:00,0.11980000,0.12490000,0.11880000,0.12340000,1632076.39110000
2026-02-06 17:00:00,0.12340000,0.13030000,0.12310000,0.12740000,1767355.51380000
2026-02-06 21:00:00,0.12740000,0.12890000,0.12550000,0.12710000,825743.61670000
2026-02-07 01:00:00,0.12710000,0.12710000,0.12450000,0.12650000,774326.01450000
2026-02-07 05:00:00,0.12650000,0.12720000,0.12060000,0.12220000,1146667.97860000
2026-02-07 09:00:00,0.12220000,0.12300000,0.12120000,0.12230000,563056.59140000
2026-02-07 13:00:00,0.12230000,0.12640000,0.12210000,0.12550000,964070.28460000
2026-02-07 17:00:00,0.12550000,0.12980000,0.12480000,0.12620000,2936537.18290000
2026-02-07 21:00:00,0.12620000,0.12730000,0.12540000,0.12630000,415098.08410000
2026-02-08 01:00:00,0.12630000,0.12640000,0.12420000,0.12440000,249525.57350000
2026-02-08 05:00:00,0.12440000,0.12510000,0.12310000,0.12420000,272414.11360000
2026-02-08 09:00:00,0.12420000,0.12630000,0.12300000,0.12530000,719138.74490000
2026-02-08 13:00:00,0.12530000,0.12530000,0.12210000,0.12270000,680496.46690000
2026-02-08 17:00:00,0.12270000,0.12290000,0.11980000,0.12130000,1015441.09320000
2026-02-08 21:00:00,0.12130000,0.12320000,0.11910000,0.12010000,694576.42250000
2026-02-09 01:00:00,0.12010000,0.12240000,0.11930000,0.12210000,572936.87720000
2026-02-09 05:00:00,0.12210000,0.12220000,0.11910000,0.11910000,405988.57420000
2026-02-09 09:00:00,0.11910000,0.11930000,0.11530000,0.11620000,1011198.79250000
2026-02-09 13:00:00,0.11620000,0.11920000,0.11510000,0.11880000,1129435.09780000
2026-02-09 17:00:00,0.11880000,0.12270000,0.11780000,0.12130000,989734.80990000
2026-02-09 21:00:00,0.12130000,0.12170000,0.11920000,0.12030000,437181.07980000
2026-02-10 01:00:00,0.12030000,0.12060000,0.11670000,0.11730000,802067.96870000
2026-02-10 05:00:00,0.11730000,0.11810000,0.11450000,0.11520000,676346.26120000
2026-02-10 09:00:00,0.11520000,0.11620000,0.11480000,0.11500000,526499.88250000
2026-02-10 13:00:00,0.11500000,0.11660000,0.11390000,0.11620000,1097103.53790000
2026-02-10 17:00:00,0.11620000,0.11740000,0.11310000,0.11480000,782449.45560000
2026-02-10 21:00:00,0.11480000,0.11510000,0.11370000,0.11430000,418171.79360000
2026-02-11 01:00:00,0.11430000,0.11540000,0.11310000,0.11420000,449620.41000000
2026-02-11 05:00:00,0.11420000,0.11440000,0.11090000,0.11110000,955266.50990000
2026-02-11 09:00:00,0.11110000,0.11150000,0.10830000,0.10930000,732581.72680000
2026-02-11 13:00:00,0.10930000,0.11640000,0.10860000,0.10970000,1925827.56990000
2026-02-11 17:00:00,0.10970000,0.11230000,0.10870000,0.11070000,957266.66440000
2026-02-11 21:00:00,0.11070000,0.11390000,0.11030000,0.11140000,818028.81640000
2026-02-12 01:00:00,0.11140000,0.11550000,0.11130000,0.11540000,591651.20880000
2026-02-12 05:00:00,0.11540000,0.11660000,0.11400000,0.11650000,730340.02280000
2026-02-12 09:00:00,0.11650000,0.11900000,0.11510000,0.11780000,906529.43720000
2026-02-12 13:00:00,0.11780000,0.11800000,0.11490000,0.11520000,1023097.92510000
2026-02-12 17:00:00,0.11520000,0.11770000,0.11300000,0.11610000,1088402.58910000
2026-02-12 21:00:00,0.11610000,0.11960000,0.11480000,0.11910000,710168.77180000
2026-02-13 01:00:00,0.11910000,0.11990000,0.11540000,0.11630000,919114.99290000
2026-02-13 05:00:00,0.11630000,0.11630000,0.11390000,0.11510000,483317.06130000
2026-02-13 09:00:00,0.11510000,0.11660000,0.11470000,0.11540000,490530.22680000
2026-02-13 13:00:00,0.11540000,0.12150000,0.11480000,0.11890000,1199640.58520000
2026-02-13 17:00:00,0.11890000,0.12170000,0.11860000,0.12110000,688073.64370000
2026-02-13 21:00:00,0.12110000,0.12220000,0.12070000,0.12090000,447647.90780000
2026-02-14 01:00:00,0.12090000,0.12220000,0.12020000,0.12190000,523134.29010000
2026-02-14 05:00:00,0.12190000,0.12270000,0.12060000,0.12190000,296447.17460000
2026-02-14 09:00:00,0.12190000,0.12550000,0.12170000,0.12510000,642146.48290000
2026-02-14 13:00:00,0.12510000,0.12630000,0.12390000,0.12620000,623519.79800000
2026-02-14 17:00:00,0.12620000,0.12970000,0.12530000,0.12930000,991272.75880000
2026-02-14 21:00:00,0.12930000,0.12990000,0.12710000,0.12850000,676470.91400000
2026-02-15 01:00:00,0.12850000,0.12970000,0.12670000,0.12870000,932059.86430000
2026-02-15 05:00:00,0.12870000,0.13100000,0.12840000,0.12940000,745414.92340000
2026-02-15 09:00:00,0.12940000,0.12980000,0.12580000,0.12610000,798575.73860000
2026-02-15 13:00:00,0.12610000,0.12630000,0.12150000,0.12310000,929516.37540000
2026-02-15 17:00:00,0.12310000,0.12320000,0.11840000,0.11970000,1071824.11810000
2026-02-15 21:00:00,0.11970000,0.12190000,0.11920000,0.12150000,384202.43170000
2026-02-16 01:00:00,0.12150000,0.12200000,0.12010000,0.12080000,370252.50680000
2026-02-16 05:00:00,0.12080000,0.12230000,0.11940000,0.11980000,498175.65970000
2026-02-16 09:00:00,0.11980000,0.12160000,0.11930000,0.12090000,529891.18870000
2026-02-16 13:00:00,0.12090000,0.12430000,0.11840000,0.11920000,1055719.71920000
2026-02-16 17:00:00,0.11920000,0.12100000,0.11910000,0.12070000,653006.20710000
2026-02-16 21:00:00,0.12070000,0.12420000,0.12020000,0.12310000,779061.47630000
2026-02-17 01:00:00,0.12310000,0.12400000,0.12150000,0.12260000,384577.96390000
2026-02-17 05:00:00,0.12260000,0.12320000,0.12090000,0.12200000,282522.09460000
2026-02-17 09:00:00,0.12200000,0.12220000,0.11980000,0.12030000,365512.09850000
2026-02-17 13:00:00,0.12030000,0.12160000,0.11820000,0.12020000,825506.84050000
2026-02-17 17:00:00,0.12020000,0.12310000,0.11880000,0.12120000,683985.58280000
2026-02-17 21:00:00,0.12120000,0.12170000,0.12010000,0.12030000,273700.79120000
2026-02-18 01:00:00,0.12030000,0.12080000,0.11900000,0.12060000,385521.45720000
2026-02-18 05:00:00,0.12060000,0.12180000,0.11990000,0.12130000,290339.48580000
2026-02-18 09:00:00,0.12130000,0.12190000,0.11870000,0.11950000,403071.55580000
2026-02-18 13:00:00,0.11950000,0.12090000,0.11710000,0.11920000,769690.05170000
2026-02-18 17:00:00,0.11920000,0.11930000,0.11430000,0.11480000,1019628.90140000
2026-02-18 21:00:00,0.11480000,0.11540000,0.11400000,0.11490000,466420.56570000
2026-02-19 01:00:00,0.11490000,0.11540000,0.11390000,0.11510000,414999.81380000
2026-02-19 05:00:00,0.11510000,0.11550000,0.11360000,0.11430000,292240.65060000
2026-02-19 09:00:00,0.11430000,0.11430000,0.11210000,0.11240000,534570.39520000
2026-02-19 13:00:00,0.11240000,0.11240000,0.10840000,0.10880000,1141726.00740000
2026-02-19 17:00:00,0.10880000,0.11140000,0.10690000,0.11110000,1221918.89560000
2026-02-19 21:00:00,0.11110000,0.11260000,0.11010000,0.11090000,753755.84810000
2026-02-20 01:00:00,0.11090000,0.11310000,0.11060000,0.11080000,619501.44470000
2026-02-20 05:00:00,0.11080000,0.11220000,0.10910000,0.11050000,1218292.03150000
2026-02-20 09:00:00,0.11050000,0.11160000,0.10990000,0.11010000,392961.17830000
2026-02-20 13:00:00,0.11010000,0.11250000,0.10650000,0.11240000,1971344.79790000
2026-02-20 17:00:00,0.11240000,0.11330000,0.10880000,0.11110000,1162453.94350000
2026-02-20 21:00:00,0.11110000,0.11150000,0.10980000,0.11120000,362529.03950000
2026-02-21 01:00:00,0.11120000,0.11180000,0.11010000,0.11020000,341657.59090000
2026-02-21 05:00:00,0.11020000,0.11110000,0.10930000,0.10980000,224427.02800000
2026-02-21 09:00:00,0.10980000,0.11250000,0.10960000,0.11140000,451000.54920000
2026-02-21 13:00:00,0.11140000,0.11200000,0.10960000,0.10990000,527905.43520000
2026-02-21 17:00:00,0.10990000,0.11000000,0.10820000,0.10890000,565195.98920000
2026-02-21 21:00:00,0.10890000,0.10910000,0.10780000,0.10790000,422578.52460000
2026-02-22 01:00:00,0.10790000,0.10790000,0.10390000,0.10480000,1189822.53390000
2026-02-22 05:00:00,0.10480000,0.10490000,0.10320000,0.10330000,452020.39950000
2026-02-22 09:00:00,0.10330000,0.10500000,0.10310000,0.10370000,474741.57940000
2026-02-22 13:00:00,0.10370000,0.10380000,0.10080000,0.10140000,1158836.64940000
2026-02-22 17:00:00,0.10140000,0.10140000,0.09990000,0.10040000,893098.37590000
2026-02-22 21:00:00,0.10040000,0.10120000,0.09880000,0.09990000,981260.43970000
2026-02-23 01:00:00,0.09990000,0.10000000,0.09530000,0.09650000,2208787.69530000
2026-02-23 05:00:00,0.09650000,0.09960000,0.09640000,0.09890000,736097.27900000
2026-02-23 09:00:00,0.09890000,0.10180000,0.09860000,0.10110000,657604.75360000
2026-02-23 13:00:00,0.10110000,0.10300000,0.09870000,0.09890000,958371.93780000
2026-02-23 17:00:00,0.09890000,0.09940000,0.09710000,0.09750000,916933.96250000
2026-02-23 21:00:00,0.09750000,0.09860000,0.09710000,0.09840000,527223.35470000
2026-02-24 01:00:00,0.09840000,0.09970000,0.09590000,0.09630000,980891.43400000
2026-02-24 05:00:00,0.09630000,0.09660000,0.09500000,0.09540000,780455.70150000
2026-02-24 09:00:00,0.09540000,0.09580000,0.09390000,0.09510000,897344.60730000
2026-02-24 13:00:00,0.09510000,0.09880000,0.09490000,0.09870000,1092437.31730000
2026-02-24 17:00:00,0.09870000,0.09950000,0.09800000,0.09870000,824284.21680000
2026-02-24 21:00:00,0.09870000,0.09910000,0.09740000,0.09780000,377430.16640000
2026-02-25 01:00:00,0.09780000,0.10270000,0.09740000,0.09970000,1495785.51320000
2026-02-25 05:00:00,0.09970000,0.10090000,0.09890000,0.10070000,474423.63380000
2026-02-25 09:00:00,0.10070000,0.10210000,0.10030000,0.10140000,512750.96930000
2026-02-25 13:00:00,0.10140000,0.10750000,0.10110000,0.10660000,1699471.95200000
2026-02-25 17:00:00,0.10660000,0.11160000,0.10610000,0.11150000,1233337.04580000
2026-02-25 21:00:00,0.11150000,0.11510000,0.10790000,0.10940000,1449117.77980000
2026-02-26 01:00:00,0.10940000,0.11010000,0.10750000,0.10930000,641957.52540000
2026-02-26 05:00:00,0.10930000,0.11150000,0.10810000,0.11140000,785801.17740000
2026-02-26 09:00:00,0.11140000,0.11920000,0.10960000,0.10990000,2999207.50080000
2026-02-26 13:00:00,0.10990000,0.11050000,0.10620000,0.10760000,1350162.35860000
2026-02-26 17:00:00,0.10760000,0.10780000,0.10280000,0.10490000,1315154.58880000
2026-02-26 21:00:00,0.10490000,0.10590000,0.10420000,0.10520000,407234.14150000
2026-02-27 01:00:00,0.10520000,0.10570000,0.10410000,0.10560000,659276.91520000
2026-02-27 05:00:00,0.10560000,0.10880000,0.10470000,0.10690000,1244976.09320000
2026-02-27 09:00:00,0.10690000,0.10890000,0.10380000,0.10380000,1246680.10540000
2026-02-27 13:00:00,0.10380000,0.10490000,0.10220000,0.10430000,1022821.32440000
2026-02-27 17:00:00,0.10430000,0.10440000,0.10130000,0.10160000,922109.66170000
2026-02-27 21:00:00,0.10160000,0.10280000,0.09950000,0.10270000,582390.50130000
2026-02-28 01:00:00,0.10270000,0.10430000,0.10250000,0.10360000,434417.68460000
2026-02-28 05:00:00,0.10360000,0.10360000,0.09540000,0.09750000,1598577.86990000
2026-02-28 09:00:00,0.09750000,0.09750000,0.09510000,0.09530000,764122.32840000
2026-02-28 13:00:00,0.09530000,0.09980000,0.09530000,0.09830000,1103864.82690000
2026-02-28 17:00:00,0.09830000,0.10340000,0.09780000,0.10240000,1399395.22330000
2026-02-28 21:00:00,0.10240000,0.10520000,0.10190000,0.10410000,905349.26610000
2026-03-01 01:00:00,0.10410000,0.10810000,0.10240000,0.10640000,930835.42860000
2026-03-01 05:00:00,0.10640000,0.10680000,0.10410000,0.10560000,474989.33910000
2026-03-01 09:00:00,0.10560000,0.10620000,0.10360000,0.10410000,468380.43410000
2026-03-01 13:00:00,0.10410000,0.10690000,0.10310000,0.10520000,735130.95750000
2026-03-01 17:00:00,0.10520000,0.10610000,0.10230000,0.10270000,875446.69890000
2026-03-01 21:00:00,0.10270000,0.10470000,0.10070000,0.10350000,781730.41820000
2026-03-02 01:00:00,0.10350000,0.10640000,0.10330000,0.10610000,518568.58630000
2026-03-02 05:00:00,0.10610000,0.10720000,0.10250000,0.10320000,941685.60210000
2026-03-02 09:00:00,0.10320000,0.10460000,0.10190000,0.10400000,619892.90850000
2026-03-02 13:00:00,0.10400000,0.11060000,0.10290000,0.10940000,1375099.99260000
2026-03-02 17:00:00,0.10940000,0.11640000,0.10880000,0.11550000,2367625.70970000
2026-03-02 21:00:00,0.11550000,0.11770000,0.11310000,0.11390000,1267799.88880000
2026-03-03 01:00:00,0.11390000,0.11450000,0.11220000,0.11310000,551867.17580000
2026-03-03 05:00:00,0.11310000,0.11510000,0.11170000,0.11310000,833001.43720000
2026-03-03 09:00:00,0.11310000,0.11390000,0.10790000,0.10910000,1291351.75560000
2026-03-03 13:00:00,0.10910000,0.11060000,0.10700000,0.10890000,1100705.81350000
2026-03-03 17:00:00,0.10890000,0.11310000,0.10870000,0.11070000,1293999.59840000
2026-03-03 21:00:00,0.11070000,0.11180000,0.10870000,0.11110000,612073.00590000
2026-03-04 01:00:00,0.11110000,0.11270000,0.11010000,0.11090000,617278.28320000
2026-03-04 05:00:00,0.11090000,0.11240000,0.10970000,0.11170000,435207.42370000
2026-03-04 09:00:00,0.11170000,0.11980000,0.11130000,0.11580000,2736700.93940000
2026-03-04 13:00:00,0.11580000,0.11950000,0.11440000,0.11940000,1121212.36780000
2026-03-04 17:00:00,0.11940000,0.11970000,0.11600000,0.11850000,929196.08610000
2026-03-04 21:00:00,0.11850000,0.11990000,0.11540000,0.11730000,894898.72440000
2026-03-05 01:00:00,0.11730000,0.11810000,0.11610000,0.11750000,596534.85990000
2026-03-05 05:00:00,0.11750000,0.11890000,0.11560000,0.11680000,1184384.78110000
2026-03-05 09:00:00,0.11680000,0.11870000,0.11540000,0.11580000,820092.29950000
2026-03-05 13:00:00,0.11580000,0.11740000,0.11440000,0.11520000,886619.15450000
2026-03-05 17:00:00,0.11520000,0.11550000,0.11220000,0.11520000,1230225.85830000
2026-03-05 21:00:00,0.11520000,0.11740000,0.11470000,0.11510000,690415.15000000
2026-03-06 01:00:00,0.11510000,0.11560000,0.11370000,0.11420000,370703.02170000
2026-03-06 05:00:00,0.11420000,0.11610000,0.11210000,0.11580000,603554.34040000
2026-03-06 09:00:00,0.11580000,0.11570000,0.11270000,0.11290000,919712.65690000
2026-03-06 13:00:00,0.11290000,0.11320000,0.10620000,0.10680000,1800768.27660000
2026-03-06 17:00:00,0.10680000,0.10710000,0.10460000,0.10550000,715105.04260000
2026-03-06 21:00:00,0.10550000,0.10590000,0.10390000,0.10460000,419858.70240000
2026-03-07 01:00:00,0.10460000,0.10480000,0.10230000,0.10230000,560885.80620000
2026-03-07 05:00:00,0.10230000,0.10270000,0.10090000,0.10150000,506927.95510000
2026-03-07 09:00:00,0.10150000,0.10290000,0.10120000,0.10260000,451641.38790000
2026-03-07 13:00:00,0.10260000,0.10270000,0.09980000,0.10070000,1007903.53020000
2026-03-07 17:00:00,0.10070000,0.10260000,0.10020000,0.10060000,775717.77760000
2026-03-07 21:00:00,0.10060000,0.10130000,0.09900000,0.10080000,543764.92350000
2026-03-08 01:00:00,0.10080000,0.10120000,0.09970000,0.10010000,297107.87450000
2026-03-08 05:00:00,0.10010000,0.10030000,0.09880000,0.09970000,399538.36360000
2026-03-08 09:00:00,0.09970000,0.10150000,0.09910000,0.10000000,524813.68590000
2026-03-08 13:00:00,0.10000000,0.10110000,0.09810000,0.09880000,794299.39880000
2026-03-08 17:00:00,0.09880000,0.10030000,0.09780000,0.09980000,657946.86930000
2026-03-08 21:00:00,0.09980000,0.10030000,0.09650000,0.09870000,862391.78570000
2026-03-09 01:00:00,0.09870000,0.10180000,0.09850000,0.10010000,686832.25340000
2026-03-09 05:00:00,0.10010000,0.10270000,0.09980000,0.10150000,1125274.07400000
2026-03-09 09:00:00,0.10150000,0.10250000,0.10020000,0.10110000,576168.64090000
2026-03-09 13:00:00,0.10110000,0.10390000,0.10110000,0.10330000,914965.88230000
2026-03-09 17:00:00,0.10330000,0.10490000,0.10140000,0.10260000,860399.83840000
2026-03-09 21:00:00,0.10260000,0.10270000,0.10060000,0.10090000,628443.27460000
2026-03-10 01:00:00,0.10090000,0.10420000,0.10080000,0.10140000,869730.74940000
2026-03-10 05:00:00,0.10140000,0.10310000,0.10100000,0.10270000,995436.58520000
2026-03-10 09:00:00,0.10270000,0.10510000,0.10280000,0.10410000,812726.90410000
2026-03-10 13:00:00,0.10410000,0.10660000,0.10190000,0.10620000,988153.27120000
2026-03-10 17:00:00,0.10620000,0.10680000,0.10250000,0.10290000,1067744.72500000
2026-03-10 21:00:00,0.10290000,0.10410000,0.10190000,0.10290000,472981.36390000
2026-03-11 01:00:00,0.10290000,0.10330000,0.10180000,0.10230000,559265.20190000
2026-03-11 05:00:00,0.10230000,0.10280000,0.10090000,0.10120000,740180.42870000
2026-03-11 09:00:00,0.10120000,0.10290000,0.10060000,0.10230000,448478.71120000
2026-03-11 13:00:00,0.10230000,0.10670000,0.10200000,0.10440000,1263582.89120000
2026-03-11 17:00:00,0.10440000,0.10610000,0.10390000,0.10550000,708911.70710000
2026-03-11 21:00:00,0.10550000,0.10590000,0.10430000,0.10470000,409607.20470000
2026-03-12 01:00:00,0.10470000,0.10570000,0.10350000,0.10360000,562325.30760000
2026-03-12 05:00:00,0.10360000,0.10460000,0.10330000,0.10420000,710606.93700000
2026-03-12 09:00:00,0.10420000,0.10540000,0.10370000,0.10410000,625138.85380000
2026-03-12 13:00:00,0.10410000,0.10550000,0.10250000,0.10520000,1001555.67530000
2026-03-12 17:00:00,0.10520000,0.10650000,0.10450000,0.10610000,711883.95830000
2026-03-12 21:00:00,0.10610000,0.10730000,0.10510000,0.10630000,433378.17060000
2026-03-13 01:00:00,0.10630000,0.11210000,0.10610000,0.11160000,1003159.02360000
2026-03-13 05:00:00,0.11160000,0.11310000,0.11070000,0.11210000,777322.81250000
2026-03-13 09:00:00,0.11210000,0.11470000,0.11150000,0.11340000,970918.80480000
2026-03-13 13:00:00,0.11340000,0.11630000,0.11140000,0.11190000,1341406.58180000
2026-03-13 17:00:00,0.11190000,0.11240000,0.10880000,0.10900000,870584.05610000
2026-03-13 21:00:00,0.10900000,0.11020000,0.10770000,0.10860000,388058.87360000
2026-03-14 01:00:00,0.10860000,0.10990000,0.10730000,0.10970000,523653.06500000
2026-03-14 05:00:00,0.10970000,0.11050000,0.10700000,0.10720000,603269.61840000
2026-03-14 09:00:00,0.10720000,0.10790000,0.10660000,0.10720000,378911.23030000
2026-03-14 13:00:00,0.10720000,0.10830000,0.10650000,0.10770000,347051.19770000
2026-03-14 17:00:00,0.10770000,0.10830000,0.10660000,0.10670000,274958.76020000
2026-03-14 21:00:00,0.10670000,0.10820000,0.10630000,0.10800000,267182.98020000
2026-03-15 01:00:00,0.10800000,0.11020000,0.10700000,0.10910000,459903.87830000
2026-03-15 05:00:00,0.10910000,0.10940000,0.10770000,0.10830000,332397.01200000
2026-03-15 09:00:00,0.10830000,0.10910000,0.10810000,0.10870000,224605.36290000
2026-03-15 13:00:00,0.10870000,0.10970000,0.10730000,0.10790000,474808.72180000
2026-03-15 17:00:00,0.10790000,0.10910000,0.10750000,0.10870000,353834.94990000
2026-03-15 21:00:00,0.10870000,0.11150000,0.10850000,0.11030000,861901.54690000
2026-03-16 01:00:00,0.11030000,0.11360000,0.10980000,0.11250000,793940.44600000
2026-03-16 05:00:00,0.11250000,0.11760000,0.11240000,0.11710000,1631851.11260000
2026-03-16 09:00:00,0.11710000,0.11850000,0.11510000,0.11510000,948376.94600000
2026-03-16 13:00:00,0.11510000,0.11780000,0.11470000,0.11700000,1082750.48080000
2026-03-16 17:00:00,0.11700000,0.11890000,0.11660000,0.11820000,826619.79500000
2026-03-16 21:00:00,0.11820000,0.12050000,0.11790000,0.11950000,892216.97190000
2026-03-17 01:00:00,0.11950000,0.11990000,0.11650000,0.11690000,1063306.40620000
2026-03-17 05:00:00,0.11690000,0.11770000,0.11460000,0.11710000,900128.30050000
2026-03-17 09:00:00,0.11710000,0.11760000,0.11580000,0.11630000,487723.35690000
2026-03-17 13:00:00,0.11630000,0.11740000,0.11500000,0.11590000,759831.24190000
2026-03-17 17:00:00,0.11590000,0.11720000,0.11550000,0.11590000,372655.09370000
2026-03-17 21:00:00,0.11590000,0.11890000,0.11590000,0.11650000,618991.68890000
2026-03-18 01:00:00,0.11650000,0.11780000,0.11510000,0.11680000,535221.40170000
2026-03-18 05:00:00,0.11680000,0.11740000,0.11460000,0.11520000,669805.06120000
2026-03-18 09:00:00,0.11520000,0.11590000,0.11170000,0.11210000,971587.61440000
2026-03-18 13:00:00,0.11210000,0.11210000,0.10680000,0.10760000,1347008.22510000
2026-03-18 17:00:00,0.10760000,0.10960000,0.10690000,0.10760000,923932.69080000
2026-03-18 21:00:00,0.10760000,0.10890000,0.10670000,0.10820000,436827.94820000
2026-03-19 01:00:00,0.10820000,0.10860000,0.10700000,0.10730000,481267.30780000
2026-03-19 05:00:00,0.10730000,0.10750000,0.10390000,0.10430000,652132.36650000
2026-03-19 09:00:00,0.10430000,0.10540000,0.10300000,0.10330000,559109.99660000
2026-03-19 13:00:00,0.10330000,0.10360000,0.10060000,0.10170000,1043177.58820000
2026-03-19 17:00:00,0.10170000,0.10340000,0.10060000,0.10250000,567244.13590000
2026-03-19 21:00:00,0.10250000,0.10380000,0.10230000,0.10290000,344198.65850000
2026-03-20 01:00:00,0.10290000,0.10470000,0.10290000,0.10430000,448962.32390000
2026-03-20 05:00:00,0.10430000,0.10610000,0.10410000,0.10520000,685953.67710000
2026-03-20 09:00:00,0.10520000,0.10640000,0.10380000,0.10420000,445509.51700000
2026-03-20 13:00:00,0.10420000,0.10450000,0.10090000,0.10220000,900361.61310000
2026-03-20 17:00:00,0.10220000,0.10250000,0.10020000,0.10110000,648235.17730000
2026-03-20 21:00:00,0.10110000,0.10330000,0.10040000,0.10180000,465882.27060000
2026-03-21 01:00:00,0.10180000,0.10260000,0.10150000,0.10220000,300462.08730000
2026-03-21 05:00:00,0.10220000,0.10280000,0.10180000,0.10190000,401601.27100000
2026-03-21 09:00:00,0.10190000,0.10220000,0.10110000,0.10110000,201345.24540000
2026-03-21 13:00:00,0.10110000,0.10210000,0.10070000,0.10210000,366677.81150000
2026-03-21 17:00:00,0.10210000,0.10210000,0.10090000,0.10140000,200077.85360000
2026-03-21 21:00:00,0.10140000,0.10260000,0.09830000,0.09900000,635434.69670000
2026-03-22 01:00:00,0.09900000,0.10010000,0.09630000,0.09910000,1029814.07640000
2026-03-22 05:00:00,0.09910000,0.09980000,0.09840000,0.09850000,328068.42760000
2026-03-22 09:00:00,0.09850000,0.09860000,0.09710000,0.09720000,553801.69430000
2026-03-22 13:00:00,0.09720000,0.09850000,0.09720000,0.09780000,404128.12030000
2026-03-22 17:00:00,0.09780000,0.09790000,0.09480000,0.09530000,581081.19480000
2026-03-22 21:00:00,0.09530000,0.09620000,0.09370000,0.09530000,704532.36190000
2026-03-23 01:00:00,0.09530000,0.09720000,0.09530000,0.09620000,491247.67910000
2026-03-23 05:00:00,0.09620000,0.09720000,0.09410000,0.09460000,553279.33960000
2026-03-23 09:00:00,0.09460000,0.09880000,0.09260000,0.09560000,2526405.15010000
2026-03-23 13:00:00,0.09560000,0.09750000,0.09310000,0.09320000,1475835.94460000
2026-03-23 17:00:00,0.09320000,0.09410000,0.09170000,0.09300000,1655361.07670000
2026-03-23 21:00:00,0.09300000,0.09500000,0.09210000,0.09360000,863893.57860000
2026-03-24 01:00:00,0.09360000,0.09390000,0.09100000,0.09250000,915917.58820000
2026-03-24 05:00:00,0.09250000,0.09430000,0.09100000,0.09420000,1666260.76820000
2026-03-24 09:00:00,0.09420000,0.09570000,0.09350000,0.09520000,757133.20320000
2026-03-24 13:00:00,0.09520000,0.09530000,0.09140000,0.09220000,955497.04100000
2026-03-24 17:00:00,0.09220000,0.09360000,0.09150000,0.09230000,1144708.74810000
2026-03-24 21:00:00,0.09230000,0.09610000,0.09210000,0.09530000,812490.51760000
2026-03-25 01:00:00,0.09530000,0.09560000,0.09380000,0.09470000,575458.89190000
2026-03-25 05:00:00,0.09470000,0.09540000,0.09390000,0.09490000,505531.89520000
2026-03-25 09:00:00,0.09490000,0.09770000,0.09490000,0.09740000,832027.58320000
2026-03-25 13:00:00,0.09740000,0.10070000,0.09740000,0.09900000,1672322.28730000
2026-03-25 17:00:00,0.09900000,0.10380000,0.09780000,0.10220000,1531449.44790000
2026-03-25 21:00:00,0.10220000,0.10490000,0.09960000,0.10430000,1950913.90860000
2026-03-26 01:00:00,0.10430000,0.10980000,0.10300000,0.10500000,3000676.30380000
2026-03-26 05:00:00,0.10500000,0.10640000,0.10030000,0.10150000,1605324.37350000
2026-03-26 09:00:00,0.10150000,0.10210000,0.09810000,0.09830000,1220831.14890000
2026-03-26 13:00:00,0.09830000,0.09930000,0.09710000,0.09730000,1039515.45150000
2026-03-26 17:00:00,0.09730000,0.09800000,0.09540000,0.09550000,913430.69000000
2026-03-26 21:00:00,0.09550000,0.09790000,0.09510000,0.09660000,992160.61720000
2026-03-27 01:00:00,0.09660000,0.09910000,0.09650000,0.09840000,543119.33630000
2026-03-27 05:00:00,0.09840000,0.09950000,0.09740000,0.09820000,602701.85810000
2026-03-27 09:00:00,0.09820000,0.09860000,0.09250000,0.09330000,1416435.77020000
2026-03-27 13:00:00,0.09330000,0.09400000,0.09190000,0.09280000,988744.59350000
2026-03-27 17:00:00,0.09280000,0.09280000,0.08960000,0.09030000,1565624.08670000
2026-03-27 21:00:00,0.09030000,0.09050000,0.08840000,0.08890000,923757.11520000
2026-03-28 01:00:00,0.08890000,0.08980000,0.08780000,0.08920000,648730.59950000
2026-03-28 05:00:00,0.08920000,0.09160000,0.08850000,0.09150000,475953.42740000
2026-03-28 09:00:00,0.09150000,0.09260000,0.09070000,0.09110000,1075708.79710000
2026-03-28 13:00:00,0.09110000,0.09370000,0.08980000,0.09270000,1295709.95520000
2026-03-28 17:00:00,0.09270000,0.09480000,0.09230000,0.09350000,1280367.47580000
2026-03-28 21:00:00,0.09350000,0.09390000,0.09000000,0.09050000,842784.17890000
2026-03-29 01:00:00,0.09050000,0.09150000,0.08990000,0.09100000,448521.30350000
2026-03-29 06:00:00,0.09100000,0.09120000,0.08990000,0.09030000,307933.60490000
2026-03-29 10:00:00,0.09030000,0.09200000,0.08980000,0.09150000,494936.51120000
2026-03-29 14:00:00,0.09150000,0.09150000,0.08960000,0.09030000,515803.80820000
2026-03-29 18:00:00,0.09030000,0.09090000,0.08930000,0.08990000,394322.19900000
2026-03-29 22:00:00,0.08990000,0.09120000,0.08640000,0.08980000,1014968.23120000
2026-03-30 02:00:00,0.08980000,0.09260000,0.08980000,0.09150000,769155.76700000
2026-03-30 06:00:00,0.09150000,0.09250000,0.09040000,0.09110000,651477.82610000
2026-03-30 10:00:00,0.09110000,0.09220000,0.09060000,0.09180000,606235.25570000
2026-03-30 14:00:00,0.09180000,0.09380000,0.09140000,0.09330000,919786.47210000
2026-03-30 18:00:00,0.09330000,0.09340000,0.08980000,0.09090000,910608.37110000
2026-03-30 22:00:00,0.09090000,0.09340000,0.09080000,0.09130000,513844.63010000
2026-03-31 02:00:00,0.09130000,0.09410000,0.09090000,0.09280000,542987.98540000
2026-03-31 06:00:00,0.09280000,0.09300000,0.09140000,0.09240000,424120.90660000
2026-03-31 10:00:00,0.09240000,0.09280000,0.08960000,0.09120000,882006.89420000
2026-03-31 14:00:00,0.09120000,0.09250000,0.08940000,0.08940000,844258.75610000
2026-03-31 18:00:00,0.08940000,0.09260000,0.08920000,0.09090000,882063.63090000
2026-03-31 22:00:00,0.09090000,0.09140000,0.08980000,0.09080000,370506.90840000
2026-04-01 02:00:00,0.09080000,0.09170000,0.08920000,0.09130000,572230.10630000
2026-04-01 06:00:00,0.09130000,0.09380000,0.09100000,0.09300000,688773.07710000
2026-04-01 10:00:00,0.09300000,0.09350000,0.09040000,0.09050000,710957.14470000
2026-04-01 14:00:00,0.09050000,0.09210000,0.08930000,0.09050000,1016389.45280000
2026-04-01 18:00:00,0.09050000,0.09270000,0.08960000,0.09050000,749649.00230000
2026-04-01 22:00:00,0.09050000,0.09130000,0.08970000,0.09020000,418409.71400000
2026-04-02 02:00:00,0.09020000,0.09080000,0.08410000,0.08450000,1903746.63970000
2026-04-02 06:00:00,0.08450000,0.08530000,0.08210000,0.08240000,1467303.05680000
2026-04-02 10:00:00,0.08240000,0.08260000,0.08070000,0.08190000,1314572.22050000
2026-04-02 14:00:00,0.08190000,0.08210000,0.07880000,0.07950000,1780875.31550000
2026-04-02 18:00:00,0.07950000,0.08230000,0.07920000,0.08070000,1089867.28270000
2026-04-02 22:00:00,0.08070000,0.08160000,0.08030000,0.08110000,429703.07970000
2026-04-03 02:00:00,0.08110000,0.08210000,0.08070000,0.08090000,353351.03450000
2026-04-03 06:00:00,0.08090000,0.08260000,0.08060000,0.08170000,535555.46930000
2026-04-03 10:00:00,0.08170000,0.08260000,0.08120000,0.08200000,368774.15350000
2026-04-03 14:00:00,0.08200000,0.08290000,0.08050000,0.08060000,970164.39850000
2026-04-03 18:00:00,0.08060000,0.08140000,0.07960000,0.08020000,475898.22480000
2026-04-03 22:00:00,0.08020000,0.08070000,0.07870000,0.07970000,723318.46150000
2026-04-04 02:00:00,0.07970000,0.08060000,0.07940000,0.08030000,314374.09060000
2026-04-04 06:00:00,0.08030000,0.08040000,0.07920000,0.08000000,308075.85590000
2026-04-04 10:00:00,0.08000000,0.08080000,0.07940000,0.08080000,312725.90140000
2026-04-04 14:00:00,0.08080000,0.08150000,0.07990000,0.08070000,446791.16070000
2026-04-04 18:00:00,0.08070000,0.08100000,0.08000000,0.08040000,324725.39960000
2026-04-04 22:00:00,0.08040000,0.08050000,0.07960000,0.08000000,265351.71900000
2026-04-05 02:00:00,0.08000000,0.08010000,0.07890000,0.07920000,342694.80750000
2026-04-05 06:00:00,0.07920000,0.07930000,0.07630000,0.07740000,1081045.73670000
2026-04-05 10:00:00,0.07740000,0.07840000,0.07710000,0.07760000,337126.77470000
2026-04-05 14:00:00,0.07760000,0.07790000,0.07650000,0.07720000,596020.30370000
2026-04-05 18:00:00,0.07720000,0.07830000,0.07700000,0.07760000,420718.48850000
2026-04-05 22:00:00,0.07760000,0.08060000,0.07740000,0.08060000,663902.24280000
2026-04-06 02:00:00,0.08060000,0.08170000,0.08030000,0.08070000,745565.45900000
2026-04-06 06:00:00,0.08070000,0.08140000,0.08010000,0.08080000,376419.13230000
2026-04-06 10:00:00,0.08080000,0.08360000,0.08070000,0.08330000,836356.89620000
2026-04-06 14:00:00,0.08330000,0.08550000,0.08210000,0.08470000,1402269.88220000
2026-04-06 18:00:00,0.08470000,0.08510000,0.08280000,0.08390000,1007437.34170000
2026-04-06 22:00:00,0.08390000,0.08420000,0.08060000,0.08170000,699295.28260000
2026-04-07 02:00:00,0.08170000,0.08270000,0.08110000,0.08130000,774326.98740000
2026-04-07 06:00:00,0.08130000,0.08180000,0.08020000,0.08080000,442009.12280000
2026-04-07 10:00:00,0.08080000,0.08210000,0.08020000,0.08040000,629938.21940000
2026-04-07 14:00:00,0.08040000,0.08240000,0.07930000,0.08150000,997337.08440000
2026-04-07 18:00:00,0.08150000,0.08440000,0.08080000,0.08430000,802087.37210000
2026-04-07 22:00:00,0.08430000,0.09130000,0.08340000,0.09080000,2113571.32120000
2026-04-08 02:00:00,0.09080000,0.09220000,0.08930000,0.08950000,1254861.58350000
2026-04-08 06:00:00,0.08950000,0.09290000,0.08940000,0.09210000,1172422.92110000
2026-04-08 10:00:00,0.09210000,0.09430000,0.09070000,0.09190000,1440110.22910000
2026-04-08 14:00:00,0.09190000,0.09240000,0.08910000,0.09130000,1474174.61940000
2026-04-08 18:00:00,0.09130000,0.09220000,0.08830000,0.08890000,1048292.05760000
2026-04-08 22:00:00,0.08890000,0.09060000,0.08770000,0.08810000,833018.22410000
2026-04-09 02:00:00,0.08810000,0.08820000,0.08600000,0.08630000,574546.75480000
2026-04-09 06:00:00,0.08630000,0.08740000,0.08580000,0.08660000,446305.77230000
2026-04-09 10:00:00,0.08660000,0.08800000,0.08650000,0.08670000,656922.89330000
2026-04-09 14:00:00,0.08670000,0.09170000,0.08640000,0.09090000,1015225.11030000
2026-04-09 18:00:00,0.09090000,0.09210000,0.08980000,0.09180000,1211701.56340000
2026-04-09 22:00:00,0.09180000,0.09370000,0.09030000,0.09040000,957231.62240000
2026-04-10 02:00:00,0.09040000,0.09490000,0.09010000,0.09470000,1202615.64570000
2026-04-10 06:00:00,0.09470000,0.09890000,0.09450000,0.09560000,2114817.01990000
2026-04-10 10:00:00,0.09560000,0.09830000,0.09460000,0.09470000,1292652.23380000
2026-04-10 14:00:00,0.09470000,0.09750000,0.09320000,0.09620000,1852620.82940000
2026-04-10 18:00:00,0.09620000,0.09870000,0.09530000,0.09610000,1504957.43430000
2026-04-10 22:00:00,0.09610000,0.09640000,0.09390000,0.09450000,767786.52180000
2026-04-11 02:00:00,0.09450000,0.09520000,0.09330000,0.09420000,586685.99050000
2026-04-11 06:00:00,0.09420000,0.09500000,0.09320000,0.09350000,570205.47460000
2026-04-11 10:00:00,0.09350000,0.09380000,0.09240000,0.09330000,732290.34310000
2026-04-11 14:00:00,0.09330000,0.09580000,0.09210000,0.09570000,660864.70010000
2026-04-11 18:00:00,0.09570000,0.09830000,0.09520000,0.09740000,1257204.39370000
2026-04-11 22:00:00,0.09740000,0.09800000,0.09540000,0.09600000,659541.05160000
2026-04-12 02:00:00,0.09600000,0.09770000,0.09120000,0.09170000,1136613.98250000
2026-04-12 06:00:00,0.09170000,0.09210000,0.09120000,0.09160000,369757.29840000
2026-04-12 10:00:00,0.09160000,0.09240000,0.09120000,0.09170000,344704.09910000
2026-04-12 14:00:00,0.09170000,0.09220000,0.09000000,0.09060000,959761.77700000
2026-04-12 18:00:00,0.09060000,0.09290000,0.09000000,0.09210000,661420.29000000
2026-04-12 22:00:00,0.09210000,0.09410000,0.09070000,0.09120000,798945.37760000
2026-04-13 02:00:00,0.09120000,0.09350000,0.09080000,0.09320000,689459.89120000
2026-04-13 06:00:00,0.09320000,0.09470000,0.09060000,0.09100000,1171252.48290000
2026-04-13 10:00:00,0.09100000,0.09240000,0.09080000,0.09220000,797400.23820000
2026-04-13 14:00:00,0.09220000,0.09530000,0.09140000,0.09330000,1957003.71640000
2026-04-13 18:00:00,0.09330000,0.09690000,0.09250000,0.09680000,1666788.88420000
2026-04-13 22:00:00,0.09680000,0.10160000,0.09510000,0.10090000,3174588.60220000
2026-04-14 02:00:00,0.10090000,0.10110000,0.09820000,0.09840000,1339818.13910000
2026-04-14 06:00:00,0.09840000,0.09860000,0.09650000,0.09690000,863860.11180000
2026-04-14 10:00:00,0.09690000,0.09760000,0.09620000,0.09640000,780333.66870000
2026-04-14 14:00:00,0.09640000,0.09830000,0.09510000,0.09550000,1350232.92150000
2026-04-14 18:00:00,0.09550000,0.09650000,0.09430000,0.09510000,599037.16490000
2026-04-14 22:00:00,0.09510000,0.09630000,0.09460000,0.09620000,552521.04480000
2026-04-15 02:00:00,0.09620000,0.09860000,0.09600000,0.09720000,716222.24050000
2026-04-15 06:00:00,0.09720000,0.09760000,0.09460000,0.09480000,617067.04520000
2026-04-15 10:00:00,0.09480000,0.09720000,0.09450000,0.09680000,645424.14680000
2026-04-15 14:00:00,0.09680000,0.09900000,0.09600000,0.09680000,1002523.37100000
2026-04-15 18:00:00,0.09680000,0.10090000,0.09660000,0.10030000,797958.01530000
2026-04-15 22:00:00,0.10030000,0.10080000,0.09900000,0.09920000,520640.32170000
2026-04-16 02:00:00,0.09920000,0.10190000,0.09860000,0.10170000,633271.41800000
2026-04-16 06:00:00,0.10170000,0.10447000,0.10150000,0.10395000,914379.70938000
2026-04-16 10:00:00,0.10395000,0.10423000,0.10078000,0.10136000,730032.58514000
2026-04-16 14:00:00,0.10136000,0.10834000,0.10078000,0.10812000,1902859.91457000
2026-04-16 18:00:00,0.10812000,0.11566000,0.10479000,0.11436000,2561222.11237000
2026-04-16 22:00:00,0.11436000,0.11523000,0.11207000,0.11346000,1137353.81856000
2026-04-17 02:00:00,0.11346000,0.11382000,0.10959000,0.10986000,1202646.60354000
2026-04-17 06:00:00,0.10986000,0.11169000,0.10873000,0.11145000,802701.50972000
2026-04-17 10:00:00,0.11145000,0.11374000,0.10949000,0.11296000,1297549.70344000
2026-04-17 14:00:00,0.11296000,0.11912000,0.11187000,0.11698000,2484326.78815000
2026-04-17 18:00:00,0.11698000,0.13314000,0.11677000,0.13064000,4674128.19101000
2026-04-17 22:00:00,0.13064000,0.13659000,0.12492000,0.12492000,3375339.87721000
2026-04-18 02:00:00,0.12492000,0.12686000,0.12261000,0.12325000,1184083.45604000
2026-04-18 06:00:00,0.12325000,0.12584000,0.12235000,0.12537000,995293.48156000
2026-04-18 10:00:00,0.12537000,0.12579000,0.11894000,0.11984000,1737689.97680000
2026-04-18 14:00:00,0.11984000,0.12430000,0.11968000,0.12400000,1466962.77520000
2026-04-18 18:00:00,0.12400000,0.12403000,0.11849000,0.11907000,1153900.68878000
2026-04-18 22:00:00,0.11907000,0.12192000,0.11877000,0.11984000,620156.35835000
2026-04-19 02:00:00,0.11984000,0.12198000,0.11764000,0.11949000,1127559.16585000
2026-04-19 06:00:00,0.11949000,0.12179000,0.11756000,0.11862000,1004930.25214000
2026-04-19 10:00:00,0.11862000,0.12153000,0.11708000,0.12100000,939568.89458000
2026-04-19 14:00:00,0.12100000,0.12290000,0.11700000,0.11894000,1254111.65350000
2026-04-19 18:00:00,0.11894000,0.11908000,0.11452000,0.11599000,1087178.73629000
2026-04-19 22:00:00,0.11599000,0.11661000,0.11165000,0.11237000,953358.81020000
2026-04-20 02:00:00,0.11237000,0.11616000,0.11231000,0.11552000,644074.79165000
2026-04-20 06:00:00,0.11552000,0.11922000,0.11371000,0.11646000,912727.42440000
2026-04-20 10:00:00,0.11646000,0.11661000,0.11426000,0.11554000,822569.30633000
2026-04-20 14:00:00,0.11554000,0.11798000,0.11418000,0.11571000,1186854.47820000
2026-04-20 18:00:00,0.11571000,0.11583000,0.11312000,0.11404000,992254.57907000
2026-04-20 22:00:00,0.11404000,0.11504000,0.11183000,0.11199000,581997.55984000
2026-04-21 02:00:00,0.11199000,0.11265000,0.11039000,0.11071000,669581.93612000
2026-04-21 06:00:00,0.11071000,0.11240000,0.11026000,0.11115000,643555.44949000
2026-04-21 10:00:00,0.11115000,0.11494000,0.11106000,0.11368000,710507.44455000
2026-04-21 14:00:00,0.11368000,0.11398000,0.11060000,0.11243000,1004223.86186000
2026-04-21 18:00:00,0.11243000,0.11308000,0.10937000,0.10973000,1143778.84270000
2026-04-21 22:00:00,0.10973000,0.11217000,0.10943000,0.11197000,525008.23519000
2026-04-22 02:00:00,0.11197000,0.11368000,0.11048000,0.11295000,816348.30307000
2026-04-22 06:00:00,0.11295000,0.11464000,0.11135000,0.11203000,846209.71615000
2026-04-22 10:00:00,0.11203000,0.11268000,0.11068000,0.11153000,630079.56553000
2026-04-22 14:00:00,0.11153000,0.11233000,0.10977000,0.11091000,1250772.13783000
2026-04-22 18:00:00,0.11091000,0.11230000,0.10843000,0.10924000,1224600.85612000
2026-04-22 22:00:00,0.10924000,0.11001000,0.10632000,0.10639000,1368821.10434000
2026-04-23 02:00:00,0.10639000,0.10783000,0.10446000,0.10501000,969594.86437000
2026-04-23 06:00:00,0.10501000,0.10618000,0.10475000,0.10575000,431288.65185000
2026-04-23 10:00:00,0.10575000,0.10642000,0.10429000,0.10532000,583445.69511000
2026-04-23 14:00:00,0.10532000,0.10816000,0.10528000,0.10768000,820517.77485000
2026-04-23 18:00:00,0.10768000,0.10998000,0.10434000,0.10944000,837973.86303000
2026-04-23 22:00:00,0.10944000,0.11112000,0.10916000,0.10973000,730686.41679000
2026-04-24 02:00:00,0.10973000,0.11173000,0.10846000,0.10889000,750718.51093000
2026-04-24 06:00:00,0.10889000,0.10907000,0.10788000,0.10842000,392242.01589000
2026-04-24 10:00:00,0.10842000,0.11012000,0.10708000,0.10958000,780870.85519000
2026-04-24 14:00:00,0.10958000,0.11033000,0.10725000,0.10868000,1059954.54449000
2026-04-24 18:00:00,0.10868000,0.10929000,0.10766000,0.10844000,483105.53805000
2026-04-24 22:00:00,0.10844000,0.11016000,0.10737000,0.10857000,479907.57568000
2026-04-25 02:00:00,0.10857000,0.10999000,0.10778000,0.10950000,331375.38538000
2026-04-25 06:00:00,0.10950000,0.11022000,0.10872000,0.10892000,396756.06643000
2026-04-25 10:00:00,0.10892000,0.11078000,0.10784000,0.10825000,592718.02780000
2026-04-25 14:00:00,0.10825000,0.10866000,0.10698000,0.10756000,371332.90883000
2026-04-25 18:00:00,0.10756000,0.10811000,0.10607000,0.10653000,489067.20035000
2026-04-25 22:00:00,0.10653000,0.10741000,0.10619000,0.10728000,174389.33032000
2026-04-26 02:00:00,0.10728000,0.10735000,0.10578000,0.10620000,326315.32627000
2026-04-26 06:00:00,0.10620000,0.10962000,0.10584000,0.10936000,470272.19027000
2026-04-26 10:00:00,0.10936000,0.11132000,0.10894000,0.11061000,650443.87827000
2026-04-26 14:00:00,0.11061000,0.11084000,0.10783000,0.10948000,818691.94752000
2026-04-26 18:00:00,0.10948000,0.11025000,0.10837000,0.10913000,682943.18153000
2026-04-26 22:00:00,0.10913000,0.11005000,0.10803000,0.10924000,517753.43041000
2026-04-27 02:00:00,0.10924000,0.11359000,0.10889000,0.11195000,960538.15503000
2026-04-27 06:00:00,0.11195000,0.11239000,0.10602000,0.10625000,1576798.33445000
2026-04-27 10:00:00,0.10625000,0.10723000,0.10541000,0.10618000,641823.27412000
2026-04-27 14:00:00,0.10618000,0.10852000,0.10443000,0.10497000,1435028.30324000
2026-04-27 18:00:00,0.10497000,0.10645000,0.10406000,0.10487000,833736.20257000
2026-04-27 22:00:00,0.10487000,0.10722000,0.10480000,0.10698000,421147.29935000
2026-04-28 02:00:00,0.10698000,0.10753000,0.10591000,0.10626000,287105.59567000
2026-04-28 06:00:00,0.10626000,0.10731000,0.10461000,0.10535000,661918.14588000
2026-04-28 10:00:00,0.10535000,0.10641000,0.10470000,0.10522000,565106.80380000
2026-04-28 14:00:00,0.10522000,0.10693000,0.10454000,0.10672000,853480.89062000
2026-04-28 18:00:00,0.10672000,0.10741000,0.10562000,0.10680000,345860.55208000
2026-04-28 22:00:00,0.10680000,0.10719000,0.10546000,0.10605000,254041.58560000
2026-04-29 02:00:00,0.10605000,0.10826000,0.10584000,0.10826000,353194.40352000
2026-04-29 06:00:00,0.10826000,0.10927000,0.10769000,0.10812000,582416.28707000
2026-04-29 10:00:00,0.10812000,0.11014000,0.10753000,0.10832000,740503.51336000
2026-04-29 14:00:00,0.10832000,0.10836000,0.10180000,0.10224000,1436088.35388000
2026-04-29 18:00:00,0.10224000,0.10335000,0.09992000,0.10240000,1062560.26741000
2026-04-29 22:00:00,0.10240000,0.10421000,0.10224000,0.10388000,509147.11642000
2026-04-30 02:00:00,0.10388000,0.10516000,0.10243000,0.10319000,474014.62507000
2026-04-30 06:00:00,0.10319000,0.10393000,0.10207000,0.10381000,413565.54402000
2026-04-30 10:00:00,0.10381000,0.10451000,0.10285000,0.10382000,558324.29536000
2026-04-30 14:00:00,0.10382000,0.10468000,0.10162000,0.10292000,641801.40571000
2026-04-30 18:00:00,0.10292000,0.10320000,0.10216000,0.10249000,244766.49688000
2026-04-30 22:00:00,0.10249000,0.10288000,0.10172000,0.10263000,208122.72352000
2026-05-01 02:00:00,0.10263000,0.10522000,0.10258000,0.10404000,415260.54775000
2026-05-01 06:00:00,0.10404000,0.10438000,0.10222000,0.10240000,348790.57703000
2026-05-01 10:00:00,0.10240000,0.10306000,0.10140000,0.10289000,446168.75139000
2026-05-01 14:00:00,0.10289000,0.10534000,0.10275000,0.10428000,908249.99055000
2026-05-01 18:00:00,0.10428000,0.10456000,0.10319000,0.10355000,378433.97412000
2026-05-01 22:00:00,0.10355000,0.10371000,0.10150000,0.10203000,464839.11308000
2026-05-02 02:00:00,0.10203000,0.10303000,0.10147000,0.10285000,499328.43931000
2026-05-02 06:00:00,0.10285000,0.10303000,0.10066000,0.10173000,682326.33945000
2026-05-02 10:00:00,0.10173000,0.10214000,0.10067000,0.10090000,301164.69730000
2026-05-02 14:00:00,0.10090000,0.10266000,0.10089000,0.10258000,327309.45574000
2026-05-02 18:00:00,0.10258000,0.10371000,0.10188000,0.10326000,546236.75700000
2026-05-02 22:00:00,0.10326000,0.10400000,0.10240000,0.10249000,317539.23310000
2026-05-03 02:00:00,0.10249000,0.10350000,0.09982000,0.10014000,713512.87972000
2026-05-03 06:00:00,0.10014000,0.10090000,0.09979000,0.10056000,327992.87960000
2026-05-03 10:00:00,0.10056000,0.10188000,0.10022000,0.10126000,418349.16992000
2026-05-03 14:00:00,0.10126000,0.10200000,0.10022000,0.10047000,725280.13719000
2026-05-03 18:00:00,0.10047000,0.10116000,0.10005000,0.10085000,274406.24422000
2026-05-03 22:00:00,0.10085000,0.10258000,0.10027000,0.10046000,653393.57575000
2026-05-04 02:00:00,0.10046000,0.10745000,0.09868000,0.10653000,1596287.39042000
2026-05-04 06:00:00,0.10653000,0.10812000,0.10460000,0.10507000,953508.08353000
2026-05-04 10:00:00,0.10507000,0.10645000,0.10124000,0.10241000,1603502.22832000
2026-05-04 14:00:00,0.10241000,0.10412000,0.10104000,0.10179000,1684582.86151000
2026-05-04 18:00:00,0.10179000,0.10405000,0.10086000,0.10217000,1089778.01960000
2026-05-04 22:00:00,0.10217000,0.10226000,0.09967000,0.10023000,815361.50243000
2026-05-05 02:00:00,0.10023000,0.10320000,0.09979000,0.10272000,1361004.02726000
2026-05-05 06:00:00,0.10272000,0.10485000,0.10182000,0.10466000,739438.06715000
2026-05-05 10:00:00,0.10466000,0.10985000,0.10433000,0.10723000,2073534.56041000
2026-05-05 14:00:00,0.10723000,0.11068000,0.10668000,0.10891000,2203569.50765000
2026-05-05 18:00:00,0.10891000,0.11357000,0.10857000,0.11084000,1748007.72318000
2026-05-05 22:00:00,0.11084000,0.11187000,0.10885000,0.10955000,1288635.89829000
2026-05-06 02:00:00,0.10955000,0.11163000,0.10937000,0.11089000,913069.11832000
2026-05-06 06:00:00,0.11089000,0.11220000,0.10956000,0.11178000,800158.03709000
2026-05-06 10:00:00,0.11178000,0.12297000,0.11171000,0.12136000,2497239.83914000
2026-05-06 14:00:00,0.12136000,0.12621000,0.11655000,0.11732000,3697320.38974000
2026-05-06 18:00:00,0.11732000,0.11918000,0.11600000,0.11832000,1124308.60242000
2026-05-06 22:00:00,0.11832000,0.12197000,0.11822000,0.12079000,1059134.35084000
2026-05-07 02:00:00,0.12079000,0.12125000,0.11486000,0.11510000,1162535.00939000
2026-05-07 06:00:00,0.11510000,0.12306000,0.11474000,0.12256000,1228843.64819000
2026-05-07 10:00:00,0.12256000,0.12774000,0.11984000,0.12382000,2763358.65122000
2026-05-07 14:00:00,0.12382000,0.12644000,0.11678000,0.11775000,2189507.14202000
2026-05-07 18:00:00,0.11775000,0.12078000,0.11735000,0.11966000,1158404.41828000
2026-05-07 22:00:00,0.11966000,0.12120000,0.11798000,0.11954000,592484.33235000
2026-05-08 02:00:00,0.11954000,0.12028000,0.11723000,0.11941000,642025.29695000
2026-05-08 06:00:00,0.11941000,0.12218000,0.11796000,0.12153000,1227080.85818000
2026-05-08 10:00:00,0.12153000,0.12324000,0.11998000,0.12283000,1114104.14580000
2026-05-08 14:00:00,0.12283000,0.12618000,0.12229000,0.12470000,1779345.09144000
2026-05-08 18:00:00,0.12470000,0.13114000,0.12305000,0.13089000,1741009.42833000
2026-05-08 22:00:00,0.13089000,0.13557000,0.12917000,0.13170000,2597497.26095000
2026-05-09 02:00:00,0.13170000,0.13502000,0.13035000,0.13221000,1419914.00756000
2026-05-09 06:00:00,0.13221000,0.13518000,0.13035000,0.13146000,1375645.70486000
2026-05-09 10:00:00,0.13146000,0.13350000,0.12776000,0.12955000,1311629.15235000
2026-05-09 14:00:00,0.12955000,0.13164000,0.12772000,0.12814000,1229314.13949000
2026-05-09 18:00:00,0.12814000,0.13172000,0.12762000,0.13165000,767372.63324000
2026-05-09 22:00:00,0.13165000,0.13211000,0.12911000,0.12985000,421516.20195000
2026-05-10 02:00:00,0.12985000,0.13077000,0.12652000,0.12767000,945567.04202000
2026-05-10 06:00:00,0.12767000,0.13030000,0.12739000,0.12933000,597147.79229000
2026-05-10 10:00:00,0.12933000,0.13193000,0.12820000,0.12826000,938872.95931000
2026-05-10 14:00:00,0.12826000,0.13189000,0.12768000,0.13149000,1192002.42832000
2026-05-10 18:00:00,0.13149000,0.14000000,0.13149000,0.13694000,3547141.70341000
2026-05-10 22:00:00,0.13694000,0.13739000,0.12757000,0.13215000,2305037.59669000
2026-05-11 02:00:00,0.13215000,0.13358000,0.12566000,0.12750000,1307827.48548000
2026-05-11 06:00:00,0.12750000,0.13001000,0.12639000,0.12913000,1167800.78649000
2026-05-11 10:00:00,0.12913000,0.13104000,0.12752000,0.13038000,896747.21142000
2026-05-11 14:00:00,0.13038000,0.13124000,0.12604000,0.13113000,2040416.86736000
2026-05-11 18:00:00,0.13113000,0.13294000,0.12855000,0.13051000,1291117.67528000
2026-05-11 22:00:00,0.13051000,0.13156000,0.12804000,0.12878000,678689.67179000
2026-05-12 02:00:00,0.12878000,0.12891000,0.12405000,0.12637000,1225985.02757000
2026-05-12 06:00:00,0.12637000,0.12872000,0.12530000,0.12610000,923115.02813000
2026-05-12 10:00:00,0.12610000,0.12616000,0.12237000,0.12325000,1079496.87716000
2026-05-12 14:00:00,0.12325000,0.12345000,0.11963000,0.12023000,1293312.11400000
2026-05-12 22:00:00,0.12023000,0.12263000,0.12130000,0.12162000,320493.55095000
2026-05-13 02:00:00,0.12162000,0.12483000,0.12132000,0.12457000,944724.29165000
2026-05-13 06:00:00,0.12457000,0.12524000,0.12287000,0.12365000,639806.14649000
2026-05-13 10:00:00,0.12365000,0.12563000,0.12051000,0.12093000,1260347.81483000
2026-05-13 14:00:00,0.12093000,0.12145000,0.11456000,0.11487000,1976274.43218000
2026-05-13 18:00:00,0.11487000,0.11858000,0.11481000,0.11709000,844489.10395000
2026-05-13 22:00:00,0.11709000,0.11778000,0.11571000,0.11663000,336418.24182000
2026-05-14 02:00:00,0.11663000,0.11748000,0.11503000,0.11538000,624022.95403000
2026-05-14 06:00:00,0.11538000,0.11839000,0.11513000,0.11663000,766703.27931000
2026-05-14 10:00:00,0.11663000,0.11699000,0.11548000,0.11550000,499103.76774000
2026-05-14 14:00:00,0.11550000,0.12329000,0.11537000,0.12307000,1379721.49574000
2026-05-14 18:00:00,0.12307000,0.12562000,0.12170000,0.12280000,1480336.65966000
2026-05-14 22:00:00,0.12280000,0.12299000,0.12029000,0.12074000,796040.22819000
2026-05-15 02:00:00,0.12074000,0.12217000,0.11938000,0.12113000,907744.17501000
2026-05-15 06:00:00,0.12113000,0.12121000,0.11686000,0.11947000,1288278.26628000
2026-05-15 10:00:00,0.11947000,0.11951000,0.11765000,0.11809000,810978.33992000
2026-05-15 14:00:00,0.11809000,0.11812000,0.10980000,0.11050000,2395409.72945000
2026-05-15 18:00:00,0.11050000,0.11278000,0.11015000,0.11196000,715002.46061000
2026-05-15 22:00:00,0.11196000,0.11205000,0.11054000,0.11089000,343313.40570000
2026-05-16 02:00:00,0.11089000,0.11193000,0.11020000,0.11158000,423000.31535000
2026-05-16 06:00:00,0.11158000,0.11170000,0.10605000,0.10764000,1794628.91682000
2026-05-16 10:00:00,0.10764000,0.10805000,0.10517000,0.10614000,1024776.62722000
2026-05-16 14:00:00,0.10614000,0.10730000,0.10583000,0.10695000,1149923.15711000
2026-05-16 18:00:00,0.10695000,0.10772000,0.10689000,0.10748000,294140.06733000
2026-05-16 22:00:00,0.10748000,0.10788000,0.10673000,0.10682000,353686.15185000
2026-05-17 02:00:00,0.10682000,0.10727000,0.10546000,0.10659000,536092.10490000
2026-05-17 06:00:00,0.10659000,0.10798000,0.10651000,0.10754000,496486.38947000
2026-05-17 10:00:00,0.10754000,0.10866000,0.10691000,0.10738000,730642.26592000
2026-05-17 14:00:00,0.10738000,0.10798000,0.10572000,0.10667000,473733.29051000
2026-05-17 18:00:00,0.10667000,0.10719000,0.10572000,0.10694000,316685.36316000
2026-05-17 22:00:00,0.10694000,0.10738000,0.10050000,0.10440000,1537443.81764000
2026-05-18 02:00:00,0.10440000,0.10604000,0.10323000,0.10485000,1136715.81776000
2026-05-18 06:00:00,0.10485000,0.10522000,0.10241000,0.10324000,684924.19437000
2026-05-18 10:00:00,0.10324000,0.10540000,0.10251000,0.10412000,734691.62857000
2026-05-18 14:00:00,0.10412000,0.10566000,0.10181000,0.10304000,1508056.21571000
2026-05-18 18:00:00,0.10304000,0.10448000,0.10159000,0.10426000,906033.49455000
2026-05-18 22:00:00,0.10426000,0.10598000,0.10401000,0.10554000,618797.12722000
2026-05-19 02:00:00,0.10554000,0.10638000,0.10416000,0.10545000,644106.78282000
2026-05-19 06:00:00,0.10545000,0.10705000,0.10509000,0.10663000,594370.62972000
2026-05-19 10:00:00,0.10663000,0.10672000,0.10276000,0.10309000,1339587.97197000
2026-05-19 14:00:00,0.10309000,0.10527000,0.10246000,0.10323000,1050259.88146000
2026-05-19 18:00:00,0.10323000,0.10427000,0.10273000,0.10321000,356167.95799000
2026-05-19 22:00:00,0.10321000,0.10395000,0.10245000,0.10281000,283138.87177000
2026-05-20 02:00:00,0.10281000,0.10469000,0.10211000,0.10396000,523600.21890000
2026-05-20 06:00:00,0.10396000,0.10643000,0.10369000,0.10563000,511737.92780000
2026-05-20 10:00:00,0.10563000,0.10661000,0.10513000,0.10546000,334357.50912000
2026-05-20 14:00:00,0.10546000,0.10754000,0.10442000,0.10664000,897861.28075000
2026-05-20 18:00:00,0.10664000,0.10744000,0.10547000,0.10626000,660816.82158000
2026-05-20 22:00:00,0.10626000,0.10669000,0.10494000,0.10574000,584099.40908000
2026-05-21 02:00:00,0.10574000,0.10782000,0.10569000,0.10733000,613555.87873000
2026-05-21 06:00:00,0.10733000,0.10777000,0.10573000,0.10681000,468978.24892000
2026-05-21 10:00:00,0.10681000,0.10819000,0.10373000,0.10429000,897848.11791000
2026-05-21 14:00:00,0.10429000,0.10562000,0.10309000,0.10488000,1278561.24801000
2026-05-21 18:00:00,0.10488000,0.10783000,0.10406000,0.10737000,1060828.56009000
2026-05-21 22:00:00,0.10737000,0.10803000,0.10619000,0.10682000,573395.03586000
2026-05-22 02:00:00,0.10682000,0.10777000,0.10575000,0.10702000,430430.26899000
2026-05-22 06:00:00,0.10702000,0.10775000,0.10556000,0.10693000,516969.27673000
2026-05-22 10:00:00,0.10693000,0.10808000,0.10614000,0.10803000,708442.12963000
2026-05-22 14:00:00,0.10803000,0.11022000,0.10508000,0.10594000,1893224.35569000
2026-05-22 18:00:00,0.10594000,0.10721000,0.10041000,0.10188000,1737971.85090000
2026-05-22 22:00:00,0.10188000,0.10298000,0.09880000,0.09987000,1169085.80541000
2026-05-23 02:00:00,0.09987000,0.10028000,0.09859000,0.09982000,613811.97323000
2026-05-23 06:00:00,0.09982000,0.09981000,0.09378000,0.09505000,1308977.88731000
2026-05-23 10:00:00,0.09505000,0.09628000,0.09448000,0.09535000,962474.35941000
2026-05-23 14:00:00,0.09535000,0.09840000,0.09479000,0.09787000,727560.36604000
2026-05-23 18:00:00,0.09787000,0.10225000,0.09777000,0.10116000,704836.67400000
2026-05-23 22:00:00,0.10116000,0.10628000,0.10073000,0.10205000,1702588.54059000
2026-05-24 02:00:00,0.10205000,0.10264000,0.10026000,0.10061000,410484.67720000
2026-05-24 06:00:00,0.10061000,0.10140000,0.09968000,0.10107000,443455.08303000
2026-05-24 10:00:00,0.10107000,0.10162000,0.10051000,0.10081000,369725.27562000
2026-05-24 14:00:00,0.10081000,0.10084000,0.09682000,0.09894000,877842.99478000
2026-05-24 18:00:00,0.09894000,0.09998000,0.09884000,0.09918000,317342.26133000
2026-05-24 22:00:00,0.09918000,0.09923000,0.09622000,0.09867000,570709.53118000
2026-05-25 02:00:00,0.09867000,0.09941000,0.09785000,0.09833000,536825.07107000
2026-05-25 06:00:00,0.09833000,0.10071000,0.09770000,0.10000000,877110.40802000
2026-05-25 10:00:00,0.10000000,0.10192000,0.09986000,0.10104000,943533.44030000
2026-05-25 14:00:00,0.10104000,0.10194000,0.10018000,0.10085000,603158.01475000
2026-05-25 18:00:00,0.10085000,0.10196000,0.10032000,0.10081000,872722.57954000
2026-05-25 22:00:00,0.10081000,0.10135000,0.09895000,0.10011000,681238.32333000
2026-05-26 02:00:00,0.10011000,0.10024000,0.09706000,0.09791000,920163.98399000
2026-05-26 06:00:00,0.09791000,0.10036000,0.09770000,0.09913000,599489.41499000
2026-05-26 10:00:00,0.09913000,0.10239000,0.09910000,0.10064000,1044830.68317000
2026-05-26 14:00:00,0.10064000,0.10399000,0.09962000,0.10077000,1784948.22653000
2026-05-26 18:00:00,0.10077000,0.10079000,0.09669000,0.09776000,1433666.34607000
2026-05-26 22:00:00,0.09776000,0.09801000,0.09662000,0.09676000,387868.83989000
2026-05-27 02:00:00,0.09676000,0.09817000,0.09546000,0.09567000,640979.48144000
2026-05-27 06:00:00,0.09567000,0.09683000,0.09443000,0.09601000,767692.50393000
2026-05-27 10:00:00,0.09601000,0.09634000,0.09465000,0.09552000,1183104.15624000
2026-05-27 14:00:00,0.09552000,0.09896000,0.09478000,0.09805000,1551333.66792000
2026-05-27 18:00:00,0.09805000,0.09843000,0.09412000,0.09610000,1439832.25980000
2026-05-27 22:00:00,0.09610000,0.09673000,0.09210000,0.09313000,1123097.34443000
2026-05-28 02:00:00,0.09313000,0.09355000,0.08932000,0.08963000,1215255.21041000
2026-05-28 06:00:00,0.08963000,0.08971000,0.08801000,0.08947000,1205127.75177000
2026-05-28 10:00:00,0.08947000,0.08953000,0.08709000,0.08743000,925340.87894000
2026-05-28 14:00:00,0.08743000,0.08789000,0.08545000,0.08734000,1713246.05292000
2026-05-28 18:00:00,0.08734000,0.08972000,0.08686000,0.08828000,767045.78482000
2026-05-28 22:00:00,0.08828000,0.08945000,0.08736000,0.08815000,709901.58725000
2026-05-29 02:00:00,0.08815000,0.08885000,0.08696000,0.08723000,689863.73694000
2026-05-29 06:00:00,0.08723000,0.08813000,0.08650000,0.08736000,507971.00343000
2026-05-29 10:00:00,0.08736000,0.08790000,0.08546000,0.08621000,986526.67671000
2026-05-29 14:00:00,0.08621000,0.08996000,0.08430000,0.08876000,2096624.96913000
2026-05-29 18:00:00,0.08876000,0.08929000,0.08642000,0.08675000,1270701.58763000
2026-05-29 22:00:00,0.08675000,0.08733000,0.08587000,0.08666000,484220.68890000
2026-05-30 02:00:00,0.08666000,0.08920000,0.08654000,0.08805000,574883.90164000
2026-05-30 06:00:00,0.08805000,0.08863000,0.08551000,0.08803000,922885.27001000
2026-05-30 10:00:00,0.08803000,0.08875000,0.08769000,0.08832000,332359.26230000
2026-05-30 14:00:00,0.08832000,0.08957000,0.08817000,0.08839000,492471.24562000
2026-05-30 18:00:00,0.08839000,0.08887000,0.08777000,0.08859000,250919.34430000
2026-05-30 22:00:00,0.08859000,0.08916000,0.08793000,0.08831000,238046.23056000
2026-05-31 02:00:00,0.08831000,0.09155000,0.08817000,0.09095000,1194167.95385000
2026-05-31 06:00:00,0.09095000,0.09298000,0.08966000,0.08984000,994718.06758000
2026-05-31 10:00:00,0.08984000,0.09070000,0.08901000,0.08987000,577791.24015000
2026-05-31 14:00:00,0.08987000,0.09099000,0.08708000,0.08792000,1605191.98232000
2026-05-31 18:00:00,0.08792000,0.08823000,0.08479000,0.08615000,1062762.15526000
2026-05-31 22:00:00,0.08615000,0.08903000,0.08614000,0.08813000,650805.75742000
2026-06-01 02:00:00,0.08813000,0.08996000,0.08638000,0.08953000,699686.72440000
2026-06-01 06:00:00,0.08953000,0.08987000,0.08561000,0.08577000,651935.03737000
2026-06-01 10:00:00,0.08577000,0.08692000,0.08525000,0.08612000,623596.22859000
2026-06-01 14:00:00,0.08612000,0.08695000,0.08462000,0.08584000,1298538.71890000
2026-06-01 18:00:00,0.08584000,0.08974000,0.08547000,0.08907000,1085561.19815000
2026-06-01 22:00:00,0.08907000,0.08927000,0.08701000,0.08874000,589389.90544000
2026-06-02 02:00:00,0.08874000,0.08899000,0.08544000,0.08835000,785579.48543000
2026-06-02 06:00:00,0.08835000,0.08860000,0.08505000,0.08592000,798553.93117000
2026-06-02 10:00:00,0.08592000,0.08718000,0.08514000,0.08627000,575738.77686000
2026-06-02 14:00:00,0.08627000,0.08779000,0.08151000,0.08297000,1956395.76036000
2026-06-02 18:00:00,0.08297000,0.10122000,0.08260000,0.09270000,9879564.44652000
2026-06-02 22:00:00,0.09270000,0.09515000,0.09008000,0.09434000,3368301.48096000
2026-06-03 02:00:00,0.09434000,0.09493000,0.08918000,0.09025000,1889077.76528000
2026-06-03 06:00:00,0.09025000,0.10326000,0.09022000,0.10245000,4142450.06019000
2026-06-03 10:00:00,0.10245000,0.10741000,0.09915000,0.10359000,5523972.30527000
2026-06-03 14:00:00,0.10359000,0.11628000,0.10193000,0.11549000,6979274.15581000
2026-06-03 18:00:00,0.11549000,0.11844000,0.10915000,0.11046000,5589916.08808000
2026-06-03 22:00:00,0.11046000,0.11551000,0.10723000,0.11201000,3772198.90894000
2026-06-04 02:00:00,0.11201000,0.11393000,0.10013000,0.11001000,6230179.75569000
2026-06-04 06:00:00,0.11001000,0.11287000,0.10086000,0.10177000,5105839.35572000
2026-06-04 10:00:00,0.10177000,0.10443000,0.09322000,0.09434000,4756851.42258000
2026-06-04 14:00:00,0.09434000,0.09971000,0.09185000,0.09881000,4346531.48782000
2026-06-04 18:00:00,0.09881000,0.10432000,0.09775000,0.09825000,3870577.13386000
2026-06-04 22:00:00,0.09825000,0.09910000,0.09235000,0.09449000,1914677.50846000
2026-06-05 02:00:00,0.09449000,0.09686000,0.08926000,0.08940000,2307816.67065000
2026-06-05 06:00:00,0.08940000,0.09144000,0.08253000,0.08828000,3555478.02963000
2026-06-05 10:00:00,0.08828000,0.09068000,0.08489000,0.08539000,1670163.35369000
2026-06-05 14:00:00,0.08539000,0.09104000,0.08295000,0.08322000,3522902.15507000
2026-06-05 18:00:00,0.08322000,0.09319000,0.08209000,0.08848000,4538636.28286000
2026-06-05 22:00:00,0.08848000,0.09703000,0.08676000,0.09452000,3927127.52536000
2026-06-06 02:00:00,0.09452000,0.09744000,0.09007000,0.09022000,2811975.32260000
2026-06-06 06:00:00,0.09022000,0.09835000,0.08691000,0.09175000,5253655.01469000
2026-06-06 10:00:00,0.09175000,0.09673000,0.08964000,0.09139000,2875578.65921000
2026-06-06 14:00:00,0.09139000,0.09481000,0.08942000,0.09109000,3725158.89803000
2026-06-06 18:00:00,0.09109000,0.09188000,0.08913000,0.08924000,1139643.07307000
2026-06-06 22:00:00,0.08924000,0.09085000,0.08863000,0.08958000,741967.97498000
2026-06-07 02:00:00,0.08958000,0.09501000,0.08936000,0.09177000,2000351.29410000
2026-06-07 06:00:00,0.09177000,0.09584000,0.09056000,0.09302000,1524512.33275000
2026-06-07 10:00:00,0.09302000,0.09336000,0.09001000,0.09093000,1521239.16002000
2026-06-07 14:00:00,0.09093000,0.09256000,0.08815000,0.09086000,1691536.69156000
2026-06-07 18:00:00,0.09086000,0.09108000,0.08603000,0.08684000,1376463.86779000
2026-06-07 22:00:00,0.08684000,0.09276000,0.08657000,0.08978000,1639097.55241000
2026-06-08 02:00:00,0.08978000,0.09102000,0.08805000,0.08855000,1176393.07320000
2026-06-08 06:00:00,0.08855000,0.08905000,0.08569000,0.08811000,1403811.40777000
2026-06-08 10:00:00,0.08811000,0.08884000,0.08611000,0.08784000,1075774.10240000
2026-06-08 14:00:00,0.08784000,0.08997000,0.08651000,0.08899000,1464796.77425000
2026-06-08 18:00:00,0.08899000,0.09063000,0.08771000,0.08898000,1348555.89235000
2026-06-08 22:00:00,0.08898000,0.08938000,0.08498000,0.08527000,1250333.22989000
2026-06-09 02:00:00,0.08527000,0.08549000,0.07966000,0.08095000,2305660.04622000
2026-06-09 06:00:00,0.08095000,0.08260000,0.08071000,0.08172000,1125754.11514000
2026-06-09 10:00:00,0.08172000,0.08179000,0.07994000,0.08044000,1179519.99768000
2026-06-09 14:00:00,0.08044000,0.08581000,0.07989000,0.08015000,3905642.19664000
2026-06-09 18:00:00,0.08015000,0.08208000,0.07784000,0.08135000,2310440.15336000
2026-06-09 22:00:00,0.08135000,0.08290000,0.07981000,0.08026000,774295.00370000
2026-06-10 02:00:00,0.08026000,0.08102000,0.07881000,0.07924000,916899.89230000
2026-06-10 06:00:00,0.07924000,0.08044000,0.07854000,0.07914000,1010093.42718000
2026-06-10 10:00:00,0.07914000,0.07984000,0.07694000,0.07717000,1653781.32189000
2026-06-10 14:00:00,0.07717000,0.08016000,0.07680000,0.07842000,2484863.22855000
2026-06-10 18:00:00,0.07842000,0.07868000,0.07210000,0.07234000,3137237.64137000
2026-06-10 22:00:00,0.07234000,0.07286000,0.06981000,0.07192000,1990591.35751000
2026-06-11 02:00:00,0.07192000,0.07816000,0.07185000,0.07646000,1396125.57966000
2026-06-11 06:00:00,0.07646000,0.07709000,0.07439000,0.07482000,1136458.46888000
2026-06-11 10:00:00,0.07482000,0.07700000,0.07482000,0.07651000,878487.74145000
2026-06-11 14:00:00,0.07651000,0.07656000,0.07488000,0.07616000,1001192.26220000
2026-06-11 18:00:00,0.07616000,0.07914000,0.07498000,0.07768000,2280486.76542000
2026-06-11 22:00:00,0.07768000,0.08094000,0.07688000,0.07980000,1451890.28474000
2026-06-12 02:00:00,0.07980000,0.08019000,0.07804000,0.07949000,849809.97911000
2026-06-12 06:00:00,0.07949000,0.08068000,0.07711000,0.07797000,1390939.81517000
2026-06-12 10:00:00,0.07797000,0.08030000,0.07791000,0.07920000,870633.62529000
2026-06-12 14:00:00,0.07920000,0.08283000,0.07775000,0.07781000,3225866.93909000
2026-06-12 18:00:00,0.07781000,0.08024000,0.07740000,0.07947000,813022.90828000
2026-06-12 22:00:00,0.07947000,0.08012000,0.07768000,0.07829000,436546.72025000
2026-06-13 02:00:00,0.07829000,0.07868000,0.07667000,0.07749000,916563.84882000
2026-06-13 06:00:00,0.07749000,0.08315000,0.07706000,0.08121000,1017041.02431000
2026-06-13 10:00:00,0.08121000,0.08326000,0.08071000,0.08248000,1074647.08958000
2026-06-13 14:00:00,0.08248000,0.08689000,0.08232000,0.08526000,2264240.88554000
2026-06-13 18:00:00,0.08526000,0.08605000,0.08428000,0.08456000,931527.59121000
2026-06-13 22:00:00,0.08456000,0.08586000,0.08345000,0.08389000,641864.45486000
2026-06-14 02:00:00,0.08389000,0.08560000,0.08362000,0.08429000,716579.04110000
2026-06-14 06:00:00,0.08429000,0.08493000,0.08238000,0.08297000,946818.51581000
2026-06-14 10:00:00,0.08297000,0.08385000,0.08206000,0.08269000,915064.88412000
2026-06-14 14:00:00,0.08269000,0.08277000,0.08037000,0.08072000,1369228.77098000
2026-06-14 18:00:00,0.08072000,0.08136000,0.07883000,0.07996000,1461106.55808000
2026-06-14 22:00:00,0.07996000,0.08518000,0.07986000,0.08402000,1758576.25867000
2026-06-15 02:00:00,0.08402000,0.08476000,0.08290000,0.08395000,823084.17863000
2026-06-15 06:00:00,0.08395000,0.08711000,0.08368000,0.08534000,999895.62277000
2026-06-15 10:00:00,0.08534000,0.08952000,0.08487000,0.08680000,1378550.36524000
2026-06-15 14:00:00,0.08680000,0.09045000,0.08623000,0.08963000,2428241.92641000
2026-06-15 18:00:00,0.08963000,0.09001000,0.08554000,0.08610000,1111268.95065000
2026-06-15 22:00:00,0.08610000,0.08709000,0.08401000,0.08542000,897719.78337000
2026-06-16 02:00:00,0.08542000,0.08614000,0.08387000,0.08602000,732123.91248000
2026-06-16 06:00:00,0.08602000,0.08879000,0.08463000,0.08751000,1038411.81064000
2026-06-16 10:00:00,0.08751000,0.08865000,0.08658000,0.08714000,855002.25130000
2026-06-16 14:00:00,0.08714000,0.08848000,0.08393000,0.08496000,1789984.69939000
2026-06-16 18:00:00,0.08496000,0.08798000,0.08401000,0.08596000,1204986.17429000
2026-06-16 22:00:00,0.08596000,0.08879000,0.08564000,0.08599000,1217374.62794000
2026-06-17 02:00:00,0.08599000,0.08879000,0.08580000,0.08679000,861697.09409000
2026-06-17 06:00:00,0.08679000,0.08776000,0.08544000,0.08605000,1259558.30363000
2026-06-17 10:00:00,0.08605000,0.08868000,0.08473000,0.08769000,1516089.12461000
2026-06-17 14:00:00,0.08769000,0.09392000,0.08691000,0.09375000,3030553.84278000
2026-06-17 18:00:00,0.09375000,0.09609000,0.09015000,0.09126000,2981883.40336000
2026-06-17 22:00:00,0.09126000,0.09605000,0.08921000,0.09503000,1407759.78320000
2026-06-18 02:00:00,0.09503000,0.09827000,0.09438000,0.09445000,2882625.58253000
2026-06-18 06:00:00,0.09445000,0.09567000,0.09101000,0.09438000,3228729.96447000
2026-06-18 10:00:00,0.09438000,0.09609000,0.09203000,0.09212000,1750820.79964000
2026-06-18 14:00:00,0.09212000,0.09503000,0.08995000,0.09018000,2724810.78408000
2026-06-18 18:00:00,0.09018000,0.09192000,0.08827000,0.09153000,2339884.63507000
2026-06-18 22:00:00,0.09153000,0.09578000,0.09114000,0.09554000,1775825.42897000
2026-06-19 02:00:00,0.09554000,0.09607000,0.08945000,0.09041000,1768547.17150000
2026-06-19 06:00:00,0.09041000,0.09089000,0.08651000,0.08675000,1415696.90856000
2026-06-19 10:00:00,0.08675000,0.08804000,0.08634000,0.08684000,799185.23391000
2026-06-19 14:00:00,0.08684000,0.09111000,0.08627000,0.08899000,1363665.95541000
2026-06-19 18:00:00,0.08899000,0.09022000,0.08739000,0.08767000,766765.74259000
2026-06-19 22:00:00,0.08767000,0.08871000,0.08706000,0.08792000,671084.36532000
2026-06-20 02:00:00,0.08792000,0.08831000,0.08637000,0.08729000,572922.60144000
2026-06-20 06:00:00,0.08729000,0.09093000,0.08703000,0.08811000,815320.27660000
2026-06-20 10:00:00,0.08811000,0.08951000,0.08724000,0.08737000,503712.14791000
2026-06-20 14:00:00,0.08737000,0.08903000,0.08541000,0.08874000,1095051.28325000
2026-06-20 18:00:00,0.08874000,0.08898000,0.08695000,0.08744000,502155.95980000
2026-06-20 22:00:00,0.08744000,0.09038000,0.08693000,0.08926000,569222.93420000
2026-06-21 02:00:00,0.08926000,0.09009000,0.08814000,0.08976000,518707.40035000
2026-06-21 06:00:00,0.08976000,0.09108000,0.08875000,0.09106000,513191.93061000
2026-06-21 10:00:00,0.09106000,0.09417000,0.08878000,0.09127000,1920412.33588000
2026-06-21 14:00:00,0.09127000,0.09286000,0.08878000,0.09254000,2340122.17753000
2026-06-21 18:00:00,0.09254000,0.09262000,0.08986000,0.09017000,908238.47379000
2026-06-21 22:00:00,0.09017000,0.09064000,0.08674000,0.08689000,1110488.93791000
2026-06-22 02:00:00,0.08689000,0.09405000,0.08691000,0.09163000,1965930.53435000
2026-06-22 06:00:00,0.09163000,0.09485000,0.09143000,0.09363000,1253962.68997000
2026-06-22 10:00:00,0.09363000,0.09699000,0.09324000,0.09636000,1942957.44352000
2026-06-22 14:00:00,0.09636000,0.09842000,0.09422000,0.09480000,2770826.59660000
2026-06-22 18:00:00,0.09480000,0.09575000,0.09198000,0.09283000,1377275.60166000
2026-06-22 22:00:00,0.09283000,0.09344000,0.09062000,0.09085000,813208.10953000
2026-06-23 02:00:00,0.09085000,0.09141000,0.08979000,0.09082000,703583.44915000
2026-06-23 06:00:00,0.09082000,0.09102000,0.08689000,0.08704000,1164137.86374000
2026-06-23 10:00:00,0.08704000,0.08739000,0.08423000,0.08608000,1619498.82148000
2026-06-23 14:00:00,0.08608000,0.08677000,0.08445000,0.08627000,1048243.40348000
2026-06-23 18:00:00,0.08627000,0.08728000,0.08537000,0.08565000,569657.38560000
2026-06-23 22:00:00,0.08565000,0.08721000,0.08553000,0.08625000,443642.80215000
2026-06-24 02:00:00,0.08625000,0.08668000,0.08465000,0.08483000,411930.50610000
2026-06-24 06:00:00,0.08483000,0.08567000,0.08386000,0.08430000,552298.57747000
2026-06-24 10:00:00,0.08430000,0.08532000,0.08293000,0.08482000,780547.58083000
2026-06-24 14:00:00,0.08482000,0.08534000,0.08126000,0.08130000,1672487.82591000
2026-06-24 18:00:00,0.08130000,0.08201000,0.07929000,0.08107000,1430232.96723000
2026-06-24 22:00:00,0.08107000,0.08575000,0.08096000,0.08503000,902032.67472000
2026-06-25 02:00:00,0.08503000,0.08518000,0.08319000,0.08363000,437871.46859000
2026-06-25 06:00:00,0.08363000,0.08679000,0.08358000,0.08589000,946748.71866000
2026-06-25 10:00:00,0.08589000,0.08645000,0.08393000,0.08431000,578977.94887000
2026-06-25 14:00:00,0.08431000,0.08550000,0.07851000,0.08127000,2334806.48159000
2026-06-25 18:00:00,0.08127000,0.08218000,0.07937000,0.07987000,879883.90027000
2026-06-25 22:00:00,0.07987000,0.08294000,0.07964000,0.08226000,791466.38666000
2026-06-26 02:00:00,0.08226000,0.08267000,0.07865000,0.08058000,1101393.16273000
2026-06-26 06:00:00,0.08058000,0.08091000,0.07835000,0.08062000,1145960.54495000
2026-06-26 10:00:00,0.08062000,0.08123000,0.07756000,0.07801000,1485302.02347000
2026-06-26 14:00:00,0.07801000,0.08008000,0.07662000,0.07807000,2627797.17940000
2026-06-26 18:00:00,0.07807000,0.08098000,0.07797000,0.07948000,1575969.10586000
2026-06-26 22:00:00,0.07948000,0.08084000,0.07861000,0.07938000,884373.92934000
2026-06-27 02:00:00,0.07938000,0.08037000,0.07856000,0.07905000,466327.67038000
2026-06-27 06:00:00,0.07905000,0.07976000,0.07858000,0.07911000,446128.93174000
2026-06-27 10:00:00,0.07911000,0.07914000,0.07797000,0.07855000,558465.52108000
2026-06-27 14:00:00,0.07855000,0.07969000,0.07827000,0.07966000,447576.40741000
2026-06-27 18:00:00,0.07966000,0.07980000,0.07674000,0.07718000,1117811.33250000
2026-06-27 22:00:00,0.07718000,0.07845000,0.07635000,0.07685000,545578.64396000
2026-06-28 02:00:00,0.07685000,0.07737000,0.07645000,0.07707000,315465.03052000
2026-06-28 06:00:00,0.07707000,0.07707000,0.07540000,0.07648000,526309.96559000
2026-06-28 10:00:00,0.07648000,0.07752000,0.07557000,0.07614000,437892.73043000
2026-06-28 14:00:00,0.07614000,0.07653000,0.07512000,0.07629000,436651.95300000
2026-06-28 18:00:00,0.07629000,0.07692000,0.07469000,0.07526000,615608.60771000
2026-06-28 22:00:00,0.07526000,0.07747000,0.07490000,0.07677000,1261406.20970000
2026-06-29 02:00:00,0.07677000,0.07852000,0.07567000,0.07826000,815951.87787000
2026-06-29 06:00:00,0.07826000,0.07931000,0.07693000,0.07864000,670594.52197000
2026-06-29 10:00:00,0.07864000,0.07996000,0.07790000,0.07892000,710856.49869000
2026-06-29 14:00:00,0.07892000,0.08588000,0.07821000,0.08023000,5881219.21909000
2026-06-29 18:00:00,0.08023000,0.08078000,0.07803000,0.07868000,1499964.94122000
2026-06-29 22:00:00,0.07868000,0.07919000,0.07774000,0.07874000,540004.95450000
2026-06-30 02:00:00,0.07874000,0.07883000,0.07642000,0.07667000,749413.81467000
2026-06-30 06:00:00,0.07667000,0.07696000,0.07519000,0.07544000,1166327.72535000
2026-06-30 10:00:00,0.07544000,0.07551000,0.07120000,0.07147000,2522670.67781000
2026-06-30 14:00:00,0.07147000,0.07266000,0.07015000,0.07043000,2154003.85912000
2026-06-30 18:00:00,0.07043000,0.07216000,0.07032000,0.07071000,906848.22169000
2026-06-30 22:00:00,0.07071000,0.07219000,0.07024000,0.07213000,690034.67364000
2026-07-01 02:00:00,0.07213000,0.07257000,0.07064000,0.07225000,941880.01318000
2026-07-01 06:00:00,0.07225000,0.07338000,0.07047000,0.07123000,1020327.46733000
2026-07-01 10:00:00,0.07123000,0.07208000,0.07078000,0.07168000,605424.89674000
2026-07-01 14:00:00,0.07168000,0.07317000,0.07052000,0.07259000,1153838.69483000
2026-07-01 18:00:00,0.07259000,0.07272000,0.07109000,0.07179000,1196415.15614000
2026-07-01 22:00:00,0.07179000,0.07369000,0.07092000,0.07128000,1343285.07068000
2026-07-02 02:00:00,0.07128000,0.07805000,0.07094000,0.07718000,2770679.57705000
2026-07-02 06:00:00,0.07718000,0.07777000,0.07540000,0.07662000,1102775.73254000
2026-07-02 10:00:00,0.07662000,0.07836000,0.07624000,0.07733000,1397977.33676000
2026-07-02 14:00:00,0.07733000,0.07966000,0.07570000,0.07596000,2216474.64327000
2026-07-02 18:00:00,0.07596000,0.07702000,0.07470000,0.07675000,1146240.98020000
2026-07-02 22:00:00,0.07675000,0.07704000,0.07609000,0.07664000,313200.38046000
2026-07-03 02:00:00,0.07664000,0.07722000,0.07543000,0.07695000,838015.22497000
2026-07-03 06:00:00,0.07695000,0.07789000,0.07628000,0.07741000,502492.63216000
2026-07-03 10:00:00,0.07741000,0.07843000,0.07677000,0.07763000,797446.38060000
2026-07-03 14:00:00,0.07763000,0.07942000,0.07737000,0.07817000,1235623.28525000
2026-07-03 18:00:00,0.07817000,0.07960000,0.07783000,0.07885000,654405.64316000
2026-07-03 22:00:00,0.07885000,0.08023000,0.07864000,0.07938000,943323.75857000
2026-07-04 02:00:00,0.07938000,0.07974000,0.07817000,0.07915000,504938.11806000
2026-07-04 06:00:00,0.07915000,0.07958000,0.07762000,0.07800000,544969.43463000
2026-07-04 10:00:00,0.07800000,0.07834000,0.07705000,0.07787000,674778.91894000
2026-07-04 14:00:00,0.07787000,0.08162000,0.07785000,0.08082000,1273972.98086000
2026-07-04 18:00:00,0.08082000,0.08146000,0.07964000,0.07971000,806093.47407000
2026-07-04 22:00:00,0.07971000,0.07998000,0.07835000,0.07879000,463380.23250000
2026-07-05 02:00:00,0.07879000,0.07909000,0.07728000,0.07741000,644536.55710000
2026-07-05 06:00:00,0.07741000,0.07826000,0.07660000,0.07810000,567267.61862000
2026-07-05 10:00:00,0.07810000,0.07828000,0.07688000,0.07764000,575410.73206000
2026-07-05 14:00:00,0.07764000,0.07861000,0.07713000,0.07843000,667981.74111000
2026-07-05 18:00:00,0.07843000,0.08053000,0.07802000,0.07974000,889971.14059000
2026-07-05 22:00:00,0.07974000,0.08147000,0.07915000,0.08064000,904873.25351000
2026-07-06 02:00:00,0.08064000,0.08108000,0.07822000,0.07883000,834196.62962000
2026-07-06 06:00:00,0.07883000,0.07906000,0.07729000,0.07762000,657022.54928000
2026-07-06 10:00:00,0.07762000,0.07829000,0.07692000,0.07715000,788923.56316000
2026-07-06 14:00:00,0.07715000,0.07764000,0.07460000,0.07741000,1708020.04960000
2026-07-06 18:00:00,0.07741000,0.07972000,0.07717000,0.07887000,911597.04289000
2026-07-06 22:00:00,0.07887000,0.08008000,0.07825000,0.07840000,707209.49711000
2026-07-07 02:00:00,0.07840000,0.07857000,0.07626000,0.07652000,581135.21899000
2026-07-07 06:00:00,0.07652000,0.07696000,0.07519000,0.07616000,739610.98936000
2026-07-07 10:00:00,0.07616000,0.07670000,0.07558000,0.07666000,516918.49424000
2026-07-07 14:00:00,0.07666000,0.07785000,0.07476000,0.07777000,1114623.68058000
2026-07-07 18:00:00,0.07777000,0.07858000,0.07616000,0.07722000,1121835.89579000
2026-07-07 22:00:00,0.07722000,0.07743000,0.07502000,0.07578000,542805.67664000
2026-07-08 02:00:00,0.07578000,0.07733000,0.07349000,0.07416000,1039678.02722000
2026-07-08 06:00:00,0.07416000,0.07478000,0.07369000,0.07442000,550582.94047000
2026-07-08 10:00:00,0.07442000,0.07457000,0.07224000,0.07377000,1074955.40257000
2026-07-08 14:00:00,0.07377000,0.07424000,0.07285000,0.07316000,811936.97121000
2026-07-08 18:00:00,0.07316000,0.07474000,0.07316000,0.07403000,615971.17527000
2026-07-08 22:00:00,0.07403000,0.07491000,0.07316000,0.07472000,490786.29495000
2026-07-09 02:00:00,0.07472000,0.07528000,0.07371000,0.07480000,482617.50466000
2026-07-09 06:00:00,0.07480000,0.07735000,0.07430000,0.07635000,753044.83441000
2026-07-09 10:00:00,0.07635000,0.07716000,0.07611000,0.07634000,545390.51706000
2026-07-09 14:00:00,0.07634000,0.07701000,0.07540000,0.07636000,774410.15207000
2026-07-09 18:00:00,0.07636000,0.07789000,0.07586000,0.07682000,575183.97349000
2026-07-09 22:00:00,0.07682000,0.07746000,0.07634000,0.07639000,462952.09558000
2026-07-10 02:00:00,0.07639000,0.07931000,0.07603000,0.07923000,923178.57958000
2026-07-10 06:00:00,0.07923000,0.07955000,0.07862000,0.07870000,509878.20403000
2026-07-10 10:00:00,0.07870000,0.07947000,0.07824000,0.07917000,633254.88984000
2026-07-10 14:00:00,0.07917000,0.07944000,0.07707000,0.07927000,981945.61286000
2026-07-10 18:00:00,0.07927000,0.08108000,0.07886000,0.08036000,1309892.37784000
2026-07-10 22:00:00,0.08036000,0.08213000,0.07948000,0.08108000,703731.07749000
