timestamp,open,high,low,close,volume
2024-06-13 22:00:00,3481.64000000,3491.65000000,3461.43000000,3469.18000000,72416744.39850000
2024-06-14 02:00:00,3469.18000000,3508.76000000,3458.06000000,3490.69000000,116728298.98568000
2024-06-14 06:00:00,3490.69000000,3532.85000000,3490.70000000,3515.84000000,129099202.27484000
2024-06-14 10:00:00,3515.84000000,3529.99000000,3505.20000000,3515.14000000,92985179.05309001
2024-06-14 14:00:00,3515.14000000,3525.19000000,3461.02000000,3461.80000000,221639957.61317000
2024-06-14 18:00:00,3461.80000000,3466.99000000,3361.48000000,3405.38000000,421316499.71776998
2024-06-14 22:00:00,3405.38000000,3528.99000000,3403.07000000,3480.51000000,278947463.58121997
2024-06-15 02:00:00,3480.51000000,3503.36000000,3472.39000000,3503.36000000,109663630.97584000
2024-06-15 06:00:00,3503.36000000,3557.53000000,3497.07000000,3529.06000000,220895539.66122001
2024-06-15 10:00:00,3529.06000000,3541.69000000,3518.70000000,3538.16000000,102831887.62834001
2024-06-15 14:00:00,3538.16000000,3594.78000000,3536.72000000,3565.31000000,245087943.61205000
2024-06-15 18:00:00,3565.31000000,3574.88000000,3551.16000000,3557.90000000,116628764.08544999
2024-06-15 22:00:00,3557.90000000,3574.72000000,3535.86000000,3567.88000000,84518957.38400000
2024-06-16 02:00:00,3567.88000000,3572.94000000,3547.18000000,3554.01000000,65398086.53231000
2024-06-16 06:00:00,3554.01000000,3573.68000000,3540.02000000,3561.36000000,77300593.57112999
2024-06-16 10:00:00,3561.36000000,3569.39000000,3546.20000000,3553.86000000,109738939.19977000
2024-06-16 14:00:00,3553.86000000,3611.13000000,3551.64000000,3591.07000000,216375628.50821000
2024-06-16 18:00:00,3591.07000000,3608.02000000,3585.85000000,3598.57000000,126392987.88962001
2024-06-16 22:00:00,3598.57000000,3653.50000000,3587.39000000,3622.95000000,160809203.79014000
2024-06-17 02:00:00,3622.95000000,3637.24000000,3575.00000000,3581.01000000,205253162.45870000
2024-06-17 06:00:00,3581.01000000,3595.01000000,3536.77000000,3551.57000000,227066180.15795001
2024-06-17 10:00:00,3551.57000000,3560.31000000,3490.02000000,3525.99000000,276344356.28738999
2024-06-17 14:00:00,3525.99000000,3546.07000000,3486.20000000,3495.81000000,295942374.15042001
2024-06-17 18:00:00,3495.81000000,3576.53000000,3464.06000000,3552.86000000,340122563.73534000
2024-06-17 22:00:00,3552.86000000,3554.89000000,3498.53000000,3509.57000000,170133085.14746001
2024-06-18 02:00:00,3509.57000000,3515.86000000,3346.22000000,3439.88000000,515329043.04302001
2024-06-18 06:00:00,3439.88000000,3461.33000000,3426.97000000,3442.49000000,157876623.67241001
2024-06-18 10:00:00,3442.49000000,3450.62000000,3390.03000000,3412.40000000,171926706.45655999
2024-06-18 14:00:00,3412.40000000,3438.14000000,3369.16000000,3422.32000000,375926840.53639001
2024-06-18 18:00:00,3422.32000000,3434.93000000,3385.78000000,3421.85000000,200243973.02250001
2024-06-18 22:00:00,3421.85000000,3488.20000000,3411.45000000,3482.34000000,203167608.79866001
2024-06-19 02:00:00,3482.34000000,3571.60000000,3464.22000000,3564.22000000,317738772.63565999
2024-06-19 06:00:00,3564.22000000,3584.12000000,3532.35000000,3543.07000000,193214035.93318000
2024-06-19 10:00:00,3543.07000000,3562.99000000,3516.61000000,3535.26000000,209635033.06501999
2024-06-19 14:00:00,3535.26000000,3549.60000000,3510.61000000,3527.99000000,165176979.50253999
2024-06-19 18:00:00,3527.99000000,3586.38000000,3521.10000000,3544.84000000,217435770.06725001
2024-06-19 22:00:00,3544.84000000,3574.99000000,3530.73000000,3558.76000000,104244083.97274999
2024-06-20 02:00:00,3558.76000000,3593.65000000,3531.89000000,3551.85000000,172665958.28968000
2024-06-20 06:00:00,3551.85000000,3614.34000000,3543.20000000,3606.02000000,192486316.06492999
2024-06-20 10:00:00,3606.02000000,3624.69000000,3571.24000000,3597.48000000,235311973.60211000
2024-06-20 14:00:00,3597.48000000,3609.99000000,3489.99000000,3504.38000000,416087732.40324003
2024-06-20 18:00:00,3504.38000000,3540.45000000,3484.10000000,3535.47000000,198275499.75940999
2024-06-20 22:00:00,3535.47000000,3537.15000000,3509.03000000,3511.27000000,58590165.41476000
2024-06-21 02:00:00,3511.27000000,3534.89000000,3490.03000000,3499.14000000,143589878.32144001
2024-06-21 06:00:00,3499.14000000,3520.43000000,3466.34000000,3473.57000000,153636553.29080001
2024-06-21 10:00:00,3473.57000000,3530.72000000,3444.68000000,3502.11000000,343432758.46556002
2024-06-21 14:00:00,3502.11000000,3518.99000000,3453.93000000,3491.55000000,339365352.95103002
2024-06-21 18:00:00,3491.55000000,3535.55000000,3469.96000000,3534.03000000,187580880.94514999
2024-06-21 22:00:00,3534.03000000,3546.65000000,3498.22000000,3517.18000000,116503513.45288999
2024-06-22 02:00:00,3517.18000000,3519.99000000,3493.07000000,3505.48000000,86414413.51177999
2024-06-22 06:00:00,3505.48000000,3508.24000000,3488.14000000,3492.53000000,77015405.80470000
2024-06-22 10:00:00,3492.53000000,3497.38000000,3473.32000000,3491.64000000,99924443.27304000
2024-06-22 14:00:00,3491.64000000,3509.49000000,3485.18000000,3504.18000000,100144779.75981000
2024-06-22 18:00:00,3504.18000000,3507.43000000,3484.05000000,3490.22000000,63167246.39611000
2024-06-22 22:00:00,3490.22000000,3506.88000000,3483.97000000,3494.26000000,45757942.20660000
2024-06-23 02:00:00,3494.26000000,3517.47000000,3493.34000000,3517.23000000,64120174.42268000
2024-06-23 06:00:00,3517.23000000,3519.59000000,3505.39000000,3510.80000000,53874028.02121000
2024-06-23 10:00:00,3510.80000000,3511.70000000,3486.93000000,3496.89000000,88481212.61344001
2024-06-23 14:00:00,3496.89000000,3503.09000000,3470.30000000,3472.99000000,227882194.21663001
2024-06-23 18:00:00,3472.99000000,3481.19000000,3460.01000000,3478.88000000,93473742.18479000
2024-06-23 22:00:00,3478.88000000,3479.11000000,3405.14000000,3419.38000000,216851896.20526001
2024-06-24 02:00:00,3419.38000000,3434.74000000,3385.18000000,3401.60000000,199958042.87397000
2024-06-24 06:00:00,3401.60000000,3412.64000000,3352.68000000,3367.68000000,246848704.11792001
2024-06-24 10:00:00,3367.68000000,3392.78000000,3219.32000000,3319.39000000,487919758.70872998
2024-06-24 14:00:00,3319.39000000,3335.49000000,3261.22000000,3278.80000000,277391469.84290999
2024-06-24 18:00:00,3278.80000000,3313.52000000,3242.01000000,3293.19000000,347033585.58960003
2024-06-24 22:00:00,3293.19000000,3362.86000000,3257.53000000,3351.99000000,297831910.93479002
2024-06-25 02:00:00,3351.99000000,3384.99000000,3335.88000000,3370.39000000,179242464.40476999
2024-06-25 06:00:00,3370.39000000,3393.90000000,3356.07000000,3360.49000000,144268756.34006000
2024-06-25 10:00:00,3360.49000000,3395.01000000,3345.03000000,3375.03000000,141082152.24577001
2024-06-25 14:00:00,3375.03000000,3423.49000000,3357.01000000,3417.62000000,249285028.96182001
2024-06-25 18:00:00,3417.62000000,3428.70000000,3380.20000000,3414.93000000,215029565.84610999
2024-06-25 22:00:00,3414.93000000,3417.78000000,3387.64000000,3393.07000000,85793411.78376999
2024-06-26 02:00:00,3393.07000000,3424.99000000,3384.01000000,3393.93000000,126280605.09896000
2024-06-26 06:00:00,3393.93000000,3405.02000000,3375.03000000,3400.36000000,109617823.56141999
2024-06-26 10:00:00,3400.36000000,3401.93000000,3365.19000000,3380.31000000,121199752.19268000
2024-06-26 14:00:00,3380.31000000,3394.80000000,3345.42000000,3360.80000000,190241131.23840001
2024-06-26 18:00:00,3360.80000000,3409.34000000,3325.55000000,3407.35000000,253104813.47916999
2024-06-26 22:00:00,3407.35000000,3416.70000000,3366.01000000,3370.14000000,129487895.84985000
2024-06-27 02:00:00,3370.14000000,3391.87000000,3360.65000000,3382.89000000,109007380.93707000
2024-06-27 06:00:00,3382.89000000,3388.18000000,3365.43000000,3374.47000000,105656211.38220000
2024-06-27 10:00:00,3374.47000000,3411.99000000,3367.99000000,3402.60000000,142070799.75417000
2024-06-27 14:00:00,3402.60000000,3476.60000000,3402.22000000,3451.77000000,393819207.99687999
2024-06-27 18:00:00,3451.77000000,3467.45000000,3439.17000000,3449.22000000,108701443.10495000
2024-06-27 22:00:00,3449.22000000,3454.86000000,3439.82000000,3450.35000000,56820382.02727000
2024-06-28 02:00:00,3450.35000000,3487.88000000,3435.64000000,3459.99000000,216570339.25380999
2024-06-28 06:00:00,3459.99000000,3460.60000000,3426.91000000,3431.28000000,104138321.52812000
2024-06-28 10:00:00,3431.28000000,3460.11000000,3417.64000000,3451.61000000,125311668.38289000
2024-06-28 14:00:00,3451.61000000,3475.01000000,3402.47000000,3411.80000000,328868988.88090998
2024-06-28 18:00:00,3411.80000000,3415.64000000,3365.00000000,3378.61000000,215017001.57661000
2024-06-28 22:00:00,3378.61000000,3393.62000000,3368.02000000,3379.51000000,82565762.74221000
2024-06-29 02:00:00,3379.51000000,3398.78000000,3378.88000000,3385.07000000,95072573.38579001
2024-06-29 06:00:00,3385.07000000,3406.98000000,3380.10000000,3398.18000000,72381419.52618000
2024-06-29 10:00:00,3398.18000000,3404.99000000,3385.52000000,3398.81000000,65952317.85348000
2024-06-29 14:00:00,3398.81000000,3401.98000000,3381.21000000,3393.45000000,70702528.10110000
2024-06-29 18:00:00,3393.45000000,3395.48000000,3375.01000000,3386.19000000,43093752.42730000
2024-06-29 22:00:00,3386.19000000,3388.70000000,3370.00000000,3377.62000000,47378974.40859000
2024-06-30 02:00:00,3377.62000000,3388.72000000,3351.00000000,3370.28000000,119823948.13537000
2024-06-30 06:00:00,3370.28000000,3399.01000000,3357.03000000,3393.07000000,102946862.61691999
2024-06-30 10:00:00,3393.07000000,3398.53000000,3384.61000000,3387.94000000,72611360.25307000
2024-06-30 14:00:00,3387.94000000,3403.18000000,3378.11000000,3398.86000000,96523513.01953000
2024-06-30 18:00:00,3398.86000000,3432.94000000,3390.56000000,3427.22000000,104605041.33227000
2024-06-30 22:00:00,3427.22000000,3459.43000000,3407.48000000,3436.72000000,136114838.80607000
2024-07-01 02:00:00,3436.72000000,3523.24000000,3430.93000000,3497.03000000,262163028.65953001
2024-07-01 06:00:00,3497.03000000,3498.45000000,3483.02000000,3489.24000000,92380951.18866000
2024-07-01 10:00:00,3489.24000000,3494.11000000,3456.71000000,3459.07000000,127689528.91834000
2024-07-01 14:00:00,3459.07000000,3480.93000000,3452.39000000,3473.86000000,174999810.91585001
2024-07-01 18:00:00,3473.86000000,3498.53000000,3461.10000000,3470.32000000,137771717.19086000
2024-07-01 22:00:00,3470.32000000,3474.99000000,3422.90000000,3440.47000000,112950227.88421001
2024-07-02 02:00:00,3440.47000000,3463.49000000,3432.66000000,3455.68000000,73973836.80069999
2024-07-02 06:00:00,3455.68000000,3463.51000000,3433.29000000,3438.36000000,90451939.48017000
2024-07-02 10:00:00,3438.36000000,3454.32000000,3431.74000000,3452.12000000,89269195.10154000
2024-07-02 14:00:00,3452.12000000,3462.19000000,3399.95000000,3414.68000000,262054631.65174001
2024-07-02 18:00:00,3414.68000000,3432.68000000,3407.40000000,3414.59000000,95273339.10752000
2024-07-02 22:00:00,3414.59000000,3427.86000000,3412.39000000,3420.43000000,47299517.84030000
2024-07-03 02:00:00,3420.43000000,3431.36000000,3329.28000000,3359.36000000,264966896.74923000
2024-07-03 06:00:00,3359.36000000,3371.66000000,3351.08000000,3351.11000000,105630136.07903001
2024-07-03 10:00:00,3351.11000000,3356.09000000,3281.72000000,3306.07000000,297459615.69037998
2024-07-03 14:00:00,3306.07000000,3325.06000000,3274.85000000,3302.59000000,272488154.80956000
2024-07-03 18:00:00,3302.59000000,3321.31000000,3252.75000000,3265.23000000,215427639.77778000
2024-07-03 22:00:00,3265.23000000,3305.47000000,3250.10000000,3294.76000000,122206027.70886000
2024-07-04 02:00:00,3294.76000000,3312.52000000,3156.70000000,3241.91000000,438532377.45409000
2024-07-04 06:00:00,3241.91000000,3245.24000000,3168.79000000,3181.61000000,201469671.07279000
2024-07-04 10:00:00,3181.61000000,3194.89000000,3125.16000000,3158.90000000,367507462.67640001
2024-07-04 14:00:00,3158.90000000,3159.89000000,3088.56000000,3137.61000000,407387077.77736002
2024-07-04 18:00:00,3137.61000000,3151.34000000,3111.36000000,3132.59000000,140030291.19828001
2024-07-04 22:00:00,3132.59000000,3168.97000000,3050.00000000,3059.31000000,221191612.33932000
2024-07-05 02:00:00,3059.31000000,3107.99000000,2870.84000000,2920.11000000,886163147.21995997
2024-07-05 06:00:00,2920.11000000,2927.72000000,2804.61000000,2881.27000000,577305722.86729002
2024-07-05 10:00:00,2881.27000000,2954.99000000,2823.89000000,2946.03000000,355929063.83645999
2024-07-05 14:00:00,2946.03000000,3001.73000000,2911.00000000,2989.60000000,398743338.15310001
2024-07-05 18:00:00,2989.60000000,3000.24000000,2957.89000000,2986.98000000,192065138.68869999
2024-07-05 22:00:00,2986.98000000,2992.32000000,2962.65000000,2980.68000000,84743277.91457000
2024-07-06 02:00:00,2980.68000000,3025.64000000,2953.45000000,2978.94000000,173481055.31721559
2024-07-06 06:00:00,2978.94000000,3014.53000000,2960.67000000,3002.82000000,120339306.60190000
2024-07-06 10:00:00,3002.82000000,3013.66000000,2984.32000000,3004.44000000,112686357.62711000
2024-07-06 14:00:00,3004.44000000,3029.39000000,2988.01000000,3018.44000000,124500322.48113000
2024-07-06 18:00:00,3018.44000000,3064.76000000,3015.01000000,3056.86000000,131821735.14348000
2024-07-06 22:00:00,3056.86000000,3079.99000000,3054.89000000,3065.49000000,90790781.64078000
2024-07-07 02:00:00,3065.49000000,3071.99000000,3038.20000000,3049.52000000,124364207.62700000
2024-07-07 06:00:00,3049.52000000,3049.76000000,2991.61000000,3002.97000000,201562352.86948001
2024-07-07 10:00:00,3002.97000000,3031.16000000,3002.32000000,3013.97000000,136015452.46959001
2024-07-07 14:00:00,3013.97000000,3022.90000000,2954.22000000,2969.61000000,311634098.55765003
2024-07-07 18:00:00,2969.61000000,3008.69000000,2962.52000000,2984.31000000,159385758.82236001
2024-07-07 22:00:00,2984.31000000,2999.60000000,2922.01000000,2930.23000000,268897103.65884000
2024-07-08 02:00:00,2930.23000000,2950.74000000,2821.74000000,2877.89000000,678352696.73102999
2024-07-08 06:00:00,2877.89000000,2931.00000000,2873.77000000,2925.57000000,270390098.66760999
2024-07-08 10:00:00,2925.57000000,3096.95000000,2921.22000000,3052.85000000,770227057.59818006
2024-07-08 14:00:00,3052.85000000,3062.77000000,2889.16000000,2968.60000000,933037078.26795006
2024-07-08 18:00:00,2968.60000000,3008.40000000,2943.97000000,3003.18000000,233624672.76179999
2024-07-08 22:00:00,3003.18000000,3043.81000000,2983.79000000,3017.52000000,174787653.40730000
2024-07-09 02:00:00,3017.52000000,3075.26000000,3003.20000000,3063.00000000,294310682.52073997
2024-07-09 06:00:00,3063.00000000,3088.67000000,3053.00000000,3061.00000000,207058775.06964999
2024-07-09 10:00:00,3061.00000000,3114.18000000,3054.24000000,3082.25000000,248868360.25374892
2024-07-09 14:00:00,3082.25000000,3106.87000000,3035.05000000,3065.74000000,338225424.03492999
2024-07-09 18:00:00,3065.74000000,3087.59000000,3045.11000000,3067.30000000,194047396.37218001
2024-07-09 22:00:00,3067.30000000,3077.95000000,3045.50000000,3065.06000000,109088501.03590000
2024-07-10 02:00:00,3065.06000000,3080.99000000,3023.35000000,3078.54000000,196605869.02625000
2024-07-10 06:00:00,3078.54000000,3128.65000000,3078.31000000,3095.62000000,302978643.28381997
2024-07-10 10:00:00,3095.62000000,3108.12000000,3077.21000000,3101.16000000,168298242.31230000
2024-07-10 14:00:00,3101.16000000,3128.26000000,3076.38000000,3120.75000000,359562428.62283999
2024-07-10 18:00:00,3120.75000000,3149.70000000,3089.22000000,3105.31000000,253250611.49924001
2024-07-10 22:00:00,3105.31000000,3109.85000000,3079.50000000,3099.12000000,132028853.41722000
2024-07-11 02:00:00,3099.12000000,3128.26000000,3053.15000000,3075.88000000,213437900.94947001
2024-07-11 06:00:00,3075.88000000,3123.05000000,3072.61000000,3116.99000000,168133210.51479000
2024-07-11 10:00:00,3116.99000000,3155.57000000,3113.06000000,3145.55000000,241363093.56760001
2024-07-11 14:00:00,3145.55000000,3213.89000000,3103.83000000,3116.79000000,666133663.28179002
2024-07-11 18:00:00,3116.79000000,3146.49000000,3096.17000000,3106.42000000,220821156.87027001
2024-07-11 22:00:00,3106.42000000,3120.07000000,3084.41000000,3098.25000000,156981258.89144999
2024-07-12 02:00:00,3098.25000000,3116.65000000,3054.01000000,3084.08000000,234741859.74386001
2024-07-12 06:00:00,3084.08000000,3097.43000000,3056.37000000,3071.19000000,154738211.97411999
2024-07-12 10:00:00,3071.19000000,3084.23000000,3045.30000000,3069.22000000,222223579.98073000
2024-07-12 14:00:00,3069.22000000,3139.03000000,3056.99000000,3130.18000000,311918540.42720997
2024-07-12 18:00:00,3130.18000000,3156.60000000,3111.98000000,3114.96000000,217312492.53870001
2024-07-12 22:00:00,3114.96000000,3134.34000000,3088.23000000,3133.25000000,127339808.82572000
2024-07-13 02:00:00,3133.25000000,3138.91000000,3119.01000000,3119.83000000,71066162.67013000
2024-07-13 06:00:00,3119.83000000,3141.35000000,3112.12000000,3139.10000000,112201798.27614000
2024-07-13 10:00:00,3139.10000000,3170.42000000,3127.50000000,3155.58000000,172698797.62625000
2024-07-13 14:00:00,3155.58000000,3163.69000000,3140.55000000,3153.74000000,118390187.02229001
2024-07-13 18:00:00,3153.74000000,3164.35000000,3145.17000000,3162.64000000,79598975.46802001
2024-07-13 22:00:00,3162.64000000,3200.70000000,3142.84000000,3174.00000000,190348115.48528999
2024-07-14 02:00:00,3174.00000000,3192.53000000,3162.07000000,3171.16000000,133657574.83626001
2024-07-14 06:00:00,3171.16000000,3206.00000000,3169.82000000,3194.34000000,176230565.20172000
2024-07-14 10:00:00,3194.34000000,3223.82000000,3194.24000000,3201.46000000,150309303.39223000
2024-07-14 14:00:00,3201.46000000,3202.80000000,3172.26000000,3188.55000000,177069859.01986000
2024-07-14 18:00:00,3188.55000000,3196.77000000,3181.61000000,3189.56000000,64824217.43566000
2024-07-14 22:00:00,3189.56000000,3266.66000000,3188.72000000,3244.10000000,253709744.72936001
2024-07-15 02:00:00,3244.10000000,3339.84000000,3231.57000000,3328.17000000,389382278.75590998
2024-07-15 06:00:00,3328.17000000,3367.69000000,3319.34000000,3354.39000000,286103498.26806003
2024-07-15 10:00:00,3354.39000000,3371.31000000,3327.85000000,3338.84000000,223752266.13762000
2024-07-15 14:00:00,3338.84000000,3392.82000000,3332.01000000,3365.72000000,251350926.26552999
2024-07-15 18:00:00,3365.72000000,3427.79000000,3356.29000000,3403.88000000,381963704.12996000
2024-07-15 22:00:00,3403.88000000,3492.47000000,3401.79000000,3481.61000000,352165803.58016002
2024-07-16 02:00:00,3481.61000000,3496.87000000,3452.51000000,3467.53000000,215957800.28415999
2024-07-16 06:00:00,3467.53000000,3476.80000000,3371.00000000,3375.67000000,448357279.91128999
2024-07-16 10:00:00,3375.67000000,3423.08000000,3345.43000000,3417.77000000,349963682.23031998
2024-07-16 14:00:00,3417.77000000,3483.36000000,3375.00000000,3474.68000000,446114146.06963998
2024-07-16 18:00:00,3474.68000000,3492.96000000,3440.00000000,3473.10000000,306676983.00845999
2024-07-16 22:00:00,3473.10000000,3473.75000000,3412.85000000,3442.83000000,192465861.62481999
2024-07-17 02:00:00,3442.83000000,3516.42000000,3440.41000000,3478.88000000,312776728.79070997
2024-07-17 06:00:00,3478.88000000,3512.59000000,3470.28000000,3484.52000000,272893412.39687997
2024-07-17 10:00:00,3484.52000000,3499.39000000,3441.18000000,3447.95000000,283420645.38718998
2024-07-17 14:00:00,3447.95000000,3474.33000000,3431.10000000,3436.17000000,287335556.93269998
2024-07-17 18:00:00,3436.17000000,3437.90000000,3375.32000000,3415.54000000,324888302.79137999
2024-07-17 22:00:00,3415.54000000,3427.62000000,3384.32000000,3386.01000000,146944416.72389001
2024-07-18 02:00:00,3386.01000000,3438.91000000,3381.97000000,3429.93000000,198077206.42607999
2024-07-18 06:00:00,3429.93000000,3452.32000000,3407.76000000,3431.87000000,251447155.59696999
2024-07-18 10:00:00,3431.87000000,3459.33000000,3429.64000000,3457.34000000,155432112.36607000
2024-07-18 14:00:00,3457.34000000,3487.92000000,3383.01000000,3387.25000000,442326170.43791997
2024-07-18 18:00:00,3387.25000000,3422.66000000,3364.97000000,3404.02000000,265310156.68212000
2024-07-18 22:00:00,3404.02000000,3435.90000000,3395.61000000,3424.98000000,101756818.00644000
2024-07-19 02:00:00,3424.98000000,3431.39000000,3382.61000000,3428.50000000,232535987.76451999
2024-07-19 06:00:00,3428.50000000,3449.47000000,3385.01000000,3390.59000000,246090676.07556999
2024-07-19 10:00:00,3390.59000000,3409.69000000,3376.08000000,3402.85000000,240202146.12994999
2024-07-19 14:00:00,3402.85000000,3473.98000000,3395.09000000,3463.40000000,439368370.94889998
2024-07-19 18:00:00,3463.40000000,3538.80000000,3463.24000000,3521.47000000,387755975.42197001
2024-07-19 22:00:00,3521.47000000,3523.34000000,3491.04000000,3502.18000000,177050698.00549001
2024-07-20 02:00:00,3502.18000000,3506.85000000,3478.10000000,3493.77000000,130076694.79065000
2024-07-20 06:00:00,3493.77000000,3506.69000000,3485.70000000,3485.99000000,97719910.73240000
2024-07-20 10:00:00,3485.99000000,3493.39000000,3478.84000000,3483.38000000,119232914.70281000
2024-07-20 14:00:00,3483.38000000,3506.93000000,3479.03000000,3501.82000000,131324086.78866000
2024-07-20 18:00:00,3501.82000000,3538.20000000,3489.17000000,3513.21000000,251138501.80664000
2024-07-20 22:00:00,3513.21000000,3525.26000000,3498.21000000,3516.02000000,91949522.15834001
2024-07-21 02:00:00,3516.02000000,3527.69000000,3502.13000000,3508.87000000,80147839.40824001
2024-07-21 06:00:00,3508.87000000,3512.03000000,3475.35000000,3482.88000000,156185321.31808001
2024-07-21 10:00:00,3482.88000000,3506.16000000,3481.73000000,3497.36000000,109073906.61965001
2024-07-21 14:00:00,3497.36000000,3515.56000000,3481.00000000,3498.64000000,174714960.75244001
2024-07-21 18:00:00,3498.64000000,3524.00000000,3409.21000000,3489.00000000,510140250.69566000
2024-07-21 22:00:00,3489.00000000,3546.14000000,3480.92000000,3534.30000000,274833969.54658002
2024-07-22 02:00:00,3534.30000000,3562.30000000,3514.00000000,3515.49000000,204851237.16806000
2024-07-22 06:00:00,3515.49000000,3522.01000000,3457.70000000,3477.01000000,241211098.41657001
2024-07-22 10:00:00,3477.01000000,3502.09000000,3467.10000000,3498.80000000,158242462.79345000
2024-07-22 14:00:00,3498.80000000,3505.88000000,3434.25000000,3455.71000000,349456992.15530002
2024-07-22 18:00:00,3455.71000000,3497.65000000,3443.21000000,3496.88000000,180521533.97080001
2024-07-22 22:00:00,3496.88000000,3498.37000000,3421.00000000,3438.08000000,842892462.92708004
2024-07-23 02:00:00,3438.08000000,3489.47000000,3434.24000000,3474.04000000,255673989.60931000
2024-07-23 06:00:00,3474.04000000,3482.53000000,3423.47000000,3453.30000000,277570060.28566998
2024-07-23 10:00:00,3453.30000000,3540.00000000,3450.78000000,3514.54000000,536798037.10144001
2024-07-23 14:00:00,3514.54000000,3517.28000000,3427.99000000,3453.01000000,752831698.66893005
2024-07-23 18:00:00,3453.01000000,3495.00000000,3387.20000000,3455.73000000,561495997.96325004
2024-07-23 22:00:00,3455.73000000,3498.77000000,3453.39000000,3481.00000000,305712891.10664999
2024-07-24 02:00:00,3481.00000000,3486.15000000,3426.20000000,3447.02000000,221121150.00900999
2024-07-24 06:00:00,3447.02000000,3450.67000000,3428.01000000,3445.73000000,137647823.95177999
2024-07-24 10:00:00,3445.73000000,3471.00000000,3441.55000000,3458.39000000,167934978.05375001
2024-07-24 14:00:00,3458.39000000,3470.64000000,3407.99000000,3413.50000000,369877404.61291999
2024-07-24 18:00:00,3413.50000000,3431.08000000,3355.35000000,3361.65000000,324950108.99114001
2024-07-24 22:00:00,3361.65000000,3375.39000000,3290.13000000,3334.23000000,395963469.97126001
2024-07-25 02:00:00,3334.23000000,3341.14000000,3150.96000000,3166.41000000,812404156.98430002
2024-07-25 06:00:00,3166.41000000,3192.85000000,3126.73000000,3170.22000000,329057416.14517999
2024-07-25 10:00:00,3170.22000000,3186.57000000,3152.65000000,3170.89000000,238353961.25621000
2024-07-25 14:00:00,3170.89000000,3182.56000000,3111.00000000,3140.82000000,532539767.69181001
2024-07-25 18:00:00,3140.82000000,3171.00000000,3099.13000000,3122.45000000,341354830.37145001
2024-07-25 22:00:00,3122.45000000,3197.76000000,3085.73000000,3173.68000000,321543364.05814999
2024-07-26 02:00:00,3173.68000000,3258.16000000,3169.15000000,3234.97000000,370116706.29900002
2024-07-26 06:00:00,3234.97000000,3274.95000000,3231.85000000,3249.62000000,268161278.73315001
2024-07-26 10:00:00,3249.62000000,3262.71000000,3232.94000000,3245.35000000,188673492.38260999
2024-07-26 14:00:00,3245.35000000,3269.72000000,3220.73000000,3253.83000000,395485011.45981002
2024-07-26 18:00:00,3253.83000000,3284.45000000,3241.17000000,3272.89000000,183636692.76717332
2024-07-26 22:00:00,3272.89000000,3284.49000000,3249.19000000,3272.81000000,124833590.85404357
2024-07-27 02:00:00,3272.81000000,3273.46000000,3241.56000000,3243.74000000,143903762.64814001
2024-07-27 06:00:00,3243.74000000,3276.41000000,3243.00000000,3270.41000000,112543910.11681999
2024-07-27 10:00:00,3270.41000000,3281.63000000,3261.00000000,3277.00000000,124835739.66945000
2024-07-27 14:00:00,3277.00000000,3326.26000000,3268.38000000,3279.78000000,357581532.65061003
2024-07-27 18:00:00,3279.78000000,3290.09000000,3228.19000000,3260.00000000,311092137.35430998
2024-07-27 22:00:00,3260.00000000,3293.74000000,3189.49000000,3248.17000000,430663405.02130997
2024-07-28 02:00:00,3248.17000000,3255.17000000,3224.41000000,3236.80000000,133273745.21089999
2024-07-28 06:00:00,3236.80000000,3242.89000000,3197.73000000,3226.28000000,167731708.23284999
2024-07-28 10:00:00,3226.28000000,3263.99000000,3214.38000000,3254.67000000,139347504.68287000
2024-07-28 14:00:00,3254.67000000,3278.52000000,3252.60000000,3267.55000000,172794152.41117001
2024-07-28 18:00:00,3267.55000000,3284.57000000,3261.00000000,3270.36000000,91190153.52925999
2024-07-28 22:00:00,3270.36000000,3272.33000000,3250.00000000,3268.03000000,96456949.18258999
2024-07-29 02:00:00,3268.03000000,3355.01000000,3265.31000000,3348.01000000,346886118.23685998
2024-07-29 06:00:00,3348.01000000,3387.86000000,3338.63000000,3366.00000000,281951767.17835999
2024-07-29 10:00:00,3366.00000000,3395.68000000,3360.87000000,3374.20000000,203513429.17519000
2024-07-29 14:00:00,3374.20000000,3385.70000000,3288.46000000,3306.87000000,507785483.45984000
2024-07-29 18:00:00,3306.87000000,3322.98000000,3257.97000000,3310.12000000,447559671.22703999
2024-07-29 22:00:00,3310.12000000,3351.71000000,3307.98000000,3316.86000000,200699686.26381001
2024-07-30 02:00:00,3316.86000000,3336.94000000,3281.01000000,3319.42000000,278710231.87739998
2024-07-30 06:00:00,3319.42000000,3351.41000000,3296.71000000,3339.51000000,188630064.17230001
2024-07-30 10:00:00,3339.51000000,3354.66000000,3325.70000000,3333.49000000,160258069.23144001
2024-07-30 14:00:00,3333.49000000,3365.00000000,3290.05000000,3319.26000000,346344527.98446000
2024-07-30 18:00:00,3319.26000000,3326.43000000,3258.63000000,3270.81000000,270108850.93291003
2024-07-30 22:00:00,3270.81000000,3284.00000000,3230.08000000,3278.18000000,170910423.83930999
2024-07-31 02:00:00,3278.18000000,3303.64000000,3260.24000000,3293.60000000,132664230.68284000
2024-07-31 06:00:00,3293.60000000,3331.42000000,3261.22000000,3316.25000000,255738515.18685001
2024-07-31 10:00:00,3316.25000000,3326.00000000,3306.18000000,3321.85000000,135017853.86873001
2024-07-31 14:00:00,3321.85000000,3348.33000000,3295.58000000,3301.20000000,302898433.44819999
2024-07-31 18:00:00,3301.20000000,3326.14000000,3244.52000000,3265.22000000,377858335.30601001
2024-07-31 22:00:00,3265.22000000,3270.49000000,3212.60000000,3231.48000000,266528496.97699001
2024-08-01 02:00:00,3231.48000000,3241.83000000,3169.40000000,3177.07000000,283338090.65372998
2024-08-01 06:00:00,3177.07000000,3188.64000000,3134.38000000,3165.34000000,305552086.68419999
2024-08-01 10:00:00,3165.34000000,3192.85000000,3163.93000000,3187.14000000,141875407.20721000
2024-08-01 14:00:00,3187.14000000,3206.33000000,3101.14000000,3115.29000000,452596600.84507000
2024-08-01 18:00:00,3115.29000000,3134.50000000,3079.14000000,3130.51000000,375899304.18146002
2024-08-01 22:00:00,3130.51000000,3216.43000000,3120.00000000,3201.67000000,265884772.75582001
2024-08-02 02:00:00,3201.67000000,3217.06000000,3134.93000000,3166.73000000,244154440.18408000
2024-08-02 06:00:00,3166.73000000,3174.43000000,3125.62000000,3146.03000000,202517684.94825000
2024-08-02 10:00:00,3146.03000000,3165.25000000,3133.00000000,3152.45000000,132403948.66058999
2024-08-02 14:00:00,3152.45000000,3181.84000000,2984.16000000,3037.51000000,801293842.14856005
2024-08-02 18:00:00,3037.51000000,3047.17000000,2992.51000000,3010.65000000,303721932.07833999
2024-08-02 22:00:00,3010.65000000,3041.21000000,2965.68000000,2988.10000000,329696443.19523001
2024-08-03 02:00:00,2988.10000000,3002.49000000,2912.98000000,2980.77000000,310464013.26754999
2024-08-03 06:00:00,2980.77000000,2995.70000000,2959.33000000,2983.00000000,129787789.63970000
2024-08-03 10:00:00,2983.00000000,3003.74000000,2973.02000000,2995.44000000,108860149.53111000
2024-08-03 14:00:00,2995.44000000,3016.60000000,2937.07000000,2941.09000000,229820496.41126999
2024-08-03 18:00:00,2941.09000000,2954.01000000,2875.83000000,2892.38000000,493229905.70151001
2024-08-03 22:00:00,2892.38000000,2921.42000000,2857.08000000,2901.95000000,240634204.46930000
2024-08-04 02:00:00,2901.95000000,2933.00000000,2875.03000000,2914.22000000,157624699.83306000
2024-08-04 06:00:00,2914.22000000,2920.69000000,2886.32000000,2892.00000000,106347614.15318000
2024-08-04 10:00:00,2892.00000000,2924.37000000,2875.00000000,2912.79000000,144131554.13567999
2024-08-04 14:00:00,2912.79000000,2924.45000000,2818.61000000,2825.80000000,359570790.52459002
2024-08-04 18:00:00,2825.80000000,2836.69000000,2620.00000000,2756.04000000,901473715.06291997
2024-08-04 22:00:00,2756.04000000,2770.36000000,2680.00000000,2687.60000000,289323949.57819998
2024-08-05 02:00:00,2687.60000000,2695.93000000,2085.74000000,2312.39000000,2105768054.52916002
2024-08-05 06:00:00,2312.39000000,2381.99000000,2155.42000000,2357.09000000,1137513415.74365997
2024-08-05 10:00:00,2357.09000000,2361.66000000,2222.97000000,2289.89000000,604317166.48439002
2024-08-05 14:00:00,2289.89000000,2457.19000000,2182.45000000,2448.70000000,1053676699.62263000
2024-08-05 18:00:00,2448.70000000,2515.27000000,2363.00000000,2403.82000000,534756465.16293001
2024-08-05 22:00:00,2403.82000000,2473.82000000,2400.68000000,2417.71000000,250163670.86572999
2024-08-06 02:00:00,2417.71000000,2545.49000000,2414.63000000,2490.40000000,352879083.89006001
2024-08-06 06:00:00,2490.40000000,2532.85000000,2476.95000000,2522.19000000,256288245.74210000
2024-08-06 10:00:00,2522.19000000,2523.49000000,2439.07000000,2457.08000000,304569189.97125000
2024-08-06 14:00:00,2457.08000000,2553.00000000,2414.38000000,2526.00000000,502871143.38138998
2024-08-06 18:00:00,2526.00000000,2548.13000000,2480.02000000,2491.72000000,303911545.34412003
2024-08-06 22:00:00,2491.72000000,2512.27000000,2445.00000000,2459.86000000,253251321.55594000
2024-08-07 02:00:00,2459.86000000,2529.60000000,2423.50000000,2506.07000000,374167748.30738455
2024-08-07 06:00:00,2506.07000000,2533.56000000,2483.53000000,2509.78000000,239413879.41826057
2024-08-07 10:00:00,2509.78000000,2549.85000000,2470.16000000,2471.82000000,325230995.86214823
2024-08-07 14:00:00,2471.82000000,2486.95000000,2363.24000000,2411.71000000,660651461.37888563
2024-08-07 18:00:00,2411.71000000,2414.79000000,2324.89000000,2349.68000000,382671767.08960903
2024-08-07 22:00:00,2349.68000000,2368.92000000,2307.00000000,2341.41000000,252166614.75705832
2024-08-08 02:00:00,2341.41000000,2463.50000000,2318.85000000,2429.70000000,365683043.10429716
2024-08-08 06:00:00,2429.70000000,2444.25000000,2410.09000000,2412.98000000,181547649.58216000
2024-08-08 10:00:00,2412.98000000,2459.18000000,2407.75000000,2446.11000000,200796828.20511001
2024-08-08 14:00:00,2446.11000000,2525.53000000,2410.56000000,2505.51000000,626052539.21450996
2024-08-08 18:00:00,2505.51000000,2608.52000000,2502.21000000,2572.27000000,434119670.05010003
2024-08-08 22:00:00,2572.27000000,2723.45000000,2566.00000000,2681.60000000,427050649.48032999
2024-08-09 02:00:00,2681.60000000,2700.01000000,2645.08000000,2692.91000000,263289069.30779999
2024-08-09 06:00:00,2692.91000000,2705.53000000,2647.60000000,2668.76000000,246942722.65825000
2024-08-09 10:00:00,2668.76000000,2680.75000000,2617.21000000,2633.46000000,259960641.77432999
2024-08-09 14:00:00,2633.46000000,2662.23000000,2555.44000000,2557.33000000,478473077.49043000
2024-08-09 18:00:00,2557.33000000,2608.46000000,2552.00000000,2589.17000000,187298212.32201001
2024-08-09 22:00:00,2589.17000000,2612.35000000,2560.41000000,2597.90000000,145050995.93085000
2024-08-10 02:00:00,2597.90000000,2643.25000000,2575.00000000,2601.31000000,191584303.54216000
2024-08-10 06:00:00,2601.31000000,2634.87000000,2586.79000000,2633.08000000,123472781.72372000
2024-08-10 10:00:00,2633.08000000,2641.65000000,2621.56000000,2635.53000000,119808330.61538000
2024-08-10 14:00:00,2635.53000000,2636.72000000,2595.72000000,2598.60000000,128064568.72866000
2024-08-10 18:00:00,2598.60000000,2621.83000000,2588.02000000,2601.60000000,131384310.92556000
2024-08-10 22:00:00,2601.60000000,2616.98000000,2594.67000000,2608.77000000,54694157.03510000
2024-08-11 02:00:00,2608.77000000,2666.60000000,2604.50000000,2645.46000000,147683787.44843999
2024-08-11 06:00:00,2645.46000000,2681.85000000,2633.02000000,2676.00000000,162535961.93270001
2024-08-11 10:00:00,2676.00000000,2719.89000000,2643.57000000,2651.58000000,285629960.45085001
2024-08-11 14:00:00,2651.58000000,2654.86000000,2593.12000000,2612.82000000,288393869.05232000
2024-08-11 18:00:00,2612.82000000,2644.82000000,2595.00000000,2597.95000000,201772162.63813001
2024-08-11 22:00:00,2597.95000000,2601.76000000,2540.45000000,2554.65000000,360374957.98501998
2024-08-12 02:00:00,2554.65000000,2577.13000000,2507.00000000,2540.18000000,258004319.28424999
2024-08-12 06:00:00,2540.18000000,2580.80000000,2515.00000000,2565.83000000,190949048.66393000
2024-08-12 10:00:00,2565.83000000,2681.32000000,2557.09000000,2672.31000000,378905981.91267002
2024-08-12 14:00:00,2672.31000000,2721.80000000,2592.05000000,2687.57000000,718824905.13653004
2024-08-12 18:00:00,2687.57000000,2697.06000000,2626.43000000,2658.56000000,223271981.78876001
2024-08-12 22:00:00,2658.56000000,2749.97000000,2657.01000000,2721.16000000,259704160.53617001
2024-08-13 02:00:00,2721.16000000,2737.23000000,2648.40000000,2655.05000000,328569207.40439999
2024-08-13 06:00:00,2655.05000000,2662.77000000,2633.95000000,2647.14000000,165154566.29699999
2024-08-13 10:00:00,2647.14000000,2656.77000000,2610.60000000,2642.94000000,210846436.22562999
2024-08-13 14:00:00,2642.94000000,2673.58000000,2630.00000000,2650.80000000,300791635.70809001
2024-08-13 18:00:00,2650.80000000,2728.89000000,2648.44000000,2710.16000000,433517380.64656001
2024-08-13 22:00:00,2710.16000000,2733.32000000,2691.61000000,2701.01000000,141048796.62309000
2024-08-14 02:00:00,2701.01000000,2724.41000000,2684.36000000,2707.99000000,152970066.97398001
2024-08-14 06:00:00,2707.99000000,2748.89000000,2706.40000000,2726.47000000,179672272.55581000
2024-08-14 10:00:00,2726.47000000,2761.95000000,2713.44000000,2748.60000000,247716095.69724000
2024-08-14 14:00:00,2748.60000000,2780.00000000,2631.94000000,2672.73000000,630293824.57237005
2024-08-14 18:00:00,2672.73000000,2672.80000000,2640.12000000,2668.18000000,205940012.58816001
2024-08-14 22:00:00,2668.18000000,2678.79000000,2639.69000000,2659.82000000,112788761.30493000
2024-08-15 02:00:00,2659.82000000,2672.25000000,2632.49000000,2651.50000000,179428665.88834000
2024-08-15 06:00:00,2651.50000000,2655.56000000,2588.30000000,2613.83000000,229363870.82264000
2024-08-15 10:00:00,2613.83000000,2642.79000000,2604.51000000,2636.53000000,166270857.83605999
2024-08-15 14:00:00,2636.53000000,2674.04000000,2632.00000000,2667.20000000,321775633.43110001
2024-08-15 18:00:00,2667.20000000,2673.68000000,2520.08000000,2548.50000000,452462703.93291998
2024-08-15 22:00:00,2548.50000000,2588.41000000,2515.02000000,2568.72000000,228250675.82819000
2024-08-16 02:00:00,2568.72000000,2608.91000000,2551.00000000,2578.61000000,182702141.96676999
2024-08-16 06:00:00,2578.61000000,2627.00000000,2576.48000000,2616.01000000,166345241.22575000
2024-08-16 10:00:00,2616.01000000,2625.25000000,2605.53000000,2611.17000000,150202457.19563001
2024-08-16 14:00:00,2611.17000000,2617.41000000,2549.50000000,2567.87000000,446126395.16487998
2024-08-16 18:00:00,2567.87000000,2630.00000000,2562.83000000,2618.06000000,301333608.39130998
2024-08-16 22:00:00,2618.06000000,2625.00000000,2585.63000000,2591.53000000,125592366.74065000
2024-08-17 02:00:00,2591.53000000,2606.78000000,2585.81000000,2594.49000000,83407306.45942999
2024-08-17 06:00:00,2594.49000000,2602.29000000,2589.34000000,2598.89000000,54528441.04606000
2024-08-17 10:00:00,2598.89000000,2606.00000000,2591.52000000,2598.01000000,72999146.62797999
2024-08-17 14:00:00,2598.01000000,2617.63000000,2595.44000000,2605.56000000,106994358.83521000
2024-08-17 18:00:00,2605.56000000,2627.43000000,2605.49000000,2613.78000000,107506032.67034000
2024-08-17 22:00:00,2613.78000000,2617.04000000,2598.56000000,2613.18000000,54372868.67356000
2024-08-18 02:00:00,2613.18000000,2637.55000000,2603.55000000,2605.08000000,149957718.28369999
2024-08-18 06:00:00,2605.08000000,2609.11000000,2593.00000000,2606.74000000,84399532.98959000
2024-08-18 10:00:00,2606.74000000,2665.81000000,2604.17000000,2648.00000000,215603572.80491000
2024-08-18 14:00:00,2648.00000000,2686.65000000,2641.42000000,2671.00000000,215753571.99166000
2024-08-18 18:00:00,2671.00000000,2677.33000000,2641.83000000,2666.69000000,113786427.93344000
2024-08-18 22:00:00,2666.69000000,2669.50000000,2608.47000000,2610.68000000,143289906.68294001
2024-08-19 02:00:00,2610.68000000,2646.40000000,2602.95000000,2643.33000000,199436307.39050001
2024-08-19 06:00:00,2643.33000000,2647.29000000,2610.31000000,2612.60000000,142014955.81871000
2024-08-19 10:00:00,2612.60000000,2620.85000000,2566.83000000,2586.71000000,259669071.78992999
2024-08-19 14:00:00,2586.71000000,2602.99000000,2562.00000000,2583.05000000,232481371.47975001
2024-08-19 18:00:00,2583.05000000,2628.27000000,2573.02000000,2605.49000000,220881740.10642001
2024-08-19 22:00:00,2605.49000000,2640.21000000,2602.93000000,2635.29000000,109101826.83008000
2024-08-20 02:00:00,2635.29000000,2675.38000000,2619.77000000,2660.87000000,221446093.85266000
2024-08-20 06:00:00,2660.87000000,2694.39000000,2656.21000000,2673.62000000,201884869.37424999
2024-08-20 10:00:00,2673.62000000,2674.73000000,2638.02000000,2641.02000000,146228966.67638999
2024-08-20 14:00:00,2641.02000000,2654.59000000,2553.10000000,2573.49000000,456014423.01030999
2024-08-20 18:00:00,2573.49000000,2605.30000000,2564.01000000,2600.40000000,197623264.45324999
2024-08-20 22:00:00,2600.40000000,2608.44000000,2562.75000000,2571.57000000,132825820.04565001
2024-08-21 02:00:00,2571.57000000,2596.92000000,2556.14000000,2590.10000000,115569426.91169000
2024-08-21 06:00:00,2590.10000000,2605.59000000,2587.05000000,2599.22000000,93259062.37473001
2024-08-21 10:00:00,2599.22000000,2606.64000000,2566.69000000,2576.40000000,144811207.63069999
2024-08-21 14:00:00,2576.40000000,2616.58000000,2534.16000000,2600.45000000,449355268.34139001
2024-08-21 18:00:00,2600.45000000,2648.68000000,2591.02000000,2645.40000000,279478929.81068999
2024-08-21 22:00:00,2645.40000000,2663.01000000,2618.46000000,2629.38000000,170079030.50635999
2024-08-22 02:00:00,2629.38000000,2639.01000000,2582.28000000,2615.18000000,176305679.39686000
2024-08-22 06:00:00,2615.18000000,2640.89000000,2612.32000000,2634.99000000,106459358.53298999
2024-08-22 10:00:00,2634.99000000,2643.60000000,2618.36000000,2640.62000000,136592676.18357000
2024-08-22 14:00:00,2640.62000000,2643.47000000,2589.36000000,2598.30000000,259089293.32148001
2024-08-22 18:00:00,2598.30000000,2618.31000000,2596.06000000,2605.45000000,140807316.66771999
2024-08-22 22:00:00,2605.45000000,2627.48000000,2605.17000000,2621.99000000,89379337.92420000
2024-08-23 02:00:00,2621.99000000,2652.21000000,2619.94000000,2634.64000000,129835319.59071000
2024-08-23 06:00:00,2634.64000000,2688.61000000,2632.91000000,2667.44000000,227140184.21917999
2024-08-23 10:00:00,2667.44000000,2679.82000000,2650.44000000,2651.94000000,162796067.63769001
2024-08-23 14:00:00,2651.94000000,2698.23000000,2631.47000000,2669.45000000,495409252.07534999
2024-08-23 18:00:00,2669.45000000,2748.97000000,2662.19000000,2744.93000000,438749983.38586998
2024-08-23 22:00:00,2744.93000000,2798.00000000,2742.89000000,2761.57000000,286227937.32060999
2024-08-24 02:00:00,2761.57000000,2768.06000000,2741.12000000,2745.58000000,137386741.30855000
2024-08-24 06:00:00,2745.58000000,2763.78000000,2738.09000000,2757.23000000,113042003.92321999
2024-08-24 10:00:00,2757.23000000,2783.84000000,2754.04000000,2755.35000000,269682303.89642000
2024-08-24 14:00:00,2755.35000000,2763.07000000,2750.40000000,2759.80000000,175832141.79671001
2024-08-24 18:00:00,2759.80000000,2819.22000000,2758.64000000,2791.25000000,424232876.78285003
2024-08-24 22:00:00,2791.25000000,2806.09000000,2730.00000000,2767.05000000,253324051.30647001
2024-08-25 02:00:00,2767.05000000,2781.08000000,2747.07000000,2763.35000000,155495306.98963001
2024-08-25 06:00:00,2763.35000000,2769.37000000,2732.00000000,2742.04000000,130463991.75695001
2024-08-25 10:00:00,2742.04000000,2759.80000000,2735.91000000,2749.68000000,109700741.40127000
2024-08-25 14:00:00,2749.68000000,2771.03000000,2744.79000000,2762.79000000,124379458.38716000
2024-08-25 18:00:00,2762.79000000,2772.95000000,2758.73000000,2764.77000000,71336398.55618000
2024-08-25 22:00:00,2764.77000000,2791.24000000,2738.66000000,2744.48000000,163258835.43858001
2024-08-26 02:00:00,2744.48000000,2760.82000000,2716.39000000,2743.00000000,178490911.33796999
2024-08-26 06:00:00,2743.00000000,2751.00000000,2728.13000000,2731.93000000,121121004.92313001
2024-08-26 10:00:00,2731.93000000,2747.85000000,2709.28000000,2735.82000000,170687526.47955000
2024-08-26 14:00:00,2735.82000000,2741.18000000,2701.28000000,2720.52000000,259770522.24085999
2024-08-26 18:00:00,2720.52000000,2731.20000000,2674.52000000,2680.00000000,240787881.53261000
2024-08-26 22:00:00,2680.00000000,2692.27000000,2665.51000000,2679.25000000,144529530.94885001
2024-08-27 02:00:00,2679.25000000,2693.01000000,2665.53000000,2684.49000000,145443896.88222000
2024-08-27 06:00:00,2684.49000000,2698.61000000,2672.27000000,2686.90000000,155300705.80307001
2024-08-27 10:00:00,2686.90000000,2691.00000000,2618.77000000,2625.59000000,282967560.25437999
2024-08-27 14:00:00,2625.59000000,2628.13000000,2558.00000000,2578.36000000,473220035.44940001
2024-08-27 18:00:00,2578.36000000,2590.95000000,2562.00000000,2583.13000000,243596224.97911999
2024-08-27 22:00:00,2583.13000000,2587.48000000,2391.75000000,2455.61000000,682714050.49621999
2024-08-28 02:00:00,2455.61000000,2478.75000000,2417.89000000,2476.76000000,271455535.38944000
2024-08-28 06:00:00,2476.76000000,2484.58000000,2431.73000000,2435.92000000,211871950.68327001
2024-08-28 10:00:00,2435.92000000,2549.22000000,2428.68000000,2521.70000000,330305138.12443000
2024-08-28 14:00:00,2521.70000000,2537.99000000,2466.96000000,2494.70000000,336270533.52780998
2024-08-28 18:00:00,2494.70000000,2545.00000000,2455.27000000,2504.43000000,370667326.62576002
2024-08-28 22:00:00,2504.43000000,2553.71000000,2503.74000000,2527.32000000,210560201.50523999
2024-08-29 02:00:00,2527.32000000,2536.87000000,2510.76000000,2522.02000000,133195420.70273000
2024-08-29 06:00:00,2522.02000000,2558.41000000,2517.14000000,2546.05000000,134496684.23488000
2024-08-29 10:00:00,2546.05000000,2573.19000000,2536.58000000,2553.89000000,156052335.36401001
2024-08-29 14:00:00,2553.89000000,2594.01000000,2550.61000000,2574.56000000,289858280.53035003
2024-08-29 18:00:00,2574.56000000,2584.48000000,2509.25000000,2527.22000000,289741921.95722997
2024-08-29 22:00:00,2527.22000000,2542.79000000,2504.53000000,2526.29000000,115334892.81495000
2024-08-30 02:00:00,2526.29000000,2534.13000000,2503.34000000,2515.83000000,134769758.29504001
2024-08-30 06:00:00,2515.83000000,2531.88000000,2503.11000000,2515.92000000,135980167.10503000
2024-08-30 10:00:00,2515.92000000,2527.41000000,2506.15000000,2511.45000000,98652329.61476000
2024-08-30 14:00:00,2511.45000000,2549.44000000,2434.06000000,2448.03000000,496691684.56801999
2024-08-30 18:00:00,2448.03000000,2540.00000000,2431.01000000,2505.80000000,366423346.62554997
2024-08-30 22:00:00,2505.80000000,2529.43000000,2505.01000000,2524.98000000,77488255.00252999
2024-08-31 02:00:00,2524.98000000,2533.10000000,2518.00000000,2522.41000000,64095809.24413000
2024-08-31 06:00:00,2522.41000000,2528.50000000,2517.00000000,2519.78000000,48738242.84859000
2024-08-31 10:00:00,2519.78000000,2528.67000000,2510.16000000,2523.98000000,84162578.93543001
2024-08-31 14:00:00,2523.98000000,2526.83000000,2512.86000000,2518.02000000,70698206.32425000
2024-08-31 18:00:00,2518.02000000,2518.72000000,2491.00000000,2498.37000000,117482214.03563000
2024-08-31 22:00:00,2498.37000000,2527.02000000,2492.50000000,2511.95000000,71087007.08614001
2024-09-01 02:00:00,2511.95000000,2514.97000000,2475.03000000,2487.75000000,122780896.13906001
2024-09-01 06:00:00,2487.75000000,2490.00000000,2457.94000000,2485.62000000,167838312.77309999
2024-09-01 10:00:00,2485.62000000,2491.96000000,2458.00000000,2476.57000000,126499356.73950000
2024-09-01 14:00:00,2476.57000000,2488.34000000,2438.11000000,2479.49000000,249380511.44417000
2024-09-01 18:00:00,2479.49000000,2513.52000000,2455.60000000,2500.14000000,187272852.53920999
2024-09-01 22:00:00,2500.14000000,2513.36000000,2398.49000000,2424.55000000,290889010.30383998
2024-09-02 02:00:00,2424.55000000,2454.39000000,2422.30000000,2449.15000000,186899686.14736000
2024-09-02 06:00:00,2449.15000000,2465.19000000,2432.00000000,2439.93000000,157261409.73517999
2024-09-02 10:00:00,2439.93000000,2536.47000000,2437.27000000,2514.74000000,262924100.61853001
2024-09-02 14:00:00,2514.74000000,2526.60000000,2491.28000000,2512.29000000,159250272.35984001
2024-09-02 18:00:00,2512.29000000,2529.99000000,2504.65000000,2523.39000000,65862925.11298000
2024-09-02 22:00:00,2523.39000000,2565.64000000,2521.05000000,2536.75000000,107936327.15034001
2024-09-03 02:00:00,2536.75000000,2552.17000000,2513.39000000,2514.79000000,99840376.89217000
2024-09-03 06:00:00,2514.79000000,2524.08000000,2511.40000000,2518.88000000,68560521.55279000
2024-09-03 10:00:00,2518.88000000,2519.64000000,2493.23000000,2508.20000000,96570039.51707999
2024-09-03 14:00:00,2508.20000000,2517.95000000,2434.58000000,2443.05000000,229497005.52381000
2024-09-03 18:00:00,2443.05000000,2468.06000000,2435.58000000,2446.52000000,118130205.47579999
2024-09-03 22:00:00,2446.52000000,2468.59000000,2410.72000000,2424.05000000,96156589.16581000
2024-09-04 02:00:00,2424.05000000,2448.00000000,2305.00000000,2371.92000000,350391179.01410002
2024-09-04 06:00:00,2371.92000000,2413.00000000,2362.58000000,2399.63000000,133098868.59601000
2024-09-04 10:00:00,2399.63000000,2409.58000000,2386.32000000,2397.81000000,104060843.66348000
2024-09-04 14:00:00,2397.81000000,2457.52000000,2392.50000000,2453.95000000,253343296.95181000
2024-09-04 18:00:00,2453.95000000,2489.02000000,2438.06000000,2451.00000000,169629526.21121001
2024-09-04 22:00:00,2451.00000000,2468.38000000,2442.49000000,2449.67000000,58581352.46981000
2024-09-05 02:00:00,2449.67000000,2465.00000000,2402.82000000,2404.43000000,129783692.42575000
2024-09-05 06:00:00,2404.43000000,2417.69000000,2375.52000000,2411.49000000,144915596.61197001
2024-09-05 10:00:00,2411.49000000,2415.24000000,2382.76000000,2388.44000000,96295351.11541000
2024-09-05 14:00:00,2388.44000000,2415.00000000,2354.63000000,2370.16000000,276922376.63464999
2024-09-05 18:00:00,2370.16000000,2394.99000000,2347.22000000,2362.85000000,121318954.20919999
2024-09-05 22:00:00,2362.85000000,2377.43000000,2348.69000000,2367.32000000,76287040.70248000
2024-09-06 02:00:00,2367.32000000,2407.35000000,2356.37000000,2391.56000000,118132233.86708000
2024-09-06 06:00:00,2391.56000000,2396.41000000,2320.12000000,2343.14000000,162363649.64223999
2024-09-06 10:00:00,2343.14000000,2378.75000000,2337.50000000,2372.17000000,134946507.35391000
2024-09-06 14:00:00,2372.17000000,2407.23000000,2265.00000000,2289.23000000,450068225.61001003
2024-09-06 18:00:00,2289.23000000,2291.80000000,2206.82000000,2221.41000000,374086703.34934998
2024-09-06 22:00:00,2221.41000000,2229.07000000,2150.21000000,2223.69000000,272503465.51274002
2024-09-07 02:00:00,2223.69000000,2241.40000000,2220.78000000,2237.23000000,89096289.02700999
2024-09-07 06:00:00,2237.23000000,2292.80000000,2236.27000000,2287.03000000,135184914.58816999
2024-09-07 10:00:00,2287.03000000,2298.84000000,2274.31000000,2282.70000000,90359435.92324001
2024-09-07 14:00:00,2282.70000000,2309.99000000,2281.04000000,2299.29000000,94414168.85679001
2024-09-07 18:00:00,2299.29000000,2303.30000000,2262.30000000,2289.04000000,109761583.34618001
2024-09-07 22:00:00,2289.04000000,2290.00000000,2255.98000000,2272.28000000,72389680.12600000
2024-09-08 02:00:00,2272.28000000,2287.56000000,2262.01000000,2284.76000000,63659861.21835000
2024-09-08 06:00:00,2284.76000000,2303.89000000,2282.67000000,2293.70000000,75350438.33058999
2024-09-08 10:00:00,2293.70000000,2308.77000000,2286.45000000,2295.36000000,79044648.96735001
2024-09-08 14:00:00,2295.36000000,2298.15000000,2239.93000000,2244.27000000,162341847.62788999
2024-09-08 18:00:00,2244.27000000,2282.56000000,2242.32000000,2270.64000000,104144173.67900001
2024-09-08 22:00:00,2270.64000000,2332.02000000,2266.47000000,2295.89000000,166557488.89373001
2024-09-09 02:00:00,2295.89000000,2319.78000000,2288.02000000,2303.34000000,100645607.26315001
2024-09-09 06:00:00,2303.34000000,2315.33000000,2281.81000000,2313.25000000,101772916.16519000
2024-09-09 10:00:00,2313.25000000,2337.70000000,2309.14000000,2314.10000000,141511608.60025999
2024-09-09 14:00:00,2314.10000000,2324.46000000,2271.60000000,2291.61000000,209593143.15015000
2024-09-09 18:00:00,2291.61000000,2351.54000000,2290.00000000,2349.09000000,238119469.68158001
2024-09-09 22:00:00,2349.09000000,2380.70000000,2335.60000000,2358.19000000,143064526.84467000
2024-09-10 02:00:00,2358.19000000,2359.19000000,2333.72000000,2339.49000000,99207122.52225000
2024-09-10 06:00:00,2339.49000000,2365.40000000,2328.35000000,2362.21000000,88649317.54187000
2024-09-10 10:00:00,2362.21000000,2371.00000000,2337.80000000,2349.64000000,92810964.63917001
2024-09-10 14:00:00,2349.64000000,2362.68000000,2319.13000000,2323.77000000,185645639.58028001
2024-09-10 18:00:00,2323.77000000,2390.69000000,2323.04000000,2379.59000000,169258817.89829999
2024-09-10 22:00:00,2379.59000000,2398.71000000,2370.92000000,2387.63000000,92483834.66108000
2024-09-11 02:00:00,2387.63000000,2388.39000000,2337.70000000,2347.49000000,144400487.07532999
2024-09-11 06:00:00,2347.49000000,2347.14000000,2317.76000000,2340.47000000,127563204.10160001
2024-09-11 10:00:00,2340.47000000,2340.73000000,2306.00000000,2326.68000000,118003129.89263999
2024-09-11 14:00:00,2326.68000000,2354.58000000,2276.63000000,2324.87000000,348735068.62519002
2024-09-11 18:00:00,2324.87000000,2367.60000000,2324.33000000,2339.66000000,203104483.62476000
2024-09-11 22:00:00,2339.66000000,2350.60000000,2331.86000000,2339.41000000,48382543.56723000
2024-09-12 02:00:00,2339.41000000,2390.89000000,2338.48000000,2366.64000000,123087285.27134000
2024-09-12 06:00:00,2366.64000000,2378.38000000,2351.41000000,2358.48000000,87684264.68110000
2024-09-12 10:00:00,2358.48000000,2365.04000000,2342.05000000,2347.45000000,67623725.15722001
2024-09-12 14:00:00,2347.45000000,2365.99000000,2314.06000000,2321.77000000,155880334.03018001
2024-09-12 18:00:00,2321.77000000,2360.61000000,2321.00000000,2359.87000000,84440530.19284999
2024-09-12 22:00:00,2359.87000000,2372.88000000,2340.50000000,2360.78000000,61624343.48667000
2024-09-13 02:00:00,2360.78000000,2363.79000000,2348.94000000,2355.31000000,34356995.57636000
2024-09-13 06:00:00,2355.31000000,2358.45000000,2336.28000000,2347.63000000,50300818.13150000
2024-09-13 10:00:00,2347.63000000,2375.43000000,2340.67000000,2353.06000000,73695173.92605001
2024-09-13 14:00:00,2353.06000000,2411.78000000,2341.14000000,2406.99000000,181541814.02706000
2024-09-13 18:00:00,2406.99000000,2427.60000000,2395.01000000,2419.52000000,113905968.94411001
2024-09-13 22:00:00,2419.52000000,2463.75000000,2411.82000000,2438.15000000,90009298.27883001
2024-09-14 02:00:00,2438.15000000,2439.59000000,2420.74000000,2431.66000000,56753121.56094000
2024-09-14 06:00:00,2431.66000000,2432.40000000,2412.57000000,2419.23000000,39455564.73364000
2024-09-14 10:00:00,2419.23000000,2420.68000000,2407.43000000,2415.88000000,36230917.92808000
2024-09-14 14:00:00,2415.88000000,2422.59000000,2411.12000000,2417.37000000,42922537.97919000
2024-09-14 18:00:00,2417.37000000,2420.04000000,2376.71000000,2407.57000000,86512622.41132000
2024-09-14 22:00:00,2407.57000000,2421.48000000,2405.86000000,2416.65000000,39297150.58982000
2024-09-15 02:00:00,2416.65000000,2429.09000000,2415.42000000,2419.28000000,35801377.11835000
2024-09-15 06:00:00,2419.28000000,2423.08000000,2412.83000000,2421.68000000,30774430.02642000
2024-09-15 10:00:00,2421.68000000,2422.20000000,2401.04000000,2405.90000000,63986168.26327000
2024-09-15 14:00:00,2405.90000000,2417.60000000,2395.16000000,2407.59000000,97579756.76294000
2024-09-15 18:00:00,2407.59000000,2407.98000000,2361.50000000,2371.14000000,188049109.19215000
2024-09-15 22:00:00,2371.14000000,2371.14000000,2284.68000000,2314.85000000,313193690.92106003
2024-09-16 02:00:00,2314.85000000,2321.36000000,2251.16000000,2277.11000000,293790223.28354001
2024-09-16 06:00:00,2277.11000000,2311.78000000,2275.10000000,2309.23000000,137911326.30412000
2024-09-16 10:00:00,2309.23000000,2334.90000000,2287.23000000,2306.67000000,193194510.95850000
2024-09-16 14:00:00,2306.67000000,2311.50000000,2268.17000000,2286.28000000,302385953.98004001
2024-09-16 18:00:00,2286.28000000,2310.29000000,2268.43000000,2273.90000000,232392539.21535000
2024-09-16 22:00:00,2273.90000000,2300.98000000,2266.62000000,2294.60000000,129962682.90019000
2024-09-17 02:00:00,2294.60000000,2298.00000000,2262.01000000,2282.91000000,133496824.43900999
2024-09-17 06:00:00,2282.91000000,2309.71000000,2281.20000000,2308.09000000,105109214.22921000
2024-09-17 10:00:00,2308.09000000,2322.54000000,2301.20000000,2307.29000000,180172006.61899000
2024-09-17 14:00:00,2307.29000000,2392.51000000,2301.32000000,2382.63000000,548223516.71112001
2024-09-17 18:00:00,2382.63000000,2388.68000000,2326.84000000,2351.84000000,320402139.23027998
2024-09-17 22:00:00,2351.84000000,2360.64000000,2327.70000000,2340.59000000,135085738.41644999
2024-09-18 02:00:00,2340.59000000,2340.80000000,2308.56000000,2333.92000000,155878871.28540000
2024-09-18 06:00:00,2333.92000000,2335.15000000,2311.43000000,2328.65000000,129018272.75229999
2024-09-18 10:00:00,2328.65000000,2328.66000000,2275.84000000,2299.43000000,247117933.49969000
2024-09-18 14:00:00,2299.43000000,2317.40000000,2286.54000000,2295.04000000,235565216.53558999
2024-09-18 18:00:00,2295.04000000,2363.25000000,2286.97000000,2313.58000000,524267474.98128998
2024-09-18 22:00:00,2313.58000000,2375.37000000,2288.81000000,2373.51000000,216632943.57005000
2024-09-19 02:00:00,2373.51000000,2411.64000000,2371.48000000,2402.80000000,396599798.79149997
2024-09-19 06:00:00,2402.80000000,2441.23000000,2398.51000000,2436.37000000,237485183.00654000
2024-09-19 10:00:00,2436.37000000,2441.29000000,2422.47000000,2434.01000000,174856756.69736999
2024-09-19 14:00:00,2434.01000000,2451.79000000,2419.61000000,2439.13000000,302191019.58147001
2024-09-19 18:00:00,2439.13000000,2493.53000000,2432.08000000,2459.38000000,435746379.42303002
2024-09-19 22:00:00,2459.38000000,2478.09000000,2452.30000000,2464.56000000,146521567.46255001
2024-09-20 02:00:00,2464.56000000,2521.14000000,2436.42000000,2519.90000000,296900122.37168002
2024-09-20 06:00:00,2519.90000000,2570.82000000,2516.32000000,2559.63000000,511221260.64328998
2024-09-20 10:00:00,2559.63000000,2563.45000000,2538.30000000,2543.97000000,219335834.23234999
2024-09-20 14:00:00,2543.97000000,2568.82000000,2515.38000000,2559.01000000,452562385.34650999
2024-09-20 18:00:00,2559.01000000,2568.20000000,2524.03000000,2539.85000000,226282323.02930000
2024-09-20 22:00:00,2539.85000000,2561.22000000,2537.23000000,2560.18000000,104282431.89917000
2024-09-21 02:00:00,2560.18000000,2586.64000000,2532.50000000,2542.80000000,254682808.70591000
2024-09-21 06:00:00,2542.80000000,2557.96000000,2527.70000000,2554.54000000,131794613.05484000
2024-09-21 10:00:00,2554.54000000,2556.26000000,2543.68000000,2555.33000000,78835469.06662001
2024-09-21 14:00:00,2555.33000000,2575.23000000,2549.10000000,2558.54000000,180589424.45623001
2024-09-21 18:00:00,2558.54000000,2577.27000000,2555.01000000,2570.44000000,100295180.97493000
2024-09-21 22:00:00,2570.44000000,2621.68000000,2558.69000000,2611.40000000,197414938.98717999
2024-09-22 02:00:00,2611.40000000,2630.92000000,2586.69000000,2593.62000000,265783689.68439001
2024-09-22 06:00:00,2593.62000000,2603.64000000,2575.00000000,2586.74000000,131870376.57279000
2024-09-22 10:00:00,2586.74000000,2594.43000000,2568.86000000,2579.58000000,157457595.84255999
2024-09-22 14:00:00,2579.58000000,2586.90000000,2554.43000000,2569.57000000,199036203.09860000
2024-09-22 18:00:00,2569.57000000,2590.45000000,2551.00000000,2576.99000000,179639544.44319001
2024-09-22 22:00:00,2576.99000000,2592.99000000,2523.08000000,2579.94000000,289344957.90268999
2024-09-23 02:00:00,2579.94000000,2685.20000000,2538.61000000,2675.37000000,608864651.86752999
2024-09-23 06:00:00,2675.37000000,2679.99000000,2635.06000000,2645.28000000,253298363.00608999
2024-09-23 10:00:00,2645.28000000,2661.20000000,2633.14000000,2645.12000000,198468341.26876000
2024-09-23 14:00:00,2645.12000000,2683.76000000,2630.56000000,2674.20000000,375522729.09583998
2024-09-23 18:00:00,2674.20000000,2702.00000000,2656.46000000,2671.46000000,306548333.02943999
2024-09-23 22:00:00,2671.46000000,2681.33000000,2638.95000000,2645.84000000,192833531.33070001
2024-09-24 02:00:00,2645.84000000,2650.47000000,2608.31000000,2626.50000000,308362921.50190997
2024-09-24 06:00:00,2626.50000000,2648.49000000,2617.82000000,2645.99000000,147187928.97530001
2024-09-24 10:00:00,2645.99000000,2666.74000000,2634.35000000,2636.27000000,236074743.12566000
2024-09-24 14:00:00,2636.27000000,2645.25000000,2590.11000000,2611.68000000,469330844.70190001
2024-09-24 18:00:00,2611.68000000,2656.19000000,2609.95000000,2649.79000000,274862886.95087999
2024-09-24 22:00:00,2649.79000000,2669.82000000,2639.16000000,2652.00000000,245335947.55524999
2024-09-25 02:00:00,2652.00000000,2672.99000000,2631.06000000,2645.51000000,227874371.54510999
2024-09-25 06:00:00,2645.51000000,2645.81000000,2609.45000000,2620.44000000,215115635.70203000
2024-09-25 10:00:00,2620.44000000,2629.68000000,2612.85000000,2626.30000000,154572528.13905999
2024-09-25 14:00:00,2626.30000000,2628.46000000,2593.81000000,2599.91000000,254874452.79881001
2024-09-25 18:00:00,2599.91000000,2608.42000000,2564.08000000,2569.73000000,318010763.68233001
2024-09-25 22:00:00,2569.73000000,2583.69000000,2554.01000000,2578.80000000,187147351.70592999
2024-09-26 02:00:00,2578.80000000,2605.70000000,2557.65000000,2601.64000000,293238315.91847003
2024-09-26 06:00:00,2601.64000000,2633.60000000,2591.38000000,2628.59000000,176851092.68542001
2024-09-26 10:00:00,2628.59000000,2638.63000000,2611.68000000,2627.91000000,244316822.58100000
2024-09-26 14:00:00,2627.91000000,2663.00000000,2607.57000000,2650.94000000,498655781.64819998
2024-09-26 18:00:00,2650.94000000,2665.53000000,2625.51000000,2648.30000000,292454774.64212000
2024-09-26 22:00:00,2648.30000000,2654.27000000,2616.10000000,2631.09000000,162933791.92934000
2024-09-27 02:00:00,2631.09000000,2643.78000000,2614.22000000,2637.74000000,162383207.50685000
2024-09-27 06:00:00,2637.74000000,2667.44000000,2635.30000000,2656.06000000,216669061.22385001
2024-09-27 10:00:00,2656.06000000,2676.81000000,2639.64000000,2650.28000000,261815362.18755999
2024-09-27 14:00:00,2650.28000000,2698.66000000,2640.89000000,2682.17000000,361847514.38604999
2024-09-27 18:00:00,2682.17000000,2726.79000000,2677.45000000,2701.04000000,391913045.35993999
2024-09-27 22:00:00,2701.04000000,2707.41000000,2688.54000000,2693.53000000,100310619.05819000
2024-09-28 02:00:00,2693.53000000,2703.30000000,2686.68000000,2689.28000000,110563840.85583000
2024-09-28 06:00:00,2689.28000000,2699.29000000,2673.80000000,2676.99000000,154491026.18933001
2024-09-28 10:00:00,2676.99000000,2677.64000000,2648.71000000,2674.24000000,205975974.09062999
2024-09-28 14:00:00,2674.24000000,2674.88000000,2651.05000000,2668.78000000,216791067.26154000
2024-09-28 18:00:00,2668.78000000,2683.47000000,2661.11000000,2676.83000000,117807071.36868000
2024-09-28 22:00:00,2676.83000000,2679.34000000,2654.03000000,2673.80000000,93908099.40577000
2024-09-29 02:00:00,2673.80000000,2682.99000000,2662.17000000,2673.39000000,103007887.95892000
2024-09-29 06:00:00,2673.39000000,2673.51000000,2633.78000000,2639.60000000,184890908.28992000
2024-09-29 10:00:00,2639.60000000,2654.38000000,2632.83000000,2651.78000000,144705086.22101000
2024-09-29 14:00:00,2651.78000000,2668.00000000,2639.78000000,2664.96000000,181065291.24594000
2024-09-29 18:00:00,2664.96000000,2670.76000000,2649.03000000,2665.52000000,113520871.70806000
2024-09-29 22:00:00,2665.52000000,2672.80000000,2646.66000000,2656.30000000,174328024.99950001
2024-09-30 02:00:00,2656.30000000,2662.52000000,2601.01000000,2628.64000000,390588511.75555003
2024-09-30 06:00:00,2628.64000000,2642.74000000,2621.81000000,2636.69000000,168037981.28725001
2024-09-30 10:00:00,2636.69000000,2642.47000000,2591.05000000,2627.97000000,416024757.42417002
2024-09-30 14:00:00,2627.97000000,2638.01000000,2592.97000000,2595.05000000,270652978.07892001
2024-09-30 18:00:00,2595.05000000,2609.44000000,2573.49000000,2594.19000000,301408681.57657999
2024-09-30 22:00:00,2594.19000000,2616.85000000,2575.61000000,2601.50000000,210068969.56450999
2024-10-01 02:00:00,2601.50000000,2632.90000000,2590.57000000,2629.33000000,210848375.77662000
2024-10-01 06:00:00,2629.33000000,2658.57000000,2626.86000000,2644.79000000,233950271.01320001
2024-10-01 10:00:00,2644.79000000,2646.35000000,2627.60000000,2627.82000000,136713704.01260999
2024-10-01 14:00:00,2627.82000000,2632.43000000,2480.01000000,2523.54000000,831363148.21305001
2024-10-01 18:00:00,2523.54000000,2530.50000000,2429.16000000,2487.55000000,659935452.15901995
2024-10-01 22:00:00,2487.55000000,2491.76000000,2412.41000000,2446.85000000,419807481.94303000
2024-10-02 02:00:00,2446.85000000,2498.00000000,2441.17000000,2488.52000000,230200140.55936000
2024-10-02 06:00:00,2488.52000000,2491.67000000,2466.21000000,2480.75000000,187110518.10071999
2024-10-02 10:00:00,2480.75000000,2486.08000000,2440.63000000,2454.20000000,248650773.31520000
2024-10-02 14:00:00,2454.20000000,2462.84000000,2417.69000000,2459.70000000,489560385.24457002
2024-10-02 18:00:00,2459.70000000,2477.98000000,2366.65000000,2371.03000000,544384267.99126995
2024-10-02 22:00:00,2371.03000000,2391.66000000,2350.76000000,2363.00000000,305797109.19047999
2024-10-03 02:00:00,2363.00000000,2398.51000000,2351.61000000,2398.08000000,263948383.03367001
2024-10-03 06:00:00,2398.08000000,2402.29000000,2358.38000000,2363.74000000,182513285.09768000
2024-10-03 10:00:00,2363.74000000,2369.38000000,2318.00000000,2351.55000000,417723048.60727000
2024-10-03 14:00:00,2351.55000000,2364.96000000,2308.69000000,2339.55000000,519741607.29926997
2024-10-03 18:00:00,2339.55000000,2353.43000000,2310.73000000,2352.63000000,274756591.26608998
2024-10-03 22:00:00,2352.63000000,2356.84000000,2331.83000000,2348.73000000,105437643.34161000
2024-10-04 02:00:00,2348.73000000,2378.97000000,2338.29000000,2366.08000000,218791270.62068999
2024-10-04 06:00:00,2366.08000000,2386.65000000,2364.58000000,2380.55000000,147369137.49682999
2024-10-04 10:00:00,2380.55000000,2392.33000000,2373.10000000,2385.39000000,145200122.67333999
2024-10-04 14:00:00,2385.39000000,2417.26000000,2351.20000000,2415.61000000,480124919.37809998
2024-10-04 18:00:00,2415.61000000,2439.99000000,2408.51000000,2427.91000000,323284362.03201997
2024-10-04 22:00:00,2427.91000000,2430.85000000,2411.39000000,2413.38000000,96333510.08190000
2024-10-05 02:00:00,2413.38000000,2427.47000000,2389.08000000,2398.75000000,150354253.89438999
2024-10-05 06:00:00,2398.75000000,2426.23000000,2396.04000000,2414.18000000,127915962.68464001
2024-10-05 10:00:00,2414.18000000,2426.76000000,2414.09000000,2416.42000000,73728643.03197999
2024-10-05 14:00:00,2416.42000000,2423.00000000,2403.89000000,2413.99000000,113124023.24600001
2024-10-05 18:00:00,2413.99000000,2415.13000000,2392.02000000,2395.71000000,113007820.91986001
2024-10-05 22:00:00,2395.71000000,2418.68000000,2389.02000000,2413.42000000,96395408.92026000
2024-10-06 02:00:00,2413.42000000,2421.99000000,2405.76000000,2412.77000000,91422209.65943000
2024-10-06 06:00:00,2412.77000000,2420.00000000,2409.26000000,2416.25000000,59119400.81100000
2024-10-06 10:00:00,2416.25000000,2429.95000000,2414.36000000,2425.65000000,101095599.69318999
2024-10-06 14:00:00,2425.65000000,2456.82000000,2423.66000000,2445.68000000,212614241.76464000
2024-10-06 18:00:00,2445.68000000,2451.93000000,2434.43000000,2440.48000000,125578592.42888001
2024-10-06 22:00:00,2440.48000000,2443.72000000,2414.06000000,2438.77000000,141892891.92614999
2024-10-07 02:00:00,2438.77000000,2512.49000000,2434.50000000,2494.26000000,380501659.07112002
2024-10-07 06:00:00,2494.26000000,2497.76000000,2476.15000000,2479.56000000,147548507.39927000
2024-10-07 10:00:00,2479.56000000,2488.09000000,2436.74000000,2474.64000000,357482497.69134003
2024-10-07 14:00:00,2474.64000000,2520.12000000,2461.36000000,2472.88000000,444603049.76976001
2024-10-07 18:00:00,2472.88000000,2479.92000000,2418.72000000,2444.34000000,301169666.89569998
2024-10-07 22:00:00,2444.34000000,2456.83000000,2401.51000000,2421.75000000,257091162.69398001
2024-10-08 02:00:00,2421.75000000,2447.40000000,2421.75000000,2437.29000000,143810596.24223000
2024-10-08 06:00:00,2437.29000000,2444.72000000,2409.11000000,2427.54000000,218914897.70207000
2024-10-08 10:00:00,2427.54000000,2440.49000000,2416.37000000,2438.63000000,123486456.24891999
2024-10-08 14:00:00,2438.63000000,2451.99000000,2400.02000000,2418.39000000,395884141.70548999
2024-10-08 18:00:00,2418.39000000,2454.99000000,2410.15000000,2439.19000000,294605280.04018998
2024-10-08 22:00:00,2439.19000000,2465.84000000,2433.09000000,2439.84000000,130232179.23563001
2024-10-09 02:00:00,2439.84000000,2472.77000000,2426.16000000,2445.52000000,210204641.61774999
2024-10-09 06:00:00,2445.52000000,2451.57000000,2430.63000000,2434.81000000,139318248.57488000
2024-10-09 10:00:00,2434.81000000,2441.64000000,2426.42000000,2440.80000000,115670452.68662000
2024-10-09 14:00:00,2440.80000000,2471.43000000,2422.20000000,2460.35000000,381386115.40391999
2024-10-09 18:00:00,2460.35000000,2461.65000000,2406.69000000,2417.00000000,332629551.34390998
2024-10-09 22:00:00,2417.00000000,2417.03000000,2349.99000000,2369.60000000,339516989.78285998
2024-10-10 02:00:00,2369.60000000,2400.65000000,2365.82000000,2394.36000000,201241934.07841000
2024-10-10 06:00:00,2394.36000000,2410.47000000,2390.49000000,2394.56000000,130192115.88098000
2024-10-10 10:00:00,2394.56000000,2407.13000000,2367.27000000,2405.43000000,199614453.28465000
2024-10-10 14:00:00,2405.43000000,2407.99000000,2368.96000000,2403.95000000,318990354.71306002
2024-10-10 18:00:00,2403.95000000,2420.65000000,2329.58000000,2366.32000000,456264634.67632997
2024-10-10 22:00:00,2366.32000000,2386.40000000,2357.37000000,2385.24000000,147838996.20580000
2024-10-11 02:00:00,2385.24000000,2416.34000000,2380.81000000,2410.18000000,197121518.83113000
2024-10-11 06:00:00,2410.18000000,2417.43000000,2402.09000000,2406.49000000,121148349.60108000
2024-10-11 10:00:00,2406.49000000,2425.08000000,2401.45000000,2416.71000000,152854551.55576000
2024-10-11 14:00:00,2416.71000000,2452.69000000,2413.20000000,2442.36000000,382143435.52250999
2024-10-11 18:00:00,2442.36000000,2469.99000000,2432.00000000,2458.17000000,277116900.01318002
2024-10-11 22:00:00,2458.17000000,2461.20000000,2433.00000000,2438.46000000,141166310.76396999
2024-10-12 02:00:00,2438.46000000,2450.00000000,2433.20000000,2437.93000000,103669303.78221001
2024-10-12 06:00:00,2437.93000000,2450.71000000,2437.92000000,2445.36000000,68608841.58649001
2024-10-12 10:00:00,2445.36000000,2466.74000000,2441.50000000,2451.34000000,106101675.36638001
2024-10-12 14:00:00,2451.34000000,2482.91000000,2447.30000000,2471.74000000,168221373.33575001
2024-10-12 18:00:00,2471.74000000,2485.69000000,2465.33000000,2471.30000000,127535820.35566001
2024-10-12 22:00:00,2471.30000000,2489.35000000,2467.69000000,2475.20000000,61305117.49238000
2024-10-13 02:00:00,2475.20000000,2484.00000000,2450.00000000,2456.90000000,121615616.06806999
2024-10-13 06:00:00,2456.90000000,2468.18000000,2456.00000000,2463.98000000,57991433.27295000
2024-10-13 10:00:00,2463.98000000,2470.86000000,2455.91000000,2456.86000000,81547496.96678001
2024-10-13 14:00:00,2456.86000000,2469.11000000,2435.01000000,2439.28000000,179737617.54082999
2024-10-13 18:00:00,2439.28000000,2461.47000000,2436.67000000,2457.00000000,167386292.70073000
2024-10-13 22:00:00,2457.00000000,2483.88000000,2451.63000000,2467.78000000,124315817.28561001
2024-10-14 02:00:00,2467.78000000,2524.65000000,2442.00000000,2520.05000000,299356601.60250002
2024-10-14 06:00:00,2520.05000000,2547.48000000,2510.19000000,2534.75000000,448667192.33969003
2024-10-14 10:00:00,2534.75000000,2545.92000000,2518.56000000,2536.70000000,227232545.24827999
2024-10-14 14:00:00,2536.70000000,2642.40000000,2533.45000000,2634.95000000,636315169.26082003
2024-10-14 18:00:00,2634.95000000,2639.88000000,2614.38000000,2619.60000000,205179696.13514000
2024-10-14 22:00:00,2619.60000000,2653.23000000,2615.22000000,2628.88000000,164979029.09450001
2024-10-15 02:00:00,2628.88000000,2636.70000000,2608.51000000,2611.81000000,180328146.62413999
2024-10-15 06:00:00,2611.81000000,2623.80000000,2589.96000000,2615.20000000,224296478.26835999
2024-10-15 10:00:00,2615.20000000,2622.23000000,2579.91000000,2585.71000000,213693291.44514000
2024-10-15 14:00:00,2585.71000000,2688.58000000,2536.68000000,2572.58000000,965119170.50481999
2024-10-15 18:00:00,2572.58000000,2618.55000000,2570.25000000,2591.61000000,320985909.15886003
2024-10-15 22:00:00,2591.61000000,2607.88000000,2562.42000000,2606.53000000,173621700.21259001
2024-10-16 02:00:00,2606.53000000,2629.58000000,2588.01000000,2616.23000000,168638350.34635001
2024-10-16 06:00:00,2616.23000000,2623.78000000,2597.60000000,2606.02000000,134616942.16898000
2024-10-16 10:00:00,2606.02000000,2642.00000000,2604.00000000,2629.20000000,286437541.26585001
2024-10-16 14:00:00,2629.20000000,2647.41000000,2594.24000000,2606.71000000,398033462.50474000
2024-10-16 18:00:00,2606.71000000,2627.67000000,2590.59000000,2614.26000000,156644559.26769000
2024-10-16 22:00:00,2614.26000000,2627.23000000,2608.49000000,2610.40000000,83731844.01772000
2024-10-17 02:00:00,2610.40000000,2645.03000000,2609.04000000,2640.37000000,179246025.61969000
2024-10-17 06:00:00,2640.37000000,2647.86000000,2618.11000000,2627.80000000,172472398.28814000
2024-10-17 10:00:00,2627.80000000,2630.00000000,2595.57000000,2597.39000000,191819690.99233001
2024-10-17 14:00:00,2597.39000000,2632.50000000,2582.79000000,2630.40000000,332131094.97302002
2024-10-17 18:00:00,2630.40000000,2630.92000000,2574.68000000,2594.70000000,247277159.31075001
2024-10-17 22:00:00,2594.70000000,2614.40000000,2593.73000000,2605.00000000,88225311.78609000
2024-10-18 02:00:00,2605.00000000,2651.07000000,2595.61000000,2609.10000000,263875299.57472000
2024-10-18 06:00:00,2609.10000000,2644.99000000,2607.88000000,2643.62000000,168742983.14594001
2024-10-18 10:00:00,2643.62000000,2649.75000000,2620.20000000,2621.43000000,146328250.52746001
2024-10-18 14:00:00,2621.43000000,2662.79000000,2611.58000000,2651.97000000,396394377.22851002
2024-10-18 18:00:00,2651.97000000,2675.12000000,2628.46000000,2650.22000000,301072156.56628001
2024-10-18 22:00:00,2650.22000000,2651.50000000,2632.00000000,2641.11000000,101604304.87119000
2024-10-19 02:00:00,2641.11000000,2662.66000000,2633.88000000,2645.36000000,116201612.02484000
2024-10-19 06:00:00,2645.36000000,2649.87000000,2636.66000000,2639.98000000,66945591.06235000
2024-10-19 10:00:00,2639.98000000,2647.81000000,2630.05000000,2630.34000000,71150197.15078001
2024-10-19 14:00:00,2630.34000000,2653.88000000,2630.15000000,2644.87000000,135811564.42776000
2024-10-19 18:00:00,2644.87000000,2645.91000000,2636.01000000,2640.58000000,61704628.44137000
2024-10-19 22:00:00,2640.58000000,2654.85000000,2640.00000000,2647.46000000,53563302.02112000
2024-10-20 02:00:00,2647.46000000,2652.83000000,2634.53000000,2639.65000000,60771908.24643000
2024-10-20 06:00:00,2639.65000000,2651.22000000,2637.26000000,2645.40000000,67324616.25533000
2024-10-20 10:00:00,2645.40000000,2650.88000000,2642.30000000,2648.72000000,43219413.73730000
2024-10-20 14:00:00,2648.72000000,2720.03000000,2640.67000000,2705.87000000,464023082.21653003
2024-10-20 18:00:00,2705.87000000,2709.00000000,2685.41000000,2699.22000000,138480435.16372001
2024-10-20 22:00:00,2699.22000000,2759.60000000,2696.17000000,2746.98000000,323146476.43940002
2024-10-21 02:00:00,2746.98000000,2770.00000000,2726.36000000,2734.83000000,292917278.22373998
2024-10-21 06:00:00,2734.83000000,2745.64000000,2722.23000000,2722.69000000,155372579.52289999
2024-10-21 10:00:00,2722.69000000,2730.00000000,2702.00000000,2705.19000000,208385057.24768001
2024-10-21 14:00:00,2705.19000000,2711.80000000,2659.24000000,2680.20000000,483806303.22836000
2024-10-21 18:00:00,2680.20000000,2684.60000000,2655.52000000,2679.98000000,216165337.69536999
2024-10-21 22:00:00,2679.98000000,2683.57000000,2664.97000000,2666.63000000,91931489.42652000
2024-10-22 02:00:00,2666.63000000,2671.59000000,2614.69000000,2644.65000000,297306611.17878002
2024-10-22 06:00:00,2644.65000000,2659.59000000,2635.21000000,2646.65000000,105598949.49744000
2024-10-22 10:00:00,2646.65000000,2649.35000000,2613.09000000,2632.75000000,232877872.68932000
2024-10-22 14:00:00,2632.75000000,2645.19000000,2606.01000000,2623.75000000,373079346.57538003
2024-10-22 18:00:00,2623.75000000,2633.51000000,2606.11000000,2627.45000000,159119160.86642000
2024-10-22 22:00:00,2627.45000000,2643.56000000,2617.42000000,2621.74000000,132918474.16355000
2024-10-23 02:00:00,2621.74000000,2627.52000000,2600.82000000,2615.92000000,146025011.10284001
2024-10-23 06:00:00,2615.92000000,2624.33000000,2602.03000000,2602.10000000,147355424.17776000
2024-10-23 10:00:00,2602.10000000,2605.88000000,2562.55000000,2580.73000000,344078901.52372003
2024-10-23 14:00:00,2580.73000000,2586.57000000,2529.01000000,2539.52000000,443785074.40490001
2024-10-23 18:00:00,2539.52000000,2541.80000000,2452.94000000,2511.78000000,718797418.15389001
2024-10-23 22:00:00,2511.78000000,2527.99000000,2501.02000000,2523.85000000,178704778.30184999
2024-10-24 02:00:00,2523.85000000,2560.84000000,2508.00000000,2544.19000000,226358315.85380000
2024-10-24 06:00:00,2544.19000000,2561.63000000,2539.62000000,2543.88000000,168241442.58570999
2024-10-24 10:00:00,2543.88000000,2550.98000000,2508.07000000,2528.96000000,222983843.21724001
2024-10-24 14:00:00,2528.96000000,2545.11000000,2512.38000000,2525.15000000,299091321.64152998
2024-10-24 18:00:00,2525.15000000,2541.70000000,2506.56000000,2539.44000000,189332104.84615001
2024-10-24 22:00:00,2539.44000000,2559.98000000,2526.08000000,2535.39000000,161888727.14728999
2024-10-25 02:00:00,2535.39000000,2538.19000000,2509.01000000,2521.22000000,137303553.64451000
2024-10-25 06:00:00,2521.22000000,2522.13000000,2461.30000000,2483.29000000,358717082.76849002
2024-10-25 10:00:00,2483.29000000,2546.91000000,2477.66000000,2544.72000000,346383296.89226002
2024-10-25 14:00:00,2544.72000000,2565.94000000,2507.52000000,2524.27000000,478426532.50016999
2024-10-25 18:00:00,2524.27000000,2536.09000000,2454.52000000,2475.53000000,599139395.67535996
2024-10-25 22:00:00,2475.53000000,2496.13000000,2380.63000000,2440.11000000,568570225.17014003
2024-10-26 02:00:00,2440.11000000,2457.32000000,2429.34000000,2451.39000000,230431041.97277001
2024-10-26 06:00:00,2451.39000000,2479.11000000,2450.41000000,2464.71000000,173197621.31228000
2024-10-26 10:00:00,2464.71000000,2478.00000000,2462.43000000,2472.18000000,115908815.68099000
2024-10-26 14:00:00,2472.18000000,2477.99000000,2441.70000000,2456.87000000,211297959.63618001
2024-10-26 18:00:00,2456.87000000,2487.67000000,2454.60000000,2486.15000000,133479293.18770000
2024-10-26 22:00:00,2486.15000000,2507.16000000,2481.06000000,2482.04000000,130362839.66541000
2024-10-27 02:00:00,2482.04000000,2484.35000000,2468.75000000,2483.73000000,84106661.18513000
2024-10-27 05:00:00,2483.73000000,2486.09000000,2477.05000000,2480.07000000,54129247.39664000
2024-10-27 09:00:00,2480.07000000,2483.53000000,2463.32000000,2468.93000000,99366398.76318000
2024-10-27 13:00:00,2468.93000000,2504.99000000,2468.81000000,2501.09000000,201913311.00509000
2024-10-27 17:00:00,2501.09000000,2510.49000000,2485.02000000,2493.89000000,136259989.99250001
2024-10-27 21:00:00,2493.89000000,2527.25000000,2490.00000000,2507.35000000,131232428.82698999
2024-10-28 01:00:00,2507.35000000,2511.53000000,2470.41000000,2476.76000000,159880340.69690999
2024-10-28 05:00:00,2476.76000000,2526.21000000,2472.31000000,2511.11000000,239466520.91369000
2024-10-28 09:00:00,2511.11000000,2544.41000000,2504.14000000,2526.54000000,286315330.29913998
2024-10-28 13:00:00,2526.54000000,2535.88000000,2497.50000000,2500.30000000,418139895.56806999
2024-10-28 17:00:00,2500.30000000,2523.83000000,2487.17000000,2505.93000000,402497235.50850999
2024-10-28 21:00:00,2505.93000000,2590.00000000,2504.13000000,2566.48000000,466510315.21792001
2024-10-29 01:00:00,2566.48000000,2631.77000000,2560.30000000,2607.58000000,501466702.87327999
2024-10-29 05:00:00,2607.58000000,2626.33000000,2607.37000000,2612.80000000,235506283.42651001
2024-10-29 09:00:00,2612.80000000,2638.67000000,2612.33000000,2631.07000000,248136947.94058001
2024-10-29 13:00:00,2631.07000000,2650.74000000,2610.93000000,2648.12000000,473467689.82086003
2024-10-29 17:00:00,2648.12000000,2681.83000000,2622.63000000,2624.48000000,612056917.96761000
2024-10-29 21:00:00,2624.48000000,2648.80000000,2606.93000000,2639.28000000,323270893.85082000
2024-10-30 01:00:00,2639.28000000,2653.00000000,2599.98000000,2642.61000000,349753587.23760003
2024-10-30 05:00:00,2642.61000000,2686.00000000,2637.04000000,2669.43000000,337043885.54914999
2024-10-30 09:00:00,2669.43000000,2697.99000000,2658.15000000,2659.92000000,481045310.50261998
2024-10-30 13:00:00,2659.92000000,2723.46000000,2653.69000000,2683.59000000,852074498.94453001
2024-10-30 17:00:00,2683.59000000,2696.90000000,2653.38000000,2655.26000000,333850777.26190001
2024-10-30 21:00:00,2655.26000000,2686.49000000,2634.57000000,2659.49000000,402697385.94598001
2024-10-31 01:00:00,2659.49000000,2669.69000000,2638.17000000,2657.59000000,211290199.53373000
2024-10-31 05:00:00,2657.59000000,2658.56000000,2632.00000000,2647.05000000,214450338.20444000
2024-10-31 09:00:00,2647.05000000,2648.99000000,2625.41000000,2638.78000000,305024191.97134000
2024-10-31 13:00:00,2638.78000000,2641.43000000,2541.14000000,2562.99000000,1062157267.81105995
2024-10-31 17:00:00,2562.99000000,2564.04000000,2506.47000000,2514.67000000,616280212.78693998
2024-10-31 21:00:00,2514.67000000,2528.66000000,2502.75000000,2518.37000000,307539396.22886002
2024-11-01 01:00:00,2518.37000000,2533.00000000,2467.43000000,2503.27000000,578429035.38435996
2024-11-01 05:00:00,2503.27000000,2516.67000000,2485.33000000,2504.14000000,286431342.94665998
2024-11-01 09:00:00,2504.14000000,2525.97000000,2494.48000000,2515.84000000,315525472.44691998
2024-11-01 13:00:00,2515.84000000,2587.41000000,2481.60000000,2500.02000000,1119413443.39920998
2024-11-01 17:00:00,2500.02000000,2538.86000000,2495.11000000,2514.78000000,544471152.71253002
2024-11-01 21:00:00,2514.78000000,2528.00000000,2486.00000000,2511.57000000,229163512.06064001
2024-11-02 01:00:00,2511.57000000,2523.64000000,2500.92000000,2506.58000000,138586190.07914999
2024-11-02 05:00:00,2506.58000000,2513.79000000,2499.02000000,2507.19000000,107864923.47938000
2024-11-02 09:00:00,2507.19000000,2510.18000000,2491.00000000,2501.81000000,165858175.31720999
2024-11-02 13:00:00,2501.81000000,2504.16000000,2468.03000000,2488.18000000,462153556.19424999
2024-11-02 17:00:00,2488.18000000,2497.25000000,2478.76000000,2492.72000000,135173005.87852001
2024-11-02 21:00:00,2492.72000000,2497.48000000,2484.40000000,2493.61000000,68909227.55842000
2024-11-03 01:00:00,2493.61000000,2496.20000000,2420.63000000,2448.97000000,562983004.87369001
2024-11-03 05:00:00,2448.97000000,2463.46000000,2440.53000000,2449.57000000,215873922.25861999
2024-11-03 09:00:00,2449.57000000,2462.45000000,2443.80000000,2454.31000000,413593865.72964001
2024-11-03 13:00:00,2454.31000000,2460.18000000,2412.67000000,2442.33000000,604970384.43695998
2024-11-03 17:00:00,2442.33000000,2459.22000000,2410.35000000,2452.77000000,503628625.36319000
2024-11-03 21:00:00,2452.77000000,2474.90000000,2446.93000000,2457.30000000,282571574.95879000
2024-11-04 01:00:00,2457.30000000,2491.13000000,2434.13000000,2473.27000000,334633835.56070000
2024-11-04 05:00:00,2473.27000000,2482.02000000,2456.54000000,2458.89000000,217321800.91964999
2024-11-04 09:00:00,2458.89000000,2477.81000000,2446.36000000,2469.96000000,272029886.87540001
2024-11-04 13:00:00,2469.96000000,2485.41000000,2430.84000000,2441.96000000,452492299.75511998
2024-11-04 17:00:00,2441.96000000,2445.81000000,2405.14000000,2430.06000000,648316902.55390000
2024-11-04 21:00:00,2430.06000000,2431.69000000,2356.35000000,2397.36000000,727862934.51373005
2024-11-05 01:00:00,2397.36000000,2420.55000000,2379.54000000,2419.72000000,417649395.26042002
2024-11-05 05:00:00,2419.72000000,2444.79000000,2416.22000000,2442.32000000,302125713.95472002
2024-11-05 09:00:00,2442.32000000,2447.23000000,2429.25000000,2439.88000000,231297110.23695001
2024-11-05 13:00:00,2439.88000000,2479.50000000,2426.21000000,2440.17000000,833166565.97617996
2024-11-05 17:00:00,2440.17000000,2474.53000000,2400.23000000,2407.08000000,610231530.11196995
2024-11-05 21:00:00,2407.08000000,2439.36000000,2400.33000000,2421.42000000,345193850.49897999
2024-11-06 01:00:00,2421.42000000,2637.06000000,2419.20000000,2579.03000000,1835417376.33028007
2024-11-06 05:00:00,2579.03000000,2644.70000000,2560.90000000,2595.25000000,1556694894.28467989
2024-11-06 09:00:00,2595.25000000,2638.02000000,2572.40000000,2629.64000000,918187743.57919002
2024-11-06 13:00:00,2629.64000000,2667.99000000,2608.47000000,2634.27000000,1229251313.20870996
2024-11-06 17:00:00,2634.27000000,2687.74000000,2633.65000000,2687.74000000,711985908.73669004
2024-11-06 21:00:00,2687.74000000,2746.02000000,2669.21000000,2722.50000000,959173056.50243998
2024-11-07 01:00:00,2722.50000000,2882.00000000,2700.33000000,2854.18000000,2264178199.93829012
2024-11-07 05:00:00,2854.18000000,2856.70000000,2781.40000000,2821.62000000,1173661719.99288988
2024-11-07 09:00:00,2821.62000000,2831.92000000,2790.44000000,2792.99000000,685790949.50338995
2024-11-07 13:00:00,2792.99000000,2849.52000000,2775.59000000,2848.14000000,1159367418.35459995
2024-11-07 17:00:00,2848.14000000,2894.99000000,2824.70000000,2886.00000000,1615487641.72178006
2024-11-07 21:00:00,2886.00000000,2916.54000000,2864.61000000,2895.57000000,1105647650.06603003
2024-11-08 01:00:00,2895.57000000,2956.70000000,2886.48000000,2902.91000000,1298406495.71339989
2024-11-08 05:00:00,2902.91000000,2924.75000000,2892.61000000,2912.99000000,567867013.96352994
2024-11-08 09:00:00,2912.99000000,2931.84000000,2893.69000000,2915.13000000,604906570.50841999
2024-11-08 13:00:00,2915.13000000,2957.74000000,2903.26000000,2937.60000000,1598493448.73922992
2024-11-08 17:00:00,2937.60000000,2982.75000000,2890.40000000,2950.01000000,1758874073.11658001
2024-11-08 21:00:00,2950.01000000,2975.88000000,2915.35000000,2962.00000000,752755590.66959000
2024-11-09 01:00:00,2962.00000000,2995.84000000,2954.63000000,2965.51000000,839814013.56022000
2024-11-09 05:00:00,2965.51000000,3059.78000000,2954.51000000,3030.61000000,1611197039.63281012
2024-11-09 09:00:00,3030.61000000,3056.44000000,3021.57000000,3051.68000000,727669312.16251004
2024-11-09 13:00:00,3051.68000000,3054.40000000,3028.41000000,3041.00000000,637149607.22490001
2024-11-09 17:00:00,3041.00000000,3096.10000000,2991.16000000,3070.71000000,1451608045.67125010
2024-11-09 21:00:00,3070.71000000,3158.48000000,3066.00000000,3127.02000000,1157316620.13222003
2024-11-10 01:00:00,3127.02000000,3151.73000000,3104.31000000,3135.26000000,1041422057.24810004
2024-11-10 05:00:00,3135.26000000,3220.04000000,3130.50000000,3187.07000000,2110584392.98393989
2024-11-10 09:00:00,3187.07000000,3233.93000000,3168.98000000,3223.05000000,1299936381.74010992
2024-11-10 13:00:00,3223.05000000,3240.69000000,3170.69000000,3212.17000000,1427757443.59352994
2024-11-10 17:00:00,3212.17000000,3252.21000000,3151.00000000,3164.99000000,1880026466.57961988
2024-11-10 21:00:00,3164.99000000,3228.96000000,3074.05000000,3185.04000000,2469792849.53685999
2024-11-11 01:00:00,3185.04000000,3224.91000000,3173.21000000,3197.34000000,972317566.42796004
2024-11-11 05:00:00,3197.34000000,3199.38000000,3107.15000000,3141.41000000,1266561632.27537990
2024-11-11 09:00:00,3141.41000000,3213.99000000,3133.36000000,3199.84000000,1140446041.73079991
2024-11-11 13:00:00,3199.84000000,3263.80000000,3141.16000000,3240.02000000,2870608284.34438992
2024-11-11 17:00:00,3240.02000000,3349.47000000,3236.39000000,3301.90000000,2900551289.27248001
2024-11-11 21:00:00,3301.90000000,3392.06000000,3281.38000000,3375.01000000,2477563907.57008982
2024-11-12 01:00:00,3375.01000000,3378.18000000,3251.65000000,3340.88000000,2260333348.56036997
2024-11-12 05:00:00,3340.88000000,3398.00000000,3320.39000000,3371.46000000,1610746448.70284009
2024-11-12 09:00:00,3371.46000000,3448.89000000,3215.75000000,3285.51000000,3941444777.18350983
2024-11-12 13:00:00,3285.51000000,3300.02000000,3211.55000000,3263.24000000,2620086629.78333998
2024-11-12 17:00:00,3263.24000000,3305.96000000,3211.70000000,3275.36000000,1541182968.26609993
2024-11-12 21:00:00,3275.36000000,3307.23000000,3240.96000000,3245.81000000,902289996.99565995
2024-11-13 01:00:00,3245.81000000,3288.68000000,3205.40000000,3210.60000000,1443249383.57219005
2024-11-13 05:00:00,3210.60000000,3233.40000000,3119.97000000,3162.99000000,1835131169.77294993
2024-11-13 09:00:00,3162.99000000,3193.65000000,3144.20000000,3169.54000000,1003678600.38382006
2024-11-13 13:00:00,3169.54000000,3329.80000000,3154.17000000,3312.21000000,2866082156.46256018
2024-11-13 17:00:00,3312.21000000,3334.62000000,3156.24000000,3160.43000000,2388438391.41915989
2024-11-13 21:00:00,3160.43000000,3199.77000000,3120.01000000,3188.90000000,1451623445.31630993
2024-11-14 01:00:00,3188.90000000,3229.91000000,3165.00000000,3219.56000000,974970569.75164998
2024-11-14 05:00:00,3219.56000000,3242.31000000,3175.70000000,3219.66000000,936568575.23152006
2024-11-14 09:00:00,3219.66000000,3232.97000000,3156.32000000,3187.08000000,1074955280.00460005
2024-11-14 13:00:00,3187.08000000,3200.88000000,3060.61000000,3079.25000000,2142092823.72709990
2024-11-14 17:00:00,3079.25000000,3184.01000000,3072.52000000,3147.72000000,1339309977.28908992
2024-11-14 21:00:00,3147.72000000,3147.72000000,3032.02000000,3061.03000000,1202627838.58186007
2024-11-15 01:00:00,3061.03000000,3094.99000000,3036.02000000,3084.84000000,757489173.14871001
2024-11-15 05:00:00,3084.84000000,3084.85000000,3016.26000000,3041.15000000,922901312.67773998
2024-11-15 09:00:00,3041.15000000,3116.20000000,3023.21000000,3105.90000000,963617003.99169004
2024-11-15 13:00:00,3105.90000000,3133.51000000,3016.50000000,3025.01000000,1662469736.97554994
2024-11-15 17:00:00,3025.01000000,3062.43000000,3016.87000000,3041.72000000,979212500.48434997
2024-11-15 21:00:00,3041.72000000,3122.31000000,3040.60000000,3091.75000000,995611349.31602001
2024-11-16 01:00:00,3091.75000000,3159.30000000,3073.47000000,3156.71000000,641833017.58401000
2024-11-16 05:00:00,3156.71000000,3167.20000000,3103.36000000,3108.58000000,592819884.83708000
2024-11-16 09:00:00,3108.58000000,3197.70000000,3105.05000000,3197.44000000,848596314.33806002
2024-11-16 13:00:00,3197.44000000,3222.68000000,3122.90000000,3143.18000000,1580463737.83419991
2024-11-16 17:00:00,3143.18000000,3186.81000000,3130.30000000,3170.89000000,566380568.08852994
2024-11-16 21:00:00,3170.89000000,3176.92000000,3123.44000000,3134.28000000,411747813.37343001
2024-11-17 01:00:00,3134.28000000,3155.88000000,3035.58000000,3081.82000000,1112537567.37137008
2024-11-17 05:00:00,3081.82000000,3149.80000000,3077.25000000,3139.22000000,924453987.11420000
2024-11-17 09:00:00,3139.22000000,3164.80000000,3103.33000000,3107.80000000,947904646.42649996
2024-11-17 13:00:00,3107.80000000,3129.05000000,3069.27000000,3088.26000000,946994948.58173001
2024-11-17 17:00:00,3088.26000000,3117.77000000,3073.25000000,3100.15000000,666828584.02620006
2024-11-17 21:00:00,3100.15000000,3109.47000000,3043.88000000,3078.08000000,751133380.40237999
2024-11-18 01:00:00,3078.08000000,3126.99000000,3071.37000000,3114.51000000,645699205.12785006
2024-11-18 05:00:00,3114.51000000,3153.15000000,3098.20000000,3133.36000000,632505636.50820994
2024-11-18 09:00:00,3133.36000000,3143.55000000,3052.13000000,3058.16000000,1035746784.37558997
2024-11-18 13:00:00,3058.16000000,3160.56000000,3053.35000000,3146.14000000,1581076605.78901005
2024-11-18 17:00:00,3146.14000000,3202.83000000,3092.21000000,3129.30000000,1808797502.93104005
2024-11-18 21:00:00,3129.30000000,3228.00000000,3124.56000000,3210.66000000,1194150776.31441998
2024-11-19 01:00:00,3210.66000000,3224.70000000,3144.39000000,3150.89000000,891574421.54734004
2024-11-19 05:00:00,3150.89000000,3161.92000000,3110.32000000,3120.42000000,629827015.38829994
2024-11-19 09:00:00,3120.42000000,3132.43000000,3093.51000000,3128.58000000,644813032.23799002
2024-11-19 13:00:00,3128.58000000,3151.80000000,3077.30000000,3106.47000000,1331262165.30260992
2024-11-19 17:00:00,3106.47000000,3147.99000000,3101.66000000,3124.63000000,814657450.62519002
2024-11-19 21:00:00,3124.63000000,3134.00000000,3066.71000000,3109.33000000,840206836.72475004
2024-11-20 01:00:00,3109.33000000,3127.83000000,3073.57000000,3098.67000000,627835966.79189003
2024-11-20 05:00:00,3098.67000000,3117.61000000,3089.91000000,3111.59000000,370282024.75424999
2024-11-20 09:00:00,3111.59000000,3137.31000000,3085.24000000,3101.80000000,670182225.26441002
2024-11-20 13:00:00,3101.80000000,3161.61000000,3083.24000000,3131.99000000,1519782326.22409010
2024-11-20 17:00:00,3131.99000000,3137.45000000,3030.65000000,3059.74000000,1556454584.99799991
2024-11-20 21:00:00,3059.74000000,3094.35000000,3046.06000000,3071.00000000,528236454.91391999
2024-11-21 01:00:00,3071.00000000,3103.33000000,3033.40000000,3083.25000000,928570920.60096002
2024-11-21 05:00:00,3083.25000000,3145.86000000,3081.79000000,3139.03000000,1360246008.88597989
2024-11-21 09:00:00,3139.03000000,3157.68000000,3120.14000000,3150.00000000,848076995.38905001
2024-11-21 13:00:00,3150.00000000,3374.78000000,3148.52000000,3279.21000000,4818020030.77649021
2024-11-21 17:00:00,3279.21000000,3389.99000000,3279.06000000,3349.80000000,1707156490.25878000
2024-11-21 21:00:00,3349.80000000,3382.17000000,3337.07000000,3358.68000000,729244187.38290000
2024-11-22 01:00:00,3358.68000000,3384.75000000,3307.16000000,3368.67000000,1121937044.11861992
2024-11-22 05:00:00,3368.67000000,3429.99000000,3357.23000000,3365.65000000,1258808631.28518009
2024-11-22 09:00:00,3365.65000000,3387.06000000,3313.80000000,3347.00000000,1026131521.81823003
2024-11-22 13:00:00,3347.00000000,3359.57000000,3261.60000000,3316.36000000,1918670089.35950994
2024-11-22 17:00:00,3316.36000000,3324.20000000,3266.61000000,3284.79000000,948405706.18917000
2024-11-22 21:00:00,3284.79000000,3332.68000000,3275.08000000,3330.04000000,560027486.71528995
2024-11-23 01:00:00,3330.04000000,3367.57000000,3315.28000000,3348.88000000,1012622785.18511999
2024-11-23 05:00:00,3348.88000000,3365.00000000,3329.16000000,3344.31000000,660244990.49921000
2024-11-23 09:00:00,3344.31000000,3407.93000000,3339.01000000,3357.30000000,1104736847.91391993
2024-11-23 13:00:00,3357.30000000,3498.94000000,3351.78000000,3463.14000000,2404995702.81216002
2024-11-23 17:00:00,3463.14000000,3473.64000000,3381.00000000,3410.51000000,1615527796.90138006
2024-11-23 21:00:00,3410.51000000,3430.52000000,3381.51000000,3396.33000000,683696606.37925005
2024-11-24 01:00:00,3396.33000000,3452.39000000,3391.30000000,3429.91000000,689412766.05800998
2024-11-24 05:00:00,3429.91000000,3435.18000000,3400.02000000,3424.98000000,560721343.27254999
2024-11-24 09:00:00,3424.98000000,3431.62000000,3341.86000000,3346.80000000,1093928548.45163989
2024-11-24 13:00:00,3346.80000000,3360.18000000,3284.08000000,3297.13000000,1812420855.96694994
2024-11-24 17:00:00,3297.13000000,3336.76000000,3290.01000000,3328.77000000,644693224.14178002
2024-11-24 21:00:00,3328.77000000,3374.00000000,3323.44000000,3362.97000000,546938228.44827998
2024-11-25 01:00:00,3362.97000000,3373.00000000,3302.04000000,3364.64000000,690680789.36353004
2024-11-25 05:00:00,3364.64000000,3422.44000000,3363.38000000,3401.65000000,731557754.72255003
2024-11-25 09:00:00,3401.65000000,3531.13000000,3398.82000000,3475.22000000,1901417957.28238010
2024-11-25 13:00:00,3475.22000000,3541.76000000,3351.05000000,3521.08000000,3537578016.64245987
2024-11-25 17:00:00,3521.08000000,3549.81000000,3426.72000000,3467.01000000,2132127181.50489998
2024-11-25 21:00:00,3467.01000000,3507.97000000,3366.31000000,3417.09000000,1601570133.99184990
2024-11-26 01:00:00,3417.09000000,3464.95000000,3397.80000000,3436.46000000,1006865299.11179996
2024-11-26 05:00:00,3436.46000000,3445.65000000,3384.03000000,3396.98000000,822489465.66075003
2024-11-26 09:00:00,3396.98000000,3399.82000000,3282.01000000,3325.23000000,2073746811.62611008
2024-11-26 13:00:00,3325.23000000,3364.88000000,3292.01000000,3298.07000000,1551671730.81624007
2024-11-26 17:00:00,3298.07000000,3339.85000000,3254.69000000,3303.07000000,1386424753.95357990
2024-11-26 21:00:00,3303.07000000,3347.19000000,3291.19000000,3327.17000000,683178481.33765996
2024-11-27 01:00:00,3327.17000000,3374.77000000,3305.01000000,3362.60000000,810225857.79544997
2024-11-27 05:00:00,3362.60000000,3448.43000000,3361.02000000,3426.23000000,1291625090.31967998
2024-11-27 09:00:00,3426.23000000,3488.56000000,3404.41000000,3463.00000000,1059572213.91849005
2024-11-27 13:00:00,3463.00000000,3575.34000000,3443.53000000,3554.63000000,2033481952.59908009
2024-11-27 17:00:00,3554.63000000,3615.00000000,3536.88000000,3592.00000000,1478813297.29928994
2024-11-27 21:00:00,3592.00000000,3688.00000000,3590.39000000,3655.89000000,1421094664.98141003
2024-11-28 01:00:00,3655.89000000,3664.31000000,3567.16000000,3601.11000000,1205489895.98508000
2024-11-28 05:00:00,3601.11000000,3620.98000000,3569.23000000,3594.60000000,804248057.11204004
2024-11-28 09:00:00,3594.60000000,3640.41000000,3576.92000000,3622.84000000,1065970015.06770003
2024-11-28 13:00:00,3622.84000000,3644.22000000,3538.66000000,3543.41000000,1688377436.87859011
2024-11-28 17:00:00,3543.41000000,3587.08000000,3531.46000000,3577.18000000,668262532.77242005
2024-11-28 21:00:00,3577.18000000,3601.96000000,3552.00000000,3581.59000000,483595687.49919999
2024-11-29 01:00:00,3581.59000000,3605.04000000,3552.09000000,3585.86000000,615877814.51076996
2024-11-29 05:00:00,3585.86000000,3598.48000000,3536.52000000,3547.59000000,733781078.81050003
2024-11-29 09:00:00,3547.59000000,3602.30000000,3547.58000000,3596.63000000,590693202.43489003
2024-11-29 13:00:00,3596.63000000,3648.03000000,3576.01000000,3615.20000000,1333329498.76512003
2024-11-29 17:00:00,3615.20000000,3622.22000000,3561.38000000,3584.92000000,877162861.02188003
2024-11-29 21:00:00,3584.92000000,3606.38000000,3577.26000000,3594.50000000,360393327.17050999
2024-11-30 01:00:00,3594.50000000,3664.27000000,3570.26000000,3660.11000000,999228411.61879003
2024-11-30 05:00:00,3660.11000000,3729.70000000,3637.20000000,3705.64000000,1350669375.45270991
2024-11-30 09:00:00,3705.64000000,3720.80000000,3633.37000000,3656.04000000,949810702.28457999
2024-11-30 13:00:00,3656.04000000,3688.02000000,3654.00000000,3676.59000000,622952078.40172994
2024-11-30 17:00:00,3676.59000000,3699.99000000,3660.00000000,3692.00000000,484777699.72543001
2024-11-30 21:00:00,3692.00000000,3742.18000000,3689.15000000,3705.73000000,760798260.46888995
2024-12-01 01:00:00,3705.73000000,3734.12000000,3661.35000000,3709.33000000,1164751034.26040006
2024-12-01 05:00:00,3709.33000000,3719.76000000,3684.01000000,3705.06000000,451757074.66931999
2024-12-01 09:00:00,3705.06000000,3719.99000000,3677.53000000,3694.13000000,545229414.86944997
2024-12-01 13:00:00,3694.13000000,3750.22000000,3680.50000000,3730.99000000,876801730.89865994
2024-12-01 17:00:00,3730.99000000,3747.21000000,3696.12000000,3710.73000000,681350334.83472002
2024-12-01 21:00:00,3710.73000000,3739.27000000,3681.13000000,3711.39000000,793375264.50117004
2024-12-02 01:00:00,3711.39000000,3766.00000000,3678.12000000,3688.11000000,1394012511.21706009
2024-12-02 05:00:00,3688.11000000,3711.80000000,3652.17000000,3669.26000000,1371598809.51307011
2024-12-02 09:00:00,3669.26000000,3675.75000000,3572.35000000,3592.21000000,1768187462.74313998
2024-12-02 13:00:00,3592.21000000,3683.00000000,3585.50000000,3674.55000000,1501452172.78041005
2024-12-02 17:00:00,3674.55000000,3684.61000000,3558.66000000,3614.80000000,1576640606.22138000
2024-12-02 21:00:00,3614.80000000,3647.57000000,3600.81000000,3646.26000000,622959386.55736995
2024-12-03 01:00:00,3646.26000000,3661.65000000,3611.00000000,3641.94000000,740401445.46575999
2024-12-03 05:00:00,3641.94000000,3673.90000000,3602.51000000,3619.54000000,844939669.75450003
2024-12-03 09:00:00,3619.54000000,3638.27000000,3587.95000000,3616.20000000,833607666.48066998
2024-12-03 13:00:00,3616.20000000,3620.60000000,3504.01000000,3574.24000000,2335460014.49676991
2024-12-03 17:00:00,3574.24000000,3597.27000000,3540.67000000,3579.27000000,835218838.19848001
2024-12-03 21:00:00,3579.27000000,3636.96000000,3576.87000000,3616.83000000,767776553.99772000
2024-12-04 01:00:00,3616.83000000,3711.80000000,3616.82000000,3664.91000000,1747268656.59597993
2024-12-04 05:00:00,3664.91000000,3724.77000000,3663.18000000,3717.78000000,844501061.89232004
2024-12-04 09:00:00,3717.78000000,3754.07000000,3699.03000000,3731.00000000,1183973803.85141993
2024-12-04 13:00:00,3731.00000000,3857.73000000,3692.17000000,3824.38000000,2827094719.76033020
2024-12-04 17:00:00,3824.38000000,3846.69000000,3736.46000000,3843.37000000,2328272894.13518000
2024-12-04 21:00:00,3843.37000000,3890.73000000,3825.79000000,3840.89000000,1581236839.69840002
2024-12-05 01:00:00,3840.89000000,3911.41000000,3769.75000000,3836.79000000,2689812645.02334023
2024-12-05 05:00:00,3836.79000000,3884.47000000,3822.85000000,3853.66000000,1198270378.86708999
2024-12-05 09:00:00,3853.66000000,3947.43000000,3853.66000000,3934.34000000,1752083725.14011002
2024-12-05 13:00:00,3934.34000000,3959.29000000,3862.72000000,3890.41000000,1713921992.12207007
2024-12-05 17:00:00,3890.41000000,3929.49000000,3823.40000000,3833.93000000,1369825331.99443007
2024-12-05 21:00:00,3833.93000000,3864.60000000,3660.23000000,3787.40000000,2307994966.34214020
2024-12-06 01:00:00,3787.40000000,3918.04000000,3780.01000000,3910.20000000,1347274055.02300000
2024-12-06 05:00:00,3910.20000000,3932.92000000,3877.14000000,3896.76000000,725667559.28400004
2024-12-06 09:00:00,3896.76000000,3913.33000000,3847.08000000,3869.73000000,896207106.04065001
2024-12-06 13:00:00,3869.73000000,4043.20000000,3835.36000000,3996.29000000,2846968628.09200001
2024-12-06 17:00:00,3996.29000000,4078.25000000,3983.63000000,4071.01000000,1415801646.37200999
2024-12-06 21:00:00,4071.01000000,4092.29000000,3993.43000000,4001.75000000,1039226287.19427001
2024-12-07 01:00:00,4001.75000000,4027.62000000,3972.61000000,3990.21000000,681466357.59103000
2024-12-07 05:00:00,3990.21000000,4006.19000000,3970.60000000,3988.94000000,465431018.01859999
2024-12-07 09:00:00,3988.94000000,4012.49000000,3976.30000000,4001.27000000,420221631.06048000
2024-12-07 13:00:00,4001.27000000,4011.47000000,3979.20000000,4007.66000000,508083549.40635997
2024-12-07 17:00:00,4007.66000000,4023.83000000,3989.16000000,4015.46000000,453746273.49138999
2024-12-07 21:00:00,4015.46000000,4027.35000000,3995.26000000,3999.79000000,303491932.60192001
2024-12-08 01:00:00,3999.79000000,4012.38000000,3987.92000000,3992.35000000,248354098.82832000
2024-12-08 05:00:00,3992.35000000,3998.90000000,3961.42000000,3983.18000000,523381371.41921997
2024-12-08 09:00:00,3983.18000000,3984.61000000,3926.40000000,3974.40000000,862088541.20043004
2024-12-08 13:00:00,3974.40000000,4006.98000000,3958.15000000,3993.92000000,755407413.31136000
2024-12-08 17:00:00,3993.92000000,4003.00000000,3966.81000000,3992.58000000,413664567.47637999
2024-12-08 21:00:00,3992.58000000,4019.13000000,3978.05000000,4007.24000000,428430064.20225000
2024-12-09 01:00:00,4007.24000000,4008.97000000,3908.22000000,3932.52000000,973409319.33483005
2024-12-09 05:00:00,3932.52000000,3951.14000000,3883.18000000,3920.51000000,1037570376.29164004
2024-12-09 09:00:00,3920.51000000,3923.02000000,3845.01000000,3853.69000000,1176808402.69419003
2024-12-09 13:00:00,3853.69000000,3947.60000000,3806.35000000,3826.25000000,1982740643.92207003
2024-12-09 17:00:00,3826.25000000,3869.36000000,3785.87000000,3797.27000000,1249286495.51135993
2024-12-09 21:00:00,3797.27000000,3806.49000000,3486.00000000,3712.37000000,3771184047.89378977
2024-12-10 01:00:00,3712.37000000,3781.13000000,3616.23000000,3683.00000000,1869765337.32779002
2024-12-10 05:00:00,3683.00000000,3744.00000000,3638.83000000,3734.51000000,823720888.38962996
2024-12-10 09:00:00,3734.51000000,3774.00000000,3713.52000000,3750.01000000,661714241.06959999
2024-12-10 13:00:00,3750.01000000,3754.79000000,3555.11000000,3567.84000000,2617584334.86365986
2024-12-10 17:00:00,3567.84000000,3634.96000000,3516.25000000,3629.00000000,2405657788.44114017
2024-12-10 21:00:00,3629.00000000,3672.75000000,3613.25000000,3628.41000000,785241022.07366002
2024-12-11 01:00:00,3628.41000000,3669.60000000,3562.68000000,3665.28000000,977401753.34607005
2024-12-11 05:00:00,3665.28000000,3681.62000000,3646.61000000,3652.17000000,465105390.13036001
2024-12-11 09:00:00,3652.17000000,3727.44000000,3651.13000000,3716.10000000,661622470.53192997
2024-12-11 13:00:00,3716.10000000,3819.99000000,3707.28000000,3786.38000000,1548742255.65878010
2024-12-11 17:00:00,3786.38000000,3813.10000000,3752.55000000,3802.39000000,919813602.32078004
2024-12-11 21:00:00,3802.39000000,3846.95000000,3801.42000000,3830.43000000,587164276.62182999
2024-12-12 01:00:00,3830.43000000,3947.36000000,3795.44000000,3933.79000000,1151506142.17343998
2024-12-12 05:00:00,3933.79000000,3944.21000000,3892.87000000,3904.52000000,964398230.34256995
2024-12-12 09:00:00,3904.52000000,3937.19000000,3890.40000000,3912.73000000,839051091.46964002
2024-12-12 13:00:00,3912.73000000,3986.73000000,3912.73000000,3956.91000000,1838516083.99544001
2024-12-12 17:00:00,3956.91000000,3984.99000000,3853.51000000,3870.04000000,1404121762.68278003
2024-12-12 21:00:00,3870.04000000,3900.80000000,3835.01000000,3880.52000000,809101197.35025001
2024-12-13 01:00:00,3880.52000000,3940.00000000,3851.80000000,3931.35000000,793514205.35203004
2024-12-13 05:00:00,3931.35000000,3934.63000000,3868.42000000,3884.58000000,710104302.93577003
2024-12-13 09:00:00,3884.58000000,3923.20000000,3871.00000000,3900.41000000,601626676.97183001
2024-12-13 13:00:00,3900.41000000,3967.57000000,3877.56000000,3885.19000000,1221229773.87998009
2024-12-13 17:00:00,3885.19000000,3946.08000000,3879.01000000,3916.99000000,826636245.44581997
2024-12-13 21:00:00,3916.99000000,3934.25000000,3889.75000000,3905.59000000,365122425.00070000
2024-12-14 01:00:00,3905.59000000,3944.81000000,3894.43000000,3909.55000000,591065983.64400005
2024-12-14 05:00:00,3909.55000000,3934.79000000,3905.00000000,3920.31000000,262599131.55867001
2024-12-14 09:00:00,3920.31000000,3930.74000000,3885.03000000,3893.26000000,381761760.44098997
2024-12-14 13:00:00,3893.26000000,3897.60000000,3845.18000000,3887.21000000,869083504.43564999
2024-12-14 17:00:00,3887.21000000,3896.87000000,3825.95000000,3858.00000000,775543803.40994000
2024-12-14 21:00:00,3858.00000000,3875.26000000,3823.59000000,3868.60000000,438270080.01766002
2024-12-15 01:00:00,3868.60000000,3894.03000000,3854.68000000,3872.61000000,327314591.80905002
2024-12-15 05:00:00,3872.61000000,3910.77000000,3829.32000000,3843.44000000,608138465.51714003
2024-12-15 09:00:00,3843.44000000,3877.19000000,3835.20000000,3876.10000000,361790651.89390999
2024-12-15 13:00:00,3876.10000000,3909.09000000,3867.12000000,3893.42000000,608708335.93491006
2024-12-15 17:00:00,3893.42000000,3918.62000000,3885.00000000,3902.11000000,404817623.18488002
2024-12-15 21:00:00,3902.11000000,3973.67000000,3842.21000000,3958.27000000,1102587474.65421009
2024-12-16 01:00:00,3958.27000000,4024.86000000,3927.16000000,3941.52000000,1389119396.56851006
2024-12-16 05:00:00,3941.52000000,3982.80000000,3935.05000000,3973.15000000,497979157.23822999
2024-12-16 09:00:00,3973.15000000,3975.28000000,3901.01000000,3908.83000000,790230343.48679996
2024-12-16 13:00:00,3908.83000000,3958.84000000,3882.43000000,3940.16000000,1351533076.35027003
2024-12-16 17:00:00,3940.16000000,4108.91000000,3938.05000000,4056.90000000,2525339334.06528997
2024-12-16 21:00:00,4056.90000000,4071.66000000,3978.25000000,3984.75000000,904558999.66411996
2024-12-17 01:00:00,3984.75000000,4039.99000000,3942.01000000,4033.25000000,931600084.24021995
2024-12-17 05:00:00,4033.25000000,4033.26000000,3981.31000000,3993.05000000,707365898.73800004
2024-12-17 09:00:00,3993.05000000,4030.45000000,3988.32000000,3996.01000000,598933385.78783000
2024-12-17 13:00:00,3996.01000000,4024.49000000,3914.21000000,3937.56000000,1677137259.78952003
2024-12-17 17:00:00,3937.56000000,3983.27000000,3915.41000000,3943.28000000,946724084.56357002
2024-12-17 21:00:00,3943.28000000,3950.92000000,3845.24000000,3890.79000000,1089689512.57575011
2024-12-18 01:00:00,3890.79000000,3901.66000000,3832.28000000,3848.61000000,923052543.04667997
2024-12-18 05:00:00,3848.61000000,3860.82000000,3802.43000000,3845.69000000,938653591.58688998
2024-12-18 09:00:00,3845.69000000,3885.85000000,3840.36000000,3880.99000000,537486461.80420995
2024-12-18 13:00:00,3880.99000000,3889.82000000,3823.12000000,3866.39000000,916556521.72412002
2024-12-18 17:00:00,3866.39000000,3907.20000000,3767.27000000,3768.24000000,1261117372.30209994
2024-12-18 21:00:00,3768.24000000,3784.80000000,3615.59000000,3625.21000000,2764295967.29945993
2024-12-19 01:00:00,3625.21000000,3671.82000000,3540.50000000,3667.27000000,1902148546.66938996
2024-12-19 05:00:00,3667.27000000,3694.99000000,3651.44000000,3691.52000000,541226808.57822001
2024-12-19 09:00:00,3691.52000000,3718.47000000,3662.79000000,3703.56000000,693841722.53106999
2024-12-19 13:00:00,3703.56000000,3708.36000000,3571.80000000,3612.47000000,1629773452.32422996
2024-12-19 17:00:00,3612.47000000,3635.86000000,3372.78000000,3438.80000000,4050054151.35013008
2024-12-19 21:00:00,3438.80000000,3464.34000000,3324.36000000,3416.69000000,1963456045.64972997
2024-12-20 01:00:00,3416.69000000,3464.96000000,3369.85000000,3413.59000000,1075518613.05031991
2024-12-20 05:00:00,3413.59000000,3430.59000000,3327.52000000,3390.15000000,1311260041.94905996
2024-12-20 09:00:00,3390.15000000,3390.28000000,3101.55000000,3103.70000000,3813862073.82792997
2024-12-20 13:00:00,3103.70000000,3395.00000000,3100.01000000,3373.08000000,2953720302.38193989
2024-12-20 17:00:00,3373.08000000,3496.17000000,3365.30000000,3478.11000000,1390195331.43640995
2024-12-20 21:00:00,3478.11000000,3487.98000000,3391.65000000,3470.88000000,822666574.04062998
2024-12-21 01:00:00,3470.88000000,3488.50000000,3445.05000000,3466.59000000,441997774.77767003
2024-12-21 05:00:00,3466.59000000,3553.54000000,3459.80000000,3521.65000000,836798685.61488998
2024-12-21 09:00:00,3521.65000000,3525.78000000,3422.10000000,3440.96000000,998098137.72114003
2024-12-21 13:00:00,3440.96000000,3442.89000000,3344.97000000,3389.11000000,1370976570.20817995
2024-12-21 17:00:00,3389.11000000,3400.82000000,3326.01000000,3359.35000000,878870357.08239996
2024-12-21 21:00:00,3359.35000000,3388.00000000,3291.55000000,3337.53000000,821110292.64540005
2024-12-22 01:00:00,3337.53000000,3373.47000000,3317.52000000,3354.79000000,605538442.04380000
2024-12-22 05:00:00,3354.79000000,3360.23000000,3293.53000000,3331.31000000,552270078.32314003
2024-12-22 09:00:00,3331.31000000,3401.59000000,3330.02000000,3379.61000000,538080549.92665005
2024-12-22 13:00:00,3379.61000000,3396.58000000,3273.01000000,3300.57000000,1101508987.19494009
2024-12-22 17:00:00,3300.57000000,3337.29000000,3236.40000000,3246.09000000,766231659.19488001
2024-12-22 21:00:00,3246.09000000,3309.56000000,3219.99000000,3280.75000000,847943376.20211005
2024-12-23 01:00:00,3280.75000000,3355.70000000,3215.38000000,3349.39000000,1128239521.64023995
2024-12-23 05:00:00,3349.39000000,3362.00000000,3258.49000000,3303.33000000,745079725.12339997
2024-12-23 09:00:00,3303.33000000,3354.00000000,3291.80000000,3338.10000000,575180722.35407996
2024-12-23 13:00:00,3338.10000000,3359.94000000,3267.66000000,3276.17000000,1266317835.41862011
2024-12-23 17:00:00,3276.17000000,3383.81000000,3270.03000000,3337.57000000,1207608415.47256994
2024-12-23 21:00:00,3337.57000000,3465.45000000,3328.24000000,3420.75000000,951338952.13765001
2024-12-24 01:00:00,3420.75000000,3425.67000000,3356.12000000,3395.65000000,641480666.86644995
2024-12-24 05:00:00,3395.65000000,3433.73000000,3383.84000000,3399.92000000,472483512.48839003
2024-12-24 09:00:00,3399.92000000,3415.41000000,3384.03000000,3412.50000000,391610345.19275999
2024-12-24 13:00:00,3412.50000000,3509.00000000,3393.42000000,3491.57000000,1119902795.33411002
2024-12-24 17:00:00,3491.57000000,3538.48000000,3463.44000000,3464.00000000,918366908.07378995
2024-12-24 21:00:00,3464.00000000,3503.87000000,3430.19000000,3491.93000000,520912484.04197001
2024-12-25 01:00:00,3491.93000000,3494.93000000,3456.21000000,3476.87000000,401429044.24116999
2024-12-25 05:00:00,3476.87000000,3508.53000000,3467.77000000,3487.65000000,294827427.66917002
2024-12-25 09:00:00,3487.65000000,3546.88000000,3462.90000000,3469.56000000,720763013.39013004
2024-12-25 13:00:00,3469.56000000,3499.68000000,3456.08000000,3471.58000000,526942189.37491000
2024-12-25 17:00:00,3471.58000000,3487.63000000,3439.01000000,3480.00000000,418944762.12160999
2024-12-25 21:00:00,3480.00000000,3498.90000000,3448.32000000,3495.38000000,307767011.57830000
2024-12-26 01:00:00,3495.38000000,3514.16000000,3448.63000000,3454.03000000,443995016.74787003
2024-12-26 05:00:00,3454.03000000,3454.39000000,3416.36000000,3420.84000000,534968595.90064001
2024-12-26 09:00:00,3420.84000000,3424.36000000,3345.19000000,3371.83000000,955374410.17043996
2024-12-26 13:00:00,3371.83000000,3372.46000000,3326.34000000,3342.33000000,731411693.62650001
2024-12-26 17:00:00,3342.33000000,3363.93000000,3312.10000000,3338.55000000,637784166.26715004
2024-12-26 21:00:00,3338.55000000,3349.39000000,3302.94000000,3333.15000000,497452134.17685002
2024-12-27 01:00:00,3333.15000000,3387.38000000,3315.37000000,3377.82000000,521310378.07756001
2024-12-27 05:00:00,3377.82000000,3397.92000000,3315.04000000,3324.05000000,668675455.66268003
2024-12-27 09:00:00,3324.05000000,3443.98000000,3324.05000000,3417.80000000,1084264594.45503998
2024-12-27 13:00:00,3417.80000000,3421.97000000,3306.01000000,3325.00000000,941336072.20308006
2024-12-27 17:00:00,3325.00000000,3365.77000000,3306.71000000,3353.76000000,695706805.13799000
2024-12-27 21:00:00,3353.76000000,3354.74000000,3308.16000000,3332.09000000,363588596.78512001
2024-12-28 01:00:00,3332.09000000,3351.72000000,3320.92000000,3344.12000000,286792010.57345998
2024-12-28 05:00:00,3344.12000000,3359.74000000,3331.50000000,3334.08000000,224020556.76056001
2024-12-28 09:00:00,3334.08000000,3362.43000000,3331.73000000,3358.06000000,236428212.24333000
2024-12-28 13:00:00,3358.06000000,3394.74000000,3349.44000000,3366.84000000,474219379.02587998
2024-12-28 17:00:00,3366.84000000,3412.26000000,3364.32000000,3399.30000000,325323980.07214999
2024-12-28 21:00:00,3399.30000000,3427.06000000,3388.33000000,3402.53000000,225483938.31391999
2024-12-29 01:00:00,3402.53000000,3405.36000000,3374.02000000,3381.19000000,270350946.25260001
2024-12-29 05:00:00,3381.19000000,3406.38000000,3378.34000000,3405.61000000,211463504.58188999
2024-12-29 09:00:00,3405.61000000,3412.74000000,3388.54000000,3396.93000000,216818391.82929000
2024-12-29 13:00:00,3396.93000000,3409.97000000,3352.88000000,3372.00000000,526467695.90445000
2024-12-29 17:00:00,3372.00000000,3375.17000000,3344.20000000,3361.65000000,332793388.47518998
2024-12-29 21:00:00,3361.65000000,3367.25000000,3324.63000000,3355.47000000,469821177.10601997
2024-12-30 01:00:00,3355.47000000,3436.86000000,3347.05000000,3402.89000000,692897207.14675999
2024-12-30 05:00:00,3402.89000000,3431.99000000,3387.39000000,3426.39000000,418026123.77469999
2024-12-30 09:00:00,3426.39000000,3433.88000000,3393.81000000,3423.48000000,377723292.09999001
2024-12-30 13:00:00,3423.48000000,3429.90000000,3303.75000000,3323.48000000,1401764365.56662011
2024-12-30 17:00:00,3323.48000000,3408.49000000,3316.56000000,3401.63000000,825109552.63794005
2024-12-30 21:00:00,3401.63000000,3419.34000000,3307.44000000,3360.11000000,797469706.14461005
2024-12-31 01:00:00,3360.11000000,3363.67000000,3313.96000000,3339.12000000,416098627.63814002
2024-12-31 05:00:00,3339.12000000,3362.40000000,3326.96000000,3352.60000000,247458699.73493001
2024-12-31 09:00:00,3352.60000000,3409.31000000,3351.53000000,3394.00000000,489674511.04374999
2024-12-31 13:00:00,3394.00000000,3452.00000000,3391.99000000,3412.59000000,873124024.86285996
2024-12-31 17:00:00,3412.59000000,3416.01000000,3329.20000000,3354.69000000,841066020.53544998
2024-12-31 21:00:00,3354.69000000,3364.47000000,3327.22000000,3336.45000000,333725728.77443999
2025-01-01 01:00:00,3336.45000000,3368.01000000,3334.82000000,3354.35000000,262415816.80746999
2025-01-01 05:00:00,3354.35000000,3355.77000000,3335.46000000,3346.09000000,214133015.67831001
2025-01-01 09:00:00,3346.09000000,3348.00000000,3312.80000000,3340.06000000,426353959.71333998
2025-01-01 13:00:00,3340.06000000,3359.09000000,3327.00000000,3352.06000000,396945109.70463997
2025-01-01 17:00:00,3352.06000000,3363.82000000,3322.24000000,3356.21000000,339741939.29724997
2025-01-01 21:00:00,3356.21000000,3373.97000000,3351.01000000,3359.35000000,284457320.17904001
2025-01-02 01:00:00,3359.35000000,3404.98000000,3353.50000000,3388.00000000,454813904.54740000
2025-01-02 05:00:00,3388.00000000,3427.50000000,3387.40000000,3419.70000000,471422031.05862999
2025-01-02 09:00:00,3419.70000000,3476.17000000,3414.18000000,3470.53000000,649531629.16241002
2025-01-02 13:00:00,3470.53000000,3510.55000000,3439.57000000,3462.76000000,1147438493.23624992
2025-01-02 17:00:00,3462.76000000,3488.82000000,3428.51000000,3462.32000000,736957002.35325003
2025-01-02 21:00:00,3462.32000000,3474.89000000,3421.25000000,3454.83000000,333810768.24475998
2025-01-03 01:00:00,3454.83000000,3476.33000000,3442.10000000,3469.13000000,380159606.46033001
2025-01-03 05:00:00,3469.13000000,3470.10000000,3431.05000000,3432.52000000,351588424.35312003
2025-01-03 09:00:00,3432.52000000,3466.54000000,3422.11000000,3464.73000000,372359292.10641003
2025-01-03 13:00:00,3464.73000000,3576.13000000,3460.00000000,3564.32000000,1319099844.44280005
2025-01-03 17:00:00,3564.32000000,3629.80000000,3564.32000000,3621.91000000,1111428047.70274997
2025-01-03 21:00:00,3621.91000000,3623.21000000,3594.23000000,3607.90000000,434393264.95669001
2025-01-04 01:00:00,3607.90000000,3619.89000000,3581.56000000,3597.18000000,337903995.81265002
2025-01-04 05:00:00,3597.18000000,3609.24000000,3583.11000000,3593.04000000,261426691.34285000
2025-01-04 09:00:00,3593.04000000,3606.31000000,3571.08000000,3601.20000000,422856872.92628002
2025-01-04 13:00:00,3601.20000000,3662.63000000,3590.60000000,3606.50000000,1090069086.01466990
2025-01-04 17:00:00,3606.50000000,3643.71000000,3600.30000000,3629.78000000,366077518.20823997
2025-01-04 21:00:00,3629.78000000,3670.00000000,3630.87000000,3655.98000000,392166254.75625998
2025-01-05 01:00:00,3655.98000000,3674.60000000,3628.03000000,3636.29000000,299999922.60088003
2025-01-05 05:00:00,3636.29000000,3648.08000000,3626.92000000,3630.38000000,185083759.01719001
2025-01-05 09:00:00,3630.38000000,3632.10000000,3602.27000000,3612.57000000,430497790.65793002
2025-01-05 13:00:00,3612.57000000,3637.79000000,3592.15000000,3628.45000000,558329481.90840006
2025-01-05 17:00:00,3628.45000000,3647.41000000,3611.52000000,3636.91000000,348492802.68910003
2025-01-05 21:00:00,3636.91000000,3656.28000000,3627.33000000,3634.72000000,283755347.55861998
2025-01-06 01:00:00,3634.72000000,3684.12000000,3609.04000000,3663.50000000,712691958.86355996
2025-01-06 05:00:00,3663.50000000,3698.00000000,3641.36000000,3649.38000000,572456710.32904005
2025-01-06 09:00:00,3649.38000000,3659.40000000,3631.34000000,3653.71000000,409162677.66597003
2025-01-06 13:00:00,3653.71000000,3713.00000000,3620.69000000,3713.00000000,1356618753.80306005
2025-01-06 17:00:00,3713.00000000,3744.12000000,3653.92000000,3686.47000000,1102108751.97878003
2025-01-06 21:00:00,3686.47000000,3702.68000000,3665.38000000,3685.72000000,364211778.81013000
2025-01-07 01:00:00,3685.72000000,3700.16000000,3661.97000000,3681.49000000,347948870.86006999
2025-01-07 05:00:00,3681.49000000,3685.52000000,3657.59000000,3666.61000000,248508326.13538000
2025-01-07 09:00:00,3666.61000000,3678.50000000,3625.01000000,3638.25000000,548912291.38856995
2025-01-07 13:00:00,3638.25000000,3645.00000000,3410.22000000,3461.40000000,2627623822.57220984
2025-01-07 17:00:00,3461.40000000,3490.79000000,3370.00000000,3384.69000000,1650214640.16936994
2025-01-07 21:00:00,3384.69000000,3412.80000000,3354.48000000,3379.38000000,828558863.40566003
2025-01-08 01:00:00,3379.38000000,3413.55000000,3341.59000000,3359.32000000,694191580.95734000
2025-01-08 05:00:00,3359.32000000,3372.62000000,3306.00000000,3353.19000000,988112638.26084006
2025-01-08 09:00:00,3353.19000000,3375.91000000,3321.83000000,3348.49000000,721716617.96076000
2025-01-08 13:00:00,3348.49000000,3384.83000000,3331.50000000,3346.00000000,939273962.44385004
2025-01-08 17:00:00,3346.00000000,3347.15000000,3206.70000000,3279.51000000,2079240179.81365991
2025-01-08 21:00:00,3279.51000000,3333.60000000,3265.01000000,3325.69000000,466942385.83837998
2025-01-09 01:00:00,3325.69000000,3355.85000000,3305.52000000,3323.75000000,629121662.13426995
2025-01-09 05:00:00,3323.75000000,3342.40000000,3280.64000000,3288.18000000,520101070.71170002
2025-01-09 09:00:00,3288.18000000,3326.72000000,3264.85000000,3300.34000000,760460150.99021995
2025-01-09 13:00:00,3300.34000000,3335.77000000,3209.04000000,3318.79000000,1401666147.19229007
2025-01-09 17:00:00,3318.79000000,3326.34000000,3189.04000000,3193.80000000,1124579134.43512988
2025-01-09 21:00:00,3193.80000000,3238.30000000,3156.00000000,3217.86000000,860952222.04254997
2025-01-10 01:00:00,3217.86000000,3258.88000000,3212.62000000,3253.05000000,399056676.89459997
2025-01-10 05:00:00,3253.05000000,3312.54000000,3241.27000000,3294.66000000,554193578.62571001
2025-01-10 09:00:00,3294.66000000,3319.92000000,3286.36000000,3309.75000000,433799234.66554999
2025-01-10 13:00:00,3309.75000000,3315.96000000,3193.58000000,3243.69000000,1793974645.31110001
2025-01-10 17:00:00,3243.69000000,3320.43000000,3230.81000000,3293.79000000,889013411.48905003
2025-01-10 21:00:00,3293.79000000,3293.80000000,3255.44000000,3265.52000000,273943061.39816999
2025-01-11 01:00:00,3265.52000000,3268.92000000,3230.06000000,3235.81000000,288191173.08490002
2025-01-11 05:00:00,3235.81000000,3249.50000000,3223.74000000,3234.78000000,224187353.55708000
2025-01-11 09:00:00,3234.78000000,3279.67000000,3217.60000000,3272.68000000,463194175.56467998
2025-01-11 13:00:00,3272.68000000,3281.70000000,3256.97000000,3270.07000000,282620282.35917997
2025-01-11 17:00:00,3270.07000000,3282.88000000,3257.60000000,3277.46000000,213981373.46902001
2025-01-11 21:00:00,3277.46000000,3319.30000000,3274.61000000,3281.75000000,317656767.71618998
2025-01-12 01:00:00,3281.75000000,3290.37000000,3273.00000000,3285.26000000,148914253.78334001
2025-01-12 05:00:00,3285.26000000,3288.65000000,3262.11000000,3265.51000000,173726251.58693999
2025-01-12 09:00:00,3265.51000000,3270.64000000,3222.70000000,3251.63000000,545778877.83489001
2025-01-12 13:00:00,3251.63000000,3294.75000000,3246.51000000,3284.29000000,488075603.76934999
2025-01-12 17:00:00,3284.29000000,3298.99000000,3267.54000000,3278.58000000,282010289.01583999
2025-01-12 21:00:00,3278.58000000,3288.43000000,3232.58000000,3265.70000000,364134809.88111001
2025-01-13 01:00:00,3265.70000000,3337.44000000,3234.01000000,3241.16000000,1117079825.17226005
2025-01-13 05:00:00,3241.16000000,3259.69000000,3179.79000000,3200.53000000,749076401.10983002
2025-01-13 09:00:00,3200.53000000,3205.00000000,3055.00000000,3056.82000000,1693044255.01199007
2025-01-13 13:00:00,3056.82000000,3090.30000000,2911.95000000,3047.26000000,2776882241.23730993
2025-01-13 17:00:00,3047.26000000,3058.79000000,2985.01000000,3023.97000000,1089836980.89618993
2025-01-13 21:00:00,3023.97000000,3141.73000000,3010.35000000,3136.13000000,801067249.50155997
2025-01-14 01:00:00,3136.13000000,3174.23000000,3124.17000000,3157.59000000,533285104.78640002
2025-01-14 05:00:00,3157.59000000,3189.00000000,3156.15000000,3170.39000000,453059020.26537001
2025-01-14 09:00:00,3170.39000000,3255.50000000,3168.20000000,3216.27000000,889819300.97205997
2025-01-14 13:00:00,3216.27000000,3232.48000000,3177.77000000,3197.87000000,1093678231.22635007
2025-01-14 17:00:00,3197.87000000,3234.31000000,3171.02000000,3213.08000000,619232722.26902997
2025-01-14 21:00:00,3213.08000000,3239.27000000,3193.27000000,3224.14000000,327230241.99027997
2025-01-15 01:00:00,3224.14000000,3244.15000000,3204.04000000,3239.99000000,450020585.67263001
2025-01-15 05:00:00,3239.99000000,3251.21000000,3213.75000000,3231.31000000,420529759.68423003
2025-01-15 09:00:00,3231.31000000,3247.64000000,3185.33000000,3198.40000000,542357873.67519999
2025-01-15 13:00:00,3198.40000000,3352.88000000,3185.10000000,3332.96000000,1673017946.62666011
2025-01-15 17:00:00,3332.96000000,3442.05000000,3323.09000000,3433.75000000,1082187093.07916999
2025-01-15 21:00:00,3433.75000000,3472.83000000,3417.44000000,3449.80000000,764143594.32409000
2025-01-16 01:00:00,3449.80000000,3458.82000000,3345.65000000,3362.10000000,781701504.27953994
2025-01-16 05:00:00,3362.10000000,3389.89000000,3360.55000000,3382.41000000,368285270.41886997
2025-01-16 09:00:00,3382.41000000,3384.00000000,3297.98000000,3349.68000000,1024976548.72446001
2025-01-16 13:00:00,3349.68000000,3363.70000000,3264.01000000,3332.00000000,1439037806.12158990
2025-01-16 17:00:00,3332.00000000,3364.71000000,3308.49000000,3343.36000000,734230648.65208006
2025-01-16 21:00:00,3343.36000000,3352.10000000,3266.72000000,3306.94000000,590490850.64652002
2025-01-17 01:00:00,3306.94000000,3396.63000000,3306.42000000,3360.00000000,825306129.89827001
2025-01-17 05:00:00,3360.00000000,3388.44000000,3346.44000000,3371.36000000,427680035.88730001
2025-01-17 09:00:00,3371.36000000,3438.03000000,3370.84000000,3422.10000000,688307119.20352006
2025-01-17 13:00:00,3422.10000000,3449.93000000,3393.86000000,3420.44000000,1087479690.31475997
2025-01-17 17:00:00,3420.44000000,3447.93000000,3406.01000000,3430.71000000,714364151.50376999
2025-01-17 21:00:00,3430.71000000,3524.85000000,3424.14000000,3472.38000000,1086987954.55977988
2025-01-18 01:00:00,3472.38000000,3492.95000000,3366.68000000,3382.78000000,762118045.07042003
2025-01-18 05:00:00,3382.78000000,3394.62000000,3280.01000000,3286.02000000,1381006639.72539997
2025-01-18 09:00:00,3286.02000000,3323.38000000,3225.93000000,3310.18000000,1471955832.76251006
2025-01-18 13:00:00,3310.18000000,3346.31000000,3272.72000000,3305.97000000,1123795482.73112988
2025-01-18 17:00:00,3305.97000000,3315.93000000,3247.25000000,3289.09000000,863254800.83983004
2025-01-18 21:00:00,3289.09000000,3320.40000000,3256.64000000,3306.71000000,379895182.23198998
2025-01-19 01:00:00,3306.71000000,3377.69000000,3297.70000000,3334.97000000,751964525.92787004
2025-01-19 05:00:00,3334.97000000,3337.31000000,3258.17000000,3275.02000000,803305582.83061004
2025-01-19 09:00:00,3275.02000000,3277.14000000,3129.63000000,3149.56000000,1704965537.63484001
2025-01-19 13:00:00,3149.56000000,3425.84000000,3144.17000000,3383.67000000,2757630404.10245991
2025-01-19 17:00:00,3383.67000000,3449.75000000,3377.56000000,3419.99000000,987411153.25421000
2025-01-19 21:00:00,3419.99000000,3432.96000000,3155.29000000,3213.99000000,2612483351.96512985
2025-01-20 01:00:00,3213.99000000,3280.00000000,3141.62000000,3271.39000000,1659619209.28998995
2025-01-20 05:00:00,3271.39000000,3455.00000000,3249.44000000,3382.95000000,1755493069.58827996
2025-01-20 09:00:00,3382.95000000,3412.58000000,3334.26000000,3375.68000000,1171794941.54218006
2025-01-20 13:00:00,3375.68000000,3379.60000000,3255.00000000,3335.84000000,1738975116.48447990
2025-01-20 17:00:00,3335.84000000,3390.53000000,3203.38000000,3342.56000000,2415835278.08428001
2025-01-20 21:00:00,3342.56000000,3344.32000000,3255.01000000,3283.20000000,682432919.07895005
2025-01-21 01:00:00,3283.20000000,3289.47000000,3203.50000000,3262.21000000,893805179.69778001
2025-01-21 05:00:00,3262.21000000,3266.00000000,3212.52000000,3254.01000000,612084967.18198001
2025-01-21 09:00:00,3254.01000000,3313.24000000,3233.47000000,3304.39000000,631223000.55792999
2025-01-21 13:00:00,3304.39000000,3334.20000000,3264.06000000,3294.15000000,1000446340.81298995
2025-01-21 17:00:00,3294.15000000,3367.88000000,3289.32000000,3331.75000000,885798626.82159996
2025-01-21 21:00:00,3331.75000000,3346.58000000,3301.50000000,3326.71000000,439780076.12603003
2025-01-22 01:00:00,3326.71000000,3365.96000000,3321.31000000,3330.49000000,446576395.35909998
2025-01-22 05:00:00,3330.49000000,3339.27000000,3286.01000000,3287.10000000,374165215.00641000
2025-01-22 09:00:00,3287.10000000,3329.09000000,3272.50000000,3325.53000000,406009208.33196002
2025-01-22 13:00:00,3325.53000000,3331.68000000,3266.89000000,3277.48000000,804960918.22952998
2025-01-22 17:00:00,3277.48000000,3290.85000000,3238.51000000,3261.51000000,578126942.07969999
2025-01-22 21:00:00,3261.51000000,3276.25000000,3221.01000000,3242.00000000,436172237.61486000
2025-01-23 01:00:00,3242.00000000,3260.87000000,3203.08000000,3225.66000000,488079571.11756003
2025-01-23 05:00:00,3225.66000000,3232.43000000,3182.00000000,3232.07000000,471580298.60108000
2025-01-23 09:00:00,3232.07000000,3232.43000000,3187.33000000,3212.79000000,398760802.83635002
2025-01-23 13:00:00,3212.79000000,3285.99000000,3188.53000000,3258.51000000,1310708573.89940000
2025-01-23 17:00:00,3258.51000000,3296.98000000,3192.79000000,3203.51000000,959868821.49726999
2025-01-23 21:00:00,3203.51000000,3347.60000000,3195.73000000,3337.88000000,1532668839.60228992
2025-01-24 01:00:00,3337.88000000,3349.17000000,3274.00000000,3301.41000000,694731571.44823003
2025-01-24 05:00:00,3301.41000000,3420.70000000,3291.14000000,3380.59000000,1108217733.37600994
2025-01-24 09:00:00,3380.59000000,3415.99000000,3374.61000000,3398.67000000,531899753.06467003
2025-01-24 13:00:00,3398.67000000,3429.99000000,3353.96000000,3382.91000000,1025677919.70395994
2025-01-24 17:00:00,3382.91000000,3408.44000000,3362.94000000,3367.12000000,621622953.94947004
2025-01-24 21:00:00,3367.12000000,3377.58000000,3302.14000000,3308.61000000,670594108.23317003
2025-01-25 01:00:00,3308.61000000,3323.15000000,3267.21000000,3318.00000000,524304572.81748003
2025-01-25 05:00:00,3318.00000000,3318.58000000,3281.83000000,3289.98000000,287870465.90153998
2025-01-25 09:00:00,3289.98000000,3310.60000000,3270.40000000,3305.51000000,350798135.82870001
2025-01-25 13:00:00,3305.51000000,3343.61000000,3292.68000000,3333.01000000,435316847.03794998
2025-01-25 17:00:00,3333.01000000,3348.27000000,3328.70000000,3338.71000000,296269536.38218999
2025-01-25 21:00:00,3338.71000000,3349.78000000,3313.35000000,3317.90000000,248613866.41314000
2025-01-26 01:00:00,3317.90000000,3349.35000000,3312.37000000,3337.47000000,245487267.52895999
2025-01-26 05:00:00,3337.47000000,3360.64000000,3328.58000000,3337.51000000,267834537.57207999
2025-01-26 09:00:00,3337.51000000,3342.40000000,3291.00000000,3310.45000000,436289332.35540998
2025-01-26 13:00:00,3310.45000000,3319.56000000,3295.62000000,3313.61000000,289641092.76460999
2025-01-26 17:00:00,3313.61000000,3344.26000000,3306.33000000,3337.70000000,367045295.55734003
2025-01-26 21:00:00,3337.70000000,3341.34000000,3227.06000000,3230.71000000,798722627.58611000
2025-01-27 01:00:00,3230.71000000,3252.65000000,3159.12000000,3182.11000000,1109586079.65443993
2025-01-27 05:00:00,3182.11000000,3182.11000000,3020.50000000,3069.30000000,1668519976.48467994
2025-01-27 09:00:00,3069.30000000,3088.96000000,3032.45000000,3057.49000000,827138182.40096998
2025-01-27 13:00:00,3057.49000000,3150.80000000,3051.96000000,3131.41000000,1343860497.15369010
2025-01-27 17:00:00,3131.41000000,3132.04000000,3045.30000000,3074.88000000,873064304.63326001
2025-01-27 21:00:00,3074.88000000,3238.00000000,3071.79000000,3180.80000000,1014585694.40207005
2025-01-28 01:00:00,3180.80000000,3217.00000000,3150.26000000,3201.46000000,539472769.84455001
2025-01-28 05:00:00,3201.46000000,3221.98000000,3187.51000000,3194.63000000,411987994.22839999
2025-01-28 09:00:00,3194.63000000,3206.58000000,3175.03000000,3185.21000000,368767955.48065001
2025-01-28 13:00:00,3185.21000000,3213.32000000,3155.46000000,3180.15000000,650052482.15617001
2025-01-28 17:00:00,3180.15000000,3181.81000000,3120.21000000,3146.48000000,770417417.54856002
2025-01-28 21:00:00,3146.48000000,3154.34000000,3038.10000000,3075.95000000,1035971333.23784995
2025-01-29 01:00:00,3075.95000000,3131.69000000,3075.18000000,3129.00000000,434299714.62888998
2025-01-29 05:00:00,3129.00000000,3158.78000000,3115.48000000,3155.64000000,369166496.81023997
2025-01-29 09:00:00,3155.64000000,3162.99000000,3119.01000000,3133.63000000,362714161.69422001
2025-01-29 13:00:00,3133.63000000,3138.95000000,3079.00000000,3099.69000000,705838924.79209995
2025-01-29 17:00:00,3099.69000000,3152.90000000,3052.93000000,3125.24000000,1200635685.55895996
2025-01-29 21:00:00,3125.24000000,3180.37000000,3089.10000000,3112.55000000,922752355.37557006
2025-01-30 01:00:00,3112.55000000,3201.79000000,3089.40000000,3200.29000000,609602678.15006006
2025-01-30 05:00:00,3200.29000000,3214.85000000,3177.00000000,3189.55000000,490199361.74840999
2025-01-30 09:00:00,3189.55000000,3228.50000000,3180.00000000,3221.16000000,454221829.61238003
2025-01-30 13:00:00,3221.16000000,3279.74000000,3207.86000000,3254.39000000,1037465251.81545997
2025-01-30 17:00:00,3254.39000000,3282.20000000,3247.20000000,3269.69000000,521404052.67624998
2025-01-30 21:00:00,3269.69000000,3271.83000000,3225.75000000,3245.87000000,524297404.10974002
2025-01-31 01:00:00,3245.87000000,3278.73000000,3219.75000000,3229.54000000,518534137.97707999
2025-01-31 05:00:00,3229.54000000,3276.33000000,3212.31000000,3239.99000000,553262478.32200003
2025-01-31 09:00:00,3239.99000000,3337.75000000,3232.05000000,3334.19000000,889884407.70901000
2025-01-31 13:00:00,3334.19000000,3427.18000000,3324.01000000,3426.36000000,1589161784.77396989
2025-01-31 17:00:00,3426.36000000,3436.39000000,3292.84000000,3337.34000000,1791121052.87796998
2025-01-31 21:00:00,3337.34000000,3337.20000000,3277.20000000,3299.51000000,941088899.72921002
2025-02-01 01:00:00,3299.51000000,3330.81000000,3281.82000000,3291.01000000,489031049.82345998
2025-02-01 05:00:00,3291.01000000,3305.87000000,3271.19000000,3279.00000000,360581467.70805001
2025-02-01 09:00:00,3279.00000000,3285.28000000,3222.35000000,3250.54000000,771106793.99655998
2025-02-01 13:00:00,3250.54000000,3272.00000000,3227.00000000,3249.39000000,543120059.76347995
2025-02-01 17:00:00,3249.39000000,3266.00000000,3177.37000000,3195.18000000,710343138.73102999
2025-02-01 21:00:00,3195.18000000,3195.18000000,3101.00000000,3116.22000000,1000316639.92645001
2025-02-02 01:00:00,3116.22000000,3161.86000000,3067.80000000,3076.66000000,861238542.09077001
2025-02-02 05:00:00,3076.66000000,3137.70000000,3072.85000000,3100.00000000,704865762.98477006
2025-02-02 09:00:00,3100.00000000,3122.99000000,3050.20000000,3063.49000000,777569494.75100005
2025-02-02 13:00:00,3063.49000000,3100.11000000,3049.12000000,3079.31000000,810553589.92957997
2025-02-02 17:00:00,3079.31000000,3080.38000000,2891.64000000,2957.75000000,2734527737.70531988
2025-02-02 21:00:00,2957.75000000,2985.60000000,2743.62000000,2867.86000000,2283749928.45788002
2025-02-03 01:00:00,2867.86000000,2871.72000000,2092.09000000,2525.20000000,4832197317.80362988
2025-02-03 05:00:00,2525.20000000,2629.83000000,2445.87000000,2619.26000000,1566423406.91966009
2025-02-03 09:00:00,2619.26000000,2619.57000000,2523.95000000,2579.43000000,1596710124.60140991
2025-02-03 13:00:00,2579.43000000,2725.79000000,2526.72000000,2698.87000000,2812708868.16620016
2025-02-03 17:00:00,2698.87000000,2768.85000000,2665.50000000,2762.63000000,1529463210.95233011
2025-02-03 21:00:00,2762.63000000,2919.00000000,2693.75000000,2878.68000000,1799727362.73875999
2025-02-04 01:00:00,2878.68000000,2887.33000000,2791.03000000,2809.67000000,814342216.30589998
2025-02-04 05:00:00,2809.67000000,2835.75000000,2661.25000000,2702.09000000,1648347405.70360994
2025-02-04 09:00:00,2702.09000000,2787.70000000,2675.30000000,2756.95000000,989088219.48576999
2025-02-04 13:00:00,2756.95000000,2844.50000000,2727.89000000,2775.61000000,1665411116.25212002
2025-02-04 17:00:00,2775.61000000,2868.29000000,2763.54000000,2768.78000000,1213628048.05485010
2025-02-04 21:00:00,2768.78000000,2792.92000000,2630.81000000,2729.80000000,1602647141.79776001
2025-02-05 01:00:00,2729.80000000,2769.83000000,2697.96000000,2719.36000000,687526565.51595998
2025-02-05 05:00:00,2719.36000000,2786.97000000,2707.59000000,2758.17000000,751580587.75680995
2025-02-05 09:00:00,2758.17000000,2817.11000000,2745.17000000,2798.59000000,756369435.16367996
2025-02-05 13:00:00,2798.59000000,2827.23000000,2756.07000000,2772.15000000,958127417.46728003
2025-02-05 17:00:00,2772.15000000,2786.40000000,2713.76000000,2774.49000000,1122932551.47009993
2025-02-05 21:00:00,2774.49000000,2802.08000000,2737.45000000,2787.00000000,735030050.13982999
2025-02-06 01:00:00,2787.00000000,2818.45000000,2753.81000000,2805.17000000,562918914.37606001
2025-02-06 05:00:00,2805.17000000,2854.94000000,2804.76000000,2830.40000000,489564375.49524999
2025-02-06 09:00:00,2830.40000000,2856.90000000,2791.09000000,2802.02000000,710832481.58995998
2025-02-06 13:00:00,2802.02000000,2805.84000000,2681.91000000,2704.38000000,1260148056.70845008
2025-02-06 17:00:00,2704.38000000,2725.95000000,2670.00000000,2688.79000000,1027968923.37557006
2025-02-06 21:00:00,2688.79000000,2724.48000000,2653.00000000,2685.18000000,551920936.37718999
2025-02-07 01:00:00,2685.18000000,2738.99000000,2678.00000000,2714.47000000,530297431.20109999
2025-02-07 05:00:00,2714.47000000,2730.54000000,2666.71000000,2711.62000000,511576214.18928999
2025-02-07 09:00:00,2711.62000000,2763.75000000,2703.89000000,2761.40000000,465892042.08221000
2025-02-07 13:00:00,2761.40000000,2796.00000000,2708.71000000,2720.12000000,1447533112.07490993
2025-02-07 17:00:00,2720.12000000,2726.52000000,2654.32000000,2657.81000000,895179036.60591996
2025-02-07 21:00:00,2657.81000000,2660.41000000,2560.80000000,2620.66000000,1021577418.54937994
2025-02-08 01:00:00,2620.66000000,2666.66000000,2614.22000000,2640.62000000,507839281.45282000
2025-02-08 05:00:00,2640.62000000,2647.90000000,2593.94000000,2628.32000000,489550442.00063998
2025-02-08 09:00:00,2628.32000000,2631.43000000,2600.48000000,2612.09000000,323984485.78757000
2025-02-08 13:00:00,2612.09000000,2635.57000000,2587.11000000,2604.05000000,432055309.97359002
2025-02-08 17:00:00,2604.05000000,2648.56000000,2588.45000000,2636.15000000,377777878.31664002
2025-02-08 21:00:00,2636.15000000,2644.33000000,2622.40000000,2630.99000000,183931684.10146999
2025-02-09 01:00:00,2630.99000000,2698.00000000,2625.35000000,2677.44000000,414158141.83235002
2025-02-09 05:00:00,2677.44000000,2677.74000000,2647.97000000,2661.30000000,248920264.97771001
2025-02-09 09:00:00,2661.30000000,2672.32000000,2650.13000000,2653.77000000,227293717.86928001
2025-02-09 13:00:00,2653.77000000,2660.90000000,2610.12000000,2651.91000000,576661200.26428998
2025-02-09 17:00:00,2651.91000000,2665.04000000,2615.41000000,2622.71000000,329225955.60522997
2025-02-09 21:00:00,2622.71000000,2647.96000000,2519.11000000,2626.01000000,1134562988.70109010
2025-02-10 01:00:00,2626.01000000,2657.50000000,2557.65000000,2624.89000000,895826038.39059997
2025-02-10 05:00:00,2624.89000000,2659.57000000,2617.23000000,2636.10000000,364850015.47161001
2025-02-10 09:00:00,2636.10000000,2661.06000000,2633.42000000,2652.25000000,389821493.94445002
2025-02-10 13:00:00,2652.25000000,2683.43000000,2630.01000000,2657.30000000,791717905.62380004
2025-02-10 17:00:00,2657.30000000,2692.99000000,2648.66000000,2670.98000000,599952476.47457004
2025-02-10 21:00:00,2670.98000000,2685.44000000,2650.13000000,2660.00000000,250161494.02289000
2025-02-11 01:00:00,2660.00000000,2724.20000000,2659.36000000,2677.71000000,633151122.23448002
2025-02-11 05:00:00,2677.71000000,2723.99000000,2675.00000000,2711.23000000,507339127.55300999
2025-02-11 09:00:00,2711.23000000,2720.32000000,2690.00000000,2707.31000000,436758918.15627003
2025-02-11 13:00:00,2707.31000000,2709.05000000,2624.57000000,2661.23000000,959608919.40058005
2025-02-11 17:00:00,2661.23000000,2669.69000000,2581.30000000,2588.59000000,815978199.55915999
2025-02-11 21:00:00,2588.59000000,2630.40000000,2557.11000000,2601.03000000,678806694.58086002
2025-02-12 01:00:00,2601.03000000,2623.45000000,2567.10000000,2586.00000000,432048847.57722002
2025-02-12 05:00:00,2586.00000000,2622.69000000,2575.97000000,2617.50000000,360006022.89872003
2025-02-12 09:00:00,2617.50000000,2638.86000000,2609.35000000,2625.94000000,521944299.16170001
2025-02-12 13:00:00,2625.94000000,2664.09000000,2545.00000000,2605.63000000,1710837928.35540009
2025-02-12 17:00:00,2605.63000000,2682.81000000,2582.01000000,2677.18000000,973650493.57296002
2025-02-12 21:00:00,2677.18000000,2794.68000000,2668.29000000,2737.12000000,1053349718.77453995
2025-02-13 01:00:00,2737.12000000,2756.51000000,2714.83000000,2743.55000000,430028593.19805002
2025-02-13 05:00:00,2743.55000000,2744.90000000,2670.50000000,2680.12000000,571461155.95536995
2025-02-13 09:00:00,2680.12000000,2687.60000000,2649.40000000,2654.70000000,571197928.37814999
2025-02-13 13:00:00,2654.70000000,2676.24000000,2614.56000000,2646.64000000,941065273.39898002
2025-02-13 17:00:00,2646.64000000,2660.49000000,2611.61000000,2639.74000000,617780618.13645995
2025-02-13 21:00:00,2639.74000000,2678.86000000,2639.15000000,2674.52000000,313895626.96231002
2025-02-14 01:00:00,2674.52000000,2720.49000000,2662.97000000,2714.00000000,418532488.74338001
2025-02-14 05:00:00,2714.00000000,2715.10000000,2688.02000000,2698.01000000,269597851.83065999
2025-02-14 09:00:00,2698.01000000,2715.75000000,2681.12000000,2684.09000000,412474182.77683002
2025-02-14 13:00:00,2684.09000000,2746.60000000,2676.44000000,2733.35000000,818266816.49197996
2025-02-14 17:00:00,2733.35000000,2790.62000000,2708.25000000,2736.54000000,937013162.71858001
2025-02-14 21:00:00,2736.54000000,2750.00000000,2704.43000000,2724.42000000,567761682.33309996
2025-02-15 01:00:00,2724.42000000,2737.99000000,2703.28000000,2723.06000000,260209095.75766000
2025-02-15 05:00:00,2723.06000000,2732.73000000,2692.52000000,2696.37000000,267684956.94518000
2025-02-15 09:00:00,2696.37000000,2713.81000000,2694.12000000,2706.91000000,239958682.68592000
2025-02-15 13:00:00,2706.91000000,2712.96000000,2660.13000000,2689.86000000,404241587.65152001
2025-02-15 17:00:00,2689.86000000,2707.11000000,2677.84000000,2690.21000000,253689336.07091001
2025-02-15 21:00:00,2690.21000000,2703.40000000,2677.49000000,2691.74000000,178520586.72857001
2025-02-16 01:00:00,2691.74000000,2704.62000000,2686.00000000,2697.80000000,165269819.50648999
2025-02-16 05:00:00,2697.80000000,2725.68000000,2689.12000000,2694.38000000,306904144.34384000
2025-02-16 09:00:00,2694.38000000,2712.04000000,2688.00000000,2709.75000000,268340531.74811000
2025-02-16 13:00:00,2709.75000000,2711.37000000,2675.00000000,2692.96000000,386239161.06770003
2025-02-16 17:00:00,2692.96000000,2702.62000000,2658.04000000,2682.29000000,363408200.49081999
2025-02-16 21:00:00,2682.29000000,2688.19000000,2650.22000000,2660.00000000,371748754.67423999
2025-02-17 01:00:00,2660.00000000,2683.20000000,2656.31000000,2670.82000000,248675268.95429999
2025-02-17 05:00:00,2670.82000000,2694.47000000,2634.67000000,2680.47000000,523666014.01098001
2025-02-17 09:00:00,2680.47000000,2773.93000000,2675.39000000,2753.94000000,1037446539.81982994
2025-02-17 13:00:00,2753.94000000,2848.65000000,2745.00000000,2754.91000000,1593821053.54969001
2025-02-17 17:00:00,2754.91000000,2764.13000000,2685.49000000,2716.37000000,1167462387.98488998
2025-02-17 21:00:00,2716.37000000,2777.01000000,2714.96000000,2743.00000000,500248729.35413998
2025-02-18 01:00:00,2743.00000000,2755.78000000,2706.11000000,2710.76000000,444783868.16416001
2025-02-18 05:00:00,2710.76000000,2716.85000000,2650.42000000,2671.01000000,761063195.83227003
2025-02-18 09:00:00,2671.01000000,2705.30000000,2651.50000000,2678.13000000,573798950.85944998
2025-02-18 13:00:00,2678.13000000,2731.72000000,2658.04000000,2672.38000000,940748212.16565001
2025-02-18 17:00:00,2672.38000000,2683.35000000,2604.22000000,2628.72000000,1087287266.43349004
2025-02-18 21:00:00,2628.72000000,2671.03000000,2616.88000000,2670.48000000,484502056.59805000
2025-02-19 01:00:00,2670.48000000,2699.12000000,2655.00000000,2693.02000000,422313867.45832002
2025-02-19 05:00:00,2693.02000000,2716.43000000,2663.00000000,2707.01000000,505703948.42179000
2025-02-19 09:00:00,2707.01000000,2735.99000000,2703.27000000,2725.85000000,520211565.00310999
2025-02-19 13:00:00,2725.85000000,2730.17000000,2676.10000000,2695.59000000,683578360.68780994
2025-02-19 17:00:00,2695.59000000,2723.49000000,2693.29000000,2710.72000000,390533922.28513002
2025-02-19 21:00:00,2710.72000000,2733.30000000,2704.66000000,2714.06000000,286919778.00966001
2025-02-20 01:00:00,2714.06000000,2750.00000000,2708.31000000,2740.35000000,385740275.77640998
2025-02-20 05:00:00,2740.35000000,2757.92000000,2721.00000000,2728.87000000,325986193.33603001
2025-02-20 09:00:00,2728.87000000,2746.00000000,2723.70000000,2739.49000000,233060221.29995999
2025-02-20 13:00:00,2739.49000000,2770.03000000,2706.00000000,2711.33000000,849849135.34723997
2025-02-20 17:00:00,2711.33000000,2767.22000000,2706.19000000,2746.44000000,614495804.24186003
2025-02-20 21:00:00,2746.44000000,2759.96000000,2720.71000000,2736.87000000,294105363.05734998
2025-02-21 01:00:00,2736.87000000,2748.55000000,2724.21000000,2743.15000000,256598888.19172001
2025-02-21 05:00:00,2743.15000000,2768.78000000,2743.15000000,2754.99000000,273500083.67903000
2025-02-21 09:00:00,2754.99000000,2830.83000000,2746.55000000,2787.20000000,862082410.71627998
2025-02-21 13:00:00,2787.20000000,2844.86000000,2672.72000000,2722.25000000,2191206779.09591007
2025-02-21 17:00:00,2722.25000000,2768.23000000,2624.24000000,2638.31000000,2037242151.78533006
2025-02-21 21:00:00,2638.31000000,2662.02000000,2614.76000000,2660.86000000,808487597.16944003
2025-02-22 01:00:00,2660.86000000,2687.11000000,2651.31000000,2673.90000000,448826064.34040999
2025-02-22 05:00:00,2673.90000000,2695.49000000,2671.37000000,2682.80000000,258447871.60112000
2025-02-22 09:00:00,2682.80000000,2752.92000000,2675.17000000,2731.91000000,693397563.96719003
2025-02-22 13:00:00,2731.91000000,2784.99000000,2720.87000000,2774.99000000,549808630.61247003
2025-02-22 17:00:00,2774.99000000,2797.20000000,2755.62000000,2769.13000000,617375138.70499003
2025-02-22 21:00:00,2769.13000000,2777.29000000,2758.16000000,2762.01000000,192663463.29477999
2025-02-23 01:00:00,2762.01000000,2774.59000000,2743.89000000,2751.68000000,293870023.40965003
2025-02-23 05:00:00,2751.68000000,2828.50000000,2745.11000000,2823.63000000,690788218.39524996
2025-02-23 09:00:00,2823.63000000,2830.01000000,2782.29000000,2796.50000000,617220743.21402001
2025-02-23 13:00:00,2796.50000000,2826.11000000,2772.05000000,2781.72000000,832728685.00637996
2025-02-23 17:00:00,2781.72000000,2823.20000000,2781.05000000,2806.77000000,471787975.69995999
2025-02-23 21:00:00,2806.77000000,2859.11000000,2783.97000000,2818.54000000,561676823.90664005
2025-02-24 01:00:00,2818.54000000,2839.00000000,2710.00000000,2716.38000000,986576832.56376004
2025-02-24 05:00:00,2716.38000000,2734.39000000,2690.63000000,2720.41000000,805349263.77282000
2025-02-24 09:00:00,2720.41000000,2721.01000000,2661.94000000,2688.69000000,981415038.45854998
2025-02-24 13:00:00,2688.69000000,2695.60000000,2634.44000000,2657.50000000,1084716611.36201000
2025-02-24 17:00:00,2657.50000000,2681.61000000,2621.32000000,2640.10000000,704562059.11881995
2025-02-24 21:00:00,2640.10000000,2662.70000000,2467.20000000,2512.51000000,1612967394.42055011
2025-02-25 01:00:00,2512.51000000,2529.40000000,2457.03000000,2493.71000000,1262623594.44841003
2025-02-25 05:00:00,2493.71000000,2511.85000000,2314.19000000,2367.15000000,1783899448.64611006
2025-02-25 09:00:00,2367.15000000,2438.25000000,2355.96000000,2432.35000000,1516247755.98140001
2025-02-25 13:00:00,2432.35000000,2447.87000000,2360.65000000,2408.60000000,1361669587.52306008
2025-02-25 17:00:00,2408.60000000,2472.47000000,2382.39000000,2470.61000000,932744278.03737998
2025-02-25 21:00:00,2470.61000000,2532.50000000,2456.15000000,2494.24000000,755122021.02710998
2025-02-26 01:00:00,2494.24000000,2506.45000000,2470.46000000,2489.79000000,441172018.58578002
2025-02-26 05:00:00,2489.79000000,2505.56000000,2474.13000000,2482.45000000,392793554.14379001
2025-02-26 09:00:00,2482.45000000,2494.62000000,2456.66000000,2463.46000000,493658309.47007000
2025-02-26 13:00:00,2463.46000000,2465.93000000,2368.81000000,2427.59000000,1520581309.64783001
2025-02-26 17:00:00,2427.59000000,2433.45000000,2264.09000000,2295.24000000,2016290614.51986003
2025-02-26 21:00:00,2295.24000000,2382.71000000,2252.98000000,2335.20000000,1216401376.42248011
2025-02-27 01:00:00,2335.20000000,2369.77000000,2314.82000000,2331.01000000,554596662.52017999
2025-02-27 05:00:00,2331.01000000,2372.47000000,2302.18000000,2355.39000000,609333778.68050003
2025-02-27 09:00:00,2355.39000000,2380.65000000,2342.30000000,2352.77000000,540457169.10373998
2025-02-27 13:00:00,2352.77000000,2361.53000000,2289.68000000,2322.31000000,968973045.22684002
2025-02-27 17:00:00,2322.31000000,2336.80000000,2277.15000000,2291.30000000,678109030.98942995
2025-02-27 21:00:00,2291.30000000,2310.45000000,2229.04000000,2306.52000000,852416922.07546997
2025-02-28 01:00:00,2306.52000000,2313.14000000,2122.46000000,2146.13000000,2033532053.64385009
2025-02-28 05:00:00,2146.13000000,2155.20000000,2076.53000000,2104.86000000,1676604597.75297999
2025-02-28 09:00:00,2104.86000000,2150.92000000,2074.68000000,2124.87000000,1014981939.27832997
2025-02-28 13:00:00,2124.87000000,2227.63000000,2104.06000000,2221.67000000,1513503308.15008998
2025-02-28 17:00:00,2221.67000000,2254.30000000,2192.56000000,2229.18000000,876661107.77401996
2025-02-28 21:00:00,2229.18000000,2238.65000000,2197.65000000,2236.42000000,392234012.84947002
2025-03-01 01:00:00,2236.42000000,2274.32000000,2211.85000000,2261.75000000,515740880.38309997
2025-03-01 05:00:00,2261.75000000,2279.75000000,2223.20000000,2228.08000000,446430124.89916998
2025-03-01 09:00:00,2228.08000000,2238.77000000,2170.43000000,2183.28000000,564389135.69542003
2025-03-01 13:00:00,2183.28000000,2186.60000000,2141.60000000,2172.19000000,654432055.39569998
2025-03-01 17:00:00,2172.19000000,2233.69000000,2168.17000000,2222.13000000,490442405.90827000
2025-03-01 21:00:00,2222.13000000,2234.94000000,2190.01000000,2216.51000000,367713919.68147999
2025-03-02 01:00:00,2216.51000000,2230.17000000,2200.11000000,2219.40000000,360084380.87616003
2025-03-02 05:00:00,2219.40000000,2234.77000000,2217.10000000,2220.29000000,308788885.79812998
2025-03-02 09:00:00,2220.29000000,2260.00000000,2206.88000000,2237.75000000,520732513.30530000
2025-03-02 13:00:00,2237.75000000,2290.62000000,2171.12000000,2228.75000000,1469577043.56233001
2025-03-02 17:00:00,2228.75000000,2518.49000000,2212.26000000,2485.13000000,3477586916.05287981
2025-03-02 21:00:00,2485.13000000,2549.94000000,2478.76000000,2517.11000000,1002641033.77645004
2025-03-03 01:00:00,2517.11000000,2522.83000000,2417.85000000,2440.10000000,866235656.46520996
2025-03-03 05:00:00,2440.10000000,2457.08000000,2351.67000000,2385.55000000,826188107.67396998
2025-03-03 09:00:00,2385.55000000,2386.96000000,2321.01000000,2355.01000000,770674636.03002000
2025-03-03 13:00:00,2355.01000000,2387.98000000,2266.43000000,2286.32000000,1482322722.13314009
2025-03-03 17:00:00,2286.32000000,2295.88000000,2095.00000000,2108.09000000,1841268762.36492991
2025-03-03 21:00:00,2108.09000000,2172.45000000,2096.11000000,2147.90000000,1085017128.46296000
2025-03-04 01:00:00,2147.90000000,2166.21000000,2001.23000000,2073.55000000,1630809163.54393005
2025-03-04 05:00:00,2073.55000000,2121.15000000,2067.37000000,2079.64000000,756584760.72916996
2025-03-04 09:00:00,2079.64000000,2117.13000000,2069.49000000,2100.28000000,538327497.72452998
2025-03-04 13:00:00,2100.28000000,2157.61000000,2024.50000000,2073.73000000,1759478651.63039994
2025-03-04 17:00:00,2073.73000000,2174.00000000,1988.30000000,2171.68000000,1622303374.89385009
2025-03-04 21:00:00,2171.68000000,2221.27000000,2125.68000000,2170.51000000,975064915.90684998
2025-03-05 01:00:00,2170.51000000,2191.96000000,2154.14000000,2159.64000000,459037763.30325001
2025-03-05 05:00:00,2159.64000000,2212.29000000,2156.94000000,2206.16000000,391984733.53943998
2025-03-05 09:00:00,2206.16000000,2272.64000000,2203.56000000,2216.56000000,1019814843.22293997
2025-03-05 13:00:00,2216.56000000,2231.87000000,2165.31000000,2185.86000000,992226645.40082002
2025-03-05 17:00:00,2185.86000000,2221.87000000,2160.48000000,2217.04000000,754686517.59972000
2025-03-05 21:00:00,2217.04000000,2252.04000000,2212.69000000,2240.45000000,377039235.31851000
2025-03-06 01:00:00,2240.45000000,2295.42000000,2233.09000000,2288.65000000,639002565.17807996
2025-03-06 05:00:00,2288.65000000,2318.99000000,2274.33000000,2285.21000000,516753920.44278997
2025-03-06 09:00:00,2285.21000000,2304.50000000,2275.37000000,2296.74000000,426440176.54013997
2025-03-06 13:00:00,2296.74000000,2297.80000000,2207.09000000,2256.41000000,1119898857.28095007
2025-03-06 17:00:00,2256.41000000,2264.58000000,2175.50000000,2197.12000000,881347892.24866998
2025-03-06 21:00:00,2197.12000000,2228.71000000,2190.97000000,2201.34000000,512954111.40618998
2025-03-07 01:00:00,2201.34000000,2226.44000000,2100.84000000,2147.21000000,1350301410.75555992
2025-03-07 05:00:00,2147.21000000,2192.77000000,2143.41000000,2191.51000000,368644536.62998003
2025-03-07 09:00:00,2191.51000000,2209.94000000,2176.05000000,2196.51000000,401264913.03930002
2025-03-07 13:00:00,2196.51000000,2258.09000000,2164.38000000,2208.59000000,1330675663.24675989
2025-03-07 17:00:00,2208.59000000,2214.78000000,2139.97000000,2177.35000000,958988955.19930995
2025-03-07 21:00:00,2177.35000000,2186.18000000,2113.13000000,2140.72000000,754535515.92391002
2025-03-08 01:00:00,2140.72000000,2155.37000000,2103.69000000,2137.06000000,394633561.47592998
2025-03-08 05:00:00,2137.06000000,2151.99000000,2130.43000000,2136.70000000,197829825.30197999
2025-03-08 09:00:00,2136.70000000,2142.50000000,2125.40000000,2140.89000000,230591129.56395000
2025-03-08 13:00:00,2140.89000000,2198.08000000,2136.95000000,2180.41000000,610811443.03470004
2025-03-08 17:00:00,2180.41000000,2234.23000000,2160.20000000,2223.73000000,620114561.43900001
2025-03-08 21:00:00,2223.73000000,2225.05000000,2192.57000000,2202.83000000,251346997.58144999
2025-03-09 01:00:00,2202.83000000,2211.27000000,2175.12000000,2184.84000000,258038515.43358999
2025-03-09 05:00:00,2184.84000000,2196.20000000,2170.90000000,2184.07000000,217862379.57170999
2025-03-09 09:00:00,2184.07000000,2186.98000000,2127.08000000,2145.62000000,484133349.17530000
2025-03-09 13:00:00,2145.62000000,2145.99000000,2082.76000000,2095.98000000,748548733.40452003
2025-03-09 17:00:00,2095.98000000,2108.21000000,1996.01000000,2039.34000000,1528395420.33008003
2025-03-09 21:00:00,2039.34000000,2055.53000000,1987.34000000,2019.01000000,694225904.50837004
2025-03-10 01:00:00,2019.01000000,2069.60000000,1993.58000000,2056.82000000,642898340.00115001
2025-03-10 05:00:00,2056.82000000,2078.54000000,2053.27000000,2074.21000000,304492722.88308001
2025-03-10 09:00:00,2074.21000000,2152.00000000,2046.75000000,2127.25000000,1161723471.23954010
2025-03-10 13:00:00,2127.25000000,2134.89000000,1995.52000000,2016.87000000,1555671620.32685995
2025-03-10 17:00:00,2016.87000000,2024.28000000,1808.65000000,1868.25000000,2488073605.87743998
2025-03-10 21:00:00,1868.25000000,1902.97000000,1842.21000000,1864.25000000,778696455.65448999
2025-03-11 01:00:00,1864.25000000,1889.49000000,1753.00000000,1848.96000000,1658438827.78946996
2025-03-11 05:00:00,1848.96000000,1913.47000000,1844.90000000,1903.12000000,723846344.70437002
2025-03-11 09:00:00,1903.12000000,1928.77000000,1898.70000000,1913.41000000,636247483.50338995
2025-03-11 13:00:00,1913.41000000,1963.89000000,1839.42000000,1913.81000000,2071399505.36845994
2025-03-11 17:00:00,1913.81000000,1962.26000000,1885.40000000,1950.97000000,1068916185.07539999
2025-03-11 21:00:00,1950.97000000,1954.54000000,1916.25000000,1922.61000000,373413310.31885999
2025-03-12 01:00:00,1922.61000000,1931.99000000,1866.07000000,1867.76000000,648914432.19654000
2025-03-12 05:00:00,1867.76000000,1915.90000000,1851.48000000,1910.47000000,909961210.55377996
2025-03-12 09:00:00,1910.47000000,1955.82000000,1870.00000000,1915.83000000,1595646838.90404010
2025-03-12 13:00:00,1915.83000000,1945.79000000,1828.88000000,1868.64000000,1504000893.77514005
2025-03-12 17:00:00,1868.64000000,1893.50000000,1861.78000000,1877.32000000,578966165.02385998
2025-03-12 21:00:00,1877.32000000,1914.64000000,1872.69000000,1907.37000000,307656605.76081002
2025-03-13 01:00:00,1907.37000000,1916.39000000,1880.97000000,1886.15000000,417695712.44172001
2025-03-13 05:00:00,1886.15000000,1890.76000000,1857.53000000,1871.20000000,483354455.95884001
2025-03-13 09:00:00,1871.20000000,1904.65000000,1852.83000000,1899.58000000,763668399.28281999
2025-03-13 13:00:00,1899.58000000,1919.97000000,1863.19000000,1874.71000000,1053965218.74457002
2025-03-13 17:00:00,1874.71000000,1877.34000000,1820.51000000,1850.91000000,825713672.33058000
2025-03-13 21:00:00,1850.91000000,1882.90000000,1838.03000000,1863.76000000,469430448.97038001
2025-03-14 01:00:00,1863.76000000,1894.08000000,1860.41000000,1888.60000000,326997050.54556000
2025-03-14 05:00:00,1888.60000000,1904.69000000,1886.80000000,1892.13000000,268263969.63876000
2025-03-14 09:00:00,1892.13000000,1908.20000000,1888.45000000,1901.50000000,321669660.31380999
2025-03-14 13:00:00,1901.50000000,1941.80000000,1874.21000000,1921.20000000,1040796842.05953002
2025-03-14 17:00:00,1921.20000000,1945.20000000,1913.12000000,1932.87000000,503718913.28868002
2025-03-14 21:00:00,1932.87000000,1934.00000000,1907.41000000,1910.91000000,262120813.30886000
2025-03-15 01:00:00,1910.91000000,1922.49000000,1902.74000000,1919.69000000,248798709.49246001
2025-03-15 05:00:00,1919.69000000,1934.66000000,1913.56000000,1916.75000000,259660934.50661999
2025-03-15 09:00:00,1916.75000000,1930.86000000,1911.58000000,1928.00000000,198477753.80151001
2025-03-15 13:00:00,1928.00000000,1938.86000000,1921.60000000,1936.80000000,232643408.71355000
2025-03-15 17:00:00,1936.80000000,1947.48000000,1927.45000000,1936.01000000,320903494.25470001
2025-03-15 21:00:00,1936.01000000,1957.00000000,1935.20000000,1936.27000000,231199835.94784999
2025-03-16 01:00:00,1936.27000000,1940.01000000,1915.38000000,1926.43000000,272894727.22627002
2025-03-16 05:00:00,1926.43000000,1933.22000000,1920.60000000,1925.21000000,160264899.36563000
2025-03-16 09:00:00,1925.21000000,1926.18000000,1865.55000000,1872.60000000,625300471.82056999
2025-03-16 13:00:00,1872.60000000,1897.65000000,1872.21000000,1894.22000000,442325979.82986999
2025-03-16 17:00:00,1894.22000000,1923.47000000,1858.39000000,1882.02000000,709004839.50085998
2025-03-16 21:00:00,1882.02000000,1897.60000000,1869.30000000,1885.97000000,283360656.72003001
2025-03-17 01:00:00,1885.97000000,1914.88000000,1885.41000000,1908.08000000,326603942.71257001
2025-03-17 05:00:00,1908.08000000,1912.38000000,1878.76000000,1900.13000000,305531839.85110003
2025-03-17 09:00:00,1900.13000000,1917.69000000,1892.06000000,1909.67000000,273707516.30609000
2025-03-17 13:00:00,1909.67000000,1943.26000000,1886.33000000,1918.50000000,802581708.48146999
2025-03-17 17:00:00,1918.50000000,1951.76000000,1906.70000000,1941.48000000,534006423.57743001
2025-03-17 21:00:00,1941.48000000,1948.81000000,1921.10000000,1925.37000000,287452009.71864003
2025-03-18 01:00:00,1925.37000000,1929.50000000,1896.40000000,1900.35000000,413499088.32558000
2025-03-18 05:00:00,1900.35000000,1909.49000000,1892.90000000,1903.99000000,326513321.23873001
2025-03-18 09:00:00,1903.99000000,1912.30000000,1884.26000000,1891.55000000,362416040.72724998
2025-03-18 13:00:00,1891.55000000,1902.52000000,1871.14000000,1879.97000000,653521313.24005997
2025-03-18 17:00:00,1879.97000000,1907.79000000,1872.35000000,1903.76000000,480694807.98874003
2025-03-18 21:00:00,1903.76000000,1935.43000000,1897.73000000,1930.63000000,336638628.96377999
2025-03-19 01:00:00,1930.63000000,1948.50000000,1927.12000000,1937.73000000,473352826.38046998
2025-03-19 05:00:00,1937.73000000,1942.46000000,1929.46000000,1931.16000000,255430225.39912000
2025-03-19 09:00:00,1931.16000000,2032.70000000,1930.85000000,2027.13000000,1254913718.69666004
2025-03-19 13:00:00,2027.13000000,2055.98000000,1994.30000000,2047.87000000,1331024613.03278995
2025-03-19 17:00:00,2047.87000000,2062.48000000,1994.79000000,2029.90000000,1376757038.79321003
2025-03-19 21:00:00,2029.90000000,2069.00000000,2027.50000000,2055.22000000,468480140.09380001
2025-03-20 01:00:00,2055.22000000,2066.86000000,2019.17000000,2021.86000000,488410798.99826998
2025-03-20 05:00:00,2021.86000000,2024.64000000,2003.85000000,2006.46000000,354068106.25107002
2025-03-20 09:00:00,2006.46000000,2020.57000000,1970.31000000,1988.39000000,767388258.04796004
2025-03-20 13:00:00,1988.39000000,2009.66000000,1964.95000000,1971.18000000,877952666.89956999
2025-03-20 17:00:00,1971.18000000,1979.28000000,1951.20000000,1974.00000000,642182336.80982006
2025-03-20 21:00:00,1974.00000000,1984.16000000,1970.39000000,1982.91000000,199581549.16036001
2025-03-21 01:00:00,1982.91000000,1995.80000000,1971.86000000,1977.41000000,305082170.38208997
2025-03-21 05:00:00,1977.41000000,1989.01000000,1965.46000000,1975.99000000,319548856.26344001
2025-03-21 09:00:00,1975.99000000,1981.62000000,1955.79000000,1966.11000000,372641364.97446001
2025-03-21 13:00:00,1966.11000000,1973.00000000,1935.00000000,1949.67000000,730746145.07011998
2025-03-21 17:00:00,1949.67000000,1976.85000000,1945.02000000,1972.81000000,418679053.77287000
2025-03-21 21:00:00,1972.81000000,1982.41000000,1961.25000000,1964.82000000,206234791.95394999
2025-03-22 01:00:00,1964.82000000,1986.28000000,1963.41000000,1984.99000000,279830347.59399003
2025-03-22 05:00:00,1984.99000000,1992.30000000,1982.08000000,1983.16000000,191309100.88180000
2025-03-22 09:00:00,1983.16000000,2005.66000000,1980.44000000,1989.35000000,360914834.65925997
2025-03-22 13:00:00,1989.35000000,1996.96000000,1980.30000000,1985.27000000,208379419.75312999
2025-03-22 17:00:00,1985.27000000,1999.55000000,1981.49000000,1994.99000000,179853871.05037999
2025-03-22 21:00:00,1994.99000000,2003.31000000,1973.74000000,1979.55000000,218486200.54877999
2025-03-23 01:00:00,1979.55000000,2007.57000000,1975.65000000,2007.53000000,254997396.46011999
2025-03-23 05:00:00,2007.53000000,2019.85000000,1991.25000000,2007.21000000,290210623.47925001
2025-03-23 09:00:00,2007.21000000,2019.82000000,2001.75000000,2006.97000000,307386078.61159003
2025-03-23 13:00:00,2006.97000000,2019.43000000,2001.20000000,2006.21000000,326970771.08601999
2025-03-23 17:00:00,2006.21000000,2007.08000000,1985.88000000,1995.40000000,281302489.49812001
2025-03-23 21:00:00,1995.40000000,2005.90000000,1979.45000000,2005.00000000,305676837.98174000
2025-03-24 01:00:00,2005.00000000,2020.90000000,1976.46000000,2013.48000000,627831429.35090995
2025-03-24 05:00:00,2013.48000000,2078.98000000,2013.76000000,2068.40000000,888307661.67034996
2025-03-24 09:00:00,2068.40000000,2102.95000000,2068.13000000,2091.68000000,691899570.78015006
2025-03-24 13:00:00,2091.68000000,2101.70000000,2072.40000000,2088.79000000,797666005.58788002
2025-03-24 17:00:00,2088.79000000,2100.70000000,2066.38000000,2087.81000000,628795985.06941998
2025-03-24 21:00:00,2087.81000000,2094.44000000,2067.15000000,2080.40000000,273075631.04110003
2025-03-25 01:00:00,2080.40000000,2097.21000000,2040.50000000,2042.27000000,665534951.68150997
2025-03-25 05:00:00,2042.27000000,2066.11000000,2036.01000000,2054.80000000,433362195.35089999
2025-03-25 09:00:00,2054.80000000,2074.31000000,2052.40000000,2067.37000000,328209961.59108001
2025-03-25 13:00:00,2067.37000000,2079.15000000,2050.81000000,2066.52000000,660074209.77848005
2025-03-25 17:00:00,2066.52000000,2082.90000000,2055.41000000,2074.94000000,406786025.01823002
2025-03-25 21:00:00,2074.94000000,2082.62000000,2052.33000000,2065.22000000,291429361.62712002
2025-03-26 01:00:00,2065.22000000,2077.70000000,2041.32000000,2047.99000000,420864656.68136001
2025-03-26 05:00:00,2047.99000000,2070.76000000,2046.47000000,2068.34000000,314253366.61396003
2025-03-26 09:00:00,2068.34000000,2074.85000000,2056.71000000,2067.43000000,320905101.91216999
2025-03-26 13:00:00,2067.43000000,2069.50000000,2005.43000000,2011.32000000,1032971246.56678998
2025-03-26 17:00:00,2011.32000000,2021.20000000,1980.46000000,1999.10000000,734544919.61997998
2025-03-26 21:00:00,1999.10000000,2017.01000000,1991.00000000,2008.69000000,392809579.66488999
2025-03-27 01:00:00,2008.69000000,2036.74000000,2006.07000000,2030.45000000,397926693.39023000
2025-03-27 05:00:00,2030.45000000,2032.00000000,2020.21000000,2025.44000000,186587164.35850000
2025-03-27 09:00:00,2025.44000000,2034.99000000,2011.14000000,2015.30000000,421090956.20302999
2025-03-27 13:00:00,2015.30000000,2025.35000000,1985.72000000,2004.57000000,1030020807.34168994
2025-03-27 17:00:00,2004.57000000,2014.20000000,1992.60000000,2003.00000000,383216879.75761002
2025-03-27 21:00:00,2003.00000000,2019.91000000,1998.42000000,2002.88000000,253313290.35725001
2025-03-28 01:00:00,2002.88000000,2015.09000000,1990.81000000,1999.03000000,390662397.57818002
2025-03-28 05:00:00,1999.03000000,2003.88000000,1898.02000000,1909.05000000,1343368207.21469998
2025-03-28 09:00:00,1909.05000000,1923.60000000,1860.15000000,1899.49000000,843679033.27497995
2025-03-28 13:00:00,1899.49000000,1903.64000000,1870.56000000,1871.33000000,918679173.76249003
2025-03-28 17:00:00,1871.33000000,1886.60000000,1861.09000000,1873.43000000,511549767.82674003
2025-03-28 21:00:00,1873.43000000,1901.00000000,1872.72000000,1896.03000000,278972179.20033997
2025-03-29 01:00:00,1896.03000000,1912.76000000,1885.23000000,1898.95000000,409258855.39410001
2025-03-29 05:00:00,1898.95000000,1904.28000000,1874.30000000,1879.57000000,292706097.12226999
2025-03-29 09:00:00,1879.57000000,1886.58000000,1832.55000000,1843.71000000,702394011.37155998
2025-03-29 13:00:00,1843.71000000,1862.69000000,1832.65000000,1839.28000000,458124223.15214998
2025-03-29 17:00:00,1839.28000000,1847.00000000,1796.21000000,1826.76000000,826286181.56041002
2025-03-29 21:00:00,1826.76000000,1829.57000000,1810.63000000,1827.24000000,255228723.72999001
2025-03-30 01:00:00,1827.24000000,1843.61000000,1811.41000000,1833.42000000,339750418.35189998
2025-03-30 06:00:00,1833.42000000,1845.83000000,1831.55000000,1836.69000000,180577451.14991999
2025-03-30 10:00:00,1836.69000000,1848.00000000,1825.35000000,1832.33000000,261650938.57431999
2025-03-30 14:00:00,1832.33000000,1839.13000000,1783.90000000,1812.82000000,519249992.04074001
2025-03-30 18:00:00,1812.82000000,1834.00000000,1784.33000000,1813.38000000,609847016.59834003
2025-03-30 22:00:00,1813.38000000,1820.84000000,1766.47000000,1807.00000000,569676933.87386000
2025-03-31 02:00:00,1807.00000000,1822.70000000,1775.98000000,1797.73000000,636011054.62465000
2025-03-31 06:00:00,1797.73000000,1813.00000000,1788.13000000,1798.04000000,385000519.29272997
2025-03-31 10:00:00,1798.04000000,1818.99000000,1776.72000000,1812.68000000,641643500.68336999
2025-03-31 14:00:00,1812.68000000,1853.34000000,1792.60000000,1841.38000000,1012343264.17284000
2025-03-31 18:00:00,1841.38000000,1846.40000000,1816.12000000,1826.70000000,440457129.07629001
2025-03-31 22:00:00,1826.70000000,1833.89000000,1815.31000000,1821.44000000,256487196.34226999
2025-04-01 02:00:00,1821.44000000,1842.14000000,1816.87000000,1834.20000000,301729821.28526998
2025-04-01 06:00:00,1834.20000000,1866.98000000,1831.23000000,1853.23000000,318437406.64560997
2025-04-01 10:00:00,1853.23000000,1891.35000000,1853.10000000,1861.38000000,539539764.12503004
2025-04-01 14:00:00,1861.38000000,1927.07000000,1841.56000000,1917.90000000,1014304041.79541004
2025-04-01 18:00:00,1917.90000000,1923.58000000,1900.53000000,1909.20000000,388536149.71262002
2025-04-01 22:00:00,1909.20000000,1921.98000000,1895.91000000,1904.21000000,237937093.84419000
2025-04-02 02:00:00,1904.21000000,1907.95000000,1871.31000000,1875.41000000,414841096.01332003
2025-04-02 06:00:00,1875.41000000,1882.31000000,1850.69000000,1863.93000000,440495694.04168999
2025-04-02 10:00:00,1863.93000000,1887.23000000,1861.61000000,1867.94000000,374737936.38053000
2025-04-02 14:00:00,1867.94000000,1918.00000000,1853.29000000,1900.09000000,1137721443.00171995
2025-04-02 18:00:00,1900.09000000,1915.19000000,1881.30000000,1910.59000000,426207217.36669999
2025-04-02 22:00:00,1910.59000000,1956.09000000,1780.53000000,1794.23000000,1402415254.06621003
2025-04-03 02:00:00,1794.23000000,1834.12000000,1787.90000000,1823.66000000,405763294.91396999
2025-04-03 06:00:00,1823.66000000,1844.80000000,1806.33000000,1814.52000000,295537591.22496003
2025-04-03 10:00:00,1814.52000000,1823.49000000,1786.27000000,1794.39000000,357865190.82009000
2025-04-03 14:00:00,1794.39000000,1799.80000000,1747.47000000,1781.51000000,1002257121.15595996
2025-04-03 18:00:00,1781.51000000,1798.42000000,1766.30000000,1786.36000000,378669250.64306998
2025-04-03 22:00:00,1786.36000000,1821.18000000,1778.65000000,1816.41000000,341821661.50762999
2025-04-04 02:00:00,1816.41000000,1822.41000000,1770.00000000,1792.02000000,452082681.02744001
2025-04-04 06:00:00,1792.02000000,1820.83000000,1783.08000000,1816.88000000,327972061.47895002
2025-04-04 10:00:00,1816.88000000,1834.69000000,1757.52000000,1783.15000000,726653799.88527000
2025-04-04 14:00:00,1783.15000000,1820.18000000,1768.64000000,1794.47000000,968832915.94248998
2025-04-04 18:00:00,1794.47000000,1828.35000000,1782.15000000,1809.12000000,600594153.16117001
2025-04-04 22:00:00,1809.12000000,1826.98000000,1806.43000000,1816.15000000,183338443.44668001
2025-04-05 02:00:00,1816.15000000,1826.74000000,1808.29000000,1809.01000000,152357392.52364999
2025-04-05 06:00:00,1809.01000000,1815.00000000,1803.06000000,1812.40000000,137626971.10273001
2025-04-05 10:00:00,1812.40000000,1821.26000000,1805.57000000,1806.61000000,204096126.64416999
2025-04-05 14:00:00,1806.61000000,1807.61000000,1776.94000000,1781.11000000,377476812.14929998
2025-04-05 18:00:00,1781.11000000,1794.76000000,1778.88000000,1781.33000000,170390614.34883001
2025-04-05 22:00:00,1781.33000000,1809.30000000,1763.03000000,1805.05000000,252572145.87790999
2025-04-06 02:00:00,1805.05000000,1816.37000000,1800.99000000,1809.11000000,230677192.76293999
2025-04-06 06:00:00,1809.11000000,1812.58000000,1790.16000000,1796.88000000,211627693.33961999
2025-04-06 10:00:00,1796.88000000,1797.28000000,1782.01000000,1788.22000000,276244531.84722000
2025-04-06 14:00:00,1788.22000000,1791.10000000,1738.80000000,1759.58000000,619204421.36374998
2025-04-06 18:00:00,1759.58000000,1759.25000000,1601.00000000,1625.33000000,1842008737.80228996
2025-04-06 22:00:00,1625.33000000,1630.30000000,1536.92000000,1579.98000000,1417948682.32558990
2025-04-07 02:00:00,1579.98000000,1613.26000000,1520.00000000,1542.69000000,1002294995.15865004
2025-04-07 06:00:00,1542.69000000,1560.77000000,1410.51000000,1459.70000000,1576249920.54006004
2025-04-07 10:00:00,1459.70000000,1520.76000000,1454.80000000,1482.27000000,1288100369.63642001
2025-04-07 14:00:00,1482.27000000,1638.44000000,1477.18000000,1555.54000000,2166451495.17924976
2025-04-07 18:00:00,1555.54000000,1572.08000000,1525.21000000,1544.37000000,745352817.45349002
2025-04-07 22:00:00,1544.37000000,1584.57000000,1544.25000000,1552.44000000,327932413.88859999
2025-04-08 02:00:00,1552.44000000,1618.00000000,1540.20000000,1584.09000000,602921148.66093004
2025-04-08 06:00:00,1584.09000000,1601.61000000,1560.90000000,1569.97000000,316374905.74664998
2025-04-08 10:00:00,1569.97000000,1589.45000000,1553.48000000,1587.41000000,353507512.09170002
2025-04-08 14:00:00,1587.41000000,1592.78000000,1517.36000000,1530.91000000,1020437042.30467999
2025-04-08 18:00:00,1530.91000000,1532.24000000,1453.67000000,1465.95000000,1196662310.83811998
2025-04-08 22:00:00,1465.95000000,1485.50000000,1445.70000000,1472.68000000,431133359.22922999
2025-04-09 02:00:00,1472.68000000,1481.59000000,1384.02000000,1418.10000000,1001309184.09413004
2025-04-09 06:00:00,1418.10000000,1491.58000000,1414.00000000,1482.80000000,751416909.82877004
2025-04-09 10:00:00,1482.80000000,1495.99000000,1444.18000000,1454.70000000,879963766.11659002
2025-04-09 14:00:00,1454.70000000,1500.87000000,1439.41000000,1484.58000000,982107355.18348002
2025-04-09 18:00:00,1484.58000000,1672.50000000,1481.19000000,1639.53000000,2016460012.04969001
2025-04-09 22:00:00,1639.53000000,1687.99000000,1639.53000000,1668.70000000,565148604.76118004
2025-04-10 02:00:00,1668.70000000,1669.19000000,1601.10000000,1616.40000000,570670525.76987004
2025-04-10 06:00:00,1616.40000000,1625.37000000,1582.92000000,1595.02000000,495297412.81199002
2025-04-10 10:00:00,1595.02000000,1605.89000000,1580.50000000,1593.92000000,386941524.78862000
2025-04-10 14:00:00,1593.92000000,1626.80000000,1482.66000000,1495.00000000,1213385069.60411000
2025-04-10 18:00:00,1495.00000000,1531.40000000,1471.88000000,1513.90000000,766503996.63812995
2025-04-10 22:00:00,1513.90000000,1533.00000000,1513.33000000,1521.69000000,185982477.92629001
2025-04-11 02:00:00,1521.69000000,1549.66000000,1504.05000000,1543.81000000,383548318.86300999
2025-04-11 06:00:00,1543.81000000,1561.75000000,1540.10000000,1551.99000000,242649348.34035000
2025-04-11 10:00:00,1551.99000000,1584.15000000,1536.98000000,1557.93000000,500123794.06268001
2025-04-11 14:00:00,1557.93000000,1580.72000000,1540.50000000,1564.86000000,588316727.22493005
2025-04-11 18:00:00,1564.86000000,1590.81000000,1554.90000000,1565.02000000,368774501.16044998
2025-04-11 22:00:00,1565.02000000,1586.31000000,1556.98000000,1566.14000000,225641894.74384999
2025-04-12 02:00:00,1566.14000000,1569.00000000,1545.06000000,1553.62000000,204521749.75782999
2025-04-12 06:00:00,1553.62000000,1584.53000000,1549.61000000,1581.23000000,240296608.18992001
2025-04-12 10:00:00,1581.23000000,1605.68000000,1580.03000000,1593.22000000,275749494.64415002
2025-04-12 14:00:00,1593.22000000,1669.07000000,1589.74000000,1655.09000000,783516876.23134995
2025-04-12 18:00:00,1655.09000000,1661.57000000,1627.43000000,1641.84000000,388778441.26977998
2025-04-12 22:00:00,1641.84000000,1659.55000000,1640.35000000,1643.59000000,193945497.24002001
2025-04-13 02:00:00,1643.59000000,1649.20000000,1605.68000000,1623.60000000,325791993.98903000
2025-04-13 06:00:00,1623.60000000,1623.91000000,1596.63000000,1612.77000000,271494844.49400997
2025-04-13 10:00:00,1612.77000000,1627.40000000,1590.99000000,1603.45000000,305467650.86724001
2025-04-13 14:00:00,1603.45000000,1608.36000000,1565.34000000,1586.00000000,457195760.75336999
2025-04-13 18:00:00,1586.00000000,1648.56000000,1561.08000000,1589.41000000,678108858.02655005
2025-04-13 22:00:00,1589.41000000,1616.28000000,1571.46000000,1596.92000000,391570094.98023999
2025-04-14 02:00:00,1596.92000000,1659.78000000,1594.77000000,1629.02000000,476484154.56260997
2025-04-14 06:00:00,1629.02000000,1641.64000000,1611.57000000,1634.92000000,264377666.79130000
2025-04-14 10:00:00,1634.92000000,1690.54000000,1628.65000000,1674.67000000,666845193.04930997
2025-04-14 14:00:00,1674.67000000,1689.12000000,1618.29000000,1626.97000000,1336630639.94775009
2025-04-14 18:00:00,1626.97000000,1650.80000000,1613.72000000,1635.80000000,699446159.02762997
2025-04-14 22:00:00,1635.80000000,1637.33000000,1605.02000000,1623.02000000,354035223.37544000
2025-04-15 02:00:00,1623.02000000,1643.21000000,1613.92000000,1637.15000000,501588121.65332001
2025-04-15 06:00:00,1637.15000000,1647.76000000,1631.45000000,1644.19000000,348918335.86391997
2025-04-15 10:00:00,1644.19000000,1651.00000000,1621.52000000,1631.18000000,526540584.01872998
2025-04-15 14:00:00,1631.18000000,1660.52000000,1600.08000000,1620.12000000,1184427555.10173988
2025-04-15 18:00:00,1620.12000000,1627.19000000,1595.10000000,1606.22000000,488773717.97022003
2025-04-15 22:00:00,1606.22000000,1614.00000000,1582.25000000,1588.01000000,420623112.37602001
2025-04-16 02:00:00,1588.01000000,1603.53000000,1575.29000000,1590.10000000,457671987.50335997
2025-04-16 06:00:00,1590.10000000,1592.76000000,1551.00000000,1563.48000000,720139190.99248004
2025-04-16 10:00:00,1563.48000000,1585.00000000,1555.72000000,1583.25000000,483586939.53179002
2025-04-16 14:00:00,1583.25000000,1614.40000000,1565.38000000,1589.91000000,964515458.41788995
2025-04-16 18:00:00,1589.91000000,1612.43000000,1537.81000000,1587.89000000,1407414491.11601996
2025-04-16 22:00:00,1587.89000000,1597.60000000,1569.23000000,1576.57000000,392549919.44726002
2025-04-17 02:00:00,1576.57000000,1594.89000000,1573.99000000,1584.04000000,311959764.81081998
2025-04-17 06:00:00,1584.04000000,1609.90000000,1580.14000000,1600.99000000,406324890.72727001
2025-04-17 10:00:00,1600.99000000,1603.50000000,1587.69000000,1592.50000000,361217095.43611002
2025-04-17 14:00:00,1592.50000000,1602.59000000,1562.26000000,1582.43000000,820335890.07514000
2025-04-17 18:00:00,1582.43000000,1616.35000000,1575.85000000,1580.56000000,1040551215.77395999
2025-04-17 22:00:00,1580.56000000,1590.97000000,1578.00000000,1582.83000000,244777868.61853999
2025-04-18 02:00:00,1582.83000000,1588.69000000,1576.21000000,1583.40000000,212190475.89656001
2025-04-18 06:00:00,1583.40000000,1584.49000000,1572.65000000,1583.46000000,237937821.07429001
2025-04-18 10:00:00,1583.46000000,1592.10000000,1581.35000000,1589.90000000,238816313.14452001
2025-04-18 14:00:00,1589.90000000,1596.63000000,1578.01000000,1582.28000000,369595212.97175002
2025-04-18 18:00:00,1582.28000000,1594.45000000,1580.96000000,1592.39000000,240182528.04571000
2025-04-18 22:00:00,1592.39000000,1599.92000000,1586.27000000,1587.91000000,180128504.10084000
2025-04-19 02:00:00,1587.91000000,1599.60000000,1584.35000000,1597.14000000,217833510.01999000
2025-04-19 06:00:00,1597.14000000,1612.97000000,1594.54000000,1600.28000000,320778091.03052998
2025-04-19 10:00:00,1600.28000000,1605.92000000,1593.27000000,1596.29000000,207040842.81442001
2025-04-19 14:00:00,1596.29000000,1611.77000000,1594.38000000,1606.60000000,294440914.82505000
2025-04-19 18:00:00,1606.60000000,1630.99000000,1597.76000000,1613.99000000,453263648.08192998
2025-04-19 22:00:00,1613.99000000,1621.73000000,1610.20000000,1612.65000000,148432352.76372999
2025-04-20 02:00:00,1612.65000000,1618.46000000,1607.26000000,1611.14000000,196470899.85499001
2025-04-20 06:00:00,1611.14000000,1617.00000000,1585.92000000,1596.63000000,352772922.66373998
2025-04-20 10:00:00,1596.63000000,1596.87000000,1564.69000000,1571.79000000,512876285.63538003
2025-04-20 14:00:00,1571.79000000,1583.39000000,1570.19000000,1572.81000000,323562102.75193000
2025-04-20 18:00:00,1572.81000000,1587.13000000,1570.51000000,1585.35000000,176030340.16585001
2025-04-20 22:00:00,1585.35000000,1600.00000000,1573.81000000,1586.57000000,340518625.83564001
2025-04-21 02:00:00,1586.57000000,1645.34000000,1585.37000000,1634.07000000,1011402533.32472003
2025-04-21 06:00:00,1634.07000000,1658.00000000,1630.52000000,1645.10000000,535582151.50137001
2025-04-21 10:00:00,1645.10000000,1654.56000000,1617.08000000,1625.66000000,547394719.44010997
2025-04-21 14:00:00,1625.66000000,1641.28000000,1607.63000000,1622.50000000,990746042.87933004
2025-04-21 18:00:00,1622.50000000,1625.41000000,1561.31000000,1572.78000000,1156836660.70092010
2025-04-21 22:00:00,1572.78000000,1579.97000000,1570.52000000,1578.63000000,250523411.94012001
2025-04-22 02:00:00,1578.63000000,1592.98000000,1535.49000000,1578.21000000,839630526.50598001
2025-04-22 06:00:00,1578.21000000,1623.43000000,1573.08000000,1618.59000000,653397933.38059998
2025-04-22 10:00:00,1618.59000000,1638.00000000,1612.56000000,1630.14000000,716491387.48301995
2025-04-22 14:00:00,1630.14000000,1725.48000000,1626.03000000,1702.42000000,1843283110.28504992
2025-04-22 18:00:00,1702.42000000,1709.99000000,1682.72000000,1697.41000000,708055139.19260001
2025-04-22 22:00:00,1697.41000000,1778.42000000,1691.49000000,1755.58000000,1048158916.51592004
2025-04-23 02:00:00,1755.58000000,1807.07000000,1744.33000000,1794.51000000,1056223708.73642004
2025-04-23 06:00:00,1794.51000000,1817.31000000,1773.16000000,1791.29000000,873747507.33404005
2025-04-23 10:00:00,1791.29000000,1811.57000000,1778.59000000,1796.74000000,685382846.73698997
2025-04-23 14:00:00,1796.74000000,1829.51000000,1761.00000000,1793.82000000,1627856058.92807007
2025-04-23 18:00:00,1793.82000000,1809.60000000,1773.51000000,1785.30000000,676209442.35100996
2025-04-23 22:00:00,1785.30000000,1806.26000000,1784.78000000,1794.45000000,241940005.71454999
2025-04-24 02:00:00,1794.45000000,1802.26000000,1765.59000000,1767.26000000,527027235.49922001
2025-04-24 06:00:00,1767.26000000,1775.67000000,1750.80000000,1755.61000000,547815442.59277999
2025-04-24 10:00:00,1755.61000000,1759.89000000,1721.69000000,1754.06000000,818699822.05409002
2025-04-24 14:00:00,1754.06000000,1777.09000000,1743.67000000,1763.84000000,837535095.37919998
2025-04-24 18:00:00,1763.84000000,1776.85000000,1745.09000000,1762.20000000,626123752.74347997
2025-04-24 22:00:00,1762.20000000,1774.11000000,1748.05000000,1768.80000000,240745810.21755999
2025-04-25 02:00:00,1768.80000000,1789.73000000,1737.65000000,1760.00000000,630736471.24927998
2025-04-25 06:00:00,1760.00000000,1781.20000000,1757.30000000,1776.39000000,399390682.21022999
2025-04-25 10:00:00,1776.39000000,1792.65000000,1763.42000000,1789.48000000,645730729.03501999
2025-04-25 14:00:00,1789.48000000,1826.69000000,1755.97000000,1805.70000000,1483114458.79158998
2025-04-25 18:00:00,1805.70000000,1809.81000000,1781.47000000,1801.30000000,601793523.48903000
2025-04-25 22:00:00,1801.30000000,1808.86000000,1783.00000000,1783.77000000,292573485.54698998
2025-04-26 02:00:00,1783.77000000,1815.05000000,1783.76000000,1796.51000000,493367459.70293999
2025-04-26 06:00:00,1796.51000000,1809.89000000,1788.01000000,1799.44000000,305288952.40531999
2025-04-26 10:00:00,1799.44000000,1840.90000000,1778.09000000,1784.73000000,951419967.37809002
2025-04-26 14:00:00,1784.73000000,1803.46000000,1779.18000000,1799.39000000,490596495.25443000
2025-04-26 18:00:00,1799.39000000,1813.51000000,1794.99000000,1812.19000000,247780461.40867001
2025-04-26 22:00:00,1812.19000000,1830.29000000,1804.59000000,1820.00000000,314316324.66166002
2025-04-27 02:00:00,1820.00000000,1856.85000000,1800.01000000,1808.74000000,834293700.30434000
2025-04-27 06:00:00,1808.74000000,1810.61000000,1789.10000000,1802.98000000,249838110.52485999
2025-04-27 10:00:00,1802.98000000,1814.99000000,1800.58000000,1805.11000000,185383667.91521999
2025-04-27 14:00:00,1805.11000000,1807.19000000,1781.29000000,1792.89000000,380948162.39174998
2025-04-27 18:00:00,1792.89000000,1807.63000000,1786.18000000,1806.96000000,163030408.26583999
2025-04-27 22:00:00,1806.96000000,1807.25000000,1783.34000000,1790.22000000,179450960.86737999
2025-04-28 02:00:00,1790.22000000,1793.15000000,1751.00000000,1783.24000000,552353809.86062002
2025-04-28 06:00:00,1783.24000000,1811.35000000,1783.24000000,1803.95000000,357676146.37997001
2025-04-28 10:00:00,1803.95000000,1826.58000000,1787.10000000,1815.00000000,506164554.76751000
2025-04-28 14:00:00,1815.00000000,1815.98000000,1751.77000000,1762.19000000,718736657.04493999
2025-04-28 18:00:00,1762.19000000,1804.45000000,1743.16000000,1796.47000000,601162457.14664996
2025-04-28 22:00:00,1796.47000000,1805.87000000,1780.40000000,1799.21000000,269775016.07966000
2025-04-29 02:00:00,1799.21000000,1810.92000000,1786.69000000,1801.25000000,305922850.94852000
2025-04-29 06:00:00,1801.25000000,1824.21000000,1787.37000000,1820.87000000,385967790.95374000
2025-04-29 10:00:00,1820.87000000,1842.20000000,1815.83000000,1828.90000000,534926529.65837002
2025-04-29 14:00:00,1828.90000000,1832.58000000,1801.60000000,1814.20000000,609805394.85881996
2025-04-29 18:00:00,1814.20000000,1831.49000000,1806.15000000,1820.85000000,348464389.90820998
2025-04-29 22:00:00,1820.85000000,1824.86000000,1779.29000000,1796.57000000,431836001.58929998
2025-04-30 02:00:00,1796.57000000,1812.10000000,1787.80000000,1808.18000000,324496376.11979002
2025-04-30 06:00:00,1808.18000000,1812.20000000,1790.00000000,1795.54000000,228185371.44468001
2025-04-30 10:00:00,1795.54000000,1816.00000000,1791.61000000,1814.80000000,266695522.37092999
2025-04-30 14:00:00,1814.80000000,1815.48000000,1730.75000000,1763.72000000,1348908099.92675996
2025-04-30 18:00:00,1763.72000000,1792.39000000,1755.04000000,1785.89000000,480992523.53059000
2025-04-30 22:00:00,1785.89000000,1808.99000000,1784.00000000,1792.80000000,333820572.84420002
2025-05-01 02:00:00,1792.80000000,1818.18000000,1791.55000000,1807.29000000,290752743.04993999
2025-05-01 06:00:00,1807.29000000,1816.15000000,1801.50000000,1809.74000000,204741945.63019001
2025-05-01 10:00:00,1809.74000000,1858.71000000,1807.75000000,1844.79000000,704738368.65573001
2025-05-01 14:00:00,1844.79000000,1872.28000000,1823.94000000,1852.00000000,819776690.84287000
2025-05-01 18:00:00,1852.00000000,1869.37000000,1838.46000000,1842.11000000,402172175.26959002
2025-05-01 22:00:00,1842.11000000,1851.13000000,1832.05000000,1837.21000000,182676699.63082999
2025-05-02 02:00:00,1837.21000000,1850.49000000,1834.06000000,1846.67000000,200002635.62649000
2025-05-02 06:00:00,1846.67000000,1850.50000000,1815.10000000,1815.30000000,333180929.01656002
2025-05-02 10:00:00,1815.30000000,1834.64000000,1812.00000000,1832.40000000,304254456.92258000
2025-05-02 14:00:00,1832.40000000,1853.57000000,1822.13000000,1840.21000000,472412807.64708000
2025-05-02 18:00:00,1840.21000000,1870.90000000,1830.78000000,1838.78000000,449939118.93945003
2025-05-02 22:00:00,1838.78000000,1847.14000000,1832.10000000,1841.21000000,133381836.98823000
2025-05-03 02:00:00,1841.21000000,1842.44000000,1825.59000000,1834.07000000,145539069.75977001
2025-05-03 06:00:00,1834.07000000,1838.55000000,1823.53000000,1825.58000000,161245471.76253000
2025-05-03 10:00:00,1825.58000000,1829.87000000,1816.72000000,1823.34000000,234090777.99943000
2025-05-03 14:00:00,1823.34000000,1839.08000000,1823.10000000,1833.50000000,216865185.75544000
2025-05-03 18:00:00,1833.50000000,1838.51000000,1808.14000000,1837.62000000,296351127.73446000
2025-05-03 22:00:00,1837.62000000,1847.97000000,1827.80000000,1832.55000000,190479088.48087999
2025-05-04 02:00:00,1832.55000000,1848.84000000,1825.38000000,1831.24000000,223949719.65456000
2025-05-04 06:00:00,1831.24000000,1849.38000000,1828.52000000,1840.24000000,207096687.07684001
2025-05-04 10:00:00,1840.24000000,1840.73000000,1821.00000000,1826.68000000,253907236.68020001
2025-05-04 14:00:00,1826.68000000,1833.07000000,1817.09000000,1829.84000000,178585016.50130999
2025-05-04 18:00:00,1829.84000000,1832.28000000,1821.06000000,1827.59000000,140758171.57109001
2025-05-04 22:00:00,1827.59000000,1841.58000000,1801.71000000,1807.88000000,303770161.68857998
2025-05-05 02:00:00,1807.88000000,1817.54000000,1780.27000000,1793.86000000,398891159.57103002
2025-05-05 06:00:00,1793.86000000,1829.07000000,1791.99000000,1825.73000000,280938253.51002997
2025-05-05 10:00:00,1825.73000000,1830.65000000,1797.19000000,1803.80000000,379128237.02507001
2025-05-05 14:00:00,1803.80000000,1814.75000000,1793.50000000,1800.13000000,408215401.40922999
2025-05-05 18:00:00,1800.13000000,1827.99000000,1799.87000000,1815.64000000,281008850.44936001
2025-05-05 22:00:00,1815.64000000,1832.77000000,1798.37000000,1819.43000000,269357926.07396001
2025-05-06 02:00:00,1819.43000000,1820.17000000,1791.58000000,1805.46000000,310159873.24744999
2025-05-06 06:00:00,1805.46000000,1808.57000000,1797.26000000,1805.00000000,134886852.08965999
2025-05-06 10:00:00,1805.00000000,1805.17000000,1756.20000000,1769.10000000,459867558.85270000
2025-05-06 14:00:00,1769.10000000,1778.90000000,1750.00000000,1769.30000000,532548333.26030999
2025-05-06 18:00:00,1769.30000000,1798.22000000,1761.00000000,1784.05000000,368664472.98189998
2025-05-06 22:00:00,1784.05000000,1818.62000000,1764.41000000,1816.23000000,540753673.38060999
2025-05-07 02:00:00,1816.23000000,1850.00000000,1813.10000000,1825.59000000,631987220.51239002
2025-05-07 06:00:00,1825.59000000,1837.63000000,1823.69000000,1837.26000000,211815778.77981001
2025-05-07 10:00:00,1837.26000000,1846.35000000,1829.59000000,1835.49000000,294112339.55966997
2025-05-07 14:00:00,1835.49000000,1836.20000000,1813.50000000,1816.72000000,402958058.33692002
2025-05-07 18:00:00,1816.72000000,1817.33000000,1786.01000000,1795.07000000,696551671.36791003
2025-05-07 22:00:00,1795.07000000,1824.72000000,1788.00000000,1810.25000000,328996593.82562000
2025-05-08 02:00:00,1810.25000000,1906.61000000,1807.72000000,1900.51000000,876848048.33124006
2025-05-08 06:00:00,1900.51000000,1942.72000000,1891.37000000,1927.61000000,718714356.87254000
2025-05-08 10:00:00,1927.61000000,1968.00000000,1925.28000000,1956.66000000,651703321.61055005
2025-05-08 14:00:00,1956.66000000,2075.00000000,1953.60000000,2050.57000000,1889710777.56076002
2025-05-08 18:00:00,2050.57000000,2139.99000000,2035.85000000,2117.30000000,1174431371.01236010
2025-05-08 22:00:00,2117.30000000,2226.08000000,2111.00000000,2206.54000000,1457394563.67563009
2025-05-09 02:00:00,2206.54000000,2244.90000000,2183.66000000,2204.56000000,1076657490.91915011
2025-05-09 06:00:00,2204.56000000,2393.44000000,2201.98000000,2363.67000000,1478500036.10163999
2025-05-09 10:00:00,2363.67000000,2490.15000000,2291.55000000,2350.76000000,2870994190.63346004
2025-05-09 14:00:00,2350.76000000,2388.02000000,2278.00000000,2300.55000000,1424890394.09150004
2025-05-09 18:00:00,2300.55000000,2354.45000000,2273.83000000,2330.64000000,776762089.13775003
2025-05-09 22:00:00,2330.64000000,2351.15000000,2321.49000000,2344.30000000,252145105.25920001
2025-05-10 02:00:00,2344.30000000,2379.90000000,2315.55000000,2338.81000000,487937820.12598002
2025-05-10 06:00:00,2338.81000000,2416.29000000,2325.31000000,2398.88000000,589115636.35218000
2025-05-10 10:00:00,2398.88000000,2434.87000000,2362.31000000,2383.75000000,1120395839.41055012
2025-05-10 14:00:00,2383.75000000,2448.75000000,2383.74000000,2432.37000000,877055988.64251006
2025-05-10 18:00:00,2432.37000000,2511.76000000,2427.65000000,2498.35000000,1432049821.95935988
2025-05-10 22:00:00,2498.35000000,2600.63000000,2467.34000000,2582.07000000,1648382167.12323999
2025-05-11 02:00:00,2582.07000000,2608.02000000,2500.08000000,2536.50000000,1108827517.88955998
2025-05-11 06:00:00,2536.50000000,2561.42000000,2453.40000000,2472.69000000,877222206.39288998
2025-05-11 10:00:00,2472.69000000,2534.76000000,2471.50000000,2529.35000000,592626716.92042005
2025-05-11 14:00:00,2529.35000000,2530.67000000,2435.00000000,2461.23000000,757587743.38732004
2025-05-11 18:00:00,2461.23000000,2524.30000000,2439.08000000,2506.99000000,665398236.40637004
2025-05-11 22:00:00,2506.99000000,2527.71000000,2482.47000000,2513.49000000,309869804.63538998
2025-05-12 02:00:00,2513.49000000,2547.97000000,2490.00000000,2519.01000000,501042008.23291999
2025-05-12 06:00:00,2519.01000000,2623.83000000,2486.00000000,2553.44000000,1120167393.56087995
2025-05-12 10:00:00,2553.44000000,2585.05000000,2520.51000000,2529.40000000,751228000.39348996
2025-05-12 14:00:00,2529.40000000,2576.45000000,2478.00000000,2485.94000000,1323931554.46467996
2025-05-12 18:00:00,2485.94000000,2511.59000000,2410.80000000,2459.28000000,1014031144.44743001
2025-05-12 22:00:00,2459.28000000,2499.34000000,2450.95000000,2494.15000000,384226054.82941002
2025-05-13 02:00:00,2494.15000000,2494.70000000,2414.93000000,2424.07000000,492096212.69924998
2025-05-13 06:00:00,2424.07000000,2479.19000000,2418.84000000,2459.89000000,389871506.71015000
2025-05-13 10:00:00,2459.89000000,2524.77000000,2450.57000000,2512.26000000,546682373.25127006
2025-05-13 14:00:00,2512.26000000,2572.99000000,2490.35000000,2564.88000000,1157418292.69819999
2025-05-13 18:00:00,2564.88000000,2738.15000000,2558.62000000,2690.59000000,1536743695.74161005
2025-05-13 22:00:00,2690.59000000,2706.98000000,2653.90000000,2678.66000000,703659332.77344000
2025-05-14 02:00:00,2678.66000000,2723.77000000,2621.35000000,2645.78000000,869196495.19500005
2025-05-14 06:00:00,2645.78000000,2686.36000000,2635.05000000,2639.14000000,461684621.98655999
2025-05-14 10:00:00,2639.14000000,2644.71000000,2576.33000000,2624.16000000,826857079.51692998
2025-05-14 14:00:00,2624.16000000,2634.18000000,2557.62000000,2596.27000000,797533143.27070999
2025-05-14 18:00:00,2596.27000000,2616.61000000,2545.61000000,2604.20000000,566531602.17780006
2025-05-14 22:00:00,2604.20000000,2612.87000000,2582.63000000,2608.71000000,249219347.37937999
2025-05-15 02:00:00,2608.71000000,2646.10000000,2565.98000000,2573.84000000,544236457.94345999
2025-05-15 06:00:00,2573.84000000,2595.65000000,2514.29000000,2529.60000000,614170958.64293003
2025-05-15 10:00:00,2529.60000000,2565.76000000,2515.68000000,2553.81000000,612791767.13976002
2025-05-15 14:00:00,2553.81000000,2578.87000000,2476.83000000,2562.99000000,1147981851.44211006
2025-05-15 18:00:00,2562.99000000,2602.94000000,2510.65000000,2529.58000000,905418714.09809005
2025-05-15 22:00:00,2529.58000000,2563.41000000,2510.54000000,2547.75000000,400864060.27539998
2025-05-16 02:00:00,2547.75000000,2583.51000000,2533.15000000,2580.43000000,395546918.16474003
2025-05-16 06:00:00,2580.43000000,2618.99000000,2562.92000000,2600.54000000,426643035.09359002
2025-05-16 10:00:00,2600.54000000,2647.65000000,2556.77000000,2620.00000000,783230835.88250995
2025-05-16 14:00:00,2620.00000000,2622.39000000,2572.33000000,2593.94000000,709503602.33940995
2025-05-16 18:00:00,2593.94000000,2600.90000000,2568.43000000,2590.92000000,414354474.28670001
2025-05-16 22:00:00,2590.92000000,2591.88000000,2527.86000000,2535.84000000,415490730.72889000
2025-05-17 02:00:00,2535.84000000,2536.60000000,2450.92000000,2495.80000000,909850776.38858998
2025-05-17 06:00:00,2495.80000000,2512.33000000,2473.56000000,2491.49000000,390771030.83695000
2025-05-17 10:00:00,2491.49000000,2495.06000000,2464.08000000,2480.54000000,439636574.56687999
2025-05-17 14:00:00,2480.54000000,2485.76000000,2445.00000000,2473.22000000,432465962.38551003
2025-05-17 18:00:00,2473.22000000,2488.01000000,2446.71000000,2468.90000000,352861074.66149998
2025-05-17 22:00:00,2468.90000000,2494.87000000,2451.64000000,2474.10000000,257742095.34836999
2025-05-18 02:00:00,2474.10000000,2486.78000000,2466.84000000,2476.19000000,164565193.87426001
2025-05-18 06:00:00,2476.19000000,2514.28000000,2476.18000000,2507.98000000,350864346.38859999
2025-05-18 10:00:00,2507.98000000,2527.79000000,2497.61000000,2500.49000000,300499580.81870002
2025-05-18 14:00:00,2500.49000000,2586.60000000,2487.57000000,2578.05000000,860244042.77587998
2025-05-18 18:00:00,2578.05000000,2582.92000000,2402.00000000,2406.78000000,1424483887.21252990
2025-05-18 22:00:00,2406.78000000,2510.20000000,2332.87000000,2496.74000000,1266729374.06725001
2025-05-19 02:00:00,2496.74000000,2512.17000000,2378.44000000,2384.46000000,884002964.25410998
2025-05-19 06:00:00,2384.46000000,2412.04000000,2347.44000000,2402.53000000,885960903.16269004
2025-05-19 10:00:00,2402.53000000,2421.75000000,2388.99000000,2416.33000000,570741291.04021001
2025-05-19 14:00:00,2416.33000000,2472.65000000,2384.19000000,2465.59000000,864562748.84662998
2025-05-19 18:00:00,2465.59000000,2546.75000000,2449.82000000,2517.68000000,1259765738.73814988
2025-05-19 22:00:00,2517.68000000,2534.00000000,2491.39000000,2526.81000000,451699043.28909999
2025-05-20 02:00:00,2526.81000000,2587.93000000,2509.50000000,2552.08000000,796411753.61179996
2025-05-20 06:00:00,2552.08000000,2576.87000000,2520.66000000,2531.20000000,551265876.56155002
2025-05-20 10:00:00,2531.20000000,2539.00000000,2491.05000000,2513.32000000,472991944.58380997
2025-05-20 14:00:00,2513.32000000,2514.26000000,2462.86000000,2481.52000000,784426491.83927000
2025-05-20 18:00:00,2481.52000000,2510.55000000,2442.33000000,2499.89000000,731215877.77438998
2025-05-20 22:00:00,2499.89000000,2539.96000000,2483.87000000,2523.09000000,620176312.91524005
2025-05-21 02:00:00,2523.09000000,2553.50000000,2507.49000000,2543.76000000,512214782.62383997
2025-05-21 06:00:00,2543.76000000,2615.39000000,2533.33000000,2550.73000000,971510781.50479996
2025-05-21 10:00:00,2550.73000000,2561.23000000,2514.20000000,2535.66000000,618456742.12213004
2025-05-21 14:00:00,2535.66000000,2581.62000000,2520.64000000,2566.01000000,965453062.71270001
2025-05-21 18:00:00,2566.01000000,2614.74000000,2450.72000000,2511.30000000,1938430813.07797003
2025-05-21 22:00:00,2511.30000000,2598.53000000,2485.11000000,2550.01000000,572014342.84161997
2025-05-22 02:00:00,2550.01000000,2647.14000000,2543.78000000,2628.59000000,795701992.59829998
2025-05-22 06:00:00,2628.59000000,2646.82000000,2601.82000000,2634.19000000,607471273.15216005
2025-05-22 10:00:00,2634.19000000,2692.32000000,2626.41000000,2650.01000000,807561852.11381996
2025-05-22 14:00:00,2650.01000000,2679.10000000,2620.36000000,2663.00000000,728355080.36190999
2025-05-22 18:00:00,2663.00000000,2675.34000000,2625.40000000,2634.02000000,526801325.58067000
2025-05-22 22:00:00,2634.02000000,2665.00000000,2627.18000000,2663.73000000,253466326.68090001
2025-05-23 02:00:00,2663.73000000,2733.30000000,2643.93000000,2720.92000000,777699561.28199995
2025-05-23 06:00:00,2720.92000000,2725.38000000,2650.11000000,2654.70000000,705582732.51982999
2025-05-23 10:00:00,2654.70000000,2687.80000000,2550.00000000,2565.23000000,1109173386.17021990
2025-05-23 14:00:00,2565.23000000,2590.81000000,2497.00000000,2567.37000000,1268498421.25535011
2025-05-23 18:00:00,2567.37000000,2585.94000000,2545.49000000,2559.88000000,509461365.83010000
2025-05-23 22:00:00,2559.88000000,2561.62000000,2502.71000000,2525.58000000,485356062.60091001
2025-05-24 02:00:00,2525.58000000,2555.08000000,2514.20000000,2548.98000000,265228137.84492001
2025-05-24 06:00:00,2548.98000000,2562.33000000,2534.08000000,2545.79000000,236573446.70315999
2025-05-24 10:00:00,2545.79000000,2574.44000000,2543.81000000,2562.15000000,248099230.29919001
2025-05-24 14:00:00,2562.15000000,2564.36000000,2542.39000000,2554.33000000,264378946.79596999
2025-05-24 18:00:00,2554.33000000,2566.37000000,2542.44000000,2553.33000000,197970033.34638000
2025-05-24 22:00:00,2553.33000000,2555.40000000,2516.11000000,2529.26000000,206468647.86614999
2025-05-25 02:00:00,2529.26000000,2538.37000000,2474.51000000,2511.79000000,384690946.05180001
2025-05-25 06:00:00,2511.79000000,2517.66000000,2486.35000000,2493.39000000,168326223.85778999
2025-05-25 10:00:00,2493.39000000,2501.14000000,2460.90000000,2496.58000000,337252795.53052998
2025-05-25 14:00:00,2496.58000000,2524.91000000,2478.01000000,2510.47000000,429308541.07481998
2025-05-25 18:00:00,2510.47000000,2535.30000000,2495.00000000,2525.20000000,226990933.76012999
2025-05-25 22:00:00,2525.20000000,2553.00000000,2506.39000000,2549.88000000,306813160.41299999
2025-05-26 02:00:00,2549.88000000,2576.00000000,2534.90000000,2559.33000000,306551025.62086999
2025-05-26 06:00:00,2559.33000000,2598.18000000,2556.16000000,2579.71000000,289149114.80875999
2025-05-26 10:00:00,2579.71000000,2581.76000000,2553.42000000,2566.75000000,250497156.21206999
2025-05-26 14:00:00,2566.75000000,2573.42000000,2537.72000000,2564.88000000,343492582.52824003
2025-05-26 18:00:00,2564.88000000,2572.36000000,2523.20000000,2539.97000000,316514221.28272003
2025-05-26 22:00:00,2539.97000000,2584.02000000,2535.20000000,2562.42000000,245546174.17212000
2025-05-27 02:00:00,2562.42000000,2572.50000000,2508.52000000,2548.42000000,352998900.37190002
2025-05-27 06:00:00,2548.42000000,2618.10000000,2547.83000000,2606.60000000,623811395.88783002
2025-05-27 10:00:00,2606.60000000,2654.00000000,2606.60000000,2651.98000000,583431135.36469996
2025-05-27 14:00:00,2651.98000000,2683.49000000,2632.65000000,2667.47000000,884833996.23474002
2025-05-27 18:00:00,2667.47000000,2711.80000000,2657.25000000,2686.70000000,650166037.49567997
2025-05-27 22:00:00,2686.70000000,2693.14000000,2651.37000000,2659.84000000,277639385.50634998
2025-05-28 02:00:00,2659.84000000,2660.84000000,2617.12000000,2644.51000000,326105276.15164000
2025-05-28 06:00:00,2644.51000000,2651.87000000,2622.59000000,2635.36000000,219531829.93748999
2025-05-28 10:00:00,2635.36000000,2658.18000000,2607.65000000,2656.00000000,345590030.65910000
2025-05-28 14:00:00,2656.00000000,2688.84000000,2612.38000000,2626.14000000,788071474.36977005
2025-05-28 18:00:00,2626.14000000,2663.94000000,2615.34000000,2616.65000000,418755563.95989001
2025-05-28 22:00:00,2616.65000000,2685.91000000,2610.98000000,2680.40000000,344685980.00954002
2025-05-29 02:00:00,2680.40000000,2788.88000000,2670.00000000,2762.05000000,868403256.16918004
2025-05-29 06:00:00,2762.05000000,2766.53000000,2700.80000000,2729.99000000,568386048.69892001
2025-05-29 10:00:00,2729.99000000,2743.36000000,2706.60000000,2714.84000000,555936406.61687005
2025-05-29 14:00:00,2714.84000000,2718.09000000,2620.37000000,2642.46000000,1410504439.02895999
2025-05-29 18:00:00,2642.46000000,2672.49000000,2627.38000000,2649.36000000,700506538.70898998
2025-05-29 22:00:00,2649.36000000,2667.89000000,2617.42000000,2630.41000000,376802137.83921999
2025-05-30 02:00:00,2630.41000000,2644.12000000,2558.33000000,2630.39000000,950679342.22145998
2025-05-30 06:00:00,2630.39000000,2648.06000000,2605.83000000,2617.54000000,584993684.72698998
2025-05-30 10:00:00,2617.54000000,2627.09000000,2587.22000000,2620.69000000,586636294.23670006
2025-05-30 14:00:00,2620.69000000,2625.28000000,2571.19000000,2596.84000000,985655805.99696004
2025-05-30 18:00:00,2596.84000000,2602.99000000,2532.56000000,2573.35000000,960410322.92322004
2025-05-30 22:00:00,2573.35000000,2588.17000000,2506.03000000,2529.62000000,642069663.98457003
2025-05-31 02:00:00,2529.62000000,2538.32000000,2475.94000000,2512.88000000,832468826.27553999
2025-05-31 06:00:00,2512.88000000,2525.50000000,2503.48000000,2519.99000000,262266070.63486001
2025-05-31 10:00:00,2519.99000000,2537.61000000,2507.52000000,2518.61000000,402937682.93212998
2025-05-31 14:00:00,2518.61000000,2549.26000000,2515.34000000,2534.86000000,413529888.31045002
2025-05-31 18:00:00,2534.86000000,2546.49000000,2522.08000000,2536.48000000,209356506.05779001
2025-05-31 22:00:00,2536.48000000,2549.99000000,2523.33000000,2527.08000000,214169241.54508999
2025-06-01 02:00:00,2527.08000000,2529.67000000,2490.92000000,2512.13000000,433890684.94628000
2025-06-01 06:00:00,2512.13000000,2526.46000000,2504.80000000,2507.63000000,196167420.52015999
2025-06-01 10:00:00,2507.63000000,2509.68000000,2476.38000000,2496.32000000,391676642.98219001
2025-06-01 14:00:00,2496.32000000,2524.19000000,2467.29000000,2522.01000000,514045688.60175002
2025-06-01 18:00:00,2522.01000000,2546.99000000,2491.88000000,2525.11000000,570560213.89639997
2025-06-01 22:00:00,2525.11000000,2546.35000000,2518.25000000,2537.89000000,263780137.96472001
2025-06-02 02:00:00,2537.89000000,2540.86000000,2484.25000000,2495.12000000,426726342.24269003
2025-06-02 06:00:00,2495.12000000,2512.74000000,2482.46000000,2505.78000000,352972339.05847001
2025-06-02 10:00:00,2505.78000000,2515.10000000,2472.75000000,2480.16000000,491107857.86742997
2025-06-02 14:00:00,2480.16000000,2556.17000000,2477.01000000,2543.24000000,748141673.42361999
2025-06-02 18:00:00,2543.24000000,2563.99000000,2523.35000000,2531.26000000,469647195.11509001
2025-06-02 22:00:00,2531.26000000,2614.00000000,2530.75000000,2606.48000000,501971821.76990998
2025-06-03 02:00:00,2606.48000000,2648.99000000,2588.33000000,2602.38000000,664905766.53653002
2025-06-03 06:00:00,2602.38000000,2619.43000000,2589.21000000,2608.68000000,269183427.19827002
2025-06-03 10:00:00,2608.68000000,2619.20000000,2593.47000000,2600.21000000,274608637.07802999
2025-06-03 14:00:00,2600.21000000,2654.86000000,2596.36000000,2622.56000000,779761245.26453996
2025-06-03 18:00:00,2622.56000000,2627.52000000,2601.89000000,2623.94000000,384118065.80689001
2025-06-03 22:00:00,2623.94000000,2624.45000000,2573.00000000,2592.17000000,421013464.31015998
2025-06-04 02:00:00,2592.17000000,2639.84000000,2582.42000000,2626.78000000,337613261.45315999
2025-06-04 06:00:00,2626.78000000,2643.99000000,2618.36000000,2626.32000000,278936404.07381999
2025-06-04 10:00:00,2626.32000000,2649.30000000,2623.00000000,2623.71000000,372233017.81595999
2025-06-04 14:00:00,2623.71000000,2678.63000000,2593.21000000,2666.92000000,977289214.90248001
2025-06-04 18:00:00,2666.92000000,2668.14000000,2620.70000000,2622.36000000,434565059.28227001
2025-06-04 22:00:00,2622.36000000,2623.79000000,2598.01000000,2606.63000000,348237338.17680001
2025-06-05 02:00:00,2606.63000000,2630.93000000,2600.44000000,2624.01000000,246270939.50402999
2025-06-05 06:00:00,2624.01000000,2633.47000000,2600.00000000,2603.21000000,304093159.67751998
2025-06-05 10:00:00,2603.21000000,2612.68000000,2579.67000000,2606.64000000,374888215.72974002
2025-06-05 14:00:00,2606.64000000,2639.98000000,2561.56000000,2588.33000000,1265850925.07399011
2025-06-05 18:00:00,2588.33000000,2590.70000000,2506.01000000,2528.01000000,979752296.02616000
2025-06-05 22:00:00,2528.01000000,2534.75000000,2390.08000000,2412.90000000,1447358473.31449008
2025-06-06 02:00:00,2412.90000000,2455.83000000,2382.21000000,2454.51000000,657967591.85733998
2025-06-06 06:00:00,2454.51000000,2467.19000000,2445.49000000,2454.19000000,386737041.49019003
2025-06-06 10:00:00,2454.19000000,2491.99000000,2452.71000000,2474.83000000,421714860.31181002
2025-06-06 14:00:00,2474.83000000,2529.62000000,2465.58000000,2508.29000000,848156538.83682001
2025-06-06 18:00:00,2508.29000000,2517.39000000,2482.21000000,2483.12000000,363081168.62593001
2025-06-06 22:00:00,2483.12000000,2506.06000000,2471.55000000,2475.37000000,269074805.04358000
2025-06-07 02:00:00,2475.37000000,2492.78000000,2455.88000000,2487.99000000,272835343.79402000
2025-06-07 06:00:00,2487.99000000,2500.81000000,2478.80000000,2490.22000000,210214119.20965001
2025-06-07 10:00:00,2490.22000000,2500.32000000,2480.85000000,2494.23000000,197321788.38501000
2025-06-07 14:00:00,2494.23000000,2522.83000000,2491.44000000,2518.49000000,313099534.57824999
2025-06-07 18:00:00,2518.49000000,2524.90000000,2505.61000000,2515.78000000,205789042.34764999
2025-06-07 22:00:00,2515.78000000,2543.65000000,2515.78000000,2523.59000000,206706337.54584000
2025-06-08 02:00:00,2523.59000000,2524.99000000,2507.25000000,2510.67000000,196715262.35936999
2025-06-08 06:00:00,2510.67000000,2519.03000000,2507.35000000,2513.45000000,106255927.08767000
2025-06-08 10:00:00,2513.45000000,2520.14000000,2489.77000000,2512.28000000,450977985.47305000
2025-06-08 14:00:00,2512.28000000,2526.61000000,2498.68000000,2513.38000000,303751519.17423999
2025-06-08 18:00:00,2513.38000000,2539.68000000,2511.48000000,2531.54000000,255423404.36383000
2025-06-08 22:00:00,2531.54000000,2548.02000000,2498.86000000,2508.32000000,424499773.90559000
2025-06-09 02:00:00,2508.32000000,2510.64000000,2480.76000000,2495.56000000,376702863.09026003
2025-06-09 06:00:00,2495.56000000,2495.74000000,2476.56000000,2490.67000000,218145733.86798000
2025-06-09 10:00:00,2490.67000000,2546.56000000,2483.29000000,2540.75000000,705048785.36696994
2025-06-09 14:00:00,2540.75000000,2547.93000000,2508.25000000,2532.99000000,813790510.95878994
2025-06-09 18:00:00,2532.99000000,2589.01000000,2532.72000000,2579.32000000,605270773.43551004
2025-06-09 22:00:00,2579.32000000,2693.19000000,2574.64000000,2679.12000000,934538089.63557005
2025-06-10 02:00:00,2679.12000000,2726.69000000,2674.46000000,2688.26000000,879136993.69929004
2025-06-10 06:00:00,2688.26000000,2698.41000000,2655.26000000,2676.48000000,485175101.51104999
2025-06-10 10:00:00,2676.48000000,2798.26000000,2669.01000000,2772.99000000,1091283884.89047003
2025-06-10 14:00:00,2772.99000000,2778.37000000,2688.91000000,2731.83000000,1463124565.09726000
2025-06-10 18:00:00,2731.83000000,2806.43000000,2727.23000000,2772.70000000,849916659.37089002
2025-06-10 22:00:00,2772.70000000,2826.48000000,2734.21000000,2815.74000000,968386242.10911000
2025-06-11 02:00:00,2815.74000000,2834.10000000,2771.17000000,2790.20000000,542466988.48687005
2025-06-11 06:00:00,2790.20000000,2803.36000000,2779.24000000,2790.85000000,275657189.97833002
2025-06-11 10:00:00,2790.85000000,2792.84000000,2753.17000000,2771.81000000,439159556.33236003
2025-06-11 14:00:00,2771.81000000,2878.80000000,2763.21000000,2864.20000000,2133483174.59995008
2025-06-11 18:00:00,2864.20000000,2874.60000000,2800.64000000,2812.25000000,1077314237.20017004
2025-06-11 22:00:00,2812.25000000,2830.03000000,2742.60000000,2770.35000000,701275226.56826997
2025-06-12 02:00:00,2770.35000000,2783.70000000,2745.27000000,2763.99000000,530462917.57490999
2025-06-12 06:00:00,2763.99000000,2775.72000000,2731.99000000,2739.51000000,509862908.08415997
2025-06-12 10:00:00,2739.51000000,2760.94000000,2720.36000000,2728.75000000,638390725.89038002
2025-06-12 14:00:00,2728.75000000,2771.55000000,2711.00000000,2718.25000000,1002169174.62606001
2025-06-12 18:00:00,2718.25000000,2769.81000000,2690.12000000,2693.14000000,802018364.23611999
2025-06-12 22:00:00,2693.14000000,2702.38000000,2614.72000000,2641.27000000,973672545.09459996
2025-06-13 02:00:00,2641.27000000,2644.32000000,2435.97000000,2513.01000000,2595671845.10597992
2025-06-13 06:00:00,2513.01000000,2541.08000000,2490.78000000,2525.01000000,587868758.74396002
2025-06-13 10:00:00,2525.01000000,2544.60000000,2505.42000000,2543.93000000,555499393.53909004
2025-06-13 14:00:00,2543.93000000,2562.28000000,2502.67000000,2550.27000000,949870161.83166003
2025-06-13 18:00:00,2550.27000000,2584.12000000,2508.71000000,2526.33000000,752858190.63463998
2025-06-13 22:00:00,2526.33000000,2582.18000000,2523.08000000,2578.09000000,313851776.03394002
2025-06-14 02:00:00,2578.09000000,2578.17000000,2545.92000000,2547.74000000,325876933.32815999
2025-06-14 06:00:00,2547.74000000,2555.45000000,2525.28000000,2535.83000000,224926975.79521999
2025-06-14 10:00:00,2535.83000000,2538.56000000,2517.71000000,2537.01000000,229300582.64364001
2025-06-14 14:00:00,2537.01000000,2545.43000000,2503.76000000,2518.21000000,340811991.90689999
2025-06-14 18:00:00,2518.21000000,2525.09000000,2487.52000000,2506.19000000,542030323.37750006
2025-06-14 22:00:00,2506.19000000,2539.12000000,2495.40000000,2529.66000000,302334464.40919000
2025-06-15 02:00:00,2529.66000000,2539.90000000,2523.91000000,2529.05000000,147027633.05937001
2025-06-15 06:00:00,2529.05000000,2552.23000000,2521.17000000,2527.32000000,277434557.26793998
2025-06-15 10:00:00,2527.32000000,2528.96000000,2507.39000000,2515.19000000,235450034.26710999
2025-06-15 14:00:00,2515.19000000,2554.09000000,2514.79000000,2540.79000000,428084626.11694002
2025-06-15 18:00:00,2540.79000000,2558.33000000,2530.00000000,2535.94000000,286069376.61448997
2025-06-15 22:00:00,2535.94000000,2549.07000000,2490.47000000,2546.31000000,434996323.64661998
2025-06-16 02:00:00,2546.31000000,2577.99000000,2513.53000000,2567.59000000,476431923.88843000
2025-06-16 06:00:00,2567.59000000,2637.49000000,2565.64000000,2627.72000000,656028603.42892003
2025-06-16 10:00:00,2627.72000000,2632.75000000,2591.62000000,2615.81000000,412673533.26985002
2025-06-16 14:00:00,2615.81000000,2656.51000000,2603.35000000,2630.87000000,643674343.54532003
2025-06-16 18:00:00,2630.87000000,2668.90000000,2626.26000000,2659.12000000,426785449.94730002
2025-06-16 22:00:00,2659.12000000,2679.55000000,2534.10000000,2543.11000000,995240863.32019997
2025-06-17 02:00:00,2543.11000000,2617.66000000,2524.00000000,2606.39000000,818339368.42894995
2025-06-17 06:00:00,2606.39000000,2609.69000000,2569.11000000,2581.13000000,421138639.11124998
2025-06-17 10:00:00,2581.13000000,2584.37000000,2540.65000000,2551.25000000,441092393.09332001
2025-06-17 14:00:00,2551.25000000,2566.79000000,2480.67000000,2497.76000000,1011399543.53178000
2025-06-17 18:00:00,2497.76000000,2542.67000000,2452.32000000,2527.09000000,1096440058.86962008
2025-06-17 22:00:00,2527.09000000,2533.39000000,2491.01000000,2508.99000000,628366634.81645000
2025-06-18 02:00:00,2508.99000000,2535.06000000,2505.04000000,2526.88000000,304972379.76424003
2025-06-18 06:00:00,2526.88000000,2544.97000000,2516.40000000,2532.32000000,292995411.59421003
2025-06-18 10:00:00,2532.32000000,2547.40000000,2487.49000000,2512.59000000,600100046.61864996
2025-06-18 14:00:00,2512.59000000,2537.86000000,2465.04000000,2507.84000000,1163246235.57021999
2025-06-18 18:00:00,2507.84000000,2517.51000000,2465.70000000,2491.43000000,805512248.43934000
2025-06-18 22:00:00,2491.43000000,2536.66000000,2481.61000000,2523.50000000,369946461.91628999
2025-06-19 02:00:00,2523.50000000,2546.45000000,2505.89000000,2524.35000000,328292434.13466001
2025-06-19 06:00:00,2524.35000000,2530.17000000,2512.28000000,2517.55000000,184711720.72345001
2025-06-19 10:00:00,2517.55000000,2543.95000000,2517.56000000,2530.62000000,280559604.33052999
2025-06-19 14:00:00,2530.62000000,2535.79000000,2488.86000000,2491.89000000,471538745.37581998
2025-06-19 18:00:00,2491.89000000,2521.85000000,2483.69000000,2503.56000000,313838011.99414003
2025-06-19 22:00:00,2503.56000000,2531.64000000,2501.59000000,2520.18000000,218325985.90738001
2025-06-20 02:00:00,2520.18000000,2530.58000000,2511.28000000,2516.15000000,171506566.76842001
2025-06-20 06:00:00,2516.15000000,2551.63000000,2502.54000000,2548.51000000,383929172.50475001
2025-06-20 10:00:00,2548.51000000,2568.32000000,2540.15000000,2548.69000000,502726672.04901999
2025-06-20 14:00:00,2548.69000000,2558.46000000,2486.15000000,2492.47000000,721654564.64306998
2025-06-20 18:00:00,2492.47000000,2495.09000000,2364.49000000,2413.43000000,1260820268.90032005
2025-06-20 22:00:00,2413.43000000,2436.76000000,2380.90000000,2405.43000000,403332425.27802998
2025-06-21 02:00:00,2405.43000000,2431.35000000,2394.66000000,2424.34000000,239003352.92566001
2025-06-21 06:00:00,2424.34000000,2427.24000000,2417.83000000,2425.63000000,121509506.57673000
2025-06-21 10:00:00,2425.63000000,2446.93000000,2422.14000000,2441.43000000,251699777.05149999
2025-06-21 14:00:00,2441.43000000,2444.10000000,2411.62000000,2422.37000000,392236597.57203001
2025-06-21 18:00:00,2422.37000000,2427.38000000,2381.31000000,2384.03000000,389252271.54988003
2025-06-21 22:00:00,2384.03000000,2408.10000000,2214.95000000,2294.40000000,1459192245.85221004
2025-06-22 02:00:00,2294.40000000,2312.69000000,2244.16000000,2263.49000000,779024877.74352002
2025-06-22 06:00:00,2263.49000000,2297.33000000,2260.60000000,2269.63000000,303043144.19720000
2025-06-22 10:00:00,2269.63000000,2279.07000000,2235.68000000,2272.00000000,424623918.26402998
2025-06-22 14:00:00,2272.00000000,2286.00000000,2155.41000000,2174.00000000,1409407088.25781012
2025-06-22 18:00:00,2174.00000000,2218.99000000,2169.54000000,2182.97000000,502114848.53521001
2025-06-22 22:00:00,2182.97000000,2235.92000000,2111.50000000,2226.33000000,806368932.65114999
2025-06-23 02:00:00,2226.33000000,2258.88000000,2221.00000000,2233.69000000,314317017.53397000
2025-06-23 06:00:00,2233.69000000,2275.28000000,2226.75000000,2257.62000000,404926692.69509000
2025-06-23 10:00:00,2257.62000000,2273.38000000,2237.49000000,2252.16000000,282264979.79698002
2025-06-23 14:00:00,2252.16000000,2312.27000000,2231.18000000,2247.17000000,930151408.65500998
2025-06-23 18:00:00,2247.17000000,2324.52000000,2187.05000000,2311.55000000,1165941230.97258997
2025-06-23 22:00:00,2311.55000000,2439.15000000,2302.28000000,2410.40000000,1236992486.32956004
2025-06-24 02:00:00,2410.40000000,2416.83000000,2388.31000000,2397.66000000,378050764.23471999
2025-06-24 06:00:00,2397.66000000,2432.93000000,2390.00000000,2391.78000000,442349746.85582000
2025-06-24 10:00:00,2391.78000000,2449.48000000,2374.92000000,2408.21000000,717842964.98623002
2025-06-24 14:00:00,2408.21000000,2453.07000000,2401.46000000,2436.85000000,636391316.92681003
2025-06-24 18:00:00,2436.85000000,2480.98000000,2416.06000000,2432.91000000,847398835.83379996
2025-06-24 22:00:00,2432.91000000,2448.82000000,2429.01000000,2447.58000000,177006025.81900999
2025-06-25 02:00:00,2447.58000000,2467.74000000,2435.38000000,2442.86000000,270423211.46688002
2025-06-25 06:00:00,2442.86000000,2449.78000000,2422.77000000,2443.35000000,250417647.08333001
2025-06-25 10:00:00,2443.35000000,2447.59000000,2405.95000000,2427.71000000,441382566.31806999
2025-06-25 14:00:00,2427.71000000,2445.09000000,2388.43000000,2404.47000000,743766447.58925998
2025-06-25 18:00:00,2404.47000000,2438.73000000,2400.23000000,2431.91000000,337182364.04237002
2025-06-25 22:00:00,2431.91000000,2453.56000000,2406.69000000,2417.28000000,224210728.49748001
2025-06-26 02:00:00,2417.28000000,2519.97000000,2415.68000000,2487.95000000,667447812.40804994
2025-06-26 06:00:00,2487.95000000,2499.72000000,2465.87000000,2489.01000000,311537365.57806998
2025-06-26 10:00:00,2489.01000000,2499.64000000,2438.30000000,2449.22000000,399082496.87295997
2025-06-26 14:00:00,2449.22000000,2458.38000000,2408.19000000,2432.04000000,651098416.00450003
2025-06-26 18:00:00,2432.04000000,2441.86000000,2416.71000000,2434.74000000,267185024.12399000
2025-06-26 22:00:00,2434.74000000,2456.39000000,2393.06000000,2414.93000000,333272273.36764997
2025-06-27 02:00:00,2414.93000000,2447.76000000,2379.06000000,2445.83000000,350285773.48578000
2025-06-27 06:00:00,2445.83000000,2458.64000000,2433.34000000,2441.20000000,284271254.69765002
2025-06-27 10:00:00,2441.20000000,2462.92000000,2434.26000000,2446.26000000,272628533.17940998
2025-06-27 14:00:00,2446.26000000,2456.08000000,2412.59000000,2437.44000000,456008829.65192997
2025-06-27 18:00:00,2437.44000000,2448.39000000,2387.01000000,2411.68000000,479909016.48350000
2025-06-27 22:00:00,2411.68000000,2428.69000000,2410.50000000,2421.99000000,148176005.02401000
2025-06-28 02:00:00,2421.99000000,2423.06000000,2404.90000000,2419.70000000,146817735.03238001
2025-06-28 06:00:00,2419.70000000,2432.50000000,2416.52000000,2430.55000000,122511663.31771000
2025-06-28 10:00:00,2430.55000000,2431.24000000,2416.85000000,2426.27000000,125639308.54595999
2025-06-28 14:00:00,2426.27000000,2441.84000000,2418.79000000,2435.08000000,132286744.63189000
2025-06-28 18:00:00,2435.08000000,2447.04000000,2430.32000000,2432.39000000,203906055.95432001
2025-06-28 22:00:00,2432.39000000,2441.37000000,2426.26000000,2434.79000000,107127707.13811000
2025-06-29 02:00:00,2434.79000000,2441.68000000,2423.17000000,2426.71000000,96758408.18847001
2025-06-29 06:00:00,2426.71000000,2439.58000000,2425.57000000,2439.20000000,73661448.93900999
2025-06-29 10:00:00,2439.20000000,2462.30000000,2437.05000000,2460.82000000,300295776.72430998
2025-06-29 14:00:00,2460.82000000,2462.14000000,2431.71000000,2435.59000000,245850880.63573000
2025-06-29 18:00:00,2435.59000000,2441.64000000,2428.04000000,2436.81000000,143866952.37634000
2025-06-29 22:00:00,2436.81000000,2524.17000000,2410.01000000,2499.02000000,620777536.20193994
2025-06-30 02:00:00,2499.02000000,2523.30000000,2494.25000000,2498.42000000,350235361.31985003
2025-06-30 06:00:00,2498.42000000,2504.76000000,2455.01000000,2479.64000000,448337148.69353002
2025-06-30 10:00:00,2479.64000000,2485.81000000,2445.21000000,2457.19000000,335010403.13695002
2025-06-30 14:00:00,2457.19000000,2487.43000000,2433.05000000,2473.53000000,684362806.58798003
2025-06-30 18:00:00,2473.53000000,2517.49000000,2460.47000000,2515.68000000,488088210.54900002
2025-06-30 22:00:00,2515.68000000,2521.33000000,2481.25000000,2484.22000000,312162162.27859998
2025-07-01 02:00:00,2484.22000000,2499.59000000,2476.24000000,2484.14000000,217136834.91611001
2025-07-01 06:00:00,2484.14000000,2484.70000000,2444.00000000,2463.95000000,343419073.04676998
2025-07-01 10:00:00,2463.95000000,2464.02000000,2441.31000000,2448.13000000,215598590.85670000
2025-07-01 14:00:00,2448.13000000,2455.29000000,2405.40000000,2422.48000000,622386161.50945997
2025-07-01 18:00:00,2422.48000000,2432.83000000,2400.09000000,2401.58000000,285936920.07234001
2025-07-01 22:00:00,2401.58000000,2417.43000000,2383.77000000,2403.66000000,296570353.43800998
2025-07-02 02:00:00,2403.66000000,2431.50000000,2369.13000000,2429.23000000,358450994.97855002
2025-07-02 06:00:00,2429.23000000,2453.45000000,2424.13000000,2445.76000000,291870440.41306001
2025-07-02 10:00:00,2445.76000000,2460.01000000,2440.65000000,2444.53000000,235464716.36533001
2025-07-02 14:00:00,2444.53000000,2501.95000000,2430.42000000,2497.73000000,652634803.15776002
2025-07-02 18:00:00,2497.73000000,2607.38000000,2494.04000000,2603.64000000,1196161647.93122005
2025-07-02 22:00:00,2603.64000000,2618.00000000,2568.12000000,2569.44000000,425709017.68669999
2025-07-03 02:00:00,2569.44000000,2586.05000000,2555.33000000,2560.21000000,295575576.05457997
2025-07-03 06:00:00,2560.21000000,2604.84000000,2558.27000000,2599.25000000,409647919.04026997
2025-07-03 10:00:00,2599.25000000,2615.85000000,2580.48000000,2596.26000000,396740384.23163003
2025-07-03 14:00:00,2596.26000000,2635.00000000,2564.14000000,2569.14000000,1087427615.33284998
2025-07-03 18:00:00,2569.14000000,2590.89000000,2563.91000000,2584.63000000,316641704.41104001
2025-07-03 22:00:00,2584.63000000,2602.68000000,2584.10000000,2590.18000000,221317225.44617999
2025-07-04 02:00:00,2590.18000000,2601.95000000,2570.23000000,2576.56000000,224943588.90713999
2025-07-04 06:00:00,2576.56000000,2584.01000000,2528.77000000,2533.85000000,452698373.59792000
2025-07-04 10:00:00,2533.85000000,2557.82000000,2525.80000000,2548.01000000,343719361.65504003
2025-07-04 14:00:00,2548.01000000,2555.23000000,2496.97000000,2499.61000000,721144969.32800996
2025-07-04 18:00:00,2499.61000000,2502.66000000,2473.16000000,2481.58000000,448296261.21834999
2025-07-04 22:00:00,2481.58000000,2519.60000000,2480.21000000,2506.86000000,241149232.83493000
2025-07-05 02:00:00,2506.86000000,2523.93000000,2497.23000000,2517.30000000,203555294.06768000
2025-07-05 06:00:00,2517.30000000,2528.78000000,2511.32000000,2520.35000000,156149055.84367001
2025-07-05 10:00:00,2520.35000000,2524.73000000,2507.65000000,2516.71000000,189865771.15274999
2025-07-05 14:00:00,2516.71000000,2520.96000000,2503.94000000,2506.88000000,154451397.80958000
2025-07-05 18:00:00,2506.88000000,2512.32000000,2486.34000000,2504.51000000,234477121.31115001
2025-07-05 22:00:00,2504.51000000,2521.18000000,2497.00000000,2515.26000000,115840381.05318999
2025-07-06 02:00:00,2515.26000000,2519.82000000,2508.16000000,2513.77000000,119341601.48496000
2025-07-06 06:00:00,2513.77000000,2525.95000000,2507.64000000,2516.90000000,197692597.47001001
2025-07-06 10:00:00,2516.90000000,2517.62000000,2502.25000000,2514.73000000,143180192.44108999
2025-07-06 14:00:00,2514.73000000,2569.39000000,2510.56000000,2557.69000000,652210854.00980997
2025-07-06 18:00:00,2557.69000000,2559.99000000,2522.75000000,2540.00000000,308203685.05994999
2025-07-06 22:00:00,2540.00000000,2605.02000000,2539.00000000,2569.35000000,736858134.17516994
2025-07-07 02:00:00,2569.35000000,2589.86000000,2549.50000000,2576.33000000,395409503.55188000
2025-07-07 06:00:00,2576.33000000,2579.78000000,2558.95000000,2577.29000000,233256236.00685999
2025-07-07 10:00:00,2577.29000000,2587.85000000,2551.24000000,2561.84000000,323121128.04356998
2025-07-07 14:00:00,2561.84000000,2567.99000000,2525.98000000,2532.55000000,628428003.35993004
2025-07-07 18:00:00,2532.55000000,2556.74000000,2510.64000000,2543.08000000,546506645.78732002
2025-07-07 22:00:00,2543.08000000,2544.59000000,2522.04000000,2541.17000000,182183504.83827999
2025-07-08 02:00:00,2541.17000000,2553.48000000,2522.14000000,2536.82000000,239595979.43865001
2025-07-08 06:00:00,2536.82000000,2562.82000000,2530.72000000,2552.17000000,243608156.54807001
2025-07-08 10:00:00,2552.17000000,2584.69000000,2541.98000000,2573.88000000,349559951.19976997
2025-07-08 14:00:00,2573.88000000,2599.99000000,2556.47000000,2563.61000000,559507707.25957000
2025-07-08 18:00:00,2563.61000000,2627.60000000,2558.43000000,2609.23000000,689948053.24908996
2025-07-08 22:00:00,2609.23000000,2616.69000000,2595.33000000,2613.98000000,254887609.67434001
2025-07-09 02:00:00,2613.98000000,2625.99000000,2589.03000000,2590.43000000,271398285.16316003
2025-07-09 06:00:00,2590.43000000,2646.07000000,2589.49000000,2623.75000000,479364124.71723998
2025-07-09 10:00:00,2623.75000000,2628.99000000,2602.56000000,2624.95000000,410291570.78447002
2025-07-09 14:00:00,2624.95000000,2674.27000000,2622.60000000,2655.35000000,967440784.22002995
2025-07-09 18:00:00,2655.35000000,2794.80000000,2650.77000000,2763.56000000,1147421182.54525995
2025-07-09 22:00:00,2763.56000000,2782.35000000,2730.20000000,2767.69000000,670972580.06429005
2025-07-10 02:00:00,2767.69000000,2797.58000000,2754.45000000,2774.52000000,592033487.76972997
2025-07-10 06:00:00,2774.52000000,2822.19000000,2764.53000000,2789.59000000,670599232.89087999
2025-07-10 10:00:00,2789.59000000,2795.87000000,2771.13000000,2777.38000000,472886131.88647997
2025-07-10 14:00:00,2777.38000000,2794.17000000,2757.01000000,2768.35000000,705303007.88165998
2025-07-10 18:00:00,2768.35000000,2839.29000000,2767.49000000,2814.87000000,1148108728.97069001
2025-07-10 22:00:00,2814.87000000,3007.73000000,2811.61000000,2950.61000000,2030843659.21625996
2025-07-11 02:00:00,2950.61000000,2974.05000000,2913.67000000,2968.50000000,610175726.47634995
2025-07-11 06:00:00,2968.50000000,3028.47000000,2945.55000000,2967.80000000,1125003920.65031004
2025-07-11 10:00:00,2967.80000000,3040.18000000,2962.37000000,2983.23000000,944349328.73352003
2025-07-11 14:00:00,2983.23000000,3008.71000000,2938.48000000,2950.21000000,963489710.73825002
2025-07-11 18:00:00,2950.21000000,3009.36000000,2936.01000000,3006.50000000,760600867.01283002
2025-07-11 22:00:00,3006.50000000,3009.00000000,2921.98000000,2956.94000000,542936843.08958995
2025-07-12 02:00:00,2956.94000000,2969.91000000,2930.63000000,2964.89000000,280769114.61035001
2025-07-12 06:00:00,2964.89000000,2977.38000000,2940.01000000,2961.69000000,282170704.77297997
2025-07-12 10:00:00,2961.69000000,2978.96000000,2956.10000000,2962.54000000,256828310.39350000
2025-07-12 14:00:00,2962.54000000,2966.57000000,2902.81000000,2914.83000000,839932229.80049002
2025-07-12 18:00:00,2914.83000000,2944.88000000,2909.38000000,2939.61000000,260521728.56178999
2025-07-12 22:00:00,2939.61000000,2946.73000000,2913.54000000,2941.88000000,292641754.86300999
2025-07-13 02:00:00,2941.88000000,2959.77000000,2934.69000000,2953.50000000,294840398.44651002
2025-07-13 06:00:00,2953.50000000,2967.00000000,2946.11000000,2961.46000000,251250882.72933999
2025-07-13 10:00:00,2961.46000000,2964.80000000,2943.05000000,2963.32000000,274274736.64318001
2025-07-13 14:00:00,2963.32000000,3019.38000000,2957.87000000,2990.97000000,878778298.83257997
2025-07-13 18:00:00,2990.97000000,3009.78000000,2960.80000000,2987.88000000,435631686.09746999
2025-07-13 22:00:00,2987.88000000,2997.39000000,2936.01000000,2970.37000000,670275722.74744999
2025-07-14 02:00:00,2970.37000000,3051.31000000,2961.45000000,3036.14000000,790124721.79929996
2025-07-14 06:00:00,3036.14000000,3064.99000000,3015.88000000,3043.65000000,937230932.44676006
2025-07-14 10:00:00,3043.65000000,3083.00000000,3022.22000000,3051.22000000,960060889.48723996
2025-07-14 14:00:00,3051.22000000,3067.61000000,2991.57000000,3011.01000000,1024542897.39033997
2025-07-14 18:00:00,3011.01000000,3028.80000000,2981.51000000,2999.05000000,453511448.86865002
2025-07-14 22:00:00,2999.05000000,3017.75000000,2979.89000000,3012.26000000,267215726.59502000
2025-07-15 02:00:00,3012.26000000,3022.50000000,2931.43000000,2950.90000000,954792236.65289998
2025-07-15 06:00:00,2950.90000000,2994.34000000,2931.85000000,2976.36000000,499133730.73092002
2025-07-15 10:00:00,2976.36000000,2988.36000000,2958.11000000,2980.08000000,317704027.09498000
2025-07-15 14:00:00,2980.08000000,3066.60000000,2965.81000000,3038.99000000,1661351074.73843002
2025-07-15 18:00:00,3038.99000000,3097.90000000,3032.99000000,3041.10000000,1392496171.58785009
2025-07-15 22:00:00,3041.10000000,3144.48000000,3029.68000000,3138.55000000,609175366.28357005
2025-07-16 02:00:00,3138.55000000,3153.08000000,3102.61000000,3115.08000000,580274429.24381006
2025-07-16 06:00:00,3115.08000000,3173.99000000,3099.83000000,3160.72000000,622280623.99189997
2025-07-16 10:00:00,3160.72000000,3172.64000000,3143.11000000,3149.89000000,486246072.64621001
2025-07-16 14:00:00,3149.89000000,3265.35000000,3146.26000000,3243.40000000,1815383870.81048989
2025-07-16 18:00:00,3243.40000000,3382.59000000,3233.61000000,3382.59000000,1743427486.00433993
2025-07-16 22:00:00,3382.59000000,3423.14000000,3342.52000000,3370.54000000,1155100001.40447998
2025-07-17 02:00:00,3370.54000000,3398.55000000,3311.15000000,3330.65000000,728380539.72440004
2025-07-17 06:00:00,3330.65000000,3469.82000000,3320.04000000,3448.37000000,1172398010.18386006
2025-07-17 10:00:00,3448.37000000,3481.56000000,3425.68000000,3434.68000000,980572233.57902002
2025-07-17 14:00:00,3434.68000000,3441.21000000,3363.14000000,3420.39000000,1371734245.92831993
2025-07-17 18:00:00,3420.39000000,3453.99000000,3365.47000000,3410.81000000,904129173.44131994
2025-07-17 22:00:00,3410.81000000,3523.99000000,3370.67000000,3476.65000000,1068296617.42325997
2025-07-18 02:00:00,3476.65000000,3628.22000000,3458.30000000,3596.83000000,1425254341.31171989
2025-07-18 06:00:00,3596.83000000,3674.44000000,3576.16000000,3607.11000000,1218730294.26185989
2025-07-18 10:00:00,3607.11000000,3631.00000000,3584.68000000,3612.01000000,824043433.04009998
2025-07-18 14:00:00,3612.01000000,3673.62000000,3530.69000000,3564.71000000,1734845121.19935012
2025-07-18 18:00:00,3564.71000000,3624.62000000,3536.52000000,3551.21000000,809481892.83077002
2025-07-18 22:00:00,3551.21000000,3576.88000000,3477.00000000,3546.36000000,900306168.82177997
2025-07-19 02:00:00,3546.36000000,3598.00000000,3505.80000000,3591.74000000,476596948.44212002
2025-07-19 06:00:00,3591.74000000,3609.87000000,3566.05000000,3570.55000000,430105489.01016998
2025-07-19 10:00:00,3570.55000000,3577.77000000,3537.11000000,3551.89000000,471265998.77179003
2025-07-19 14:00:00,3551.89000000,3571.92000000,3525.72000000,3551.36000000,501615770.83306998
2025-07-19 18:00:00,3551.36000000,3581.73000000,3531.49000000,3577.13000000,417250869.70511001
2025-07-19 22:00:00,3577.13000000,3597.99000000,3535.37000000,3591.20000000,348968088.39950001
2025-07-20 02:00:00,3591.20000000,3694.62000000,3578.22000000,3656.97000000,696813703.85822999
2025-07-20 06:00:00,3656.97000000,3688.97000000,3632.21000000,3667.01000000,558540369.82955003
2025-07-20 10:00:00,3667.01000000,3769.14000000,3667.38000000,3755.71000000,963986342.00118005
2025-07-20 14:00:00,3755.71000000,3789.55000000,3724.01000000,3785.39000000,932685138.93437004
2025-07-20 18:00:00,3785.39000000,3824.04000000,3729.57000000,3748.85000000,1332955185.61637998
2025-07-20 22:00:00,3748.85000000,3771.75000000,3680.36000000,3755.67000000,894894040.67297006
2025-07-21 02:00:00,3755.67000000,3765.86000000,3700.13000000,3756.87000000,568969174.80052996
2025-07-21 06:00:00,3756.87000000,3812.23000000,3746.17000000,3786.96000000,694824617.84107006
2025-07-21 10:00:00,3786.96000000,3837.95000000,3755.47000000,3807.14000000,915384586.77813005
2025-07-21 14:00:00,3807.14000000,3858.01000000,3774.01000000,3808.89000000,1285967593.17442012
2025-07-21 18:00:00,3808.89000000,3815.86000000,3718.05000000,3735.20000000,1287955065.66475010
2025-07-21 22:00:00,3735.20000000,3778.72000000,3716.99000000,3760.95000000,504951937.48931003
2025-07-22 02:00:00,3760.95000000,3798.32000000,3694.65000000,3730.38000000,1004361927.79157996
2025-07-22 06:00:00,3730.38000000,3733.28000000,3651.00000000,3676.58000000,919684360.71108997
2025-07-22 10:00:00,3676.58000000,3719.25000000,3617.79000000,3704.39000000,1115022045.38511992
2025-07-22 14:00:00,3704.39000000,3728.78000000,3626.25000000,3717.75000000,1195244607.42258000
2025-07-22 18:00:00,3717.75000000,3750.07000000,3654.55000000,3668.73000000,917397343.09305000
2025-07-22 22:00:00,3668.73000000,3750.88000000,3660.84000000,3746.01000000,485079580.34688002
2025-07-23 02:00:00,3746.01000000,3764.08000000,3712.55000000,3727.99000000,603758466.87466002
2025-07-23 06:00:00,3727.99000000,3737.82000000,3663.11000000,3672.28000000,599214353.11243999
2025-07-23 10:00:00,3672.28000000,3698.09000000,3639.00000000,3670.91000000,691186235.70804000
2025-07-23 14:00:00,3670.91000000,3680.19000000,3580.01000000,3643.55000000,1303279812.27660990
2025-07-23 18:00:00,3643.55000000,3643.55000000,3552.68000000,3587.06000000,895202040.14815998
2025-07-23 22:00:00,3587.06000000,3634.21000000,3526.50000000,3627.41000000,725699337.35268998
2025-07-24 02:00:00,3627.41000000,3664.56000000,3612.02000000,3639.93000000,389422965.09492999
2025-07-24 06:00:00,3639.93000000,3657.25000000,3504.57000000,3590.34000000,1057322776.39754999
2025-07-24 10:00:00,3590.34000000,3659.99000000,3579.15000000,3654.32000000,880503486.10856998
2025-07-24 14:00:00,3654.32000000,3771.53000000,3611.46000000,3730.40000000,1387146029.51795006
2025-07-24 18:00:00,3730.40000000,3753.64000000,3664.99000000,3730.91000000,940238876.01134002
2025-07-24 22:00:00,3730.91000000,3741.95000000,3693.85000000,3706.01000000,406454358.78713000
2025-07-25 02:00:00,3706.01000000,3707.19000000,3572.13000000,3594.26000000,1046180390.84786999
2025-07-25 06:00:00,3594.26000000,3666.79000000,3577.84000000,3630.68000000,1011013498.41413999
2025-07-25 10:00:00,3630.68000000,3746.41000000,3628.00000000,3720.00000000,907049488.31655002
2025-07-25 14:00:00,3720.00000000,3734.01000000,3599.94000000,3632.00000000,1017597319.19866002
2025-07-25 18:00:00,3632.00000000,3658.32000000,3615.11000000,3639.15000000,424190026.95666999
2025-07-25 22:00:00,3639.15000000,3729.28000000,3637.66000000,3724.17000000,492804998.17741001
2025-07-26 02:00:00,3724.17000000,3766.82000000,3698.82000000,3738.01000000,445539033.13147002
2025-07-26 06:00:00,3738.01000000,3755.45000000,3729.43000000,3741.04000000,213312922.74869001
2025-07-26 10:00:00,3741.04000000,3782.49000000,3729.24000000,3738.44000000,562360382.40560997
2025-07-26 14:00:00,3738.44000000,3753.00000000,3714.25000000,3734.52000000,366966719.24671000
2025-07-26 18:00:00,3734.52000000,3755.89000000,3705.97000000,3749.32000000,317993975.80953997
2025-07-26 22:00:00,3749.32000000,3793.84000000,3732.78000000,3739.99000000,371464099.96858001
2025-07-27 02:00:00,3739.99000000,3787.21000000,3729.05000000,3772.92000000,262181693.57095000
2025-07-27 06:00:00,3772.92000000,3810.28000000,3761.01000000,3766.49000000,331739786.02653003
2025-07-27 10:00:00,3766.49000000,3839.73000000,3749.03000000,3814.17000000,665134278.27111006
2025-07-27 14:00:00,3814.17000000,3835.99000000,3791.01000000,3817.67000000,490601057.83039999
2025-07-27 18:00:00,3817.67000000,3867.82000000,3807.84000000,3827.35000000,693445127.59511995
2025-07-27 22:00:00,3827.35000000,3878.42000000,3814.47000000,3871.48000000,514285456.83995998
2025-07-28 02:00:00,3871.48000000,3906.94000000,3841.69000000,3878.50000000,638199935.03938997
2025-07-28 06:00:00,3878.50000000,3940.86000000,3867.00000000,3892.04000000,772743632.05427003
2025-07-28 10:00:00,3892.04000000,3903.98000000,3856.91000000,3878.59000000,516784793.57064998
2025-07-28 14:00:00,3878.59000000,3888.75000000,3770.91000000,3806.09000000,1270848148.14293003
2025-07-28 18:00:00,3806.09000000,3821.00000000,3751.84000000,3795.92000000,735353522.38443005
2025-07-28 22:00:00,3795.92000000,3802.47000000,3763.74000000,3795.99000000,398024295.60346001
2025-07-29 02:00:00,3795.99000000,3819.99000000,3728.16000000,3790.47000000,617234854.86537004
2025-07-29 06:00:00,3790.47000000,3879.47000000,3773.86000000,3876.56000000,527751556.06277001
2025-07-29 10:00:00,3876.56000000,3885.43000000,3810.48000000,3824.65000000,606190587.47818995
2025-07-29 14:00:00,3824.65000000,3873.54000000,3745.38000000,3759.52000000,1066759114.35437000
2025-07-29 18:00:00,3759.52000000,3794.99000000,3714.01000000,3763.93000000,722270391.46834004
2025-07-29 22:00:00,3763.93000000,3799.63000000,3740.01000000,3791.55000000,329137259.97488999
2025-07-30 02:00:00,3791.55000000,3826.88000000,3753.69000000,3815.62000000,390168497.44250000
2025-07-30 06:00:00,3815.62000000,3833.30000000,3785.11000000,3809.12000000,362361145.02657998
2025-07-30 10:00:00,3809.12000000,3824.26000000,3741.30000000,3756.40000000,603441645.15815997
2025-07-30 14:00:00,3756.40000000,3830.94000000,3747.48000000,3795.77000000,708378656.16343999
2025-07-30 18:00:00,3795.77000000,3820.92000000,3675.42000000,3759.01000000,1083620169.37754011
2025-07-30 22:00:00,3759.01000000,3811.45000000,3740.52000000,3808.66000000,424276272.33963001
2025-07-31 02:00:00,3808.66000000,3866.94000000,3799.01000000,3861.96000000,543987529.82905996
2025-07-31 06:00:00,3861.96000000,3877.48000000,3853.32000000,3862.15000000,277464932.97855997
2025-07-31 10:00:00,3862.15000000,3871.84000000,3824.89000000,3836.87000000,348451082.23993999
2025-07-31 14:00:00,3836.87000000,3844.01000000,3760.16000000,3786.01000000,1082908148.98255992
2025-07-31 18:00:00,3786.01000000,3816.99000000,3732.98000000,3736.42000000,782560361.05587006
2025-07-31 22:00:00,3736.42000000,3757.85000000,3682.23000000,3696.57000000,614768773.73452997
2025-08-01 02:00:00,3696.57000000,3722.90000000,3614.00000000,3703.49000000,910086433.55265999
2025-08-01 06:00:00,3703.49000000,3703.48000000,3622.35000000,3648.66000000,577804395.03610003
2025-08-01 10:00:00,3648.66000000,3648.67000000,3583.50000000,3641.04000000,608082220.69965005
2025-08-01 14:00:00,3641.04000000,3674.02000000,3562.84000000,3614.49000000,1202895068.60263991
2025-08-01 18:00:00,3614.49000000,3632.74000000,3514.05000000,3517.22000000,982619200.85860002
2025-08-01 22:00:00,3517.22000000,3551.85000000,3429.57000000,3486.42000000,825350799.91850996
2025-08-02 02:00:00,3486.42000000,3530.88000000,3476.82000000,3527.14000000,350439367.47915000
2025-08-02 06:00:00,3527.14000000,3536.01000000,3453.77000000,3517.53000000,490281086.64047998
2025-08-02 10:00:00,3517.53000000,3522.99000000,3471.54000000,3506.94000000,403236091.59713000
2025-08-02 14:00:00,3506.94000000,3516.48000000,3449.64000000,3457.51000000,493344585.77671999
2025-08-02 18:00:00,3457.51000000,3479.60000000,3371.16000000,3381.34000000,915661408.33607996
2025-08-02 22:00:00,3381.34000000,3442.14000000,3366.55000000,3392.41000000,427004532.24431002
2025-08-03 02:00:00,3392.41000000,3450.67000000,3353.50000000,3441.98000000,431265613.88375002
2025-08-03 06:00:00,3441.98000000,3458.13000000,3432.07000000,3454.11000000,220004922.37360999
2025-08-03 10:00:00,3454.11000000,3513.99000000,3452.08000000,3483.41000000,376708063.65081000
2025-08-03 14:00:00,3483.41000000,3502.68000000,3453.38000000,3474.71000000,403510749.44426000
2025-08-03 18:00:00,3474.71000000,3513.64000000,3465.97000000,3495.32000000,256566770.17796999
2025-08-03 22:00:00,3495.32000000,3520.59000000,3481.58000000,3495.01000000,225093876.54883999
2025-08-04 02:00:00,3495.01000000,3574.85000000,3489.16000000,3554.99000000,474053807.34021002
2025-08-04 06:00:00,3554.99000000,3564.04000000,3519.08000000,3550.67000000,315276593.01665002
2025-08-04 10:00:00,3550.67000000,3573.51000000,3539.94000000,3554.01000000,277846986.97681999
2025-08-04 14:00:00,3554.01000000,3663.88000000,3549.16000000,3646.59000000,937521751.41698003
2025-08-04 18:00:00,3646.59000000,3716.92000000,3646.58000000,3668.14000000,675635187.15329003
2025-08-04 22:00:00,3668.14000000,3735.00000000,3659.02000000,3719.42000000,405115701.58124000
2025-08-05 02:00:00,3719.42000000,3720.09000000,3646.73000000,3650.39000000,436089520.19792998
2025-08-05 06:00:00,3650.39000000,3678.29000000,3599.44000000,3611.75000000,602262825.91032004
2025-08-05 10:00:00,3611.75000000,3692.30000000,3606.65000000,3672.58000000,502252133.57520002
2025-08-05 14:00:00,3672.58000000,3678.79000000,3555.01000000,3568.47000000,1056416974.91092002
2025-08-05 18:00:00,3568.47000000,3611.00000000,3558.00000000,3570.33000000,410329225.60228997
2025-08-05 22:00:00,3570.33000000,3622.57000000,3544.21000000,3610.19000000,306217961.78086001
2025-08-06 02:00:00,3610.19000000,3612.48000000,3562.59000000,3582.03000000,288430516.38444000
2025-08-06 06:00:00,3582.03000000,3661.13000000,3568.00000000,3638.40000000,486990139.78899997
2025-08-06 10:00:00,3638.40000000,3643.81000000,3608.01000000,3618.16000000,310971314.67627001
2025-08-06 14:00:00,3618.16000000,3668.00000000,3572.96000000,3662.66000000,735312730.69905996
2025-08-06 18:00:00,3662.66000000,3697.58000000,3636.81000000,3682.13000000,472306795.72821999
2025-08-06 22:00:00,3682.13000000,3684.39000000,3651.86000000,3681.22000000,197005504.02028999
2025-08-07 02:00:00,3681.22000000,3715.76000000,3646.18000000,3655.07000000,366110686.95551002
2025-08-07 06:00:00,3655.07000000,3709.79000000,3653.45000000,3700.99000000,289172737.75665998
2025-08-07 10:00:00,3700.99000000,3841.51000000,3700.88000000,3825.67000000,912506808.10745001
2025-08-07 14:00:00,3825.67000000,3864.54000000,3802.63000000,3835.15000000,787786584.15059996
2025-08-07 18:00:00,3835.15000000,3874.97000000,3778.74000000,3865.47000000,593412794.31008995
2025-08-07 22:00:00,3865.47000000,3926.41000000,3849.01000000,3908.41000000,492048598.69962001
2025-08-08 02:00:00,3908.41000000,3968.42000000,3877.00000000,3938.05000000,691762194.93980002
2025-08-08 06:00:00,3938.05000000,3938.39000000,3893.10000000,3914.87000000,344516700.12191999
2025-08-08 10:00:00,3914.87000000,3926.87000000,3883.06000000,3916.28000000,320376760.22046000
2025-08-08 14:00:00,3916.28000000,4010.99000000,3890.08000000,3952.99000000,1230836058.44197011
2025-08-08 18:00:00,3952.99000000,4065.39000000,3949.41000000,4059.71000000,860096558.85807002
2025-08-08 22:00:00,4059.71000000,4070.00000000,4005.60000000,4009.05000000,322582821.69262999
2025-08-09 02:00:00,4009.05000000,4050.59000000,4005.23000000,4049.34000000,269044653.04812998
2025-08-09 06:00:00,4049.34000000,4215.62000000,4043.26000000,4169.71000000,1161769844.34155989
2025-08-09 10:00:00,4169.71000000,4246.41000000,4164.87000000,4189.39000000,742599589.47435999
2025-08-09 14:00:00,4189.39000000,4225.46000000,4153.10000000,4207.71000000,634276556.46434999
2025-08-09 18:00:00,4207.71000000,4270.30000000,4191.87000000,4256.65000000,547906742.30746996
2025-08-09 22:00:00,4256.65000000,4325.24000000,4239.98000000,4259.11000000,799393982.40875006
2025-08-10 02:00:00,4259.11000000,4331.98000000,4206.41000000,4241.13000000,839961223.86593997
2025-08-10 06:00:00,4241.13000000,4262.86000000,4175.51000000,4184.37000000,580334976.48526001
2025-08-10 10:00:00,4184.37000000,4232.00000000,4161.12000000,4179.11000000,567954580.75118995
2025-08-10 14:00:00,4179.11000000,4236.88000000,4160.01000000,4216.11000000,513981602.18412000
2025-08-10 18:00:00,4216.11000000,4257.88000000,4212.75000000,4247.34000000,280369738.09758002
2025-08-10 22:00:00,4247.34000000,4252.83000000,4184.46000000,4248.78000000,480976946.05201000
2025-08-11 02:00:00,4248.78000000,4341.32000000,4236.37000000,4307.77000000,861683243.75079000
2025-08-11 06:00:00,4307.77000000,4349.31000000,4265.56000000,4272.94000000,526506782.13805997
2025-08-11 10:00:00,4272.94000000,4284.30000000,4169.34000000,4183.51000000,760944769.94989002
2025-08-11 14:00:00,4183.51000000,4331.02000000,4164.51000000,4328.88000000,1389755343.60302997
2025-08-11 18:00:00,4328.88000000,4367.23000000,4232.05000000,4257.54000000,939982707.52759004
2025-08-11 22:00:00,4257.54000000,4257.53000000,4187.75000000,4221.32000000,501918237.74769002
2025-08-12 02:00:00,4221.32000000,4309.82000000,4216.85000000,4284.20000000,518093280.00116998
2025-08-12 06:00:00,4284.20000000,4320.41000000,4266.10000000,4314.23000000,469293757.87869000
2025-08-12 10:00:00,4314.23000000,4331.62000000,4256.08000000,4289.36000000,534550477.34591001
2025-08-12 14:00:00,4289.36000000,4480.36000000,4276.25000000,4470.98000000,1978656639.23210001
2025-08-12 18:00:00,4470.98000000,4518.20000000,4438.70000000,4515.08000000,1168105681.64976001
2025-08-12 22:00:00,4515.08000000,4639.58000000,4501.88000000,4589.32000000,1137243784.02649999
2025-08-13 02:00:00,4589.32000000,4655.50000000,4562.62000000,4645.40000000,827617239.85628998
2025-08-13 06:00:00,4645.40000000,4682.00000000,4605.73000000,4624.30000000,762833197.20685995
2025-08-13 10:00:00,4624.30000000,4716.17000000,4607.15000000,4689.37000000,770556317.41066003
2025-08-13 14:00:00,4689.37000000,4736.82000000,4615.24000000,4664.79000000,1727764895.96271992
2025-08-13 18:00:00,4664.79000000,4751.49000000,4660.82000000,4739.20000000,1062051866.30501997
2025-08-13 22:00:00,4739.20000000,4783.55000000,4696.34000000,4748.37000000,821558229.30514002
2025-08-14 02:00:00,4748.37000000,4781.59000000,4706.16000000,4774.86000000,674987835.57664001
2025-08-14 06:00:00,4774.86000000,4793.99000000,4716.93000000,4748.79000000,804923913.81353998
2025-08-14 10:00:00,4748.79000000,4766.68000000,4674.30000000,4718.99000000,852184807.61535001
2025-08-14 14:00:00,4718.99000000,4736.73000000,4456.20000000,4617.99000000,2923377368.84389019
2025-08-14 18:00:00,4617.99000000,4623.22000000,4478.92000000,4536.06000000,1144352009.17722011
2025-08-14 22:00:00,4536.06000000,4570.73000000,4450.98000000,4545.25000000,659422285.34633005
2025-08-15 02:00:00,4545.25000000,4647.98000000,4535.36000000,4632.63000000,572686606.74714994
2025-08-15 06:00:00,4632.63000000,4660.75000000,4603.66000000,4639.46000000,449883336.56773001
2025-08-15 10:00:00,4639.46000000,4665.57000000,4610.74000000,4632.41000000,408437131.20568001
2025-08-15 14:00:00,4632.41000000,4669.93000000,4393.04000000,4428.72000000,1881234300.39336991
2025-08-15 18:00:00,4428.72000000,4458.75000000,4371.31000000,4381.05000000,1109381641.98467994
2025-08-15 22:00:00,4381.05000000,4488.99000000,4365.04000000,4437.16000000,554368983.62785995
2025-08-16 02:00:00,4437.16000000,4488.33000000,4423.07000000,4430.97000000,463239471.41715002
2025-08-16 06:00:00,4430.97000000,4462.24000000,4407.10000000,4449.26000000,338320926.14603001
2025-08-16 10:00:00,4449.26000000,4457.40000000,4370.47000000,4385.90000000,555479901.41927004
2025-08-16 14:00:00,4385.90000000,4426.61000000,4373.36000000,4398.00000000,455806117.28856999
2025-08-16 18:00:00,4398.00000000,4439.91000000,4388.09000000,4416.31000000,248352321.71862000
2025-08-16 22:00:00,4416.31000000,4436.24000000,4400.73000000,4420.21000000,233491881.28512001
2025-08-17 02:00:00,4420.21000000,4456.73000000,4392.58000000,4450.44000000,329295517.17265999
2025-08-17 06:00:00,4450.44000000,4488.82000000,4441.56000000,4464.99000000,362812868.54386997
2025-08-17 10:00:00,4464.99000000,4573.99000000,4456.63000000,4549.58000000,558096622.26944005
2025-08-17 14:00:00,4549.58000000,4563.66000000,4517.41000000,4559.58000000,347761428.30700999
2025-08-17 18:00:00,4559.58000000,4564.58000000,4420.00000000,4457.55000000,631511969.89568996
2025-08-17 22:00:00,4457.55000000,4532.15000000,4454.59000000,4470.66000000,339778658.85641998
2025-08-18 02:00:00,4470.66000000,4480.00000000,4278.23000000,4318.42000000,1098223020.32806993
2025-08-18 06:00:00,4318.42000000,4346.00000000,4228.53000000,4255.03000000,820501013.61450005
2025-08-18 10:00:00,4255.03000000,4319.07000000,4224.10000000,4272.66000000,615727507.15021002
2025-08-18 14:00:00,4272.66000000,4368.01000000,4269.14000000,4343.23000000,888624619.90377998
2025-08-18 18:00:00,4343.23000000,4382.97000000,4298.14000000,4353.72000000,555783220.69440997
2025-08-18 22:00:00,4353.72000000,4386.14000000,4301.51000000,4311.73000000,333708892.18309999
2025-08-19 02:00:00,4311.73000000,4353.91000000,4210.96000000,4217.76000000,619106548.21907997
2025-08-19 06:00:00,4217.76000000,4248.93000000,4192.34000000,4232.61000000,435626547.44551003
2025-08-19 10:00:00,4232.61000000,4315.67000000,4216.76000000,4307.29000000,393865352.06331998
2025-08-19 14:00:00,4307.29000000,4339.40000000,4167.72000000,4190.60000000,1096748030.99861002
2025-08-19 18:00:00,4190.60000000,4205.29000000,4112.62000000,4141.35000000,895222598.34316003
2025-08-19 22:00:00,4141.35000000,4163.66000000,4065.03000000,4073.94000000,476144725.61140001
2025-08-20 02:00:00,4073.94000000,4156.10000000,4060.50000000,4138.99000000,486259811.45649999
2025-08-20 06:00:00,4138.99000000,4209.83000000,4137.30000000,4183.66000000,361340593.21324998
2025-08-20 10:00:00,4183.66000000,4240.00000000,4148.22000000,4193.48000000,573232554.20887005
2025-08-20 14:00:00,4193.48000000,4306.49000000,4104.80000000,4253.46000000,1289633657.15692997
2025-08-20 18:00:00,4253.46000000,4362.99000000,4252.72000000,4344.51000000,870590584.26909995
2025-08-20 22:00:00,4344.51000000,4375.85000000,4319.01000000,4334.49000000,340292106.47746998
2025-08-21 02:00:00,4334.49000000,4338.62000000,4275.73000000,4293.33000000,385516132.38045001
2025-08-21 06:00:00,4293.33000000,4319.68000000,4268.68000000,4309.00000000,294329887.97508001
2025-08-21 10:00:00,4309.00000000,4313.52000000,4254.35000000,4277.01000000,396927098.79315001
2025-08-21 14:00:00,4277.01000000,4326.16000000,4224.50000000,4240.91000000,858550478.67106998
2025-08-21 18:00:00,4240.91000000,4272.99000000,4206.53000000,4222.13000000,437815717.67720997
2025-08-21 22:00:00,4222.13000000,4259.96000000,4202.36000000,4223.70000000,245494421.72174001
2025-08-22 02:00:00,4223.70000000,4313.59000000,4220.15000000,4276.99000000,373442286.45172000
2025-08-22 06:00:00,4276.99000000,4343.55000000,4270.41000000,4326.00000000,380209813.47358000
2025-08-22 10:00:00,4326.00000000,4352.18000000,4271.17000000,4272.65000000,354079460.32179999
2025-08-22 14:00:00,4272.65000000,4666.08000000,4206.00000000,4613.92000000,1942355722.34958005
2025-08-22 18:00:00,4613.92000000,4858.00000000,4613.92000000,4832.06000000,1600194646.90376997
2025-08-22 22:00:00,4832.06000000,4887.92000000,4796.24000000,4829.83000000,703293453.95237005
2025-08-23 02:00:00,4829.83000000,4830.37000000,4662.22000000,4694.46000000,644468259.68728995
2025-08-23 06:00:00,4694.46000000,4763.62000000,4693.63000000,4712.85000000,348634732.97443002
2025-08-23 10:00:00,4712.85000000,4744.76000000,4689.02000000,4703.50000000,267394963.00545999
2025-08-23 14:00:00,4703.50000000,4767.89000000,4691.36000000,4749.17000000,388582473.14557999
2025-08-23 18:00:00,4749.17000000,4760.45000000,4726.39000000,4756.76000000,155426429.28020000
2025-08-23 22:00:00,4756.76000000,4797.22000000,4736.00000000,4777.25000000,179599923.83496001
2025-08-24 02:00:00,4777.25000000,4816.55000000,4751.78000000,4787.67000000,289343500.61875999
2025-08-24 06:00:00,4787.67000000,4799.52000000,4755.53000000,4757.67000000,173859978.01247999
2025-08-24 10:00:00,4757.67000000,4785.32000000,4717.72000000,4745.95000000,325538990.28377002
2025-08-24 14:00:00,4745.95000000,4829.06000000,4736.85000000,4796.34000000,499206956.42597002
2025-08-24 18:00:00,4796.34000000,4955.76000000,4747.87000000,4811.76000000,1263786585.93319988
2025-08-24 22:00:00,4811.76000000,4822.50000000,4705.25000000,4778.33000000,808333019.89941001
2025-08-25 02:00:00,4778.33000000,4796.29000000,4668.24000000,4725.45000000,501637052.14969999
2025-08-25 06:00:00,4725.45000000,4737.74000000,4580.98000000,4589.60000000,583370431.91162002
2025-08-25 10:00:00,4589.60000000,4613.58000000,4518.00000000,4598.46000000,635508460.24066997
2025-08-25 14:00:00,4598.46000000,4682.70000000,4583.27000000,4610.31000000,756924293.96669996
2025-08-25 18:00:00,4610.31000000,4643.13000000,4413.33000000,4418.42000000,686260787.27075005
2025-08-25 22:00:00,4418.42000000,4444.19000000,4331.57000000,4374.24000000,834275468.02000999
2025-08-26 02:00:00,4374.24000000,4449.52000000,4310.00000000,4400.47000000,606822907.61245000
2025-08-26 06:00:00,4400.47000000,4452.21000000,4392.00000000,4427.37000000,311798543.14888000
2025-08-26 10:00:00,4427.37000000,4464.40000000,4403.00000000,4425.57000000,305745527.30194002
2025-08-26 14:00:00,4425.57000000,4576.30000000,4403.70000000,4516.17000000,1120453682.40598011
2025-08-26 18:00:00,4516.17000000,4595.73000000,4495.92000000,4593.84000000,583316111.11506867
2025-08-26 22:00:00,4593.84000000,4631.51000000,4549.71000000,4598.49000000,286363414.95314997
2025-08-27 02:00:00,4598.49000000,4624.99000000,4537.99000000,4601.08000000,301966614.42218000
2025-08-27 06:00:00,4601.08000000,4643.16000000,4558.80000000,4578.59000000,314117166.03921998
2025-08-27 10:00:00,4578.59000000,4618.20000000,4554.38000000,4606.38000000,259406231.95335001
2025-08-27 14:00:00,4606.38000000,4662.48000000,4572.98000000,4655.32000000,645875891.91272998
2025-08-27 18:00:00,4655.32000000,4655.92000000,4532.53000000,4563.24000000,419462227.86791998
2025-08-27 22:00:00,4563.24000000,4612.21000000,4479.87000000,4504.70000000,521747849.41971999
2025-08-28 02:00:00,4504.70000000,4545.00000000,4465.12000000,4539.38000000,243624866.29506001
2025-08-28 06:00:00,4539.38000000,4598.61000000,4537.79000000,4595.11000000,245966726.54053000
2025-08-28 10:00:00,4595.11000000,4632.82000000,4580.00000000,4592.73000000,261948060.76284999
2025-08-28 14:00:00,4592.73000000,4612.93000000,4482.51000000,4502.03000000,528788173.27732998
2025-08-28 18:00:00,4502.03000000,4528.77000000,4433.65000000,4435.52000000,437690659.53244001
2025-08-28 22:00:00,4435.52000000,4513.70000000,4425.00000000,4509.09000000,232987814.60740000
2025-08-29 02:00:00,4509.09000000,4514.66000000,4432.56000000,4487.56000000,294994121.71496999
2025-08-29 06:00:00,4487.56000000,4495.70000000,4365.21000000,4379.02000000,375755099.97253001
2025-08-29 10:00:00,4379.02000000,4396.55000000,4316.36000000,4344.43000000,439117014.45848000
2025-08-29 14:00:00,4344.43000000,4451.53000000,4265.13000000,4313.86000000,906445363.65454996
2025-08-29 18:00:00,4313.86000000,4365.00000000,4294.03000000,4338.78000000,358285400.52919000
2025-08-29 22:00:00,4338.78000000,4378.50000000,4303.94000000,4358.65000000,198757970.67987001
2025-08-30 02:00:00,4358.65000000,4381.25000000,4255.00000000,4350.85000000,357233204.54166001
2025-08-30 06:00:00,4350.85000000,4413.13000000,4344.83000000,4399.80000000,228075858.01192001
2025-08-30 10:00:00,4399.80000000,4406.08000000,4376.39000000,4389.93000000,170422701.64708000
2025-08-30 14:00:00,4389.93000000,4391.46000000,4329.45000000,4374.13000000,260358080.03031000
2025-08-30 18:00:00,4374.13000000,4373.71000000,4333.14000000,4352.52000000,133067062.30022000
2025-08-30 22:00:00,4352.52000000,4376.28000000,4332.11000000,4371.99000000,111562277.60380000
2025-08-31 02:00:00,4371.99000000,4486.40000000,4370.33000000,4485.72000000,334381525.80426002
2025-08-31 06:00:00,4485.72000000,4489.33000000,4431.09000000,4449.28000000,167039880.56568000
2025-08-31 10:00:00,4449.28000000,4481.57000000,4438.01000000,4474.53000000,211945886.93334001
2025-08-31 14:00:00,4474.53000000,4496.17000000,4448.01000000,4482.47000000,261731383.03927001
2025-08-31 18:00:00,4482.47000000,4489.11000000,4451.82000000,4453.25000000,177586072.35554001
2025-08-31 22:00:00,4453.25000000,4475.82000000,4376.00000000,4389.64000000,268245818.54361001
2025-09-01 02:00:00,4389.64000000,4429.83000000,4357.87000000,4401.56000000,384711866.01556998
2025-09-01 06:00:00,4401.56000000,4462.35000000,4357.01000000,4461.99000000,323626914.79901999
2025-09-01 10:00:00,4461.99000000,4489.99000000,4380.19000000,4390.88000000,441281905.33912998
2025-09-01 14:00:00,4390.88000000,4421.40000000,4342.06000000,4359.99000000,321129083.63322002
2025-09-01 18:00:00,4359.99000000,4369.78000000,4307.25000000,4365.79000000,294707707.94314998
2025-09-01 22:00:00,4365.79000000,4366.56000000,4207.92000000,4313.01000000,457339059.83594000
2025-09-02 02:00:00,4313.01000000,4393.46000000,4289.12000000,4365.22000000,275892044.49337000
2025-09-02 06:00:00,4365.22000000,4414.75000000,4358.33000000,4375.42000000,248485767.40950000
2025-09-02 10:00:00,4375.42000000,4406.22000000,4339.25000000,4346.06000000,252808318.63611001
2025-09-02 14:00:00,4346.06000000,4395.20000000,4269.11000000,4293.56000000,879267902.59347999
2025-09-02 18:00:00,4293.56000000,4329.44000000,4254.45000000,4272.48000000,382692594.88006002
2025-09-02 22:00:00,4272.48000000,4335.53000000,4264.03000000,4324.59000000,196091815.36945999
2025-09-03 02:00:00,4324.59000000,4353.62000000,4281.19000000,4332.56000000,218150621.79100001
2025-09-03 06:00:00,4332.56000000,4340.90000000,4285.94000000,4307.84000000,187950357.79049999
2025-09-03 10:00:00,4307.84000000,4383.92000000,4300.32000000,4369.58000000,262793925.68651000
2025-09-03 14:00:00,4369.58000000,4484.20000000,4339.56000000,4476.99000000,674504524.52953994
2025-09-03 18:00:00,4476.99000000,4488.23000000,4452.42000000,4473.38000000,255566817.11973000
2025-09-03 22:00:00,4473.38000000,4479.88000000,4436.95000000,4448.21000000,145935494.25235000
2025-09-04 02:00:00,4448.21000000,4480.99000000,4385.90000000,4396.12000000,375544154.49596000
2025-09-04 06:00:00,4396.12000000,4413.33000000,4353.36000000,4368.81000000,290548576.30440998
2025-09-04 10:00:00,4368.81000000,4431.64000000,4362.31000000,4404.39000000,279390031.21880001
2025-09-04 14:00:00,4404.39000000,4426.86000000,4292.11000000,4302.61000000,683431129.32287002
2025-09-04 18:00:00,4302.61000000,4321.05000000,4262.93000000,4273.84000000,372145944.03836000
2025-09-04 22:00:00,4273.84000000,4350.58000000,4270.38000000,4295.67000000,201454936.17743999
2025-09-05 02:00:00,4295.67000000,4333.43000000,4287.75000000,4326.51000000,213411851.86691999
2025-09-05 06:00:00,4326.51000000,4426.72000000,4314.00000000,4415.01000000,340100993.11443001
2025-09-05 10:00:00,4415.01000000,4424.78000000,4371.39000000,4415.57000000,345173599.48803997
2025-09-05 14:00:00,4415.57000000,4489.94000000,4252.75000000,4280.45000000,1319243520.83962989
2025-09-05 18:00:00,4280.45000000,4329.53000000,4270.00000000,4328.97000000,276217708.86734998
2025-09-05 22:00:00,4328.97000000,4340.90000000,4285.45000000,4305.70000000,214859346.56992000
2025-09-06 02:00:00,4305.70000000,4327.00000000,4300.67000000,4318.35000000,104771928.63370000
2025-09-06 06:00:00,4318.35000000,4318.36000000,4288.40000000,4310.36000000,109171464.64520000
2025-09-06 10:00:00,4310.36000000,4313.36000000,4283.83000000,4298.09000000,113007976.72499000
2025-09-06 14:00:00,4298.09000000,4306.92000000,4260.45000000,4267.68000000,193605284.91163999
2025-09-06 18:00:00,4267.68000000,4303.12000000,4232.51000000,4253.94000000,336309574.20060998
2025-09-06 22:00:00,4253.94000000,4286.62000000,4251.50000000,4271.68000000,98644862.00019000
2025-09-07 02:00:00,4271.68000000,4302.56000000,4269.00000000,4295.08000000,105299759.77874000
2025-09-07 06:00:00,4295.08000000,4305.87000000,4276.78000000,4293.00000000,117346024.51086999
2025-09-07 10:00:00,4293.00000000,4313.79000000,4290.01000000,4308.77000000,135905909.76276001
2025-09-07 14:00:00,4308.77000000,4309.29000000,4287.19000000,4297.17000000,138535792.35526001
2025-09-07 18:00:00,4297.17000000,4299.71000000,4268.28000000,4291.32000000,169063352.05669999
2025-09-07 22:00:00,4291.32000000,4335.00000000,4279.02000000,4304.08000000,147432524.20513999
2025-09-08 02:00:00,4304.08000000,4329.49000000,4276.27000000,4310.01000000,213615103.60056999
2025-09-08 06:00:00,4310.01000000,4312.37000000,4284.83000000,4289.81000000,123809835.01701000
2025-09-08 10:00:00,4289.81000000,4336.81000000,4285.78000000,4310.01000000,263454978.09448999
2025-09-08 14:00:00,4310.01000000,4382.46000000,4303.53000000,4369.83000000,570802165.14015996
2025-09-08 18:00:00,4369.83000000,4371.75000000,4282.00000000,4290.67000000,384640075.28522998
2025-09-08 22:00:00,4290.67000000,4330.88000000,4280.22000000,4303.97000000,174159290.54661000
2025-09-09 02:00:00,4303.97000000,4313.91000000,4275.01000000,4304.99000000,177185214.77160999
2025-09-09 06:00:00,4304.99000000,4380.76000000,4300.65000000,4360.42000000,311572050.68774998
2025-09-09 10:00:00,4360.42000000,4365.75000000,4340.34000000,4345.84000000,159551269.55114001
2025-09-09 14:00:00,4345.84000000,4366.43000000,4275.01000000,4282.63000000,556073416.44151998
2025-09-09 18:00:00,4282.63000000,4297.99000000,4275.95000000,4292.55000000,187211678.84231001
2025-09-09 22:00:00,4292.55000000,4318.20000000,4279.02000000,4308.41000000,152716134.04938000
2025-09-10 02:00:00,4308.41000000,4324.58000000,4282.04000000,4318.84000000,183319602.81213999
2025-09-10 06:00:00,4318.84000000,4332.00000000,4292.66000000,4327.66000000,150900078.65665001
2025-09-10 10:00:00,4327.66000000,4333.03000000,4306.93000000,4329.58000000,167558864.80847999
2025-09-10 14:00:00,4329.58000000,4452.41000000,4328.00000000,4403.49000000,652024902.82562006
2025-09-10 18:00:00,4403.49000000,4407.35000000,4297.42000000,4320.26000000,545817027.15907001
2025-09-10 22:00:00,4320.26000000,4354.67000000,4318.33000000,4347.57000000,170234670.99426001
2025-09-11 02:00:00,4347.57000000,4406.89000000,4336.80000000,4402.01000000,196722694.71393999
2025-09-11 06:00:00,4402.01000000,4450.61000000,4393.66000000,4439.00000000,289639075.92793000
2025-09-11 10:00:00,4439.00000000,4441.67000000,4404.69000000,4428.06000000,223328552.89304999
2025-09-11 14:00:00,4428.06000000,4480.61000000,4367.63000000,4410.40000000,828953579.93438995
2025-09-11 18:00:00,4410.40000000,4439.99000000,4405.01000000,4422.08000000,229105270.44251999
2025-09-11 22:00:00,4422.08000000,4467.80000000,4413.16000000,4456.86000000,182446273.06705999
2025-09-12 02:00:00,4456.86000000,4537.89000000,4448.35000000,4503.61000000,399058155.18500000
2025-09-12 06:00:00,4503.61000000,4561.16000000,4498.08000000,4524.39000000,254328273.41247001
2025-09-12 10:00:00,4524.39000000,4534.74000000,4503.08000000,4519.32000000,190222157.99042001
2025-09-12 14:00:00,4519.32000000,4570.00000000,4501.62000000,4540.15000000,370645891.51047999
2025-09-12 18:00:00,4540.15000000,4658.44000000,4531.76000000,4656.01000000,525147361.17532998
2025-09-12 22:00:00,4656.01000000,4749.68000000,4628.19000000,4710.82000000,471629468.18532002
2025-09-13 02:00:00,4710.82000000,4767.10000000,4690.40000000,4754.75000000,270481557.26374000
2025-09-13 06:00:00,4754.75000000,4755.20000000,4699.24000000,4709.69000000,213631820.68981999
2025-09-13 10:00:00,4709.69000000,4737.37000000,4706.71000000,4717.86000000,167293603.80296999
2025-09-13 14:00:00,4717.86000000,4729.22000000,4642.52000000,4651.44000000,463761836.69515997
2025-09-13 18:00:00,4651.44000000,4665.02000000,4603.50000000,4635.54000000,351457306.02986002
2025-09-13 22:00:00,4635.54000000,4670.84000000,4634.87000000,4664.75000000,143378490.82832000
2025-09-14 02:00:00,4664.75000000,4691.49000000,4648.35000000,4661.01000000,162210581.04071000
2025-09-14 06:00:00,4661.01000000,4679.68000000,4631.10000000,4648.81000000,144715086.92840999
2025-09-14 10:00:00,4648.81000000,4672.61000000,4623.67000000,4632.88000000,163967641.92444000
2025-09-14 14:00:00,4632.88000000,4643.56000000,4575.01000000,4580.22000000,557305341.05104995
2025-09-14 18:00:00,4580.22000000,4627.60000000,4577.47000000,4613.95000000,213206135.66007999
2025-09-14 22:00:00,4613.95000000,4634.99000000,4596.33000000,4602.01000000,155649398.97920999
2025-09-15 02:00:00,4602.01000000,4641.81000000,4578.16000000,4634.46000000,195580543.23631001
2025-09-15 06:00:00,4634.46000000,4668.17000000,4585.14000000,4594.95000000,363497937.59862000
2025-09-15 10:00:00,4594.95000000,4594.96000000,4495.84000000,4528.25000000,611434192.10877001
2025-09-15 14:00:00,4528.25000000,4540.00000000,4463.01000000,4497.46000000,508993252.48363000
2025-09-15 18:00:00,4497.46000000,4512.32000000,4472.84000000,4491.79000000,220274959.68641999
2025-09-15 22:00:00,4491.79000000,4527.99000000,4486.04000000,4521.54000000,151764057.30441999
2025-09-16 02:00:00,4521.54000000,4535.93000000,4502.47000000,4518.85000000,150538305.05035001
2025-09-16 06:00:00,4518.85000000,4534.17000000,4485.36000000,4510.64000000,208794320.93893000
2025-09-16 10:00:00,4510.64000000,4529.89000000,4491.00000000,4499.39000000,173284974.09160000
2025-09-16 14:00:00,4499.39000000,4510.63000000,4421.77000000,4465.73000000,560892260.68455005
2025-09-16 18:00:00,4465.73000000,4509.00000000,4444.49000000,4488.95000000,305350897.54123002
2025-09-16 22:00:00,4488.95000000,4523.18000000,4481.01000000,4499.41000000,134810498.13712999
2025-09-17 02:00:00,4499.41000000,4551.41000000,4490.55000000,4495.22000000,253801655.73196000
2025-09-17 06:00:00,4495.22000000,4553.85000000,4461.77000000,4542.32000000,291726933.28062999
2025-09-17 10:00:00,4542.32000000,4543.98000000,4477.00000000,4489.23000000,222769185.49847001
2025-09-17 14:00:00,4489.23000000,4511.77000000,4465.00000000,4487.64000000,254148593.98512000
2025-09-17 18:00:00,4487.64000000,4532.16000000,4422.68000000,4515.97000000,964093271.29521000
2025-09-17 22:00:00,4515.97000000,4615.26000000,4484.27000000,4588.31000000,364492155.17346001
2025-09-18 02:00:00,4588.31000000,4642.60000000,4577.70000000,4612.00000000,268595902.51121998
2025-09-18 06:00:00,4612.00000000,4618.00000000,4551.75000000,4573.11000000,223677135.74149999
2025-09-18 10:00:00,4573.11000000,4606.35000000,4566.41000000,4573.99000000,161490436.84426001
2025-09-18 14:00:00,4573.99000000,4623.00000000,4556.17000000,4597.04000000,366931138.28478998
2025-09-18 18:00:00,4597.04000000,4634.84000000,4579.17000000,4586.53000000,288902779.78913999
2025-09-18 22:00:00,4586.53000000,4603.90000000,4568.32000000,4585.31000000,111084948.67263000
2025-09-19 02:00:00,4585.31000000,4619.50000000,4539.92000000,4547.46000000,260989463.59401000
2025-09-19 06:00:00,4547.46000000,4557.06000000,4515.66000000,4536.56000000,318727777.56212997
2025-09-19 10:00:00,4536.56000000,4546.83000000,4505.06000000,4511.46000000,176630248.90410000
2025-09-19 14:00:00,4511.46000000,4542.05000000,4442.60000000,4472.28000000,481648634.79767001
2025-09-19 18:00:00,4472.28000000,4486.78000000,4433.00000000,4439.01000000,208211323.99631000
2025-09-19 22:00:00,4439.01000000,4476.25000000,4436.21000000,4466.48000000,99331056.65726000
2025-09-20 02:00:00,4466.48000000,4473.99000000,4451.62000000,4463.61000000,68277993.50725999
2025-09-20 06:00:00,4463.61000000,4482.20000000,4461.00000000,4480.72000000,78534717.36719000
2025-09-20 10:00:00,4480.72000000,4480.73000000,4453.80000000,4468.00000000,78627938.41949999
2025-09-20 14:00:00,4468.00000000,4505.45000000,4461.29000000,4496.36000000,144060107.24460000
2025-09-20 18:00:00,4496.36000000,4506.75000000,4467.27000000,4477.86000000,132679256.30002999
2025-09-20 22:00:00,4477.86000000,4499.68000000,4475.89000000,4478.27000000,62437777.09167000
2025-09-21 02:00:00,4478.27000000,4487.68000000,4454.45000000,4476.08000000,81696289.38010000
2025-09-21 06:00:00,4476.08000000,4491.00000000,4464.52000000,4475.86000000,67043407.03315000
2025-09-21 10:00:00,4475.86000000,4477.76000000,4440.27000000,4458.26000000,114058899.87145001
2025-09-21 14:00:00,4458.26000000,4484.79000000,4458.01000000,4480.62000000,104881835.91739000
2025-09-21 18:00:00,4480.62000000,4497.10000000,4462.07000000,4492.21000000,135117743.23690000
2025-09-21 22:00:00,4492.21000000,4492.92000000,4440.07000000,4443.01000000,108520293.34006999
2025-09-22 02:00:00,4443.01000000,4454.01000000,4258.19000000,4303.62000000,601335514.00490999
2025-09-22 06:00:00,4303.62000000,4308.77000000,4046.86000000,4191.46000000,664798845.10922003
2025-09-22 10:00:00,4191.46000000,4205.82000000,4135.00000000,4179.53000000,348984074.21079999
2025-09-22 14:00:00,4179.53000000,4217.42000000,4156.35000000,4165.82000000,376541252.81282997
2025-09-22 18:00:00,4165.82000000,4181.17000000,4121.27000000,4132.70000000,255430875.57380000
2025-09-22 22:00:00,4132.70000000,4206.34000000,4132.28000000,4196.87000000,182097237.12819001
2025-09-23 02:00:00,4196.87000000,4209.99000000,4112.45000000,4186.49000000,282520826.42821997
2025-09-23 06:00:00,4186.49000000,4213.66000000,4152.63000000,4203.24000000,182554603.33785999
2025-09-23 10:00:00,4203.24000000,4226.72000000,4175.79000000,4189.77000000,182398388.15777001
2025-09-23 14:00:00,4189.77000000,4209.64000000,4159.68000000,4178.80000000,329696619.15175003
2025-09-23 18:00:00,4178.80000000,4205.67000000,4134.87000000,4151.37000000,332608839.44139999
2025-09-23 22:00:00,4151.37000000,4189.45000000,4137.31000000,4162.24000000,116373238.47746000
2025-09-24 02:00:00,4162.24000000,4193.03000000,4127.05000000,4145.41000000,178774982.87013999
2025-09-24 06:00:00,4145.41000000,4182.72000000,4071.61000000,4173.42000000,325380921.94673002
2025-09-24 10:00:00,4173.42000000,4196.00000000,4162.00000000,4179.96000000,134400956.03204000
2025-09-24 14:00:00,4179.96000000,4205.00000000,4145.04000000,4163.81000000,282913993.24577999
2025-09-24 18:00:00,4163.81000000,4192.05000000,4152.22000000,4158.67000000,195179836.41824999
2025-09-24 22:00:00,4158.67000000,4169.60000000,4127.61000000,4150.51000000,117679862.88589001
2025-09-25 02:00:00,4150.51000000,4158.95000000,4020.00000000,4060.01000000,485425905.42619997
2025-09-25 06:00:00,4060.01000000,4069.13000000,3961.86000000,4006.95000000,459656741.97312999
2025-09-25 10:00:00,4006.95000000,4051.93000000,3989.84000000,4000.94000000,246130618.29434001
2025-09-25 14:00:00,4000.94000000,4021.44000000,3917.10000000,4000.99000000,887406048.45815003
2025-09-25 18:00:00,4000.99000000,4004.77000000,3822.22000000,3910.35000000,795966305.68637002
2025-09-25 22:00:00,3910.35000000,3935.99000000,3848.01000000,3873.09000000,279106360.96120000
2025-09-26 02:00:00,3873.09000000,3970.48000000,3866.00000000,3964.00000000,311222747.87819999
2025-09-26 06:00:00,3964.00000000,3975.23000000,3905.13000000,3936.61000000,266868969.00323999
2025-09-26 10:00:00,3936.61000000,3943.29000000,3870.74000000,3903.89000000,232185591.46147999
2025-09-26 14:00:00,3903.89000000,3984.29000000,3873.41000000,3944.42000000,456264526.34012002
2025-09-26 18:00:00,3944.42000000,4066.53000000,3941.00000000,4021.45000000,399815544.00850999
2025-09-26 22:00:00,4021.45000000,4038.00000000,4002.64000000,4030.17000000,117791836.95479999
2025-09-27 02:00:00,4030.17000000,4031.20000000,4003.79000000,4017.21000000,92613706.49716000
2025-09-27 06:00:00,4017.21000000,4026.39000000,4004.02000000,4005.99000000,60485086.99090000
2025-09-27 10:00:00,4005.99000000,4016.93000000,3971.45000000,4000.86000000,186797906.13097000
2025-09-27 14:00:00,4000.86000000,4038.37000000,3992.96000000,4017.20000000,164870973.53755000
2025-09-27 18:00:00,4017.20000000,4018.27000000,3979.22000000,4000.66000000,162888274.26416001
2025-09-27 22:00:00,4000.66000000,4031.98000000,3998.62000000,4016.80000000,76831952.68735000
2025-09-28 02:00:00,4016.80000000,4030.55000000,3992.09000000,4000.58000000,118007002.00933000
2025-09-28 06:00:00,4000.58000000,4018.50000000,3994.55000000,4013.01000000,76776079.26786000
2025-09-28 10:00:00,4013.01000000,4014.75000000,3982.59000000,3990.73000000,104725689.66937000
2025-09-28 14:00:00,3990.73000000,4027.87000000,3963.73000000,4019.47000000,240306648.56399000
2025-09-28 18:00:00,4019.47000000,4053.27000000,4019.91000000,4037.44000000,152914813.45853999
2025-09-28 22:00:00,4037.44000000,4142.59000000,4033.69000000,4139.54000000,296930645.61862999
2025-09-29 02:00:00,4139.54000000,4143.93000000,4101.31000000,4119.68000000,199417237.94387999
2025-09-29 06:00:00,4119.68000000,4121.99000000,4086.26000000,4106.60000000,162896037.66152999
2025-09-29 10:00:00,4106.60000000,4137.99000000,4091.80000000,4100.88000000,191226923.34130999
2025-09-29 14:00:00,4100.88000000,4202.44000000,4079.98000000,4162.71000000,553050235.40259004
2025-09-29 18:00:00,4162.71000000,4191.77000000,4125.46000000,4185.95000000,234833322.69424999
2025-09-29 22:00:00,4185.95000000,4234.27000000,4179.41000000,4212.98000000,224772135.14735001
2025-09-30 02:00:00,4212.98000000,4242.11000000,4185.26000000,4196.17000000,240843035.58767000
2025-09-30 06:00:00,4196.17000000,4205.89000000,4167.22000000,4180.99000000,164346095.07168999
2025-09-30 10:00:00,4180.99000000,4182.00000000,4132.01000000,4162.79000000,230959147.80976000
2025-09-30 14:00:00,4162.79000000,4173.85000000,4092.74000000,4118.10000000,380840194.79826999
2025-09-30 18:00:00,4118.10000000,4169.56000000,4091.01000000,4158.19000000,242155194.25801000
2025-09-30 22:00:00,4158.19000000,4199.89000000,4114.23000000,4142.99000000,263500562.24608001
2025-10-01 02:00:00,4142.99000000,4172.47000000,4121.06000000,4126.82000000,182971455.79003000
2025-10-01 06:00:00,4126.82000000,4155.29000000,4121.33000000,4144.25000000,131929638.42072999
2025-10-01 10:00:00,4144.25000000,4328.25000000,4141.37000000,4295.88000000,611820059.08404005
2025-10-01 14:00:00,4295.88000000,4342.37000000,4276.88000000,4325.01000000,381543170.16448998
2025-10-01 18:00:00,4325.01000000,4338.00000000,4286.65000000,4332.12000000,309022160.26326001
2025-10-01 22:00:00,4332.12000000,4353.77000000,4284.96000000,4346.05000000,224574234.18189999
2025-10-02 02:00:00,4346.05000000,4397.42000000,4330.03000000,4375.00000000,378954692.94672000
2025-10-02 06:00:00,4375.00000000,4422.19000000,4358.00000000,4373.65000000,295420396.50487000
2025-10-02 10:00:00,4373.65000000,4394.37000000,4366.45000000,4377.24000000,135475564.98168999
2025-10-02 14:00:00,4377.24000000,4441.66000000,4335.02000000,4435.49000000,606114331.44350004
2025-10-02 18:00:00,4435.49000000,4515.71000000,4424.02000000,4493.49000000,480294169.45994997
2025-10-02 22:00:00,4493.49000000,4495.36000000,4455.01000000,4481.70000000,197311769.04409000
2025-10-03 02:00:00,4481.70000000,4558.99000000,4458.96000000,4498.97000000,288233197.24615997
2025-10-03 06:00:00,4498.97000000,4508.74000000,4451.47000000,4460.83000000,257362900.75898999
2025-10-03 10:00:00,4460.83000000,4493.08000000,4426.01000000,4476.20000000,313720192.12765998
2025-10-03 14:00:00,4476.20000000,4540.56000000,4434.34000000,4533.19000000,473010190.76117003
2025-10-03 18:00:00,4533.19000000,4590.73000000,4448.46000000,4517.75000000,757907695.82922995
2025-10-03 22:00:00,4517.75000000,4541.21000000,4491.37000000,4510.94000000,176792505.80136001
2025-10-04 02:00:00,4510.94000000,4515.47000000,4461.49000000,4484.47000000,183788412.08691999
2025-10-04 06:00:00,4484.47000000,4515.80000000,4477.07000000,4496.23000000,144242442.66365999
2025-10-04 10:00:00,4496.23000000,4502.45000000,4478.22000000,4482.43000000,99018305.49833000
2025-10-04 14:00:00,4482.43000000,4510.18000000,4438.81000000,4452.48000000,317850231.07855999
2025-10-04 18:00:00,4452.48000000,4475.04000000,4438.19000000,4465.39000000,132127604.76729999
2025-10-04 22:00:00,4465.39000000,4492.42000000,4465.40000000,4485.00000000,87799834.44095001
2025-10-05 02:00:00,4485.00000000,4574.08000000,4465.05000000,4530.32000000,342110078.12860000
2025-10-05 06:00:00,4530.32000000,4614.02000000,4527.15000000,4604.91000000,340230839.72482997
2025-10-05 10:00:00,4604.91000000,4618.37000000,4521.61000000,4549.08000000,363880699.49422002
2025-10-05 14:00:00,4549.08000000,4549.59000000,4524.89000000,4530.60000000,145601669.36550999
2025-10-05 18:00:00,4530.60000000,4539.53000000,4480.57000000,4485.32000000,264884617.76625001
2025-10-05 22:00:00,4485.32000000,4521.68000000,4471.93000000,4512.34000000,100147433.14938000
2025-10-06 02:00:00,4512.34000000,4551.28000000,4485.74000000,4534.91000000,261595053.92818999
2025-10-06 06:00:00,4534.91000000,4576.46000000,4507.63000000,4531.27000000,229675151.99331999
2025-10-06 10:00:00,4531.27000000,4592.22000000,4530.98000000,4569.53000000,258503925.30709001
2025-10-06 14:00:00,4569.53000000,4692.71000000,4568.00000000,4671.27000000,635084670.45763004
2025-10-06 18:00:00,4671.27000000,4732.11000000,4657.56000000,4720.86000000,352270134.34262002
2025-10-06 22:00:00,4720.86000000,4734.99000000,4670.41000000,4682.42000000,213278867.72261000
2025-10-07 02:00:00,4682.42000000,4697.99000000,4661.60000000,4689.28000000,145596957.51774999
2025-10-07 06:00:00,4689.28000000,4730.67000000,4662.42000000,4676.83000000,274046481.75944000
2025-10-07 10:00:00,4676.83000000,4711.66000000,4637.04000000,4706.44000000,246065847.17210999
2025-10-07 14:00:00,4706.44000000,4754.00000000,4474.70000000,4510.31000000,1155877415.43905997
2025-10-07 18:00:00,4510.31000000,4522.32000000,4444.98000000,4477.19000000,528566830.11418998
2025-10-07 22:00:00,4477.19000000,4514.66000000,4425.93000000,4445.59000000,215322505.07753000
2025-10-08 02:00:00,4445.59000000,4496.80000000,4430.95000000,4441.83000000,233441239.13556999
2025-10-08 06:00:00,4441.83000000,4464.17000000,4408.08000000,4461.08000000,245407368.69367000
2025-10-08 10:00:00,4461.08000000,4504.73000000,4455.70000000,4485.21000000,212732028.99570000
2025-10-08 14:00:00,4485.21000000,4521.88000000,4435.02000000,4445.10000000,417599029.69518000
2025-10-08 18:00:00,4445.10000000,4556.74000000,4436.55000000,4513.00000000,429352329.43607002
2025-10-08 22:00:00,4513.00000000,4537.41000000,4497.30000000,4523.66000000,114394173.53644000
2025-10-09 02:00:00,4523.66000000,4529.15000000,4400.00000000,4448.81000000,294741503.53090000
2025-10-09 06:00:00,4448.81000000,4458.35000000,4408.06000000,4424.43000000,172608644.51388001
2025-10-09 10:00:00,4424.43000000,4425.17000000,4317.35000000,4370.99000000,481927026.89949000
2025-10-09 14:00:00,4370.99000000,4411.12000000,4290.09000000,4313.00000000,660981519.00036001
2025-10-09 18:00:00,4313.00000000,4343.31000000,4263.06000000,4335.21000000,388998768.19650000
2025-10-09 22:00:00,4335.21000000,4380.98000000,4325.30000000,4365.83000000,142280776.72982001
2025-10-10 02:00:00,4365.83000000,4392.00000000,4341.42000000,4345.01000000,216567079.22468001
2025-10-10 06:00:00,4345.01000000,4376.00000000,4312.54000000,4321.06000000,248730369.17107001
2025-10-10 10:00:00,4321.06000000,4349.39000000,4311.00000000,4341.03000000,131123769.68910000
2025-10-10 14:00:00,4341.03000000,4388.43000000,4069.91000000,4100.48000000,954213121.19570994
2025-10-10 18:00:00,4100.48000000,4135.72000000,3948.70000000,3994.69000000,792054293.62995005
2025-10-10 22:00:00,3994.69000000,4022.18000000,3461.43000000,3820.00000000,1594048908.15387988
2025-10-11 02:00:00,3820.00000000,3874.28000000,3724.84000000,3789.56000000,393071288.40609998
2025-10-11 06:00:00,3789.56000000,3830.01000000,3731.38000000,3757.64000000,282952776.67151999
2025-10-11 10:00:00,3757.64000000,3855.99000000,3746.62000000,3838.72000000,258180850.60988000
2025-10-11 14:00:00,3838.72000000,3853.43000000,3784.24000000,3822.59000000,208072690.41714001
2025-10-11 18:00:00,3822.59000000,3845.98000000,3728.70000000,3758.05000000,212820197.92431000
2025-10-11 22:00:00,3758.05000000,3764.67000000,3640.20000000,3744.54000000,309473228.98029000
2025-10-12 02:00:00,3744.54000000,3817.81000000,3692.97000000,3780.04000000,273856866.60561001
2025-10-12 06:00:00,3780.04000000,3842.18000000,3774.08000000,3825.26000000,211463315.49388999
2025-10-12 10:00:00,3825.26000000,3864.72000000,3803.23000000,3818.14000000,276563408.66214001
2025-10-12 14:00:00,3818.14000000,4077.96000000,3791.79000000,4032.37000000,843587118.44187999
2025-10-12 18:00:00,4032.37000000,4169.91000000,4032.37000000,4133.12000000,572536631.69598997
2025-10-12 22:00:00,4133.12000000,4195.89000000,4078.46000000,4149.99000000,372145120.42909002
2025-10-13 02:00:00,4149.99000000,4218.14000000,4121.53000000,4138.64000000,339760923.39221001
2025-10-13 06:00:00,4138.64000000,4196.51000000,4113.95000000,4176.28000000,267091172.07843000
2025-10-13 10:00:00,4176.28000000,4193.99000000,4042.22000000,4078.35000000,396795603.86712998
2025-10-13 14:00:00,4078.35000000,4179.74000000,4054.28000000,4133.44000000,695139310.17556000
2025-10-13 18:00:00,4133.44000000,4269.65000000,4126.92000000,4249.57000000,492692801.06432998
2025-10-13 22:00:00,4249.57000000,4290.82000000,4234.03000000,4239.69000000,232426903.31654000
2025-10-14 02:00:00,4239.69000000,4262.00000000,4135.15000000,4151.29000000,306816248.71003002
2025-10-14 06:00:00,4151.29000000,4158.44000000,3964.55000000,3979.29000000,639155367.06399000
2025-10-14 10:00:00,3979.29000000,4013.40000000,3887.17000000,3970.11000000,557946441.71858001
2025-10-14 14:00:00,3970.11000000,4086.69000000,3894.18000000,4083.04000000,619675155.72430003
2025-10-14 18:00:00,4083.04000000,4162.51000000,4046.41000000,4100.67000000,631106808.25439000
2025-10-14 22:00:00,4100.67000000,4142.90000000,4071.18000000,4123.05000000,149445997.96781999
2025-10-15 02:00:00,4123.05000000,4144.05000000,4059.17000000,4079.51000000,240416435.75485000
2025-10-15 06:00:00,4079.51000000,4128.00000000,4069.64000000,4120.01000000,201092319.11052001
2025-10-15 10:00:00,4120.01000000,4214.71000000,4085.05000000,4098.56000000,360817088.22983998
2025-10-15 14:00:00,4098.56000000,4105.90000000,3957.48000000,3978.95000000,625896631.84514999
2025-10-15 18:00:00,3978.95000000,4011.56000000,3927.39000000,3981.27000000,370369000.09723002
2025-10-15 22:00:00,3981.27000000,3994.79000000,3925.01000000,3983.81000000,225716331.93138000
2025-10-16 02:00:00,3983.81000000,4034.65000000,3973.76000000,4012.93000000,168170861.11941001
2025-10-16 06:00:00,4012.93000000,4048.56000000,3977.17000000,4002.07000000,225938636.89030999
2025-10-16 10:00:00,4002.07000000,4077.43000000,3937.96000000,4060.75000000,345750561.70187998
2025-10-16 14:00:00,4060.75000000,4083.99000000,3890.01000000,3905.03000000,552728480.82301998
2025-10-16 18:00:00,3905.03000000,3966.00000000,3849.95000000,3865.87000000,618067001.37335002
2025-10-16 22:00:00,3865.87000000,3896.12000000,3823.49000000,3892.02000000,215449270.23387000
2025-10-17 02:00:00,3892.02000000,3948.06000000,3886.27000000,3931.44000000,183223337.42179000
2025-10-17 06:00:00,3931.44000000,3934.85000000,3751.17000000,3754.55000000,451870557.45725000
2025-10-17 10:00:00,3754.55000000,3815.89000000,3672.43000000,3776.29000000,668682787.41173005
2025-10-17 14:00:00,3776.29000000,3809.46000000,3713.13000000,3796.03000000,564741944.90335000
2025-10-17 18:00:00,3796.03000000,3848.88000000,3777.47000000,3826.15000000,339635049.02477998
2025-10-17 22:00:00,3826.15000000,3881.79000000,3816.80000000,3829.99000000,139280379.21751001
2025-10-18 02:00:00,3829.99000000,3880.23000000,3817.21000000,3868.99000000,132805962.39834000
2025-10-18 06:00:00,3868.99000000,3926.00000000,3839.31000000,3890.46000000,176863382.15400001
2025-10-18 10:00:00,3890.46000000,3903.64000000,3860.15000000,3880.77000000,127407296.14803000
2025-10-18 14:00:00,3880.77000000,3892.27000000,3847.35000000,3875.99000000,140090479.61901999
2025-10-18 18:00:00,3875.99000000,3897.47000000,3851.95000000,3891.60000000,102496238.72552000
2025-10-18 22:00:00,3891.60000000,3907.62000000,3867.32000000,3887.01000000,65823732.75453000
2025-10-19 02:00:00,3887.01000000,3905.72000000,3853.54000000,3904.71000000,139115012.07655001
2025-10-19 06:00:00,3904.71000000,3919.47000000,3871.62000000,3886.71000000,145291288.91240999
2025-10-19 10:00:00,3886.71000000,3957.56000000,3818.26000000,3922.21000000,482431437.68919998
2025-10-19 14:00:00,3922.21000000,4001.00000000,3906.77000000,3977.55000000,278294594.43586999
2025-10-19 18:00:00,3977.55000000,4026.31000000,3957.36000000,3984.62000000,202276925.02164000
2025-10-19 22:00:00,3984.62000000,4029.22000000,3968.21000000,3980.60000000,287138373.65556002
2025-10-20 02:00:00,3980.60000000,4038.82000000,3907.00000000,4025.88000000,280077758.76962000
2025-10-20 06:00:00,4025.88000000,4083.44000000,4021.42000000,4053.35000000,274952180.61062002
2025-10-20 10:00:00,4053.35000000,4069.71000000,4010.58000000,4032.82000000,227093442.62628999
2025-10-20 14:00:00,4032.82000000,4048.66000000,4001.36000000,4002.84000000,257738032.21985000
2025-10-20 18:00:00,4002.84000000,4002.74000000,3920.31000000,3979.35000000,390516171.34526998
2025-10-20 22:00:00,3979.35000000,4001.75000000,3968.88000000,3977.54000000,123493405.10550000
2025-10-21 02:00:00,3977.54000000,3984.68000000,3917.83000000,3921.42000000,191243273.59593999
2025-10-21 06:00:00,3921.42000000,3921.41000000,3838.39000000,3890.53000000,301345644.56734002
2025-10-21 10:00:00,3890.53000000,3896.00000000,3850.03000000,3888.34000000,171831905.31601000
2025-10-21 14:00:00,3888.34000000,4083.78000000,3850.23000000,4080.39000000,735428400.57757998
2025-10-21 18:00:00,4080.39000000,4109.19000000,3963.29000000,3993.90000000,663730231.04279995
2025-10-21 22:00:00,3993.90000000,3999.31000000,3855.55000000,3871.12000000,305501584.62914997
2025-10-22 02:00:00,3871.12000000,3887.52000000,3818.48000000,3858.24000000,270106203.81048000
2025-10-22 06:00:00,3858.24000000,3882.92000000,3836.00000000,3866.87000000,170058419.71463001
2025-10-22 10:00:00,3866.87000000,3867.47000000,3770.17000000,3827.04000000,298434197.96908998
2025-10-22 14:00:00,3827.04000000,3875.56000000,3778.00000000,3839.72000000,521511858.46015000
2025-10-22 18:00:00,3839.72000000,3859.59000000,3781.74000000,3802.11000000,268294118.68965000
2025-10-22 22:00:00,3802.11000000,3815.58000000,3707.98000000,3803.70000000,269637702.19142997
2025-10-23 02:00:00,3803.70000000,3834.90000000,3794.89000000,3825.18000000,140863168.40577000
2025-10-23 06:00:00,3825.18000000,3895.96000000,3820.52000000,3879.75000000,204241555.81444001
2025-10-23 10:00:00,3879.75000000,3903.91000000,3858.20000000,3861.86000000,206324097.59764001
2025-10-23 14:00:00,3861.86000000,3885.00000000,3806.91000000,3874.88000000,411452788.30488998
2025-10-23 18:00:00,3874.88000000,3933.37000000,3842.87000000,3857.92000000,357778899.86925000
2025-10-23 22:00:00,3857.92000000,3858.47000000,3816.99000000,3855.22000000,139406452.30039999
2025-10-24 02:00:00,3855.22000000,3894.43000000,3844.10000000,3889.43000000,119888597.81193000
2025-10-24 06:00:00,3889.43000000,3987.75000000,3884.32000000,3947.65000000,351981404.87976998
2025-10-24 10:00:00,3947.65000000,3967.42000000,3924.01000000,3944.99000000,177529112.49862000
2025-10-24 14:00:00,3944.99000000,4025.47000000,3870.00000000,3887.10000000,499463368.34557003
2025-10-24 18:00:00,3887.10000000,3936.88000000,3864.28000000,3924.66000000,274769699.71184999
2025-10-24 22:00:00,3924.66000000,3943.81000000,3922.07000000,3933.19000000,121110862.76326001
2025-10-25 02:00:00,3933.19000000,3937.87000000,3910.53000000,3919.42000000,113195568.13913000
2025-10-25 06:00:00,3919.42000000,3957.51000000,3918.37000000,3927.29000000,96979391.15899999
2025-10-25 10:00:00,3927.29000000,3954.99000000,3926.00000000,3938.66000000,94987766.87484001
2025-10-25 14:00:00,3938.66000000,3954.81000000,3922.83000000,3931.48000000,102167313.35987000
2025-10-25 18:00:00,3931.48000000,3968.33000000,3926.60000000,3956.05000000,99038891.47301000
2025-10-25 22:00:00,3956.05000000,3963.47000000,3934.93000000,3952.24000000,56928945.47553000
2025-10-26 02:00:00,3952.24000000,3959.99000000,3915.82000000,3929.96000000,85439847.25912000
2025-10-26 05:00:00,3929.96000000,3954.96000000,3927.02000000,3949.72000000,50787684.77204000
2025-10-26 09:00:00,3949.72000000,4053.89000000,3948.85000000,4043.00000000,330519220.64441001
2025-10-26 13:00:00,4043.00000000,4097.71000000,4039.00000000,4073.45000000,312288663.78597999
2025-10-26 17:00:00,4073.45000000,4079.09000000,4044.03000000,4066.58000000,115491619.44510999
2025-10-26 21:00:00,4066.58000000,4178.45000000,4053.21000000,4156.07000000,263130415.24844000
2025-10-27 01:00:00,4156.07000000,4224.70000000,4146.81000000,4203.22000000,255692264.11774999
2025-10-27 05:00:00,4203.22000000,4252.30000000,4193.03000000,4199.99000000,333546425.57634002
2025-10-27 09:00:00,4199.99000000,4200.42000000,4130.11000000,4160.00000000,339331660.85595000
2025-10-27 13:00:00,4160.00000000,4186.42000000,4122.81000000,4171.25000000,339300743.54933000
2025-10-27 17:00:00,4171.25000000,4231.64000000,4171.24000000,4192.41000000,285472167.89363003
2025-10-27 21:00:00,4192.41000000,4194.07000000,4093.31000000,4118.46000000,262050151.62983000
2025-10-28 01:00:00,4118.46000000,4139.85000000,4067.14000000,4092.48000000,248334857.28972000
2025-10-28 05:00:00,4092.48000000,4125.51000000,4064.48000000,4115.35000000,182129372.90959001
2025-10-28 09:00:00,4115.35000000,4134.46000000,4102.68000000,4110.12000000,143571822.73462000
2025-10-28 13:00:00,4110.12000000,4174.00000000,4069.48000000,4095.36000000,506270678.77699000
2025-10-28 17:00:00,4095.36000000,4149.87000000,4024.47000000,4037.46000000,340412037.56677997
2025-10-28 21:00:00,4037.46000000,4040.00000000,3929.22000000,3977.57000000,350382437.93471998
2025-10-29 01:00:00,3977.57000000,4003.00000000,3963.00000000,3996.01000000,79587515.74602000
2025-10-29 05:00:00,3996.01000000,4034.97000000,3994.49000000,4022.83000000,138499572.26517999
2025-10-29 09:00:00,4022.83000000,4024.83000000,3982.18000000,4009.13000000,171869947.12718001
2025-10-29 13:00:00,4009.13000000,4027.99000000,3939.42000000,3950.24000000,320385425.58187997
2025-10-29 17:00:00,3950.24000000,4016.88000000,3837.00000000,3903.15000000,819225660.55860996
2025-10-29 21:00:00,3903.15000000,3962.30000000,3871.38000000,3900.38000000,289679450.45696002
2025-10-30 01:00:00,3900.38000000,3947.00000000,3883.08000000,3932.54000000,160850232.01543000
2025-10-30 05:00:00,3932.54000000,3942.99000000,3837.50000000,3938.19000000,372513099.10936999
2025-10-30 09:00:00,3938.19000000,3938.41000000,3875.73000000,3879.51000000,299576907.19812000
2025-10-30 13:00:00,3879.51000000,3883.19000000,3755.81000000,3771.61000000,764242782.96656001
2025-10-30 17:00:00,3771.61000000,3800.22000000,3677.86000000,3686.42000000,671501176.07336998
2025-10-30 21:00:00,3686.42000000,3804.99000000,3678.33000000,3802.31000000,339406271.65213001
2025-10-31 01:00:00,3802.31000000,3859.06000000,3794.13000000,3827.60000000,416844824.41145003
2025-10-31 05:00:00,3827.60000000,3871.99000000,3819.09000000,3829.44000000,249446972.90823001
2025-10-31 09:00:00,3829.44000000,3881.24000000,3816.54000000,3872.15000000,198370226.28250000
2025-10-31 13:00:00,3872.15000000,3885.52000000,3829.99000000,3858.59000000,421031772.65075999
2025-10-31 17:00:00,3858.59000000,3904.83000000,3802.90000000,3884.91000000,429747291.30735999
2025-10-31 21:00:00,3884.91000000,3891.87000000,3838.74000000,3846.42000000,168803930.69890001
2025-11-01 01:00:00,3846.42000000,3862.88000000,3828.84000000,3859.99000000,113450389.64010000
2025-11-01 05:00:00,3859.99000000,3867.67000000,3851.33000000,3859.21000000,99369730.19248000
2025-11-01 09:00:00,3859.21000000,3881.76000000,3859.01000000,3876.07000000,80540574.19271000
2025-11-01 13:00:00,3876.07000000,3901.10000000,3855.97000000,3893.02000000,158933313.56376001
2025-11-01 17:00:00,3893.02000000,3907.42000000,3860.67000000,3878.34000000,186766137.08083001
2025-11-01 21:00:00,3878.34000000,3890.50000000,3862.44000000,3872.13000000,85408097.32502000
2025-11-02 01:00:00,3872.13000000,3885.83000000,3860.01000000,3879.25000000,45562741.59570000
2025-11-02 05:00:00,3879.25000000,3916.35000000,3874.08000000,3904.57000000,104143236.02106000
2025-11-02 09:00:00,3904.57000000,3909.33000000,3851.55000000,3888.92000000,170038201.55695000
2025-11-02 13:00:00,3888.92000000,3892.98000000,3837.35000000,3851.64000000,206085827.18382999
2025-11-02 17:00:00,3851.64000000,3865.46000000,3838.39000000,3854.37000000,78007503.68023001
2025-11-02 21:00:00,3854.37000000,3914.99000000,3842.42000000,3904.79000000,151007524.97997001
2025-11-03 01:00:00,3904.79000000,3913.34000000,3726.06000000,3734.73000000,408828950.68924999
2025-11-03 05:00:00,3734.73000000,3763.75000000,3682.00000000,3713.09000000,332015350.66834003
2025-11-03 09:00:00,3713.09000000,3739.03000000,3659.48000000,3710.00000000,287511169.30251998
2025-11-03 13:00:00,3710.00000000,3747.36000000,3580.01000000,3587.37000000,625872684.69860005
2025-11-03 17:00:00,3587.37000000,3680.88000000,3562.33000000,3629.61000000,530148515.42214000
2025-11-03 21:00:00,3629.61000000,3635.00000000,3556.01000000,3602.16000000,485528347.08340001
2025-11-04 01:00:00,3602.16000000,3653.65000000,3565.95000000,3640.91000000,354036321.63845998
2025-11-04 05:00:00,3640.91000000,3646.55000000,3471.41000000,3492.78000000,495965669.54014999
2025-11-04 09:00:00,3492.78000000,3532.44000000,3460.00000000,3527.79000000,330213012.11517000
2025-11-04 13:00:00,3527.79000000,3586.12000000,3472.01000000,3505.72000000,609729575.76329005
2025-11-04 17:00:00,3505.72000000,3518.95000000,3225.00000000,3229.83000000,908625691.43687999
2025-11-04 21:00:00,3229.83000000,3305.01000000,3055.32000000,3285.28000000,786182261.61540997
2025-11-05 01:00:00,3285.28000000,3347.75000000,3165.50000000,3333.45000000,538704680.57672000
2025-11-05 05:00:00,3333.45000000,3352.43000000,3302.14000000,3329.09000000,354469810.43096000
2025-11-05 09:00:00,3329.09000000,3329.19000000,3272.89000000,3320.61000000,265487160.15443999
2025-11-05 13:00:00,3320.61000000,3397.66000000,3311.26000000,3396.32000000,639051791.55941999
2025-11-05 17:00:00,3396.32000000,3478.50000000,3368.84000000,3453.32000000,527321868.53123999
2025-11-05 21:00:00,3453.32000000,3478.99000000,3413.88000000,3423.29000000,161141038.08925000
2025-11-06 01:00:00,3423.29000000,3449.37000000,3373.70000000,3431.34000000,212871833.88615999
2025-11-06 05:00:00,3431.34000000,3454.88000000,3361.94000000,3378.99000000,226296618.32473001
2025-11-06 09:00:00,3378.99000000,3413.25000000,3365.31000000,3397.93000000,174616972.16396001
2025-11-06 13:00:00,3397.93000000,3403.94000000,3277.20000000,3300.01000000,694912759.71177995
2025-11-06 17:00:00,3300.01000000,3351.37000000,3244.99000000,3324.25000000,670359467.88926995
2025-11-06 21:00:00,3324.25000000,3335.43000000,3285.97000000,3313.69000000,193326570.47216001
2025-11-07 01:00:00,3313.69000000,3364.00000000,3274.31000000,3343.67000000,359291531.89709002
2025-11-07 05:00:00,3343.67000000,3368.65000000,3318.15000000,3356.32000000,244479026.18476999
2025-11-07 09:00:00,3356.32000000,3359.29000000,3224.06000000,3258.23000000,289010143.04637003
2025-11-07 13:00:00,3258.23000000,3317.09000000,3192.88000000,3295.99000000,510888182.24575001
2025-11-07 17:00:00,3295.99000000,3448.99000000,3271.14000000,3441.94000000,652888004.03179002
2025-11-07 21:00:00,3441.94000000,3471.89000000,3428.36000000,3434.37000000,167046622.23969999
2025-11-08 01:00:00,3434.37000000,3465.77000000,3406.42000000,3452.48000000,223910611.53740999
2025-11-08 05:00:00,3452.48000000,3486.78000000,3417.24000000,3446.41000000,226346507.39065999
2025-11-08 09:00:00,3446.41000000,3468.20000000,3405.05000000,3411.46000000,139401027.49710000
2025-11-08 13:00:00,3411.46000000,3416.74000000,3368.82000000,3375.42000000,195224260.31123000
2025-11-08 17:00:00,3375.42000000,3406.22000000,3354.36000000,3387.83000000,160226199.97957000
2025-11-08 21:00:00,3387.83000000,3413.73000000,3378.97000000,3400.08000000,59938336.60559000
2025-11-09 01:00:00,3400.08000000,3402.99000000,3357.13000000,3374.82000000,110870255.35371999
2025-11-09 05:00:00,3374.82000000,3425.21000000,3368.54000000,3421.06000000,109088970.31524999
2025-11-09 09:00:00,3421.06000000,3433.81000000,3380.71000000,3426.99000000,148929233.32701001
2025-11-09 13:00:00,3426.99000000,3562.90000000,3423.22000000,3513.54000000,402427925.08572000
2025-11-09 17:00:00,3513.54000000,3578.17000000,3499.98000000,3578.16000000,328936534.42403001
2025-11-09 21:00:00,3578.16000000,3622.45000000,3560.08000000,3581.32000000,464373026.84119999
2025-11-10 01:00:00,3581.32000000,3657.85000000,3550.18000000,3626.44000000,577999971.93079996
2025-11-10 05:00:00,3626.44000000,3630.54000000,3587.79000000,3607.51000000,187396046.50211000
2025-11-10 09:00:00,3607.51000000,3630.32000000,3585.40000000,3608.90000000,177807792.90810999
2025-11-10 13:00:00,3608.90000000,3620.71000000,3506.86000000,3517.67000000,428203484.55255997
2025-11-10 17:00:00,3517.67000000,3574.75000000,3505.61000000,3556.83000000,242282825.41804999
2025-11-10 21:00:00,3556.83000000,3582.69000000,3527.14000000,3566.38000000,182765028.89455000
2025-11-11 01:00:00,3566.38000000,3647.53000000,3551.27000000,3604.27000000,329812370.95428002
2025-11-11 05:00:00,3604.27000000,3608.44000000,3528.86000000,3542.83000000,209083660.49439999
2025-11-11 09:00:00,3542.83000000,3585.25000000,3541.72000000,3572.39000000,191295565.52537000
2025-11-11 13:00:00,3572.39000000,3592.09000000,3466.01000000,3479.62000000,567087249.05718005
2025-11-11 17:00:00,3479.62000000,3499.00000000,3444.04000000,3455.65000000,436151159.92334002
2025-11-11 21:00:00,3455.65000000,3460.66000000,3403.32000000,3416.15000000,245041230.34687001
2025-11-12 01:00:00,3416.15000000,3454.48000000,3408.14000000,3437.63000000,516383493.04395002
2025-11-12 05:00:00,3437.63000000,3455.92000000,3422.48000000,3426.52000000,96328414.89359000
2025-11-12 09:00:00,3426.52000000,3569.12000000,3426.51000000,3548.35000000,385385952.06383002
2025-11-12 13:00:00,3548.35000000,3587.24000000,3416.87000000,3426.34000000,546257860.60198998
2025-11-12 17:00:00,3426.34000000,3453.99000000,3370.00000000,3406.58000000,440022759.03784001
2025-11-12 21:00:00,3406.58000000,3438.82000000,3390.47000000,3413.44000000,131114681.23958001
2025-11-13 01:00:00,3413.44000000,3472.17000000,3375.53000000,3451.28000000,664542176.39857996
2025-11-13 05:00:00,3451.28000000,3564.83000000,3432.32000000,3537.24000000,356950710.96935999
2025-11-13 09:00:00,3537.24000000,3548.99000000,3476.90000000,3499.97000000,302118014.78118002
2025-11-13 13:00:00,3499.97000000,3509.78000000,3365.07000000,3385.60000000,559747710.88676000
2025-11-13 17:00:00,3385.60000000,3397.45000000,3174.14000000,3195.99000000,1046312603.73688996
2025-11-13 21:00:00,3195.99000000,3270.37000000,3152.92000000,3230.09000000,679404420.65980005
2025-11-14 01:00:00,3230.09000000,3249.99000000,3184.43000000,3226.49000000,288733399.08604997
2025-11-14 05:00:00,3226.49000000,3239.44000000,3105.00000000,3213.96000000,522369303.39674002
2025-11-14 09:00:00,3213.96000000,3217.79000000,3115.07000000,3142.93000000,330829972.90744001
2025-11-14 13:00:00,3142.93000000,3232.96000000,3068.14000000,3195.73000000,726518059.91184998
2025-11-14 17:00:00,3195.73000000,3255.87000000,3153.31000000,3206.36000000,384864000.07132000
2025-11-14 21:00:00,3206.36000000,3212.03000000,3088.01000000,3111.21000000,231155384.89881000
2025-11-15 01:00:00,3111.21000000,3192.79000000,3109.16000000,3177.88000000,154331703.56444001
2025-11-15 05:00:00,3177.88000000,3190.88000000,3158.00000000,3174.99000000,87792853.97854000
2025-11-15 09:00:00,3174.99000000,3176.60000000,3133.22000000,3151.22000000,133727825.42031001
2025-11-15 13:00:00,3151.22000000,3196.19000000,3146.00000000,3184.49000000,118678341.55940001
2025-11-15 17:00:00,3184.49000000,3230.48000000,3162.09000000,3196.69000000,248119336.10648000
2025-11-15 21:00:00,3196.69000000,3199.54000000,3151.27000000,3166.55000000,190863032.02495000
2025-11-16 01:00:00,3166.55000000,3210.03000000,3130.02000000,3201.56000000,453206521.87821001
2025-11-16 05:00:00,3201.56000000,3219.75000000,3185.81000000,3218.21000000,329422656.73774999
2025-11-16 09:00:00,3218.21000000,3248.45000000,3158.35000000,3167.17000000,249914936.00047001
2025-11-16 13:00:00,3167.17000000,3181.21000000,3096.53000000,3103.51000000,299034671.87554997
2025-11-16 17:00:00,3103.51000000,3127.21000000,3025.00000000,3090.08000000,511595123.86787999
2025-11-16 21:00:00,3090.08000000,3116.24000000,3001.48000000,3094.28000000,461318747.79508001
2025-11-17 01:00:00,3094.28000000,3179.38000000,3067.93000000,3175.62000000,565468490.49810004
2025-11-17 05:00:00,3175.62000000,3206.97000000,3165.31000000,3197.29000000,264158458.38642001
2025-11-17 09:00:00,3197.29000000,3221.59000000,3178.22000000,3202.56000000,153604129.21224001
2025-11-17 13:00:00,3202.56000000,3210.02000000,3093.44000000,3119.33000000,570405280.81111002
2025-11-17 17:00:00,3119.33000000,3142.01000000,2971.30000000,2980.84000000,697307075.12665999
2025-11-17 21:00:00,2980.84000000,3030.74000000,2958.23000000,3030.07000000,490121776.54380000
2025-11-18 01:00:00,3030.07000000,3049.28000000,2943.29000000,3023.18000000,631849891.87557995
2025-11-18 05:00:00,3023.18000000,3033.31000000,2957.03000000,3022.87000000,509205637.63327003
2025-11-18 09:00:00,3022.87000000,3072.90000000,3022.80000000,3056.14000000,245002656.68678999
2025-11-18 13:00:00,3056.14000000,3123.16000000,3020.46000000,3105.02000000,680339955.53892004
2025-11-18 17:00:00,3105.02000000,3169.18000000,3097.88000000,3144.63000000,409255410.25712001
2025-11-18 21:00:00,3144.63000000,3149.45000000,3096.00000000,3122.21000000,254937112.57705000
2025-11-19 01:00:00,3122.21000000,3124.60000000,3068.32000000,3072.11000000,274624694.81799001
2025-11-19 05:00:00,3072.11000000,3086.51000000,2990.50000000,3083.90000000,307536472.39995003
2025-11-19 09:00:00,3083.90000000,3111.42000000,3053.53000000,3082.32000000,220998733.44027001
2025-11-19 13:00:00,3082.32000000,3107.27000000,2966.00000000,2971.58000000,493001094.62774998
2025-11-19 17:00:00,2971.58000000,2985.53000000,2873.01000000,2880.79000000,518139734.62914002
2025-11-19 21:00:00,2880.79000000,3026.53000000,2873.65000000,3023.98000000,348393333.19954002
2025-11-20 01:00:00,3023.98000000,3056.99000000,3003.42000000,3037.83000000,208868861.69870001
2025-11-20 05:00:00,3037.83000000,3062.54000000,3005.73000000,3038.09000000,221342101.92089999
2025-11-20 09:00:00,3038.09000000,3043.68000000,2992.69000000,3022.13000000,235207300.97573000
2025-11-20 13:00:00,3022.13000000,3048.06000000,2951.20000000,2954.53000000,693577370.18280005
2025-11-20 17:00:00,2954.53000000,2960.11000000,2788.69000000,2846.51000000,777835360.71328998
2025-11-20 21:00:00,2846.51000000,2904.45000000,2818.21000000,2833.00000000,389988049.79237002
2025-11-21 01:00:00,2833.00000000,2885.84000000,2769.22000000,2807.77000000,302074660.78815001
2025-11-21 05:00:00,2807.77000000,2831.84000000,2646.13000000,2718.67000000,438738618.25326997
2025-11-21 09:00:00,2718.67000000,2753.17000000,2661.92000000,2687.44000000,374121905.93439001
2025-11-21 13:00:00,2687.44000000,2779.49000000,2620.98000000,2703.70000000,644135282.56575000
2025-11-21 17:00:00,2703.70000000,2805.86000000,2673.59000000,2750.63000000,520977043.30691999
2025-11-21 21:00:00,2750.63000000,2774.86000000,2706.98000000,2764.69000000,163413154.59775999
2025-11-22 01:00:00,2764.69000000,2783.15000000,2737.70000000,2751.16000000,159518310.41062999
2025-11-22 05:00:00,2751.16000000,2769.80000000,2725.24000000,2755.13000000,166251754.69136000
2025-11-22 09:00:00,2755.13000000,2755.36000000,2702.87000000,2734.01000000,189337469.05344999
2025-11-22 13:00:00,2734.01000000,2753.71000000,2709.27000000,2737.62000000,153619809.14199999
2025-11-22 17:00:00,2737.62000000,2757.95000000,2733.91000000,2749.26000000,71660820.65832999
2025-11-22 21:00:00,2749.26000000,2798.00000000,2732.34000000,2769.07000000,94703643.58778000
2025-11-23 01:00:00,2769.07000000,2832.72000000,2766.87000000,2823.01000000,241854705.85688001
2025-11-23 05:00:00,2823.01000000,2850.81000000,2775.07000000,2792.17000000,274712813.27397001
2025-11-23 09:00:00,2792.17000000,2822.16000000,2792.02000000,2814.42000000,114133360.57755999
2025-11-23 13:00:00,2814.42000000,2857.03000000,2808.63000000,2835.01000000,199379821.80965999
2025-11-23 17:00:00,2835.01000000,2845.28000000,2785.27000000,2821.52000000,170992214.89060000
2025-11-23 21:00:00,2821.52000000,2843.82000000,2793.61000000,2800.73000000,101161377.65515999
2025-11-24 01:00:00,2800.73000000,2865.90000000,2761.39000000,2855.34000000,249660684.63602999
2025-11-24 05:00:00,2855.34000000,2884.87000000,2801.42000000,2828.77000000,549295266.95166004
2025-11-24 09:00:00,2828.77000000,2841.13000000,2786.37000000,2802.07000000,336627531.20340002
2025-11-24 13:00:00,2802.07000000,2859.32000000,2783.21000000,2845.16000000,693395972.28246999
2025-11-24 17:00:00,2845.16000000,2977.71000000,2841.27000000,2957.81000000,550108007.35023999
2025-11-24 21:00:00,2957.81000000,2986.84000000,2947.28000000,2952.18000000,149139744.01447001
2025-11-25 01:00:00,2952.18000000,2952.19000000,2902.93000000,2910.29000000,260442468.60236001
2025-11-25 05:00:00,2910.29000000,2941.39000000,2900.68000000,2901.56000000,247059887.48756000
2025-11-25 09:00:00,2901.56000000,2907.67000000,2864.00000000,2889.53000000,416207451.17089999
2025-11-25 13:00:00,2889.53000000,2932.80000000,2855.21000000,2894.18000000,599603359.04553998
2025-11-25 17:00:00,2894.18000000,2956.99000000,2870.51000000,2921.33000000,521177791.05451000
2025-11-25 21:00:00,2921.33000000,2979.39000000,2905.74000000,2958.24000000,430821348.12760001
2025-11-26 01:00:00,2958.24000000,2983.07000000,2920.34000000,2925.53000000,220104650.90842000
2025-11-26 05:00:00,2925.53000000,2953.16000000,2919.25000000,2943.05000000,114011650.90279999
2025-11-26 09:00:00,2943.05000000,2947.17000000,2900.95000000,2912.81000000,188146326.59518999
2025-11-26 13:00:00,2912.81000000,2946.00000000,2887.31000000,2926.62000000,451287923.94989997
2025-11-26 17:00:00,2926.62000000,3043.32000000,2924.81000000,3031.08000000,529516809.13554001
2025-11-26 21:00:00,3031.08000000,3034.50000000,3006.67000000,3025.04000000,264345617.25277999
2025-11-27 01:00:00,3025.04000000,3069.73000000,3004.53000000,3032.31000000,227604802.68188000
2025-11-27 05:00:00,3032.31000000,3052.73000000,3015.95000000,3032.15000000,154961428.57907999
2025-11-27 09:00:00,3032.15000000,3043.46000000,3016.15000000,3026.75000000,187931906.80533001
2025-11-27 13:00:00,3026.75000000,3028.81000000,2984.59000000,3009.68000000,249188658.46549001
2025-11-27 17:00:00,3009.68000000,3037.99000000,3002.71000000,3030.48000000,216651842.73012999
2025-11-27 21:00:00,3030.48000000,3043.04000000,3002.32000000,3013.89000000,98504318.40324000
2025-11-28 01:00:00,3013.89000000,3023.15000000,2992.61000000,3007.19000000,142201295.86965001
2025-11-28 05:00:00,3007.19000000,3028.11000000,2998.60000000,3000.15000000,231394579.63589001
2025-11-28 09:00:00,3000.15000000,3076.94000000,2999.70000000,3032.45000000,371706842.57556999
2025-11-28 13:00:00,3032.45000000,3097.49000000,3024.35000000,3071.78000000,439686888.42523998
2025-11-28 17:00:00,3071.78000000,3072.53000000,3009.75000000,3048.49000000,471833757.57953000
2025-11-28 21:00:00,3048.49000000,3058.37000000,3019.26000000,3029.81000000,160965833.76328000
2025-11-29 01:00:00,3029.81000000,3051.22000000,3016.32000000,3021.51000000,92963604.10796000
2025-11-29 05:00:00,3021.51000000,3043.83000000,2989.81000000,3003.22000000,144360800.43096000
2025-11-29 09:00:00,3003.22000000,3009.85000000,2985.04000000,2998.45000000,95730552.56746000
2025-11-29 13:00:00,2998.45000000,3013.30000000,2985.40000000,3006.00000000,105995861.86138000
2025-11-29 17:00:00,3006.00000000,3010.34000000,2961.11000000,2987.56000000,245919428.43652999
2025-11-29 21:00:00,2987.56000000,2997.87000000,2981.55000000,2987.96000000,49655522.99825000
2025-11-30 01:00:00,2987.96000000,3011.00000000,2974.00000000,3000.42000000,92248523.53424001
2025-11-30 05:00:00,3000.42000000,3007.51000000,2984.20000000,3003.53000000,62859159.14658000
2025-11-30 09:00:00,3003.53000000,3017.67000000,2998.10000000,3001.77000000,90556010.91484000
2025-11-30 13:00:00,3001.77000000,3052.00000000,2998.38000000,3027.72000000,200327163.77563000
2025-11-30 17:00:00,3027.72000000,3048.46000000,3027.05000000,3033.44000000,94643026.03960000
2025-11-30 21:00:00,3033.44000000,3040.00000000,2988.28000000,2990.16000000,112860773.15369000
2025-12-01 01:00:00,2990.16000000,2998.52000000,2812.49000000,2824.95000000,493887396.07859999
2025-12-01 05:00:00,2824.95000000,2842.41000000,2805.86000000,2838.44000000,162356599.17756000
2025-12-01 09:00:00,2838.44000000,2851.48000000,2827.09000000,2836.47000000,134057469.98999000
2025-12-01 13:00:00,2836.47000000,2838.42000000,2718.06000000,2745.00000000,480604851.51915997
2025-12-01 17:00:00,2745.00000000,2756.96000000,2719.00000000,2739.79000000,230458205.54697001
2025-12-01 21:00:00,2739.79000000,2817.84000000,2738.97000000,2797.48000000,187272924.40807000
2025-12-02 01:00:00,2797.48000000,2823.92000000,2782.81000000,2803.25000000,153469996.09562999
2025-12-02 05:00:00,2803.25000000,2814.80000000,2796.12000000,2804.21000000,83961009.13773000
2025-12-02 09:00:00,2804.21000000,2833.22000000,2780.67000000,2824.29000000,165212220.81604999
2025-12-02 13:00:00,2824.29000000,3024.23000000,2814.99000000,3005.54000000,552275074.79099000
2025-12-02 17:00:00,3005.54000000,3032.82000000,2985.68000000,3014.61000000,305844772.83559000
2025-12-02 21:00:00,3014.61000000,3020.00000000,2970.67000000,2994.63000000,152625326.49281001
2025-12-03 01:00:00,2994.63000000,3046.93000000,2983.80000000,3029.08000000,178611968.94262001
2025-12-03 05:00:00,3029.08000000,3084.51000000,3028.06000000,3056.40000000,246073163.66226000
2025-12-03 09:00:00,3056.40000000,3078.56000000,3043.14000000,3071.94000000,159897149.65990999
2025-12-03 13:00:00,3071.94000000,3144.99000000,3030.01000000,3084.85000000,576712216.53040004
2025-12-03 17:00:00,3084.85000000,3140.92000000,3062.86000000,3126.69000000,295240055.48825997
2025-12-03 21:00:00,3126.69000000,3215.70000000,3115.61000000,3186.97000000,264150741.00490001
2025-12-04 01:00:00,3186.97000000,3239.27000000,3173.02000000,3208.56000000,229737306.85019001
2025-12-04 05:00:00,3208.56000000,3218.43000000,3170.67000000,3189.02000000,227094730.27695999
2025-12-04 09:00:00,3189.02000000,3207.39000000,3173.99000000,3185.08000000,155429816.69870001
2025-12-04 13:00:00,3185.08000000,3224.00000000,3139.15000000,3206.70000000,446933975.49741000
2025-12-04 17:00:00,3206.70000000,3224.08000000,3064.89000000,3117.95000000,489629661.64042997
2025-12-04 21:00:00,3117.95000000,3150.39000000,3104.03000000,3132.01000000,175814487.78674999
2025-12-05 01:00:00,3132.01000000,3191.54000000,3131.48000000,3169.61000000,154664461.83622000
2025-12-05 05:00:00,3169.61000000,3181.25000000,3150.48000000,3172.28000000,149799726.46926001
2025-12-05 09:00:00,3172.28000000,3172.47000000,3106.78000000,3129.99000000,262308818.43489000
2025-12-05 13:00:00,3129.99000000,3156.99000000,3081.50000000,3105.01000000,421194393.46643001
2025-12-05 17:00:00,3105.01000000,3107.41000000,2980.96000000,3036.95000000,490884105.04181999
2025-12-05 21:00:00,3036.95000000,3047.80000000,3005.19000000,3020.38000000,116485963.40977000
2025-12-06 01:00:00,3020.38000000,3044.80000000,3011.00000000,3038.64000000,83443784.73622000
2025-12-06 05:00:00,3038.64000000,3041.00000000,3022.98000000,3024.98000000,65693404.27177000
2025-12-06 09:00:00,3024.98000000,3040.62000000,3012.00000000,3037.47000000,79624728.43581000
2025-12-06 13:00:00,3037.47000000,3068.00000000,3025.00000000,3040.09000000,134140539.96634001
2025-12-06 17:00:00,3040.09000000,3065.13000000,3023.66000000,3029.04000000,95830987.11740001
2025-12-06 21:00:00,3029.04000000,3053.46000000,3025.74000000,3036.53000000,50556420.47624000
2025-12-07 01:00:00,3036.53000000,3055.91000000,3030.65000000,3052.58000000,50743387.70751000
2025-12-07 05:00:00,3052.58000000,3056.80000000,3029.54000000,3036.00000000,53850999.31594000
2025-12-07 09:00:00,3036.00000000,3042.68000000,3023.44000000,3034.52000000,68881704.27486999
2025-12-07 13:00:00,3034.52000000,3052.12000000,2905.94000000,3026.15000000,391598755.42951000
2025-12-07 17:00:00,3026.15000000,3149.04000000,2997.91000000,3136.68000000,343549364.47921002
2025-12-07 21:00:00,3136.68000000,3145.90000000,3011.23000000,3058.14000000,251337128.18138000
2025-12-08 01:00:00,3058.14000000,3133.66000000,3038.98000000,3109.64000000,198637592.52741000
2025-12-08 05:00:00,3109.64000000,3139.82000000,3107.15000000,3132.75000000,135912995.11809000
2025-12-08 09:00:00,3132.75000000,3179.44000000,3123.81000000,3140.61000000,184709602.52673000
2025-12-08 13:00:00,3140.61000000,3177.99000000,3087.35000000,3099.69000000,524609415.93488002
2025-12-08 17:00:00,3099.69000000,3132.22000000,3075.51000000,3117.56000000,329147170.85167998
2025-12-08 21:00:00,3117.56000000,3152.00000000,3111.65000000,3123.14000000,132651838.60130000
2025-12-09 01:00:00,3123.14000000,3142.29000000,3089.80000000,3127.99000000,153040330.36793000
2025-12-09 05:00:00,3127.99000000,3130.25000000,3094.29000000,3121.20000000,136314149.59559000
2025-12-09 09:00:00,3121.20000000,3129.31000000,3091.20000000,3116.92000000,126796666.25300001
2025-12-09 13:00:00,3116.92000000,3255.63000000,3097.00000000,3244.61000000,462618122.69545001
2025-12-09 17:00:00,3244.61000000,3396.84000000,3244.41000000,3357.00000000,587063140.03331995
2025-12-09 21:00:00,3357.00000000,3360.29000000,3283.51000000,3316.50000000,217742837.96851999
2025-12-10 01:00:00,3316.50000000,3327.05000000,3286.75000000,3308.11000000,147642075.36430001
2025-12-10 05:00:00,3308.11000000,3332.92000000,3305.16000000,3325.65000000,146643040.51457000
2025-12-10 09:00:00,3325.65000000,3374.93000000,3295.72000000,3316.76000000,277474767.77696002
2025-12-10 13:00:00,3316.76000000,3337.79000000,3302.93000000,3326.63000000,220262578.45282000
2025-12-10 17:00:00,3326.63000000,3434.58000000,3319.49000000,3388.97000000,601040818.74987996
2025-12-10 21:00:00,3388.97000000,3445.87000000,3317.38000000,3322.79000000,345116211.35891998
2025-12-11 01:00:00,3322.79000000,3326.14000000,3165.69000000,3189.77000000,419060921.18132001
2025-12-11 05:00:00,3189.77000000,3214.00000000,3179.00000000,3199.98000000,167180014.79277000
2025-12-11 09:00:00,3199.98000000,3212.00000000,3177.28000000,3191.29000000,157391464.62742999
2025-12-11 13:00:00,3191.29000000,3208.93000000,3143.72000000,3177.72000000,370574459.55711001
2025-12-11 17:00:00,3177.72000000,3232.67000000,3153.79000000,3192.83000000,343380029.15985000
2025-12-11 21:00:00,3192.83000000,3271.48000000,3190.77000000,3235.77000000,252035884.34320000
2025-12-12 01:00:00,3235.77000000,3264.50000000,3183.42000000,3244.04000000,230006129.88137001
2025-12-12 05:00:00,3244.04000000,3263.60000000,3231.23000000,3245.00000000,135219240.29574999
2025-12-12 09:00:00,3245.00000000,3254.74000000,3225.43000000,3241.18000000,133799743.34198000
2025-12-12 13:00:00,3241.18000000,3250.37000000,3054.99000000,3069.63000000,475559257.58802998
2025-12-12 17:00:00,3069.63000000,3098.28000000,3042.89000000,3071.93000000,404949237.14741999
2025-12-12 21:00:00,3071.93000000,3095.00000000,3065.79000000,3083.34000000,95164030.86925000
2025-12-13 01:00:00,3083.34000000,3094.04000000,3077.00000000,3088.45000000,46175132.89472000
2025-12-13 05:00:00,3088.45000000,3094.21000000,3082.72000000,3093.19000000,52597377.68417000
2025-12-13 09:00:00,3093.19000000,3133.98000000,3090.91000000,3117.99000000,140805842.46579999
2025-12-13 13:00:00,3117.99000000,3125.85000000,3093.23000000,3108.11000000,124784016.06151000
2025-12-13 17:00:00,3108.11000000,3115.25000000,3094.50000000,3107.12000000,71655277.40068001
2025-12-13 21:00:00,3107.12000000,3118.59000000,3078.74000000,3113.01000000,73346031.29207000
2025-12-14 01:00:00,3113.01000000,3128.25000000,3101.56000000,3117.39000000,69114464.91385999
2025-12-14 05:00:00,3117.39000000,3120.99000000,3103.32000000,3113.78000000,57624349.08856000
2025-12-14 09:00:00,3113.78000000,3118.55000000,3048.55000000,3083.45000000,155519141.11936000
2025-12-14 13:00:00,3083.45000000,3107.00000000,3068.99000000,3083.33000000,189031942.44207999
2025-12-14 17:00:00,3083.33000000,3106.99000000,3072.68000000,3092.12000000,175675783.56769001
2025-12-14 21:00:00,3092.12000000,3095.84000000,3023.63000000,3062.35000000,223238722.29188001
2025-12-15 01:00:00,3062.35000000,3149.92000000,3055.26000000,3107.49000000,246369395.96978000
2025-12-15 05:00:00,3107.49000000,3143.87000000,3102.45000000,3127.33000000,124973742.95127000
2025-12-15 09:00:00,3127.33000000,3176.85000000,3123.88000000,3155.68000000,181864311.12856001
2025-12-15 13:00:00,3155.68000000,3157.90000000,2985.01000000,3009.69000000,552227664.36003006
2025-12-15 17:00:00,3009.69000000,3016.55000000,2893.23000000,2938.79000000,452725955.46153003
2025-12-15 21:00:00,2938.79000000,2968.27000000,2915.25000000,2963.25000000,131725542.69261999
2025-12-16 01:00:00,2963.25000000,2976.93000000,2921.09000000,2935.43000000,183834928.57304001
2025-12-16 05:00:00,2935.43000000,2950.21000000,2875.58000000,2922.62000000,244225276.25264001
2025-12-16 09:00:00,2922.62000000,2962.99000000,2918.40000000,2956.57000000,157357415.21735001
2025-12-16 13:00:00,2956.57000000,2981.21000000,2885.46000000,2961.84000000,416092245.83042002
2025-12-16 17:00:00,2961.84000000,2966.97000000,2910.20000000,2944.31000000,237329971.82635999
2025-12-16 21:00:00,2944.31000000,2964.45000000,2936.46000000,2960.71000000,85180705.60529999
2025-12-17 01:00:00,2960.71000000,2973.29000000,2936.52000000,2946.33000000,131996281.38049001
2025-12-17 05:00:00,2946.33000000,2953.12000000,2913.16000000,2946.58000000,163658280.38381001
2025-12-17 09:00:00,2946.58000000,2946.58000000,2906.71000000,2927.10000000,130230533.13789999
2025-12-17 13:00:00,2927.10000000,3029.38000000,2884.12000000,2903.40000000,614984675.96458006
2025-12-17 17:00:00,2903.40000000,2924.35000000,2789.52000000,2819.01000000,458674548.65116000
2025-12-17 21:00:00,2819.01000000,2836.49000000,2804.48000000,2832.00000000,112511660.44312000
2025-12-18 01:00:00,2832.00000000,2846.55000000,2820.12000000,2830.56000000,101694326.02309000
2025-12-18 05:00:00,2830.56000000,2839.99000000,2821.01000000,2834.98000000,86232298.64114000
2025-12-18 09:00:00,2834.98000000,2862.62000000,2830.25000000,2857.40000000,122107943.04256999
2025-12-18 13:00:00,2857.40000000,2996.66000000,2852.70000000,2963.90000000,669887534.66174996
2025-12-18 17:00:00,2963.90000000,2966.28000000,2774.01000000,2780.40000000,559212211.30469000
2025-12-18 21:00:00,2780.40000000,2837.78000000,2778.06000000,2827.25000000,181104118.84301999
2025-12-19 01:00:00,2827.25000000,2934.93000000,2807.43000000,2907.56000000,298263491.96583998
2025-12-19 05:00:00,2907.56000000,2983.54000000,2905.78000000,2950.49000000,241368822.08360001
2025-12-19 09:00:00,2950.49000000,2969.89000000,2936.59000000,2963.80000000,139611729.11471999
2025-12-19 13:00:00,2963.80000000,3017.81000000,2941.82000000,2963.48000000,372869277.25154001
2025-12-19 17:00:00,2963.48000000,3006.63000000,2935.05000000,2983.61000000,302662073.29917002
2025-12-19 21:00:00,2983.61000000,3001.28000000,2973.33000000,2978.34000000,88053775.50463000
2025-12-20 01:00:00,2978.34000000,2992.80000000,2969.50000000,2987.98000000,49816076.23975000
2025-12-20 05:00:00,2987.98000000,2989.52000000,2973.13000000,2980.26000000,47512109.46108000
2025-12-20 09:00:00,2980.26000000,2989.00000000,2973.70000000,2985.98000000,58664057.35702000
2025-12-20 13:00:00,2985.98000000,2992.96000000,2965.67000000,2975.58000000,94833181.34325001
2025-12-20 17:00:00,2975.58000000,2979.97000000,2972.63000000,2976.57000000,28995336.56002000
2025-12-20 21:00:00,2976.57000000,2984.57000000,2971.28000000,2976.55000000,24179394.78508000
2025-12-21 01:00:00,2976.55000000,2979.91000000,2960.23000000,2971.69000000,59369676.30187000
2025-12-21 05:00:00,2971.69000000,2981.44000000,2970.60000000,2979.84000000,30722652.06963000
2025-12-21 09:00:00,2979.84000000,3011.87000000,2976.27000000,2995.15000000,128804930.27880999
2025-12-21 13:00:00,2995.15000000,3003.99000000,2943.10000000,2973.22000000,197533192.07400000
2025-12-21 17:00:00,2973.22000000,2996.36000000,2965.93000000,2989.48000000,88058480.62728000
2025-12-21 21:00:00,2989.48000000,3011.12000000,2969.45000000,3000.62000000,71713554.40940000
2025-12-22 01:00:00,3000.62000000,3059.46000000,2971.84000000,3020.17000000,278892357.50562000
2025-12-22 05:00:00,3020.17000000,3041.43000000,3018.40000000,3028.38000000,99640033.56592000
2025-12-22 09:00:00,3028.38000000,3056.99000000,3023.57000000,3047.60000000,137434030.59779999
2025-12-22 13:00:00,3047.60000000,3076.12000000,3020.40000000,3051.25000000,315945256.25928998
2025-12-22 17:00:00,3051.25000000,3058.44000000,2972.84000000,2979.16000000,239475211.38126999
2025-12-22 21:00:00,2979.16000000,3014.74000000,2962.26000000,3008.49000000,196389284.78850999
2025-12-23 01:00:00,3008.49000000,3035.00000000,2970.61000000,2991.15000000,187113841.90107000
2025-12-23 05:00:00,2991.15000000,2998.99000000,2945.03000000,2963.57000000,187885706.71625000
2025-12-23 09:00:00,2963.57000000,2973.98000000,2951.45000000,2972.06000000,102262462.18729000
2025-12-23 13:00:00,2972.06000000,2972.99000000,2900.02000000,2927.39000000,304647118.44994998
2025-12-23 17:00:00,2927.39000000,2964.59000000,2907.28000000,2942.71000000,239707965.96281001
2025-12-23 21:00:00,2942.71000000,2987.22000000,2939.33000000,2963.04000000,128209802.19054000
2025-12-24 01:00:00,2963.04000000,2976.48000000,2919.66000000,2944.46000000,130915646.91421001
2025-12-24 05:00:00,2944.46000000,2957.94000000,2916.60000000,2931.35000000,116887420.47541000
2025-12-24 09:00:00,2931.35000000,2938.71000000,2913.66000000,2923.96000000,99140360.46412000
2025-12-24 13:00:00,2923.96000000,2937.37000000,2887.05000000,2924.20000000,208479756.21342999
2025-12-24 17:00:00,2924.20000000,2953.31000000,2920.04000000,2944.56000000,124992560.78104000
2025-12-24 21:00:00,2944.56000000,2962.36000000,2940.16000000,2946.23000000,61838548.69617000
2025-12-25 01:00:00,2946.23000000,2955.94000000,2935.28000000,2945.89000000,55570584.83204000
2025-12-25 05:00:00,2945.89000000,2947.09000000,2936.55000000,2940.84000000,34509914.87790000
2025-12-25 09:00:00,2940.84000000,2945.97000000,2910.63000000,2923.52000000,94360233.39871000
2025-12-25 13:00:00,2923.52000000,2969.97000000,2918.52000000,2959.67000000,126825568.47691999
2025-12-25 17:00:00,2959.67000000,2966.49000000,2941.86000000,2955.16000000,88177035.75064000
2025-12-25 21:00:00,2955.16000000,2955.43000000,2889.07000000,2902.32000000,125334920.93896000
2025-12-26 01:00:00,2902.32000000,2993.82000000,2892.75000000,2963.76000000,254619982.98666000
2025-12-26 05:00:00,2963.76000000,2991.42000000,2950.79000000,2955.43000000,126895128.63470000
2025-12-26 09:00:00,2955.43000000,2975.48000000,2953.55000000,2963.66000000,76240904.42239000
2025-12-26 13:00:00,2963.66000000,2984.70000000,2893.01000000,2921.51000000,320341656.61072999
2025-12-26 17:00:00,2921.51000000,2934.28000000,2905.59000000,2924.51000000,124873134.85333000
2025-12-26 21:00:00,2924.51000000,2937.73000000,2920.23000000,2926.82000000,73021591.42603999
2025-12-27 01:00:00,2926.82000000,2932.24000000,2920.48000000,2931.98000000,32604226.67437000
2025-12-27 05:00:00,2931.98000000,2936.66000000,2926.35000000,2931.46000000,30195683.72416000
2025-12-27 09:00:00,2931.46000000,2939.20000000,2916.44000000,2929.59000000,79907813.77987000
2025-12-27 13:00:00,2929.59000000,2932.77000000,2923.90000000,2925.54000000,41718447.46328000
2025-12-27 17:00:00,2925.54000000,2929.69000000,2916.16000000,2929.59000000,47607431.13371000
2025-12-27 21:00:00,2929.59000000,2959.61000000,2927.06000000,2947.62000000,75173207.74818000
2025-12-28 01:00:00,2947.62000000,2950.63000000,2939.65000000,2942.31000000,40416338.54937000
2025-12-28 05:00:00,2942.31000000,2946.24000000,2928.46000000,2937.78000000,65982948.54933000
2025-12-28 09:00:00,2937.78000000,2946.43000000,2930.14000000,2942.99000000,57357093.83733000
2025-12-28 13:00:00,2942.99000000,2959.53000000,2936.20000000,2948.01000000,76402658.42674001
2025-12-28 17:00:00,2948.01000000,2953.50000000,2923.78000000,2932.31000000,88565587.00192000
2025-12-28 21:00:00,2932.31000000,2954.49000000,2927.55000000,2949.59000000,58120235.58023000
2025-12-29 01:00:00,2949.59000000,3047.50000000,2943.16000000,3042.31000000,306614712.25914001
2025-12-29 05:00:00,3042.31000000,3056.16000000,3007.59000000,3018.46000000,187006470.12713000
2025-12-29 09:00:00,3018.46000000,3024.99000000,2955.55000000,2958.73000000,277559823.72608000
2025-12-29 13:00:00,2958.73000000,2964.39000000,2908.71000000,2934.03000000,388374741.64047998
2025-12-29 17:00:00,2934.03000000,2944.80000000,2912.06000000,2930.88000000,138222210.21772000
2025-12-29 21:00:00,2930.88000000,2943.19000000,2924.48000000,2936.46000000,57874776.52812000
2025-12-30 01:00:00,2936.46000000,2954.73000000,2918.00000000,2950.61000000,115593065.90804000
2025-12-30 05:00:00,2950.61000000,2957.49000000,2935.88000000,2949.43000000,88019057.50489999
2025-12-30 09:00:00,2949.43000000,3002.48000000,2948.81000000,2977.65000000,225989367.92028999
2025-12-30 13:00:00,2977.65000000,3008.64000000,2957.14000000,2988.48000000,309827307.05468571
2025-12-30 17:00:00,2988.48000000,2993.60000000,2943.27000000,2970.31000000,193618487.40955001
2025-12-30 21:00:00,2970.31000000,2974.70000000,2953.34000000,2972.22000000,56279137.80138000
2025-12-31 01:00:00,2972.22000000,2983.97000000,2961.04000000,2969.18000000,95838024.75227000
2025-12-31 05:00:00,2969.18000000,2978.40000000,2967.13000000,2975.52000000,47327029.75253000
2025-12-31 09:00:00,2975.52000000,3002.01000000,2962.22000000,3000.48000000,128837984.93403000
2025-12-31 13:00:00,3000.48000000,3027.10000000,2965.95000000,2984.30000000,282291923.30906999
2025-12-31 17:00:00,2984.30000000,2996.31000000,2958.06000000,2970.22000000,132693374.09987000
2025-12-31 21:00:00,2970.22000000,2983.92000000,2962.20000000,2970.39000000,60914658.73130000
2026-01-01 01:00:00,2970.39000000,2988.17000000,2970.00000000,2978.80000000,47224291.31938000
2026-01-01 05:00:00,2978.80000000,2982.78000000,2972.04000000,2977.27000000,41428338.83584000
2026-01-01 09:00:00,2977.27000000,2991.49000000,2976.57000000,2988.01000000,43541794.67648000
2026-01-01 13:00:00,2988.01000000,2993.90000000,2976.08000000,2988.45000000,68779032.60626000
2026-01-01 17:00:00,2988.45000000,3005.10000000,2979.46000000,2993.94000000,87745197.84187999
2026-01-01 21:00:00,2993.94000000,3008.58000000,2985.90000000,3002.49000000,73019043.31485000
2026-01-02 01:00:00,3002.49000000,3034.36000000,2990.98000000,3021.12000000,146078882.27844000
2026-01-02 05:00:00,3021.12000000,3038.00000000,3007.57000000,3016.99000000,120599534.00634000
2026-01-02 09:00:00,3016.99000000,3068.97000000,3014.27000000,3046.69000000,238250699.09343001
2026-01-02 13:00:00,3046.69000000,3108.97000000,3019.33000000,3085.10000000,423446085.42115998
2026-01-02 17:00:00,3085.10000000,3148.81000000,3077.90000000,3122.30000000,378256416.95841998
2026-01-02 21:00:00,3122.30000000,3144.00000000,3109.85000000,3123.89000000,94841893.65686999
2026-01-03 01:00:00,3123.89000000,3135.00000000,3117.09000000,3123.91000000,51298263.11974000
2026-01-03 05:00:00,3123.91000000,3126.52000000,3074.99000000,3089.52000000,150598682.30250001
2026-01-03 09:00:00,3089.52000000,3109.60000000,3082.65000000,3097.01000000,96414959.30078071
2026-01-03 13:00:00,3097.01000000,3113.54000000,3092.19000000,3100.19000000,76501559.28337000
2026-01-03 17:00:00,3100.19000000,3117.87000000,3096.73000000,3112.00000000,52187521.41214091
2026-01-03 21:00:00,3112.00000000,3129.54000000,3105.76000000,3125.46000000,63448301.26242772
2026-01-04 01:00:00,3125.46000000,3165.76000000,3124.76000000,3145.73000000,173675829.16303000
2026-01-04 05:00:00,3145.73000000,3161.42000000,3132.50000000,3139.51000000,113186189.18798999
2026-01-04 09:00:00,3139.51000000,3147.32000000,3123.79000000,3138.32000000,90851158.46816000
2026-01-04 13:00:00,3138.32000000,3145.94000000,3115.82000000,3134.13000000,92344334.68885942
2026-01-04 17:00:00,3134.13000000,3142.85000000,3117.51000000,3131.31000000,101251883.25310971
2026-01-04 21:00:00,3131.31000000,3154.57000000,3129.37000000,3143.37000000,95027368.99982323
2026-01-05 01:00:00,3143.37000000,3220.68000000,3141.88000000,3184.75000000,319060025.86953998
2026-01-05 05:00:00,3184.75000000,3186.89000000,3134.51000000,3156.17000000,217986316.48265001
2026-01-05 09:00:00,3156.17000000,3182.59000000,3151.78000000,3178.89000000,144982877.72328001
2026-01-05 13:00:00,3178.89000000,3204.99000000,3133.63000000,3194.49000000,405348019.00510001
2026-01-05 17:00:00,3194.49000000,3228.60000000,3157.25000000,3221.64000000,333610520.11175001
2026-01-05 21:00:00,3221.64000000,3264.06000000,3218.55000000,3223.71000000,198839240.90068001
2026-01-06 01:00:00,3223.71000000,3246.00000000,3201.91000000,3223.88000000,149181651.09406000
2026-01-06 05:00:00,3223.88000000,3252.80000000,3210.03000000,3218.01000000,167520488.12419000
2026-01-06 09:00:00,3218.01000000,3241.46000000,3212.80000000,3236.36000000,94966113.71063000
2026-01-06 13:00:00,3236.36000000,3307.97000000,3228.19000000,3270.73000000,563091258.33914006
2026-01-06 17:00:00,3270.73000000,3277.76000000,3181.66000000,3222.18000000,411686026.25212997
2026-01-06 21:00:00,3222.18000000,3300.78000000,3221.91000000,3295.46000000,236674644.50799000
2026-01-07 01:00:00,3295.46000000,3295.78000000,3238.01000000,3265.57000000,210859089.08840001
2026-01-07 05:00:00,3265.57000000,3270.92000000,3245.77000000,3253.99000000,95497634.54445000
2026-01-07 09:00:00,3253.99000000,3262.00000000,3194.29000000,3219.31000000,300484808.92303002
2026-01-07 13:00:00,3219.31000000,3227.72000000,3142.91000000,3163.52000000,501461063.32598001
2026-01-07 17:00:00,3163.52000000,3178.10000000,3123.54000000,3144.38000000,328155429.55804002
2026-01-07 21:00:00,3144.38000000,3180.60000000,3126.55000000,3167.31000000,241059970.67521000
2026-01-08 01:00:00,3167.31000000,3183.63000000,3132.48000000,3141.35000000,129941885.88587999
2026-01-08 05:00:00,3141.35000000,3160.29000000,3088.26000000,3126.42000000,294510056.57534999
2026-01-08 09:00:00,3126.42000000,3135.35000000,3095.32000000,3119.35000000,223301596.72143999
2026-01-08 13:00:00,3119.35000000,3119.66000000,3052.73000000,3103.43000000,498616422.82235003
2026-01-08 17:00:00,3103.43000000,3137.84000000,3088.55000000,3110.12000000,239694260.41854000
2026-01-08 21:00:00,3110.12000000,3129.48000000,3087.63000000,3105.14000000,120662120.76885000
2026-01-09 01:00:00,3105.14000000,3147.57000000,3079.04000000,3118.38000000,204967044.38745999
2026-01-09 05:00:00,3118.38000000,3124.26000000,3109.22000000,3109.75000000,72628152.26643001
2026-01-09 09:00:00,3109.75000000,3114.32000000,3066.00000000,3088.99000000,212421399.45414999
2026-01-09 13:00:00,3088.99000000,3141.99000000,3057.13000000,3111.39000000,537633899.07407999
2026-01-09 17:00:00,3111.39000000,3144.77000000,3067.42000000,3079.01000000,294753221.59628999
2026-01-09 21:00:00,3079.01000000,3092.17000000,3064.00000000,3087.15000000,91889566.85043000
2026-01-10 01:00:00,3087.15000000,3093.16000000,3078.82000000,3085.52000000,57895689.94676000
2026-01-10 05:00:00,3085.52000000,3092.37000000,3077.51000000,3091.49000000,37994682.25518000
2026-01-10 09:00:00,3091.49000000,3102.49000000,3086.13000000,3095.63000000,51524979.13708000
2026-01-10 13:00:00,3095.63000000,3102.16000000,3087.27000000,3094.11000000,52668533.56183000
2026-01-10 17:00:00,3094.11000000,3097.56000000,3088.76000000,3090.79000000,38733455.07757000
2026-01-10 21:00:00,3090.79000000,3092.19000000,3077.04000000,3085.48000000,44568340.00978000
2026-01-11 01:00:00,3085.48000000,3096.39000000,3082.85000000,3095.48000000,36985740.33160000
2026-01-11 05:00:00,3095.48000000,3101.67000000,3088.32000000,3094.04000000,43345106.62611000
2026-01-11 09:00:00,3094.04000000,3108.30000000,3091.35000000,3103.57000000,68228361.82545000
2026-01-11 13:00:00,3103.57000000,3129.55000000,3103.46000000,3116.89000000,136096132.04793000
2026-01-11 17:00:00,3116.89000000,3146.92000000,3114.42000000,3123.47000000,164230801.47128999
2026-01-11 21:00:00,3123.47000000,3124.87000000,3090.72000000,3122.09000000,197618741.03716999
2026-01-12 01:00:00,3122.09000000,3170.57000000,3095.53000000,3151.18000000,343788351.60529000
2026-01-12 05:00:00,3151.18000000,3165.77000000,3131.58000000,3133.96000000,140841267.86511999
2026-01-12 09:00:00,3133.96000000,3146.13000000,3100.00000000,3114.12000000,243149676.57815999
2026-01-12 13:00:00,3114.12000000,3132.00000000,3063.94000000,3128.99000000,367711582.91674000
2026-01-12 17:00:00,3128.99000000,3145.41000000,3083.18000000,3120.34000000,281565252.29916000
2026-01-12 21:00:00,3120.34000000,3126.84000000,3083.02000000,3093.84000000,94468624.50285000
2026-01-13 01:00:00,3093.84000000,3118.00000000,3090.19000000,3114.99000000,113635527.36285000
2026-01-13 05:00:00,3114.99000000,3145.71000000,3110.88000000,3121.08000000,165994661.40801999
2026-01-13 09:00:00,3121.08000000,3147.52000000,3121.05000000,3132.76000000,132428048.05599999
2026-01-13 13:00:00,3132.76000000,3188.02000000,3128.50000000,3183.35000000,455962405.50905001
2026-01-13 17:00:00,3183.35000000,3217.59000000,3170.28000000,3214.45000000,317513868.75121999
2026-01-13 21:00:00,3214.45000000,3381.15000000,3188.80000000,3324.69000000,520733899.61302000
2026-01-14 01:00:00,3324.69000000,3357.11000000,3314.01000000,3351.03000000,232459651.51392999
2026-01-14 05:00:00,3351.03000000,3363.36000000,3321.12000000,3334.89000000,173961413.79271999
2026-01-14 09:00:00,3334.89000000,3342.00000000,3281.85000000,3285.19000000,200065863.39324000
2026-01-14 13:00:00,3285.19000000,3361.01000000,3280.00000000,3344.19000000,556911703.72098994
2026-01-14 17:00:00,3344.19000000,3402.25000000,3313.71000000,3366.23000000,641524287.80379999
2026-01-14 21:00:00,3366.23000000,3391.69000000,3346.24000000,3353.27000000,173261089.19042000
2026-01-15 01:00:00,3353.27000000,3354.35000000,3276.11000000,3284.80000000,208093576.53610000
2026-01-15 05:00:00,3284.80000000,3333.93000000,3283.00000000,3328.64000000,135988019.03196001
2026-01-15 09:00:00,3328.64000000,3377.78000000,3318.66000000,3348.64000000,277880446.68691999
2026-01-15 13:00:00,3348.64000000,3383.07000000,3282.88000000,3329.99000000,482401141.23424000
2026-01-15 17:00:00,3329.99000000,3336.09000000,3271.84000000,3294.01000000,340519167.21451002
2026-01-15 21:00:00,3294.01000000,3321.92000000,3275.00000000,3317.00000000,125861958.46291000
2026-01-16 01:00:00,3317.00000000,3325.30000000,3290.47000000,3293.91000000,102141597.23965000
2026-01-16 05:00:00,3293.91000000,3315.82000000,3274.14000000,3308.17000000,146996404.90799999
2026-01-16 09:00:00,3308.17000000,3319.42000000,3292.02000000,3300.69000000,89090618.45957001
2026-01-16 13:00:00,3300.69000000,3317.16000000,3251.42000000,3263.05000000,295367681.98771000
2026-01-16 17:00:00,3263.05000000,3287.48000000,3258.02000000,3275.65000000,162698833.27491000
2026-01-16 21:00:00,3275.65000000,3298.62000000,3263.06000000,3294.70000000,95562838.91693000
2026-01-17 01:00:00,3294.70000000,3296.02000000,3282.39000000,3288.11000000,43545286.18575000
2026-01-17 05:00:00,3288.11000000,3292.99000000,3284.67000000,3290.08000000,34483498.46831000
2026-01-17 09:00:00,3290.08000000,3304.10000000,3288.00000000,3301.39000000,63514561.88417000
2026-01-17 13:00:00,3301.39000000,3328.14000000,3298.00000000,3328.13000000,125277730.96481000
2026-01-17 17:00:00,3328.13000000,3328.36000000,3310.11000000,3315.09000000,83220318.67753001
2026-01-17 21:00:00,3315.09000000,3318.35000000,3295.59000000,3308.91000000,54054213.13205000
2026-01-18 01:00:00,3308.91000000,3318.22000000,3294.52000000,3314.51000000,67990191.75641000
2026-01-18 05:00:00,3314.51000000,3316.69000000,3304.28000000,3305.67000000,37872310.35763000
2026-01-18 09:00:00,3305.67000000,3324.41000000,3301.56000000,3320.60000000,63596167.03406000
2026-01-18 13:00:00,3320.60000000,3346.70000000,3312.75000000,3332.31000000,163871768.81319001
2026-01-18 17:00:00,3332.31000000,3367.84000000,3328.14000000,3345.36000000,137235327.66894001
2026-01-18 21:00:00,3345.36000000,3355.14000000,3277.42000000,3282.78000000,210167674.20412999
2026-01-19 01:00:00,3282.78000000,3283.19000000,3175.98000000,3210.36000000,467365315.00066000
2026-01-19 05:00:00,3210.36000000,3215.90000000,3186.42000000,3205.75000000,131625421.24687999
2026-01-19 09:00:00,3205.75000000,3229.66000000,3196.03000000,3222.18000000,124246602.29324000
2026-01-19 13:00:00,3222.18000000,3234.33000000,3200.82000000,3214.46000000,130238700.40741000
2026-01-19 17:00:00,3214.46000000,3226.19000000,3206.62000000,3218.33000000,72228573.55876000
2026-01-19 21:00:00,3218.33000000,3223.99000000,3165.01000000,3188.15000000,165038191.59204999
2026-01-20 01:00:00,3188.15000000,3199.53000000,3174.03000000,3187.41000000,140141188.74917001
2026-01-20 05:00:00,3187.41000000,3188.25000000,3107.97000000,3121.69000000,350987241.01783001
2026-01-20 09:00:00,3121.69000000,3121.98000000,3084.05000000,3108.14000000,234192818.70734000
2026-01-20 13:00:00,3108.14000000,3113.52000000,2992.98000000,3031.05000000,555800266.64324999
2026-01-20 17:00:00,3031.05000000,3041.43000000,2979.35000000,2995.03000000,268383906.55258000
2026-01-20 21:00:00,2995.03000000,3006.24000000,2910.87000000,2938.25000000,242973580.06461000
2026-01-21 01:00:00,2938.25000000,2983.56000000,2920.25000000,2980.26000000,197014756.00465000
2026-01-21 05:00:00,2980.26000000,3001.01000000,2964.45000000,2969.07000000,146713307.15724999
2026-01-21 09:00:00,2969.07000000,2973.62000000,2937.01000000,2942.16000000,138302101.50510001
2026-01-21 13:00:00,2942.16000000,3025.09000000,2900.65000000,3001.22000000,550520483.12109995
2026-01-21 17:00:00,3001.22000000,3067.65000000,2864.38000000,3053.73000000,631299871.55451000
2026-01-21 21:00:00,3053.73000000,3056.41000000,2970.82000000,2980.67000000,225878066.08647001
2026-01-22 01:00:00,2980.67000000,3037.22000000,2979.28000000,3012.43000000,159669462.05461001
2026-01-22 05:00:00,3012.43000000,3026.74000000,2999.17000000,3000.01000000,78840434.14398000
2026-01-22 09:00:00,3000.01000000,3015.58000000,2976.12000000,2984.79000000,153686689.00446001
2026-01-22 13:00:00,2984.79000000,3008.84000000,2904.45000000,2940.45000000,500988357.20415998
2026-01-22 17:00:00,2940.45000000,2971.23000000,2922.12000000,2952.56000000,192356075.80761999
2026-01-22 21:00:00,2952.56000000,2957.99000000,2929.28000000,2951.22000000,77686866.58129001
2026-01-23 01:00:00,2951.22000000,2970.97000000,2944.45000000,2963.18000000,76334400.33755000
2026-01-23 05:00:00,2963.18000000,2983.62000000,2933.73000000,2946.84000000,162908724.04987001
2026-01-23 09:00:00,2946.84000000,2949.80000000,2913.54000000,2939.52000000,155297940.84696001
2026-01-23 13:00:00,2939.52000000,2963.58000000,2890.65000000,2951.22000000,341112678.74681002
2026-01-23 17:00:00,2951.22000000,3018.33000000,2937.10000000,2958.24000000,344536154.37729001
2026-01-23 21:00:00,2958.24000000,2962.64000000,2929.04000000,2955.09000000,83349874.66362000
2026-01-24 01:00:00,2955.09000000,2968.75000000,2947.75000000,2961.11000000,48512280.11254000
2026-01-24 05:00:00,2961.11000000,2965.21000000,2953.08000000,2956.00000000,32851068.25955000
2026-01-24 09:00:00,2956.00000000,2963.61000000,2953.72000000,2959.94000000,22336200.56857000
2026-01-24 13:00:00,2959.94000000,2966.93000000,2942.25000000,2955.55000000,66388318.61313000
2026-01-24 17:00:00,2955.55000000,2967.33000000,2950.42000000,2952.78000000,50963870.29464000
2026-01-24 21:00:00,2952.78000000,2963.02000000,2947.57000000,2952.08000000,29174794.01435000
2026-01-25 01:00:00,2952.08000000,2959.24000000,2935.53000000,2941.55000000,47964863.95367000
2026-01-25 05:00:00,2941.55000000,2948.15000000,2933.64000000,2938.43000000,46539746.06501000
2026-01-25 09:00:00,2938.43000000,2947.01000000,2919.16000000,2936.15000000,88769278.37269001
2026-01-25 13:00:00,2936.15000000,2944.09000000,2920.33000000,2925.53000000,78730963.04742000
2026-01-25 17:00:00,2925.53000000,2926.35000000,2794.60000000,2810.91000000,447128748.15544999
2026-01-25 21:00:00,2810.91000000,2823.81000000,2784.45000000,2815.61000000,219163654.04104999
2026-01-26 01:00:00,2815.61000000,2897.82000000,2810.71000000,2849.69000000,277225356.23061001
2026-01-26 05:00:00,2849.69000000,2910.75000000,2848.53000000,2902.99000000,183393689.97442001
2026-01-26 09:00:00,2902.99000000,2933.69000000,2880.00000000,2890.92000000,194024604.89304999
2026-01-26 13:00:00,2890.92000000,2950.00000000,2873.90000000,2898.12000000,410417078.92769998
2026-01-26 17:00:00,2898.12000000,2935.09000000,2884.94000000,2921.95000000,229104167.50222000
2026-01-26 21:00:00,2921.95000000,2944.32000000,2893.97000000,2928.89000000,136640303.23326999
2026-01-27 01:00:00,2928.89000000,2947.85000000,2910.93000000,2939.69000000,108398737.80501001
2026-01-27 05:00:00,2939.69000000,2956.18000000,2923.21000000,2927.94000000,103377093.33864000
2026-01-27 09:00:00,2927.94000000,2931.46000000,2898.88000000,2915.98000000,108498343.51228000
2026-01-27 13:00:00,2915.98000000,2943.10000000,2904.38000000,2936.16000000,248532209.14026999
2026-01-27 17:00:00,2936.16000000,2997.52000000,2916.51000000,2979.19000000,503710337.89055002
2026-01-27 21:00:00,2979.19000000,3033.80000000,2977.66000000,3024.92000000,227985282.29357001
2026-01-28 01:00:00,3024.92000000,3028.48000000,2995.78000000,3003.80000000,99144891.21328001
2026-01-28 05:00:00,3003.80000000,3016.93000000,2991.69000000,3004.06000000,124207314.80096000
2026-01-28 09:00:00,3004.06000000,3044.41000000,2985.21000000,3038.49000000,224317207.29017001
2026-01-28 13:00:00,3038.49000000,3044.11000000,2981.75000000,3006.24000000,391998934.45744002
2026-01-28 17:00:00,3006.24000000,3030.78000000,2987.80000000,3015.03000000,295140297.57722998
2026-01-28 21:00:00,3015.03000000,3037.49000000,2995.02000000,3009.37000000,121995868.12845001
2026-01-29 01:00:00,3009.37000000,3012.04000000,2943.01000000,2951.41000000,204348154.35703999
2026-01-29 05:00:00,2951.41000000,2964.36000000,2936.40000000,2960.12000000,98290551.87921999
2026-01-29 09:00:00,2960.12000000,2968.43000000,2922.21000000,2928.08000000,161171686.79437000
2026-01-29 13:00:00,2928.08000000,2938.00000000,2795.28000000,2822.65000000,504480417.92611998
2026-01-29 17:00:00,2822.65000000,2858.88000000,2752.77000000,2796.52000000,513480670.68620998
2026-01-29 21:00:00,2796.52000000,2826.15000000,2788.01000000,2821.01000000,103628733.39270000
2026-01-30 01:00:00,2821.01000000,2827.30000000,2679.86000000,2739.75000000,373547203.57121998
2026-01-30 05:00:00,2739.75000000,2773.58000000,2695.30000000,2738.44000000,228715596.22637001
2026-01-30 09:00:00,2738.44000000,2767.80000000,2708.92000000,2758.49000000,166171202.92555001
2026-01-30 13:00:00,2758.49000000,2765.36000000,2690.00000000,2727.81000000,345064344.86578000
2026-01-30 17:00:00,2727.81000000,2759.99000000,2634.83000000,2741.36000000,500723805.98645997
2026-01-30 21:00:00,2741.36000000,2741.88000000,2663.14000000,2705.65000000,234246385.03654000
2026-01-31 01:00:00,2705.65000000,2713.43000000,2683.01000000,2694.79000000,81556370.61915000
2026-01-31 05:00:00,2694.79000000,2703.86000000,2666.51000000,2678.86000000,92483323.65695000
2026-01-31 09:00:00,2678.86000000,2682.60000000,2605.98000000,2639.05000000,273770931.75988001
2026-01-31 13:00:00,2639.05000000,2643.15000000,2508.00000000,2532.61000000,480338315.35447001
2026-01-31 17:00:00,2532.61000000,2549.53000000,2229.57000000,2381.32000000,943991649.34336996
2026-01-31 21:00:00,2381.32000000,2472.54000000,2353.37000000,2450.25000000,264940514.25795999
2026-02-01 01:00:00,2450.25000000,2474.81000000,2428.15000000,2444.18000000,124305809.52226999
2026-02-01 05:00:00,2444.18000000,2453.52000000,2392.30000000,2409.99000000,164842889.31781000
2026-02-01 09:00:00,2409.99000000,2437.95000000,2374.66000000,2410.66000000,238523309.64221999
2026-02-01 13:00:00,2410.66000000,2411.29000000,2285.00000000,2314.39000000,448224023.34432000
2026-02-01 17:00:00,2314.39000000,2376.28000000,2282.24000000,2319.29000000,339333538.68374997
2026-02-01 21:00:00,2319.29000000,2348.17000000,2218.78000000,2269.04000000,533414538.92830998
2026-02-02 01:00:00,2269.04000000,2322.58000000,2163.21000000,2237.40000000,632291767.80917001
2026-02-02 05:00:00,2237.40000000,2266.98000000,2156.61000000,2227.56000000,500188475.55066001
2026-02-02 09:00:00,2227.56000000,2317.00000000,2227.56000000,2281.06000000,355353545.04228997
2026-02-02 13:00:00,2281.06000000,2394.82000000,2280.79000000,2370.88000000,585063683.51684999
2026-02-02 17:00:00,2370.88000000,2385.42000000,2326.01000000,2330.41000000,381306813.22741002
2026-02-02 21:00:00,2330.41000000,2353.74000000,2311.76000000,2345.55000000,151572129.04339999
2026-02-03 01:00:00,2345.55000000,2358.39000000,2283.39000000,2343.23000000,240701948.92328000
2026-02-03 05:00:00,2343.23000000,2354.40000000,2296.51000000,2322.00000000,194011213.72907001
2026-02-03 09:00:00,2322.00000000,2331.73000000,2260.01000000,2275.62000000,261012793.73139000
2026-02-03 13:00:00,2275.62000000,2316.10000000,2250.94000000,2302.17000000,442928426.99576002
2026-02-03 17:00:00,2302.17000000,2302.43000000,2106.82000000,2204.33000000,931425160.64918995
2026-02-03 21:00:00,2204.33000000,2347.86000000,2186.94000000,2232.24000000,431466814.92418998
2026-02-04 01:00:00,2232.24000000,2294.79000000,2222.23000000,2282.14000000,188085379.88043001
2026-02-04 05:00:00,2282.14000000,2292.31000000,2255.17000000,2282.93000000,166165959.31692001
2026-02-04 09:00:00,2282.93000000,2285.00000000,2225.71000000,2253.60000000,220555174.18794000
2026-02-04 13:00:00,2253.60000000,2262.13000000,2135.05000000,2150.45000000,662908709.47883999
2026-02-04 17:00:00,2150.45000000,2194.16000000,2074.00000000,2187.82000000,936259713.46403003
2026-02-04 21:00:00,2187.82000000,2192.19000000,2087.03000000,2147.46000000,641969489.81675005
2026-02-05 01:00:00,2147.46000000,2172.99000000,2097.81000000,2109.12000000,357386874.82141000
2026-02-05 05:00:00,2109.12000000,2124.91000000,2065.66000000,2090.12000000,463997938.56480002
2026-02-05 09:00:00,2090.12000000,2148.88000000,2060.09000000,2078.68000000,320978781.30093998
2026-02-05 13:00:00,2078.68000000,2105.45000000,1925.42000000,1959.14000000,1085029399.46856999
2026-02-05 17:00:00,1959.14000000,2017.04000000,1912.88000000,1927.40000000,721699023.22691000
2026-02-05 21:00:00,1927.40000000,1941.87000000,1814.63000000,1824.95000000,766722850.86031997
2026-02-06 01:00:00,1824.95000000,1946.93000000,1740.65000000,1891.18000000,1080891054.50818992
2026-02-06 05:00:00,1891.18000000,1974.83000000,1885.19000000,1898.39000000,453143481.85658997
2026-02-06 09:00:00,1898.39000000,1938.20000000,1865.29000000,1931.85000000,262364064.77618000
2026-02-06 13:00:00,1931.85000000,2001.85000000,1914.16000000,1979.48000000,951957143.45572996
2026-02-06 17:00:00,1979.48000000,2089.60000000,1969.98000000,2065.43000000,630932675.96875000
2026-02-06 21:00:00,2065.43000000,2093.83000000,2041.52000000,2062.54000000,238401089.26284000
2026-02-07 01:00:00,2062.54000000,2085.13000000,2031.77000000,2079.71000000,189483773.76626000
2026-02-07 05:00:00,2079.71000000,2118.42000000,1993.76000000,2025.99000000,342552628.88006002
2026-02-07 09:00:00,2025.99000000,2031.42000000,1998.71000000,2017.75000000,134091872.10459000
2026-02-07 13:00:00,2017.75000000,2075.01000000,2008.89000000,2051.48000000,257169242.87243000
2026-02-07 17:00:00,2051.48000000,2124.81000000,2010.00000000,2090.11000000,522657751.01062000
2026-02-07 21:00:00,2090.11000000,2113.85000000,2072.00000000,2085.94000000,102893522.39593001
2026-02-08 01:00:00,2085.94000000,2106.00000000,2075.68000000,2077.87000000,89817782.37087999
2026-02-08 05:00:00,2077.87000000,2087.71000000,2065.66000000,2083.49000000,88856511.09957001
2026-02-08 09:00:00,2083.49000000,2137.00000000,2077.01000000,2130.97000000,229764891.02559000
2026-02-08 13:00:00,2130.97000000,2144.35000000,2096.05000000,2107.31000000,234582183.78068000
2026-02-08 17:00:00,2107.31000000,2128.88000000,2071.27000000,2125.62000000,203254078.17506999
2026-02-08 21:00:00,2125.62000000,2150.73000000,2070.76000000,2088.59000000,268905135.70884001
2026-02-09 01:00:00,2088.59000000,2102.28000000,2053.76000000,2099.01000000,307255008.20091999
2026-02-09 05:00:00,2099.01000000,2100.88000000,2063.57000000,2064.42000000,144449897.46393999
2026-02-09 09:00:00,2064.42000000,2069.20000000,2012.35000000,2027.44000000,241934882.98172000
2026-02-09 13:00:00,2027.44000000,2072.40000000,2008.03000000,2060.70000000,410303131.92750001
2026-02-09 17:00:00,2060.70000000,2142.51000000,2046.49000000,2130.55000000,344625087.93865001
2026-02-09 21:00:00,2130.55000000,2147.74000000,2087.54000000,2103.97000000,157556592.85946000
2026-02-10 01:00:00,2103.97000000,2123.70000000,2049.99000000,2063.71000000,162307475.55362999
2026-02-10 05:00:00,2063.71000000,2073.32000000,1995.93000000,2005.81000000,273187473.21489000
2026-02-10 09:00:00,2005.81000000,2028.72000000,1993.85000000,2001.87000000,188273018.53757000
2026-02-10 13:00:00,2001.87000000,2038.73000000,1986.94000000,2021.32000000,344956834.03845000
2026-02-10 17:00:00,2021.32000000,2045.60000000,1994.34000000,2016.73000000,193096439.19466999
2026-02-10 21:00:00,2016.73000000,2021.58000000,1995.57000000,2021.51000000,77234277.93682000
2026-02-11 01:00:00,2021.51000000,2031.19000000,1996.35000000,2008.40000000,183550570.42111000
2026-02-11 05:00:00,2008.40000000,2010.28000000,1937.42000000,1949.56000000,269112082.94736999
2026-02-11 09:00:00,1949.56000000,1955.32000000,1930.48000000,1952.52000000,136546505.94244000
2026-02-11 13:00:00,1952.52000000,2015.39000000,1901.52000000,1928.12000000,544077057.20267999
2026-02-11 17:00:00,1928.12000000,1958.77000000,1907.64000000,1951.26000000,351650364.56911999
2026-02-11 21:00:00,1951.26000000,1987.21000000,1930.89000000,1939.98000000,149310021.78376999
2026-02-12 01:00:00,1939.98000000,1976.80000000,1939.98000000,1967.74000000,99951739.32693000
2026-02-12 05:00:00,1967.74000000,1982.20000000,1952.24000000,1966.97000000,114427628.59402999
2026-02-12 09:00:00,1966.97000000,2000.48000000,1956.19000000,1987.95000000,165335144.31935999
2026-02-12 13:00:00,1987.95000000,1995.52000000,1944.05000000,1947.47000000,277085344.39626998
2026-02-12 17:00:00,1947.47000000,1948.99000000,1895.34000000,1924.36000000,354262453.42715001
2026-02-12 21:00:00,1924.36000000,1952.00000000,1908.30000000,1947.16000000,122106210.65171000
2026-02-13 01:00:00,1947.16000000,1957.49000000,1926.72000000,1952.48000000,117746322.74287000
2026-02-13 05:00:00,1952.48000000,1954.76000000,1923.49000000,1934.88000000,131025159.36154000
2026-02-13 09:00:00,1934.88000000,1968.36000000,1932.88000000,1959.36000000,140494775.97707999
2026-02-13 13:00:00,1959.36000000,2049.67000000,1951.59000000,2033.80000000,416065438.39727998
2026-02-13 17:00:00,2033.80000000,2072.07000000,2030.16000000,2056.88000000,230761939.64217001
2026-02-13 21:00:00,2056.88000000,2058.79000000,2038.50000000,2047.71000000,78773252.71641000
2026-02-14 01:00:00,2047.71000000,2056.90000000,2041.28000000,2053.39000000,57255548.62089000
2026-02-14 05:00:00,2053.39000000,2059.99000000,2047.20000000,2056.10000000,46178365.78986000
2026-02-14 09:00:00,2056.10000000,2106.64000000,2055.90000000,2098.30000000,185586021.41488001
2026-02-14 13:00:00,2098.30000000,2098.97000000,2063.68000000,2086.37000000,197852145.13378999
2026-02-14 17:00:00,2086.37000000,2089.47000000,2066.48000000,2087.31000000,106004565.94915999
2026-02-14 21:00:00,2087.31000000,2097.68000000,2077.35000000,2085.44000000,69818099.68035001
2026-02-15 01:00:00,2085.44000000,2088.93000000,2035.00000000,2058.05000000,165917096.96678001
2026-02-15 05:00:00,2058.05000000,2102.72000000,2058.08000000,2090.58000000,167055217.39919001
2026-02-15 09:00:00,2090.58000000,2095.99000000,2053.28000000,2060.97000000,115862368.68291999
2026-02-15 13:00:00,2060.97000000,2067.34000000,1992.17000000,2010.25000000,262006262.90557000
2026-02-15 17:00:00,2010.25000000,2010.33000000,1927.85000000,1941.18000000,254795279.05386999
2026-02-15 21:00:00,1941.18000000,1973.60000000,1933.29000000,1965.48000000,144207841.95262000
2026-02-16 01:00:00,1965.48000000,1980.28000000,1947.49000000,1957.72000000,107888593.48370001
2026-02-16 05:00:00,1957.72000000,1977.66000000,1951.81000000,1970.12000000,91914958.69298001
2026-02-16 09:00:00,1970.12000000,1992.16000000,1956.05000000,1975.14000000,131665849.04561999
2026-02-16 13:00:00,1975.14000000,2023.05000000,1936.06000000,1955.51000000,396271707.51767999
2026-02-16 17:00:00,1955.51000000,1987.81000000,1955.14000000,1973.13000000,138367627.82418001
2026-02-16 21:00:00,1973.13000000,2003.09000000,1970.21000000,1997.35000000,84683732.55324000
2026-02-17 01:00:00,1997.35000000,2007.93000000,1979.29000000,1984.90000000,92263492.36071000
2026-02-17 05:00:00,1984.90000000,1997.54000000,1963.51000000,1984.85000000,88249712.40593000
2026-02-17 09:00:00,1984.85000000,1989.92000000,1960.53000000,1967.45000000,81284105.92436001
2026-02-17 13:00:00,1967.45000000,2002.20000000,1940.34000000,1967.70000000,301895834.19066000
2026-02-17 17:00:00,1967.70000000,2014.78000000,1952.81000000,1997.30000000,289124406.37823999
2026-02-17 21:00:00,1997.30000000,2003.25000000,1986.65000000,1990.68000000,65730671.23883000
2026-02-18 01:00:00,1990.68000000,1999.46000000,1967.27000000,1995.84000000,92094885.76715000
2026-02-18 05:00:00,1995.84000000,2021.99000000,1992.13000000,2017.19000000,117679215.63300000
2026-02-18 09:00:00,2017.19000000,2038.24000000,1975.29000000,1980.18000000,213412103.68728000
2026-02-18 13:00:00,1980.18000000,2009.62000000,1953.20000000,1984.57000000,348201802.24953002
2026-02-18 17:00:00,1984.57000000,1987.00000000,1922.26000000,1939.83000000,272094783.75836998
2026-02-18 21:00:00,1939.83000000,1955.58000000,1934.42000000,1954.77000000,88314964.37046000
2026-02-19 01:00:00,1954.77000000,1973.43000000,1949.10000000,1971.29000000,84908169.11514001
2026-02-19 05:00:00,1971.29000000,1986.81000000,1963.01000000,1980.83000000,103769423.50624000
2026-02-19 09:00:00,1980.83000000,1981.65000000,1947.19000000,1948.71000000,119526272.50831001
2026-02-19 13:00:00,1948.71000000,1955.24000000,1910.47000000,1925.02000000,326841524.87171000
2026-02-19 17:00:00,1925.02000000,1946.67000000,1905.53000000,1940.32000000,210305608.06742999
2026-02-19 21:00:00,1940.32000000,1951.83000000,1933.68000000,1948.16000000,75737529.46100000
2026-02-20 01:00:00,1948.16000000,1963.52000000,1946.31000000,1954.06000000,84641780.56531000
2026-02-20 05:00:00,1954.06000000,1967.78000000,1929.42000000,1959.65000000,145315115.13163999
2026-02-20 09:00:00,1959.65000000,1972.57000000,1939.35000000,1942.35000000,120948889.52146000
2026-02-20 13:00:00,1942.35000000,1980.08000000,1921.65000000,1963.06000000,334256404.53252000
2026-02-20 17:00:00,1963.06000000,1980.51000000,1937.82000000,1962.88000000,240266249.21579999
2026-02-20 21:00:00,1962.88000000,1974.42000000,1960.71000000,1967.86000000,53497961.35265000
2026-02-21 01:00:00,1967.86000000,1969.99000000,1955.15000000,1958.29000000,43249813.99155000
2026-02-21 05:00:00,1958.29000000,1965.45000000,1955.17000000,1962.01000000,28974542.59623000
2026-02-21 09:00:00,1962.01000000,1987.88000000,1961.26000000,1976.31000000,93136435.67940000
2026-02-21 13:00:00,1976.31000000,1995.45000000,1968.41000000,1987.04000000,112079912.87056001
2026-02-21 17:00:00,1987.04000000,1994.58000000,1975.32000000,1987.49000000,100638225.83931001
2026-02-21 21:00:00,1987.49000000,1989.55000000,1968.63000000,1972.58000000,71038115.63378000
2026-02-22 01:00:00,1972.58000000,1982.29000000,1966.22000000,1973.76000000,62679169.17467000
2026-02-22 05:00:00,1973.76000000,1978.59000000,1970.01000000,1975.01000000,31691657.80097000
2026-02-22 09:00:00,1975.01000000,1982.54000000,1969.30000000,1979.85000000,50160510.11597000
2026-02-22 13:00:00,1979.85000000,1980.60000000,1942.27000000,1952.82000000,172434675.70773000
2026-02-22 17:00:00,1952.82000000,1954.67000000,1933.84000000,1942.67000000,79575489.29029000
2026-02-22 21:00:00,1942.67000000,1959.99000000,1938.93000000,1957.01000000,67021463.23049000
2026-02-23 01:00:00,1957.01000000,1957.42000000,1844.76000000,1860.94000000,341434779.22470999
2026-02-23 05:00:00,1860.94000000,1887.76000000,1852.28000000,1884.14000000,131598358.02365001
2026-02-23 09:00:00,1884.14000000,1927.32000000,1875.62000000,1914.41000000,180819543.42881000
2026-02-23 13:00:00,1914.41000000,1935.06000000,1891.73000000,1894.73000000,259645561.35962999
2026-02-23 17:00:00,1894.73000000,1899.28000000,1836.36000000,1856.16000000,309654821.17774999
2026-02-23 21:00:00,1856.16000000,1868.99000000,1845.93000000,1855.47000000,113926848.06315000
2026-02-24 01:00:00,1855.47000000,1868.93000000,1810.47000000,1830.94000000,228834835.02634999
2026-02-24 05:00:00,1830.94000000,1839.55000000,1812.56000000,1824.67000000,171560641.33502001
2026-02-24 09:00:00,1824.67000000,1835.45000000,1813.62000000,1825.75000000,91977261.62351000
2026-02-24 13:00:00,1825.75000000,1849.07000000,1800.03000000,1846.37000000,311696743.81581002
2026-02-24 17:00:00,1846.37000000,1864.24000000,1837.23000000,1851.52000000,202292930.39640999
2026-02-24 21:00:00,1851.52000000,1863.14000000,1844.48000000,1851.09000000,78162215.16515000
2026-02-25 01:00:00,1851.09000000,1944.19000000,1845.70000000,1905.37000000,279078656.87550002
2026-02-25 05:00:00,1905.37000000,1913.49000000,1877.06000000,1892.36000000,149367861.95835000
2026-02-25 09:00:00,1892.36000000,1927.63000000,1889.24000000,1925.48000000,149755121.74122000
2026-02-25 13:00:00,1925.48000000,2027.20000000,1921.23000000,2012.77000000,532897142.85369003
2026-02-25 17:00:00,2012.77000000,2084.94000000,2012.15000000,2070.18000000,437760998.94169003
2026-02-25 21:00:00,2070.18000000,2148.06000000,2033.35000000,2056.51000000,339702532.32867002
2026-02-26 01:00:00,2056.51000000,2075.50000000,2038.07000000,2053.14000000,187453735.25152999
2026-02-26 05:00:00,2053.14000000,2082.96000000,2050.55000000,2052.48000000,178500564.97571999
2026-02-26 09:00:00,2052.48000000,2082.64000000,2043.81000000,2056.53000000,185158823.24842000
2026-02-26 13:00:00,2056.53000000,2077.34000000,2010.47000000,2032.32000000,344341945.64831001
2026-02-26 17:00:00,2032.32000000,2036.75000000,1974.65000000,2029.16000000,371038394.12563998
2026-02-26 21:00:00,2029.16000000,2041.21000000,2017.02000000,2026.71000000,99420938.24282999
2026-02-27 01:00:00,2026.71000000,2048.71000000,2000.06000000,2044.49000000,149497074.68911001
2026-02-27 05:00:00,2044.49000000,2063.14000000,2021.01000000,2031.53000000,157920921.02155000
2026-02-27 09:00:00,2031.53000000,2044.96000000,1952.04000000,1961.15000000,284171361.87105000
2026-02-27 13:00:00,1961.15000000,1967.85000000,1938.00000000,1947.44000000,320388038.24282002
2026-02-27 17:00:00,1947.44000000,1947.75000000,1906.00000000,1920.03000000,271502085.77333999
2026-02-27 21:00:00,1920.03000000,1932.61000000,1885.63000000,1928.51000000,153814113.29124999
2026-02-28 01:00:00,1928.51000000,1935.89000000,1917.77000000,1923.32000000,74924889.66755000
2026-02-28 05:00:00,1923.32000000,1930.43000000,1834.23000000,1865.63000000,339855035.67386001
2026-02-28 09:00:00,1865.63000000,1879.76000000,1843.74000000,1862.18000000,199001808.31595999
2026-02-28 13:00:00,1862.18000000,1914.92000000,1861.20000000,1897.77000000,300146113.92479998
2026-02-28 17:00:00,1897.77000000,1953.85000000,1886.02000000,1945.78000000,222610722.26875001
2026-02-28 21:00:00,1945.78000000,1984.11000000,1937.50000000,1963.49000000,181378699.39758000
2026-03-01 01:00:00,1963.49000000,2054.39000000,1942.80000000,2022.29000000,292125007.41509002
2026-03-01 05:00:00,2022.29000000,2029.27000000,1988.21000000,2006.27000000,193186981.10374999
2026-03-01 09:00:00,2006.27000000,2009.32000000,1971.40000000,1982.31000000,163342280.16924000
2026-03-01 13:00:00,1982.31000000,2026.97000000,1967.84000000,1992.31000000,313384818.93133998
2026-03-01 17:00:00,1992.31000000,2008.50000000,1945.07000000,1952.97000000,260247228.96970001
2026-03-01 21:00:00,1952.97000000,1972.07000000,1906.13000000,1938.46000000,258326201.65110999
2026-03-02 01:00:00,1938.46000000,1988.52000000,1936.33000000,1971.36000000,253188965.70870000
2026-03-02 05:00:00,1971.36000000,1983.82000000,1924.19000000,1940.15000000,170150451.43711999
2026-03-02 09:00:00,1940.15000000,1966.06000000,1918.47000000,1946.66000000,212682195.43463001
2026-03-02 13:00:00,1946.66000000,2064.77000000,1920.07000000,2046.39000000,558919437.21588004
2026-03-02 17:00:00,2046.39000000,2088.84000000,2016.61000000,2042.45000000,369432899.85439998
2026-03-02 21:00:00,2042.45000000,2057.98000000,2023.72000000,2026.69000000,132087289.52903000
2026-03-03 01:00:00,2026.69000000,2040.58000000,1996.66000000,2007.68000000,171596162.54405999
2026-03-03 05:00:00,2007.68000000,2018.35000000,1986.56000000,1995.47000000,199453485.44384000
2026-03-03 09:00:00,1995.47000000,1999.62000000,1938.01000000,1960.09000000,298945037.72160000
2026-03-03 13:00:00,1960.09000000,1989.18000000,1926.81000000,1968.33000000,509672314.59322000
2026-03-03 17:00:00,1968.33000000,2013.32000000,1957.55000000,1985.13000000,387577743.37819999
2026-03-03 21:00:00,1985.13000000,2000.86000000,1958.16000000,1981.85000000,126025746.54120000
2026-03-04 01:00:00,1981.85000000,1997.95000000,1943.49000000,1959.59000000,159602152.40009999
2026-03-04 05:00:00,1959.59000000,2009.53000000,1949.20000000,2005.72000000,155926789.52544999
2026-03-04 09:00:00,2005.72000000,2092.35000000,1999.39000000,2054.01000000,484737722.34654999
2026-03-04 13:00:00,2054.01000000,2160.62000000,2035.50000000,2149.30000000,517530164.49146998
2026-03-04 17:00:00,2149.30000000,2198.24000000,2128.28000000,2176.47000000,406227965.14023000
2026-03-04 21:00:00,2176.47000000,2178.69000000,2115.33000000,2126.07000000,182547925.70028001
2026-03-05 01:00:00,2126.07000000,2141.03000000,2106.41000000,2119.11000000,159864556.12785000
2026-03-05 05:00:00,2119.11000000,2144.05000000,2095.01000000,2104.29000000,179563615.04721001
2026-03-05 09:00:00,2104.29000000,2162.72000000,2092.70000000,2136.76000000,233751134.85360000
2026-03-05 13:00:00,2136.76000000,2142.10000000,2066.66000000,2086.00000000,368636767.88151002
2026-03-05 17:00:00,2086.00000000,2093.22000000,2053.79000000,2073.40000000,261405364.41574001
2026-03-05 21:00:00,2073.40000000,2098.72000000,2069.23000000,2072.00000000,100273607.41650000
2026-03-06 01:00:00,2072.00000000,2092.27000000,2060.87000000,2082.88000000,103813580.71321000
2026-03-06 05:00:00,2082.88000000,2086.57000000,2058.00000000,2081.84000000,122876264.63959999
2026-03-06 09:00:00,2081.84000000,2081.79000000,2044.57000000,2050.03000000,158715224.91677001
2026-03-06 13:00:00,2050.03000000,2061.77000000,1964.82000000,1976.43000000,572482835.83287001
2026-03-06 17:00:00,1976.43000000,1991.52000000,1954.55000000,1982.53000000,224622992.18741000
2026-03-06 21:00:00,1982.53000000,1988.89000000,1968.61000000,1977.65000000,96327572.45761999
2026-03-07 01:00:00,1977.65000000,1995.46000000,1971.38000000,1979.41000000,111253990.30856000
2026-03-07 05:00:00,1979.41000000,1983.62000000,1963.51000000,1982.18000000,97175137.49016000
2026-03-07 09:00:00,1982.18000000,1993.49000000,1974.01000000,1987.52000000,82333565.65279999
2026-03-07 13:00:00,1987.52000000,1989.85000000,1969.32000000,1980.24000000,129696901.38506000
2026-03-07 17:00:00,1980.24000000,1982.80000000,1947.11000000,1954.19000000,100896262.55948000
2026-03-07 21:00:00,1954.19000000,1973.14000000,1953.64000000,1968.40000000,58000929.79057000
2026-03-08 01:00:00,1968.40000000,1976.05000000,1934.37000000,1946.40000000,126721744.33960000
2026-03-08 05:00:00,1946.40000000,1959.01000000,1928.54000000,1953.98000000,105314687.97236000
2026-03-08 09:00:00,1953.98000000,1979.03000000,1943.36000000,1950.29000000,145105286.14177999
2026-03-08 13:00:00,1950.29000000,1953.74000000,1923.46000000,1942.10000000,187020667.88365000
2026-03-08 17:00:00,1942.10000000,1968.66000000,1926.73000000,1963.21000000,128337542.43972000
2026-03-08 21:00:00,1963.21000000,1970.16000000,1908.58000000,1935.98000000,190346400.94455999
2026-03-09 01:00:00,1935.98000000,2004.51000000,1928.23000000,1976.61000000,230664395.28419000
2026-03-09 05:00:00,1976.61000000,2013.33000000,1962.30000000,1982.62000000,199998951.82131001
2026-03-09 09:00:00,1982.62000000,2021.27000000,1977.86000000,1991.48000000,184722451.19352001
2026-03-09 13:00:00,1991.48000000,2032.15000000,1991.42000000,2021.45000000,293572802.77644998
2026-03-09 17:00:00,2021.45000000,2052.76000000,2004.64000000,2033.15000000,275133173.53876001
2026-03-09 21:00:00,2033.15000000,2036.45000000,1988.60000000,1992.28000000,114933705.40404999
2026-03-10 01:00:00,1992.28000000,2053.45000000,1990.23000000,2025.61000000,192527791.02077001
2026-03-10 05:00:00,2025.61000000,2059.02000000,2025.32000000,2049.99000000,135610195.38299999
2026-03-10 09:00:00,2049.99000000,2074.12000000,2049.99000000,2060.77000000,156328036.46599999
2026-03-10 13:00:00,2060.77000000,2084.99000000,2007.77000000,2078.33000000,462340398.66330999
2026-03-10 17:00:00,2078.33000000,2087.29000000,2026.00000000,2035.85000000,253899652.89480001
2026-03-10 21:00:00,2035.85000000,2047.50000000,2017.35000000,2035.39000000,87048124.87486000
2026-03-11 01:00:00,2035.39000000,2040.84000000,2017.02000000,2020.29000000,82784113.24933000
2026-03-11 05:00:00,2020.29000000,2040.37000000,2006.05000000,2011.57000000,126545051.58710000
2026-03-11 09:00:00,2011.57000000,2033.17000000,2008.51000000,2016.97000000,115750411.22100000
2026-03-11 13:00:00,2016.97000000,2081.61000000,2011.53000000,2048.84000000,445944744.63309002
2026-03-11 17:00:00,2048.84000000,2084.89000000,2045.32000000,2074.94000000,188686586.58656999
2026-03-11 21:00:00,2074.94000000,2083.85000000,2044.38000000,2051.16000000,101518951.26623000
2026-03-12 01:00:00,2051.16000000,2057.22000000,2016.44000000,2022.31000000,146761905.73054999
2026-03-12 05:00:00,2022.31000000,2041.32000000,2018.17000000,2039.82000000,119262108.28048000
2026-03-12 09:00:00,2039.82000000,2075.65000000,2037.03000000,2061.77000000,207609549.41743001
2026-03-12 13:00:00,2061.77000000,2094.34000000,2036.46000000,2071.40000000,421599349.72245002
2026-03-12 17:00:00,2071.40000000,2077.24000000,2044.01000000,2068.64000000,184230285.85653999
2026-03-12 21:00:00,2068.64000000,2092.74000000,2054.59000000,2072.65000000,131634957.98095000
2026-03-13 01:00:00,2072.65000000,2147.99000000,2069.14000000,2117.78000000,333658396.51603001
2026-03-13 05:00:00,2117.78000000,2119.19000000,2088.96000000,2098.44000000,135069059.09246001
2026-03-13 09:00:00,2098.44000000,2132.16000000,2090.26000000,2120.01000000,246895438.38525000
2026-03-13 13:00:00,2120.01000000,2208.16000000,2119.31000000,2127.01000000,703302552.04026997
2026-03-13 17:00:00,2127.01000000,2142.32000000,2089.76000000,2101.41000000,292719683.74857002
2026-03-13 21:00:00,2101.41000000,2116.18000000,2077.34000000,2091.26000000,187021094.62768000
2026-03-14 01:00:00,2091.26000000,2101.95000000,2080.25000000,2099.99000000,107593028.04979999
2026-03-14 05:00:00,2099.99000000,2104.82000000,2067.14000000,2076.30000000,168882099.34202999
2026-03-14 09:00:00,2076.30000000,2079.99000000,2060.24000000,2072.65000000,80148955.78206000
2026-03-14 13:00:00,2072.65000000,2079.55000000,2068.43000000,2073.55000000,129390852.68763000
2026-03-14 17:00:00,2073.55000000,2078.23000000,2067.95000000,2076.26000000,57662080.16316000
2026-03-14 21:00:00,2076.26000000,2098.03000000,2074.79000000,2095.28000000,73264257.27721000
2026-03-15 01:00:00,2095.28000000,2106.95000000,2082.12000000,2095.17000000,107571207.88322000
2026-03-15 05:00:00,2095.17000000,2114.98000000,2095.17000000,2104.97000000,173339119.35984999
2026-03-15 09:00:00,2104.97000000,2122.68000000,2104.97000000,2118.61000000,101139961.08611000
2026-03-15 13:00:00,2118.61000000,2118.96000000,2085.34000000,2092.93000000,149513469.87463999
2026-03-15 17:00:00,2092.93000000,2117.48000000,2087.66000000,2112.32000000,134693520.27182001
2026-03-15 21:00:00,2112.32000000,2202.50000000,2108.91000000,2177.73000000,529003213.71806997
2026-03-16 01:00:00,2177.73000000,2253.08000000,2164.05000000,2235.14000000,370914698.17194003
2026-03-16 05:00:00,2235.14000000,2287.89000000,2235.13000000,2248.43000000,359095640.58271998
2026-03-16 09:00:00,2248.43000000,2279.61000000,2234.23000000,2268.81000000,280586277.71016002
2026-03-16 13:00:00,2268.81000000,2307.83000000,2253.90000000,2272.42000000,840377170.78277004
2026-03-16 17:00:00,2272.42000000,2347.44000000,2268.72000000,2329.75000000,577656428.70879996
2026-03-16 21:00:00,2329.75000000,2384.98000000,2322.37000000,2351.67000000,412148698.27982002
2026-03-17 01:00:00,2351.67000000,2376.00000000,2306.84000000,2319.11000000,400260756.72832000
2026-03-17 05:00:00,2319.11000000,2336.80000000,2294.22000000,2326.74000000,399354971.89502001
2026-03-17 09:00:00,2326.74000000,2334.22000000,2303.38000000,2325.75000000,205969372.20170000
2026-03-17 13:00:00,2325.75000000,2356.65000000,2303.01000000,2314.68000000,576084177.83889997
2026-03-17 17:00:00,2314.68000000,2341.66000000,2311.03000000,2319.09000000,387084800.39967000
2026-03-17 21:00:00,2319.09000000,2343.63000000,2315.51000000,2316.45000000,178623784.19685999
2026-03-18 01:00:00,2316.45000000,2348.82000000,2306.12000000,2339.61000000,170792506.27792999
2026-03-18 05:00:00,2339.61000000,2340.99000000,2310.76000000,2316.61000000,194051565.21410999
2026-03-18 09:00:00,2316.61000000,2332.69000000,2262.01000000,2268.11000000,338536656.07607001
2026-03-18 13:00:00,2268.11000000,2269.74000000,2168.00000000,2186.25000000,665132460.51486003
2026-03-18 17:00:00,2186.25000000,2218.93000000,2165.46000000,2185.07000000,342743439.30387002
2026-03-18 21:00:00,2185.07000000,2205.91000000,2151.67000000,2201.95000000,200871499.18437999
2026-03-19 01:00:00,2201.95000000,2232.59000000,2186.20000000,2210.86000000,240079707.18507999
2026-03-19 05:00:00,2210.86000000,2211.99000000,2141.79000000,2165.23000000,372529318.81704003
2026-03-19 09:00:00,2165.23000000,2191.14000000,2156.84000000,2165.99000000,287020748.33262998
2026-03-19 13:00:00,2165.99000000,2166.58000000,2098.28000000,2117.61000000,835925835.79348004
2026-03-19 17:00:00,2117.61000000,2155.92000000,2103.43000000,2140.00000000,432547054.58831000
2026-03-19 21:00:00,2140.00000000,2154.09000000,2129.56000000,2136.57000000,265421986.38778001
2026-03-20 01:00:00,2136.57000000,2159.66000000,2131.36000000,2150.20000000,284114038.66740000
2026-03-20 05:00:00,2150.20000000,2158.56000000,2120.34000000,2149.30000000,414702990.25303000
2026-03-20 09:00:00,2149.30000000,2175.63000000,2130.23000000,2140.37000000,212748142.71809000
2026-03-20 13:00:00,2140.37000000,2151.85000000,2115.73000000,2133.09000000,568261537.87445998
2026-03-20 17:00:00,2133.09000000,2143.99000000,2116.29000000,2132.00000000,555498221.44529998
2026-03-20 21:00:00,2132.00000000,2167.51000000,2122.84000000,2145.08000000,194564713.35214999
2026-03-21 01:00:00,2145.08000000,2158.99000000,2142.88000000,2152.41000000,186084260.64691001
2026-03-21 05:00:00,2152.41000000,2160.58000000,2149.32000000,2154.40000000,44116907.24407000
2026-03-21 09:00:00,2154.40000000,2158.15000000,2148.45000000,2156.53000000,42746507.06903000
2026-03-21 13:00:00,2156.53000000,2167.59000000,2145.16000000,2154.25000000,151804248.82223001
2026-03-21 17:00:00,2154.25000000,2154.66000000,2141.06000000,2151.19000000,86112394.98131000
2026-03-21 21:00:00,2151.19000000,2156.12000000,2069.02000000,2083.36000000,257384195.65428001
2026-03-22 01:00:00,2083.36000000,2126.24000000,2048.13000000,2112.89000000,427366053.79317999
2026-03-22 05:00:00,2112.89000000,2121.81000000,2092.04000000,2092.79000000,116130706.42798001
2026-03-22 09:00:00,2092.79000000,2095.07000000,2065.80000000,2068.91000000,183051057.33292001
2026-03-22 13:00:00,2068.91000000,2091.38000000,2067.00000000,2081.97000000,110558964.40407000
2026-03-22 17:00:00,2081.97000000,2083.56000000,2053.05000000,2061.99000000,336754071.58709002
2026-03-22 21:00:00,2061.99000000,2072.91000000,2024.43000000,2052.86000000,714902843.55359006
2026-03-23 01:00:00,2052.86000000,2071.70000000,2034.61000000,2051.55000000,528626806.60924000
2026-03-23 05:00:00,2051.55000000,2071.30000000,2021.64000000,2043.28000000,936058885.48655999
2026-03-23 09:00:00,2043.28000000,2198.59000000,2027.76000000,2133.97000000,1251370351.34964991
2026-03-23 13:00:00,2133.97000000,2191.95000000,2106.52000000,2127.54000000,943460851.22763002
2026-03-23 17:00:00,2127.54000000,2178.02000000,2116.59000000,2153.51000000,832001969.51364005
2026-03-23 21:00:00,2153.51000000,2165.49000000,2139.77000000,2151.01000000,382247732.30062997
2026-03-24 01:00:00,2151.01000000,2155.23000000,2123.54000000,2140.62000000,358429440.77790999
2026-03-24 05:00:00,2140.62000000,2169.88000000,2127.81000000,2164.34000000,371031376.75621998
2026-03-24 09:00:00,2164.34000000,2174.50000000,2146.01000000,2164.75000000,956413081.16094005
2026-03-24 13:00:00,2164.75000000,2169.33000000,2118.77000000,2134.13000000,1834449609.84431005
2026-03-24 17:00:00,2134.13000000,2139.89000000,2102.00000000,2116.08000000,1185352250.76534009
2026-03-24 21:00:00,2116.08000000,2162.92000000,2114.82000000,2155.29000000,934183331.56661999
2026-03-25 01:00:00,2155.29000000,2167.97000000,2144.91000000,2157.49000000,557139784.94619000
2026-03-25 05:00:00,2157.49000000,2178.74000000,2155.57000000,2163.71000000,703208790.42734003
2026-03-25 09:00:00,2163.71000000,2198.71000000,2163.15000000,2185.01000000,1188599562.20425010
2026-03-25 13:00:00,2185.01000000,2197.30000000,2146.36000000,2161.67000000,1516052511.21455002
2026-03-25 17:00:00,2161.67000000,2184.08000000,2155.24000000,2171.73000000,710620603.76171994
2026-03-25 21:00:00,2171.73000000,2182.25000000,2158.01000000,2168.01000000,371794561.17492002
2026-03-26 01:00:00,2168.01000000,2171.32000000,2142.82000000,2152.14000000,622559153.31327999
2026-03-26 05:00:00,2152.14000000,2153.52000000,2110.74000000,2122.37000000,878740229.71366000
2026-03-26 09:00:00,2122.37000000,2125.52000000,2061.42000000,2067.34000000,1153544093.04241991
2026-03-26 13:00:00,2067.34000000,2092.71000000,2050.56000000,2069.42000000,1165248038.72301006
2026-03-26 17:00:00,2069.42000000,2070.00000000,2033.33000000,2047.85000000,773429770.53921998
2026-03-26 21:00:00,2047.85000000,2079.69000000,2045.17000000,2059.18000000,658095788.31016004
2026-03-27 01:00:00,2059.18000000,2076.11000000,2055.50000000,2060.45000000,390686738.81089002
2026-03-27 05:00:00,2060.45000000,2071.15000000,2041.68000000,2064.94000000,650497634.51999998
2026-03-27 09:00:00,2064.94000000,2068.51000000,1980.95000000,1990.23000000,1526458281.90971994
2026-03-27 13:00:00,1990.23000000,2009.46000000,1966.37000000,1990.12000000,1414866745.67354989
2026-03-27 17:00:00,1990.12000000,1996.89000000,1973.37000000,1990.35000000,714604144.99650002
2026-03-27 21:00:00,1990.35000000,1995.23000000,1979.02000000,1991.58000000,255123826.63710001
2026-03-28 01:00:00,1991.58000000,1994.21000000,1981.52000000,1987.95000000,212733947.44136000
2026-03-28 05:00:00,1987.95000000,2007.41000000,1986.00000000,2005.94000000,356362611.52310002
2026-03-28 09:00:00,2005.94000000,2007.46000000,1991.52000000,1996.42000000,395498638.42633998
2026-03-28 13:00:00,1996.42000000,2045.75000000,1991.19000000,2025.80000000,1011352175.84627998
2026-03-28 17:00:00,2025.80000000,2028.97000000,2015.35000000,2019.52000000,192392149.60681000
2026-03-28 21:00:00,2019.52000000,2025.42000000,1988.17000000,1993.48000000,331990094.79764998
2026-03-29 01:00:00,1993.48000000,2018.84000000,1990.51000000,2010.15000000,409818676.18939000
2026-03-29 06:00:00,2010.15000000,2011.89000000,1996.51000000,2005.00000000,280071751.92954999
2026-03-29 10:00:00,2005.00000000,2007.25000000,1990.46000000,2002.65000000,323729097.26143003
2026-03-29 14:00:00,2002.65000000,2003.98000000,1982.65000000,1991.80000000,455347842.31120998
2026-03-29 18:00:00,1991.80000000,2002.76000000,1986.69000000,1995.04000000,356244430.72083002
2026-03-29 22:00:00,1995.04000000,2008.68000000,1936.72000000,1983.27000000,997245785.07529998
2026-03-30 02:00:00,1983.27000000,2042.88000000,1978.70000000,2034.97000000,997642361.75381005
2026-03-30 06:00:00,2034.97000000,2067.08000000,2034.97000000,2058.86000000,654596979.17078996
2026-03-30 10:00:00,2058.86000000,2079.65000000,2047.96000000,2070.40000000,707014759.66501999
2026-03-30 14:00:00,2070.40000000,2083.78000000,2043.16000000,2073.53000000,1061592444.96993005
2026-03-30 18:00:00,2073.53000000,2073.99000000,2012.15000000,2022.69000000,798917138.52295005
2026-03-30 22:00:00,2022.69000000,2048.16000000,2012.69000000,2025.69000000,500480410.35391003
2026-03-31 02:00:00,2025.69000000,2092.00000000,2015.26000000,2065.92000000,1116563193.22111011
2026-03-31 06:00:00,2065.92000000,2071.42000000,2040.99000000,2054.99000000,529021222.73486000
2026-03-31 10:00:00,2054.99000000,2058.32000000,2011.27000000,2040.22000000,786566694.55054998
2026-03-31 14:00:00,2040.22000000,2091.48000000,2034.39000000,2053.83000000,1593036455.12462997
2026-03-31 18:00:00,2053.83000000,2123.32000000,2053.32000000,2095.44000000,1376700996.46981001
2026-03-31 22:00:00,2095.44000000,2108.90000000,2087.23000000,2104.65000000,474889882.87676001
2026-04-01 02:00:00,2104.65000000,2117.35000000,2081.44000000,2101.87000000,552621353.08702004
2026-04-01 06:00:00,2101.87000000,2157.27000000,2099.18000000,2130.14000000,982506017.45331001
2026-04-01 10:00:00,2130.14000000,2142.25000000,2124.43000000,2134.47000000,412476977.99847001
2026-04-01 14:00:00,2134.47000000,2147.85000000,2108.00000000,2134.00000000,1010081439.12140000
2026-04-01 18:00:00,2134.00000000,2167.19000000,2122.37000000,2140.24000000,706391753.66557002
2026-04-01 22:00:00,2140.24000000,2164.41000000,2129.49000000,2138.81000000,358889764.42941999
2026-04-02 02:00:00,2138.81000000,2158.24000000,2044.04000000,2054.74000000,1207798519.02998996
2026-04-02 06:00:00,2054.74000000,2057.33000000,2037.44000000,2054.79000000,441322366.85214001
2026-04-02 10:00:00,2054.79000000,2054.79000000,2023.23000000,2032.04000000,389874865.50957000
2026-04-02 14:00:00,2032.04000000,2071.21000000,2015.67000000,2058.55000000,1017654175.17539001
2026-04-02 18:00:00,2058.55000000,2074.99000000,2042.34000000,2064.16000000,469775654.37326998
2026-04-02 22:00:00,2064.16000000,2073.41000000,2052.59000000,2055.97000000,262831859.01859999
2026-04-03 02:00:00,2055.97000000,2061.78000000,2039.50000000,2053.01000000,308963023.37677002
2026-04-03 06:00:00,2053.01000000,2074.47000000,2046.16000000,2064.90000000,197426656.46880999
2026-04-03 10:00:00,2064.90000000,2071.14000000,2052.03000000,2061.88000000,178087446.19552001
2026-04-03 14:00:00,2061.88000000,2080.32000000,2040.56000000,2050.31000000,472888960.37610000
2026-04-03 18:00:00,2050.31000000,2055.89000000,2042.75000000,2051.43000000,175751765.51065001
2026-04-03 22:00:00,2051.43000000,2059.91000000,2048.38000000,2052.99000000,147591601.84202000
2026-04-04 02:00:00,2052.99000000,2053.00000000,2046.87000000,2049.21000000,66410512.22480000
2026-04-04 06:00:00,2049.21000000,2057.31000000,2047.51000000,2052.73000000,49464661.98342000
2026-04-04 10:00:00,2052.73000000,2054.49000000,2046.38000000,2051.05000000,60373201.50946000
2026-04-04 14:00:00,2051.05000000,2060.85000000,2043.17000000,2055.16000000,105541724.75710000
2026-04-04 18:00:00,2055.16000000,2083.00000000,2051.70000000,2063.77000000,192361146.71344000
2026-04-04 22:00:00,2063.77000000,2071.39000000,2058.92000000,2064.44000000,130624003.07510000
2026-04-05 02:00:00,2064.44000000,2064.59000000,2052.99000000,2055.65000000,56899304.50027000
2026-04-05 06:00:00,2055.65000000,2057.19000000,2026.32000000,2036.12000000,180050334.98954001
2026-04-05 10:00:00,2036.12000000,2051.83000000,2034.57000000,2040.97000000,93537448.48612000
2026-04-05 14:00:00,2040.97000000,2069.06000000,2020.85000000,2053.13000000,316585515.12212002
2026-04-05 18:00:00,2053.13000000,2068.88000000,2047.69000000,2060.99000000,184228920.83899999
2026-04-05 22:00:00,2060.99000000,2122.66000000,2048.66000000,2109.36000000,375787073.28044999
2026-04-06 02:00:00,2109.36000000,2146.34000000,2109.36000000,2128.37000000,625601886.06000996
2026-04-06 06:00:00,2128.37000000,2139.96000000,2119.04000000,2134.02000000,191687161.43377000
2026-04-06 10:00:00,2134.02000000,2173.75000000,2132.52000000,2150.55000000,365474104.54830003
2026-04-06 14:00:00,2150.55000000,2168.83000000,2136.63000000,2163.42000000,485449170.13156003
2026-04-06 18:00:00,2163.42000000,2167.50000000,2122.12000000,2143.43000000,372692578.67899001
2026-04-06 22:00:00,2143.43000000,2154.22000000,2086.79000000,2106.03000000,330070026.30633003
2026-04-07 02:00:00,2106.03000000,2119.33000000,2092.09000000,2107.20000000,267889696.99603999
2026-04-07 06:00:00,2107.20000000,2118.26000000,2095.46000000,2102.99000000,139665481.69018000
2026-04-07 10:00:00,2102.99000000,2132.96000000,2080.99000000,2088.48000000,443130216.57767999
2026-04-07 14:00:00,2088.48000000,2092.35000000,2059.18000000,2079.27000000,480206552.68360001
2026-04-07 18:00:00,2079.27000000,2115.96000000,2076.41000000,2112.32000000,367826990.25672001
2026-04-07 22:00:00,2112.32000000,2272.89000000,2109.43000000,2239.14000000,1171770788.28883004
2026-04-08 02:00:00,2239.14000000,2250.50000000,2227.62000000,2233.89000000,351129908.78399003
2026-04-08 06:00:00,2233.89000000,2259.71000000,2233.89000000,2252.75000000,243633301.02882999
2026-04-08 10:00:00,2252.75000000,2262.50000000,2236.65000000,2246.53000000,214779627.89958999
2026-04-08 14:00:00,2246.53000000,2269.66000000,2186.30000000,2214.57000000,729185427.18820000
2026-04-08 18:00:00,2214.57000000,2238.63000000,2196.56000000,2210.24000000,337369161.68923998
2026-04-08 22:00:00,2210.24000000,2221.64000000,2178.43000000,2188.82000000,215439315.10793999
2026-04-09 02:00:00,2188.82000000,2193.11000000,2161.00000000,2181.32000000,429542833.79479003
2026-04-09 06:00:00,2181.32000000,2188.11000000,2174.39000000,2179.97000000,172671680.80215999
2026-04-09 10:00:00,2179.97000000,2196.10000000,2175.15000000,2179.02000000,249770064.28211999
2026-04-09 14:00:00,2179.02000000,2224.46000000,2156.22000000,2217.00000000,855672698.61611998
2026-04-09 18:00:00,2217.00000000,2228.23000000,2190.99000000,2215.31000000,611205893.70832002
2026-04-09 22:00:00,2215.31000000,2245.31000000,2181.76000000,2188.92000000,587510713.93669999
2026-04-10 02:00:00,2188.92000000,2203.00000000,2175.70000000,2185.16000000,252466476.90384001
2026-04-10 06:00:00,2185.16000000,2202.09000000,2175.25000000,2178.48000000,158205829.10385001
2026-04-10 10:00:00,2178.48000000,2223.00000000,2176.05000000,2214.71000000,342911996.89073998
2026-04-10 14:00:00,2214.71000000,2256.76000000,2206.81000000,2223.23000000,1047143337.59291995
2026-04-10 18:00:00,2223.23000000,2254.67000000,2220.04000000,2251.66000000,317752206.93112999
2026-04-10 22:00:00,2251.66000000,2255.88000000,2234.41000000,2243.90000000,158809341.89263999
2026-04-11 02:00:00,2243.90000000,2250.53000000,2233.33000000,2235.87000000,112642565.79269999
2026-04-11 06:00:00,2235.87000000,2241.68000000,2227.31000000,2231.68000000,115301453.85003000
2026-04-11 10:00:00,2231.68000000,2248.28000000,2230.79000000,2245.00000000,198385411.72373000
2026-04-11 14:00:00,2245.00000000,2255.43000000,2232.32000000,2248.39000000,221983946.59222999
2026-04-11 18:00:00,2248.39000000,2329.03000000,2245.22000000,2315.25000000,544727785.32322001
2026-04-11 22:00:00,2315.25000000,2316.37000000,2275.43000000,2283.85000000,320230123.52568001
2026-04-12 02:00:00,2283.85000000,2287.55000000,2205.53000000,2212.70000000,490114810.04711002
2026-04-12 06:00:00,2212.70000000,2219.80000000,2207.40000000,2217.01000000,124098083.52573000
2026-04-12 10:00:00,2217.01000000,2217.99000000,2192.55000000,2203.14000000,154678578.30037001
2026-04-12 14:00:00,2203.14000000,2207.21000000,2174.22000000,2185.27000000,314115678.73101002
2026-04-12 18:00:00,2185.27000000,2205.90000000,2181.78000000,2197.24000000,145949494.58350000
2026-04-12 22:00:00,2197.24000000,2217.24000000,2182.62000000,2190.36000000,238377323.24044001
2026-04-13 02:00:00,2190.36000000,2207.89000000,2186.27000000,2193.27000000,131818292.67595001
2026-04-13 06:00:00,2193.27000000,2200.88000000,2181.10000000,2185.51000000,174889575.75701001
2026-04-13 10:00:00,2185.51000000,2194.61000000,2178.19000000,2186.29000000,151852834.17311001
2026-04-13 14:00:00,2186.29000000,2235.52000000,2174.59000000,2208.08000000,766384905.88654995
2026-04-13 18:00:00,2208.08000000,2268.26000000,2198.57000000,2261.20000000,772881461.32539999
2026-04-13 22:00:00,2261.20000000,2395.04000000,2246.54000000,2368.81000000,1223093165.98633003
2026-04-14 02:00:00,2368.81000000,2377.64000000,2353.89000000,2364.68000000,418235605.14352000
2026-04-14 06:00:00,2364.68000000,2388.73000000,2353.87000000,2376.96000000,330635495.70390999
2026-04-14 10:00:00,2376.96000000,2395.27000000,2366.62000000,2373.13000000,441051783.54285002
2026-04-14 14:00:00,2373.13000000,2414.49000000,2332.50000000,2363.42000000,1025041243.12269998
2026-04-14 18:00:00,2363.42000000,2370.28000000,2301.96000000,2312.39000000,431816458.40452999
2026-04-14 22:00:00,2312.39000000,2330.95000000,2307.21000000,2321.16000000,252842852.62128001
2026-04-15 02:00:00,2321.16000000,2341.62000000,2316.55000000,2327.59000000,188878898.65101001
2026-04-15 06:00:00,2327.59000000,2336.98000000,2307.15000000,2315.52000000,176382970.51738000
2026-04-15 10:00:00,2315.52000000,2338.82000000,2310.94000000,2336.21000000,234304526.76021001
2026-04-15 14:00:00,2336.21000000,2348.06000000,2316.17000000,2330.61000000,682003298.56886995
2026-04-15 18:00:00,2330.61000000,2384.66000000,2328.01000000,2373.30000000,606922120.31924999
2026-04-15 22:00:00,2373.30000000,2379.61000000,2346.03000000,2358.87000000,657049503.53804004
2026-04-16 02:00:00,2358.87000000,2368.45000000,2344.04000000,2356.59000000,260476200.38424000
2026-04-16 06:00:00,2356.59000000,2362.91000000,2334.45000000,2340.40000000,158633546.41758001
2026-04-16 10:00:00,2340.40000000,2347.06000000,2327.30000000,2334.43000000,240591585.05756000
2026-04-16 14:00:00,2334.43000000,2350.62000000,2283.35000000,2337.59000000,1018793054.44827998
2026-04-16 18:00:00,2337.59000000,2360.75000000,2308.39000000,2358.39000000,649127017.51715004
2026-04-16 22:00:00,2358.39000000,2363.65000000,2334.96000000,2346.92000000,328710992.83048999
2026-04-17 02:00:00,2346.92000000,2349.85000000,2322.75000000,2324.46000000,154513069.89427999
2026-04-17 06:00:00,2324.46000000,2340.88000000,2315.68000000,2333.24000000,158806080.82220000
2026-04-17 10:00:00,2333.24000000,2376.49000000,2331.91000000,2353.63000000,390052004.85066998
2026-04-17 14:00:00,2353.63000000,2456.14000000,2348.00000000,2440.70000000,1541375582.82040000
2026-04-17 18:00:00,2440.70000000,2463.66000000,2414.12000000,2426.32000000,636364433.07677996
2026-04-17 22:00:00,2426.32000000,2441.23000000,2414.29000000,2417.66000000,169689813.48554999
2026-04-18 02:00:00,2417.66000000,2427.08000000,2397.95000000,2403.88000000,379504309.27995002
2026-04-18 06:00:00,2403.88000000,2412.32000000,2398.34000000,2402.39000000,108266389.58350000
2026-04-18 10:00:00,2402.39000000,2403.84000000,2341.86000000,2351.46000000,466381136.47526002
2026-04-18 14:00:00,2351.46000000,2368.13000000,2343.60000000,2361.99000000,206509719.94782001
2026-04-18 18:00:00,2361.99000000,2373.72000000,2337.50000000,2347.04000000,253244343.51677001
2026-04-18 22:00:00,2347.04000000,2358.20000000,2343.42000000,2348.94000000,75383147.04536000
2026-04-19 02:00:00,2348.94000000,2353.99000000,2330.83000000,2338.60000000,282163895.36464000
2026-04-19 06:00:00,2338.60000000,2344.88000000,2295.32000000,2314.28000000,324322291.56617999
2026-04-19 10:00:00,2314.28000000,2329.45000000,2304.36000000,2327.54000000,234188203.44901001
2026-04-19 14:00:00,2327.54000000,2348.55000000,2314.40000000,2329.47000000,364769476.34552997
2026-04-19 18:00:00,2329.47000000,2329.78000000,2286.31000000,2298.63000000,538988516.65524006
2026-04-19 22:00:00,2298.63000000,2299.04000000,2251.07000000,2262.00000000,377197260.10368001
2026-04-20 02:00:00,2262.00000000,2292.90000000,2258.70000000,2285.07000000,337567700.96236998
2026-04-20 06:00:00,2285.07000000,2331.50000000,2262.07000000,2296.83000000,526028701.99774998
2026-04-20 10:00:00,2296.83000000,2319.17000000,2288.21000000,2306.81000000,211229170.81284001
2026-04-20 14:00:00,2306.81000000,2325.28000000,2277.27000000,2312.71000000,548739706.23646998
2026-04-20 18:00:00,2312.71000000,2343.27000000,2296.51000000,2330.32000000,489863606.26893997
2026-04-20 22:00:00,2330.32000000,2345.88000000,2306.33000000,2312.59000000,177484863.55026001
2026-04-21 02:00:00,2312.59000000,2325.11000000,2298.21000000,2310.14000000,192462307.03285000
2026-04-21 06:00:00,2310.14000000,2326.38000000,2302.90000000,2316.96000000,178647466.95919001
2026-04-21 10:00:00,2316.96000000,2337.90000000,2312.61000000,2318.91000000,316215033.92304999
2026-04-21 14:00:00,2318.91000000,2326.53000000,2289.01000000,2309.30000000,546800436.80622995
2026-04-21 18:00:00,2309.30000000,2329.92000000,2283.69000000,2297.03000000,435464975.16553003
2026-04-21 22:00:00,2297.03000000,2328.66000000,2294.57000000,2326.13000000,329152345.41447002
2026-04-22 02:00:00,2326.13000000,2378.91000000,2311.60000000,2362.69000000,748804788.21028996
2026-04-22 06:00:00,2362.69000000,2413.22000000,2357.26000000,2389.25000000,676322427.37344003
2026-04-22 10:00:00,2389.25000000,2399.87000000,2382.06000000,2397.59000000,156931400.27061999
2026-04-22 14:00:00,2397.59000000,2422.54000000,2389.49000000,2402.69000000,598799985.01209998
2026-04-22 18:00:00,2402.69000000,2412.68000000,2383.35000000,2396.75000000,332314258.55435997
2026-04-22 22:00:00,2396.75000000,2405.25000000,2372.60000000,2373.04000000,162310622.87786001
2026-04-23 02:00:00,2373.04000000,2381.79000000,2330.01000000,2339.72000000,412145373.08686000
2026-04-23 06:00:00,2339.72000000,2357.33000000,2336.00000000,2342.82000000,207866801.16729000
2026-04-23 10:00:00,2342.82000000,2343.72000000,2303.95000000,2327.93000000,385917399.44849998
2026-04-23 14:00:00,2327.93000000,2342.22000000,2314.09000000,2332.17000000,336624940.13205999
2026-04-23 18:00:00,2332.17000000,2334.50000000,2283.66000000,2311.64000000,354767292.55708998
2026-04-23 22:00:00,2311.64000000,2337.65000000,2311.50000000,2328.94000000,149221668.29976001
2026-04-24 02:00:00,2328.94000000,2336.45000000,2299.84000000,2307.14000000,284495330.89748001
2026-04-24 06:00:00,2307.14000000,2316.19000000,2298.69000000,2310.49000000,143842688.40087000
2026-04-24 10:00:00,2310.49000000,2331.00000000,2302.09000000,2326.70000000,228908074.57304999
2026-04-24 14:00:00,2326.70000000,2330.26000000,2300.00000000,2322.73000000,377987248.58592999
2026-04-24 18:00:00,2322.73000000,2324.00000000,2307.27000000,2320.37000000,195211995.92877001
2026-04-24 22:00:00,2320.37000000,2327.14000000,2305.66000000,2313.88000000,101684191.85346000
2026-04-25 02:00:00,2313.88000000,2320.00000000,2310.01000000,2317.52000000,48189817.67307000
2026-04-25 06:00:00,2317.52000000,2318.17000000,2312.06000000,2315.33000000,37917212.54583000
2026-04-25 10:00:00,2315.33000000,2322.14000000,2309.59000000,2312.43000000,83130806.63338000
2026-04-25 14:00:00,2312.43000000,2317.94000000,2300.63000000,2306.65000000,98536716.44099000
2026-04-25 18:00:00,2306.65000000,2312.94000000,2299.38000000,2308.88000000,104317431.48718999
2026-04-25 22:00:00,2308.88000000,2319.63000000,2307.80000000,2318.21000000,68803477.44809000
2026-04-26 02:00:00,2318.21000000,2318.58000000,2305.07000000,2308.65000000,75197973.87398000
2026-04-26 06:00:00,2308.65000000,2335.47000000,2307.61000000,2330.22000000,228279764.26071000
2026-04-26 10:00:00,2330.22000000,2336.85000000,2328.17000000,2334.79000000,131021424.92688000
2026-04-26 14:00:00,2334.79000000,2351.59000000,2323.34000000,2347.00000000,211723441.64545000
2026-04-26 18:00:00,2347.00000000,2375.41000000,2339.08000000,2366.18000000,299234276.26543999
2026-04-26 22:00:00,2366.18000000,2379.11000000,2347.20000000,2368.32000000,306753681.22987998
2026-04-27 02:00:00,2368.32000000,2403.40000000,2357.25000000,2393.69000000,381108474.82832998
2026-04-27 06:00:00,2393.69000000,2394.92000000,2310.86000000,2314.51000000,538311641.29751003
2026-04-27 10:00:00,2314.51000000,2324.24000000,2307.50000000,2318.76000000,181767777.18237001
2026-04-27 14:00:00,2318.76000000,2328.71000000,2263.88000000,2273.52000000,619627260.24081004
2026-04-27 18:00:00,2273.52000000,2291.00000000,2268.59000000,2287.71000000,183380174.68860999
2026-04-27 22:00:00,2287.71000000,2307.22000000,2283.06000000,2302.28000000,124310208.83081999
2026-04-28 02:00:00,2302.28000000,2309.59000000,2279.31000000,2289.48000000,166149544.76995000
2026-04-28 06:00:00,2289.48000000,2295.74000000,2268.25000000,2286.49000000,200094673.64791000
2026-04-28 10:00:00,2286.49000000,2290.25000000,2269.29000000,2274.40000000,159036935.32007000
2026-04-28 14:00:00,2274.40000000,2284.95000000,2256.58000000,2278.46000000,362374596.05390000
2026-04-28 18:00:00,2278.46000000,2304.67000000,2273.00000000,2300.99000000,213184229.54600000
2026-04-28 22:00:00,2300.99000000,2304.83000000,2282.87000000,2288.36000000,94751735.40011001
2026-04-29 02:00:00,2288.36000000,2315.70000000,2277.99000000,2310.55000000,239962775.93922001
2026-04-29 06:00:00,2310.55000000,2341.80000000,2308.08000000,2322.83000000,348975796.89006001
2026-04-29 10:00:00,2322.83000000,2346.15000000,2319.99000000,2330.57000000,261450094.47143000
2026-04-29 14:00:00,2330.57000000,2331.00000000,2261.89000000,2271.31000000,557887692.80419004
2026-04-29 18:00:00,2271.31000000,2284.86000000,2218.74000000,2232.49000000,622128201.99793994
2026-04-29 22:00:00,2232.49000000,2263.74000000,2229.10000000,2251.53000000,195353203.82359999
2026-04-30 02:00:00,2251.53000000,2277.87000000,2234.50000000,2251.82000000,268126770.38651001
2026-04-30 06:00:00,2251.82000000,2261.23000000,2230.10000000,2259.00000000,193619536.82095999
2026-04-30 10:00:00,2259.00000000,2272.48000000,2251.00000000,2257.06000000,209939454.80015001
2026-04-30 14:00:00,2257.06000000,2274.40000000,2245.26000000,2264.60000000,319192628.57213002
2026-04-30 18:00:00,2264.60000000,2266.09000000,2250.22000000,2260.87000000,134901064.95423999
2026-04-30 22:00:00,2260.87000000,2266.21000000,2250.98000000,2256.49000000,67249600.76139000
2026-05-01 02:00:00,2256.49000000,2294.62000000,2256.04000000,2281.60000000,198715814.40016001
2026-05-01 06:00:00,2281.60000000,2285.81000000,2271.01000000,2278.55000000,143196954.50367999
2026-05-01 10:00:00,2278.55000000,2292.33000000,2275.69000000,2285.31000000,135229215.27296001
2026-05-01 14:00:00,2285.31000000,2324.59000000,2282.68000000,2306.87000000,568279813.87995994
2026-05-01 18:00:00,2306.87000000,2313.33000000,2297.04000000,2303.86000000,186376876.93540999
2026-05-01 22:00:00,2303.86000000,2304.83000000,2278.01000000,2294.34000000,173637692.19538000
2026-05-02 02:00:00,2294.34000000,2307.19000000,2291.41000000,2303.05000000,90189301.30930001
2026-05-02 06:00:00,2303.05000000,2305.12000000,2295.44000000,2299.78000000,66039465.07659000
2026-05-02 10:00:00,2299.78000000,2306.89000000,2297.60000000,2301.01000000,48925665.96719000
2026-05-02 14:00:00,2301.01000000,2310.89000000,2299.99000000,2307.85000000,74354910.72460000
2026-05-02 18:00:00,2307.85000000,2312.88000000,2302.47000000,2310.15000000,68163344.30227999
2026-05-02 22:00:00,2310.15000000,2341.82000000,2308.41000000,2315.91000000,159696468.18002000
2026-05-03 02:00:00,2315.91000000,2316.54000000,2298.02000000,2300.66000000,135239101.85236001
2026-05-03 06:00:00,2300.66000000,2312.98000000,2296.16000000,2308.19000000,90325585.73662999
2026-05-03 10:00:00,2308.19000000,2327.13000000,2306.36000000,2318.87000000,137491762.38824999
2026-05-03 14:00:00,2318.87000000,2332.99000000,2318.87000000,2327.24000000,138099944.20401999
2026-05-03 18:00:00,2327.24000000,2337.16000000,2321.24000000,2334.61000000,94011704.02475999
2026-05-03 22:00:00,2334.61000000,2355.98000000,2313.59000000,2321.68000000,305315307.20898002
2026-05-04 02:00:00,2321.68000000,2391.27000000,2308.09000000,2384.08000000,541703423.20598996
2026-05-04 06:00:00,2384.08000000,2398.48000000,2353.01000000,2361.80000000,290183703.43378001
2026-05-04 10:00:00,2361.80000000,2369.83000000,2313.06000000,2336.21000000,467025969.15253001
2026-05-04 14:00:00,2336.21000000,2380.97000000,2324.43000000,2348.55000000,584621991.13189995
2026-05-04 18:00:00,2348.55000000,2378.85000000,2335.17000000,2355.19000000,330179026.60553002
2026-05-04 22:00:00,2355.19000000,2364.83000000,2343.61000000,2346.12000000,105760117.97603001
2026-05-05 02:00:00,2346.12000000,2388.42000000,2343.90000000,2380.96000000,215032861.12944001
2026-05-05 06:00:00,2380.96000000,2389.71000000,2365.93000000,2379.17000000,223209749.78876999
2026-05-05 10:00:00,2379.17000000,2383.25000000,2365.63000000,2378.65000000,167629964.11871001
2026-05-05 14:00:00,2378.65000000,2398.50000000,2366.99000000,2379.84000000,474668729.28329003
2026-05-05 18:00:00,2379.84000000,2381.90000000,2358.13000000,2370.58000000,233952947.33278999
2026-05-05 22:00:00,2370.58000000,2387.64000000,2352.87000000,2359.47000000,259842089.17816001
2026-05-06 02:00:00,2359.47000000,2379.88000000,2352.41000000,2375.32000000,184047726.33792999
2026-05-06 06:00:00,2375.32000000,2378.11000000,2352.86000000,2370.55000000,175131400.70455000
2026-05-06 10:00:00,2370.55000000,2422.50000000,2368.07000000,2408.99000000,649775939.08923995
2026-05-06 14:00:00,2408.99000000,2412.55000000,2344.92000000,2357.71000000,718999242.42323995
2026-05-06 18:00:00,2357.71000000,2367.13000000,2335.51000000,2347.15000000,287329802.85152000
2026-05-06 22:00:00,2347.15000000,2356.03000000,2337.00000000,2349.70000000,147464187.56696999
2026-05-07 02:00:00,2349.70000000,2351.29000000,2311.49000000,2320.87000000,335055606.49120998
2026-05-07 06:00:00,2320.87000000,2345.83000000,2316.01000000,2343.33000000,218801914.90770999
2026-05-07 10:00:00,2343.33000000,2345.60000000,2316.11000000,2329.02000000,205435061.82200000
2026-05-07 14:00:00,2329.02000000,2335.88000000,2284.03000000,2293.47000000,517803524.84912997
2026-05-07 18:00:00,2293.47000000,2303.20000000,2278.47000000,2294.85000000,265085297.06200999
2026-05-07 22:00:00,2294.85000000,2301.54000000,2279.50000000,2289.92000000,174710036.87751001
2026-05-08 02:00:00,2289.92000000,2293.22000000,2263.95000000,2277.72000000,229063307.48947999
2026-05-08 06:00:00,2277.72000000,2283.61000000,2266.00000000,2279.89000000,156998767.18353000
2026-05-08 10:00:00,2279.89000000,2296.67000000,2278.53000000,2293.86000000,200276614.63920000
2026-05-08 14:00:00,2293.86000000,2300.64000000,2268.32000000,2292.31000000,350719721.51921999
2026-05-08 18:00:00,2292.31000000,2320.51000000,2285.17000000,2315.21000000,306395437.61593997
2026-05-08 22:00:00,2315.21000000,2318.18000000,2302.30000000,2306.17000000,106801608.85225999
2026-05-09 02:00:00,2306.17000000,2319.70000000,2303.38000000,2314.24000000,88746082.67497000
2026-05-09 06:00:00,2314.24000000,2324.51000000,2309.86000000,2313.50000000,104218948.20148000
2026-05-09 10:00:00,2313.50000000,2319.38000000,2309.14000000,2313.69000000,72049533.13198000
2026-05-09 14:00:00,2313.69000000,2317.50000000,2297.44000000,2316.56000000,190039761.91593000
2026-05-09 18:00:00,2316.56000000,2337.79000000,2314.06000000,2331.14000000,268136951.28345999
2026-05-09 22:00:00,2331.14000000,2332.62000000,2323.52000000,2325.23000000,50533667.45649000
2026-05-10 02:00:00,2325.23000000,2332.70000000,2317.19000000,2326.79000000,92752715.36235000
2026-05-10 06:00:00,2326.79000000,2331.12000000,2325.20000000,2326.31000000,51704127.36615000
2026-05-10 10:00:00,2326.31000000,2332.97000000,2317.68000000,2321.51000000,98561317.19216000
2026-05-10 14:00:00,2321.51000000,2350.78000000,2319.69000000,2346.78000000,203344757.01868001
2026-05-10 18:00:00,2346.78000000,2367.50000000,2339.06000000,2364.59000000,348630716.32043999
2026-05-10 22:00:00,2364.59000000,2381.88000000,2310.19000000,2370.21000000,654363998.39581001
2026-05-11 02:00:00,2370.21000000,2373.91000000,2318.73000000,2329.24000000,381246907.56848001
2026-05-11 06:00:00,2329.24000000,2341.66000000,2325.34000000,2329.52000000,140810274.20436999
2026-05-11 10:00:00,2329.52000000,2338.99000000,2325.59000000,2334.72000000,106306568.48423000
2026-05-11 14:00:00,2334.72000000,2338.19000000,2302.82000000,2332.39000000,549544745.23186004
2026-05-11 18:00:00,2332.39000000,2343.31000000,2322.52000000,2339.39000000,210992409.77735999
2026-05-11 22:00:00,2339.39000000,2344.88000000,2333.86000000,2338.62000000,88021227.05952001
2026-05-12 02:00:00,2338.62000000,2339.80000000,2293.69000000,2308.27000000,261239194.74856001
2026-05-12 06:00:00,2308.27000000,2313.48000000,2290.38000000,2294.01000000,199426850.36796001
2026-05-12 10:00:00,2294.01000000,2295.06000000,2277.33000000,2285.92000000,272991323.71730000
2026-05-12 14:00:00,2285.92000000,2293.46000000,2255.16000000,2260.90000000,456257350.07189000
2026-05-12 18:00:00,2260.90000000,2286.50000000,2255.22000000,2284.04000000,204272532.40551001
2026-05-12 22:00:00,2284.04000000,2290.45000000,2272.59000000,2273.62000000,94621992.53557000
2026-05-13 02:00:00,2273.62000000,2302.80000000,2271.90000000,2300.48000000,173411629.65257999
2026-05-13 06:00:00,2300.48000000,2308.39000000,2294.42000000,2300.12000000,127973792.26478000
2026-05-13 10:00:00,2300.12000000,2322.52000000,2298.00000000,2300.75000000,274425855.82009000
2026-05-13 14:00:00,2300.75000000,2306.46000000,2233.07000000,2235.39000000,640284035.55395997
2026-05-13 18:00:00,2235.39000000,2267.51000000,2234.11000000,2255.51000000,216284216.72253001
2026-05-13 22:00:00,2255.51000000,2263.50000000,2249.83000000,2257.54000000,79270318.83746000
2026-05-14 02:00:00,2257.54000000,2268.67000000,2237.28000000,2241.03000000,199548224.82156000
2026-05-14 06:00:00,2241.03000000,2274.52000000,2238.18000000,2264.23000000,213773561.93182999
2026-05-14 10:00:00,2264.23000000,2269.99000000,2251.25000000,2252.81000000,168949433.22224000
2026-05-14 14:00:00,2252.81000000,2298.95000000,2245.00000000,2297.37000000,527587411.26788002
2026-05-14 18:00:00,2297.37000000,2318.60000000,2292.52000000,2297.43000000,469792798.28087002
2026-05-14 22:00:00,2297.43000000,2300.59000000,2279.02000000,2282.06000000,154397321.15911001
2026-05-15 02:00:00,2282.06000000,2299.33000000,2259.58000000,2272.37000000,285988395.55149001
2026-05-15 06:00:00,2272.37000000,2273.00000000,2236.25000000,2263.89000000,342468187.07707000
2026-05-15 10:00:00,2263.89000000,2264.21000000,2248.73000000,2256.33000000,163720059.64394999
2026-05-15 14:00:00,2256.33000000,2259.67000000,2203.69000000,2221.92000000,617927517.37563002
2026-05-15 18:00:00,2221.92000000,2231.97000000,2217.58000000,2222.47000000,214508485.31228000
2026-05-15 22:00:00,2222.47000000,2225.31000000,2213.58000000,2223.66000000,77175075.57515000
2026-05-16 02:00:00,2223.66000000,2230.79000000,2222.37000000,2226.88000000,71643795.98346999
2026-05-16 06:00:00,2226.88000000,2227.90000000,2180.43000000,2193.52000000,302709698.36904001
2026-05-16 10:00:00,2193.52000000,2195.98000000,2160.59000000,2175.34000000,294366453.77767998
2026-05-16 14:00:00,2175.34000000,2187.35000000,2171.30000000,2178.95000000,135060436.76512000
2026-05-16 18:00:00,2178.95000000,2184.30000000,2169.25000000,2178.72000000,88655498.21608000
2026-05-16 22:00:00,2178.72000000,2182.77000000,2178.17000000,2179.67000000,34224749.26430000
2026-05-17 02:00:00,2179.67000000,2184.79000000,2166.66000000,2180.58000000,133454844.67569999
2026-05-17 06:00:00,2180.58000000,2194.12000000,2180.01000000,2185.42000000,121224915.73129000
2026-05-17 10:00:00,2185.42000000,2197.51000000,2181.85000000,2191.13000000,121321367.65360001
2026-05-17 14:00:00,2191.13000000,2197.40000000,2177.32000000,2185.49000000,142103408.06974000
2026-05-17 18:00:00,2185.49000000,2192.77000000,2175.40000000,2191.40000000,99903742.29559000
2026-05-17 22:00:00,2191.40000000,2194.11000000,2091.00000000,2129.89000000,408865438.36148000
2026-05-18 02:00:00,2129.89000000,2130.99000000,2103.68000000,2117.62000000,316108753.24610001
2026-05-18 06:00:00,2117.62000000,2124.80000000,2108.91000000,2119.46000000,178862759.33581999
2026-05-18 10:00:00,2119.46000000,2139.17000000,2109.41000000,2132.99000000,176160419.69962001
2026-05-18 14:00:00,2132.99000000,2156.41000000,2092.60000000,2106.66000000,639646810.43632996
2026-05-18 18:00:00,2106.66000000,2127.96000000,2076.02000000,2124.26000000,438616973.64814001
2026-05-18 22:00:00,2124.26000000,2141.92000000,2113.52000000,2128.99000000,195012716.47408000
2026-05-19 02:00:00,2128.99000000,2146.23000000,2118.40000000,2130.46000000,201580706.99608001
2026-05-19 06:00:00,2130.46000000,2144.22000000,2122.36000000,2139.99000000,142484632.36469999
2026-05-19 10:00:00,2139.99000000,2140.45000000,2105.71000000,2109.74000000,275932021.84790999
2026-05-19 14:00:00,2109.74000000,2126.58000000,2093.35000000,2109.36000000,457627740.51766002
2026-05-19 18:00:00,2109.36000000,2124.62000000,2106.27000000,2112.27000000,165351893.30825999
2026-05-19 22:00:00,2112.27000000,2119.79000000,2101.40000000,2110.99000000,143315301.27445000
2026-05-20 02:00:00,2110.99000000,2118.18000000,2101.92000000,2110.62000000,147980903.14116001
2026-05-20 06:00:00,2110.62000000,2135.54000000,2106.02000000,2128.79000000,212507710.80035001
2026-05-20 10:00:00,2128.79000000,2137.30000000,2123.19000000,2127.39000000,157852896.52765000
2026-05-20 14:00:00,2127.39000000,2148.35000000,2112.76000000,2135.71000000,553235834.78575003
2026-05-20 18:00:00,2135.71000000,2147.92000000,2122.87000000,2138.17000000,227706116.83171001
2026-05-20 22:00:00,2138.17000000,2139.87000000,2117.41000000,2128.59000000,116884875.45677000
2026-05-21 02:00:00,2128.59000000,2156.47000000,2127.68000000,2144.77000000,185023700.24346000
2026-05-21 06:00:00,2144.77000000,2147.80000000,2123.33000000,2134.06000000,165347643.74067000
2026-05-21 10:00:00,2134.06000000,2147.52000000,2108.45000000,2114.08000000,371422561.86896002
2026-05-21 14:00:00,2114.08000000,2137.55000000,2104.13000000,2131.37000000,493546166.00502002
2026-05-21 18:00:00,2131.37000000,2152.78000000,2120.58000000,2141.86000000,393600317.22855002
2026-05-21 22:00:00,2141.86000000,2142.56000000,2126.16000000,2132.90000000,115701965.00802000
2026-05-22 02:00:00,2132.90000000,2140.52000000,2124.43000000,2136.87000000,84829023.80832000
2026-05-22 06:00:00,2136.87000000,2140.45000000,2121.01000000,2127.49000000,126725432.79647000
2026-05-22 10:00:00,2127.49000000,2132.36000000,2117.95000000,2129.65000000,155294780.07822999
2026-05-22 14:00:00,2129.65000000,2137.33000000,2111.27000000,2118.51000000,266264254.33989000
2026-05-22 18:00:00,2118.51000000,2129.32000000,2056.44000000,2064.64000000,537449920.64761996
2026-05-22 22:00:00,2064.64000000,2078.81000000,2056.24000000,2064.85000000,190985132.21970999
2026-05-23 02:00:00,2064.85000000,2071.10000000,2051.91000000,2069.88000000,151323473.39997000
2026-05-23 06:00:00,2069.88000000,2070.24000000,2007.17000000,2027.48000000,311653520.26889002
2026-05-23 10:00:00,2027.48000000,2034.79000000,2020.17000000,2030.46000000,173789012.40702999
2026-05-23 14:00:00,2030.46000000,2067.84000000,2026.06000000,2059.43000000,316870287.07565999
2026-05-23 18:00:00,2059.43000000,2082.75000000,2056.40000000,2076.51000000,275256061.20639002
2026-05-23 22:00:00,2076.51000000,2149.45000000,2073.52000000,2116.70000000,567424806.19459999
2026-05-24 02:00:00,2116.70000000,2126.56000000,2112.24000000,2118.02000000,177693389.30535001
2026-05-24 06:00:00,2118.02000000,2129.37000000,2112.80000000,2120.25000000,81253353.45592999
2026-05-24 10:00:00,2120.25000000,2130.89000000,2118.03000000,2125.08000000,90475920.46103001
2026-05-24 14:00:00,2125.08000000,2125.50000000,2078.30000000,2095.11000000,301446521.09428000
2026-05-24 18:00:00,2095.11000000,2108.17000000,2094.11000000,2099.88000000,104241894.10366000
2026-05-24 22:00:00,2099.88000000,2106.08000000,2061.48000000,2099.00000000,263753521.43509999
2026-05-25 02:00:00,2099.00000000,2112.68000000,2091.45000000,2094.55000000,133861600.01813000
2026-05-25 06:00:00,2094.55000000,2116.74000000,2090.97000000,2115.37000000,170529932.03845999
2026-05-25 10:00:00,2115.37000000,2123.66000000,2110.85000000,2113.88000000,136246584.15178001
2026-05-25 14:00:00,2113.88000000,2137.68000000,2111.21000000,2126.01000000,210236566.07031000
2026-05-25 18:00:00,2126.01000000,2141.41000000,2115.43000000,2120.51000000,144870966.55800000
2026-05-25 22:00:00,2120.51000000,2122.45000000,2101.26000000,2111.64000000,137013415.28437001
2026-05-26 02:00:00,2111.64000000,2112.95000000,2083.48000000,2092.49000000,212607572.95635000
2026-05-26 06:00:00,2092.49000000,2103.90000000,2087.80000000,2094.22000000,139446220.06112999
2026-05-26 10:00:00,2094.22000000,2136.72000000,2092.94000000,2119.99000000,271325132.09104002
2026-05-26 14:00:00,2119.99000000,2139.66000000,2077.27000000,2086.14000000,576866355.82305002
2026-05-26 18:00:00,2086.14000000,2088.79000000,2053.51000000,2073.51000000,356126596.53179997
2026-05-26 22:00:00,2073.51000000,2077.90000000,2064.75000000,2072.80000000,78259019.80232000
2026-05-27 02:00:00,2072.80000000,2083.54000000,2067.48000000,2068.79000000,116821336.16615000
2026-05-27 06:00:00,2068.79000000,2083.34000000,2055.12000000,2082.67000000,155796228.61488000
2026-05-27 10:00:00,2082.67000000,2095.78000000,2077.10000000,2079.42000000,189550393.74112001
2026-05-27 14:00:00,2079.42000000,2096.61000000,2051.01000000,2070.86000000,439975222.00788999
2026-05-27 18:00:00,2070.86000000,2073.79000000,2042.27000000,2056.81000000,231747867.25918999
2026-05-27 22:00:00,2056.81000000,2065.39000000,2014.54000000,2023.73000000,357432522.75176001
2026-05-28 02:00:00,2023.73000000,2028.43000000,1970.00000000,1980.76000000,479245283.76376998
2026-05-28 06:00:00,1980.76000000,1995.59000000,1965.56000000,1994.24000000,322421979.22483999
2026-05-28 10:00:00,1994.24000000,1997.57000000,1983.60000000,1988.74000000,158956734.86831000
2026-05-28 14:00:00,1988.74000000,2001.72000000,1966.38000000,1989.70000000,477878991.34729999
2026-05-28 18:00:00,1989.70000000,2029.38000000,1984.11000000,2013.79000000,346513578.62014002
2026-05-28 22:00:00,2013.79000000,2023.48000000,2004.49000000,2008.91000000,147544037.68542001
2026-05-29 02:00:00,2008.91000000,2016.37000000,1996.55000000,2002.05000000,125840943.04441001
2026-05-29 06:00:00,2002.05000000,2020.69000000,1997.53000000,2006.54000000,185100706.06601000
2026-05-29 10:00:00,2006.54000000,2015.40000000,2001.29000000,2006.63000000,116275017.36533999
2026-05-29 14:00:00,2006.63000000,2045.95000000,1975.50000000,2030.82000000,700741867.64363003
2026-05-29 18:00:00,2030.82000000,2043.69000000,2003.75000000,2015.95000000,341181607.57072997
2026-05-29 22:00:00,2015.95000000,2023.31000000,2005.79000000,2013.36000000,118261744.81614000
2026-05-30 02:00:00,2013.36000000,2022.69000000,2009.47000000,2015.91000000,76009829.86620000
2026-05-30 06:00:00,2015.91000000,2019.72000000,2000.82000000,2015.33000000,129873398.78690000
2026-05-30 10:00:00,2015.33000000,2021.53000000,2012.86000000,2016.54000000,80064854.84738000
2026-05-30 14:00:00,2016.54000000,2031.48000000,2016.20000000,2025.95000000,241226225.37130001
2026-05-30 18:00:00,2025.95000000,2029.63000000,2018.43000000,2027.96000000,71451744.77772000
2026-05-30 22:00:00,2027.96000000,2030.64000000,2019.24000000,2021.59000000,52300317.93418000
2026-05-31 02:00:00,2021.59000000,2037.20000000,2019.85000000,2032.66000000,115059318.29302000
2026-05-31 06:00:00,2032.66000000,2034.20000000,2021.35000000,2023.13000000,68553643.70540000
2026-05-31 10:00:00,2023.13000000,2028.44000000,2014.42000000,2022.23000000,105963572.92994000
2026-05-31 14:00:00,2022.23000000,2025.70000000,2004.71000000,2009.51000000,178139984.13918000
2026-05-31 18:00:00,2009.51000000,2011.49000000,1992.86000000,1998.76000000,162426482.13237000
2026-05-31 22:00:00,1998.76000000,2022.27000000,1998.76000000,2006.31000000,135449326.01175001
2026-06-01 02:00:00,2006.31000000,2020.90000000,1990.49000000,2008.48000000,214768642.80270001
2026-06-01 06:00:00,2008.48000000,2011.38000000,1970.38000000,1975.46000000,278287280.47000003
2026-06-01 10:00:00,1975.46000000,1989.46000000,1971.11000000,1980.74000000,180170315.67469001
2026-06-01 14:00:00,1980.74000000,1993.58000000,1954.97000000,1967.61000000,535931004.48567998
2026-06-01 18:00:00,1967.61000000,2008.26000000,1957.56000000,2003.92000000,305012739.61047000
2026-06-01 22:00:00,2003.92000000,2008.74000000,1983.60000000,2006.01000000,184852826.34994000
2026-06-02 02:00:00,2006.01000000,2006.44000000,1961.55000000,2003.32000000,290175791.48417997
2026-06-02 06:00:00,2003.32000000,2005.90000000,1972.88000000,1980.90000000,248992422.32988000
2026-06-02 10:00:00,1980.90000000,1988.53000000,1965.53000000,1977.53000000,298030413.09701997
2026-06-02 14:00:00,1977.53000000,1982.07000000,1888.16000000,1914.17000000,1030857222.41846001
2026-06-02 18:00:00,1914.17000000,1943.01000000,1880.17000000,1911.40000000,461097675.64068002
2026-06-02 22:00:00,1911.40000000,1917.96000000,1837.73000000,1859.14000000,545657574.16127002
2026-06-03 02:00:00,1859.14000000,1873.37000000,1816.06000000,1827.18000000,376965008.08433998
2026-06-03 06:00:00,1827.18000000,1883.64000000,1826.85000000,1877.56000000,379434727.96068001
2026-06-03 10:00:00,1877.56000000,1892.04000000,1869.21000000,1877.61000000,238682188.26934999
2026-06-03 14:00:00,1877.61000000,1879.62000000,1835.17000000,1835.99000000,420079869.24242002
2026-06-03 18:00:00,1835.99000000,1843.26000000,1794.34000000,1802.42000000,518655907.79539001
2026-06-03 22:00:00,1802.42000000,1851.33000000,1767.99000000,1812.46000000,526195367.89982003
2026-06-04 02:00:00,1812.46000000,1819.90000000,1716.35000000,1808.50000000,801713753.03517997
2026-06-04 06:00:00,1808.50000000,1817.28000000,1772.31000000,1776.46000000,337928346.90766001
2026-06-04 10:00:00,1776.46000000,1782.59000000,1728.99000000,1750.67000000,531459008.32962000
2026-06-04 14:00:00,1750.67000000,1793.55000000,1743.28000000,1775.97000000,470772094.05397999
2026-06-04 18:00:00,1775.97000000,1786.67000000,1753.29000000,1776.23000000,245673963.01707000
2026-06-04 22:00:00,1776.23000000,1782.29000000,1751.62000000,1769.86000000,176940949.31088999
2026-06-05 02:00:00,1769.86000000,1774.34000000,1721.31000000,1728.84000000,313397705.57100999
2026-06-05 06:00:00,1728.84000000,1746.99000000,1622.96000000,1678.29000000,973919765.72890997
2026-06-05 10:00:00,1678.29000000,1688.78000000,1658.43000000,1662.44000000,315211197.76945001
2026-06-05 14:00:00,1662.44000000,1676.92000000,1571.21000000,1582.38000000,989077287.61045003
2026-06-05 18:00:00,1582.38000000,1612.14000000,1538.71000000,1573.07000000,839969715.57319999
2026-06-05 22:00:00,1573.07000000,1618.64000000,1556.25000000,1582.35000000,433722055.24452001
2026-06-06 02:00:00,1582.35000000,1600.49000000,1554.03000000,1562.32000000,234522503.75294000
2026-06-06 06:00:00,1562.32000000,1581.02000000,1503.99000000,1574.54000000,651926145.97186995
2026-06-06 10:00:00,1574.54000000,1592.79000000,1534.65000000,1557.74000000,340679205.34802002
2026-06-06 14:00:00,1557.74000000,1574.62000000,1543.67000000,1559.70000000,252308816.47661999
2026-06-06 18:00:00,1559.70000000,1565.67000000,1545.86000000,1553.76000000,164162673.83366999
2026-06-06 22:00:00,1553.76000000,1568.99000000,1550.07000000,1568.61000000,106119156.85908000
2026-06-07 02:00:00,1568.61000000,1599.83000000,1563.01000000,1593.97000000,235795229.33995000
2026-06-07 06:00:00,1593.97000000,1622.89000000,1583.85000000,1614.20000000,303859527.14565998
2026-06-07 10:00:00,1614.20000000,1647.76000000,1607.41000000,1629.39000000,311815459.67773998
2026-06-07 14:00:00,1629.39000000,1639.25000000,1605.95000000,1629.19000000,400423146.49754000
2026-06-07 18:00:00,1629.19000000,1636.98000000,1602.44000000,1611.91000000,213955861.04587001
2026-06-07 22:00:00,1611.91000000,1721.13000000,1608.12000000,1689.57000000,495544842.37230003
2026-06-08 02:00:00,1689.57000000,1710.81000000,1670.21000000,1678.92000000,283756810.53829998
2026-06-08 06:00:00,1678.92000000,1680.22000000,1644.01000000,1672.71000000,336189457.89187998
2026-06-08 10:00:00,1672.71000000,1696.22000000,1656.13000000,1682.93000000,280244951.19540000
2026-06-08 14:00:00,1682.93000000,1705.15000000,1666.66000000,1690.62000000,423395195.64105999
2026-06-08 18:00:00,1690.62000000,1702.98000000,1674.32000000,1683.76000000,229847350.41643000
2026-06-08 22:00:00,1683.76000000,1713.83000000,1678.02000000,1689.48000000,283688891.01477998
2026-06-09 02:00:00,1689.48000000,1695.77000000,1653.15000000,1668.62000000,297713344.29741001
2026-06-09 06:00:00,1668.62000000,1695.99000000,1663.40000000,1679.18000000,266499218.79528001
2026-06-09 10:00:00,1679.18000000,1679.88000000,1663.81000000,1670.74000000,157237139.23108000
2026-06-09 14:00:00,1670.74000000,1682.50000000,1632.84000000,1635.50000000,555284614.90830004
2026-06-09 18:00:00,1635.50000000,1657.76000000,1613.12000000,1656.40000000,464113166.67589998
2026-06-09 22:00:00,1656.40000000,1662.91000000,1629.57000000,1638.65000000,180561660.29227000
2026-06-10 02:00:00,1638.65000000,1646.25000000,1620.72000000,1629.88000000,207192234.76800999
2026-06-10 06:00:00,1629.88000000,1642.93000000,1615.35000000,1639.32000000,198747467.64563999
2026-06-10 10:00:00,1639.32000000,1640.08000000,1605.21000000,1619.17000000,305766883.65509999
2026-06-10 14:00:00,1619.17000000,1667.03000000,1614.96000000,1657.10000000,619134331.27177000
2026-06-10 18:00:00,1657.10000000,1657.95000000,1621.51000000,1629.33000000,275399281.46805000
2026-06-10 22:00:00,1629.33000000,1635.45000000,1602.90000000,1620.71000000,212065623.15858001
2026-06-11 02:00:00,1620.71000000,1660.80000000,1620.75000000,1653.12000000,212829439.97275001
2026-06-11 06:00:00,1653.12000000,1662.57000000,1645.36000000,1653.67000000,188604683.29565999
2026-06-11 10:00:00,1653.67000000,1672.99000000,1653.34000000,1665.76000000,178123720.42436999
2026-06-11 14:00:00,1665.76000000,1665.94000000,1635.30000000,1644.64000000,354904975.04277998
2026-06-11 18:00:00,1644.64000000,1692.98000000,1632.00000000,1680.80000000,437241062.44883001
2026-06-11 22:00:00,1680.80000000,1682.61000000,1666.37000000,1672.57000000,133304368.20125000
2026-06-12 02:00:00,1672.57000000,1677.72000000,1659.90000000,1672.39000000,122975749.24304999
2026-06-12 06:00:00,1672.39000000,1680.89000000,1651.17000000,1661.16000000,179533154.35944000
2026-06-12 10:00:00,1661.16000000,1684.89000000,1661.16000000,1672.85000000,185003129.47994000
2026-06-12 14:00:00,1672.85000000,1690.52000000,1652.57000000,1658.98000000,428740808.68682998
2026-06-12 18:00:00,1658.98000000,1677.41000000,1656.27000000,1665.20000000,174884863.88802001
2026-06-12 22:00:00,1665.20000000,1667.24000000,1658.38000000,1665.49000000,49855309.14381000
2026-06-13 02:00:00,1665.49000000,1675.17000000,1662.63000000,1664.40000000,71647923.65102001
2026-06-13 06:00:00,1664.40000000,1677.01000000,1661.21000000,1675.51000000,90311178.94185001
2026-06-13 10:00:00,1675.51000000,1679.34000000,1672.01000000,1677.54000000,84748136.25560001
2026-06-13 14:00:00,1677.54000000,1685.92000000,1675.77000000,1681.44000000,113465988.47891000
2026-06-13 18:00:00,1681.44000000,1681.84000000,1670.51000000,1677.68000000,123434334.42141999
2026-06-13 22:00:00,1677.68000000,1696.26000000,1674.00000000,1680.42000000,84628157.90392999
2026-06-14 02:00:00,1680.42000000,1689.63000000,1678.01000000,1680.99000000,55578061.70935000
2026-06-14 06:00:00,1680.99000000,1682.01000000,1672.60000000,1674.92000000,84900488.41741000
2026-06-14 10:00:00,1674.92000000,1678.34000000,1668.32000000,1672.74000000,86579061.50627001
2026-06-14 14:00:00,1672.74000000,1673.85000000,1653.65000000,1662.05000000,165963940.10563999
2026-06-14 18:00:00,1662.05000000,1667.95000000,1658.09000000,1664.63000000,85645455.76712000
2026-06-14 22:00:00,1664.63000000,1731.73000000,1661.83000000,1724.75000000,386572013.61795002
2026-06-15 02:00:00,1724.75000000,1731.64000000,1708.61000000,1720.12000000,185476893.98769999
2026-06-15 06:00:00,1720.12000000,1723.09000000,1715.04000000,1715.57000000,106543952.32787000
2026-06-15 10:00:00,1715.57000000,1769.00000000,1711.28000000,1763.79000000,385812451.51924002
2026-06-15 14:00:00,1763.79000000,1848.76000000,1759.36000000,1844.55000000,766784547.29075003
2026-06-15 18:00:00,1844.55000000,1846.39000000,1810.50000000,1820.92000000,338366407.67922997
2026-06-15 22:00:00,1820.92000000,1825.87000000,1782.25000000,1795.16000000,229664873.80901000
2026-06-16 02:00:00,1795.16000000,1800.92000000,1763.87000000,1778.22000000,266810038.20695999
2026-06-16 06:00:00,1778.22000000,1782.33000000,1757.49000000,1773.22000000,231446030.20907000
2026-06-16 10:00:00,1773.22000000,1807.19000000,1772.20000000,1798.73000000,371773194.30220997
2026-06-16 14:00:00,1798.73000000,1839.25000000,1762.16000000,1781.42000000,688196028.29799998
2026-06-16 18:00:00,1781.42000000,1807.71000000,1771.84000000,1794.65000000,245573836.23644999
2026-06-16 22:00:00,1794.65000000,1799.82000000,1788.67000000,1792.33000000,84687296.11001000
2026-06-17 02:00:00,1792.33000000,1809.52000000,1778.49000000,1792.72000000,181879279.43452999
2026-06-17 06:00:00,1792.72000000,1800.83000000,1777.86000000,1784.39000000,143685588.96434999
2026-06-17 10:00:00,1784.39000000,1785.63000000,1758.07000000,1763.22000000,278506391.76630998
2026-06-17 14:00:00,1763.22000000,1776.19000000,1740.41000000,1772.53000000,428158852.27305001
2026-06-17 18:00:00,1772.53000000,1795.58000000,1728.24000000,1734.01000000,618486456.10897005
2026-06-17 22:00:00,1734.01000000,1750.71000000,1725.11000000,1749.63000000,165773266.45996001
2026-06-18 02:00:00,1749.63000000,1762.34000000,1740.40000000,1743.28000000,157187026.67998001
2026-06-18 06:00:00,1743.28000000,1752.70000000,1721.34000000,1748.88000000,270243344.59105003
2026-06-18 10:00:00,1748.88000000,1752.70000000,1738.41000000,1742.33000000,188495130.20603999
2026-06-18 14:00:00,1742.33000000,1752.45000000,1678.24000000,1681.24000000,578209371.42604005
2026-06-18 18:00:00,1681.24000000,1706.86000000,1670.96000000,1704.75000000,336146244.92427999
2026-06-18 22:00:00,1704.75000000,1716.42000000,1699.32000000,1710.18000000,155456432.72007000
2026-06-19 02:00:00,1710.18000000,1718.78000000,1681.38000000,1696.63000000,202389026.97872001
2026-06-19 06:00:00,1696.63000000,1702.71000000,1685.20000000,1695.15000000,162603462.89520001
2026-06-19 10:00:00,1695.15000000,1699.17000000,1686.23000000,1690.95000000,108201639.31313001
2026-06-19 14:00:00,1690.95000000,1711.44000000,1678.17000000,1706.91000000,286831705.20234001
2026-06-19 18:00:00,1706.91000000,1710.98000000,1692.43000000,1700.38000000,138658068.41136000
2026-06-19 22:00:00,1700.38000000,1714.37000000,1697.86000000,1710.31000000,122515329.61523999
2026-06-20 02:00:00,1710.31000000,1717.52000000,1703.14000000,1707.41000000,73697298.24244000
2026-06-20 06:00:00,1707.41000000,1732.93000000,1705.59000000,1725.00000000,162706703.94473001
2026-06-20 10:00:00,1725.00000000,1730.93000000,1720.55000000,1726.37000000,82480101.18409000
2026-06-20 14:00:00,1726.37000000,1749.11000000,1707.21000000,1739.66000000,330801096.11203003
2026-06-20 18:00:00,1739.66000000,1740.27000000,1720.01000000,1728.37000000,125091550.08209001
2026-06-20 22:00:00,1728.37000000,1745.62000000,1725.51000000,1740.00000000,97015576.25530000
2026-06-21 02:00:00,1740.00000000,1740.51000000,1732.82000000,1737.03000000,61941823.31502000
2026-06-21 06:00:00,1737.03000000,1740.54000000,1728.82000000,1731.45000000,73603460.35374001
2026-06-21 10:00:00,1731.45000000,1736.31000000,1717.29000000,1724.65000000,145032469.52623999
2026-06-21 14:00:00,1724.65000000,1731.86000000,1716.37000000,1729.86000000,136044426.54358000
2026-06-21 18:00:00,1729.86000000,1738.43000000,1720.80000000,1733.31000000,113891886.37808999
2026-06-21 22:00:00,1733.31000000,1734.59000000,1701.05000000,1706.31000000,212260521.29543000
2026-06-22 02:00:00,1706.31000000,1759.07000000,1706.11000000,1729.31000000,313238005.02486998
2026-06-22 06:00:00,1729.31000000,1750.94000000,1726.80000000,1745.76000000,167618535.86759999
2026-06-22 10:00:00,1745.76000000,1774.21000000,1742.81000000,1766.94000000,206306882.41620001
2026-06-22 14:00:00,1766.94000000,1778.99000000,1741.59000000,1744.02000000,389016121.01506001
2026-06-22 18:00:00,1744.02000000,1746.99000000,1728.44000000,1733.69000000,297918868.82732999
2026-06-22 22:00:00,1733.69000000,1738.81000000,1716.12000000,1727.33000000,150920245.59768000
2026-06-23 02:00:00,1727.33000000,1735.47000000,1719.31000000,1729.10000000,109977975.09541000
2026-06-23 06:00:00,1729.10000000,1730.59000000,1680.01000000,1681.97000000,385249472.07745999
2026-06-23 10:00:00,1681.97000000,1683.88000000,1633.68000000,1659.93000000,402609483.95573002
2026-06-23 14:00:00,1659.93000000,1671.52000000,1644.30000000,1658.99000000,341143982.18274999
2026-06-23 18:00:00,1658.99000000,1673.14000000,1649.04000000,1661.65000000,172908814.49004000
2026-06-23 22:00:00,1661.65000000,1672.12000000,1659.27000000,1666.37000000,101001096.09398000
2026-06-24 02:00:00,1666.37000000,1679.56000000,1657.12000000,1666.02000000,156306902.62178001
2026-06-24 06:00:00,1666.02000000,1678.98000000,1657.19000000,1672.10000000,117647390.33833000
2026-06-24 10:00:00,1672.10000000,1691.96000000,1654.96000000,1678.65000000,240118569.28352001
2026-06-24 14:00:00,1678.65000000,1680.54000000,1615.69000000,1617.50000000,833779421.64576006
2026-06-24 18:00:00,1617.50000000,1635.49000000,1551.15000000,1583.96000000,722814422.08167005
2026-06-24 22:00:00,1583.96000000,1628.74000000,1579.01000000,1621.55000000,251115213.67850000
2026-06-25 02:00:00,1621.55000000,1625.91000000,1613.67000000,1618.89000000,112789045.75850999
2026-06-25 06:00:00,1618.89000000,1659.99000000,1616.22000000,1656.44000000,281667690.65876001
2026-06-25 10:00:00,1656.44000000,1658.33000000,1627.15000000,1632.27000000,217780689.98139000
2026-06-25 14:00:00,1632.27000000,1649.47000000,1531.81000000,1569.42000000,1014194954.55672002
2026-06-25 18:00:00,1569.42000000,1586.94000000,1554.03000000,1558.77000000,373377068.58723998
2026-06-25 22:00:00,1558.77000000,1582.94000000,1556.00000000,1566.88000000,218411316.53277999
2026-06-26 02:00:00,1566.88000000,1570.98000000,1510.88000000,1557.07000000,459357001.22553003
2026-06-26 06:00:00,1557.07000000,1585.48000000,1542.76000000,1579.87000000,271017678.92167997
2026-06-26 10:00:00,1579.87000000,1581.34000000,1540.23000000,1544.41000000,273315422.35378999
2026-06-26 14:00:00,1544.41000000,1587.50000000,1520.50000000,1579.41000000,684764540.74742997
2026-06-26 18:00:00,1579.41000000,1594.51000000,1569.66000000,1573.69000000,363866401.10812002
2026-06-26 22:00:00,1573.69000000,1582.66000000,1567.20000000,1577.86000000,96208315.40238000
2026-06-27 02:00:00,1577.86000000,1586.28000000,1570.66000000,1579.77000000,84649843.87481000
2026-06-27 06:00:00,1579.77000000,1585.71000000,1574.40000000,1584.74000000,75892147.94225000
2026-06-27 10:00:00,1584.74000000,1585.21000000,1578.08000000,1583.13000000,60124608.29950000
2026-06-27 14:00:00,1583.13000000,1610.44000000,1580.55000000,1604.87000000,202350845.10213000
2026-06-27 18:00:00,1604.87000000,1607.35000000,1571.99000000,1577.53000000,213784151.77105001
2026-06-27 22:00:00,1577.53000000,1584.41000000,1561.95000000,1573.09000000,137252021.79628000
2026-06-28 02:00:00,1573.09000000,1579.07000000,1568.23000000,1574.27000000,74966699.75397000
2026-06-28 06:00:00,1574.27000000,1576.65000000,1561.76000000,1575.04000000,112948742.42752001
2026-06-28 10:00:00,1575.04000000,1585.55000000,1571.39000000,1582.10000000,141900389.26539001
2026-06-28 14:00:00,1582.10000000,1588.35000000,1574.01000000,1579.95000000,136609481.20049000
2026-06-28 18:00:00,1579.95000000,1581.14000000,1555.72000000,1563.78000000,182350929.79091001
2026-06-28 22:00:00,1563.78000000,1581.27000000,1547.08000000,1571.11000000,237136945.56064999
2026-06-29 02:00:00,1571.11000000,1588.72000000,1549.47000000,1583.98000000,299054499.49318999
2026-06-29 06:00:00,1583.98000000,1588.24000000,1561.37000000,1579.36000000,165312185.21970999
2026-06-29 10:00:00,1579.36000000,1586.37000000,1569.29000000,1574.16000000,178665644.35348001
2026-06-29 14:00:00,1574.16000000,1596.28000000,1556.65000000,1579.48000000,532927374.34806001
2026-06-29 18:00:00,1579.48000000,1637.17000000,1573.33000000,1625.03000000,389908096.56042999
2026-06-29 22:00:00,1625.03000000,1625.99000000,1606.90000000,1612.13000000,137609824.85938999
2026-06-30 02:00:00,1612.13000000,1613.50000000,1585.64000000,1586.26000000,215955799.85573000
2026-06-30 06:00:00,1586.26000000,1595.34000000,1578.81000000,1591.64000000,153574488.73480001
2026-06-30 10:00:00,1591.64000000,1593.59000000,1575.35000000,1577.88000000,167243454.20712000
2026-06-30 14:00:00,1577.88000000,1577.88000000,1549.82000000,1564.56000000,474471448.21090001
2026-06-30 18:00:00,1564.56000000,1581.34000000,1561.25000000,1580.07000000,132355011.62677000
2026-06-30 22:00:00,1580.07000000,1582.23000000,1565.29000000,1571.47000000,87480206.74597000
2026-07-01 02:00:00,1571.47000000,1598.62000000,1552.05000000,1594.21000000,289879873.85977000
2026-07-01 06:00:00,1594.21000000,1603.39000000,1570.49000000,1577.71000000,240230609.93041000
2026-07-01 10:00:00,1577.71000000,1584.49000000,1566.26000000,1569.02000000,153200625.19437999
2026-07-01 14:00:00,1569.02000000,1630.64000000,1564.71000000,1619.33000000,586203332.01080000
2026-07-01 18:00:00,1619.33000000,1628.26000000,1606.35000000,1617.28000000,228684276.70567000
2026-07-01 22:00:00,1617.28000000,1645.85000000,1607.42000000,1608.87000000,234881075.30774999
2026-07-02 02:00:00,1608.87000000,1641.70000000,1596.22000000,1638.85000000,264975830.38262999
2026-07-02 06:00:00,1638.85000000,1639.37000000,1613.99000000,1615.56000000,163774413.14182001
2026-07-02 10:00:00,1615.56000000,1654.18000000,1614.51000000,1649.50000000,325253236.60794997
2026-07-02 14:00:00,1649.50000000,1723.95000000,1646.97000000,1696.23000000,866257204.95659006
2026-07-02 18:00:00,1696.23000000,1706.49000000,1685.95000000,1699.45000000,195208359.16102999
2026-07-02 22:00:00,1699.45000000,1705.99000000,1691.30000000,1699.93000000,102855026.91712999
2026-07-03 02:00:00,1699.93000000,1718.33000000,1693.81000000,1705.61000000,184441070.12909999
2026-07-03 06:00:00,1705.61000000,1721.53000000,1701.63000000,1716.99000000,134271495.27939999
2026-07-03 10:00:00,1716.99000000,1748.56000000,1714.89000000,1741.67000000,362367859.51447999
2026-07-03 14:00:00,1741.67000000,1752.56000000,1728.03000000,1730.38000000,337646872.21460998
2026-07-03 18:00:00,1730.38000000,1752.45000000,1726.84000000,1744.78000000,158517880.66012999
2026-07-03 22:00:00,1744.78000000,1775.16000000,1742.77000000,1757.41000000,236942832.54644999
2026-07-04 02:00:00,1757.41000000,1763.39000000,1743.27000000,1753.16000000,133968738.49785000
2026-07-04 06:00:00,1753.16000000,1763.98000000,1750.65000000,1757.43000000,112311047.84639999
2026-07-04 10:00:00,1757.43000000,1764.84000000,1754.09000000,1757.28000000,86511065.20824000
2026-07-04 14:00:00,1757.28000000,1798.43000000,1757.28000000,1790.44000000,346348781.89691001
2026-07-04 18:00:00,1790.44000000,1806.78000000,1778.09000000,1792.01000000,279374766.28478998
2026-07-04 22:00:00,1792.01000000,1795.26000000,1771.54000000,1779.97000000,119107822.97632000
2026-07-05 02:00:00,1779.97000000,1780.03000000,1756.15000000,1760.65000000,160811730.48802000
2026-07-05 06:00:00,1760.65000000,1771.96000000,1759.21000000,1769.18000000,120055871.38707000
2026-07-05 10:00:00,1769.18000000,1772.37000000,1747.61000000,1759.39000000,170806093.42050001
2026-07-05 14:00:00,1759.39000000,1780.37000000,1755.15000000,1773.89000000,185475206.57084000
2026-07-05 18:00:00,1773.89000000,1785.56000000,1769.48000000,1780.66000000,120551595.04892001
2026-07-05 22:00:00,1780.66000000,1807.65000000,1768.60000000,1785.00000000,286772567.02313000
2026-07-06 02:00:00,1785.00000000,1798.40000000,1771.09000000,1778.93000000,207772513.75108001
2026-07-06 06:00:00,1778.93000000,1783.89000000,1763.88000000,1771.43000000,155922937.27285001
2026-07-06 10:00:00,1771.43000000,1777.73000000,1755.14000000,1758.75000000,212842124.29369000
2026-07-06 14:00:00,1758.75000000,1788.26000000,1728.56000000,1787.86000000,671017208.67167997
2026-07-06 18:00:00,1787.86000000,1804.47000000,1781.53000000,1791.82000000,309497038.24820000
2026-07-06 22:00:00,1791.82000000,1832.99000000,1786.46000000,1798.85000000,270275651.75663000
2026-07-07 02:00:00,1798.85000000,1809.50000000,1767.91000000,1770.70000000,245453420.79240000
2026-07-07 06:00:00,1770.70000000,1782.09000000,1756.62000000,1770.54000000,236250702.86425000
2026-07-07 10:00:00,1770.54000000,1784.02000000,1767.37000000,1779.91000000,156905844.49118000
2026-07-07 14:00:00,1779.91000000,1802.38000000,1760.12000000,1796.73000000,497433179.65700001
2026-07-07 18:00:00,1796.73000000,1812.00000000,1772.46000000,1789.69000000,289041903.03478998
2026-07-07 22:00:00,1789.69000000,1792.29000000,1764.53000000,1770.42000000,145949509.23176000
2026-07-08 02:00:00,1770.42000000,1784.14000000,1740.40000000,1750.78000000,266018903.98291999
2026-07-08 06:00:00,1750.78000000,1758.99000000,1744.30000000,1755.74000000,143313801.91247001
2026-07-08 10:00:00,1755.74000000,1757.96000000,1724.41000000,1747.36000000,335332840.44151002
2026-07-08 14:00:00,1747.36000000,1750.68000000,1712.45000000,1722.08000000,381770788.53645003
2026-07-08 18:00:00,1722.08000000,1745.81000000,1722.08000000,1740.28000000,261890584.93009999
2026-07-08 22:00:00,1740.28000000,1744.14000000,1730.61000000,1742.68000000,86517983.34579000
2026-07-09 02:00:00,1742.68000000,1755.28000000,1721.10000000,1729.89000000,199355172.90402001
2026-07-09 06:00:00,1729.89000000,1761.62000000,1729.42000000,1752.50000000,261548686.15766001
2026-07-09 10:00:00,1752.50000000,1758.26000000,1740.29000000,1743.06000000,141599874.07455000
2026-07-09 14:00:00,1743.06000000,1751.44000000,1732.65000000,1738.61000000,287218725.90499002
2026-07-09 18:00:00,1738.61000000,1759.35000000,1731.10000000,1747.79000000,177457882.11754999
2026-07-09 22:00:00,1747.79000000,1750.35000000,1740.64000000,1744.26000000,59974782.97872000
2026-07-10 02:00:00,1744.26000000,1779.12000000,1736.69000000,1775.41000000,237191101.38545001
2026-07-10 06:00:00,1775.41000000,1779.68000000,1767.72000000,1772.50000000,129918223.14614999
2026-07-10 10:00:00,1772.50000000,1802.57000000,1771.66000000,1800.77000000,248192350.36045000
2026-07-10 14:00:00,1800.77000000,1810.43000000,1774.81000000,1790.45000000,332697851.79623002
2026-07-10 18:00:00,1790.45000000,1798.70000000,1780.81000000,1792.07000000,154900040.32833001
2026-07-10 22:00:00,1792.07000000,1797.20000000,1788.60000000,1796.04000000,69572382.18493000
