timestamp,open,high,low,close,volume
2024-06-13 22:00:00,1.22980000,1.24450000,1.21780000,1.23040000,2380260.43813000
2024-06-14 02:00:00,1.23040000,1.42840000,1.21570000,1.30530000,13784728.29183000
2024-06-14 06:00:00,1.30530000,1.34850000,1.29650000,1.32850000,11527664.33260000
2024-06-14 10:00:00,1.32850000,1.33330000,1.24340000,1.25380000,14485079.12063000
2024-06-14 14:00:00,1.25380000,1.26450000,1.18160000,1.18860000,9503066.10551000
2024-06-14 18:00:00,1.18860000,1.19230000,1.13910000,1.17610000,8953949.96968000
2024-06-14 22:00:00,1.17610000,1.22500000,1.17210000,1.20120000,5225748.94786000
2024-06-15 02:00:00,1.20120000,1.23930000,1.19190000,1.21300000,5576138.64577000
2024-06-15 06:00:00,1.21300000,1.22520000,1.20430000,1.20880000,2702501.49759000
2024-06-15 10:00:00,1.20880000,1.23040000,1.20290000,1.21970000,2437607.45813000
2024-06-15 14:00:00,1.21970000,1.23860000,1.20770000,1.22410000,2930718.21841000
2024-06-15 18:00:00,1.22410000,1.22790000,1.19930000,1.20370000,1897642.13512000
2024-06-15 22:00:00,1.20370000,1.21680000,1.19440000,1.21020000,1814509.32426000
2024-06-16 02:00:00,1.21020000,1.21530000,1.17850000,1.18030000,2524440.12193000
2024-06-16 06:00:00,1.18030000,1.20310000,1.17230000,1.19150000,3010900.17634000
2024-06-16 10:00:00,1.19150000,1.19890000,1.17950000,1.18810000,2195428.31551000
2024-06-16 14:00:00,1.18810000,1.20430000,1.18350000,1.19380000,3032197.85624000
2024-06-16 18:00:00,1.19380000,1.19820000,1.17800000,1.17890000,2090116.90428000
2024-06-16 22:00:00,1.17890000,1.19920000,1.16310000,1.16600000,3282206.78793000
2024-06-17 02:00:00,1.16600000,1.17490000,1.11390000,1.11760000,6286259.48856000
2024-06-17 06:00:00,1.11760000,1.14630000,1.11190000,1.11280000,5791883.08724000
2024-06-17 10:00:00,1.11280000,1.11810000,1.07220000,1.09930000,7080122.20766000
2024-06-17 14:00:00,1.09930000,1.11220000,1.06360000,1.07530000,6751989.00126000
2024-06-17 18:00:00,1.07530000,1.14230000,1.05410000,1.12180000,7345663.62291000
2024-06-17 22:00:00,1.12180000,1.12900000,1.09740000,1.10710000,3791812.76427000
2024-06-18 02:00:00,1.10710000,1.12170000,1.00400000,1.10680000,15328468.18063000
2024-06-18 06:00:00,1.10680000,1.12320000,1.09620000,1.10560000,6350361.15230000
2024-06-18 10:00:00,1.10560000,1.13130000,1.07510000,1.09550000,7711975.14906000
2024-06-18 14:00:00,1.09550000,1.13860000,1.06020000,1.12370000,15108079.98335000
2024-06-18 18:00:00,1.12370000,1.12770000,1.08120000,1.10270000,7870405.52993000
2024-06-18 22:00:00,1.10270000,1.16860000,1.08590000,1.16440000,8189028.70631000
2024-06-19 02:00:00,1.16440000,1.21410000,1.14260000,1.19130000,10706829.45152000
2024-06-19 06:00:00,1.19130000,1.22560000,1.18430000,1.21300000,6916168.16608000
2024-06-19 10:00:00,1.21300000,1.21780000,1.16940000,1.19930000,6648065.28285000
2024-06-19 14:00:00,1.19930000,1.21270000,1.18250000,1.20350000,5431980.04111000
2024-06-19 18:00:00,1.20350000,1.23820000,1.19100000,1.20200000,6091064.79421000
2024-06-19 22:00:00,1.20200000,1.21490000,1.19000000,1.19840000,3407212.03572000
2024-06-20 02:00:00,1.19840000,1.25930000,1.19070000,1.25360000,6427355.42864000
2024-06-20 06:00:00,1.25360000,1.26810000,1.23190000,1.25320000,5266968.80459000
2024-06-20 10:00:00,1.25320000,1.29840000,1.24960000,1.27480000,6455609.07230000
2024-06-20 14:00:00,1.27480000,1.28810000,1.21840000,1.23570000,7624219.66692000
2024-06-20 18:00:00,1.23570000,1.28300000,1.21210000,1.26850000,4842662.19584000
2024-06-20 22:00:00,1.26850000,1.27310000,1.23610000,1.24180000,2611246.35999000
2024-06-21 02:00:00,1.24180000,1.26620000,1.21260000,1.21840000,5602803.45658000
2024-06-21 06:00:00,1.21840000,1.22260000,1.19210000,1.19360000,4116920.52191000
2024-06-21 10:00:00,1.19360000,1.21480000,1.17680000,1.20730000,6068252.32370000
2024-06-21 14:00:00,1.20730000,1.23880000,1.18880000,1.21190000,6539335.28194000
2024-06-21 18:00:00,1.21190000,1.21720000,1.18850000,1.20620000,4168370.31958000
2024-06-21 22:00:00,1.20620000,1.22350000,1.20310000,1.20710000,2324080.69102000
2024-06-22 02:00:00,1.20710000,1.22220000,1.18560000,1.21110000,3698466.90685000
2024-06-22 06:00:00,1.21110000,1.22010000,1.20060000,1.20980000,1991798.14722000
2024-06-22 10:00:00,1.20980000,1.21340000,1.17360000,1.17510000,3231827.20832000
2024-06-22 14:00:00,1.17510000,1.18430000,1.16180000,1.17700000,3192267.37262000
2024-06-22 18:00:00,1.17700000,1.19300000,1.16480000,1.16710000,2618424.25123000
2024-06-22 22:00:00,1.16710000,1.17070000,1.15380000,1.16270000,2020762.24580000
2024-06-23 02:00:00,1.16270000,1.18710000,1.16180000,1.17660000,2574445.89244000
2024-06-23 06:00:00,1.17660000,1.18940000,1.16890000,1.17450000,2299779.78221000
2024-06-23 10:00:00,1.17450000,1.19400000,1.17020000,1.18250000,2617273.25774000
2024-06-23 14:00:00,1.18250000,1.18850000,1.12730000,1.13050000,5262934.65885000
2024-06-23 18:00:00,1.13050000,1.14100000,1.11620000,1.12420000,4119387.15169000
2024-06-23 22:00:00,1.12420000,1.12520000,1.08690000,1.09620000,4538526.45914000
2024-06-24 02:00:00,1.09620000,1.10580000,1.07940000,1.08450000,3745842.54234000
2024-06-24 06:00:00,1.08450000,1.08710000,1.04610000,1.07010000,6150152.84205000
2024-06-24 10:00:00,1.07010000,1.12710000,1.04260000,1.11970000,10923095.85966000
2024-06-24 14:00:00,1.11970000,1.13760000,1.10020000,1.11380000,6731986.85472000
2024-06-24 18:00:00,1.11380000,1.16900000,1.10920000,1.15050000,8166822.18131000
2024-06-24 22:00:00,1.15050000,1.21210000,1.14220000,1.21170000,6735400.11613000
2024-06-25 02:00:00,1.21170000,1.24070000,1.19490000,1.22410000,5379059.64157000
2024-06-25 06:00:00,1.22410000,1.23080000,1.19440000,1.19570000,4534690.31665000
2024-06-25 10:00:00,1.19570000,1.21420000,1.19070000,1.19760000,3817999.75813000
2024-06-25 14:00:00,1.19760000,1.23990000,1.19150000,1.23850000,4997630.48566000
2024-06-25 18:00:00,1.23850000,1.24900000,1.20980000,1.23400000,4603447.13607000
2024-06-25 22:00:00,1.23400000,1.24310000,1.22190000,1.23170000,2063056.57975000
2024-06-26 02:00:00,1.23170000,1.28670000,1.22420000,1.24770000,6606609.10488000
2024-06-26 06:00:00,1.24770000,1.25480000,1.22520000,1.24450000,4046605.03622000
2024-06-26 10:00:00,1.24450000,1.24700000,1.19360000,1.21130000,5037580.18854000
2024-06-26 14:00:00,1.21130000,1.22870000,1.19630000,1.20390000,4758967.92723000
2024-06-26 18:00:00,1.20390000,1.21740000,1.18820000,1.21720000,3306106.98978000
2024-06-26 22:00:00,1.21720000,1.22370000,1.18750000,1.18750000,2706454.63371000
2024-06-27 02:00:00,1.18750000,1.20620000,1.17170000,1.18770000,3402608.49688000
2024-06-27 06:00:00,1.18770000,1.19280000,1.15110000,1.15150000,3664628.54594000
2024-06-27 10:00:00,1.15150000,1.18460000,1.14720000,1.17420000,3233205.38664000
2024-06-27 14:00:00,1.17420000,1.22580000,1.17260000,1.17870000,6308599.17287000
2024-06-27 18:00:00,1.17870000,1.18370000,1.15660000,1.16100000,2808249.75353000
2024-06-27 22:00:00,1.16100000,1.17240000,1.15740000,1.16670000,2268678.03753000
2024-06-28 02:00:00,1.16670000,1.18710000,1.15130000,1.16790000,4130105.07787000
2024-06-28 06:00:00,1.16790000,1.16830000,1.15210000,1.16290000,2233378.86284000
2024-06-28 10:00:00,1.16290000,1.16430000,1.14330000,1.15510000,2506855.04853000
2024-06-28 14:00:00,1.15510000,1.16730000,1.13030000,1.13930000,4598171.70739000
2024-06-28 18:00:00,1.13930000,1.14460000,1.11120000,1.11570000,3648057.95212000
2024-06-28 22:00:00,1.11570000,1.12640000,1.10430000,1.11570000,2357017.65851000
2024-06-29 02:00:00,1.11570000,1.13170000,1.11220000,1.11740000,2473687.05330000
2024-06-29 06:00:00,1.11740000,1.13870000,1.11530000,1.13360000,1468551.69881000
2024-06-29 10:00:00,1.13360000,1.14690000,1.13030000,1.13620000,1737866.10351000
2024-06-29 14:00:00,1.13620000,1.14370000,1.12820000,1.13620000,1701081.35452000
2024-06-29 18:00:00,1.13620000,1.13780000,1.11490000,1.12180000,1102203.72854000
2024-06-29 22:00:00,1.12180000,1.12480000,1.10250000,1.10730000,1454124.01813000
2024-06-30 02:00:00,1.10730000,1.12060000,1.09090000,1.09910000,2464799.93181000
2024-06-30 06:00:00,1.09910000,1.13590000,1.09040000,1.13090000,2716485.68040000
2024-06-30 10:00:00,1.13090000,1.16430000,1.13150000,1.15990000,3619904.63778000
2024-06-30 14:00:00,1.15990000,1.16350000,1.14440000,1.16030000,2749334.52580000
2024-06-30 18:00:00,1.16030000,1.17780000,1.15740000,1.17020000,2241878.76460000
2024-06-30 22:00:00,1.17020000,1.20560000,1.16250000,1.20100000,3123154.62859000
2024-07-01 02:00:00,1.20100000,1.22940000,1.19090000,1.20960000,4214756.67406000
2024-07-01 06:00:00,1.20960000,1.22220000,1.20850000,1.21720000,2321534.44349000
2024-07-01 10:00:00,1.21720000,1.21890000,1.18100000,1.18770000,4516685.41018000
2024-07-01 14:00:00,1.18770000,1.21890000,1.18750000,1.21890000,4141496.36660000
2024-07-01 18:00:00,1.21890000,1.23360000,1.20370000,1.20690000,3369297.85865000
2024-07-01 22:00:00,1.20690000,1.21400000,1.18710000,1.18960000,1904603.32118000
2024-07-02 02:00:00,1.18960000,1.20050000,1.18080000,1.19020000,2412547.85110000
2024-07-02 06:00:00,1.19020000,1.19950000,1.17110000,1.17530000,2792861.42796000
2024-07-02 10:00:00,1.17530000,1.18350000,1.16960000,1.17610000,1898695.53938000
2024-07-02 14:00:00,1.17610000,1.19150000,1.15530000,1.16920000,3783208.54457000
2024-07-02 18:00:00,1.16920000,1.18620000,1.15170000,1.17130000,3055907.54563000
2024-07-02 22:00:00,1.17130000,1.17440000,1.15780000,1.16500000,1473180.58075000
2024-07-03 02:00:00,1.16500000,1.17110000,1.12600000,1.14730000,4092163.64581000
2024-07-03 06:00:00,1.14730000,1.15320000,1.13310000,1.13490000,2585931.70988000
2024-07-03 10:00:00,1.13490000,1.14710000,1.11650000,1.13260000,4160424.66405000
2024-07-03 14:00:00,1.13260000,1.13490000,1.10900000,1.10940000,4214757.41446000
2024-07-03 18:00:00,1.10940000,1.12540000,1.09320000,1.09740000,3785040.94316000
2024-07-03 22:00:00,1.09740000,1.12860000,1.09360000,1.11890000,2793820.52834000
2024-07-04 02:00:00,1.11890000,1.13620000,1.05360000,1.10460000,8004157.89936000
2024-07-04 06:00:00,1.10460000,1.11830000,1.07540000,1.08020000,4305209.62662000
2024-07-04 10:00:00,1.08020000,1.10270000,1.07330000,1.08000000,4936977.74044000
2024-07-04 14:00:00,1.08000000,1.08310000,1.02210000,1.07600000,8949892.60442000
2024-07-04 18:00:00,1.07600000,1.09570000,1.06710000,1.07870000,3895423.81389000
2024-07-04 22:00:00,1.07870000,1.10420000,1.03350000,1.03790000,4699433.34044000
2024-07-05 02:00:00,1.03790000,1.05390000,0.88890000,0.94180000,20571150.65099000
2024-07-05 06:00:00,0.94180000,0.97660000,0.91380000,0.95350000,9452368.33008000
2024-07-05 10:00:00,0.95350000,1.00210000,0.90930000,1.00130000,7519831.52196000
2024-07-05 14:00:00,1.00130000,1.01770000,0.96880000,1.01580000,8792835.61044000
2024-07-05 18:00:00,1.01580000,1.02610000,0.98520000,0.98870000,4534196.80343000
2024-07-05 22:00:00,0.98870000,1.00720000,0.98390000,0.98890000,2964811.80406000
2024-07-06 02:00:00,0.98890000,1.02800000,0.97130000,0.98440000,5998966.26056839
2024-07-06 06:00:00,0.98440000,1.00570000,0.96120000,0.99900000,3824042.19329000
2024-07-06 10:00:00,0.99900000,1.01200000,0.97950000,1.00900000,3940437.63643000
2024-07-06 14:00:00,1.00900000,1.01830000,0.98710000,1.01120000,4425270.46830000
2024-07-06 18:00:00,1.01120000,1.03640000,1.00270000,1.02860000,4580319.76352000
2024-07-06 22:00:00,1.02860000,1.05030000,1.02670000,1.03680000,3101802.49005000
2024-07-07 02:00:00,1.03680000,1.03870000,1.00000000,1.00780000,4455232.71998000
2024-07-07 06:00:00,1.00780000,1.00910000,0.97340000,0.98580000,5234507.34190000
2024-07-07 10:00:00,0.98580000,0.99280000,0.97530000,0.98040000,4220137.38779000
2024-07-07 14:00:00,0.98040000,0.98660000,0.92660000,0.93550000,9792328.35816000
2024-07-07 18:00:00,0.93550000,0.94970000,0.92340000,0.92650000,5280217.17232000
2024-07-07 22:00:00,0.92650000,0.94040000,0.89270000,0.90000000,7203864.15111000
2024-07-08 02:00:00,0.90000000,0.91560000,0.84250000,0.89490000,14906106.02529000
2024-07-08 06:00:00,0.89490000,0.92860000,0.89130000,0.92140000,6360200.83883000
2024-07-08 10:00:00,0.92140000,0.97390000,0.91820000,0.95980000,11712183.99793000
2024-07-08 14:00:00,0.95980000,0.97280000,0.90580000,0.91600000,13195317.53849000
2024-07-08 18:00:00,0.91600000,0.93220000,0.90710000,0.92850000,3826878.54237000
2024-07-08 22:00:00,0.92850000,0.94350000,0.91280000,0.92740000,3206237.81259000
2024-07-09 02:00:00,0.92740000,0.94950000,0.91350000,0.93700000,5211272.91800000
2024-07-09 06:00:00,0.93700000,0.96450000,0.93370000,0.94960000,4946333.53520000
2024-07-09 10:00:00,0.94960000,0.96250000,0.93260000,0.93800000,4582166.50775359
2024-07-09 14:00:00,0.93800000,0.94510000,0.91290000,0.93000000,5718008.26794000
2024-07-09 18:00:00,0.93000000,0.94100000,0.91120000,0.94060000,4166618.94786000
2024-07-09 22:00:00,0.94060000,0.94990000,0.92920000,0.94050000,3020414.88700000
2024-07-10 02:00:00,0.94050000,0.94820000,0.92240000,0.94780000,2888695.10374000
2024-07-10 06:00:00,0.94780000,0.98220000,0.94730000,0.96600000,6342947.77651000
2024-07-10 10:00:00,0.96600000,0.97480000,0.95040000,0.96380000,3714370.79725000
2024-07-10 14:00:00,0.96380000,1.00150000,0.94840000,0.99310000,9072905.15030000
2024-07-10 18:00:00,0.99310000,1.00080000,0.97290000,0.97660000,3999701.92123000
2024-07-10 22:00:00,0.97660000,0.98710000,0.96550000,0.98050000,3047149.51539000
2024-07-11 02:00:00,0.98050000,1.01650000,0.97610000,0.98880000,5831243.54429000
2024-07-11 06:00:00,0.98880000,1.00110000,0.98120000,0.99890000,2817216.80126000
2024-07-11 10:00:00,0.99890000,1.02120000,0.99600000,1.01330000,4732105.78340000
2024-07-11 14:00:00,1.01330000,1.04800000,0.95900000,0.96740000,13771530.96818000
2024-07-11 18:00:00,0.96740000,0.97710000,0.95150000,0.95230000,5236788.24752000
2024-07-11 22:00:00,0.95230000,0.97620000,0.94510000,0.96490000,3875290.21929000
2024-07-12 02:00:00,0.96490000,0.97830000,0.94330000,0.95720000,5492119.56263000
2024-07-12 06:00:00,0.95720000,0.96180000,0.94550000,0.94920000,2944745.65081000
2024-07-12 10:00:00,0.94920000,0.95060000,0.91680000,0.93220000,4655201.51881000
2024-07-12 14:00:00,0.93220000,0.98350000,0.93110000,0.97950000,5666807.11776000
2024-07-12 18:00:00,0.97950000,1.00480000,0.97290000,0.98490000,5147428.02226000
2024-07-12 22:00:00,0.98490000,0.98690000,0.97230000,0.98440000,2904230.63767000
2024-07-13 02:00:00,0.98440000,0.99710000,0.97600000,0.98210000,2846458.50786000
2024-07-13 06:00:00,0.98210000,0.98460000,0.97190000,0.97770000,2446666.94759000
2024-07-13 10:00:00,0.97770000,0.98670000,0.96730000,0.98270000,3679632.58498000
2024-07-13 14:00:00,0.98270000,0.99110000,0.97400000,0.98550000,2448365.16219000
2024-07-13 18:00:00,0.98550000,0.99150000,0.97310000,0.97990000,1756458.55714000
2024-07-13 22:00:00,0.97990000,0.99820000,0.97140000,0.98190000,2934409.02270000
2024-07-14 02:00:00,0.98190000,1.00400000,0.98200000,0.99600000,3743361.80930000
2024-07-14 06:00:00,0.99600000,1.01200000,0.99310000,1.00100000,3442383.47055000
2024-07-14 10:00:00,1.00100000,1.01070000,0.98090000,0.98360000,3708996.75447000
2024-07-14 14:00:00,0.98360000,0.99010000,0.97370000,0.98620000,2783251.68762000
2024-07-14 18:00:00,0.98620000,0.98750000,0.97700000,0.97890000,1373228.68697000
2024-07-14 22:00:00,0.97890000,1.01880000,0.97790000,1.00950000,3384522.63611000
2024-07-15 02:00:00,1.00950000,1.04710000,1.00130000,1.03810000,6067017.86848000
2024-07-15 06:00:00,1.03810000,1.05960000,1.02980000,1.05040000,4377181.64964000
2024-07-15 10:00:00,1.05040000,1.05110000,1.02530000,1.02900000,4550309.29905000
2024-07-15 14:00:00,1.02900000,1.04840000,1.02780000,1.03630000,3528449.97349000
2024-07-15 18:00:00,1.03630000,1.08150000,1.03070000,1.07650000,5780946.49724000
2024-07-15 22:00:00,1.07650000,1.11920000,1.07360000,1.11450000,5715374.95492000
2024-07-16 02:00:00,1.11450000,1.12840000,1.09120000,1.09800000,6320866.49999000
2024-07-16 06:00:00,1.09800000,1.10460000,1.05380000,1.05900000,6657665.46302000
2024-07-16 10:00:00,1.05900000,1.08090000,1.03760000,1.06580000,6317544.53349000
2024-07-16 14:00:00,1.06580000,1.10270000,1.05110000,1.10240000,6337177.26351000
2024-07-16 18:00:00,1.10240000,1.11800000,1.08420000,1.10010000,4919339.95618000
2024-07-16 22:00:00,1.10010000,1.10120000,1.07080000,1.08200000,2970047.65857000
2024-07-17 02:00:00,1.08200000,1.13730000,1.07950000,1.11690000,6816680.17251000
2024-07-17 06:00:00,1.11690000,1.12970000,1.11160000,1.11680000,3972670.63130000
2024-07-17 10:00:00,1.11680000,1.12870000,1.08470000,1.08800000,7714539.57890000
2024-07-17 14:00:00,1.08800000,1.10400000,1.07630000,1.07830000,5107710.94601000
2024-07-17 18:00:00,1.07830000,1.08400000,1.05630000,1.08070000,5382328.14110000
2024-07-17 22:00:00,1.08070000,1.09030000,1.05060000,1.05110000,3340864.16363000
2024-07-18 02:00:00,1.05110000,1.07820000,1.04710000,1.07290000,3987839.82337000
2024-07-18 06:00:00,1.07290000,1.10020000,1.05600000,1.07920000,4772471.91777000
2024-07-18 10:00:00,1.07920000,1.09180000,1.06560000,1.07340000,3281175.32482000
2024-07-18 14:00:00,1.07340000,1.07730000,1.02150000,1.02430000,6458731.21318000
2024-07-18 18:00:00,1.02430000,1.03540000,1.01220000,1.02580000,3979047.74816000
2024-07-18 22:00:00,1.02580000,1.05640000,1.02360000,1.05460000,2163928.70054000
2024-07-19 02:00:00,1.05460000,1.06670000,1.02330000,1.06330000,3584821.04676000
2024-07-19 06:00:00,1.06330000,1.06590000,1.03220000,1.03580000,2789512.88718000
2024-07-19 10:00:00,1.03580000,1.04500000,1.02300000,1.03870000,2973129.12738000
2024-07-19 14:00:00,1.03870000,1.08700000,1.03320000,1.07360000,6574763.36606000
2024-07-19 18:00:00,1.07360000,1.09920000,1.07340000,1.09300000,5028337.32720000
2024-07-19 22:00:00,1.09300000,1.09410000,1.07530000,1.07870000,2642132.84984000
2024-07-20 02:00:00,1.07870000,1.09410000,1.06670000,1.08560000,3419090.26576000
2024-07-20 06:00:00,1.08560000,1.11090000,1.08350000,1.09770000,3158425.04175000
2024-07-20 10:00:00,1.09770000,1.10350000,1.07660000,1.07800000,3020109.52574000
2024-07-20 14:00:00,1.07800000,1.09920000,1.06350000,1.09830000,4461951.22940000
2024-07-20 18:00:00,1.09830000,1.11360000,1.09270000,1.09900000,5273980.58557000
2024-07-20 22:00:00,1.09900000,1.10310000,1.08800000,1.09080000,2092506.30013000
2024-07-21 02:00:00,1.09080000,1.10000000,1.07870000,1.08670000,2804731.49866000
2024-07-21 06:00:00,1.08670000,1.09040000,1.06270000,1.07050000,2818743.38110000
2024-07-21 10:00:00,1.07050000,1.08080000,1.06590000,1.07200000,2027728.18266000
2024-07-21 14:00:00,1.07200000,1.08670000,1.05850000,1.08050000,3489208.17603000
2024-07-21 18:00:00,1.08050000,1.08900000,1.03330000,1.07300000,7099837.04815000
2024-07-21 22:00:00,1.07300000,1.10180000,1.07080000,1.09040000,4931647.52559000
2024-07-22 02:00:00,1.09040000,1.10080000,1.07300000,1.07320000,3408156.06072000
2024-07-22 06:00:00,1.07320000,1.07710000,1.04090000,1.04900000,4838079.01287000
2024-07-22 10:00:00,1.04900000,1.06260000,1.04070000,1.06110000,3355057.78662000
2024-07-22 14:00:00,1.06110000,1.06600000,1.03060000,1.04080000,5271168.56663000
2024-07-22 18:00:00,1.04080000,1.05130000,1.03580000,1.05120000,2349868.52958000
2024-07-22 22:00:00,1.05120000,1.05150000,1.02090000,1.02780000,3934494.06878000
2024-07-23 02:00:00,1.02780000,1.04910000,1.02560000,1.03920000,4028516.82011000
2024-07-23 06:00:00,1.03920000,1.04130000,1.00160000,1.00930000,5188578.74647000
2024-07-23 10:00:00,1.00930000,1.03520000,1.00790000,1.01770000,5021034.34454000
2024-07-23 14:00:00,1.01770000,1.02530000,0.99160000,0.99480000,9674783.50568000
2024-07-23 18:00:00,0.99480000,0.99780000,0.95890000,0.97280000,6775830.10564000
2024-07-23 22:00:00,0.97280000,0.98480000,0.96720000,0.97570000,2740683.21475000
2024-07-24 02:00:00,0.97570000,0.98300000,0.96120000,0.97960000,3024602.50064000
2024-07-24 06:00:00,0.97960000,0.98640000,0.96450000,0.98610000,2245873.24460000
2024-07-24 10:00:00,0.98610000,1.00480000,0.98210000,0.99460000,4671489.17466000
2024-07-24 14:00:00,0.99460000,1.00790000,0.97900000,0.97900000,4761526.89645000
2024-07-24 18:00:00,0.97900000,0.99930000,0.97300000,0.97670000,4001783.41837000
2024-07-24 22:00:00,0.97670000,0.98510000,0.94320000,0.95300000,4443307.44032000
2024-07-25 02:00:00,0.95300000,0.95970000,0.91380000,0.92530000,6815046.78431000
2024-07-25 06:00:00,0.92530000,0.94280000,0.92030000,0.93660000,3454554.42032000
2024-07-25 10:00:00,0.93660000,0.95320000,0.93140000,0.93450000,3426503.67885000
2024-07-25 14:00:00,0.93450000,0.94300000,0.91980000,0.92990000,4868171.54836000
2024-07-25 18:00:00,0.92990000,0.94680000,0.91270000,0.92820000,3556783.02102000
2024-07-25 22:00:00,0.92820000,0.95740000,0.91280000,0.95300000,3555326.67672000
2024-07-26 02:00:00,0.95300000,0.98660000,0.94970000,0.97680000,3986399.70455000
2024-07-26 06:00:00,0.97680000,0.98890000,0.97560000,0.97850000,2533736.26638000
2024-07-26 10:00:00,0.97850000,0.99440000,0.97870000,0.99240000,2366837.72135000
2024-07-26 14:00:00,0.99240000,1.00490000,0.98510000,1.00000000,4052402.69386000
2024-07-26 18:00:00,1.00000000,1.00840000,0.99640000,1.00410000,1824556.80512000
2024-07-26 22:00:00,1.00410000,1.00520000,0.99330000,1.00090000,1665103.87393000
2024-07-27 02:00:00,1.00090000,1.00380000,0.98290000,0.99040000,2338741.18999000
2024-07-27 06:00:00,0.99040000,1.00410000,0.98900000,0.99900000,1644919.48477000
2024-07-27 10:00:00,0.99900000,1.00520000,0.99290000,1.00040000,1808124.81571000
2024-07-27 14:00:00,1.00040000,1.01580000,0.97720000,0.98670000,4567555.17874000
2024-07-27 18:00:00,0.98670000,0.99260000,0.96680000,0.97930000,3236613.27266000
2024-07-27 22:00:00,0.97930000,1.00140000,0.95400000,0.98380000,5964596.16542000
2024-07-28 02:00:00,0.98380000,0.98710000,0.96940000,0.97380000,3291467.98913000
2024-07-28 06:00:00,0.97380000,0.97590000,0.95290000,0.96690000,2625618.08080000
2024-07-28 10:00:00,0.96690000,0.97840000,0.96250000,0.97580000,2399434.08100000
2024-07-28 14:00:00,0.97580000,0.97880000,0.96410000,0.96710000,2007663.64344000
2024-07-28 18:00:00,0.96710000,0.98260000,0.96230000,0.97910000,2062887.08874000
2024-07-28 22:00:00,0.97910000,0.99330000,0.97030000,0.99210000,1926571.63414000
2024-07-29 02:00:00,0.99210000,1.01540000,0.98930000,1.00350000,4088229.99747000
2024-07-29 06:00:00,1.00350000,1.04640000,1.00200000,1.04330000,7315567.65830000
2024-07-29 10:00:00,1.04330000,1.04900000,1.01620000,1.01870000,5323580.01864000
2024-07-29 14:00:00,1.01870000,1.02030000,0.98190000,0.99180000,7336728.58697000
2024-07-29 18:00:00,0.99180000,0.99620000,0.97720000,0.99210000,4607208.96632000
2024-07-29 22:00:00,0.99210000,0.99310000,0.97560000,0.97760000,2543927.81802000
2024-07-30 02:00:00,0.97760000,0.99260000,0.97020000,0.98180000,3144245.38868000
2024-07-30 06:00:00,0.98180000,0.99640000,0.97860000,0.99160000,1906040.09794000
2024-07-30 10:00:00,0.99160000,0.99480000,0.97120000,0.97610000,2941324.91319000
2024-07-30 14:00:00,0.97610000,0.98370000,0.96200000,0.97020000,4020062.47086000
2024-07-30 18:00:00,0.97020000,0.97440000,0.94330000,0.94670000,3210035.49061000
2024-07-30 22:00:00,0.94670000,0.95280000,0.93600000,0.94850000,3064471.83993000
2024-07-31 02:00:00,0.94850000,0.95360000,0.93890000,0.93980000,2106445.85840000
2024-07-31 06:00:00,0.93980000,0.96070000,0.92890000,0.95020000,3706702.01553000
2024-07-31 10:00:00,0.95020000,0.95620000,0.94360000,0.95100000,1812432.29497000
2024-07-31 14:00:00,0.95100000,0.97010000,0.94930000,0.95290000,2785850.81700000
2024-07-31 18:00:00,0.95290000,0.96530000,0.93540000,0.94220000,3568817.96991000
2024-07-31 22:00:00,0.94220000,0.94250000,0.92370000,0.92650000,3548919.10159000
2024-08-01 02:00:00,0.92650000,0.93690000,0.92350000,0.93250000,3225275.65206000
2024-08-01 06:00:00,0.93250000,0.94670000,0.91700000,0.92410000,5799843.18841000
2024-08-01 10:00:00,0.92410000,0.93530000,0.92290000,0.93030000,2082649.37641000
2024-08-01 14:00:00,0.93030000,0.94300000,0.89090000,0.89430000,6612364.62364000
2024-08-01 18:00:00,0.89430000,0.89530000,0.86180000,0.88300000,7125211.76474000
2024-08-01 22:00:00,0.88300000,0.91320000,0.87490000,0.90690000,4833941.48047000
2024-08-02 02:00:00,0.90690000,0.91130000,0.87140000,0.88040000,4134686.59103000
2024-08-02 06:00:00,0.88040000,0.88320000,0.85130000,0.86240000,4699234.59095000
2024-08-02 10:00:00,0.86240000,0.88070000,0.85700000,0.87380000,2728330.48372000
2024-08-02 14:00:00,0.87380000,0.88430000,0.79770000,0.83360000,13564996.96994000
2024-08-02 18:00:00,0.83360000,0.83870000,0.81210000,0.81900000,4277264.27481000
2024-08-02 22:00:00,0.81900000,0.82650000,0.78920000,0.79820000,6772538.48633000
2024-08-03 02:00:00,0.79820000,0.80900000,0.77070000,0.79860000,5972923.56042000
2024-08-03 06:00:00,0.79860000,0.79890000,0.78640000,0.78740000,1967942.38566000
2024-08-03 10:00:00,0.78740000,0.79060000,0.77360000,0.78800000,4102781.67112000
2024-08-03 14:00:00,0.78800000,0.80170000,0.76410000,0.76640000,4713984.84365000
2024-08-03 18:00:00,0.76640000,0.77160000,0.72270000,0.72600000,9271587.87809000
2024-08-03 22:00:00,0.72600000,0.74050000,0.72320000,0.73330000,3962854.37252000
2024-08-04 02:00:00,0.73330000,0.75890000,0.72780000,0.74790000,4169992.97879000
2024-08-04 06:00:00,0.74790000,0.75160000,0.72400000,0.72470000,2959596.58834000
2024-08-04 10:00:00,0.72470000,0.73800000,0.71350000,0.73280000,4022913.52380000
2024-08-04 14:00:00,0.73280000,0.73850000,0.67830000,0.68000000,7581470.12942000
2024-08-04 18:00:00,0.68000000,0.71230000,0.64970000,0.70750000,12907174.76123000
2024-08-04 22:00:00,0.70750000,0.71960000,0.68200000,0.68380000,5831864.43190000
2024-08-05 02:00:00,0.68380000,0.68900000,0.56590000,0.62390000,27145861.62116000
2024-08-05 06:00:00,0.62390000,0.63360000,0.53330000,0.58430000,20506711.60814000
2024-08-05 10:00:00,0.58430000,0.58670000,0.50780000,0.52840000,12103653.72293000
2024-08-05 14:00:00,0.52840000,0.72430000,0.50160000,0.70770000,26717889.86354000
2024-08-05 18:00:00,0.70770000,0.73590000,0.67230000,0.69530000,22730402.46290000
2024-08-05 22:00:00,0.69530000,0.72290000,0.68820000,0.68880000,9887647.44496000
2024-08-06 02:00:00,0.68880000,0.73300000,0.68490000,0.71600000,15072538.68886000
2024-08-06 06:00:00,0.71600000,0.75010000,0.70700000,0.74360000,10491794.18829000
2024-08-06 10:00:00,0.74360000,0.74720000,0.69680000,0.69870000,12902307.76495000
2024-08-06 14:00:00,0.69870000,0.73300000,0.67860000,0.72630000,15919718.61523000
2024-08-06 18:00:00,0.72630000,0.73340000,0.71200000,0.71690000,6979745.52992000
2024-08-06 22:00:00,0.71690000,0.73650000,0.70230000,0.70720000,6417718.25799000
2024-08-07 02:00:00,0.70720000,0.73800000,0.69160000,0.72870000,6083536.32772006
2024-08-07 06:00:00,0.72870000,0.74640000,0.71800000,0.72990000,4900310.04483878
2024-08-07 10:00:00,0.72990000,0.74620000,0.71470000,0.71690000,5113609.07238456
2024-08-07 14:00:00,0.71690000,0.72980000,0.68020000,0.68970000,10288284.59670462
2024-08-07 18:00:00,0.68970000,0.69250000,0.65700000,0.66070000,6335651.60796205
2024-08-07 22:00:00,0.66070000,0.66590000,0.64350000,0.65440000,5843784.71334669
2024-08-08 02:00:00,0.65440000,0.71840000,0.64400000,0.70720000,9601809.07405866
2024-08-08 06:00:00,0.70720000,0.71670000,0.69910000,0.70500000,4960824.68418000
2024-08-08 10:00:00,0.70500000,0.72680000,0.70350000,0.71620000,4467773.25471000
2024-08-08 14:00:00,0.71620000,0.74530000,0.70010000,0.74370000,9594295.41922000
2024-08-08 18:00:00,0.74370000,0.75810000,0.72910000,0.73120000,5611501.76820000
2024-08-08 22:00:00,0.73120000,0.77820000,0.73050000,0.77020000,5930887.34394000
2024-08-09 02:00:00,0.77020000,0.78350000,0.76240000,0.76980000,5264319.35398000
2024-08-09 06:00:00,0.76980000,0.77920000,0.74550000,0.77590000,4731691.67411000
2024-08-09 10:00:00,0.77590000,0.79550000,0.76180000,0.76720000,6575273.06106000
2024-08-09 14:00:00,0.76720000,0.77800000,0.74940000,0.75020000,7273196.93932000
2024-08-09 18:00:00,0.75020000,0.77350000,0.74690000,0.76470000,3870679.96359000
2024-08-09 22:00:00,0.76470000,0.77800000,0.75570000,0.77270000,3363276.82300000
2024-08-10 02:00:00,0.77270000,0.78540000,0.75330000,0.75360000,4366340.73735000
2024-08-10 06:00:00,0.75360000,0.76420000,0.74820000,0.76030000,2794247.72686000
2024-08-10 10:00:00,0.76030000,0.77130000,0.75250000,0.76970000,2963550.48103000
2024-08-10 14:00:00,0.76970000,0.77020000,0.74880000,0.75860000,3442650.59935000
2024-08-10 18:00:00,0.75860000,0.78230000,0.75400000,0.77180000,3179891.30949000
2024-08-10 22:00:00,0.77180000,0.79200000,0.76830000,0.78390000,3114195.69849000
2024-08-11 02:00:00,0.78390000,0.81780000,0.77990000,0.80950000,6475586.26711000
2024-08-11 06:00:00,0.80950000,0.81270000,0.80130000,0.80440000,3073364.37618000
2024-08-11 10:00:00,0.80440000,0.82370000,0.78060000,0.78750000,6236183.85878000
2024-08-11 14:00:00,0.78750000,0.79070000,0.75040000,0.75420000,7165885.08170000
2024-08-11 18:00:00,0.75420000,0.76260000,0.73570000,0.73790000,4128434.73349000
2024-08-11 22:00:00,0.73790000,0.73820000,0.72050000,0.72340000,4580740.40038000
2024-08-12 02:00:00,0.72340000,0.74470000,0.71600000,0.73550000,4433836.86865000
2024-08-12 06:00:00,0.73550000,0.74780000,0.71350000,0.74050000,5032000.66651000
2024-08-12 10:00:00,0.74050000,0.78470000,0.73510000,0.77960000,8110360.22644000
2024-08-12 14:00:00,0.77960000,0.78490000,0.73940000,0.76270000,10665837.11032000
2024-08-12 18:00:00,0.76270000,0.76520000,0.72510000,0.72990000,4666746.08468000
2024-08-12 22:00:00,0.72990000,0.75490000,0.72510000,0.75260000,4050677.04572000
2024-08-13 02:00:00,0.75260000,0.76220000,0.73030000,0.73370000,4431397.52300000
2024-08-13 06:00:00,0.73370000,0.74280000,0.72880000,0.73600000,2488903.92822000
2024-08-13 10:00:00,0.73600000,0.73880000,0.72600000,0.73300000,2137172.76575000
2024-08-13 14:00:00,0.73300000,0.75080000,0.73200000,0.74030000,4529873.60507000
2024-08-13 18:00:00,0.74030000,0.77240000,0.73930000,0.76150000,5042027.70576000
2024-08-13 22:00:00,0.76150000,0.77050000,0.75620000,0.76490000,2185527.42497000
2024-08-14 02:00:00,0.76490000,0.77480000,0.75240000,0.75950000,3422992.07900000
2024-08-14 06:00:00,0.75950000,0.76380000,0.74890000,0.75530000,2388209.20641000
2024-08-14 10:00:00,0.75530000,0.76900000,0.74900000,0.76350000,3244593.92154000
2024-08-14 14:00:00,0.76350000,0.78010000,0.72750000,0.74210000,9088229.12868000
2024-08-14 18:00:00,0.74210000,0.74560000,0.72370000,0.72680000,2947225.79343000
2024-08-14 22:00:00,0.72680000,0.74160000,0.72330000,0.73010000,2626594.99834000
2024-08-15 02:00:00,0.73010000,0.73440000,0.72040000,0.72090000,2618224.88303000
2024-08-15 06:00:00,0.72090000,0.72340000,0.70650000,0.71500000,3236233.27592000
2024-08-15 10:00:00,0.71500000,0.72330000,0.71100000,0.72150000,2823250.18080000
2024-08-15 14:00:00,0.72150000,0.74290000,0.71820000,0.73130000,5037113.06128000
2024-08-15 18:00:00,0.73130000,0.73590000,0.68320000,0.69430000,5995813.91951000
2024-08-15 22:00:00,0.69430000,0.73010000,0.68780000,0.71800000,5277852.47009000
2024-08-16 02:00:00,0.71800000,0.73160000,0.70700000,0.70950000,4662960.78299000
2024-08-16 06:00:00,0.70950000,0.72560000,0.70930000,0.71910000,2297014.34782000
2024-08-16 10:00:00,0.71910000,0.72090000,0.70670000,0.70830000,2191369.55025000
2024-08-16 14:00:00,0.70830000,0.71970000,0.68640000,0.69170000,6620886.82930000
2024-08-16 18:00:00,0.69170000,0.71060000,0.68390000,0.70480000,5088874.63231000
2024-08-16 22:00:00,0.70480000,0.70800000,0.69290000,0.69540000,1717430.14975000
2024-08-17 02:00:00,0.69540000,0.70580000,0.69070000,0.69610000,2110389.29198000
2024-08-17 06:00:00,0.69610000,0.70110000,0.69420000,0.69740000,899099.26740000
2024-08-17 10:00:00,0.69740000,0.70410000,0.68840000,0.69130000,1503555.54688000
2024-08-17 14:00:00,0.69130000,0.70580000,0.68880000,0.69960000,2549049.45323000
2024-08-17 18:00:00,0.69960000,0.70680000,0.69150000,0.69410000,1867422.11440000
2024-08-17 22:00:00,0.69410000,0.70350000,0.69250000,0.70090000,1223780.69504000
2024-08-18 02:00:00,0.70090000,0.70540000,0.69190000,0.69210000,2239406.51874000
2024-08-18 06:00:00,0.69210000,0.69650000,0.68620000,0.69390000,1866869.74199000
2024-08-18 10:00:00,0.69390000,0.71180000,0.69230000,0.70540000,2384103.11783000
2024-08-18 14:00:00,0.70540000,0.71580000,0.70200000,0.71200000,2551542.91161000
2024-08-18 18:00:00,0.71200000,0.71900000,0.70090000,0.71020000,2203639.89312000
2024-08-18 22:00:00,0.71020000,0.71390000,0.68690000,0.68790000,2361172.57752000
2024-08-19 02:00:00,0.68790000,0.68830000,0.66520000,0.67090000,5556284.08267000
2024-08-19 06:00:00,0.67090000,0.67440000,0.66450000,0.66700000,2935417.20705000
2024-08-19 10:00:00,0.66700000,0.67500000,0.65560000,0.66590000,3712357.62272000
2024-08-19 14:00:00,0.66590000,0.68350000,0.66190000,0.67480000,4579851.06998000
2024-08-19 18:00:00,0.67480000,0.68550000,0.66620000,0.67390000,3843825.00622000
2024-08-19 22:00:00,0.67390000,0.68500000,0.67260000,0.68390000,1956132.50307000
2024-08-20 02:00:00,0.68390000,0.71650000,0.67960000,0.68900000,6910730.10816000
2024-08-20 06:00:00,0.68900000,0.70830000,0.68860000,0.70330000,3149080.91979000
2024-08-20 10:00:00,0.70330000,0.70410000,0.68250000,0.68450000,2980011.39071000
2024-08-20 14:00:00,0.68450000,0.69210000,0.65930000,0.66500000,5481945.36502000
2024-08-20 18:00:00,0.66500000,0.67900000,0.66160000,0.67780000,2253938.81046000
2024-08-20 22:00:00,0.67780000,0.68050000,0.66980000,0.67080000,1704752.67387000
2024-08-21 02:00:00,0.67080000,0.67590000,0.66460000,0.67360000,1698809.20275000
2024-08-21 06:00:00,0.67360000,0.68090000,0.67220000,0.67920000,1371113.88590000
2024-08-21 10:00:00,0.67920000,0.68180000,0.66560000,0.66920000,2024210.31272000
2024-08-21 14:00:00,0.66920000,0.67960000,0.65720000,0.67090000,3226436.32576000
2024-08-21 18:00:00,0.67090000,0.70560000,0.66890000,0.70100000,3839923.21124000
2024-08-21 22:00:00,0.70100000,0.70960000,0.69450000,0.69680000,2552668.27306000
2024-08-22 02:00:00,0.69680000,0.70840000,0.68900000,0.70520000,3273684.23363000
2024-08-22 06:00:00,0.70520000,0.71120000,0.70220000,0.71050000,2181754.96465000
2024-08-22 10:00:00,0.71050000,0.72480000,0.70720000,0.71940000,3216298.94972000
2024-08-22 14:00:00,0.71940000,0.71960000,0.70610000,0.71170000,3650579.93995000
2024-08-22 18:00:00,0.71170000,0.72580000,0.71110000,0.71600000,2646192.27006000
2024-08-22 22:00:00,0.71600000,0.72900000,0.71550000,0.72340000,2272049.90830000
2024-08-23 02:00:00,0.72340000,0.73640000,0.72130000,0.72780000,2310740.12856000
2024-08-23 06:00:00,0.72780000,0.74500000,0.72750000,0.73900000,2891883.18133000
2024-08-23 10:00:00,0.73900000,0.74270000,0.72000000,0.72010000,3363598.22299000
2024-08-23 14:00:00,0.72010000,0.76090000,0.72010000,0.73650000,8081577.55329000
2024-08-23 18:00:00,0.73650000,0.78450000,0.73420000,0.77860000,6864806.48505000
2024-08-23 22:00:00,0.77860000,0.79510000,0.77730000,0.77900000,3965376.34169000
2024-08-24 02:00:00,0.77900000,0.78290000,0.76770000,0.77220000,2498519.02958000
2024-08-24 06:00:00,0.77220000,0.78380000,0.77040000,0.78290000,1711049.22221000
2024-08-24 10:00:00,0.78290000,0.79890000,0.77660000,0.77760000,3721105.87530000
2024-08-24 14:00:00,0.77760000,0.78540000,0.77220000,0.77570000,2599308.25630000
2024-08-24 18:00:00,0.77570000,0.80480000,0.77400000,0.78960000,4455801.53778000
2024-08-24 22:00:00,0.78960000,0.79490000,0.75880000,0.77140000,3908747.02832000
2024-08-25 02:00:00,0.77140000,0.77240000,0.74340000,0.75230000,4104171.83164000
2024-08-25 06:00:00,0.75230000,0.75450000,0.72700000,0.73150000,3304184.68083000
2024-08-25 10:00:00,0.73150000,0.74150000,0.72730000,0.73610000,1926029.76826000
2024-08-25 14:00:00,0.73610000,0.75390000,0.73490000,0.74600000,2598245.59021000
2024-08-25 18:00:00,0.74600000,0.75080000,0.73660000,0.73990000,1606212.38750000
2024-08-25 22:00:00,0.73990000,0.75400000,0.73430000,0.73730000,2057618.45837000
2024-08-26 02:00:00,0.73730000,0.74270000,0.71870000,0.73170000,3394198.50230000
2024-08-26 06:00:00,0.73170000,0.73460000,0.71760000,0.72050000,2223778.25490000
2024-08-26 10:00:00,0.72050000,0.73130000,0.71570000,0.72360000,2720541.93332000
2024-08-26 14:00:00,0.72360000,0.72520000,0.70220000,0.71020000,4863612.54867000
2024-08-26 18:00:00,0.71020000,0.71620000,0.68990000,0.69510000,3772513.01219000
2024-08-26 22:00:00,0.69510000,0.69970000,0.68850000,0.69430000,1518267.95763000
2024-08-27 02:00:00,0.69430000,0.70700000,0.69350000,0.70310000,2158099.05254000
2024-08-27 06:00:00,0.70310000,0.70980000,0.69960000,0.70290000,1415190.59690000
2024-08-27 10:00:00,0.70290000,0.70520000,0.68310000,0.69080000,2984482.70050000
2024-08-27 14:00:00,0.69080000,0.70150000,0.68570000,0.69320000,3214170.12200000
2024-08-27 18:00:00,0.69320000,0.69980000,0.68670000,0.69230000,1886925.83329000
2024-08-27 22:00:00,0.69230000,0.69210000,0.64290000,0.66970000,6190943.10190000
2024-08-28 02:00:00,0.66970000,0.67050000,0.65640000,0.66960000,2633220.65739000
2024-08-28 06:00:00,0.66960000,0.67070000,0.65230000,0.65290000,1624150.91035000
2024-08-28 10:00:00,0.65290000,0.68820000,0.65000000,0.67870000,3140594.27287000
2024-08-28 14:00:00,0.67870000,0.68270000,0.65450000,0.66180000,2919774.21189000
2024-08-28 18:00:00,0.66180000,0.67020000,0.64070000,0.65700000,3562905.83073000
2024-08-28 22:00:00,0.65700000,0.66840000,0.65400000,0.66440000,1833307.01603000
2024-08-29 02:00:00,0.66440000,0.67020000,0.66030000,0.66500000,1213304.56275000
2024-08-29 06:00:00,0.66500000,0.67680000,0.66220000,0.67440000,1238620.95327000
2024-08-29 10:00:00,0.67440000,0.68610000,0.67220000,0.67890000,1509324.39448000
2024-08-29 14:00:00,0.67890000,0.68920000,0.67750000,0.68360000,2333692.96515000
2024-08-29 18:00:00,0.68360000,0.68570000,0.65180000,0.65680000,2449501.23775000
2024-08-29 22:00:00,0.65680000,0.66260000,0.64610000,0.65440000,1931482.18365000
2024-08-30 02:00:00,0.65440000,0.65930000,0.64740000,0.64930000,1192014.04557000
2024-08-30 06:00:00,0.64930000,0.65920000,0.64480000,0.65380000,1267160.32619000
2024-08-30 10:00:00,0.65380000,0.65870000,0.64950000,0.65010000,1102266.21801000
2024-08-30 14:00:00,0.65010000,0.65970000,0.61270000,0.61460000,4446334.09473000
2024-08-30 18:00:00,0.61460000,0.64730000,0.61240000,0.63590000,2793258.11584000
2024-08-30 22:00:00,0.63590000,0.65100000,0.63590000,0.64950000,1118059.61181000
2024-08-31 02:00:00,0.64950000,0.65610000,0.64420000,0.64520000,997331.41744000
2024-08-31 06:00:00,0.64520000,0.64880000,0.64110000,0.64140000,586275.64064000
2024-08-31 10:00:00,0.64140000,0.64290000,0.62900000,0.63880000,1690158.25129000
2024-08-31 14:00:00,0.63880000,0.64210000,0.63000000,0.63430000,1637424.23510000
2024-08-31 18:00:00,0.63430000,0.63460000,0.62330000,0.62510000,1154371.66896000
2024-08-31 22:00:00,0.62510000,0.63370000,0.62340000,0.63060000,698892.56673000
2024-09-01 02:00:00,0.63060000,0.63220000,0.61640000,0.62260000,1355502.81655000
2024-09-01 06:00:00,0.62260000,0.62630000,0.61330000,0.62340000,1393796.07278000
2024-09-01 10:00:00,0.62340000,0.62430000,0.60410000,0.61110000,2185901.18874000
2024-09-01 14:00:00,0.61110000,0.61380000,0.59350000,0.61070000,3716252.75235000
2024-09-01 18:00:00,0.61070000,0.62120000,0.59650000,0.61660000,1979315.91037000
2024-09-01 22:00:00,0.61660000,0.62180000,0.58890000,0.59100000,2644729.67238000
2024-09-02 02:00:00,0.59100000,0.59940000,0.58930000,0.59820000,1546714.29520000
2024-09-02 06:00:00,0.59820000,0.59940000,0.58360000,0.58790000,2030446.78015000
2024-09-02 10:00:00,0.58790000,0.62020000,0.58720000,0.61440000,2204465.57894000
2024-09-02 14:00:00,0.61440000,0.62080000,0.60160000,0.61390000,2261855.05419000
2024-09-02 18:00:00,0.61390000,0.61920000,0.60840000,0.61220000,754323.60331000
2024-09-02 22:00:00,0.61220000,0.63120000,0.61080000,0.61890000,1302930.42191000
2024-09-03 02:00:00,0.61890000,0.63170000,0.61750000,0.62100000,1122112.25107000
2024-09-03 06:00:00,0.62100000,0.62360000,0.61430000,0.62170000,882356.79610000
2024-09-03 10:00:00,0.62170000,0.62210000,0.61020000,0.61610000,864302.02860000
2024-09-03 14:00:00,0.61610000,0.62120000,0.59070000,0.59250000,1968005.85126000
2024-09-03 18:00:00,0.59250000,0.60390000,0.59110000,0.59990000,1005638.61355000
2024-09-03 22:00:00,0.59990000,0.60360000,0.57650000,0.58020000,1297720.76242000
2024-09-04 02:00:00,0.58020000,0.58850000,0.55490000,0.58280000,2824523.44365000
2024-09-04 06:00:00,0.58280000,0.58690000,0.57520000,0.58180000,943861.54206000
2024-09-04 10:00:00,0.58180000,0.58330000,0.56780000,0.56960000,1509383.82483000
2024-09-04 14:00:00,0.56960000,0.59820000,0.56790000,0.59770000,2712464.75215000
2024-09-04 18:00:00,0.59770000,0.61090000,0.58950000,0.59510000,1618772.04062000
2024-09-04 22:00:00,0.59510000,0.60490000,0.59040000,0.59710000,1007653.26048000
2024-09-05 02:00:00,0.59710000,0.60580000,0.58810000,0.58970000,1450893.04961000
2024-09-05 06:00:00,0.58970000,0.59840000,0.58520000,0.59430000,1072798.24926000
2024-09-05 10:00:00,0.59430000,0.59730000,0.58520000,0.58790000,1005158.60982000
2024-09-05 14:00:00,0.58790000,0.60130000,0.57460000,0.57770000,2667216.60279000
2024-09-05 18:00:00,0.57770000,0.58030000,0.56920000,0.57260000,1556374.22324000
2024-09-05 22:00:00,0.57260000,0.57490000,0.56590000,0.56950000,820110.94066000
2024-09-06 02:00:00,0.56950000,0.58510000,0.56520000,0.57780000,1220513.23958000
2024-09-06 06:00:00,0.57780000,0.57970000,0.56220000,0.56910000,1423076.93064000
2024-09-06 10:00:00,0.56910000,0.57930000,0.56760000,0.57560000,1192785.47119000
2024-09-06 14:00:00,0.57560000,0.59810000,0.56740000,0.57830000,4005099.73378000
2024-09-06 18:00:00,0.57830000,0.57930000,0.56030000,0.56590000,2085732.09846000
2024-09-06 22:00:00,0.56590000,0.57320000,0.53850000,0.57170000,3076149.15933000
2024-09-07 02:00:00,0.57170000,0.57680000,0.56690000,0.57310000,1073564.20528000
2024-09-07 06:00:00,0.57310000,0.59010000,0.57220000,0.58600000,1666220.05201000
2024-09-07 10:00:00,0.58600000,0.58820000,0.58230000,0.58380000,749419.91488000
2024-09-07 14:00:00,0.58380000,0.59310000,0.58380000,0.58900000,1206610.21928000
2024-09-07 18:00:00,0.58900000,0.59170000,0.57750000,0.58470000,1132771.86308000
2024-09-07 22:00:00,0.58470000,0.58530000,0.57080000,0.57710000,640724.61202000
2024-09-08 02:00:00,0.57710000,0.58600000,0.57470000,0.58600000,599313.82865000
2024-09-08 06:00:00,0.58600000,0.59030000,0.58420000,0.58960000,667155.91839000
2024-09-08 10:00:00,0.58960000,0.59580000,0.58510000,0.58580000,832683.10737000
2024-09-08 14:00:00,0.58580000,0.58720000,0.57130000,0.57200000,1198169.07738000
2024-09-08 18:00:00,0.57200000,0.58350000,0.57010000,0.57940000,717830.91674000
2024-09-08 22:00:00,0.57940000,0.59790000,0.57760000,0.58950000,1139693.48388000
2024-09-09 02:00:00,0.58950000,0.59760000,0.58600000,0.59240000,1083286.47591000
2024-09-09 06:00:00,0.59240000,0.60410000,0.58610000,0.60330000,976461.73780000
2024-09-09 10:00:00,0.60330000,0.61720000,0.60270000,0.60970000,1492773.39183000
2024-09-09 14:00:00,0.60970000,0.61600000,0.60060000,0.61090000,1764714.42235000
2024-09-09 18:00:00,0.61090000,0.63110000,0.61040000,0.63000000,2310048.35547000
2024-09-09 22:00:00,0.63000000,0.63820000,0.62350000,0.62780000,1165923.83324000
2024-09-10 02:00:00,0.62780000,0.62810000,0.61460000,0.61630000,830133.11733000
2024-09-10 06:00:00,0.61630000,0.63110000,0.61340000,0.62880000,848839.45120000
2024-09-10 10:00:00,0.62880000,0.63310000,0.62130000,0.63160000,1005074.51244000
2024-09-10 14:00:00,0.63160000,0.63380000,0.61900000,0.62020000,2106173.07119000
2024-09-10 18:00:00,0.62020000,0.63900000,0.61990000,0.63530000,1272110.00670000
2024-09-10 22:00:00,0.63530000,0.64210000,0.63180000,0.63630000,992805.85587000
2024-09-11 02:00:00,0.63630000,0.63630000,0.61370000,0.61590000,1939867.67864000
2024-09-11 06:00:00,0.61590000,0.61840000,0.60550000,0.61700000,1034233.72649000
2024-09-11 10:00:00,0.61700000,0.61700000,0.60760000,0.61350000,761902.41991000
2024-09-11 14:00:00,0.61350000,0.62370000,0.60080000,0.61470000,1939744.35530000
2024-09-11 18:00:00,0.61470000,0.62680000,0.61350000,0.62100000,1208838.77757000
2024-09-11 22:00:00,0.62100000,0.62440000,0.61750000,0.61940000,371415.83695000
2024-09-12 02:00:00,0.61940000,0.63910000,0.61920000,0.63440000,1080431.45111000
2024-09-12 06:00:00,0.63440000,0.63900000,0.62880000,0.63310000,735230.05610000
2024-09-12 10:00:00,0.63310000,0.63780000,0.62940000,0.63260000,600606.70003000
2024-09-12 14:00:00,0.63260000,0.63690000,0.61670000,0.61990000,1842184.14128000
2024-09-12 18:00:00,0.61990000,0.63200000,0.61890000,0.62960000,961726.96261000
2024-09-12 22:00:00,0.62960000,0.63810000,0.62710000,0.63590000,734897.88322000
2024-09-13 02:00:00,0.63590000,0.63940000,0.63070000,0.63090000,803528.79554000
2024-09-13 06:00:00,0.63090000,0.63460000,0.62510000,0.62880000,668449.73392000
2024-09-13 10:00:00,0.62880000,0.63510000,0.62620000,0.62820000,667780.20176000
2024-09-13 14:00:00,0.62820000,0.65070000,0.62380000,0.64830000,1263431.45228000
2024-09-13 18:00:00,0.64830000,0.65040000,0.63750000,0.64310000,740563.93062000
2024-09-13 22:00:00,0.64310000,0.65890000,0.64210000,0.65280000,635409.39444000
2024-09-14 02:00:00,0.65280000,0.65600000,0.64880000,0.65510000,403440.90521000
2024-09-14 06:00:00,0.65510000,0.65500000,0.63950000,0.64120000,391483.04349000
2024-09-14 10:00:00,0.64120000,0.64260000,0.63100000,0.63320000,447097.84697000
2024-09-14 14:00:00,0.63320000,0.64520000,0.63200000,0.64180000,435901.61815000
2024-09-14 18:00:00,0.64180000,0.64900000,0.63530000,0.64020000,535157.36637000
2024-09-14 22:00:00,0.64020000,0.64690000,0.63940000,0.64320000,347578.66066000
2024-09-15 02:00:00,0.64320000,0.65290000,0.64210000,0.64790000,768200.08768000
2024-09-15 06:00:00,0.64790000,0.64880000,0.64200000,0.64620000,511618.14942000
2024-09-15 10:00:00,0.64620000,0.64670000,0.63540000,0.64040000,761341.00318000
2024-09-15 14:00:00,0.64040000,0.64520000,0.63560000,0.64130000,807351.21023000
2024-09-15 18:00:00,0.64130000,0.64140000,0.62670000,0.62900000,1312383.84676000
2024-09-15 22:00:00,0.62900000,0.62950000,0.60500000,0.61070000,1643934.24733000
2024-09-16 02:00:00,0.61070000,0.61200000,0.59420000,0.60280000,1879091.25929000
2024-09-16 06:00:00,0.60280000,0.60770000,0.59900000,0.60510000,1420229.92563000
2024-09-16 10:00:00,0.60510000,0.61020000,0.59490000,0.59770000,1278901.74721000
2024-09-16 14:00:00,0.59770000,0.60180000,0.59110000,0.59860000,1229500.83140000
2024-09-16 18:00:00,0.59860000,0.60100000,0.58840000,0.59130000,1264350.94930000
2024-09-16 22:00:00,0.59130000,0.59600000,0.58430000,0.59460000,808954.96688000
2024-09-17 02:00:00,0.59460000,0.59550000,0.58540000,0.59370000,563868.30575000
2024-09-17 06:00:00,0.59370000,0.60290000,0.59300000,0.59960000,600698.48080000
2024-09-17 10:00:00,0.59960000,0.60810000,0.59630000,0.60180000,1407105.16654000
2024-09-17 14:00:00,0.60180000,0.62060000,0.59630000,0.61740000,3188208.91721000
2024-09-17 18:00:00,0.61740000,0.62040000,0.59440000,0.59840000,1874360.37932000
2024-09-17 22:00:00,0.59840000,0.60400000,0.59110000,0.59650000,1701856.48519000
2024-09-18 02:00:00,0.59650000,0.60470000,0.58920000,0.60250000,1310045.27089000
2024-09-18 06:00:00,0.60250000,0.60470000,0.59450000,0.60110000,960157.55294000
2024-09-18 10:00:00,0.60110000,0.60190000,0.58580000,0.59300000,1111344.29226000
2024-09-18 14:00:00,0.59300000,0.59830000,0.58030000,0.58230000,1469808.15908000
2024-09-18 18:00:00,0.58230000,0.61050000,0.57800000,0.59310000,4023651.10229000
2024-09-18 22:00:00,0.59310000,0.63550000,0.58640000,0.63460000,2166281.24152000
2024-09-19 02:00:00,0.63460000,0.64720000,0.62650000,0.64370000,3720601.78260000
2024-09-19 06:00:00,0.64370000,0.65280000,0.63700000,0.65220000,2083549.36421000
2024-09-19 10:00:00,0.65220000,0.65700000,0.64320000,0.64920000,3027367.71126000
2024-09-19 14:00:00,0.64920000,0.66210000,0.64630000,0.65730000,3995407.60223000
2024-09-19 18:00:00,0.65730000,0.67480000,0.65710000,0.65880000,2749275.22075000
2024-09-19 22:00:00,0.65880000,0.66250000,0.64790000,0.65250000,1937909.30661000
2024-09-20 02:00:00,0.65250000,0.68380000,0.63800000,0.68350000,3047965.13418000
2024-09-20 06:00:00,0.68350000,0.71450000,0.67750000,0.70110000,7200651.55724000
2024-09-20 10:00:00,0.70110000,0.70120000,0.68530000,0.68670000,3692777.62938000
2024-09-20 14:00:00,0.68670000,0.69380000,0.67500000,0.68490000,4552507.05100000
2024-09-20 18:00:00,0.68490000,0.68690000,0.66900000,0.67890000,2606665.26971000
2024-09-20 22:00:00,0.67890000,0.69390000,0.67820000,0.68890000,1410870.59594000
2024-09-21 02:00:00,0.68890000,0.69380000,0.67690000,0.67780000,2606856.28979000
2024-09-21 06:00:00,0.67780000,0.68810000,0.66950000,0.68690000,1886246.60935000
2024-09-21 10:00:00,0.68690000,0.69090000,0.68010000,0.68620000,1246435.93878000
2024-09-21 14:00:00,0.68620000,0.70340000,0.68380000,0.69310000,2876119.30506000
2024-09-21 18:00:00,0.69310000,0.69950000,0.69090000,0.69630000,1474910.72582000
2024-09-21 22:00:00,0.69630000,0.70520000,0.69160000,0.70270000,926148.46643000
2024-09-22 02:00:00,0.70270000,0.71080000,0.69030000,0.70480000,3219897.23560000
2024-09-22 06:00:00,0.70480000,0.70760000,0.69190000,0.69400000,1702085.29726000
2024-09-22 10:00:00,0.69400000,0.69760000,0.67130000,0.67840000,2969040.51506000
2024-09-22 14:00:00,0.67840000,0.68400000,0.66780000,0.67160000,1856982.58857000
2024-09-22 18:00:00,0.67160000,0.68520000,0.66710000,0.68250000,1672406.38861000
2024-09-22 22:00:00,0.68250000,0.69030000,0.66070000,0.68400000,2790242.13315000
2024-09-23 02:00:00,0.68400000,0.73380000,0.66790000,0.72260000,7646058.00962000
2024-09-23 06:00:00,0.72260000,0.72390000,0.71150000,0.71840000,3014639.01063000
2024-09-23 10:00:00,0.71840000,0.72390000,0.70910000,0.71810000,2316162.10752000
2024-09-23 14:00:00,0.71810000,0.74980000,0.71320000,0.74510000,5532907.63822000
2024-09-23 18:00:00,0.74510000,0.75040000,0.72930000,0.73700000,3388884.59879000
2024-09-23 22:00:00,0.73700000,0.73940000,0.72500000,0.73250000,2140593.75799000
2024-09-24 02:00:00,0.73250000,0.73430000,0.71330000,0.71970000,4208807.37915000
2024-09-24 06:00:00,0.71970000,0.74760000,0.71470000,0.74730000,2692394.95154000
2024-09-24 10:00:00,0.74730000,0.75670000,0.74110000,0.74960000,3414590.36245000
2024-09-24 14:00:00,0.74960000,0.75860000,0.72470000,0.72870000,4849140.59481000
2024-09-24 18:00:00,0.72870000,0.75070000,0.72880000,0.74830000,2074909.39533000
2024-09-24 22:00:00,0.74830000,0.78370000,0.74730000,0.78030000,4788006.50704000
2024-09-25 02:00:00,0.78030000,0.80100000,0.78030000,0.78960000,4448330.56695000
2024-09-25 06:00:00,0.78960000,0.79110000,0.75700000,0.76040000,4482413.04690000
2024-09-25 10:00:00,0.76040000,0.79100000,0.75560000,0.78890000,3704027.88971000
2024-09-25 14:00:00,0.78890000,0.80820000,0.77480000,0.77980000,6820840.52366000
2024-09-25 18:00:00,0.77980000,0.78930000,0.76830000,0.77210000,3227142.82408000
2024-09-25 22:00:00,0.77210000,0.78600000,0.76030000,0.76530000,2145965.12900000
2024-09-26 02:00:00,0.76530000,0.78710000,0.75050000,0.78650000,3717992.13766000
2024-09-26 06:00:00,0.78650000,0.79590000,0.77810000,0.79580000,3806527.09489000
2024-09-26 10:00:00,0.79580000,0.81920000,0.78340000,0.80580000,4825685.67013000
2024-09-26 14:00:00,0.80580000,0.81630000,0.79020000,0.80900000,6716288.38068000
2024-09-26 18:00:00,0.80900000,0.83060000,0.80630000,0.81540000,5160055.80392000
2024-09-26 22:00:00,0.81540000,0.83070000,0.80110000,0.82260000,3307781.95936000
2024-09-27 02:00:00,0.82260000,0.84200000,0.81280000,0.83610000,3927727.74112000
2024-09-27 06:00:00,0.83610000,0.85310000,0.82910000,0.85020000,4401915.41698000
2024-09-27 10:00:00,0.85020000,0.87420000,0.83350000,0.84010000,6257738.95222000
2024-09-27 14:00:00,0.84010000,0.86350000,0.83640000,0.84320000,6341370.95088000
2024-09-27 18:00:00,0.84320000,0.85880000,0.83570000,0.83800000,3919606.55090000
2024-09-27 22:00:00,0.83800000,0.84110000,0.83160000,0.83520000,1670949.72112000
2024-09-28 02:00:00,0.83520000,0.85700000,0.83470000,0.85380000,2677971.41286000
2024-09-28 06:00:00,0.85380000,0.85920000,0.81710000,0.81900000,5126644.82107000
2024-09-28 10:00:00,0.81900000,0.83390000,0.80510000,0.82650000,3651052.44381000
2024-09-28 14:00:00,0.82650000,0.82690000,0.80910000,0.81980000,2314043.23335000
2024-09-28 18:00:00,0.81980000,0.82500000,0.81490000,0.81830000,1253528.03234000
2024-09-28 22:00:00,0.81830000,0.82130000,0.80170000,0.81870000,2255709.51845000
2024-09-29 02:00:00,0.81870000,0.82540000,0.80810000,0.81900000,2801057.64405000
2024-09-29 06:00:00,0.81900000,0.82300000,0.79350000,0.79580000,2967985.90394000
2024-09-29 10:00:00,0.79580000,0.80790000,0.79290000,0.80270000,2692071.75688000
2024-09-29 14:00:00,0.80270000,0.80620000,0.78570000,0.80420000,3371389.07980000
2024-09-29 18:00:00,0.80420000,0.82840000,0.79720000,0.82750000,2958892.33463000
2024-09-29 22:00:00,0.82750000,0.83110000,0.79890000,0.80800000,3025160.45510000
2024-09-30 02:00:00,0.80800000,0.81020000,0.77250000,0.79050000,6561771.60596000
2024-09-30 06:00:00,0.79050000,0.79780000,0.77760000,0.79250000,3039330.32656000
2024-09-30 10:00:00,0.79250000,0.79410000,0.76550000,0.77520000,3849200.78125000
2024-09-30 14:00:00,0.77520000,0.78360000,0.75560000,0.75610000,3358277.54501000
2024-09-30 18:00:00,0.75610000,0.76620000,0.75490000,0.76360000,1972238.24677000
2024-09-30 22:00:00,0.76360000,0.77420000,0.74300000,0.75080000,2764945.75882000
2024-10-01 02:00:00,0.75080000,0.78260000,0.74720000,0.78160000,2942975.58826000
2024-10-01 06:00:00,0.78160000,0.79470000,0.77590000,0.78990000,2654312.23758000
2024-10-01 10:00:00,0.78990000,0.79660000,0.78390000,0.78720000,1895204.45371000
2024-10-01 14:00:00,0.78720000,0.79510000,0.71430000,0.74130000,9551256.65353000
2024-10-01 18:00:00,0.74130000,0.74630000,0.68120000,0.71700000,8747657.56747000
2024-10-01 22:00:00,0.71700000,0.72490000,0.69910000,0.72090000,3850121.41622000
2024-10-02 02:00:00,0.72090000,0.73170000,0.71640000,0.73030000,2745771.17713000
2024-10-02 06:00:00,0.73030000,0.74460000,0.71610000,0.73940000,2470521.64127000
2024-10-02 10:00:00,0.73940000,0.74420000,0.70650000,0.71410000,3927406.06443000
2024-10-02 14:00:00,0.71410000,0.72390000,0.69860000,0.72170000,4454868.07801000
2024-10-02 18:00:00,0.72170000,0.73530000,0.68690000,0.70070000,3580403.33314000
2024-10-02 22:00:00,0.70070000,0.71030000,0.69290000,0.70320000,1843950.01595000
2024-10-03 02:00:00,0.70320000,0.72200000,0.69640000,0.72130000,2673369.25935000
2024-10-03 06:00:00,0.72130000,0.72150000,0.69660000,0.69680000,1572003.81818000
2024-10-03 10:00:00,0.69680000,0.69830000,0.66470000,0.68010000,4050758.65043000
2024-10-03 14:00:00,0.68010000,0.69440000,0.66090000,0.67550000,4823204.29462000
2024-10-03 18:00:00,0.67550000,0.67990000,0.65620000,0.67950000,2095770.29121000
2024-10-03 22:00:00,0.67950000,0.68170000,0.66220000,0.67530000,1763391.06593000
2024-10-04 02:00:00,0.67530000,0.69370000,0.66790000,0.68800000,2441577.53284000
2024-10-04 06:00:00,0.68800000,0.69660000,0.68480000,0.69010000,1561142.01896000
2024-10-04 10:00:00,0.69010000,0.70010000,0.68250000,0.69080000,2123467.50225000
2024-10-04 14:00:00,0.69080000,0.70670000,0.68000000,0.70140000,3979870.82168000
2024-10-04 18:00:00,0.70140000,0.71630000,0.69820000,0.71160000,2182471.03281000
2024-10-04 22:00:00,0.71160000,0.71340000,0.70480000,0.70850000,844274.71029000
2024-10-05 02:00:00,0.70850000,0.71770000,0.69480000,0.69780000,2004160.14596000
2024-10-05 06:00:00,0.69780000,0.71360000,0.69610000,0.70780000,1247304.89617000
2024-10-05 10:00:00,0.70780000,0.71660000,0.70610000,0.71350000,1832077.82264000
2024-10-05 14:00:00,0.71350000,0.73020000,0.70650000,0.71130000,2930117.43824000
2024-10-05 18:00:00,0.71130000,0.71270000,0.69710000,0.70010000,2028945.37964000
2024-10-05 22:00:00,0.70010000,0.71410000,0.69230000,0.70940000,1229965.94644000
2024-10-06 02:00:00,0.70940000,0.71550000,0.70330000,0.70410000,1409404.84358000
2024-10-06 06:00:00,0.70410000,0.71440000,0.69960000,0.71070000,1374330.38910000
2024-10-06 10:00:00,0.71070000,0.71770000,0.70950000,0.71320000,1470628.40387000
2024-10-06 14:00:00,0.71320000,0.73940000,0.71150000,0.73860000,3032093.37598000
2024-10-06 18:00:00,0.73860000,0.74310000,0.73090000,0.73180000,2093825.67187000
2024-10-06 22:00:00,0.73180000,0.74380000,0.72250000,0.74360000,1427884.33645000
2024-10-07 02:00:00,0.74360000,0.76950000,0.73940000,0.74550000,4563665.33937000
2024-10-07 06:00:00,0.74550000,0.75380000,0.73830000,0.74680000,3028583.60609000
2024-10-07 10:00:00,0.74680000,0.75110000,0.71810000,0.73370000,4313947.01636000
2024-10-07 14:00:00,0.73370000,0.75740000,0.72530000,0.73240000,4795690.76063000
2024-10-07 18:00:00,0.73240000,0.74550000,0.71650000,0.72710000,2806850.44195000
2024-10-07 22:00:00,0.72710000,0.72850000,0.70390000,0.70490000,1976947.49435000
2024-10-08 02:00:00,0.70490000,0.71560000,0.70190000,0.71350000,2150333.32774000
2024-10-08 06:00:00,0.71350000,0.71720000,0.68320000,0.68860000,3287575.13200000
2024-10-08 10:00:00,0.68860000,0.69620000,0.68500000,0.69520000,1363162.13002000
2024-10-08 14:00:00,0.69520000,0.70270000,0.67520000,0.68350000,3320427.02268000
2024-10-08 18:00:00,0.68350000,0.68890000,0.67450000,0.68290000,1881594.43307000
2024-10-08 22:00:00,0.68290000,0.69030000,0.67790000,0.68490000,1088080.64243000
2024-10-09 02:00:00,0.68490000,0.69210000,0.67910000,0.68340000,1303267.28634000
2024-10-09 06:00:00,0.68340000,0.69100000,0.68010000,0.68310000,1086456.57007000
2024-10-09 10:00:00,0.68310000,0.68470000,0.67900000,0.68300000,790395.59011000
2024-10-09 14:00:00,0.68300000,0.68300000,0.66390000,0.67790000,2944463.77321000
2024-10-09 18:00:00,0.67790000,0.67850000,0.66250000,0.66720000,1442914.16477000
2024-10-09 22:00:00,0.66720000,0.66760000,0.65500000,0.66090000,1337888.52850000
2024-10-10 02:00:00,0.66090000,0.68110000,0.65770000,0.67230000,2120783.93082000
2024-10-10 06:00:00,0.67230000,0.67980000,0.67120000,0.67300000,919624.91015000
2024-10-10 10:00:00,0.67300000,0.67990000,0.66360000,0.67610000,1756942.83394000
2024-10-10 14:00:00,0.67610000,0.67730000,0.65830000,0.66840000,2717620.05536000
2024-10-10 18:00:00,0.66840000,0.67260000,0.64620000,0.66600000,2581431.53307000
2024-10-10 22:00:00,0.66600000,0.67930000,0.66290000,0.67820000,1451310.70703000
2024-10-11 02:00:00,0.67820000,0.68350000,0.66960000,0.67710000,1500060.25263000
2024-10-11 06:00:00,0.67710000,0.68540000,0.67400000,0.68110000,1239321.23347000
2024-10-11 10:00:00,0.68110000,0.69170000,0.68110000,0.68920000,1589130.98188000
2024-10-11 14:00:00,0.68920000,0.70630000,0.68760000,0.70450000,3113970.15624000
2024-10-11 18:00:00,0.70450000,0.71770000,0.69960000,0.71310000,1905030.53956000
2024-10-11 22:00:00,0.71310000,0.72090000,0.70700000,0.70900000,1165053.17804000
2024-10-12 02:00:00,0.70900000,0.71840000,0.70350000,0.70640000,1179907.82829000
2024-10-12 06:00:00,0.70640000,0.71490000,0.70510000,0.71450000,656233.05558000
2024-10-12 10:00:00,0.71450000,0.71860000,0.70810000,0.71360000,1514634.18957000
2024-10-12 14:00:00,0.71360000,0.72810000,0.70930000,0.71850000,2241669.65860000
2024-10-12 18:00:00,0.71850000,0.72350000,0.70770000,0.71060000,1186537.70620000
2024-10-12 22:00:00,0.71060000,0.71880000,0.70960000,0.71270000,593277.97195000
2024-10-13 02:00:00,0.71270000,0.71750000,0.69750000,0.69970000,1642744.05884000
2024-10-13 06:00:00,0.69970000,0.71060000,0.69960000,0.70540000,926682.46679000
2024-10-13 10:00:00,0.70540000,0.70990000,0.69130000,0.69360000,1753919.05211000
2024-10-13 14:00:00,0.69360000,0.69870000,0.67480000,0.67940000,2205831.60737000
2024-10-13 18:00:00,0.67940000,0.69390000,0.67810000,0.68980000,1612573.56883000
2024-10-13 22:00:00,0.68980000,0.72800000,0.68790000,0.72720000,2346566.51586000
2024-10-14 02:00:00,0.72720000,0.73890000,0.70530000,0.73840000,2773832.35234000
2024-10-14 06:00:00,0.73840000,0.74820000,0.72720000,0.74610000,3001326.40313000
2024-10-14 10:00:00,0.74610000,0.75150000,0.73590000,0.74720000,2163209.01364000
2024-10-14 14:00:00,0.74720000,0.75920000,0.73820000,0.75580000,3512781.05708000
2024-10-14 18:00:00,0.75580000,0.76670000,0.74600000,0.75710000,2710546.06382000
2024-10-14 22:00:00,0.75710000,0.76700000,0.75200000,0.76140000,1286331.49263000
2024-10-15 02:00:00,0.76140000,0.76920000,0.74750000,0.74850000,2681948.62329000
2024-10-15 06:00:00,0.74850000,0.76230000,0.74470000,0.75480000,2177379.44208000
2024-10-15 10:00:00,0.75480000,0.76460000,0.73070000,0.73610000,2973930.95701000
2024-10-15 14:00:00,0.73610000,0.77910000,0.71670000,0.73600000,7968055.32139000
2024-10-15 18:00:00,0.73600000,0.75450000,0.73600000,0.74610000,2229950.93879000
2024-10-15 22:00:00,0.74610000,0.74920000,0.72750000,0.74630000,1513484.36584000
2024-10-16 02:00:00,0.74630000,0.75190000,0.73220000,0.73640000,1550767.67636000
2024-10-16 06:00:00,0.73640000,0.74170000,0.72260000,0.72760000,1680690.16040000
2024-10-16 10:00:00,0.72760000,0.75590000,0.72700000,0.74830000,2276403.91174000
2024-10-16 14:00:00,0.74830000,0.75020000,0.72620000,0.73180000,2725626.42322000
2024-10-16 18:00:00,0.73180000,0.73390000,0.72340000,0.73130000,985792.24892000
2024-10-16 22:00:00,0.73130000,0.74500000,0.72870000,0.72910000,966892.73601000
2024-10-17 02:00:00,0.72910000,0.73880000,0.72630000,0.73410000,1028012.46548000
2024-10-17 06:00:00,0.73410000,0.73450000,0.71890000,0.72270000,1157986.97897000
2024-10-17 10:00:00,0.72270000,0.72680000,0.70540000,0.70700000,2051202.28177000
2024-10-17 14:00:00,0.70700000,0.72590000,0.70520000,0.72440000,2040796.00901000
2024-10-17 18:00:00,0.72440000,0.72510000,0.70110000,0.70590000,1640205.82748000
2024-10-17 22:00:00,0.70590000,0.71480000,0.70580000,0.71330000,502344.85184000
2024-10-18 02:00:00,0.71330000,0.73910000,0.71100000,0.72150000,2136219.60047000
2024-10-18 06:00:00,0.72150000,0.73910000,0.72160000,0.73560000,1121894.73875000
2024-10-18 10:00:00,0.73560000,0.73750000,0.72560000,0.72620000,1012218.20703000
2024-10-18 14:00:00,0.72620000,0.73810000,0.72260000,0.73560000,2366075.54660000
2024-10-18 18:00:00,0.73560000,0.81270000,0.72980000,0.80900000,15951267.44308000
2024-10-18 22:00:00,0.80900000,0.81440000,0.78430000,0.80600000,5951769.17103000
2024-10-19 02:00:00,0.80600000,0.81960000,0.78730000,0.80200000,6465309.80640000
2024-10-19 06:00:00,0.80200000,0.80730000,0.78760000,0.79410000,3167300.47884000
2024-10-19 10:00:00,0.79410000,0.79640000,0.77190000,0.77350000,4319928.20320000
2024-10-19 14:00:00,0.77350000,0.79100000,0.77230000,0.78490000,2269094.18621000
2024-10-19 18:00:00,0.78490000,0.78590000,0.77390000,0.77630000,1524492.64095000
2024-10-19 22:00:00,0.77630000,0.79190000,0.77540000,0.78920000,1009764.93373000
2024-10-20 02:00:00,0.78920000,0.79080000,0.76810000,0.77250000,2172666.60964000
2024-10-20 06:00:00,0.77250000,0.78110000,0.76980000,0.77560000,1573975.97449000
2024-10-20 10:00:00,0.77560000,0.78210000,0.77310000,0.77980000,1060859.11830000
2024-10-20 14:00:00,0.77980000,0.81270000,0.76740000,0.80790000,5299572.03353000
2024-10-20 18:00:00,0.80790000,0.82480000,0.80600000,0.81790000,2814276.92036000
2024-10-20 22:00:00,0.81790000,0.83840000,0.81620000,0.83380000,2713331.39558000
2024-10-21 02:00:00,0.83380000,0.83960000,0.81720000,0.82040000,3101957.55659000
2024-10-21 06:00:00,0.82040000,0.82630000,0.80830000,0.80850000,1920953.39832000
2024-10-21 10:00:00,0.80850000,0.81740000,0.79230000,0.80010000,2553611.66677000
2024-10-21 14:00:00,0.80010000,0.80690000,0.77620000,0.78120000,5271805.63339000
2024-10-21 18:00:00,0.78120000,0.78170000,0.76620000,0.77710000,2624296.65741000
2024-10-21 22:00:00,0.77710000,0.78710000,0.77050000,0.77070000,1595455.58896000
2024-10-22 02:00:00,0.77070000,0.78040000,0.75380000,0.77630000,3087298.37821000
2024-10-22 06:00:00,0.77630000,0.78530000,0.76700000,0.76830000,1522660.63007000
2024-10-22 10:00:00,0.76830000,0.76920000,0.75100000,0.76330000,2518415.44747000
2024-10-22 14:00:00,0.76330000,0.77260000,0.75210000,0.76280000,3201829.38885000
2024-10-22 18:00:00,0.76280000,0.76970000,0.75520000,0.76390000,1399195.07574000
2024-10-22 22:00:00,0.76390000,0.77370000,0.76220000,0.76750000,922404.62952000
2024-10-23 02:00:00,0.76750000,0.76970000,0.74820000,0.75400000,1639712.56592000
2024-10-23 06:00:00,0.75400000,0.75860000,0.74630000,0.74830000,1237003.64603000
2024-10-23 10:00:00,0.74830000,0.75390000,0.74010000,0.74090000,2138275.35986000
2024-10-23 14:00:00,0.74090000,0.75270000,0.72710000,0.73230000,3043343.16518000
2024-10-23 18:00:00,0.73230000,0.73850000,0.71810000,0.73650000,2821652.82388000
2024-10-23 22:00:00,0.73650000,0.74900000,0.73420000,0.74750000,1752898.43144000
2024-10-24 02:00:00,0.74750000,0.75940000,0.74220000,0.75320000,1809951.27785000
2024-10-24 06:00:00,0.75320000,0.76200000,0.74860000,0.74970000,1139480.29837000
2024-10-24 10:00:00,0.74970000,0.75300000,0.73590000,0.74780000,1556784.04274000
2024-10-24 14:00:00,0.74780000,0.76040000,0.74740000,0.75680000,1989213.27998000
2024-10-24 18:00:00,0.75680000,0.76470000,0.75040000,0.76450000,1173570.98167000
2024-10-24 22:00:00,0.76450000,0.76910000,0.75710000,0.75930000,1545510.28590000
2024-10-25 02:00:00,0.75930000,0.76190000,0.74130000,0.74430000,1814196.30681000
2024-10-25 06:00:00,0.74430000,0.74590000,0.72270000,0.73000000,1904357.00574000
2024-10-25 10:00:00,0.73000000,0.74730000,0.72620000,0.74390000,1482680.17026000
2024-10-25 14:00:00,0.74390000,0.74890000,0.72080000,0.72320000,2318289.37030000
2024-10-25 18:00:00,0.72320000,0.72560000,0.69190000,0.70570000,4620429.53901000
2024-10-25 22:00:00,0.70570000,0.71330000,0.62980000,0.67190000,6755824.17076000
2024-10-26 02:00:00,0.67190000,0.68650000,0.66170000,0.68400000,3189520.00614000
2024-10-26 06:00:00,0.68400000,0.69260000,0.68010000,0.68880000,1216740.33040000
2024-10-26 10:00:00,0.68880000,0.69690000,0.68750000,0.69180000,1159518.83064000
2024-10-26 14:00:00,0.69180000,0.69310000,0.66820000,0.67390000,1595004.97931000
2024-10-26 18:00:00,0.67390000,0.68570000,0.67100000,0.68430000,822091.57160000
2024-10-26 22:00:00,0.68430000,0.69260000,0.68360000,0.68650000,742235.84601000
2024-10-27 02:00:00,0.68650000,0.69050000,0.67920000,0.68950000,842361.28993000
2024-10-27 05:00:00,0.68950000,0.69080000,0.68120000,0.68280000,670394.68118000
2024-10-27 09:00:00,0.68280000,0.68710000,0.67650000,0.67960000,877980.03647000
2024-10-27 13:00:00,0.67960000,0.69790000,0.67900000,0.69010000,2062196.78338000
2024-10-27 17:00:00,0.69010000,0.69790000,0.68600000,0.69130000,975333.59920000
2024-10-27 21:00:00,0.69130000,0.70590000,0.68850000,0.69750000,1081718.33864000
2024-10-28 01:00:00,0.69750000,0.69910000,0.67300000,0.67500000,1417376.69649000
2024-10-28 05:00:00,0.67500000,0.69550000,0.66850000,0.68970000,1716582.44708000
2024-10-28 09:00:00,0.68970000,0.69570000,0.68410000,0.68710000,1462864.80512000
2024-10-28 13:00:00,0.68710000,0.68810000,0.65100000,0.65410000,4626360.61104000
2024-10-28 17:00:00,0.65410000,0.67070000,0.64560000,0.66690000,2417223.17201000
2024-10-28 21:00:00,0.66690000,0.68970000,0.65860000,0.67800000,4084271.03690000
2024-10-29 01:00:00,0.67800000,0.71190000,0.67400000,0.70340000,5087336.98403000
2024-10-29 05:00:00,0.70340000,0.73940000,0.70340000,0.71550000,5016518.08622000
2024-10-29 09:00:00,0.71550000,0.72960000,0.71540000,0.72630000,2059381.43691000
2024-10-29 13:00:00,0.72630000,0.73000000,0.71470000,0.73000000,3658730.28723000
2024-10-29 17:00:00,0.73000000,0.74250000,0.72240000,0.72350000,3525593.65576000
2024-10-29 21:00:00,0.72350000,0.73680000,0.71540000,0.73480000,2466767.16803000
2024-10-30 01:00:00,0.73480000,0.74480000,0.72390000,0.72940000,3033424.21422000
2024-10-30 05:00:00,0.72940000,0.73630000,0.72580000,0.72850000,1603702.75685000
2024-10-30 09:00:00,0.72850000,0.73720000,0.71760000,0.71820000,2683946.79162000
2024-10-30 13:00:00,0.71820000,0.75180000,0.71540000,0.73040000,10879298.94317000
2024-10-30 17:00:00,0.73040000,0.73770000,0.72120000,0.72260000,1811849.81901000
2024-10-30 21:00:00,0.72260000,0.73400000,0.71580000,0.72420000,2371331.54127000
2024-10-31 01:00:00,0.72420000,0.72630000,0.71120000,0.71820000,1797019.61805000
2024-10-31 05:00:00,0.71820000,0.71950000,0.70310000,0.70900000,1800388.48443000
2024-10-31 09:00:00,0.70900000,0.71460000,0.70150000,0.71100000,1670277.19094000
2024-10-31 13:00:00,0.71100000,0.71170000,0.68590000,0.69540000,7623564.90200000
2024-10-31 17:00:00,0.69540000,0.70050000,0.68780000,0.68890000,3387818.62693000
2024-10-31 21:00:00,0.68890000,0.69630000,0.68390000,0.69190000,1653686.25855000
2024-11-01 01:00:00,0.69190000,0.69820000,0.67760000,0.68930000,2935598.77244000
2024-11-01 05:00:00,0.68930000,0.69660000,0.67850000,0.68280000,2395497.87511000
2024-11-01 09:00:00,0.68280000,0.70140000,0.68070000,0.69760000,2768075.42281000
2024-11-01 13:00:00,0.69760000,0.71540000,0.67400000,0.68140000,7032864.59751000
2024-11-01 17:00:00,0.68140000,0.69770000,0.67180000,0.67740000,3753847.01965000
2024-11-01 21:00:00,0.67740000,0.67850000,0.66140000,0.66780000,2361116.08514000
2024-11-02 01:00:00,0.66780000,0.67340000,0.66310000,0.66390000,1521231.08335000
2024-11-02 05:00:00,0.66390000,0.66480000,0.65590000,0.65670000,1383686.04080000
2024-11-02 09:00:00,0.65670000,0.65990000,0.64580000,0.64890000,2460169.42321000
2024-11-02 13:00:00,0.64890000,0.65000000,0.63560000,0.63750000,4898313.14647000
2024-11-02 17:00:00,0.63750000,0.64210000,0.63130000,0.63900000,2051403.59829000
2024-11-02 21:00:00,0.63900000,0.64320000,0.63220000,0.63720000,1437695.71390000
2024-11-03 01:00:00,0.63720000,0.63960000,0.61220000,0.62300000,4566562.99804000
2024-11-03 05:00:00,0.62300000,0.62990000,0.61000000,0.61900000,3452471.99993000
2024-11-03 09:00:00,0.61900000,0.62030000,0.60770000,0.60890000,2577758.53433000
2024-11-03 13:00:00,0.60890000,0.61240000,0.58760000,0.60340000,9191167.24931000
2024-11-03 17:00:00,0.60340000,0.61740000,0.59990000,0.61690000,4832390.53987000
2024-11-03 21:00:00,0.61690000,0.63620000,0.61350000,0.62070000,4792916.20690000
2024-11-04 01:00:00,0.62070000,0.63410000,0.61000000,0.62540000,3492595.84922000
2024-11-04 05:00:00,0.62540000,0.62870000,0.61250000,0.61260000,1966006.44414000
2024-11-04 09:00:00,0.61260000,0.61520000,0.59950000,0.60690000,4925617.30547000
2024-11-04 13:00:00,0.60690000,0.61570000,0.59970000,0.60220000,3789085.97114000
2024-11-04 17:00:00,0.60220000,0.60530000,0.59330000,0.59950000,2802444.31806000
2024-11-04 21:00:00,0.59950000,0.60430000,0.58020000,0.59610000,5259675.39268000
2024-11-05 01:00:00,0.59610000,0.60870000,0.59570000,0.60520000,3305952.10585000
2024-11-05 05:00:00,0.60520000,0.61700000,0.60330000,0.61450000,2091732.89015000
2024-11-05 09:00:00,0.61450000,0.61900000,0.60710000,0.61600000,2099587.48568000
2024-11-05 13:00:00,0.61600000,0.64840000,0.61220000,0.62780000,8549474.71526000
2024-11-05 17:00:00,0.62780000,0.63630000,0.61050000,0.61320000,4416155.40941000
2024-11-05 21:00:00,0.61320000,0.63010000,0.61090000,0.62450000,2747619.74876000
2024-11-06 01:00:00,0.62450000,0.69230000,0.62450000,0.68380000,15666301.26633000
2024-11-06 05:00:00,0.68380000,0.69670000,0.67130000,0.67860000,13353263.12657000
2024-11-06 09:00:00,0.67860000,0.71090000,0.66220000,0.70890000,11080042.61789000
2024-11-06 13:00:00,0.70890000,0.71360000,0.68240000,0.69060000,6577643.47037000
2024-11-06 17:00:00,0.69060000,0.71070000,0.68920000,0.71000000,4164070.79229000
2024-11-06 21:00:00,0.71000000,0.74190000,0.70590000,0.73690000,5652688.92005000
2024-11-07 01:00:00,0.73690000,0.76140000,0.72120000,0.74850000,12325124.56700000
2024-11-07 05:00:00,0.74850000,0.75120000,0.72120000,0.72960000,7719915.98817000
2024-11-07 09:00:00,0.72960000,0.74300000,0.72860000,0.73230000,4848588.65888000
2024-11-07 13:00:00,0.73230000,0.75930000,0.72510000,0.75820000,8830219.13896000
2024-11-07 17:00:00,0.75820000,0.76570000,0.74430000,0.75610000,8278303.85144000
2024-11-07 21:00:00,0.75610000,0.76130000,0.73590000,0.74020000,6121248.90215000
2024-11-08 01:00:00,0.74020000,0.75440000,0.72030000,0.72900000,8822060.33742000
2024-11-08 05:00:00,0.72900000,0.74160000,0.72360000,0.72940000,4821370.45089000
2024-11-08 09:00:00,0.72940000,0.73340000,0.72090000,0.72550000,4788009.48585000
2024-11-08 13:00:00,0.72550000,0.74990000,0.72140000,0.73040000,12038361.95133000
2024-11-08 17:00:00,0.73040000,0.73910000,0.70690000,0.73290000,9675626.32542000
2024-11-08 21:00:00,0.73290000,0.73680000,0.71640000,0.72570000,6257866.78089000
2024-11-09 01:00:00,0.72570000,0.72990000,0.70920000,0.71490000,5965601.58369000
2024-11-09 05:00:00,0.71490000,0.75110000,0.71450000,0.73420000,8390114.58816000
2024-11-09 09:00:00,0.73420000,0.75660000,0.73160000,0.75610000,9902021.58749000
2024-11-09 13:00:00,0.75610000,0.75700000,0.73170000,0.73260000,9871252.80775000
2024-11-09 17:00:00,0.73260000,0.73740000,0.71570000,0.72860000,7117291.87316000
2024-11-09 21:00:00,0.72860000,0.77080000,0.72610000,0.76660000,7263001.69892000
2024-11-10 01:00:00,0.76660000,0.78070000,0.74690000,0.77260000,12871570.76885000
2024-11-10 05:00:00,0.77260000,0.79420000,0.76650000,0.77320000,13831761.86835000
2024-11-10 09:00:00,0.77320000,0.79540000,0.77220000,0.79450000,8854619.31057000
2024-11-10 13:00:00,0.79450000,0.86540000,0.77530000,0.84700000,38958025.87386000
2024-11-10 17:00:00,0.84700000,0.86720000,0.81580000,0.82290000,25245135.07680000
2024-11-10 21:00:00,0.82290000,0.84780000,0.78470000,0.84090000,21252363.66101000
2024-11-11 01:00:00,0.84090000,0.92220000,0.83400000,0.91140000,36026032.95290000
2024-11-11 05:00:00,0.91140000,0.91510000,0.84530000,0.87100000,21161113.79389000
2024-11-11 09:00:00,0.87100000,0.93210000,0.86930000,0.92280000,31835687.89384000
2024-11-11 13:00:00,0.92280000,0.93090000,0.88740000,0.90050000,30043843.82279000
2024-11-11 17:00:00,0.90050000,0.90860000,0.88470000,0.88860000,19128025.52708000
2024-11-11 21:00:00,0.88860000,0.95910000,0.88820000,0.95140000,19933568.68071000
2024-11-12 01:00:00,0.95140000,0.96360000,0.90380000,0.94150000,27799840.81938000
2024-11-12 05:00:00,0.94150000,0.94640000,0.91890000,0.93610000,16101971.24356000
2024-11-12 09:00:00,0.93610000,0.94300000,0.84300000,0.88150000,41946515.00940000
2024-11-12 13:00:00,0.88150000,0.89390000,0.84990000,0.87360000,23937733.40818000
2024-11-12 17:00:00,0.87360000,0.88900000,0.85010000,0.88260000,11553345.90511000
2024-11-12 21:00:00,0.88260000,0.91510000,0.86940000,0.88470000,11481162.18424000
2024-11-13 01:00:00,0.88470000,0.89620000,0.82700000,0.82720000,18122604.70631000
2024-11-13 05:00:00,0.82720000,0.83820000,0.79150000,0.82270000,22157187.12645000
2024-11-13 09:00:00,0.82270000,0.82900000,0.80720000,0.82190000,12321607.80920000
2024-11-13 13:00:00,0.82190000,0.90170000,0.81110000,0.89990000,33002953.43705000
2024-11-13 17:00:00,0.89990000,0.95110000,0.87150000,0.87360000,38422795.69282000
2024-11-13 21:00:00,0.87360000,0.89490000,0.85220000,0.87610000,16477095.39502000
2024-11-14 01:00:00,0.87610000,0.87660000,0.84610000,0.86710000,11792111.48835000
2024-11-14 05:00:00,0.86710000,0.94170000,0.86330000,0.92510000,26465195.36152000
2024-11-14 09:00:00,0.92510000,0.94620000,0.88840000,0.90910000,27142272.23685000
2024-11-14 13:00:00,0.90910000,0.91320000,0.84640000,0.85080000,22737510.64840000
2024-11-14 17:00:00,0.85080000,0.87700000,0.84390000,0.86960000,14724504.15248000
2024-11-14 21:00:00,0.86960000,0.87380000,0.82160000,0.83030000,16966501.50544000
2024-11-15 01:00:00,0.83030000,0.85250000,0.82130000,0.84010000,13403319.31043000
2024-11-15 05:00:00,0.84010000,0.84940000,0.80840000,0.83940000,12183829.11107000
2024-11-15 09:00:00,0.83940000,0.87360000,0.83090000,0.87330000,9664283.42395000
2024-11-15 13:00:00,0.87330000,0.87890000,0.82530000,0.83350000,15535151.31756000
2024-11-15 17:00:00,0.83350000,0.85950000,0.82870000,0.85020000,8625212.61828000
2024-11-15 21:00:00,0.85020000,0.88200000,0.84950000,0.87570000,10639115.76861000
2024-11-16 01:00:00,0.87570000,0.95450000,0.86870000,0.94280000,24433053.29136000
2024-11-16 05:00:00,0.94280000,0.94650000,0.90050000,0.90670000,13809240.19541000
2024-11-16 09:00:00,0.90670000,0.95180000,0.90540000,0.95120000,13875061.64839000
2024-11-16 13:00:00,0.95120000,0.99190000,0.92810000,0.96000000,42438455.56083000
2024-11-16 17:00:00,0.96000000,1.01010000,0.94440000,0.98830000,20828842.34952000
2024-11-16 21:00:00,0.98830000,1.02010000,0.97540000,0.99610000,19642829.17651000
2024-11-17 01:00:00,0.99610000,1.00910000,0.92700000,0.95420000,25686197.46964000
2024-11-17 05:00:00,0.95420000,0.97960000,0.94660000,0.97020000,13842331.41632000
2024-11-17 09:00:00,0.97020000,0.98780000,0.93230000,0.93320000,15285252.72171000
2024-11-17 13:00:00,0.93320000,0.95070000,0.92950000,0.93610000,10847000.25749000
2024-11-17 17:00:00,0.93610000,0.95160000,0.91760000,0.93230000,9436173.55634000
2024-11-17 21:00:00,0.93230000,0.93490000,0.90650000,0.92410000,9347996.72722000
2024-11-18 01:00:00,0.92410000,0.97720000,0.91380000,0.97720000,10543294.97147000
2024-11-18 05:00:00,0.97720000,0.97720000,0.95200000,0.96400000,8711424.19284000
2024-11-18 09:00:00,0.96400000,0.97400000,0.93230000,0.94170000,10041473.79939000
2024-11-18 13:00:00,0.94170000,1.01640000,0.92960000,1.01490000,25959110.42065000
2024-11-18 17:00:00,1.01490000,1.02170000,0.95510000,0.97060000,24678239.93129000
2024-11-18 21:00:00,0.97060000,1.03750000,0.95760000,1.02930000,18349541.90818000
2024-11-19 01:00:00,1.02930000,1.06680000,0.99540000,1.03250000,25372691.54372000
2024-11-19 05:00:00,1.03250000,1.08620000,1.02350000,1.04780000,32671980.28649000
2024-11-19 09:00:00,1.04780000,1.06000000,1.00900000,1.03330000,20750875.06719000
2024-11-19 13:00:00,1.03330000,1.04900000,0.99510000,1.00750000,15982536.89514000
2024-11-19 17:00:00,1.00750000,1.04480000,1.00490000,1.01870000,12639373.80539000
2024-11-19 21:00:00,1.01870000,1.02330000,0.98480000,1.01570000,12411731.81707000
2024-11-20 01:00:00,1.01570000,1.01610000,0.95870000,0.97900000,11559788.16800000
2024-11-20 05:00:00,0.97900000,0.99780000,0.97070000,0.99710000,6659634.15115000
2024-11-20 09:00:00,0.99710000,1.03970000,0.99320000,1.00800000,15562943.05044000
2024-11-20 13:00:00,1.00800000,1.02920000,0.99370000,1.00550000,17134436.82446000
2024-11-20 17:00:00,1.00550000,1.01080000,0.94700000,0.95750000,16072218.44375000
2024-11-20 21:00:00,0.95750000,0.99740000,0.95040000,0.96760000,9063274.50572000
2024-11-21 01:00:00,0.96760000,1.00700000,0.94630000,0.97600000,18279660.83426000
2024-11-21 05:00:00,0.97600000,1.03240000,0.97130000,0.99720000,15792097.48263000
2024-11-21 09:00:00,0.99720000,1.00450000,0.95750000,0.97700000,11382424.81856000
2024-11-21 13:00:00,0.97700000,1.02850000,0.97330000,0.98550000,26362568.05704000
2024-11-21 17:00:00,0.98550000,1.03020000,0.98540000,1.01080000,13608191.00698000
2024-11-21 21:00:00,1.01080000,1.02920000,1.00460000,1.00970000,6300094.06662000
2024-11-22 01:00:00,1.00970000,1.02100000,0.98830000,1.00580000,11421101.56719000
2024-11-22 05:00:00,1.00580000,1.01970000,0.98840000,0.98970000,10815265.95166000
2024-11-22 09:00:00,0.98970000,0.99940000,0.97530000,0.98770000,7814668.20943000
2024-11-22 13:00:00,0.98770000,1.00130000,0.95370000,0.98780000,17641506.09292000
2024-11-22 17:00:00,0.98780000,0.99150000,0.96110000,0.97350000,8103531.74780000
2024-11-22 21:00:00,0.97350000,1.04630000,0.96780000,1.04020000,12662113.65615000
2024-11-23 01:00:00,1.04020000,1.05710000,1.00520000,1.04630000,24956470.46967000
2024-11-23 05:00:00,1.04630000,1.09060000,1.02870000,1.08690000,11765378.29249000
2024-11-23 09:00:00,1.08690000,1.09740000,1.06770000,1.08680000,13894910.25488000
2024-11-23 13:00:00,1.08680000,1.12210000,1.08110000,1.09100000,20137649.21262000
2024-11-23 17:00:00,1.09100000,1.10660000,1.04720000,1.05700000,20873138.91839000
2024-11-23 21:00:00,1.05700000,1.07140000,1.01890000,1.05220000,14948044.23564000
2024-11-24 01:00:00,1.05220000,1.07390000,1.04300000,1.06700000,10684800.16570000
2024-11-24 05:00:00,1.06700000,1.07680000,1.04480000,1.07370000,12040220.78528000
2024-11-24 09:00:00,1.07370000,1.07670000,0.99740000,0.99910000,16988007.72945000
2024-11-24 13:00:00,0.99910000,1.01060000,0.96080000,0.97860000,23848446.62068000
2024-11-24 17:00:00,0.97860000,1.01940000,0.97080000,1.01390000,9249264.79052000
2024-11-24 21:00:00,1.01390000,1.06690000,1.01150000,1.06540000,9014248.97752000
2024-11-25 01:00:00,1.06540000,1.10550000,1.04510000,1.08090000,19648693.16166000
2024-11-25 05:00:00,1.08090000,1.09810000,1.05310000,1.06720000,10748363.79504000
2024-11-25 09:00:00,1.06720000,1.09320000,1.05610000,1.06370000,10735422.45324000
2024-11-25 13:00:00,1.06370000,1.07080000,0.99860000,1.05050000,22067305.78131000
2024-11-25 17:00:00,1.05050000,1.06740000,1.01560000,1.03250000,12162300.98220000
2024-11-25 21:00:00,1.03250000,1.05500000,0.99270000,1.01110000,9351158.39770000
2024-11-26 01:00:00,1.01110000,1.04270000,1.00050000,1.02940000,8051848.26304000
2024-11-26 05:00:00,1.02940000,1.05450000,1.00770000,1.01800000,8165430.28678000
2024-11-26 09:00:00,1.01800000,1.01910000,0.94920000,0.97660000,19290123.83081000
2024-11-26 13:00:00,0.97660000,1.00510000,0.95620000,0.97360000,13636365.15869000
2024-11-26 17:00:00,0.97360000,1.01140000,0.96570000,0.99260000,11142806.27618000
2024-11-26 21:00:00,0.99260000,1.02290000,0.98770000,1.01940000,6522733.52252000
2024-11-27 01:00:00,1.01940000,1.02900000,0.99780000,1.01880000,8731036.91279000
2024-11-27 05:00:00,1.01880000,1.04260000,1.01660000,1.03700000,7257632.94703000
2024-11-27 09:00:00,1.03700000,1.04730000,1.01710000,1.03320000,7336123.70094000
2024-11-27 13:00:00,1.03320000,1.05740000,1.01350000,1.05000000,10710596.80402000
2024-11-27 17:00:00,1.05000000,1.07880000,1.03760000,1.06780000,11555171.79766000
2024-11-27 21:00:00,1.06780000,1.09480000,1.06400000,1.09450000,8446861.92939000
2024-11-28 01:00:00,1.09450000,1.09480000,1.05180000,1.06520000,9671404.69705000
2024-11-28 05:00:00,1.06520000,1.08860000,1.06040000,1.06860000,6963807.36727000
2024-11-28 09:00:00,1.06860000,1.08360000,1.05240000,1.07030000,7330361.86150000
2024-11-28 13:00:00,1.07030000,1.08170000,1.05310000,1.05410000,10548421.74178000
2024-11-28 17:00:00,1.05410000,1.10420000,1.05410000,1.08860000,10081105.38341000
2024-11-28 21:00:00,1.08860000,1.11690000,1.07270000,1.10120000,6904279.96254000
2024-11-29 01:00:00,1.10120000,1.10400000,1.08020000,1.08950000,6912862.89475000
2024-11-29 05:00:00,1.08950000,1.09380000,1.06660000,1.06670000,5710905.20980000
2024-11-29 09:00:00,1.06670000,1.11150000,1.06660000,1.11090000,4374932.51460000
2024-11-29 13:00:00,1.11090000,1.13660000,1.10410000,1.12640000,14091786.38578000
2024-11-29 17:00:00,1.12640000,1.15740000,1.12510000,1.15360000,9664223.31061000
2024-11-29 21:00:00,1.15360000,1.19570000,1.14960000,1.17000000,9048229.37743000
2024-11-30 01:00:00,1.17000000,1.25130000,1.15750000,1.23400000,30437026.60925000
2024-11-30 05:00:00,1.23400000,1.24120000,1.18870000,1.22040000,14065481.63635000
2024-11-30 09:00:00,1.22040000,1.27580000,1.21330000,1.21790000,25830864.79437000
2024-11-30 13:00:00,1.21790000,1.28170000,1.21690000,1.25270000,17055100.21861000
2024-11-30 17:00:00,1.25270000,1.25410000,1.22830000,1.24350000,7570582.52929000
2024-11-30 21:00:00,1.24350000,1.25270000,1.22890000,1.23020000,5830307.07890000
2024-12-01 01:00:00,1.23020000,1.28650000,1.22430000,1.25250000,20008011.27664000
2024-12-01 05:00:00,1.25250000,1.27120000,1.22310000,1.23850000,10630364.25976000
2024-12-01 09:00:00,1.23850000,1.25370000,1.22480000,1.24310000,5784100.27034000
2024-12-01 13:00:00,1.24310000,1.26790000,1.23380000,1.25130000,7003140.11122000
2024-12-01 17:00:00,1.25130000,1.25720000,1.23210000,1.24270000,4760521.51444000
2024-12-01 21:00:00,1.24270000,1.30090000,1.22310000,1.28190000,12251190.08528000
2024-12-02 01:00:00,1.28190000,1.30100000,1.20810000,1.21700000,18499486.42642000
2024-12-02 05:00:00,1.21700000,1.23350000,1.20140000,1.20970000,11707062.72488000
2024-12-02 09:00:00,1.20970000,1.21180000,1.14100000,1.17410000,19269162.75236000
2024-12-02 13:00:00,1.17410000,1.28040000,1.17020000,1.25890000,23901168.46236000
2024-12-02 17:00:00,1.25890000,1.26070000,1.21060000,1.24450000,16525099.20433000
2024-12-02 21:00:00,1.24450000,1.50160000,1.24320000,1.48360000,41673927.75467000
2024-12-03 01:00:00,1.48360000,1.79690000,1.41350000,1.70820000,156103071.49880001
2024-12-03 05:00:00,1.70820000,1.75660000,1.59150000,1.69130000,87403848.29305001
2024-12-03 09:00:00,1.69130000,1.82670000,1.64730000,1.65840000,109383535.59009001
2024-12-03 13:00:00,1.65840000,1.74840000,1.53920000,1.72440000,124597445.19178000
2024-12-03 17:00:00,1.72440000,1.76850000,1.61450000,1.61740000,60546907.29647000
2024-12-03 21:00:00,1.61740000,1.72310000,1.60390000,1.63550000,34428439.28908000
2024-12-04 01:00:00,1.63550000,1.89210000,1.63550000,1.88820000,78937630.58905999
2024-12-04 05:00:00,1.88820000,1.95260000,1.77560000,1.79930000,65158522.83808000
2024-12-04 09:00:00,1.79930000,1.87110000,1.79110000,1.80120000,40144218.50681000
2024-12-04 13:00:00,1.80120000,1.81340000,1.73330000,1.77700000,37181010.42263000
2024-12-04 17:00:00,1.77700000,1.87910000,1.73950000,1.82100000,57035256.27566000
2024-12-04 21:00:00,1.82100000,1.86230000,1.72200000,1.73610000,32603636.56553000
2024-12-05 01:00:00,1.73610000,1.80490000,1.65140000,1.72490000,59411583.50176000
2024-12-05 05:00:00,1.72490000,1.77740000,1.69670000,1.74680000,23678382.02467000
2024-12-05 09:00:00,1.74680000,1.83870000,1.74680000,1.79010000,21304721.21736000
2024-12-05 13:00:00,1.79010000,1.80440000,1.72470000,1.74420000,19499818.66036000
2024-12-05 17:00:00,1.74420000,1.76770000,1.69880000,1.70230000,15153716.24821000
2024-12-05 21:00:00,1.70230000,1.72460000,1.63620000,1.67780000,23139828.58552000
2024-12-06 01:00:00,1.67780000,1.74200000,1.65760000,1.70760000,17992410.00829000
2024-12-06 05:00:00,1.70760000,1.73610000,1.69680000,1.71160000,9191608.15087000
2024-12-06 09:00:00,1.71160000,1.72940000,1.62230000,1.65450000,22719139.00947000
2024-12-06 13:00:00,1.65450000,1.70810000,1.61290000,1.67990000,21944913.39238000
2024-12-06 17:00:00,1.67990000,1.70980000,1.67110000,1.69320000,9704189.94757000
2024-12-06 21:00:00,1.69320000,1.78070000,1.68970000,1.77990000,18354930.65537000
2024-12-07 01:00:00,1.77990000,1.77990000,1.70300000,1.71530000,17345979.55306000
2024-12-07 05:00:00,1.71530000,1.73390000,1.68030000,1.69420000,7809894.30725000
2024-12-07 09:00:00,1.69420000,1.72980000,1.68010000,1.71400000,9091647.81032000
2024-12-07 13:00:00,1.71400000,1.73410000,1.68450000,1.70190000,7850352.04982000
2024-12-07 17:00:00,1.70190000,1.70290000,1.66450000,1.66660000,8399837.26424000
2024-12-07 21:00:00,1.66660000,1.69620000,1.66510000,1.67870000,5301788.01776000
2024-12-08 01:00:00,1.67870000,1.72280000,1.65820000,1.71220000,11043699.63754000
2024-12-08 05:00:00,1.71220000,1.72850000,1.68050000,1.71160000,11875381.11993000
2024-12-08 09:00:00,1.71160000,1.71300000,1.64330000,1.69790000,17402808.13217000
2024-12-08 13:00:00,1.69790000,1.75080000,1.66870000,1.68580000,17023987.82627000
2024-12-08 17:00:00,1.68580000,1.69830000,1.64740000,1.67420000,8447268.98432000
2024-12-08 21:00:00,1.67420000,1.69460000,1.66070000,1.68970000,5775259.21834000
2024-12-09 01:00:00,1.68970000,1.68990000,1.57970000,1.59680000,25176344.72640000
2024-12-09 05:00:00,1.59680000,1.62000000,1.56420000,1.58430000,16493631.78583000
2024-12-09 09:00:00,1.58430000,1.58750000,1.50980000,1.53820000,23133520.94863000
2024-12-09 13:00:00,1.53820000,1.65880000,1.52190000,1.60520000,31418577.71295000
2024-12-09 17:00:00,1.60520000,1.62980000,1.58450000,1.58850000,11600566.59673000
2024-12-09 21:00:00,1.58850000,1.62500000,1.29010000,1.51710000,61097132.02528000
2024-12-10 01:00:00,1.51710000,1.54470000,1.39420000,1.47830000,33237802.35735000
2024-12-10 05:00:00,1.47830000,1.68540000,1.45600000,1.62020000,40517084.38382000
2024-12-10 09:00:00,1.62020000,1.68000000,1.57560000,1.62300000,31956292.99582000
2024-12-10 13:00:00,1.62300000,1.65880000,1.55020000,1.56010000,51686086.77376000
2024-12-10 17:00:00,1.56010000,1.59160000,1.46630000,1.56410000,49487079.83549000
2024-12-10 21:00:00,1.56410000,1.74390000,1.54830000,1.73220000,38493932.17304000
2024-12-11 01:00:00,1.73220000,1.75390000,1.60930000,1.68970000,45203278.80891000
2024-12-11 05:00:00,1.68970000,1.71590000,1.63620000,1.63920000,23672436.88715000
2024-12-11 09:00:00,1.63920000,1.77160000,1.63380000,1.74540000,33969091.07056000
2024-12-11 13:00:00,1.74540000,1.82040000,1.74300000,1.78040000,45577594.64254000
2024-12-11 17:00:00,1.78040000,1.78330000,1.69660000,1.74410000,25873151.78339000
2024-12-11 21:00:00,1.74410000,1.83850000,1.73830000,1.78590000,23266198.01134000
2024-12-12 01:00:00,1.78590000,1.89620000,1.75330000,1.83830000,41328887.80861000
2024-12-12 05:00:00,1.83830000,1.90070000,1.83000000,1.85310000,29244517.81571000
2024-12-12 09:00:00,1.85310000,1.92920000,1.82500000,1.84990000,35988778.36059000
2024-12-12 13:00:00,1.84990000,1.85990000,1.78770000,1.80650000,28091003.82737000
2024-12-12 17:00:00,1.80650000,1.84680000,1.74910000,1.75250000,21167303.96675000
2024-12-12 21:00:00,1.75250000,1.79050000,1.73120000,1.75380000,17799344.79010000
2024-12-13 01:00:00,1.75380000,1.89930000,1.74700000,1.84540000,49445402.52919000
2024-12-13 05:00:00,1.84540000,1.86480000,1.79080000,1.82180000,25721927.74557000
2024-12-13 09:00:00,1.82180000,1.89150000,1.80380000,1.86500000,19738308.11529000
2024-12-13 13:00:00,1.86500000,1.98810000,1.84410000,1.91670000,73608912.65102001
2024-12-13 17:00:00,1.91670000,1.97690000,1.90300000,1.95260000,36299622.55905000
2024-12-13 21:00:00,1.95260000,1.97800000,1.91720000,1.97350000,22517394.10934000
2024-12-14 01:00:00,1.97350000,2.00740000,1.91600000,1.93860000,38301178.80438000
2024-12-14 05:00:00,1.93860000,1.94100000,1.89160000,1.92690000,20677785.51195000
2024-12-14 09:00:00,1.92690000,1.93510000,1.87550000,1.88100000,19962140.82638000
2024-12-14 13:00:00,1.88100000,1.88600000,1.81610000,1.85700000,39517835.15623000
2024-12-14 17:00:00,1.85700000,1.87300000,1.79350000,1.82730000,25960675.93417000
2024-12-14 21:00:00,1.82730000,1.92300000,1.79960000,1.88490000,24017902.05687000
2024-12-15 01:00:00,1.88490000,1.89110000,1.83180000,1.84280000,20546329.04048000
2024-12-15 05:00:00,1.84280000,1.86300000,1.77310000,1.78430000,19701019.39550000
2024-12-15 09:00:00,1.78430000,1.83500000,1.77870000,1.81420000,17261651.78570000
2024-12-15 13:00:00,1.81420000,1.87180000,1.80680000,1.85800000,24385827.92493000
2024-12-15 17:00:00,1.85800000,1.94950000,1.82050000,1.87280000,44221087.22065000
2024-12-15 21:00:00,1.87280000,2.08360000,1.80100000,2.04020000,117729287.63560000
2024-12-16 01:00:00,2.04020000,2.14580000,1.99250000,2.00660000,91916260.11378001
2024-12-16 05:00:00,2.00660000,2.10810000,1.99870000,2.08790000,48216319.07697000
2024-12-16 09:00:00,2.08790000,2.08790000,1.99130000,2.00410000,43408969.65773000
2024-12-16 13:00:00,2.00410000,2.05520000,1.97170000,2.05260000,46240331.73780000
2024-12-16 17:00:00,2.05260000,2.07590000,1.99330000,2.07090000,37841304.73968000
2024-12-16 21:00:00,2.07090000,2.07240000,2.00360000,2.01800000,23083606.08270000
2024-12-17 01:00:00,2.01800000,2.04760000,1.95140000,2.03290000,35091822.52233000
2024-12-17 05:00:00,2.03290000,2.03830000,1.98330000,1.99360000,20699706.75491000
2024-12-17 09:00:00,1.99360000,2.00680000,1.96140000,1.97480000,21553876.62027000
2024-12-17 13:00:00,1.97480000,1.99730000,1.88980000,1.90230000,37689458.46144000
2024-12-17 17:00:00,1.90230000,1.94970000,1.88230000,1.94270000,21426656.99099000
2024-12-17 21:00:00,1.94270000,1.94910000,1.88490000,1.93460000,20076365.52405000
2024-12-18 01:00:00,1.93460000,1.96990000,1.89090000,1.90460000,33157576.27664000
2024-12-18 05:00:00,1.90460000,1.98710000,1.85880000,1.96730000,41578744.50607000
2024-12-18 09:00:00,1.96730000,2.02060000,1.94760000,2.01000000,27036381.99786000
2024-12-18 13:00:00,2.01000000,2.01480000,1.91340000,1.93610000,33310093.08081000
2024-12-18 17:00:00,1.93610000,1.99760000,1.90640000,1.90760000,36463454.93757000
2024-12-18 21:00:00,1.90760000,1.93420000,1.79300000,1.81520000,72444068.25307000
2024-12-19 01:00:00,1.81520000,1.89760000,1.71160000,1.89160000,58989168.60433000
2024-12-19 05:00:00,1.89160000,1.93680000,1.86510000,1.90530000,38681031.34030000
2024-12-19 09:00:00,1.90530000,1.93320000,1.88430000,1.91370000,22408398.25075000
2024-12-19 13:00:00,1.91370000,1.92090000,1.79660000,1.82580000,43152795.24516000
2024-12-19 17:00:00,1.82580000,1.84250000,1.68280000,1.71220000,66982871.10445000
2024-12-19 21:00:00,1.71220000,1.79380000,1.66550000,1.74140000,38790542.57064000
2024-12-20 01:00:00,1.74140000,1.80270000,1.70710000,1.75880000,29570695.24800000
2024-12-20 05:00:00,1.75880000,1.76760000,1.65520000,1.68950000,31621068.99065000
2024-12-20 09:00:00,1.68950000,1.68950000,1.47780000,1.47920000,79177292.25927000
2024-12-20 13:00:00,1.47920000,1.74800000,1.47540000,1.71080000,73279411.60910000
2024-12-20 17:00:00,1.71080000,1.79380000,1.69010000,1.77980000,33700357.02130000
2024-12-20 21:00:00,1.77980000,1.82960000,1.72670000,1.79740000,33087827.24606000
2024-12-21 01:00:00,1.79740000,1.87710000,1.75180000,1.85680000,34894245.69546000
2024-12-21 05:00:00,1.85680000,1.92410000,1.84330000,1.85390000,36241493.48581000
2024-12-21 09:00:00,1.85390000,1.86590000,1.80100000,1.81500000,27822104.91560000
2024-12-21 13:00:00,1.81500000,1.81500000,1.69180000,1.73110000,53552351.71852000
2024-12-21 17:00:00,1.73110000,1.74510000,1.65030000,1.67750000,29898133.35049000
2024-12-21 21:00:00,1.67750000,1.69710000,1.63930000,1.67520000,17133856.60287000
2024-12-22 01:00:00,1.67520000,1.71500000,1.61050000,1.65800000,28746016.49332000
2024-12-22 05:00:00,1.65800000,1.66090000,1.59800000,1.64020000,21170991.49153000
2024-12-22 09:00:00,1.64020000,1.71550000,1.63770000,1.66480000,26258646.08499000
2024-12-22 13:00:00,1.66480000,1.68390000,1.60480000,1.61710000,26596002.79094000
2024-12-22 17:00:00,1.61710000,1.65700000,1.58900000,1.59990000,21725129.65959000
2024-12-22 21:00:00,1.59990000,1.64250000,1.57480000,1.61570000,17466778.41353000
2024-12-23 01:00:00,1.61570000,1.65330000,1.57280000,1.64950000,35921815.21455000
2024-12-23 05:00:00,1.64950000,1.66020000,1.57080000,1.59620000,22418467.89130000
2024-12-23 09:00:00,1.59620000,1.62990000,1.58640000,1.61130000,13948556.96477000
2024-12-23 13:00:00,1.61130000,1.62770000,1.53820000,1.55120000,25106210.88489000
2024-12-23 17:00:00,1.55120000,1.64910000,1.54640000,1.63330000,25278281.22172000
2024-12-23 21:00:00,1.63330000,1.73280000,1.63180000,1.67810000,29535596.53856000
2024-12-24 01:00:00,1.67810000,1.68150000,1.62640000,1.65290000,19630474.72038000
2024-12-24 05:00:00,1.65290000,1.66540000,1.62170000,1.63440000,12248596.96865000
2024-12-24 09:00:00,1.63440000,1.64860000,1.60290000,1.63060000,12512252.73646000
2024-12-24 13:00:00,1.63060000,1.71310000,1.61430000,1.70110000,25076272.26005000
2024-12-24 17:00:00,1.70110000,1.73680000,1.67530000,1.67560000,17401774.74405000
2024-12-24 21:00:00,1.67560000,1.72420000,1.65340000,1.71020000,13016544.25005000
2024-12-25 01:00:00,1.71020000,1.71190000,1.65480000,1.65730000,13344627.24295000
2024-12-25 05:00:00,1.65730000,1.68710000,1.64340000,1.64610000,12378968.33375000
2024-12-25 09:00:00,1.64610000,1.68890000,1.63110000,1.63470000,12846159.66205000
2024-12-25 13:00:00,1.63470000,1.64550000,1.61650000,1.62050000,11031458.44007000
2024-12-25 17:00:00,1.62050000,1.63260000,1.60030000,1.62850000,8132649.91871000
2024-12-25 21:00:00,1.62850000,1.63530000,1.60300000,1.60880000,8418631.44751000
2024-12-26 01:00:00,1.60880000,1.62790000,1.54010000,1.54230000,18507446.48763000
2024-12-26 05:00:00,1.54230000,1.54280000,1.49260000,1.49600000,25050743.18712000
2024-12-26 09:00:00,1.49600000,1.50590000,1.46000000,1.48680000,27233813.57492000
2024-12-26 13:00:00,1.48680000,1.49540000,1.44880000,1.45170000,20251566.99597000
2024-12-26 17:00:00,1.45170000,1.47500000,1.43700000,1.45870000,12371965.09050000
2024-12-26 21:00:00,1.45870000,1.47290000,1.43580000,1.44990000,10280343.69449000
2024-12-27 01:00:00,1.44990000,1.52690000,1.42710000,1.50170000,32295001.95241000
2024-12-27 05:00:00,1.50170000,1.51560000,1.44290000,1.45740000,17764447.83280000
2024-12-27 09:00:00,1.45740000,1.53690000,1.45730000,1.50770000,21780502.38610000
2024-12-27 13:00:00,1.50770000,1.51010000,1.43820000,1.45160000,16819833.00698000
2024-12-27 17:00:00,1.45160000,1.48000000,1.43750000,1.46460000,12016618.70256000
2024-12-27 21:00:00,1.46460000,1.46800000,1.42320000,1.43580000,11358143.58709000
2024-12-28 01:00:00,1.43580000,1.43920000,1.38180000,1.39170000,16459431.89243000
2024-12-28 05:00:00,1.39170000,1.39770000,1.35870000,1.37040000,15313010.61496000
2024-12-28 09:00:00,1.37040000,1.47880000,1.36770000,1.45830000,25118518.65782000
2024-12-28 13:00:00,1.45830000,1.48390000,1.42710000,1.46100000,19319743.61543000
2024-12-28 17:00:00,1.46100000,1.53840000,1.44830000,1.51630000,20449745.92241000
2024-12-28 21:00:00,1.51630000,1.52430000,1.48880000,1.49570000,7796735.40810000
2024-12-29 01:00:00,1.49570000,1.49890000,1.45070000,1.46440000,12261275.72701000
2024-12-29 05:00:00,1.46440000,1.47050000,1.44350000,1.46590000,8199947.30515000
2024-12-29 09:00:00,1.46590000,1.46610000,1.44650000,1.44880000,7677202.82597000
2024-12-29 13:00:00,1.44880000,1.46180000,1.42300000,1.42570000,11874505.54638000
2024-12-29 17:00:00,1.42570000,1.43430000,1.41710000,1.42080000,6524287.49650000
2024-12-29 21:00:00,1.42080000,1.42210000,1.38230000,1.39020000,10276081.70671000
2024-12-30 01:00:00,1.39020000,1.43470000,1.37770000,1.39880000,13583203.78750000
2024-12-30 05:00:00,1.39880000,1.41880000,1.36430000,1.37970000,13351988.83371000
2024-12-30 09:00:00,1.37970000,1.39350000,1.36360000,1.37430000,9297467.19767000
2024-12-30 13:00:00,1.37430000,1.39090000,1.31970000,1.34100000,22448582.24719000
2024-12-30 17:00:00,1.34100000,1.38740000,1.32510000,1.38620000,13238217.92255000
2024-12-30 21:00:00,1.38620000,1.41890000,1.34960000,1.36740000,15075652.40410000
2024-12-31 01:00:00,1.36740000,1.36810000,1.32900000,1.33110000,9922754.35314000
2024-12-31 05:00:00,1.33110000,1.34410000,1.31260000,1.33760000,11695237.83032000
2024-12-31 09:00:00,1.33760000,1.39470000,1.33400000,1.36510000,14030068.98230000
2024-12-31 13:00:00,1.36510000,1.43180000,1.35470000,1.39370000,21894495.10550000
2024-12-31 17:00:00,1.39370000,1.40320000,1.34500000,1.36680000,12857604.37608000
2024-12-31 21:00:00,1.36680000,1.36970000,1.34040000,1.34570000,5782276.97001000
2025-01-01 01:00:00,1.34570000,1.36850000,1.33040000,1.33890000,7494171.81798000
2025-01-01 05:00:00,1.33890000,1.34220000,1.32050000,1.33520000,6308362.82281000
2025-01-01 09:00:00,1.33520000,1.33870000,1.31240000,1.33150000,8384715.09907000
2025-01-01 13:00:00,1.33150000,1.37860000,1.33140000,1.37340000,10298153.63181000
2025-01-01 17:00:00,1.37340000,1.43270000,1.35990000,1.42990000,19135885.96806000
2025-01-01 21:00:00,1.42990000,1.47710000,1.42790000,1.45910000,17433546.46005000
2025-01-02 01:00:00,1.45910000,1.49720000,1.43680000,1.45430000,15963945.03579000
2025-01-02 05:00:00,1.45430000,1.48440000,1.44450000,1.47760000,10435566.38761000
2025-01-02 09:00:00,1.47760000,1.50820000,1.45650000,1.49540000,16555346.91019000
2025-01-02 13:00:00,1.49540000,1.52880000,1.45530000,1.45820000,24472675.74229000
2025-01-02 17:00:00,1.45820000,1.47480000,1.43750000,1.43920000,11843372.70853000
2025-01-02 21:00:00,1.43920000,1.45210000,1.42050000,1.44450000,8591031.65789000
2025-01-03 01:00:00,1.44450000,1.46900000,1.42230000,1.45590000,11236427.24510000
2025-01-03 05:00:00,1.45590000,1.45900000,1.42630000,1.42780000,6995687.00485000
2025-01-03 09:00:00,1.42780000,1.49120000,1.41610000,1.48860000,13430460.07894000
2025-01-03 13:00:00,1.48860000,1.57490000,1.48360000,1.56430000,25256475.64828000
2025-01-03 17:00:00,1.56430000,1.57980000,1.54420000,1.56140000,19462208.68600000
2025-01-03 21:00:00,1.56140000,1.61690000,1.54530000,1.60530000,16266166.35510000
2025-01-04 01:00:00,1.60530000,1.61840000,1.56410000,1.59380000,16499275.87723000
2025-01-04 05:00:00,1.59380000,1.60550000,1.57160000,1.59920000,10314973.92827000
2025-01-04 09:00:00,1.59920000,1.60480000,1.56240000,1.56950000,12609564.03518000
2025-01-04 13:00:00,1.56950000,1.64200000,1.56330000,1.56870000,22515542.69679000
2025-01-04 17:00:00,1.56870000,1.59530000,1.56470000,1.58380000,9258850.18174000
2025-01-04 21:00:00,1.58380000,1.61140000,1.57620000,1.57760000,8205664.04535000
2025-01-05 01:00:00,1.57760000,1.58030000,1.53740000,1.56520000,12905741.53729000
2025-01-05 05:00:00,1.56520000,1.57380000,1.54490000,1.54630000,6994434.80847000
2025-01-05 09:00:00,1.54630000,1.55000000,1.51930000,1.53280000,10415752.15677000
2025-01-05 13:00:00,1.53280000,1.54590000,1.50610000,1.53590000,11761816.42147000
2025-01-05 17:00:00,1.53590000,1.55850000,1.53020000,1.54620000,7477787.44346000
2025-01-05 21:00:00,1.54620000,1.56450000,1.53690000,1.54470000,5858338.83902000
2025-01-06 01:00:00,1.54470000,1.56580000,1.50710000,1.54270000,14563861.66711000
2025-01-06 05:00:00,1.54270000,1.55430000,1.52060000,1.52970000,9473927.90234000
2025-01-06 09:00:00,1.52970000,1.53310000,1.49810000,1.51940000,9848585.44111000
2025-01-06 13:00:00,1.51940000,1.56890000,1.49120000,1.56000000,23384199.69129000
2025-01-06 17:00:00,1.56000000,1.59580000,1.52190000,1.53850000,21154502.45104000
2025-01-06 21:00:00,1.53850000,1.55020000,1.51010000,1.52200000,9000328.51497000
2025-01-07 01:00:00,1.52200000,1.53610000,1.50590000,1.52350000,10424202.83889000
2025-01-07 05:00:00,1.52350000,1.54120000,1.51340000,1.52190000,6629422.76428000
2025-01-07 09:00:00,1.52190000,1.54580000,1.49020000,1.50230000,10857987.05244000
2025-01-07 13:00:00,1.50230000,1.51520000,1.40340000,1.42930000,35581699.97706000
2025-01-07 17:00:00,1.42930000,1.44310000,1.36710000,1.37220000,21932139.84337000
2025-01-07 21:00:00,1.37220000,1.38740000,1.35450000,1.36680000,12964311.42198000
2025-01-08 01:00:00,1.36680000,1.38270000,1.32910000,1.33970000,14874446.96036000
2025-01-08 05:00:00,1.33970000,1.34580000,1.29730000,1.31920000,18090781.56085000
2025-01-08 09:00:00,1.31920000,1.34300000,1.30060000,1.30600000,11699891.70854000
2025-01-08 13:00:00,1.30600000,1.31120000,1.25220000,1.26140000,28464557.15864000
2025-01-08 17:00:00,1.26140000,1.26960000,1.18150000,1.26340000,38704563.71474000
2025-01-08 21:00:00,1.26340000,1.31790000,1.25070000,1.31170000,14229287.99919000
2025-01-09 01:00:00,1.31170000,1.31850000,1.26430000,1.27080000,18075340.63212000
2025-01-09 05:00:00,1.27080000,1.28700000,1.22660000,1.23000000,13557460.30780000
2025-01-09 09:00:00,1.23000000,1.25890000,1.21620000,1.23700000,15089027.32689000
2025-01-09 13:00:00,1.23700000,1.26780000,1.19160000,1.25660000,22825038.11990000
2025-01-09 17:00:00,1.25660000,1.26490000,1.21010000,1.21970000,18019837.19461000
2025-01-09 21:00:00,1.21970000,1.23320000,1.19440000,1.20740000,12291785.78618000
2025-01-10 01:00:00,1.20740000,1.26200000,1.20740000,1.25060000,11116522.77368000
2025-01-10 05:00:00,1.25060000,1.29830000,1.23630000,1.28240000,14788205.10500000
2025-01-10 09:00:00,1.28240000,1.34820000,1.27370000,1.29180000,22686561.79374000
2025-01-10 13:00:00,1.29180000,1.29870000,1.22090000,1.25330000,34454083.53879000
2025-01-10 17:00:00,1.25330000,1.29940000,1.23230000,1.28790000,14420786.57956000
2025-01-10 21:00:00,1.28790000,1.28990000,1.26310000,1.26570000,5560872.71745000
2025-01-11 01:00:00,1.26570000,1.27390000,1.23610000,1.24210000,8848645.82780000
2025-01-11 05:00:00,1.24210000,1.26140000,1.23610000,1.24980000,5894510.14670000
2025-01-11 09:00:00,1.24980000,1.27800000,1.23580000,1.27250000,6762367.28253000
2025-01-11 13:00:00,1.27250000,1.27480000,1.24400000,1.25110000,7683912.11346000
2025-01-11 17:00:00,1.25110000,1.26300000,1.23860000,1.24750000,7238165.13379000
2025-01-11 21:00:00,1.24750000,1.31380000,1.24320000,1.27180000,12616494.53096000
2025-01-12 01:00:00,1.27180000,1.27270000,1.24710000,1.25680000,7321251.06490000
2025-01-12 05:00:00,1.25680000,1.25980000,1.23960000,1.24970000,3728716.15482000
2025-01-12 09:00:00,1.24970000,1.24970000,1.22090000,1.23760000,7066480.71723000
2025-01-12 13:00:00,1.23760000,1.25720000,1.22780000,1.25110000,6002469.04961000
2025-01-12 17:00:00,1.25110000,1.25600000,1.22960000,1.23030000,4835111.85951000
2025-01-12 21:00:00,1.23030000,1.23740000,1.19460000,1.20750000,8353073.97397000
2025-01-13 01:00:00,1.20750000,1.24070000,1.15010000,1.15990000,25672306.48731000
2025-01-13 05:00:00,1.15990000,1.17520000,1.12800000,1.13820000,14967076.55515000
2025-01-13 09:00:00,1.13820000,1.14040000,1.09220000,1.09380000,22594082.02868000
2025-01-13 13:00:00,1.09380000,1.21920000,1.09300000,1.19500000,48392676.24940000
2025-01-13 17:00:00,1.19500000,1.22650000,1.14940000,1.15530000,29483759.64655000
2025-01-13 21:00:00,1.15530000,1.24450000,1.14350000,1.21960000,24036292.83372000
2025-01-14 01:00:00,1.21960000,1.21960000,1.18050000,1.18120000,18227465.59784000
2025-01-14 05:00:00,1.18120000,1.20270000,1.17220000,1.17290000,10403722.94107000
2025-01-14 09:00:00,1.17290000,1.21850000,1.17070000,1.20020000,22891770.50901000
2025-01-14 13:00:00,1.20020000,1.21970000,1.18220000,1.19550000,17114027.88083000
2025-01-14 17:00:00,1.19550000,1.19860000,1.17390000,1.18170000,10872353.94396000
2025-01-14 21:00:00,1.18170000,1.19780000,1.17280000,1.18990000,7971003.48508000
2025-01-15 01:00:00,1.18990000,1.19920000,1.13570000,1.15340000,21600611.57312000
2025-01-15 05:00:00,1.15340000,1.17930000,1.14370000,1.17600000,12338877.35272000
2025-01-15 09:00:00,1.17600000,1.17860000,1.13830000,1.14870000,14638523.11352000
2025-01-15 13:00:00,1.14870000,1.24590000,1.13910000,1.23190000,34191473.35724000
2025-01-15 17:00:00,1.23190000,1.25140000,1.21550000,1.23900000,15025990.60881000
2025-01-15 21:00:00,1.23900000,1.29700000,1.23400000,1.28730000,15971389.30101000
2025-01-16 01:00:00,1.28730000,1.29820000,1.22480000,1.23470000,20610404.68686000
2025-01-16 05:00:00,1.23470000,1.24520000,1.22760000,1.23200000,7736374.88120000
2025-01-16 09:00:00,1.23200000,1.23890000,1.19480000,1.23500000,22318034.07430000
2025-01-16 13:00:00,1.23500000,1.28460000,1.20590000,1.23790000,37432026.88186000
2025-01-16 17:00:00,1.23790000,1.27690000,1.23220000,1.26920000,14594165.25300000
2025-01-16 21:00:00,1.26920000,1.27750000,1.19820000,1.21490000,23292803.19045000
2025-01-17 01:00:00,1.21490000,1.25060000,1.20790000,1.22430000,18907409.25404000
2025-01-17 05:00:00,1.22430000,1.24600000,1.22430000,1.23600000,8833577.65878000
2025-01-17 09:00:00,1.23600000,1.26760000,1.23500000,1.25640000,15904267.70900000
2025-01-17 13:00:00,1.25640000,1.25730000,1.22840000,1.24120000,25623376.44788000
2025-01-17 17:00:00,1.24120000,1.31170000,1.23670000,1.24790000,38933386.32553000
2025-01-17 21:00:00,1.24790000,1.31800000,1.24360000,1.30600000,29726868.40248000
2025-01-18 01:00:00,1.30600000,1.48050000,1.29330000,1.36420000,119899621.78947000
2025-01-18 05:00:00,1.36420000,1.39130000,1.31180000,1.35850000,70746885.71070001
2025-01-18 09:00:00,1.35850000,1.35920000,1.31050000,1.33160000,50480200.50389000
2025-01-18 13:00:00,1.33160000,1.33160000,1.15690000,1.21400000,131786419.07785000
2025-01-18 17:00:00,1.21400000,1.21880000,1.17820000,1.21590000,38074292.78290000
2025-01-18 21:00:00,1.21590000,1.30450000,1.19390000,1.29690000,30059246.78161000
2025-01-19 01:00:00,1.29690000,1.42180000,1.27090000,1.34770000,75645771.85277000
2025-01-19 05:00:00,1.34770000,1.36220000,1.31120000,1.35560000,33566550.08122000
2025-01-19 09:00:00,1.35560000,1.43810000,1.31650000,1.37320000,81475062.71004000
2025-01-19 13:00:00,1.37320000,1.48690000,1.37140000,1.43130000,86496812.35363001
2025-01-19 17:00:00,1.43130000,1.54940000,1.43130000,1.48790000,68309812.91799000
2025-01-19 21:00:00,1.48790000,1.48920000,1.32240000,1.36280000,91559094.06072000
2025-01-20 01:00:00,1.36280000,1.38550000,1.29220000,1.31460000,67425195.30315000
2025-01-20 05:00:00,1.31460000,1.47030000,1.29790000,1.43830000,72916840.91978000
2025-01-20 09:00:00,1.43830000,1.49320000,1.40290000,1.42200000,47599326.96423000
2025-01-20 13:00:00,1.42200000,1.42400000,1.35260000,1.35590000,58800198.98217000
2025-01-20 17:00:00,1.35590000,1.37890000,1.26930000,1.32540000,61071514.95775000
2025-01-20 21:00:00,1.32540000,1.33670000,1.27210000,1.29210000,26177109.18973000
2025-01-21 01:00:00,1.29210000,1.29450000,1.24370000,1.27390000,33521459.03830000
2025-01-21 05:00:00,1.27390000,1.34560000,1.25850000,1.30190000,33466789.70294000
2025-01-21 09:00:00,1.30190000,1.34520000,1.29100000,1.32690000,27994828.79465000
2025-01-21 13:00:00,1.32690000,1.34570000,1.28760000,1.31140000,26385281.74592000
2025-01-21 17:00:00,1.31140000,1.42230000,1.30580000,1.39230000,36776284.61733000
2025-01-21 21:00:00,1.39230000,1.39940000,1.35210000,1.36130000,20734295.77534000
2025-01-22 01:00:00,1.36130000,1.39430000,1.33140000,1.33580000,19248553.31874000
2025-01-22 05:00:00,1.33580000,1.34400000,1.30980000,1.31240000,15553516.92879000
2025-01-22 09:00:00,1.31240000,1.32150000,1.29850000,1.31820000,15920203.51789000
2025-01-22 13:00:00,1.31820000,1.33020000,1.29780000,1.31610000,25473625.55689000
2025-01-22 17:00:00,1.31610000,1.32820000,1.29070000,1.31040000,17266123.40890000
2025-01-22 21:00:00,1.31040000,1.32370000,1.27800000,1.28950000,12199915.80436000
2025-01-23 01:00:00,1.28950000,1.29780000,1.25500000,1.27590000,15653845.69496000
2025-01-23 05:00:00,1.27590000,1.28490000,1.25580000,1.27560000,11397210.12733000
2025-01-23 09:00:00,1.27560000,1.27870000,1.24940000,1.26170000,8745812.93993000
2025-01-23 13:00:00,1.26170000,1.39710000,1.25560000,1.35210000,88405014.43133000
2025-01-23 17:00:00,1.35210000,1.40640000,1.32450000,1.33110000,45597228.45701000
2025-01-23 21:00:00,1.33110000,1.38690000,1.29050000,1.34610000,42644933.13445000
2025-01-24 01:00:00,1.34610000,1.37250000,1.29970000,1.32660000,29254612.22529000
2025-01-24 05:00:00,1.32660000,1.44200000,1.31800000,1.43510000,31697370.16783000
2025-01-24 09:00:00,1.43510000,1.49670000,1.41440000,1.48360000,56126848.09341000
2025-01-24 13:00:00,1.48360000,1.52850000,1.46420000,1.48320000,66887350.17530000
2025-01-24 17:00:00,1.48320000,1.51230000,1.45310000,1.45920000,36248874.21310000
2025-01-24 21:00:00,1.45920000,1.46770000,1.37770000,1.40260000,34681528.08627000
2025-01-25 01:00:00,1.40260000,1.46210000,1.36790000,1.45560000,49386703.71565000
2025-01-25 05:00:00,1.45560000,1.45830000,1.41170000,1.42950000,26038855.65537000
2025-01-25 09:00:00,1.42950000,1.44960000,1.39600000,1.41870000,22699361.62001000
2025-01-25 13:00:00,1.41870000,1.44920000,1.40290000,1.41590000,24375986.87534000
2025-01-25 17:00:00,1.41590000,1.49190000,1.40320000,1.46780000,36661928.01962000
2025-01-25 21:00:00,1.46780000,1.48980000,1.43090000,1.43420000,18782014.29031000
2025-01-26 01:00:00,1.43420000,1.49700000,1.42680000,1.45420000,28456272.02435000
2025-01-26 05:00:00,1.45420000,1.47330000,1.43460000,1.44230000,14611543.36128000
2025-01-26 09:00:00,1.44230000,1.44690000,1.40620000,1.41360000,15674734.28552000
2025-01-26 13:00:00,1.41360000,1.46420000,1.40870000,1.43400000,22427752.32100000
2025-01-26 17:00:00,1.43400000,1.46800000,1.42480000,1.43610000,13762647.18041000
2025-01-26 21:00:00,1.43610000,1.43920000,1.36590000,1.36850000,21901813.87150000
2025-01-27 01:00:00,1.36850000,1.39110000,1.30840000,1.32340000,50229894.19066000
2025-01-27 05:00:00,1.32340000,1.32550000,1.26410000,1.29670000,44050310.21235000
2025-01-27 09:00:00,1.29670000,1.30650000,1.26890000,1.26980000,27151173.69129000
2025-01-27 13:00:00,1.26980000,1.34500000,1.25950000,1.31950000,41857669.42191000
2025-01-27 17:00:00,1.31950000,1.32080000,1.27050000,1.29280000,18146575.84198000
2025-01-27 21:00:00,1.29280000,1.37140000,1.29160000,1.33420000,23235531.58592000
2025-01-28 01:00:00,1.33420000,1.34960000,1.30230000,1.32110000,13368505.98269000
2025-01-28 05:00:00,1.32110000,1.35960000,1.32010000,1.33150000,14891051.82377000
2025-01-28 09:00:00,1.33150000,1.35190000,1.32000000,1.32460000,13402936.73514000
2025-01-28 13:00:00,1.32460000,1.38780000,1.30600000,1.37980000,44172690.29056000
2025-01-28 17:00:00,1.37980000,1.43850000,1.35470000,1.40860000,46998957.95579000
2025-01-28 21:00:00,1.40860000,1.41370000,1.31730000,1.33120000,31894873.39938000
2025-01-29 01:00:00,1.33120000,1.38380000,1.31730000,1.37070000,25586859.61123000
2025-01-29 05:00:00,1.37070000,1.42800000,1.36530000,1.39630000,21134928.74853000
2025-01-29 09:00:00,1.39630000,1.43320000,1.37710000,1.43110000,21973218.90217000
2025-01-29 13:00:00,1.43110000,1.43260000,1.36740000,1.40720000,35315183.11267000
2025-01-29 17:00:00,1.40720000,1.48890000,1.38640000,1.46580000,59613547.15365000
2025-01-29 21:00:00,1.46580000,1.54640000,1.45400000,1.46590000,53204771.51920000
2025-01-30 01:00:00,1.46590000,1.54970000,1.43990000,1.54510000,40668565.07796000
2025-01-30 05:00:00,1.54510000,1.60740000,1.53150000,1.56510000,61604862.29369000
2025-01-30 09:00:00,1.56510000,1.59560000,1.56520000,1.57580000,30284258.60093000
2025-01-30 13:00:00,1.57580000,1.63910000,1.54320000,1.60320000,50286310.34667000
2025-01-30 17:00:00,1.60320000,1.61880000,1.57440000,1.60010000,23552649.77260000
2025-01-30 21:00:00,1.60010000,1.61220000,1.56160000,1.56400000,17430869.42188000
2025-01-31 01:00:00,1.56400000,1.59350000,1.54810000,1.56550000,25472565.14228000
2025-01-31 05:00:00,1.56550000,1.56680000,1.53600000,1.54120000,16711154.20552000
2025-01-31 09:00:00,1.54120000,1.56420000,1.52240000,1.56110000,24667259.01105000
2025-01-31 13:00:00,1.56110000,1.57520000,1.52790000,1.55380000,29491663.23779000
2025-01-31 17:00:00,1.55380000,1.58540000,1.49000000,1.50290000,38781132.59220000
2025-01-31 21:00:00,1.50290000,1.50820000,1.46850000,1.48690000,19149506.64440000
2025-02-01 01:00:00,1.48690000,1.49820000,1.46330000,1.47120000,16109531.62304000
2025-02-01 05:00:00,1.47120000,1.48220000,1.44730000,1.45090000,12681505.14210000
2025-02-01 09:00:00,1.45090000,1.45910000,1.42270000,1.43850000,21184034.62510000
2025-02-01 13:00:00,1.43850000,1.44320000,1.40220000,1.41860000,17489544.69552000
2025-02-01 17:00:00,1.41860000,1.45330000,1.38900000,1.39390000,23878086.27060000
2025-02-01 21:00:00,1.39390000,1.39630000,1.32630000,1.34140000,29320814.21664000
2025-02-02 01:00:00,1.34140000,1.38980000,1.29940000,1.30200000,38197334.21992000
2025-02-02 05:00:00,1.30200000,1.33990000,1.29810000,1.31730000,22356491.48361000
2025-02-02 09:00:00,1.31730000,1.35030000,1.30060000,1.30480000,18710946.76851000
2025-02-02 13:00:00,1.30480000,1.33060000,1.28360000,1.30720000,28539775.99094000
2025-02-02 17:00:00,1.30720000,1.30740000,1.17950000,1.24810000,56799381.54771000
2025-02-02 21:00:00,1.24810000,1.27600000,1.17500000,1.25240000,47917764.50278000
2025-02-03 01:00:00,1.25240000,1.25320000,0.90310000,1.13030000,139390330.98500001
2025-02-03 05:00:00,1.13030000,1.26330000,1.08260000,1.25470000,48131814.94003000
2025-02-03 09:00:00,1.25470000,1.25920000,1.20050000,1.22370000,39919936.27374000
2025-02-03 13:00:00,1.22370000,1.37480000,1.15930000,1.34900000,98399686.14427000
2025-02-03 17:00:00,1.34900000,1.44490000,1.32400000,1.42340000,74562220.18735000
2025-02-03 21:00:00,1.42340000,1.43780000,1.36710000,1.40610000,36686989.58332000
2025-02-04 01:00:00,1.40610000,1.44490000,1.38360000,1.39910000,28619425.39865000
2025-02-04 05:00:00,1.39910000,1.41020000,1.29190000,1.30740000,58942921.07862000
2025-02-04 09:00:00,1.30740000,1.38460000,1.29030000,1.35870000,41860604.42506000
2025-02-04 13:00:00,1.35870000,1.46800000,1.35690000,1.42360000,81269404.33617000
2025-02-04 17:00:00,1.42360000,1.50000000,1.38100000,1.38100000,64979356.61799000
2025-02-04 21:00:00,1.38100000,1.41740000,1.33350000,1.35210000,74561972.44042000
2025-02-05 01:00:00,1.35210000,1.38960000,1.33760000,1.35600000,28168603.44105000
2025-02-05 05:00:00,1.35600000,1.37530000,1.34200000,1.36020000,19381337.39867000
2025-02-05 09:00:00,1.36020000,1.45590000,1.34870000,1.44040000,49089279.48634000
2025-02-05 13:00:00,1.44040000,1.46920000,1.36700000,1.37950000,57889920.91397000
2025-02-05 17:00:00,1.37950000,1.38560000,1.29070000,1.32170000,48246105.65760000
2025-02-05 21:00:00,1.32170000,1.33390000,1.28500000,1.30850000,32265987.47362000
2025-02-06 01:00:00,1.30850000,1.37600000,1.30360000,1.36270000,31482226.55923000
2025-02-06 05:00:00,1.36270000,1.42220000,1.36200000,1.40250000,33534509.65446000
2025-02-06 09:00:00,1.40250000,1.41540000,1.37090000,1.39230000,35191719.97499000
2025-02-06 13:00:00,1.39230000,1.39650000,1.31150000,1.33410000,97925609.50735000
2025-02-06 17:00:00,1.33410000,1.36090000,1.28090000,1.32530000,60257141.90534000
2025-02-06 21:00:00,1.32530000,1.38210000,1.30350000,1.35250000,52396803.02711000
2025-02-07 01:00:00,1.35250000,1.38780000,1.33450000,1.37960000,39891717.90609000
2025-02-07 05:00:00,1.37960000,1.39880000,1.34090000,1.34910000,35280861.25825000
2025-02-07 09:00:00,1.34910000,1.45040000,1.34540000,1.42610000,47373187.63671000
2025-02-07 13:00:00,1.42610000,1.48890000,1.40200000,1.42420000,86730890.24421000
2025-02-07 17:00:00,1.42420000,1.42760000,1.38260000,1.38870000,37109554.43150000
2025-02-07 21:00:00,1.38870000,1.40720000,1.35800000,1.39940000,32981830.22691000
2025-02-08 01:00:00,1.39940000,1.42780000,1.37120000,1.37490000,28277208.99478000
2025-02-08 05:00:00,1.37490000,1.38170000,1.34060000,1.37740000,26535828.43484000
2025-02-08 09:00:00,1.37740000,1.38690000,1.35330000,1.36600000,17281272.29222000
2025-02-08 13:00:00,1.36600000,1.37160000,1.32180000,1.32670000,25190975.44303000
2025-02-08 17:00:00,1.32670000,1.36080000,1.31250000,1.34460000,21349909.11921000
2025-02-08 21:00:00,1.34460000,1.36400000,1.33180000,1.34530000,13428491.79261000
2025-02-09 01:00:00,1.34530000,1.38600000,1.33860000,1.38020000,23769278.63940000
2025-02-09 05:00:00,1.38020000,1.38020000,1.33970000,1.34690000,18481970.00094000
2025-02-09 09:00:00,1.34690000,1.35720000,1.33030000,1.34070000,15745119.29726000
2025-02-09 13:00:00,1.34070000,1.34520000,1.30670000,1.34160000,21738660.12138000
2025-02-09 17:00:00,1.34160000,1.34750000,1.31130000,1.31680000,12239438.11979000
2025-02-09 21:00:00,1.31680000,1.33430000,1.29300000,1.32560000,29481132.29771000
2025-02-10 01:00:00,1.32560000,1.34920000,1.29000000,1.32710000,36170984.29156000
2025-02-10 05:00:00,1.32710000,1.34180000,1.31420000,1.32950000,15979743.51923000
2025-02-10 09:00:00,1.32950000,1.34850000,1.32460000,1.33760000,15438915.86772000
2025-02-10 13:00:00,1.33760000,1.37470000,1.31820000,1.33370000,33313944.96184000
2025-02-10 17:00:00,1.33370000,1.35000000,1.32530000,1.34050000,13151401.49265000
2025-02-10 21:00:00,1.34050000,1.34090000,1.30710000,1.33010000,10844422.35511000
2025-02-11 01:00:00,1.33010000,1.37420000,1.32640000,1.35250000,18318450.10763000
2025-02-11 05:00:00,1.35250000,1.41320000,1.34910000,1.39040000,24102966.64514000
2025-02-11 09:00:00,1.39040000,1.40780000,1.37800000,1.38930000,16078268.71159000
2025-02-11 13:00:00,1.38930000,1.43480000,1.35240000,1.39080000,82299160.10943000
2025-02-11 17:00:00,1.39080000,1.39970000,1.32490000,1.34680000,33593974.82876000
2025-02-11 21:00:00,1.34680000,1.36900000,1.32880000,1.33040000,17266905.33362000
2025-02-12 01:00:00,1.33040000,1.35470000,1.31620000,1.32070000,17475658.02723000
2025-02-12 05:00:00,1.32070000,1.34220000,1.31530000,1.34210000,9701680.86702000
2025-02-12 09:00:00,1.34210000,1.35660000,1.33670000,1.34850000,13760099.20781000
2025-02-12 13:00:00,1.34850000,1.36350000,1.29590000,1.34690000,49257256.17940000
2025-02-12 17:00:00,1.34690000,1.39080000,1.32850000,1.38340000,25144969.39070000
2025-02-12 21:00:00,1.38340000,1.41690000,1.36820000,1.39720000,14073026.82810000
2025-02-13 01:00:00,1.39720000,1.39950000,1.37390000,1.38300000,11081851.54451000
2025-02-13 05:00:00,1.38300000,1.38560000,1.34180000,1.34760000,13970976.24439000
2025-02-13 09:00:00,1.34760000,1.37230000,1.33050000,1.34310000,28384753.57608000
2025-02-13 13:00:00,1.34310000,1.35090000,1.32190000,1.33440000,19834071.33475000
2025-02-13 17:00:00,1.33440000,1.34100000,1.31500000,1.32330000,14923948.14824000
2025-02-13 21:00:00,1.32330000,1.33630000,1.31870000,1.33030000,11243884.12536000
2025-02-14 01:00:00,1.33030000,1.33980000,1.31180000,1.33590000,11401516.68811000
2025-02-14 05:00:00,1.33590000,1.33640000,1.31390000,1.31990000,9299252.46130000
2025-02-14 09:00:00,1.31990000,1.35070000,1.31910000,1.32800000,16001852.40222000
2025-02-14 13:00:00,1.32800000,1.35640000,1.31910000,1.34390000,25796557.40575000
2025-02-14 17:00:00,1.34390000,1.36270000,1.33000000,1.33740000,19603112.83916000
2025-02-14 21:00:00,1.33740000,1.34160000,1.31340000,1.32670000,14522673.26413000
2025-02-15 01:00:00,1.32670000,1.33370000,1.31880000,1.32380000,8610421.89102000
2025-02-15 05:00:00,1.32380000,1.32760000,1.29650000,1.30110000,19018547.25580000
2025-02-15 09:00:00,1.30110000,1.30690000,1.29220000,1.30280000,13802527.23768000
2025-02-15 13:00:00,1.30280000,1.31110000,1.25000000,1.27370000,32941120.25279000
2025-02-15 17:00:00,1.27370000,1.28040000,1.25680000,1.26360000,13353998.04435000
2025-02-15 21:00:00,1.26360000,1.27760000,1.25440000,1.27600000,7679459.76777000
2025-02-16 01:00:00,1.27600000,1.27820000,1.25780000,1.26780000,7223330.83484000
2025-02-16 05:00:00,1.26780000,1.27850000,1.26110000,1.26360000,5947047.77494000
2025-02-16 09:00:00,1.26360000,1.28770000,1.26000000,1.28610000,11973181.16158000
2025-02-16 13:00:00,1.28610000,1.28800000,1.26120000,1.28200000,16491691.69840000
2025-02-16 17:00:00,1.28200000,1.30050000,1.27900000,1.29600000,11446692.47436000
2025-02-16 21:00:00,1.29600000,1.29960000,1.27040000,1.27350000,7770398.98404000
2025-02-17 01:00:00,1.27350000,1.28830000,1.26600000,1.27150000,8012422.37484000
2025-02-17 05:00:00,1.27150000,1.27240000,1.23720000,1.24830000,21002412.54393000
2025-02-17 09:00:00,1.24830000,1.28600000,1.24320000,1.27070000,15089204.08834000
2025-02-17 13:00:00,1.27070000,1.29370000,1.24680000,1.25050000,20703156.95187000
2025-02-17 17:00:00,1.25050000,1.25830000,1.20290000,1.21620000,30193416.77487000
2025-02-17 21:00:00,1.21620000,1.25250000,1.21530000,1.23370000,9418056.05975000
2025-02-18 01:00:00,1.23370000,1.23890000,1.20820000,1.22510000,9737874.84286000
2025-02-18 05:00:00,1.22510000,1.22900000,1.17320000,1.18770000,18842467.70703000
2025-02-18 09:00:00,1.18770000,1.19360000,1.15440000,1.17990000,14936096.96473000
2025-02-18 13:00:00,1.17990000,1.21840000,1.14990000,1.15850000,22663307.32401000
2025-02-18 17:00:00,1.15850000,1.17110000,1.12710000,1.14800000,20976030.69034000
2025-02-18 21:00:00,1.14800000,1.20230000,1.13890000,1.20150000,11469924.53268000
2025-02-19 01:00:00,1.20150000,1.21700000,1.17470000,1.19820000,13101935.55547000
2025-02-19 05:00:00,1.19820000,1.20180000,1.16710000,1.19110000,11143763.30346000
2025-02-19 09:00:00,1.19110000,1.22290000,1.18540000,1.22080000,9276710.87492000
2025-02-19 13:00:00,1.22080000,1.22220000,1.18320000,1.19560000,13406134.84147000
2025-02-19 17:00:00,1.19560000,1.22040000,1.19410000,1.20570000,8316963.61835000
2025-02-19 21:00:00,1.20570000,1.22300000,1.19120000,1.21250000,7684588.28774000
2025-02-20 01:00:00,1.21250000,1.25230000,1.20410000,1.24530000,9483977.45495000
2025-02-20 05:00:00,1.24530000,1.25350000,1.21870000,1.22900000,8072128.23391000
2025-02-20 09:00:00,1.22900000,1.24560000,1.22430000,1.23600000,6950395.60401000
2025-02-20 13:00:00,1.23600000,1.25570000,1.21750000,1.21860000,15379057.53567000
2025-02-20 17:00:00,1.21860000,1.24960000,1.21580000,1.24370000,8062777.36825000
2025-02-20 21:00:00,1.24370000,1.25350000,1.22900000,1.24070000,6235631.88856000
2025-02-21 01:00:00,1.24070000,1.24880000,1.21790000,1.22130000,7569873.83028000
2025-02-21 05:00:00,1.22130000,1.23950000,1.21840000,1.22740000,5826567.44908000
2025-02-21 09:00:00,1.22740000,1.25770000,1.22390000,1.22700000,14978466.69214000
2025-02-21 13:00:00,1.22700000,1.25160000,1.16960000,1.18910000,28928648.43758000
2025-02-21 17:00:00,1.18910000,1.20600000,1.09470000,1.10300000,37577667.08116000
2025-02-21 21:00:00,1.10300000,1.12910000,1.10030000,1.12580000,19465506.85399000
2025-02-22 01:00:00,1.12580000,1.15190000,1.11270000,1.12290000,17722476.62018000
2025-02-22 05:00:00,1.12290000,1.15530000,1.12030000,1.15130000,10394386.17753000
2025-02-22 09:00:00,1.15130000,1.17560000,1.14450000,1.17120000,11588912.55350000
2025-02-22 13:00:00,1.17120000,1.18900000,1.16680000,1.17590000,10310787.12328000
2025-02-22 17:00:00,1.17590000,1.18690000,1.16240000,1.16470000,6702606.89056000
2025-02-22 21:00:00,1.16470000,1.17170000,1.15540000,1.15920000,4674222.57010000
2025-02-23 01:00:00,1.15920000,1.16760000,1.14430000,1.14970000,6167042.17612000
2025-02-23 05:00:00,1.14970000,1.16400000,1.13830000,1.15820000,6674864.07686000
2025-02-23 09:00:00,1.15820000,1.15900000,1.12270000,1.12570000,9224059.22796000
2025-02-23 13:00:00,1.12570000,1.13680000,1.11510000,1.11780000,10462531.56906000
2025-02-23 17:00:00,1.11780000,1.13260000,1.11780000,1.12950000,4438937.96930000
2025-02-23 21:00:00,1.12950000,1.13790000,1.12080000,1.13350000,4315583.84010000
2025-02-24 01:00:00,1.13350000,1.13970000,1.07590000,1.08530000,16740703.16948000
2025-02-24 05:00:00,1.08530000,1.11540000,1.06720000,1.10330000,11724245.90231000
2025-02-24 09:00:00,1.10330000,1.10480000,1.07150000,1.08680000,12193246.89226000
2025-02-24 13:00:00,1.08680000,1.09280000,1.03540000,1.04680000,22743994.31326000
2025-02-24 17:00:00,1.04680000,1.06360000,1.01370000,1.02860000,14182983.38074000
2025-02-24 21:00:00,1.02860000,1.04500000,0.97390000,0.98360000,28410578.96917000
2025-02-25 01:00:00,0.98360000,1.00800000,0.95020000,0.98000000,25967071.67318000
2025-02-25 05:00:00,0.98000000,0.99170000,0.90800000,0.94030000,31192308.34679000
2025-02-25 09:00:00,0.94030000,0.96400000,0.90520000,0.95710000,27643082.99369000
2025-02-25 13:00:00,0.95710000,0.99370000,0.93200000,0.97000000,30188934.91893000
2025-02-25 17:00:00,0.97000000,0.99100000,0.95470000,0.99050000,13826725.72902000
2025-02-25 21:00:00,0.99050000,1.02100000,0.98150000,1.00320000,15172200.45323000
2025-02-26 01:00:00,1.00320000,1.01200000,0.97850000,0.99670000,12076743.31892000
2025-02-26 05:00:00,0.99670000,1.01170000,0.97170000,0.98120000,9758918.96127000
2025-02-26 09:00:00,0.98120000,0.99670000,0.96900000,0.97380000,9309116.03918000
2025-02-26 13:00:00,0.97380000,0.99840000,0.94310000,0.99070000,25436411.57566000
2025-02-26 17:00:00,0.99070000,0.99320000,0.92470000,0.93680000,22678805.21474000
2025-02-26 21:00:00,0.93680000,1.00180000,0.92590000,0.97750000,18259856.05353000
2025-02-27 01:00:00,0.97750000,1.00630000,0.96670000,0.99210000,10796826.81346000
2025-02-27 05:00:00,0.99210000,1.01360000,0.97640000,1.00210000,8449971.58065000
2025-02-27 09:00:00,1.00210000,1.01770000,0.99250000,0.99960000,9367182.72042000
2025-02-27 13:00:00,0.99960000,1.00510000,0.96720000,0.98410000,14810017.96423000
2025-02-27 17:00:00,0.98410000,0.98780000,0.95550000,0.96320000,8135728.22159000
2025-02-27 21:00:00,0.96320000,0.97590000,0.94520000,0.97170000,8965859.92676000
2025-02-28 01:00:00,0.97170000,0.97460000,0.90090000,0.90380000,25761053.34966000
2025-02-28 05:00:00,0.90380000,0.90940000,0.88490000,0.89750000,16284887.08794000
2025-02-28 09:00:00,0.89750000,0.92470000,0.88560000,0.91350000,12609270.65374000
2025-02-28 13:00:00,0.91350000,0.99270000,0.90820000,0.98370000,21458502.15407000
2025-02-28 17:00:00,0.98370000,0.99890000,0.97370000,0.99200000,12199695.53789000
2025-02-28 21:00:00,0.99200000,1.00320000,0.98240000,0.99020000,6657434.11352000
2025-03-01 01:00:00,0.99020000,1.02530000,0.97730000,1.01380000,12800409.78302000
2025-03-01 05:00:00,1.01380000,1.03990000,1.00380000,1.00470000,9393341.29338000
2025-03-01 09:00:00,1.00470000,1.02680000,0.99680000,1.00760000,10048479.70924000
2025-03-01 13:00:00,1.00760000,1.01060000,0.98170000,0.99860000,9091311.62604000
2025-03-01 17:00:00,0.99860000,1.01190000,0.98950000,1.00900000,6435050.39410000
2025-03-01 21:00:00,1.00900000,1.04640000,1.00370000,1.02430000,9242886.29758000
2025-03-02 01:00:00,1.02430000,1.02920000,1.01140000,1.02220000,7181765.21510000
2025-03-02 05:00:00,1.02220000,1.02690000,1.00700000,1.01440000,4992218.69594000
2025-03-02 09:00:00,1.01440000,1.02070000,1.00750000,1.01390000,4914385.80291000
2025-03-02 13:00:00,1.01390000,1.07070000,0.98860000,1.03560000,21654491.50328000
2025-03-02 17:00:00,1.03560000,1.21020000,1.03280000,1.18740000,58770871.94897000
2025-03-02 21:00:00,1.18740000,1.23330000,1.18380000,1.19410000,21947404.19462000
2025-03-03 01:00:00,1.19410000,1.19840000,1.11950000,1.15690000,20890916.77627000
2025-03-03 05:00:00,1.15690000,1.17770000,1.11710000,1.13520000,19330359.99187000
2025-03-03 09:00:00,1.13520000,1.13690000,1.09440000,1.12410000,15863344.60398000
2025-03-03 13:00:00,1.12410000,1.17220000,1.11130000,1.11920000,32424403.00404000
2025-03-03 17:00:00,1.11920000,1.12930000,0.98550000,0.99110000,39767670.33415000
2025-03-03 21:00:00,0.99110000,1.00570000,0.97340000,0.98200000,20654980.14520000
2025-03-04 01:00:00,0.98200000,0.99070000,0.90470000,0.93850000,29082266.63815000
2025-03-04 05:00:00,0.93850000,0.95150000,0.91590000,0.91810000,13908449.93078000
2025-03-04 09:00:00,0.91810000,0.93250000,0.91450000,0.92020000,11805541.02134000
2025-03-04 13:00:00,0.92020000,0.94850000,0.87720000,0.90970000,36035464.00573000
2025-03-04 17:00:00,0.90970000,0.98040000,0.86570000,0.97940000,28333100.11671000
2025-03-04 21:00:00,0.97940000,0.99030000,0.95100000,0.95960000,16993087.08248000
2025-03-05 01:00:00,0.95960000,0.99620000,0.94900000,0.95970000,13133279.07972000
2025-03-05 05:00:00,0.95970000,0.99790000,0.95720000,0.99620000,7542108.09035000
2025-03-05 09:00:00,0.99620000,1.05220000,0.99460000,1.01900000,17834732.29817000
2025-03-05 13:00:00,1.01900000,1.06470000,1.00620000,1.06240000,23933419.73655000
2025-03-05 17:00:00,1.06240000,1.14800000,1.04270000,1.13830000,33147113.61266000
2025-03-05 21:00:00,1.13830000,1.14910000,1.09890000,1.11950000,21515441.37070000
2025-03-06 01:00:00,1.11950000,1.19960000,1.11590000,1.19220000,38724750.92495000
2025-03-06 05:00:00,1.19220000,1.20510000,1.15240000,1.15360000,28833270.07511000
2025-03-06 09:00:00,1.15360000,1.19330000,1.15260000,1.18640000,19524696.20160000
2025-03-06 13:00:00,1.18640000,1.18660000,1.12250000,1.16150000,36048847.73201000
2025-03-06 17:00:00,1.16150000,1.17530000,1.11700000,1.13310000,22432511.74824000
2025-03-06 21:00:00,1.13310000,1.15380000,1.06670000,1.07170000,21543254.60217000
2025-03-07 01:00:00,1.07170000,1.08050000,0.99500000,1.01850000,53399594.24012000
2025-03-07 05:00:00,1.01850000,1.04720000,1.01410000,1.02380000,16055030.98268000
2025-03-07 09:00:00,1.02380000,1.04570000,1.01070000,1.03460000,15802362.23462000
2025-03-07 13:00:00,1.03460000,1.05070000,1.00380000,1.01540000,29414363.50627000
2025-03-07 17:00:00,1.01540000,1.04500000,0.97610000,1.01230000,28754043.88739000
2025-03-07 21:00:00,1.01230000,1.02600000,0.96240000,0.97610000,27853278.80707000
2025-03-08 01:00:00,0.97610000,0.98840000,0.95360000,0.96750000,11672116.17178000
2025-03-08 05:00:00,0.96750000,0.97450000,0.95820000,0.95930000,6322937.86222000
2025-03-08 09:00:00,0.95930000,0.96230000,0.92940000,0.93660000,11462036.23463000
2025-03-08 13:00:00,0.93660000,0.96430000,0.93110000,0.94550000,11598470.91386000
2025-03-08 17:00:00,0.94550000,0.97410000,0.93150000,0.97040000,8791100.78468000
2025-03-08 21:00:00,0.97040000,0.97220000,0.94060000,0.94740000,7882741.79384000
2025-03-09 01:00:00,0.94740000,0.96600000,0.94350000,0.96280000,6243742.79562000
2025-03-09 05:00:00,0.96280000,0.96460000,0.94680000,0.95440000,5716273.57919000
2025-03-09 09:00:00,0.95440000,0.96010000,0.91010000,0.92120000,13407102.21400000
2025-03-09 13:00:00,0.92120000,0.92220000,0.89080000,0.89560000,14782325.79258000
2025-03-09 17:00:00,0.89560000,0.90160000,0.84530000,0.87080000,18762968.14063000
2025-03-09 21:00:00,0.87080000,0.88440000,0.84070000,0.84950000,13570232.29008000
2025-03-10 01:00:00,0.84950000,0.87840000,0.82430000,0.86240000,17472032.77187000
2025-03-10 05:00:00,0.86240000,0.87840000,0.85990000,0.86550000,7791318.92438000
2025-03-10 09:00:00,0.86550000,0.90540000,0.83880000,0.88740000,17767374.45949000
2025-03-10 13:00:00,0.88740000,0.89420000,0.80590000,0.81820000,26613716.83656000
2025-03-10 17:00:00,0.81820000,0.82150000,0.76750000,0.81540000,26323995.74919000
2025-03-10 21:00:00,0.81540000,0.81960000,0.77930000,0.78290000,11798033.66914000
2025-03-11 01:00:00,0.78290000,0.79190000,0.73000000,0.78310000,22064855.89696000
2025-03-11 05:00:00,0.78310000,0.81490000,0.78130000,0.80050000,10187183.17738000
2025-03-11 09:00:00,0.80050000,0.82890000,0.79730000,0.82090000,8813364.19114000
2025-03-11 13:00:00,0.82090000,0.82180000,0.77260000,0.81230000,23852366.61672000
2025-03-11 17:00:00,0.81230000,0.84910000,0.79080000,0.83900000,18432430.93007000
2025-03-11 21:00:00,0.83900000,0.85150000,0.82610000,0.82920000,9182758.34874000
2025-03-12 01:00:00,0.82920000,0.86720000,0.82570000,0.83280000,12151303.76539000
2025-03-12 05:00:00,0.83280000,0.84260000,0.81370000,0.83980000,10100398.57703000
2025-03-12 09:00:00,0.83980000,0.86730000,0.82880000,0.86370000,11413538.76809000
2025-03-12 13:00:00,0.86370000,0.89520000,0.82150000,0.84260000,28965236.55526000
2025-03-12 17:00:00,0.84260000,0.85750000,0.83680000,0.85190000,8709633.79459000
2025-03-12 21:00:00,0.85190000,0.87830000,0.84810000,0.87550000,8891503.86895000
2025-03-13 01:00:00,0.87550000,0.88700000,0.85820000,0.85870000,7613666.59348000
2025-03-13 05:00:00,0.85870000,0.86320000,0.83890000,0.84540000,7175581.86787000
2025-03-13 09:00:00,0.84540000,0.87120000,0.83660000,0.86290000,8996552.09655000
2025-03-13 13:00:00,0.86290000,0.87840000,0.83420000,0.83860000,14211324.03879000
2025-03-13 17:00:00,0.83860000,0.84180000,0.80580000,0.81190000,11087969.45500000
2025-03-13 21:00:00,0.81190000,0.84630000,0.80910000,0.82740000,6764154.36878000
2025-03-14 01:00:00,0.82740000,0.84280000,0.81990000,0.83680000,7689624.72129000
2025-03-14 05:00:00,0.83680000,0.84600000,0.83580000,0.83880000,4450502.57124000
2025-03-14 09:00:00,0.83880000,0.86080000,0.83880000,0.85730000,6398372.21770000
2025-03-14 13:00:00,0.85730000,0.89410000,0.85660000,0.87770000,18454294.44495000
2025-03-14 17:00:00,0.87770000,0.88580000,0.86360000,0.86750000,8093726.18932000
2025-03-14 21:00:00,0.86750000,0.87830000,0.85630000,0.86820000,6709680.51330000
2025-03-15 01:00:00,0.86820000,0.88570000,0.86530000,0.88260000,4695827.00858000
2025-03-15 05:00:00,0.88260000,0.88590000,0.86120000,0.86330000,4796219.21138000
2025-03-15 09:00:00,0.86330000,0.87600000,0.86010000,0.87490000,3901825.57187000
2025-03-15 13:00:00,0.87490000,0.88200000,0.86840000,0.87410000,5443278.20305000
2025-03-15 17:00:00,0.87410000,0.87860000,0.86180000,0.87080000,3725224.13277000
2025-03-15 21:00:00,0.87080000,0.89020000,0.86890000,0.86930000,5867763.89630000
2025-03-16 01:00:00,0.86930000,0.87760000,0.85280000,0.86920000,6289664.51868000
2025-03-16 05:00:00,0.86920000,0.87530000,0.86060000,0.87080000,4132956.93468000
2025-03-16 09:00:00,0.87080000,0.87300000,0.82190000,0.82640000,9219221.58340000
2025-03-16 13:00:00,0.82640000,0.83380000,0.81230000,0.82610000,8569356.97065000
2025-03-16 17:00:00,0.82610000,0.84720000,0.81220000,0.81810000,7487790.37017000
2025-03-16 21:00:00,0.81810000,0.82320000,0.80440000,0.81380000,4801161.25757000
2025-03-17 01:00:00,0.81380000,0.84890000,0.81310000,0.83900000,10647767.97684000
2025-03-17 05:00:00,0.83900000,0.84800000,0.82360000,0.84610000,4978530.32868000
2025-03-17 09:00:00,0.84610000,0.85790000,0.84070000,0.85300000,7015514.07841000
2025-03-17 13:00:00,0.85300000,0.86470000,0.83780000,0.85810000,9824663.27635000
2025-03-17 17:00:00,0.85810000,0.88460000,0.85350000,0.87740000,9803142.80158000
2025-03-17 21:00:00,0.87740000,0.87880000,0.85450000,0.85600000,8353398.51278000
2025-03-18 01:00:00,0.85600000,0.86230000,0.83010000,0.83380000,7048211.85843000
2025-03-18 05:00:00,0.83380000,0.83930000,0.82010000,0.83850000,5545335.47319000
2025-03-18 09:00:00,0.83850000,0.84430000,0.82470000,0.82640000,4942353.66224000
2025-03-18 13:00:00,0.82640000,0.83330000,0.81130000,0.81490000,8303227.24769000
2025-03-18 17:00:00,0.81490000,0.82160000,0.80650000,0.82030000,5421738.74897000
2025-03-18 21:00:00,0.82030000,0.84070000,0.81300000,0.83730000,5320629.03037000
2025-03-19 01:00:00,0.83730000,0.85320000,0.82770000,0.84330000,6995145.73407000
2025-03-19 05:00:00,0.84330000,0.84360000,0.82790000,0.82890000,5284173.20245000
2025-03-19 09:00:00,0.82890000,0.86770000,0.82870000,0.86480000,6398181.38102000
2025-03-19 13:00:00,0.86480000,0.87650000,0.84860000,0.87190000,12697489.68181000
2025-03-19 17:00:00,0.87190000,0.87690000,0.83840000,0.86190000,11964229.73793000
2025-03-19 21:00:00,0.86190000,0.88850000,0.85830000,0.88390000,6953175.20127000
2025-03-20 01:00:00,0.88390000,0.89230000,0.86220000,0.86820000,7984403.97444000
2025-03-20 05:00:00,0.86820000,0.87350000,0.85930000,0.86350000,4324458.55737000
2025-03-20 09:00:00,0.86350000,0.87920000,0.85280000,0.86210000,7187526.68434000
2025-03-20 13:00:00,0.86210000,0.88150000,0.85040000,0.85090000,9873143.27104000
2025-03-20 17:00:00,0.85090000,0.85710000,0.83520000,0.84170000,5702381.83713000
2025-03-20 21:00:00,0.84170000,0.85140000,0.83670000,0.84320000,3765049.22915000
2025-03-21 01:00:00,0.84320000,0.85000000,0.83380000,0.83730000,3709594.42400000
2025-03-21 05:00:00,0.83730000,0.84170000,0.82320000,0.82950000,4461938.17283000
2025-03-21 09:00:00,0.82950000,0.83370000,0.81690000,0.82450000,4382922.07432000
2025-03-21 13:00:00,0.82450000,0.82820000,0.81610000,0.81710000,5478006.20278000
2025-03-21 17:00:00,0.81710000,0.83140000,0.81490000,0.82590000,4344583.38345000
2025-03-21 21:00:00,0.82590000,0.83800000,0.82320000,0.82710000,3839774.78202000
2025-03-22 01:00:00,0.82710000,0.83280000,0.81960000,0.82920000,3148229.75187000
2025-03-22 05:00:00,0.82920000,0.83610000,0.82810000,0.83040000,2726380.74946000
2025-03-22 09:00:00,0.83040000,0.83980000,0.82780000,0.83460000,3273367.72619000
2025-03-22 13:00:00,0.83460000,0.83710000,0.82530000,0.83050000,3786830.45272000
2025-03-22 17:00:00,0.83050000,0.83800000,0.82940000,0.83420000,2579318.96423000
2025-03-22 21:00:00,0.83420000,0.83720000,0.81820000,0.82790000,3521194.80648000
2025-03-23 01:00:00,0.82790000,0.83000000,0.82280000,0.83000000,2853682.69023000
2025-03-23 05:00:00,0.83000000,0.83370000,0.82110000,0.83160000,2734117.43063000
2025-03-23 09:00:00,0.83160000,0.84600000,0.82890000,0.84110000,4406559.02277000
2025-03-23 13:00:00,0.84110000,0.84410000,0.83190000,0.83740000,4704706.49025000
2025-03-23 17:00:00,0.83740000,0.84100000,0.82350000,0.83060000,4767896.77004000
2025-03-23 21:00:00,0.83060000,0.84570000,0.82500000,0.84550000,3350722.76822000
2025-03-24 01:00:00,0.84550000,0.85930000,0.83080000,0.85810000,7777359.08482000
2025-03-24 05:00:00,0.85810000,0.87670000,0.85790000,0.86870000,7818466.26821000
2025-03-24 09:00:00,0.86870000,0.89570000,0.86850000,0.88840000,11427341.80703000
2025-03-24 13:00:00,0.88840000,0.91670000,0.87470000,0.89990000,15520250.00399000
2025-03-24 17:00:00,0.89990000,0.91030000,0.88520000,0.90620000,8127827.48335000
2025-03-24 21:00:00,0.90620000,0.90870000,0.87690000,0.88440000,6671522.79664000
2025-03-25 01:00:00,0.88440000,0.89570000,0.86740000,0.87270000,7375326.24927000
2025-03-25 05:00:00,0.87270000,0.90880000,0.86900000,0.89850000,7930472.19112000
2025-03-25 09:00:00,0.89850000,0.94090000,0.89800000,0.93160000,13897995.62879000
2025-03-25 13:00:00,0.93160000,0.94020000,0.91480000,0.92690000,16769005.00530000
2025-03-25 17:00:00,0.92690000,0.93140000,0.91640000,0.92870000,6293606.99250000
2025-03-25 21:00:00,0.92870000,0.93370000,0.91000000,0.91690000,4461108.77560000
2025-03-26 01:00:00,0.91690000,0.93520000,0.91080000,0.91910000,8820434.23236000
2025-03-26 05:00:00,0.91910000,0.95010000,0.91730000,0.94840000,8613503.23846000
2025-03-26 09:00:00,0.94840000,0.95630000,0.94120000,0.95170000,7939388.64173000
2025-03-26 13:00:00,0.95170000,0.95590000,0.90480000,0.91460000,16467837.62593000
2025-03-26 17:00:00,0.91460000,0.92300000,0.88450000,0.90030000,10648947.28059000
2025-03-26 21:00:00,0.90030000,0.91590000,0.89230000,0.90100000,6372888.45617000
2025-03-27 01:00:00,0.90100000,0.93320000,0.89770000,0.92900000,6558587.05707000
2025-03-27 05:00:00,0.92900000,0.92970000,0.91360000,0.91930000,4862147.98254000
2025-03-27 09:00:00,0.91930000,0.92750000,0.89910000,0.90300000,8196065.93809000
2025-03-27 13:00:00,0.90300000,0.92250000,0.88380000,0.90660000,15528207.51047000
2025-03-27 17:00:00,0.90660000,0.91740000,0.89680000,0.90750000,5321641.81368000
2025-03-27 21:00:00,0.90750000,0.92190000,0.89940000,0.91300000,3717175.30708000
2025-03-28 01:00:00,0.91300000,0.91850000,0.89410000,0.89790000,6019364.21194000
2025-03-28 05:00:00,0.89790000,0.89900000,0.86070000,0.86210000,11715577.27823000
2025-03-28 09:00:00,0.86210000,0.86980000,0.84440000,0.85670000,10380726.40261000
2025-03-28 13:00:00,0.85670000,0.86050000,0.83900000,0.84290000,8275119.77414000
2025-03-28 17:00:00,0.84290000,0.84550000,0.82090000,0.82990000,8954450.08877000
2025-03-28 21:00:00,0.82990000,0.84570000,0.82490000,0.84160000,5687010.34907000
2025-03-29 01:00:00,0.84160000,0.84900000,0.81710000,0.82710000,6961772.04161000
2025-03-29 05:00:00,0.82710000,0.82960000,0.79980000,0.80620000,5974079.92863000
2025-03-29 09:00:00,0.80620000,0.81380000,0.77780000,0.78480000,9774295.03815000
2025-03-29 13:00:00,0.78480000,0.80510000,0.78250000,0.78960000,6415781.04087000
2025-03-29 17:00:00,0.78960000,0.79800000,0.77770000,0.79410000,6266807.22225000
2025-03-29 21:00:00,0.79410000,0.79920000,0.78470000,0.79810000,3044930.28600000
2025-03-30 01:00:00,0.79810000,0.81220000,0.78640000,0.80420000,4587394.21020000
2025-03-30 06:00:00,0.80420000,0.81030000,0.79730000,0.80360000,2719243.91825000
2025-03-30 10:00:00,0.80360000,0.81360000,0.79910000,0.80270000,4416877.04886000
2025-03-30 14:00:00,0.80270000,0.80700000,0.78810000,0.79560000,4326545.25316000
2025-03-30 18:00:00,0.79560000,0.80620000,0.78180000,0.79550000,4992381.34156000
2025-03-30 22:00:00,0.79550000,0.79900000,0.77820000,0.79020000,5125099.60316000
2025-03-31 02:00:00,0.79020000,0.79430000,0.77000000,0.77770000,5785911.44115000
2025-03-31 06:00:00,0.77770000,0.78960000,0.76690000,0.77080000,6543737.03210000
2025-03-31 10:00:00,0.77080000,0.77670000,0.75030000,0.76610000,7001574.31425000
2025-03-31 14:00:00,0.76610000,0.79820000,0.75950000,0.78850000,8232000.06222000
2025-03-31 18:00:00,0.78850000,0.79260000,0.77010000,0.77740000,4802370.13972000
2025-03-31 22:00:00,0.77740000,0.78230000,0.77090000,0.77830000,2634359.83680000
2025-04-01 02:00:00,0.77830000,0.79760000,0.77760000,0.79000000,3689046.17538000
2025-04-01 06:00:00,0.79000000,0.80060000,0.78740000,0.79320000,3179899.99073000
2025-04-01 10:00:00,0.79320000,0.81410000,0.79320000,0.79720000,7302110.79026000
2025-04-01 14:00:00,0.79720000,0.83030000,0.78830000,0.82370000,7837637.80273000
2025-04-01 18:00:00,0.82370000,0.82860000,0.81540000,0.82510000,5799554.46414000
2025-04-01 22:00:00,0.82510000,0.83490000,0.81900000,0.82180000,4024362.18324000
2025-04-02 02:00:00,0.82180000,0.82820000,0.80510000,0.80730000,5051209.09089000
2025-04-02 06:00:00,0.80730000,0.81340000,0.78870000,0.80480000,4763953.13176000
2025-04-02 10:00:00,0.80480000,0.82560000,0.80160000,0.81110000,5025687.20252000
2025-04-02 14:00:00,0.81110000,0.87470000,0.80630000,0.86360000,15391008.17206000
2025-04-02 18:00:00,0.86360000,0.87120000,0.83580000,0.85600000,8447494.62117000
2025-04-02 22:00:00,0.85600000,0.88720000,0.77360000,0.78430000,19000328.45114000
2025-04-03 02:00:00,0.78430000,0.81730000,0.77670000,0.80700000,6632016.59143000
2025-04-03 06:00:00,0.80700000,0.82800000,0.80210000,0.80920000,5863451.75886000
2025-04-03 10:00:00,0.80920000,0.82080000,0.78680000,0.79140000,6948531.35388000
2025-04-03 14:00:00,0.79140000,0.79640000,0.77090000,0.78980000,11493601.18604000
2025-04-03 18:00:00,0.78980000,0.80140000,0.78530000,0.79650000,5361481.15117000
2025-04-03 22:00:00,0.79650000,0.82530000,0.79010000,0.81390000,6706500.50951000
2025-04-04 02:00:00,0.81390000,0.82430000,0.80480000,0.81030000,4948445.94371000
2025-04-04 06:00:00,0.81030000,0.82740000,0.79820000,0.82560000,4172013.81059000
2025-04-04 10:00:00,0.82560000,0.83530000,0.78280000,0.79740000,8829564.77811000
2025-04-04 14:00:00,0.79740000,0.82730000,0.78990000,0.81080000,10891631.82051000
2025-04-04 18:00:00,0.81080000,0.83410000,0.80680000,0.82330000,6106462.70653000
2025-04-04 22:00:00,0.82330000,0.82630000,0.81540000,0.82080000,2569322.66383000
2025-04-05 02:00:00,0.82080000,0.82670000,0.80970000,0.81030000,2851400.06588000
2025-04-05 06:00:00,0.81030000,0.81630000,0.80340000,0.80830000,2041573.26203000
2025-04-05 10:00:00,0.80830000,0.82350000,0.80750000,0.81280000,2581406.85908000
2025-04-05 14:00:00,0.81280000,0.81450000,0.79420000,0.79770000,4505328.35314000
2025-04-05 18:00:00,0.79770000,0.80880000,0.79730000,0.80040000,2932151.57504000
2025-04-05 22:00:00,0.80040000,0.81130000,0.79740000,0.80960000,1634788.78195000
2025-04-06 02:00:00,0.80960000,0.81520000,0.79940000,0.80320000,2029138.42771000
2025-04-06 06:00:00,0.80320000,0.80660000,0.78900000,0.78950000,6519602.86588000
2025-04-06 10:00:00,0.78950000,0.79680000,0.78600000,0.79060000,2405545.30483000
2025-04-06 14:00:00,0.79060000,0.79260000,0.77200000,0.78180000,5792451.00108000
2025-04-06 18:00:00,0.78180000,0.78180000,0.73130000,0.74240000,8907404.49413000
2025-04-06 22:00:00,0.74240000,0.74410000,0.71320000,0.73090000,9809135.46490000
2025-04-07 02:00:00,0.73090000,0.75550000,0.70510000,0.71720000,10595948.62233000
2025-04-07 06:00:00,0.71720000,0.72680000,0.66340000,0.67470000,12786190.08430000
2025-04-07 10:00:00,0.67470000,0.71780000,0.67210000,0.69900000,10939181.36332000
2025-04-07 14:00:00,0.69900000,0.80120000,0.69620000,0.75640000,25456922.28655000
2025-04-07 18:00:00,0.75640000,0.76440000,0.73590000,0.75090000,6319476.21230000
2025-04-07 22:00:00,0.75090000,0.77370000,0.75060000,0.75650000,3709582.50488000
2025-04-08 02:00:00,0.75650000,0.78500000,0.75100000,0.76840000,4115476.24681000
2025-04-08 06:00:00,0.76840000,0.77790000,0.75080000,0.75780000,5194852.91912000
2025-04-08 10:00:00,0.75780000,0.77490000,0.74490000,0.77310000,5625084.73191000
2025-04-08 14:00:00,0.77310000,0.77530000,0.74520000,0.75170000,7334300.76810000
2025-04-08 18:00:00,0.75170000,0.75260000,0.71220000,0.71530000,8286787.39383000
2025-04-08 22:00:00,0.71530000,0.72430000,0.70550000,0.70910000,3417756.08361000
2025-04-09 02:00:00,0.70910000,0.71610000,0.68140000,0.69950000,6514276.71371000
2025-04-09 06:00:00,0.69950000,0.73760000,0.69730000,0.73250000,5814452.68154000
2025-04-09 10:00:00,0.73250000,0.73960000,0.71510000,0.72100000,6465435.98758000
2025-04-09 14:00:00,0.72100000,0.74860000,0.71390000,0.74200000,6535713.67795000
2025-04-09 18:00:00,0.74200000,0.89650000,0.74060000,0.86980000,28586108.38743000
2025-04-09 22:00:00,0.86980000,0.88290000,0.84780000,0.85000000,7543466.09810000
2025-04-10 02:00:00,0.85000000,0.88230000,0.84300000,0.85310000,10110880.53061000
2025-04-10 06:00:00,0.85310000,0.86050000,0.82650000,0.83170000,6732162.70243000
2025-04-10 10:00:00,0.83170000,0.84280000,0.82690000,0.84020000,5677933.07700000
2025-04-10 14:00:00,0.84020000,0.85660000,0.79870000,0.80100000,11798031.35622000
2025-04-10 18:00:00,0.80100000,0.82280000,0.79580000,0.81790000,5765039.53156000
2025-04-10 22:00:00,0.81790000,0.82540000,0.81000000,0.81240000,2040169.77888000
2025-04-11 02:00:00,0.81240000,0.83850000,0.80830000,0.83370000,3445121.70213000
2025-04-11 06:00:00,0.83370000,0.84280000,0.82740000,0.83360000,2762758.32579000
2025-04-11 10:00:00,0.83360000,0.89890000,0.82490000,0.87920000,21357115.21070000
2025-04-11 14:00:00,0.87920000,0.92050000,0.87190000,0.89330000,26517029.12223000
2025-04-11 18:00:00,0.89330000,0.91950000,0.87750000,0.90320000,15536591.77796000
2025-04-11 22:00:00,0.90320000,0.92600000,0.88590000,0.89300000,10807258.26949000
2025-04-12 02:00:00,0.89300000,0.89990000,0.87520000,0.87520000,6367773.15531000
2025-04-12 06:00:00,0.87520000,0.88730000,0.86450000,0.88350000,8955397.65356000
2025-04-12 10:00:00,0.88350000,0.89250000,0.87140000,0.87540000,6056995.03202000
2025-04-12 14:00:00,0.87540000,0.92340000,0.87240000,0.91190000,12448290.61279000
2025-04-12 18:00:00,0.91190000,0.91510000,0.89260000,0.91200000,6288970.75860000
2025-04-12 22:00:00,0.91200000,0.92520000,0.90160000,0.90480000,6329360.61641000
2025-04-13 02:00:00,0.90480000,0.92700000,0.90060000,0.90410000,7255498.80293000
2025-04-13 06:00:00,0.90410000,0.90520000,0.88010000,0.88060000,4182956.57582000
2025-04-13 10:00:00,0.88060000,0.90190000,0.87620000,0.88390000,5462058.98493000
2025-04-13 14:00:00,0.88390000,0.88980000,0.86650000,0.87090000,5379708.56777000
2025-04-13 18:00:00,0.87090000,0.89950000,0.85170000,0.86300000,9026924.99825000
2025-04-13 22:00:00,0.86300000,0.87230000,0.83810000,0.84630000,6631680.16632000
2025-04-14 02:00:00,0.84630000,0.88920000,0.84380000,0.86230000,8183879.43142000
2025-04-14 06:00:00,0.86230000,0.87970000,0.85610000,0.86610000,4740741.97462000
2025-04-14 10:00:00,0.86610000,0.89610000,0.86430000,0.89450000,6079354.86811000
2025-04-14 14:00:00,0.89450000,0.91300000,0.87090000,0.87520000,15358260.18341000
2025-04-14 18:00:00,0.87520000,0.89530000,0.87040000,0.88780000,8578706.06891000
2025-04-14 22:00:00,0.88780000,0.89050000,0.87330000,0.87540000,4072786.12708000
2025-04-15 02:00:00,0.87540000,0.89090000,0.86700000,0.87340000,6478322.13978000
2025-04-15 06:00:00,0.87340000,0.88480000,0.86500000,0.87910000,4870264.01847000
2025-04-15 10:00:00,0.87910000,0.89250000,0.86560000,0.87190000,7684138.18217000
2025-04-15 14:00:00,0.87190000,0.88460000,0.85020000,0.85340000,9947252.83403000
2025-04-15 18:00:00,0.85340000,0.85890000,0.84050000,0.84340000,4710719.56725000
2025-04-15 22:00:00,0.84340000,0.84810000,0.82740000,0.83140000,4781763.90840000
2025-04-16 02:00:00,0.83140000,0.83510000,0.82020000,0.82830000,4244366.25233000
2025-04-16 06:00:00,0.82830000,0.83130000,0.81250000,0.81360000,5970589.05124000
2025-04-16 10:00:00,0.81360000,0.82900000,0.80840000,0.81990000,6097669.42503000
2025-04-16 14:00:00,0.81990000,0.84380000,0.81030000,0.82890000,7138230.26489000
2025-04-16 18:00:00,0.82890000,0.84090000,0.80160000,0.83610000,10314585.25752000
2025-04-16 22:00:00,0.83610000,0.84320000,0.81600000,0.81870000,3702684.24515000
2025-04-17 02:00:00,0.81870000,0.83560000,0.81690000,0.82620000,4553801.29545000
2025-04-17 06:00:00,0.82620000,0.85040000,0.82400000,0.84360000,4251026.74672000
2025-04-17 10:00:00,0.84360000,0.84570000,0.83240000,0.84120000,3889124.87159000
2025-04-17 14:00:00,0.84120000,0.84860000,0.82120000,0.83780000,6804371.33353000
2025-04-17 18:00:00,0.83780000,0.85120000,0.82640000,0.83180000,6162589.97773000
2025-04-17 22:00:00,0.83180000,0.83940000,0.82330000,0.82860000,3715492.42878000
2025-04-18 02:00:00,0.82860000,0.83340000,0.82120000,0.82830000,2632755.33120000
2025-04-18 06:00:00,0.82830000,0.83090000,0.82210000,0.83010000,2844559.61624000
2025-04-18 10:00:00,0.83010000,0.83620000,0.82540000,0.83110000,3390808.16215000
2025-04-18 14:00:00,0.83110000,0.83790000,0.82190000,0.82370000,4066184.15880000
2025-04-18 18:00:00,0.82370000,0.83540000,0.82180000,0.83170000,2822124.90344000
2025-04-18 22:00:00,0.83170000,0.83470000,0.82520000,0.82980000,1971972.60326000
2025-04-19 02:00:00,0.82980000,0.84790000,0.82820000,0.84290000,3106766.68423000
2025-04-19 06:00:00,0.84290000,0.84870000,0.83510000,0.84430000,2349030.13592000
2025-04-19 10:00:00,0.84430000,0.84890000,0.83560000,0.83990000,3581274.18920000
2025-04-19 14:00:00,0.83990000,0.85060000,0.83840000,0.84400000,3462980.40840000
2025-04-19 18:00:00,0.84400000,0.85560000,0.83780000,0.85000000,3995800.88544000
2025-04-19 22:00:00,0.85000000,0.85830000,0.84900000,0.85430000,1972672.95365000
2025-04-20 02:00:00,0.85430000,0.86210000,0.84880000,0.85120000,3529097.23186000
2025-04-20 06:00:00,0.85120000,0.85890000,0.84240000,0.84650000,3360041.13874000
2025-04-20 10:00:00,0.84650000,0.84660000,0.82210000,0.82680000,5118032.04680000
2025-04-20 14:00:00,0.82680000,0.83110000,0.82000000,0.82160000,4556280.64564000
2025-04-20 18:00:00,0.82160000,0.83970000,0.81890000,0.83960000,3416003.67874000
2025-04-20 22:00:00,0.83960000,0.84660000,0.82560000,0.83780000,4458367.06777000
2025-04-21 02:00:00,0.83780000,0.88050000,0.83530000,0.86990000,10032933.67137000
2025-04-21 06:00:00,0.86990000,0.88470000,0.86610000,0.88170000,4865190.11936000
2025-04-21 10:00:00,0.88170000,0.89130000,0.87040000,0.87480000,5879638.36874000
2025-04-21 14:00:00,0.87480000,0.88350000,0.86440000,0.86740000,7117133.24612000
2025-04-21 18:00:00,0.86740000,0.86900000,0.83760000,0.85720000,7977714.25480000
2025-04-21 22:00:00,0.85720000,0.85710000,0.84450000,0.85070000,3360432.53942000
2025-04-22 02:00:00,0.85070000,0.87210000,0.83460000,0.85700000,7430052.04206000
2025-04-22 06:00:00,0.85700000,0.86590000,0.84230000,0.86550000,5687460.60055000
2025-04-22 10:00:00,0.86550000,0.86780000,0.85370000,0.86380000,5630045.86409000
2025-04-22 14:00:00,0.86380000,0.90750000,0.86070000,0.89140000,13563196.33437000
2025-04-22 18:00:00,0.89140000,0.89720000,0.88300000,0.89470000,4565343.30547000
2025-04-22 22:00:00,0.89470000,0.92180000,0.88870000,0.91510000,7371084.11007000
2025-04-23 02:00:00,0.91510000,0.93320000,0.91040000,0.93170000,8016426.10038000
2025-04-23 06:00:00,0.93170000,0.95240000,0.92380000,0.94530000,7798642.20870000
2025-04-23 10:00:00,0.94530000,0.95200000,0.92290000,0.92830000,7384418.39375000
2025-04-23 14:00:00,0.92830000,0.94890000,0.90300000,0.92420000,14666407.31668000
2025-04-23 18:00:00,0.92420000,0.93870000,0.91130000,0.91570000,7533786.50191000
2025-04-23 22:00:00,0.91570000,0.92510000,0.91130000,0.91550000,3634887.52401000
2025-04-24 02:00:00,0.91550000,0.92140000,0.88160000,0.88240000,8514761.41062000
2025-04-24 06:00:00,0.88240000,0.89510000,0.87300000,0.87640000,10679895.12307000
2025-04-24 10:00:00,0.87640000,0.88780000,0.86600000,0.88340000,6201955.96236000
2025-04-24 14:00:00,0.88340000,1.04440000,0.87870000,1.01030000,62045573.21850000
2025-04-24 18:00:00,1.01030000,1.02030000,0.96270000,0.98560000,25762438.72992000
2025-04-24 22:00:00,0.98560000,0.99040000,0.96130000,0.97910000,9241718.45602000
2025-04-25 02:00:00,0.97910000,0.98680000,0.94390000,0.96340000,14697011.83915000
2025-04-25 06:00:00,0.96340000,1.00950000,0.95640000,1.00700000,16028283.76385000
2025-04-25 10:00:00,1.00700000,1.03650000,0.99680000,1.02020000,21872533.68438000
2025-04-25 14:00:00,1.02020000,1.02720000,0.98350000,0.99690000,21824535.57004000
2025-04-25 18:00:00,0.99690000,1.02190000,0.98290000,0.99930000,16390702.38022000
2025-04-25 22:00:00,0.99930000,1.00300000,0.98370000,0.98920000,8410197.52122000
2025-04-26 02:00:00,0.98920000,1.02890000,0.98940000,1.02880000,9877895.96108000
2025-04-26 06:00:00,1.02880000,1.04780000,1.00830000,1.02720000,12728563.27189000
2025-04-26 10:00:00,1.02720000,1.03220000,0.99680000,0.99960000,22110048.37777000
2025-04-26 14:00:00,0.99960000,1.01680000,0.98380000,1.00930000,15055441.31508000
2025-04-26 18:00:00,1.00930000,1.01180000,0.98810000,0.99300000,5960323.12180000
2025-04-26 22:00:00,0.99300000,0.99960000,0.98670000,0.99420000,3963276.21449000
2025-04-27 02:00:00,0.99420000,1.00730000,0.95290000,0.97210000,12867387.21488000
2025-04-27 06:00:00,0.97210000,0.97370000,0.94900000,0.96220000,5284254.25890000
2025-04-27 10:00:00,0.96220000,0.96840000,0.95660000,0.96130000,3588726.43943000
2025-04-27 14:00:00,0.96130000,0.96170000,0.93720000,0.94810000,8587779.11880000
2025-04-27 18:00:00,0.94810000,0.96080000,0.94060000,0.95990000,7073464.62154000
2025-04-27 22:00:00,0.95990000,0.96590000,0.94240000,0.94400000,5122911.78731000
2025-04-28 02:00:00,0.94400000,0.95270000,0.91370000,0.94640000,12741036.45414000
2025-04-28 06:00:00,0.94640000,0.98510000,0.94630000,0.98350000,9431401.64652000
2025-04-28 10:00:00,0.98350000,0.99540000,0.95570000,0.98400000,13983675.06317000
2025-04-28 14:00:00,0.98400000,0.98730000,0.95140000,0.95710000,14404768.55962000
2025-04-28 18:00:00,0.95710000,0.98430000,0.94710000,0.98160000,7091572.58048000
2025-04-28 22:00:00,0.98160000,0.98220000,0.96440000,0.97270000,3985504.62691000
2025-04-29 02:00:00,0.97270000,0.98930000,0.96560000,0.97930000,7145706.48485000
2025-04-29 06:00:00,0.97930000,0.98190000,0.96000000,0.97990000,8358069.57899000
2025-04-29 10:00:00,0.97990000,0.98470000,0.96490000,0.97020000,5748853.37805000
2025-04-29 14:00:00,0.97020000,0.97260000,0.95040000,0.95620000,6962981.94122000
2025-04-29 18:00:00,0.95620000,0.97010000,0.95180000,0.95340000,3873108.52269000
2025-04-29 22:00:00,0.95340000,0.95560000,0.91790000,0.92890000,10457931.05511000
2025-04-30 02:00:00,0.92890000,0.94220000,0.91530000,0.94010000,5603589.76824000
2025-04-30 06:00:00,0.94010000,0.94260000,0.92140000,0.92830000,3080748.25776000
2025-04-30 10:00:00,0.92830000,0.93430000,0.92310000,0.93010000,3600292.46641000
2025-04-30 14:00:00,0.93010000,0.93080000,0.87380000,0.89830000,16557155.80612000
2025-04-30 18:00:00,0.89830000,0.91870000,0.88710000,0.90480000,5977996.48649000
2025-04-30 22:00:00,0.90480000,0.92460000,0.90270000,0.90650000,5296871.09278000
2025-05-01 02:00:00,0.90650000,0.92500000,0.90450000,0.90570000,3633665.10444000
2025-05-01 06:00:00,0.90570000,0.91720000,0.90240000,0.90900000,2489657.75711000
2025-05-01 10:00:00,0.90900000,0.93440000,0.90550000,0.92470000,5097195.58111000
2025-05-01 14:00:00,0.92470000,0.93620000,0.90410000,0.90940000,9949673.58701000
2025-05-01 18:00:00,0.90940000,0.92260000,0.90540000,0.90970000,4722090.87940000
2025-05-01 22:00:00,0.90970000,0.92230000,0.90660000,0.91330000,2524446.91995000
2025-05-02 02:00:00,0.91330000,0.92750000,0.90980000,0.91760000,3419597.75264000
2025-05-02 06:00:00,0.91760000,0.91980000,0.89070000,0.89210000,5487062.00995000
2025-05-02 10:00:00,0.89210000,0.90770000,0.89180000,0.90420000,2873031.44718000
2025-05-02 14:00:00,0.90420000,0.92220000,0.89620000,0.91060000,6632357.59196000
2025-05-02 18:00:00,0.91060000,0.92600000,0.90930000,0.91140000,4642761.95666000
2025-05-02 22:00:00,0.91140000,0.92220000,0.90830000,0.92190000,2206938.85529000
2025-05-03 02:00:00,0.92190000,0.92220000,0.90240000,0.90560000,3055848.31672000
2025-05-03 06:00:00,0.90560000,0.90690000,0.89440000,0.89840000,2714628.50732000
2025-05-03 10:00:00,0.89840000,0.90130000,0.88250000,0.88480000,4185118.09832000
2025-05-03 14:00:00,0.88480000,0.89820000,0.88420000,0.89080000,2221828.54795000
2025-05-03 18:00:00,0.89080000,0.89130000,0.86720000,0.88570000,5269991.65582000
2025-05-03 22:00:00,0.88570000,0.88700000,0.86960000,0.87410000,2832639.45152000
2025-05-04 02:00:00,0.87410000,0.88700000,0.86650000,0.87060000,3382998.90829000
2025-05-04 06:00:00,0.87060000,0.88040000,0.86660000,0.87190000,2444185.87833000
2025-05-04 10:00:00,0.87190000,0.87290000,0.85820000,0.86540000,3813601.27145000
2025-05-04 14:00:00,0.86540000,0.87130000,0.85420000,0.86230000,3334325.40346000
2025-05-04 18:00:00,0.86230000,0.86490000,0.85160000,0.85900000,2831152.54708000
2025-05-04 22:00:00,0.85900000,0.86760000,0.85140000,0.85790000,2199974.74223000
2025-05-05 02:00:00,0.85790000,0.87360000,0.85210000,0.86320000,3845775.60753000
2025-05-05 06:00:00,0.86320000,0.88860000,0.86320000,0.88860000,2801930.60767000
2025-05-05 10:00:00,0.88860000,0.89030000,0.85700000,0.86300000,4352112.12564000
2025-05-05 14:00:00,0.86300000,0.88980000,0.85420000,0.86000000,6529804.68066000
2025-05-05 18:00:00,0.86000000,0.87920000,0.85830000,0.86610000,3429850.57853000
2025-05-05 22:00:00,0.86610000,0.87590000,0.85050000,0.86700000,3734052.76795000
2025-05-06 02:00:00,0.86700000,0.87060000,0.85260000,0.86610000,3025490.32476000
2025-05-06 06:00:00,0.86610000,0.87000000,0.85920000,0.85980000,1673290.01171000
2025-05-06 10:00:00,0.85980000,0.86050000,0.82770000,0.83430000,5655447.21559000
2025-05-06 14:00:00,0.83430000,0.85120000,0.83040000,0.84220000,4479345.27345000
2025-05-06 18:00:00,0.84220000,0.85740000,0.83590000,0.85090000,3207268.59570000
2025-05-06 22:00:00,0.85090000,0.86880000,0.82790000,0.86670000,5043126.58473000
2025-05-07 02:00:00,0.86670000,0.88230000,0.85860000,0.86710000,4652566.57715000
2025-05-07 06:00:00,0.86710000,0.87200000,0.85650000,0.87190000,3087091.03845000
2025-05-07 10:00:00,0.87190000,0.87980000,0.86720000,0.87270000,2451220.23771000
2025-05-07 14:00:00,0.87270000,0.87400000,0.85650000,0.86060000,3485236.09071000
2025-05-07 18:00:00,0.86060000,0.86790000,0.84580000,0.85400000,5644735.81467000
2025-05-07 22:00:00,0.85400000,0.87880000,0.84990000,0.87210000,2452310.97143000
2025-05-08 02:00:00,0.87210000,0.91650000,0.87110000,0.91500000,5483412.64435000
2025-05-08 06:00:00,0.91500000,0.92520000,0.90730000,0.91930000,5076350.17428000
2025-05-08 10:00:00,0.91930000,0.93470000,0.91890000,0.92450000,4776272.14711000
2025-05-08 14:00:00,0.92450000,0.96040000,0.92050000,0.94860000,7553503.00023000
2025-05-08 18:00:00,0.94860000,0.95960000,0.94200000,0.95740000,5469664.87509000
2025-05-08 22:00:00,0.95740000,0.98500000,0.95030000,0.97540000,8641834.16853000
2025-05-09 02:00:00,0.97540000,1.00570000,0.96420000,0.97430000,7046814.77599000
2025-05-09 06:00:00,0.97430000,1.03460000,0.97230000,1.02170000,6792212.00620000
2025-05-09 10:00:00,1.02170000,1.06200000,0.99850000,1.02660000,16715179.88737000
2025-05-09 14:00:00,1.02660000,1.04460000,1.00240000,1.01670000,8765138.22912000
2025-05-09 18:00:00,1.01670000,1.02620000,0.99960000,1.00690000,5390063.21388000
2025-05-09 22:00:00,1.00690000,1.01540000,1.00210000,1.00590000,4374128.05120000
2025-05-10 02:00:00,1.00590000,1.02720000,0.99320000,1.01330000,5434973.93136000
2025-05-10 06:00:00,1.01330000,1.04200000,1.00220000,1.03590000,4289414.58638000
2025-05-10 10:00:00,1.03590000,1.05030000,1.01330000,1.01480000,7509085.56939000
2025-05-10 14:00:00,1.01480000,1.03780000,1.01500000,1.02790000,3955144.85344000
2025-05-10 18:00:00,1.02790000,1.06990000,1.02320000,1.05700000,7248317.25579000
2025-05-10 22:00:00,1.05700000,1.10790000,1.04890000,1.10280000,7908497.57122000
2025-05-11 02:00:00,1.10280000,1.11040000,1.05460000,1.06250000,7519362.43207000
2025-05-11 06:00:00,1.06250000,1.07040000,1.01750000,1.02470000,7568502.02994000
2025-05-11 10:00:00,1.02470000,1.04370000,1.01850000,1.04310000,4020523.46448000
2025-05-11 14:00:00,1.04310000,1.05120000,1.00930000,1.01620000,6605330.42581000
2025-05-11 18:00:00,1.01620000,1.04430000,1.00670000,1.03620000,4289151.25860000
2025-05-11 22:00:00,1.03620000,1.04690000,1.02550000,1.03890000,2517137.53736000
2025-05-12 02:00:00,1.03890000,1.06640000,1.02720000,1.06380000,5149533.75186000
2025-05-12 06:00:00,1.06380000,1.11080000,1.04600000,1.07990000,8646514.34866000
2025-05-12 10:00:00,1.07990000,1.09380000,1.05320000,1.05630000,6773164.48260000
2025-05-12 14:00:00,1.05630000,1.08960000,1.02190000,1.02890000,12343728.19877000
2025-05-12 18:00:00,1.02890000,1.04590000,0.97470000,1.01570000,11586169.26319000
2025-05-12 22:00:00,1.01570000,1.03920000,1.01040000,1.02990000,4219343.92019000
2025-05-13 02:00:00,1.02990000,1.03140000,0.97240000,0.97490000,7118837.07628000
2025-05-13 06:00:00,0.97490000,1.00950000,0.97210000,1.00230000,4520819.45955000
2025-05-13 10:00:00,1.00230000,1.02400000,0.99800000,1.01530000,3731776.11925000
2025-05-13 14:00:00,1.01530000,1.04100000,0.99210000,1.01680000,11811635.60698000
2025-05-13 18:00:00,1.01680000,1.07870000,1.01410000,1.05880000,9997725.21028000
2025-05-13 22:00:00,1.05880000,1.06310000,1.03930000,1.04430000,5543266.02198000
2025-05-14 02:00:00,1.04430000,1.05260000,1.02030000,1.02960000,5400457.71910000
2025-05-14 06:00:00,1.02960000,1.04790000,1.02330000,1.03000000,4214064.77432000
2025-05-14 10:00:00,1.03000000,1.03410000,0.99680000,1.01530000,7638387.06100000
2025-05-14 14:00:00,1.01530000,1.13520000,0.99920000,1.05430000,42366580.86688000
2025-05-14 18:00:00,1.05430000,1.05450000,1.01430000,1.03270000,8890586.37774000
2025-05-14 22:00:00,1.03270000,1.03900000,1.00050000,1.00810000,6165730.64717000
2025-05-15 02:00:00,1.00810000,1.03110000,0.99260000,0.99830000,7878967.97007000
2025-05-15 06:00:00,0.99830000,1.00740000,0.95650000,0.95870000,9049521.08037000
2025-05-15 10:00:00,0.95870000,0.98000000,0.95220000,0.96940000,6666519.23510000
2025-05-15 14:00:00,0.96940000,0.99900000,0.95080000,0.99180000,19074433.48348000
2025-05-15 18:00:00,0.99180000,1.01740000,0.97050000,0.98240000,9396844.24948000
2025-05-15 22:00:00,0.98240000,0.98830000,0.94560000,0.96760000,6892278.16056000
2025-05-16 02:00:00,0.96760000,0.99700000,0.96220000,0.99410000,4601129.29047000
2025-05-16 06:00:00,0.99410000,0.99810000,0.98050000,0.98730000,3289829.60340000
2025-05-16 10:00:00,0.98730000,0.99650000,0.96530000,0.98300000,5752747.48508000
2025-05-16 14:00:00,0.98300000,0.98630000,0.96210000,0.97340000,5393357.44264000
2025-05-16 18:00:00,0.97340000,0.98090000,0.95700000,0.96880000,3184601.28888000
2025-05-16 22:00:00,0.96880000,0.97080000,0.93080000,0.93660000,5502031.74684000
2025-05-17 02:00:00,0.93660000,0.93840000,0.90340000,0.92450000,6757371.38833000
2025-05-17 06:00:00,0.92450000,0.93130000,0.91520000,0.92390000,3210317.29683000
2025-05-17 10:00:00,0.92390000,0.92930000,0.90890000,0.91520000,3257232.22522000
2025-05-17 14:00:00,0.91520000,0.92260000,0.90260000,0.91550000,2716277.75669000
2025-05-17 18:00:00,0.91550000,0.92100000,0.90120000,0.91010000,3243313.63251000
2025-05-17 22:00:00,0.91010000,0.92210000,0.90390000,0.91430000,2322282.59104000
2025-05-18 02:00:00,0.91430000,0.92660000,0.91360000,0.91630000,2108502.28277000
2025-05-18 06:00:00,0.91630000,0.93780000,0.91640000,0.93650000,2830162.01521000
2025-05-18 10:00:00,0.93650000,0.94560000,0.92910000,0.92980000,3160454.92387000
2025-05-18 14:00:00,0.92980000,0.97380000,0.92350000,0.97060000,7019461.46449000
2025-05-18 18:00:00,0.97060000,0.97950000,0.91200000,0.91220000,10616339.69118000
2025-05-18 22:00:00,0.91220000,0.96530000,0.89000000,0.95890000,8617304.48765000
2025-05-19 02:00:00,0.95890000,0.97090000,0.90450000,0.90650000,5944220.07793000
2025-05-19 06:00:00,0.90650000,0.91440000,0.88510000,0.90210000,5951514.55067000
2025-05-19 10:00:00,0.90210000,0.90520000,0.88600000,0.89520000,4171220.17356000
2025-05-19 14:00:00,0.89520000,0.92260000,0.88320000,0.91570000,6567266.75427000
2025-05-19 18:00:00,0.91570000,0.93560000,0.90740000,0.92490000,4957791.67451000
2025-05-19 22:00:00,0.92490000,0.93030000,0.91730000,0.92680000,2095642.84215000
2025-05-20 02:00:00,0.92680000,0.95970000,0.92190000,0.94280000,5694500.06725000
2025-05-20 06:00:00,0.94280000,0.95390000,0.93190000,0.93590000,3491339.94608000
2025-05-20 10:00:00,0.93590000,0.94380000,0.92310000,0.92960000,2791293.06719000
2025-05-20 14:00:00,0.92960000,0.93450000,0.91430000,0.93240000,4448759.10451000
2025-05-20 18:00:00,0.93240000,0.94400000,0.91840000,0.93960000,3752508.55212000
2025-05-20 22:00:00,0.93960000,0.95370000,0.93120000,0.94330000,3874746.10389000
2025-05-21 02:00:00,0.94330000,0.95170000,0.93040000,0.94610000,2489158.91944000
2025-05-21 06:00:00,0.94610000,0.96400000,0.94020000,0.94420000,4052673.49627000
2025-05-21 10:00:00,0.94420000,0.95020000,0.93030000,0.94350000,2978934.79971000
2025-05-21 14:00:00,0.94350000,0.97720000,0.93790000,0.97550000,6744644.38363000
2025-05-21 18:00:00,0.97550000,0.99770000,0.94130000,0.96710000,10673857.39755000
2025-05-21 22:00:00,0.96710000,0.99170000,0.95600000,0.97510000,4223552.93862000
2025-05-22 02:00:00,0.97510000,1.00310000,0.97520000,0.99940000,5029333.16040000
2025-05-22 06:00:00,0.99940000,1.00770000,0.99060000,1.00620000,3928006.48624000
2025-05-22 10:00:00,1.00620000,1.02150000,0.99650000,1.00510000,4232870.53576000
2025-05-22 14:00:00,1.00510000,1.02430000,0.99390000,1.01580000,4671628.86437000
2025-05-22 18:00:00,1.01580000,1.02620000,1.00780000,1.01150000,3179680.68926000
2025-05-22 22:00:00,1.01150000,1.02060000,1.00280000,1.01970000,1998198.00519000
2025-05-23 02:00:00,1.01970000,1.05140000,1.01000000,1.04700000,5494160.43973000
2025-05-23 06:00:00,1.04700000,1.04820000,1.00470000,1.01360000,6530702.05055000
2025-05-23 10:00:00,1.01360000,1.04020000,0.97190000,0.97810000,8624561.31278000
2025-05-23 14:00:00,0.97810000,0.99480000,0.94020000,0.97080000,13600291.80529000
2025-05-23 18:00:00,0.97080000,0.98470000,0.96260000,0.96920000,3738374.69258000
2025-05-23 22:00:00,0.96920000,0.96930000,0.92360000,0.93300000,5838488.00810000
2025-05-24 02:00:00,0.93300000,0.95290000,0.92680000,0.95290000,3185551.79673000
2025-05-24 06:00:00,0.95290000,0.95740000,0.94450000,0.94790000,2112449.97281000
2025-05-24 10:00:00,0.94790000,0.96510000,0.94150000,0.95690000,2513107.61709000
2025-05-24 14:00:00,0.95690000,0.96190000,0.95030000,0.95680000,2173947.22718000
2025-05-24 18:00:00,0.95680000,0.96030000,0.94600000,0.94840000,1638293.32012000
2025-05-24 22:00:00,0.94840000,0.95310000,0.93390000,0.93960000,1779662.76060000
2025-05-25 02:00:00,0.93960000,0.94610000,0.92030000,0.94040000,3121261.92550000
2025-05-25 06:00:00,0.94040000,0.94380000,0.92670000,0.92900000,1372024.82802000
2025-05-25 10:00:00,0.92900000,0.92910000,0.91230000,0.91970000,3844893.79251000
2025-05-25 14:00:00,0.91970000,0.92850000,0.90280000,0.91390000,2923282.89292000
2025-05-25 18:00:00,0.91390000,0.92930000,0.90360000,0.92480000,2014611.54150000
2025-05-25 22:00:00,0.92480000,0.95150000,0.91790000,0.94960000,2631974.76212000
2025-05-26 02:00:00,0.94960000,0.96030000,0.94150000,0.95400000,2674415.74837000
2025-05-26 06:00:00,0.95400000,0.97140000,0.94970000,0.97130000,2499570.80757000
2025-05-26 10:00:00,0.97130000,0.97260000,0.94740000,0.95130000,2631430.07807000
2025-05-26 14:00:00,0.95130000,0.95800000,0.93520000,0.95000000,3717004.11611000
2025-05-26 18:00:00,0.95000000,0.95420000,0.92890000,0.93270000,2809743.14390000
2025-05-26 22:00:00,0.93270000,0.94510000,0.92920000,0.93960000,1534844.25918000
2025-05-27 02:00:00,0.93960000,0.94530000,0.91330000,0.93160000,3007326.36849000
2025-05-27 06:00:00,0.93160000,0.94640000,0.92440000,0.94520000,2461568.83611000
2025-05-27 10:00:00,0.94520000,0.95300000,0.94220000,0.94920000,2129300.02759000
2025-05-27 14:00:00,0.94920000,0.96910000,0.93940000,0.95670000,6785443.03411000
2025-05-27 18:00:00,0.95670000,0.97060000,0.95340000,0.96200000,3359031.09698000
2025-05-27 22:00:00,0.96200000,0.96430000,0.94300000,0.94840000,2060094.34436000
2025-05-28 02:00:00,0.94840000,0.95500000,0.93720000,0.94720000,1720965.44838000
2025-05-28 06:00:00,0.94720000,0.95090000,0.93640000,0.94180000,1235769.84848000
2025-05-28 10:00:00,0.94180000,0.95360000,0.93360000,0.95220000,1955066.07357000
2025-05-28 14:00:00,0.95220000,0.96280000,0.91900000,0.92150000,4739036.46125000
2025-05-28 18:00:00,0.92150000,0.93470000,0.90740000,0.90910000,3464003.51869000
2025-05-28 22:00:00,0.90910000,0.93460000,0.90850000,0.93350000,2107970.14525000
2025-05-29 02:00:00,0.93350000,0.95750000,0.92730000,0.94510000,3715188.08944000
2025-05-29 06:00:00,0.94510000,0.94630000,0.92330000,0.93360000,2742250.21474000
2025-05-29 10:00:00,0.93360000,0.94220000,0.92890000,0.94040000,2769817.09002000
2025-05-29 14:00:00,0.94040000,0.94160000,0.90920000,0.91460000,6100507.85336000
2025-05-29 18:00:00,0.91460000,0.91770000,0.89890000,0.90250000,5135908.83619000
2025-05-29 22:00:00,0.90250000,0.91600000,0.89330000,0.89960000,3480971.21356000
2025-05-30 02:00:00,0.89960000,0.90440000,0.84320000,0.87550000,9397222.28613000
2025-05-30 06:00:00,0.87550000,0.88040000,0.85810000,0.86250000,3712699.81639000
2025-05-30 10:00:00,0.86250000,0.87190000,0.85320000,0.86650000,3929716.31271000
2025-05-30 14:00:00,0.86650000,0.86970000,0.84890000,0.85420000,5191963.34959000
2025-05-30 18:00:00,0.85420000,0.85730000,0.81350000,0.84680000,8021559.69225000
2025-05-30 22:00:00,0.84680000,0.84920000,0.80660000,0.81740000,5919907.39940000
2025-05-31 02:00:00,0.81740000,0.81910000,0.78320000,0.79640000,7150048.05366000
2025-05-31 06:00:00,0.79640000,0.81370000,0.78840000,0.81190000,2436452.75017000
2025-05-31 10:00:00,0.81190000,0.81490000,0.80160000,0.80450000,2133243.72661000
2025-05-31 14:00:00,0.80450000,0.82960000,0.80280000,0.82150000,3501966.57698000
2025-05-31 18:00:00,0.82150000,0.84080000,0.81870000,0.83740000,2624543.14876000
2025-05-31 22:00:00,0.83740000,0.84180000,0.83020000,0.83110000,1978412.87076000
2025-06-01 02:00:00,0.83110000,0.83540000,0.81790000,0.82350000,2034167.15653000
2025-06-01 06:00:00,0.82350000,0.83560000,0.82070000,0.82600000,1576411.12195000
2025-06-01 10:00:00,0.82600000,0.82860000,0.80680000,0.81830000,2650422.07998000
2025-06-01 14:00:00,0.81830000,0.83110000,0.81050000,0.82830000,1847802.03139000
2025-06-01 18:00:00,0.82830000,0.83920000,0.82040000,0.83270000,2734028.27999000
2025-06-01 22:00:00,0.83270000,0.84720000,0.82850000,0.84400000,2169429.56730000
2025-06-02 02:00:00,0.84400000,0.85050000,0.82830000,0.82990000,3042962.87825000
2025-06-02 06:00:00,0.82990000,0.84020000,0.82220000,0.83380000,2064724.02525000
2025-06-02 10:00:00,0.83380000,0.83930000,0.81770000,0.82490000,3248884.17704000
2025-06-02 14:00:00,0.82490000,0.83730000,0.82010000,0.83260000,2843790.67430000
2025-06-02 18:00:00,0.83260000,0.83740000,0.82140000,0.82680000,1827911.17470000
2025-06-02 22:00:00,0.82680000,0.85490000,0.82680000,0.85020000,2290875.37907000
2025-06-03 02:00:00,0.85020000,0.86890000,0.84740000,0.85090000,2855753.14928000
2025-06-03 06:00:00,0.85090000,0.85590000,0.84470000,0.84960000,1312040.08500000
2025-06-03 10:00:00,0.84960000,0.85880000,0.84280000,0.85630000,1290694.68688000
2025-06-03 14:00:00,0.85630000,0.86920000,0.85340000,0.86270000,2985217.12332000
2025-06-03 18:00:00,0.86270000,0.86410000,0.85320000,0.86140000,1721045.82608000
2025-06-03 22:00:00,0.86140000,0.86230000,0.83950000,0.84990000,1950404.33924000
2025-06-04 02:00:00,0.84990000,0.86080000,0.84350000,0.85560000,1220962.23644000
2025-06-04 06:00:00,0.85560000,0.85840000,0.84660000,0.84980000,1050744.62943000
2025-06-04 10:00:00,0.84980000,0.85720000,0.84060000,0.84090000,1661040.78430000
2025-06-04 14:00:00,0.84090000,0.85120000,0.83010000,0.84870000,2717341.21426000
2025-06-04 18:00:00,0.84870000,0.84940000,0.83610000,0.83640000,1882536.38928000
2025-06-04 22:00:00,0.83640000,0.83900000,0.82440000,0.83090000,1856124.14716000
2025-06-05 02:00:00,0.83090000,0.83650000,0.82480000,0.83060000,1282342.43494000
2025-06-05 06:00:00,0.83060000,0.83430000,0.81790000,0.82230000,1829158.26585000
2025-06-05 10:00:00,0.82230000,0.82770000,0.81430000,0.82030000,1277627.76495000
2025-06-05 14:00:00,0.82030000,0.83780000,0.80770000,0.82020000,4484782.89188000
2025-06-05 18:00:00,0.82020000,0.82110000,0.78440000,0.79020000,4850191.05767000
2025-06-05 22:00:00,0.79020000,0.79210000,0.75700000,0.77440000,8392777.10705000
2025-06-06 02:00:00,0.77440000,0.79450000,0.76740000,0.79330000,2497880.96945000
2025-06-06 06:00:00,0.79330000,0.80300000,0.79050000,0.79740000,1920487.79828000
2025-06-06 10:00:00,0.79740000,0.80620000,0.79760000,0.80220000,1286242.22786000
2025-06-06 14:00:00,0.80220000,0.82220000,0.80100000,0.81600000,2895778.52711000
2025-06-06 18:00:00,0.81600000,0.81820000,0.79910000,0.80240000,2579565.96272000
2025-06-06 22:00:00,0.80240000,0.80990000,0.80020000,0.80480000,1242016.38651000
2025-06-07 02:00:00,0.80480000,0.82160000,0.80150000,0.82060000,1314667.22288000
2025-06-07 06:00:00,0.82060000,0.83210000,0.81790000,0.82840000,1727777.18250000
2025-06-07 10:00:00,0.82840000,0.83660000,0.82630000,0.83450000,1390798.44193000
2025-06-07 14:00:00,0.83450000,0.84270000,0.83090000,0.83310000,2113572.90515000
2025-06-07 18:00:00,0.83310000,0.83490000,0.82380000,0.83230000,1555417.19571000
2025-06-07 22:00:00,0.83230000,0.83960000,0.83200000,0.83560000,908482.73152000
2025-06-08 02:00:00,0.83560000,0.83670000,0.82800000,0.83140000,830736.64261000
2025-06-08 06:00:00,0.83140000,0.83480000,0.82520000,0.82630000,810030.14482000
2025-06-08 10:00:00,0.82630000,0.83280000,0.81780000,0.83160000,1608862.50677000
2025-06-08 14:00:00,0.83160000,0.83690000,0.82310000,0.83160000,1514692.87460000
2025-06-08 18:00:00,0.83160000,0.84240000,0.83180000,0.84210000,1247230.17634000
2025-06-08 22:00:00,0.84210000,0.84740000,0.82860000,0.83150000,1684538.73097000
2025-06-09 02:00:00,0.83150000,0.83320000,0.82180000,0.82890000,1281611.68832000
2025-06-09 06:00:00,0.82890000,0.82960000,0.81770000,0.82280000,1052186.93857000
2025-06-09 10:00:00,0.82280000,0.84650000,0.82070000,0.84630000,2329427.18418000
2025-06-09 14:00:00,0.84630000,0.84850000,0.83620000,0.84030000,2718455.27398000
2025-06-09 18:00:00,0.84030000,0.85150000,0.83960000,0.84310000,2368620.71517000
2025-06-09 22:00:00,0.84310000,0.87780000,0.84310000,0.87490000,4030288.05666000
2025-06-10 02:00:00,0.87490000,0.88430000,0.86890000,0.86960000,2818975.85430000
2025-06-10 06:00:00,0.86960000,0.87390000,0.85750000,0.87050000,1862645.52249000
2025-06-10 10:00:00,0.87050000,0.89810000,0.86680000,0.89620000,2637528.46052000
2025-06-10 14:00:00,0.89620000,0.90550000,0.86860000,0.88130000,6138812.98180000
2025-06-10 18:00:00,0.88130000,0.89660000,0.87240000,0.88760000,2707923.34301000
2025-06-10 22:00:00,0.88760000,0.89930000,0.87910000,0.89890000,2420523.24872000
2025-06-11 02:00:00,0.89890000,0.90080000,0.87760000,0.88880000,2053511.87240000
2025-06-11 06:00:00,0.88880000,0.90220000,0.88240000,0.89850000,2361381.99431000
2025-06-11 10:00:00,0.89850000,0.90360000,0.87950000,0.88310000,2879365.93211000
2025-06-11 14:00:00,0.88310000,0.91910000,0.87930000,0.91670000,7056362.73288000
2025-06-11 18:00:00,0.91670000,0.92030000,0.88550000,0.88750000,4137112.61056000
2025-06-11 22:00:00,0.88750000,0.89160000,0.85420000,0.86620000,4325463.32651000
2025-06-12 02:00:00,0.86620000,0.86790000,0.84860000,0.85060000,2817692.83122000
2025-06-12 06:00:00,0.85060000,0.85460000,0.84240000,0.84470000,2506839.55541000
2025-06-12 10:00:00,0.84470000,0.84670000,0.83150000,0.83380000,2747681.74210000
2025-06-12 14:00:00,0.83380000,0.85840000,0.83180000,0.83740000,4455206.23678000
2025-06-12 18:00:00,0.83740000,0.85830000,0.82400000,0.82690000,4489992.50493000
2025-06-12 22:00:00,0.82690000,0.83060000,0.80560000,0.81300000,4278631.27005000
2025-06-13 02:00:00,0.81300000,0.81360000,0.75020000,0.78060000,11171632.23014000
2025-06-13 06:00:00,0.78060000,0.78320000,0.76520000,0.77860000,3576150.07045000
2025-06-13 10:00:00,0.77860000,0.78890000,0.77030000,0.78070000,2824997.23569000
2025-06-13 14:00:00,0.78070000,0.79300000,0.76820000,0.78790000,3820891.73817000
2025-06-13 18:00:00,0.78790000,0.79990000,0.77180000,0.77730000,3507690.39101000
2025-06-13 22:00:00,0.77730000,0.79770000,0.77530000,0.79660000,1470401.51137000
2025-06-14 02:00:00,0.79660000,0.79850000,0.78770000,0.79170000,1426898.82968000
2025-06-14 06:00:00,0.79170000,0.79680000,0.78580000,0.79050000,933000.11037000
2025-06-14 10:00:00,0.79050000,0.79850000,0.78620000,0.79510000,1415761.12166000
2025-06-14 14:00:00,0.79510000,0.79680000,0.78020000,0.78390000,1226440.37011000
2025-06-14 18:00:00,0.78390000,0.78620000,0.76820000,0.77340000,1726201.45390000
2025-06-14 22:00:00,0.77340000,0.78770000,0.76780000,0.78470000,1403863.11244000
2025-06-15 02:00:00,0.78470000,0.79060000,0.78360000,0.78780000,573599.33910000
2025-06-15 06:00:00,0.78780000,0.79770000,0.78410000,0.78600000,1078577.34404000
2025-06-15 10:00:00,0.78600000,0.78690000,0.77530000,0.78060000,1357675.51251000
2025-06-15 14:00:00,0.78060000,0.79380000,0.77830000,0.78590000,1542333.42894000
2025-06-15 18:00:00,0.78590000,0.79370000,0.78290000,0.78600000,1356156.51114000
2025-06-15 22:00:00,0.78600000,0.79380000,0.77410000,0.79180000,1584567.66386000
2025-06-16 02:00:00,0.79180000,0.80900000,0.78510000,0.80250000,1830173.83253000
2025-06-16 06:00:00,0.80250000,0.82560000,0.80210000,0.82460000,2887861.92113000
2025-06-16 10:00:00,0.82460000,0.82770000,0.81070000,0.82010000,1791668.74494000
2025-06-16 14:00:00,0.82010000,0.83470000,0.81670000,0.82440000,2808484.24770000
2025-06-16 18:00:00,0.82440000,0.83910000,0.82420000,0.83610000,2189045.01976000
2025-06-16 22:00:00,0.83610000,0.84020000,0.78910000,0.79160000,6528592.14718000
2025-06-17 02:00:00,0.79160000,0.79740000,0.76770000,0.78900000,6121865.29044000
2025-06-17 06:00:00,0.78900000,0.79180000,0.76970000,0.77140000,3138617.22806000
2025-06-17 10:00:00,0.77140000,0.77380000,0.75920000,0.76360000,3908054.12638000
2025-06-17 14:00:00,0.76360000,0.77120000,0.73690000,0.74460000,5174723.61716000
2025-06-17 18:00:00,0.74460000,0.75290000,0.72680000,0.74810000,4734230.36369000
2025-06-17 22:00:00,0.74810000,0.75130000,0.73620000,0.74310000,2491670.02473000
2025-06-18 02:00:00,0.74310000,0.75520000,0.74190000,0.75290000,2280188.99412000
2025-06-18 06:00:00,0.75290000,0.76420000,0.74970000,0.75360000,1960617.49608000
2025-06-18 10:00:00,0.75360000,0.75810000,0.72720000,0.73920000,2521962.41807000
2025-06-18 14:00:00,0.73920000,0.74850000,0.72000000,0.74260000,3874445.68869000
2025-06-18 18:00:00,0.74260000,0.75380000,0.73160000,0.73970000,4914562.75762000
2025-06-18 22:00:00,0.73970000,0.78580000,0.73750000,0.77570000,6995792.44833000
2025-06-19 02:00:00,0.77570000,0.78550000,0.76760000,0.78010000,3741279.99085000
2025-06-19 06:00:00,0.78010000,0.78590000,0.77440000,0.77830000,2067336.41586000
2025-06-19 10:00:00,0.77830000,0.79160000,0.77770000,0.77900000,2938641.66034000
2025-06-19 14:00:00,0.77900000,0.78320000,0.75990000,0.76340000,5593566.38502000
2025-06-19 18:00:00,0.76340000,0.77350000,0.75730000,0.76450000,2404202.34130000
2025-06-19 22:00:00,0.76450000,0.77580000,0.76050000,0.76810000,2083864.92823000
2025-06-20 02:00:00,0.76810000,0.77290000,0.76260000,0.76300000,2014699.28311000
2025-06-20 06:00:00,0.76300000,0.77530000,0.75550000,0.77460000,2195975.62280000
2025-06-20 10:00:00,0.77460000,0.78020000,0.76920000,0.77600000,2073333.85945000
2025-06-20 14:00:00,0.77600000,0.78140000,0.74640000,0.75060000,4918322.90600000
2025-06-20 18:00:00,0.75060000,0.75170000,0.72160000,0.74020000,5744615.40076000
2025-06-20 22:00:00,0.74020000,0.74780000,0.72610000,0.73550000,1806948.04403000
2025-06-21 02:00:00,0.73550000,0.74480000,0.73340000,0.74140000,931161.59661000
2025-06-21 06:00:00,0.74140000,0.74200000,0.73610000,0.73810000,698331.87345000
2025-06-21 10:00:00,0.73810000,0.74280000,0.73610000,0.73890000,923745.96234000
2025-06-21 14:00:00,0.73890000,0.74040000,0.72050000,0.72580000,2180787.90175000
2025-06-21 18:00:00,0.72580000,0.72920000,0.68980000,0.69010000,4345676.50119000
2025-06-21 22:00:00,0.69010000,0.70130000,0.67460000,0.69340000,5874536.40246000
2025-06-22 02:00:00,0.69340000,0.70640000,0.67850000,0.68530000,4678835.22069000
2025-06-22 06:00:00,0.68530000,0.69640000,0.68310000,0.68530000,2256843.63282000
2025-06-22 10:00:00,0.68530000,0.68670000,0.66820000,0.67260000,3226786.07428000
2025-06-22 14:00:00,0.67260000,0.67720000,0.63450000,0.63740000,11294652.33787000
2025-06-22 18:00:00,0.63740000,0.65490000,0.63520000,0.63750000,3311529.14030000
2025-06-22 22:00:00,0.63750000,0.67270000,0.62140000,0.67220000,5599049.27017000
2025-06-23 02:00:00,0.67220000,0.67940000,0.66750000,0.67470000,2603975.72807000
2025-06-23 06:00:00,0.67470000,0.69100000,0.67310000,0.68190000,2242119.19158000
2025-06-23 10:00:00,0.68190000,0.68480000,0.66440000,0.66990000,2430726.87570000
2025-06-23 14:00:00,0.66990000,0.69290000,0.66550000,0.67110000,4133363.43357000
2025-06-23 18:00:00,0.67110000,0.70220000,0.64990000,0.69950000,7092748.15832000
2025-06-23 22:00:00,0.69950000,0.77210000,0.69830000,0.75490000,10500795.08651000
2025-06-24 02:00:00,0.75490000,0.76050000,0.74420000,0.75000000,4752271.05848000
2025-06-24 06:00:00,0.75000000,0.78870000,0.74940000,0.76780000,4205217.22101000
2025-06-24 10:00:00,0.76780000,0.77730000,0.75790000,0.76990000,4946714.85360000
2025-06-24 14:00:00,0.76990000,0.78240000,0.76360000,0.77620000,4317565.44034000
2025-06-24 18:00:00,0.77620000,0.79420000,0.76350000,0.77250000,4383894.66358000
2025-06-24 22:00:00,0.77250000,0.78340000,0.76800000,0.78340000,2219026.91825000
2025-06-25 02:00:00,0.78340000,0.78740000,0.77270000,0.78140000,2472861.47340000
2025-06-25 06:00:00,0.78140000,0.78650000,0.77280000,0.78480000,1645142.84587000
2025-06-25 10:00:00,0.78480000,0.78580000,0.76990000,0.78030000,2077386.82437000
2025-06-25 14:00:00,0.78030000,0.78730000,0.75910000,0.76040000,4141248.18489000
2025-06-25 18:00:00,0.76040000,0.77060000,0.75510000,0.76750000,3136111.69690000
2025-06-25 22:00:00,0.76750000,0.77150000,0.75230000,0.75910000,1350134.51301000
2025-06-26 02:00:00,0.75910000,0.77880000,0.75130000,0.76490000,2482448.28270000
2025-06-26 06:00:00,0.76490000,0.76920000,0.75490000,0.76520000,1252332.65077000
2025-06-26 10:00:00,0.76520000,0.77170000,0.74630000,0.74820000,2162156.23904000
2025-06-26 14:00:00,0.74820000,0.74940000,0.73080000,0.73790000,3453195.12278000
2025-06-26 18:00:00,0.73790000,0.74450000,0.72950000,0.74050000,3016461.70077000
2025-06-26 22:00:00,0.74050000,0.75370000,0.72910000,0.73320000,4459482.93866000
2025-06-27 02:00:00,0.73320000,0.74200000,0.72150000,0.73900000,2095760.68013000
2025-06-27 06:00:00,0.73900000,0.74570000,0.73190000,0.73360000,1336013.38584000
2025-06-27 10:00:00,0.73360000,0.74600000,0.73240000,0.74040000,1142900.33170000
2025-06-27 14:00:00,0.74040000,0.74930000,0.73040000,0.74720000,2203564.93020000
2025-06-27 18:00:00,0.74720000,0.75840000,0.72930000,0.73760000,2564130.57777000
2025-06-27 22:00:00,0.73760000,0.74920000,0.73650000,0.74640000,1103181.74670000
2025-06-28 02:00:00,0.74640000,0.75010000,0.74180000,0.74630000,664989.72086000
2025-06-28 06:00:00,0.74630000,0.75290000,0.74230000,0.75240000,837968.62630000
2025-06-28 10:00:00,0.75240000,0.75650000,0.74780000,0.75180000,882495.04341000
2025-06-28 14:00:00,0.75180000,0.75610000,0.74520000,0.75540000,1176046.54982000
2025-06-28 18:00:00,0.75540000,0.76470000,0.75190000,0.75980000,1683307.21817000
2025-06-28 22:00:00,0.75980000,0.76570000,0.75400000,0.76060000,1069789.87526000
2025-06-29 02:00:00,0.76060000,0.77120000,0.75560000,0.75770000,2705803.09174000
2025-06-29 06:00:00,0.75770000,0.76640000,0.75640000,0.76610000,805053.06848000
2025-06-29 10:00:00,0.76610000,0.77340000,0.76340000,0.77140000,1771942.43733000
2025-06-29 14:00:00,0.77140000,0.77310000,0.75920000,0.76090000,1993305.25997000
2025-06-29 18:00:00,0.76090000,0.76900000,0.75710000,0.76680000,1281981.75031000
2025-06-29 22:00:00,0.76680000,0.79960000,0.76130000,0.79130000,3864979.22997000
2025-06-30 02:00:00,0.79130000,0.79700000,0.77680000,0.78130000,2009785.61420000
2025-06-30 06:00:00,0.78130000,0.78210000,0.76520000,0.77490000,1424381.13623000
2025-06-30 10:00:00,0.77490000,0.77740000,0.76380000,0.76540000,1260808.39136000
2025-06-30 14:00:00,0.76540000,0.77320000,0.75210000,0.76730000,3598395.08571000
2025-06-30 18:00:00,0.76730000,0.78780000,0.76430000,0.78710000,1990828.90362000
2025-06-30 22:00:00,0.78710000,0.78850000,0.76690000,0.76840000,1532385.80624000
2025-07-01 02:00:00,0.76840000,0.77180000,0.75980000,0.76420000,1080382.52105000
2025-07-01 06:00:00,0.76420000,0.76420000,0.74740000,0.75740000,1731674.96629000
2025-07-01 10:00:00,0.75740000,0.76100000,0.74790000,0.75040000,1414693.41127000
2025-07-01 14:00:00,0.75040000,0.75580000,0.73900000,0.74550000,2465596.91814000
2025-07-01 18:00:00,0.74550000,0.75010000,0.73480000,0.73490000,1506986.23132000
2025-07-01 22:00:00,0.73490000,0.74370000,0.73270000,0.74100000,947358.56586000
2025-07-02 02:00:00,0.74100000,0.74990000,0.73340000,0.74770000,1087487.98527000
2025-07-02 06:00:00,0.74770000,0.76320000,0.74550000,0.76010000,1776068.71551000
2025-07-02 10:00:00,0.76010000,0.76880000,0.75830000,0.76270000,1452381.16875000
2025-07-02 14:00:00,0.76270000,0.78390000,0.75720000,0.78230000,2166773.68905000
2025-07-02 18:00:00,0.78230000,0.80210000,0.78110000,0.80080000,6093359.38783000
2025-07-02 22:00:00,0.80080000,0.80420000,0.78460000,0.78540000,2184896.15098000
2025-07-03 02:00:00,0.78540000,0.79350000,0.78200000,0.78620000,1515607.25345000
2025-07-03 06:00:00,0.78620000,0.80760000,0.78480000,0.80540000,3180609.65062000
2025-07-03 10:00:00,0.80540000,0.81430000,0.79720000,0.80270000,3155965.07452000
2025-07-03 14:00:00,0.80270000,0.81360000,0.77880000,0.78030000,5909912.69654000
2025-07-03 18:00:00,0.78030000,0.79710000,0.77960000,0.79610000,4100120.38476000
2025-07-03 22:00:00,0.79610000,0.80310000,0.79440000,0.79660000,1374496.33302000
2025-07-04 02:00:00,0.79660000,0.80400000,0.78500000,0.78510000,1479215.98621000
2025-07-04 06:00:00,0.78510000,0.78770000,0.76790000,0.76950000,3097891.55743000
2025-07-04 10:00:00,0.76950000,0.78020000,0.76410000,0.77750000,1120410.88764000
2025-07-04 14:00:00,0.77750000,0.79690000,0.76660000,0.77270000,6399529.65087000
2025-07-04 18:00:00,0.77270000,0.77810000,0.76190000,0.76570000,2527931.37963000
2025-07-04 22:00:00,0.76570000,0.77990000,0.76480000,0.77380000,1344304.65443000
2025-07-05 02:00:00,0.77380000,0.78030000,0.76680000,0.77720000,1008730.41495000
2025-07-05 06:00:00,0.77720000,0.78430000,0.77040000,0.77780000,1420869.60567000
2025-07-05 10:00:00,0.77780000,0.78090000,0.77050000,0.77970000,976138.43168000
2025-07-05 14:00:00,0.77970000,0.78060000,0.77190000,0.77490000,1404776.00910000
2025-07-05 18:00:00,0.77490000,0.78010000,0.76580000,0.77490000,1439628.47449000
2025-07-05 22:00:00,0.77490000,0.78380000,0.77280000,0.78170000,729530.14084000
2025-07-06 02:00:00,0.78170000,0.78240000,0.77430000,0.77630000,679195.06123000
2025-07-06 06:00:00,0.77630000,0.77970000,0.77250000,0.77570000,647278.61104000
2025-07-06 10:00:00,0.77570000,0.78020000,0.77160000,0.77810000,742995.85470000
2025-07-06 14:00:00,0.77810000,0.79650000,0.77630000,0.78880000,2588566.64178000
2025-07-06 18:00:00,0.78880000,0.79740000,0.78630000,0.79420000,1558566.87258000
2025-07-06 22:00:00,0.79420000,0.80760000,0.79220000,0.79590000,2450847.94768000
2025-07-07 02:00:00,0.79590000,0.80370000,0.78910000,0.79590000,1015951.84736000
2025-07-07 06:00:00,0.79590000,0.81440000,0.79030000,0.79830000,3736849.07823000
2025-07-07 10:00:00,0.79830000,0.79860000,0.78600000,0.78950000,2145480.94316000
2025-07-07 14:00:00,0.78950000,0.79510000,0.78120000,0.78300000,2113991.01320000
2025-07-07 18:00:00,0.78300000,0.78570000,0.77100000,0.77710000,2021728.96606000
2025-07-07 22:00:00,0.77710000,0.78060000,0.76730000,0.77940000,1263304.18069000
2025-07-08 02:00:00,0.77940000,0.78350000,0.76910000,0.77420000,1210454.65343000
2025-07-08 06:00:00,0.77420000,0.78200000,0.77110000,0.78140000,865395.89237000
2025-07-08 10:00:00,0.78140000,0.79100000,0.77800000,0.78660000,1334526.26410000
2025-07-08 14:00:00,0.78660000,0.79720000,0.78490000,0.78750000,1774088.22393000
2025-07-08 18:00:00,0.78750000,0.80550000,0.78620000,0.80130000,2259773.06976000
2025-07-08 22:00:00,0.80130000,0.80270000,0.79820000,0.80140000,1034982.69206000
2025-07-09 02:00:00,0.80140000,0.80230000,0.79220000,0.79290000,1217854.60493000
2025-07-09 06:00:00,0.79290000,0.80660000,0.79170000,0.80420000,1907021.30370000
2025-07-09 10:00:00,0.80420000,0.81240000,0.80160000,0.81030000,1712498.31948000
2025-07-09 14:00:00,0.81030000,0.82490000,0.80770000,0.81550000,3412299.89875000
2025-07-09 18:00:00,0.81550000,0.83960000,0.80930000,0.83540000,3435494.68829000
2025-07-09 22:00:00,0.83540000,0.83830000,0.82330000,0.83240000,2942447.21053000
2025-07-10 02:00:00,0.83240000,0.84280000,0.82580000,0.84110000,2699728.35664000
2025-07-10 06:00:00,0.84110000,0.85530000,0.83620000,0.84930000,2505218.40001000
2025-07-10 10:00:00,0.84930000,0.85580000,0.84430000,0.84740000,2453050.32777000
2025-07-10 14:00:00,0.84740000,0.84790000,0.83670000,0.84190000,2692705.13392000
2025-07-10 18:00:00,0.84190000,0.87530000,0.84140000,0.86750000,5573971.19385000
2025-07-10 22:00:00,0.86750000,0.90120000,0.86720000,0.89390000,5441376.32055000
2025-07-11 02:00:00,0.89390000,0.90710000,0.87520000,0.90570000,3208504.62141000
2025-07-11 06:00:00,0.90570000,0.92730000,0.89500000,0.89940000,5545501.59013000
2025-07-11 10:00:00,0.89940000,0.92180000,0.89890000,0.91440000,3548573.23396000
2025-07-11 14:00:00,0.91440000,0.93850000,0.90240000,0.90590000,7781766.76941000
2025-07-11 18:00:00,0.90590000,0.92160000,0.89660000,0.92160000,4701900.59230000
2025-07-11 22:00:00,0.92160000,0.92290000,0.86920000,0.88490000,5302533.55143000
2025-07-12 02:00:00,0.88490000,0.91060000,0.87160000,0.89820000,2500301.29825000
2025-07-12 06:00:00,0.89820000,0.90060000,0.87890000,0.89040000,1698487.70283000
2025-07-12 10:00:00,0.89040000,0.90180000,0.88370000,0.89050000,1741370.31985000
2025-07-12 14:00:00,0.89050000,0.89220000,0.85220000,0.85910000,4235616.30472000
2025-07-12 18:00:00,0.85910000,0.87710000,0.85560000,0.87290000,1484912.35135000
2025-07-12 22:00:00,0.87290000,0.87690000,0.85950000,0.87380000,1189327.69733000
2025-07-13 02:00:00,0.87380000,0.88240000,0.87080000,0.87870000,1165991.53525000
2025-07-13 06:00:00,0.87870000,0.89670000,0.87450000,0.89540000,2424542.91623000
2025-07-13 10:00:00,0.89540000,0.91090000,0.88740000,0.90340000,3749358.35794000
2025-07-13 14:00:00,0.90340000,0.92850000,0.90040000,0.90840000,8454869.80755000
2025-07-13 18:00:00,0.90840000,0.91840000,0.90050000,0.90550000,2689350.58059000
2025-07-13 22:00:00,0.90550000,0.91280000,0.88870000,0.90420000,2510797.47545000
2025-07-14 02:00:00,0.90420000,0.94030000,0.89970000,0.93540000,3950514.95118000
2025-07-14 06:00:00,0.93540000,0.96140000,0.92260000,0.95520000,6777197.13247000
2025-07-14 10:00:00,0.95520000,0.95680000,0.93420000,0.94630000,5532618.84185000
2025-07-14 14:00:00,0.94630000,0.95650000,0.90170000,0.91070000,16577272.90997000
2025-07-14 18:00:00,0.91070000,0.91760000,0.89050000,0.89790000,13875017.53574000
2025-07-14 22:00:00,0.89790000,0.93910000,0.88840000,0.92240000,11231702.54072000
2025-07-15 02:00:00,0.92240000,0.92760000,0.88040000,0.89090000,7332818.18071000
2025-07-15 06:00:00,0.89090000,0.90640000,0.88170000,0.89290000,3210587.18515000
2025-07-15 10:00:00,0.89290000,0.90830000,0.88400000,0.90460000,2953592.58274000
2025-07-15 14:00:00,0.90460000,0.93490000,0.89000000,0.91780000,11394687.88248000
2025-07-15 18:00:00,0.91780000,0.94330000,0.91360000,0.91490000,7630542.17447000
2025-07-15 22:00:00,0.91490000,0.94540000,0.91170000,0.93890000,5771629.28963000
2025-07-16 02:00:00,0.93890000,0.94810000,0.92360000,0.93580000,3357376.04590000
2025-07-16 06:00:00,0.93580000,0.95110000,0.92810000,0.94820000,2532896.44609000
2025-07-16 10:00:00,0.94820000,0.95540000,0.93960000,0.94470000,2742989.53602000
2025-07-16 14:00:00,0.94470000,0.96540000,0.94050000,0.95090000,5898192.14714000
2025-07-16 18:00:00,0.95090000,0.97660000,0.94730000,0.96640000,5572659.16434000
2025-07-16 22:00:00,0.96640000,0.98270000,0.95190000,0.95920000,4937852.43594000
2025-07-17 02:00:00,0.95920000,0.97090000,0.93090000,0.93910000,4934413.53144000
2025-07-17 06:00:00,0.93910000,0.96780000,0.93690000,0.96390000,4210719.59652000
2025-07-17 10:00:00,0.96390000,0.98500000,0.95790000,0.96570000,4762161.96622000
2025-07-17 14:00:00,0.96570000,1.04960000,0.96570000,1.03680000,21451846.56473000
2025-07-17 18:00:00,1.03680000,1.04240000,1.00840000,1.01310000,8634474.28365000
2025-07-17 22:00:00,1.01310000,1.06220000,0.99580000,1.03470000,12811126.48661000
2025-07-18 02:00:00,1.03470000,1.07870000,1.02420000,1.06740000,8980269.16663000
2025-07-18 06:00:00,1.06740000,1.09270000,1.04610000,1.04740000,9356590.68994000
2025-07-18 10:00:00,1.04740000,1.06290000,1.03200000,1.04160000,7289172.75134000
2025-07-18 14:00:00,1.04160000,1.06460000,1.00890000,1.01970000,8568367.22018000
2025-07-18 18:00:00,1.01970000,1.03530000,1.00520000,1.01220000,4186796.39678000
2025-07-18 22:00:00,1.01220000,1.01690000,0.98360000,1.00690000,5785260.66053000
2025-07-19 02:00:00,1.00690000,1.03070000,0.98900000,1.02370000,3131569.61172000
2025-07-19 06:00:00,1.02370000,1.03470000,1.01970000,1.02530000,2669305.69655000
2025-07-19 10:00:00,1.02530000,1.02780000,1.00460000,1.00860000,2643085.93547000
2025-07-19 14:00:00,1.00860000,1.02580000,0.99040000,1.02230000,4778833.63182000
2025-07-19 18:00:00,1.02230000,1.03060000,1.01410000,1.02770000,2930367.35147000
2025-07-19 22:00:00,1.02770000,1.03830000,1.01320000,1.03110000,3064855.73915000
2025-07-20 02:00:00,1.03110000,1.03980000,1.02140000,1.03300000,3420896.25509000
2025-07-20 06:00:00,1.03300000,1.04670000,1.02950000,1.04230000,3154646.08375000
2025-07-20 10:00:00,1.04230000,1.06860000,1.04230000,1.06160000,4851353.71146000
2025-07-20 14:00:00,1.06160000,1.07680000,1.05470000,1.07500000,4615514.53386000
2025-07-20 18:00:00,1.07500000,1.08260000,1.05810000,1.06700000,5883454.66843000
2025-07-20 22:00:00,1.06700000,1.06820000,1.02640000,1.04780000,5858358.22180000
2025-07-21 02:00:00,1.04780000,1.06390000,1.02630000,1.06050000,4314708.13751000
2025-07-21 06:00:00,1.06050000,1.08440000,1.05510000,1.07930000,4389320.89583000
2025-07-21 10:00:00,1.07930000,1.09150000,1.06310000,1.08790000,4755599.20986000
2025-07-21 14:00:00,1.08790000,1.12880000,1.08110000,1.10360000,14218124.40934000
2025-07-21 18:00:00,1.10360000,1.10640000,1.05640000,1.06030000,10514345.60208000
2025-07-21 22:00:00,1.06030000,1.08210000,1.05450000,1.07520000,3918979.47536000
2025-07-22 02:00:00,1.07520000,1.10120000,1.04080000,1.06670000,8860282.41691000
2025-07-22 06:00:00,1.06670000,1.07050000,1.03110000,1.05520000,5963478.72661000
2025-07-22 10:00:00,1.05520000,1.05620000,1.02050000,1.05510000,7231425.63706000
2025-07-22 14:00:00,1.05510000,1.06680000,1.02710000,1.05390000,10343717.91912000
2025-07-22 18:00:00,1.05390000,1.07090000,1.04310000,1.04700000,6717949.06424000
2025-07-22 22:00:00,1.04700000,1.17020000,1.04420000,1.14410000,18351563.45651000
2025-07-23 02:00:00,1.14410000,1.14770000,1.09850000,1.10270000,11629637.10665000
2025-07-23 06:00:00,1.10270000,1.12450000,1.09880000,1.10490000,8221061.77700000
2025-07-23 10:00:00,1.10490000,1.10800000,1.06700000,1.07450000,7076752.02889000
2025-07-23 14:00:00,1.07450000,1.07870000,1.00440000,1.04600000,17278795.70664000
2025-07-23 18:00:00,1.04600000,1.04610000,0.99700000,1.02020000,9651458.62150000
2025-07-23 22:00:00,1.02020000,1.04330000,0.98760000,1.02980000,9681052.15049000
2025-07-24 02:00:00,1.02980000,1.04530000,1.02060000,1.03220000,6255595.98623000
2025-07-24 06:00:00,1.03220000,1.03380000,0.94840000,0.99090000,11987047.00808000
2025-07-24 10:00:00,0.99090000,1.02710000,0.98400000,1.02240000,7432745.22589000
2025-07-24 14:00:00,1.02240000,1.06270000,1.00770000,1.05790000,13159855.32418000
2025-07-24 18:00:00,1.05790000,1.07980000,1.03570000,1.05540000,11276155.32471000
2025-07-24 22:00:00,1.05540000,1.06080000,1.01300000,1.01780000,8595068.68352000
2025-07-25 02:00:00,1.01780000,1.01820000,0.98090000,0.99290000,7159128.73180000
2025-07-25 06:00:00,0.99290000,1.00830000,0.97910000,0.99910000,6099734.24225000
2025-07-25 10:00:00,0.99910000,1.03950000,0.99790000,1.02840000,7793403.28813000
2025-07-25 14:00:00,1.02840000,1.03950000,0.98820000,1.00250000,7835145.61613000
2025-07-25 18:00:00,1.00250000,1.02110000,0.99540000,1.01510000,3900661.04153000
2025-07-25 22:00:00,1.01510000,1.04130000,1.01310000,1.03770000,3738098.42559000
2025-07-26 02:00:00,1.03770000,1.04830000,1.03160000,1.04290000,2382777.05043000
2025-07-26 06:00:00,1.04290000,1.05110000,1.04090000,1.04140000,2768707.31618000
2025-07-26 10:00:00,1.04140000,1.05770000,1.04150000,1.04730000,4167616.03496000
2025-07-26 14:00:00,1.04730000,1.05700000,1.04280000,1.05540000,2787912.24117000
2025-07-26 18:00:00,1.05540000,1.06190000,1.04340000,1.05620000,2437391.92875000
2025-07-26 22:00:00,1.05620000,1.05870000,1.04100000,1.04210000,1876265.97831000
2025-07-27 02:00:00,1.04210000,1.05980000,1.04000000,1.05330000,4093054.16695000
2025-07-27 06:00:00,1.05330000,1.06690000,1.04950000,1.05560000,2283791.21756000
2025-07-27 10:00:00,1.05560000,1.05730000,1.03810000,1.04660000,3065327.00887000
2025-07-27 14:00:00,1.04660000,1.05450000,1.03660000,1.04320000,2453961.58185000
2025-07-27 18:00:00,1.04320000,1.05740000,1.03800000,1.05140000,6990405.62138000
2025-07-27 22:00:00,1.05140000,1.07160000,1.04410000,1.06860000,9345972.02466000
2025-07-28 02:00:00,1.06860000,1.07940000,1.04770000,1.06550000,6250713.48472000
2025-07-28 06:00:00,1.06550000,1.08410000,1.05530000,1.06090000,3789453.79804000
2025-07-28 10:00:00,1.06090000,1.06710000,1.04580000,1.05480000,2817202.85085000
2025-07-28 14:00:00,1.05480000,1.05960000,1.00340000,1.01080000,12114706.14328000
2025-07-28 18:00:00,1.01080000,1.01740000,0.98890000,0.99970000,5119998.60785000
2025-07-28 22:00:00,0.99970000,1.00150000,0.98440000,0.99170000,4004683.93538000
2025-07-29 02:00:00,0.99170000,0.99970000,0.96820000,0.98860000,5201512.01375000
2025-07-29 06:00:00,0.98860000,1.01150000,0.97830000,1.00730000,3372140.83006000
2025-07-29 10:00:00,1.00730000,1.00970000,0.97470000,0.98120000,3094686.82637000
2025-07-29 14:00:00,0.98120000,0.99450000,0.95200000,0.95870000,5923479.53134000
2025-07-29 18:00:00,0.95870000,0.96710000,0.94360000,0.95160000,4437784.07880000
2025-07-29 22:00:00,0.95160000,0.96140000,0.93870000,0.95910000,4038460.38911000
2025-07-30 02:00:00,0.95910000,0.96420000,0.94120000,0.95880000,2091714.53026000
2025-07-30 06:00:00,0.95880000,0.96290000,0.94630000,0.95400000,1570669.98459000
2025-07-30 10:00:00,0.95400000,0.95940000,0.92370000,0.92990000,4907470.23376000
2025-07-30 14:00:00,0.92990000,0.95930000,0.92350000,0.95320000,4721202.10537000
2025-07-30 18:00:00,0.95320000,0.96280000,0.90170000,0.94540000,7942374.97757000
2025-07-30 22:00:00,0.94540000,0.95690000,0.93390000,0.94470000,2447996.07866000
2025-07-31 02:00:00,0.94470000,0.97070000,0.94160000,0.96830000,2483014.40483000
2025-07-31 06:00:00,0.96830000,0.98390000,0.96560000,0.97910000,2059700.95490000
2025-07-31 10:00:00,0.97910000,1.00420000,0.97680000,0.98040000,4748531.02433000
2025-07-31 14:00:00,0.98040000,0.98080000,0.94080000,0.95310000,6531806.31902000
2025-07-31 18:00:00,0.95310000,1.00130000,0.94560000,0.94860000,12501673.53471000
2025-07-31 22:00:00,0.94860000,0.95030000,0.91390000,0.91860000,5720160.37538000
2025-08-01 02:00:00,0.91860000,0.92680000,0.88830000,0.91550000,6472225.41347000
2025-08-01 06:00:00,0.91550000,0.91570000,0.89160000,0.90280000,3620882.37308000
2025-08-01 10:00:00,0.90280000,0.91010000,0.88330000,0.90930000,5844888.79591000
2025-08-01 14:00:00,0.90930000,0.92510000,0.88640000,0.91610000,7059356.78256000
2025-08-01 18:00:00,0.91610000,0.92250000,0.88960000,0.91040000,3936318.73982000
2025-08-01 22:00:00,0.91040000,0.91290000,0.86620000,0.88930000,6240623.68240000
2025-08-02 02:00:00,0.88930000,0.90770000,0.88580000,0.90360000,1829805.32437000
2025-08-02 06:00:00,0.90360000,0.90860000,0.87940000,0.90110000,2168148.20289000
2025-08-02 10:00:00,0.90110000,0.90420000,0.87570000,0.88320000,2845421.61168000
2025-08-02 14:00:00,0.88320000,0.89030000,0.86330000,0.86620000,2908219.24051000
2025-08-02 18:00:00,0.86620000,0.87880000,0.84370000,0.86060000,5884339.11259000
2025-08-02 22:00:00,0.86060000,0.88140000,0.85970000,0.87460000,2057029.64466000
2025-08-03 02:00:00,0.87460000,0.89260000,0.85810000,0.88990000,2466909.14253000
2025-08-03 06:00:00,0.88990000,0.89850000,0.88510000,0.89850000,1089541.18413000
2025-08-03 10:00:00,0.89850000,0.91720000,0.89660000,0.91200000,2089412.88502000
2025-08-03 14:00:00,0.91200000,0.91570000,0.90330000,0.91520000,3625485.72210000
2025-08-03 18:00:00,0.91520000,0.92650000,0.90840000,0.91990000,2579785.42701000
2025-08-03 22:00:00,0.91990000,0.92600000,0.91570000,0.92070000,2651791.64621000
2025-08-04 02:00:00,0.92070000,0.94310000,0.91900000,0.92870000,3729632.56345000
2025-08-04 06:00:00,0.92870000,0.93220000,0.91640000,0.92720000,2188284.01977000
2025-08-04 10:00:00,0.92720000,0.93290000,0.91890000,0.92310000,1633720.52343000
2025-08-04 14:00:00,0.92310000,0.94630000,0.92080000,0.93820000,4373068.10868000
2025-08-04 18:00:00,0.93820000,0.95760000,0.93550000,0.93690000,7224667.14419000
2025-08-04 22:00:00,0.93690000,0.95580000,0.93430000,0.94960000,2177042.97981000
2025-08-05 02:00:00,0.94960000,0.95020000,0.92920000,0.92970000,2685550.13788000
2025-08-05 06:00:00,0.92970000,0.93350000,0.90710000,0.91410000,4582759.16291000
2025-08-05 10:00:00,0.91410000,0.94890000,0.91050000,0.94210000,4428435.36532000
2025-08-05 14:00:00,0.94210000,0.94390000,0.90440000,0.91080000,7311294.09892000
2025-08-05 18:00:00,0.91080000,0.93600000,0.90200000,0.90560000,4837598.08108000
2025-08-05 22:00:00,0.90560000,0.92600000,0.90210000,0.91950000,4346990.55288000
2025-08-06 02:00:00,0.91950000,0.92010000,0.90080000,0.90520000,2160811.10480000
2025-08-06 06:00:00,0.90520000,0.92730000,0.89780000,0.92360000,2359446.91617000
2025-08-06 10:00:00,0.92360000,0.92930000,0.91510000,0.92220000,1937417.59126000
2025-08-06 14:00:00,0.92220000,0.93770000,0.90930000,0.93570000,4119796.77971000
2025-08-06 18:00:00,0.93570000,0.94570000,0.92820000,0.94310000,2437251.75257000
2025-08-06 22:00:00,0.94310000,0.94410000,0.93550000,0.94090000,1544619.95908000
2025-08-07 02:00:00,0.94090000,0.94890000,0.93210000,0.93240000,3317548.63838000
2025-08-07 06:00:00,0.93240000,0.95310000,0.93160000,0.94980000,2993449.01800000
2025-08-07 10:00:00,0.94980000,0.98410000,0.94860000,0.98360000,3819176.14487000
2025-08-07 14:00:00,0.98360000,0.99750000,0.97590000,0.98920000,6262397.66815000
2025-08-07 18:00:00,0.98920000,0.99520000,0.96720000,0.99520000,4650531.05263000
2025-08-07 22:00:00,0.99520000,1.01130000,0.99380000,1.00960000,5076488.14171000
2025-08-08 02:00:00,1.00960000,1.01850000,0.99760000,1.01080000,8655219.41420000
2025-08-08 06:00:00,1.01080000,1.01930000,1.00130000,1.01680000,2397651.11348000
2025-08-08 10:00:00,1.01680000,1.02340000,1.00770000,1.01790000,2702699.65566000
2025-08-08 14:00:00,1.01790000,1.03160000,1.00030000,1.00950000,5062040.60429000
2025-08-08 18:00:00,1.00950000,1.03160000,1.00520000,1.02840000,6001329.79024000
2025-08-08 22:00:00,1.02840000,1.02970000,1.01940000,1.02070000,1284707.80350000
2025-08-09 02:00:00,1.02070000,1.02470000,1.01470000,1.01790000,1217704.73798000
2025-08-09 06:00:00,1.01790000,1.04620000,1.01570000,1.03890000,3452216.67927000
2025-08-09 10:00:00,1.03890000,1.05720000,1.03710000,1.04290000,3334184.11949000
2025-08-09 14:00:00,1.04290000,1.05790000,1.03130000,1.04230000,3395237.67478000
2025-08-09 18:00:00,1.04230000,1.05280000,1.03860000,1.04950000,2127136.07011000
2025-08-09 22:00:00,1.04950000,1.05790000,1.03630000,1.03740000,2963391.28996000
2025-08-10 02:00:00,1.03740000,1.05360000,1.03100000,1.04740000,3641445.83696000
2025-08-10 06:00:00,1.04740000,1.05660000,1.00700000,1.01050000,5508661.97872000
2025-08-10 10:00:00,1.01050000,1.02170000,0.99830000,1.00720000,4248094.90211000
2025-08-10 14:00:00,1.00720000,1.03210000,1.00240000,1.02820000,2992480.80460000
2025-08-10 18:00:00,1.02820000,1.03640000,1.02350000,1.02990000,1923327.35928000
2025-08-10 22:00:00,1.02990000,1.03070000,1.01070000,1.02560000,2185037.58416000
2025-08-11 02:00:00,1.02560000,1.05390000,1.02070000,1.04730000,4566503.00905000
2025-08-11 06:00:00,1.04730000,1.05590000,1.02430000,1.02740000,2965868.86660000
2025-08-11 10:00:00,1.02740000,1.03470000,0.98870000,0.99430000,6740812.06246000
2025-08-11 14:00:00,0.99430000,1.02100000,0.98720000,1.01680000,7335097.96870000
2025-08-11 18:00:00,1.01680000,1.02930000,0.98960000,0.99790000,4555969.68718000
2025-08-11 22:00:00,0.99790000,1.01060000,0.97530000,0.98340000,4447740.54345000
2025-08-12 02:00:00,0.98340000,1.00440000,0.98160000,0.99430000,1782245.09090000
2025-08-12 06:00:00,0.99430000,0.99750000,0.97490000,0.99430000,1736546.63659000
2025-08-12 10:00:00,0.99430000,0.99550000,0.96870000,0.98390000,2510677.21666000
2025-08-12 14:00:00,0.98390000,1.04390000,0.97900000,1.04270000,8426647.05810000
2025-08-12 18:00:00,1.04270000,1.06890000,1.03930000,1.05170000,8789891.62074000
2025-08-12 22:00:00,1.05170000,1.06370000,1.04630000,1.06060000,4588573.45679000
2025-08-13 02:00:00,1.06060000,1.07140000,1.04530000,1.06820000,4391200.25427000
2025-08-13 06:00:00,1.06820000,1.07480000,1.04810000,1.06560000,3541831.27087000
2025-08-13 10:00:00,1.06560000,1.08980000,1.06500000,1.07290000,5188770.55244000
2025-08-13 14:00:00,1.07290000,1.08710000,1.05010000,1.06220000,8647435.26153000
2025-08-13 18:00:00,1.06220000,1.07380000,1.05510000,1.07210000,3278160.57526000
2025-08-13 22:00:00,1.07210000,1.08560000,1.06480000,1.07700000,3110314.69857000
2025-08-14 02:00:00,1.07700000,1.11140000,1.06360000,1.10590000,6094393.04752000
2025-08-14 06:00:00,1.10590000,1.11020000,1.06600000,1.08020000,7674635.18005000
2025-08-14 10:00:00,1.08020000,1.08220000,1.04920000,1.05810000,7385790.17426000
2025-08-14 14:00:00,1.05810000,1.07130000,0.98700000,1.01070000,20189290.98573000
2025-08-14 18:00:00,1.01070000,1.01090000,0.98330000,0.99930000,7121780.71570000
2025-08-14 22:00:00,0.99930000,1.00530000,0.97730000,1.00090000,5336833.42104000
2025-08-15 02:00:00,1.00090000,1.02160000,0.99290000,1.02130000,2786084.23323000
2025-08-15 06:00:00,1.02130000,1.02690000,1.00650000,1.01890000,2808564.61834000
2025-08-15 10:00:00,1.01890000,1.02840000,1.00650000,1.00870000,3697542.81867000
2025-08-15 14:00:00,1.00870000,1.02100000,0.96200000,0.96970000,8281606.65941000
2025-08-15 18:00:00,0.96970000,0.98180000,0.95950000,0.96850000,3910209.56607000
2025-08-15 22:00:00,0.96850000,1.00240000,0.96470000,0.98960000,2836958.69231000
2025-08-16 02:00:00,0.98960000,1.00090000,0.98380000,0.98460000,1826103.25570000
2025-08-16 06:00:00,0.98460000,0.99390000,0.98080000,0.99130000,2021321.22578000
2025-08-16 10:00:00,0.99130000,0.99380000,0.97780000,0.97970000,1889945.14622000
2025-08-16 14:00:00,0.97970000,1.00440000,0.97610000,1.00420000,2671781.84235000
2025-08-16 18:00:00,1.00420000,1.00900000,0.99260000,0.99710000,1621291.86732000
2025-08-16 22:00:00,0.99710000,1.00230000,0.99310000,1.00040000,898874.55848000
2025-08-17 02:00:00,1.00040000,1.00910000,0.99470000,1.00670000,1022007.99006000
2025-08-17 06:00:00,1.00670000,1.01630000,1.00550000,1.01280000,1433164.57807000
2025-08-17 10:00:00,1.01280000,1.02460000,1.01120000,1.02360000,1858883.06372000
2025-08-17 14:00:00,1.02360000,1.03560000,1.01200000,1.03560000,2208627.84209000
2025-08-17 18:00:00,1.03560000,1.04140000,1.00350000,1.00860000,9524556.03015000
2025-08-17 22:00:00,1.00860000,1.02170000,1.00550000,1.00720000,2563334.03851000
2025-08-18 02:00:00,1.00720000,1.00890000,0.95890000,0.96860000,4102408.01957000
2025-08-18 06:00:00,0.96860000,0.97750000,0.95030000,0.95630000,2926725.91172000
2025-08-18 10:00:00,0.95630000,0.95970000,0.94080000,0.94920000,2961972.68987000
2025-08-18 14:00:00,0.94920000,0.96810000,0.94430000,0.95990000,5172789.87714000
2025-08-18 18:00:00,0.95990000,0.97230000,0.94840000,0.96280000,3465525.31725000
2025-08-18 22:00:00,0.96280000,0.97670000,0.95540000,0.96000000,1900094.16789000
2025-08-19 02:00:00,0.96000000,0.97410000,0.93650000,0.93860000,2697532.13307000
2025-08-19 06:00:00,0.93860000,0.94970000,0.93000000,0.94210000,1921231.14010000
2025-08-19 10:00:00,0.94210000,0.95960000,0.93580000,0.95790000,1363318.61036000
2025-08-19 14:00:00,0.95790000,0.96140000,0.92270000,0.92480000,4220156.68341000
2025-08-19 18:00:00,0.92480000,0.92720000,0.90610000,0.91350000,3494780.46976000
2025-08-19 22:00:00,0.91350000,0.92340000,0.90740000,0.91010000,1534809.83811000
2025-08-20 02:00:00,0.91010000,0.92600000,0.90580000,0.91950000,1599515.65458000
2025-08-20 06:00:00,0.91950000,0.93130000,0.91940000,0.92410000,1091375.94561000
2025-08-20 10:00:00,0.92410000,0.93710000,0.91820000,0.92910000,1906667.53636000
2025-08-20 14:00:00,0.92910000,0.94490000,0.90280000,0.93270000,3982366.92395000
2025-08-20 18:00:00,0.93270000,0.95270000,0.92920000,0.95200000,2221890.74197000
2025-08-20 22:00:00,0.95200000,0.95270000,0.94150000,0.94610000,1004532.43310000
2025-08-21 02:00:00,0.94610000,0.95490000,0.93440000,0.94080000,1383058.40247000
2025-08-21 06:00:00,0.94080000,0.94750000,0.93080000,0.94010000,2128183.39598000
2025-08-21 10:00:00,0.94010000,0.94140000,0.92540000,0.92890000,1203346.17005000
2025-08-21 14:00:00,0.92890000,0.93610000,0.91370000,0.91510000,2784196.33367000
2025-08-21 18:00:00,0.91510000,0.92730000,0.91070000,0.91480000,1460876.13750000
2025-08-21 22:00:00,0.91480000,0.92470000,0.91090000,0.91670000,828422.38154000
2025-08-22 02:00:00,0.91670000,0.93240000,0.91020000,0.91720000,1070315.92758000
2025-08-22 06:00:00,0.91720000,0.92910000,0.91640000,0.92620000,1014328.22978000
2025-08-22 10:00:00,0.92620000,0.93270000,0.90610000,0.90630000,1251874.46060000
2025-08-22 14:00:00,0.90630000,0.99070000,0.89040000,0.97840000,9546591.39015000
2025-08-22 18:00:00,0.97840000,1.01420000,0.97850000,1.01010000,12322234.09965000
2025-08-22 22:00:00,1.01010000,1.01860000,1.00580000,1.01130000,2974272.54958000
2025-08-23 02:00:00,1.01130000,1.01350000,0.97740000,0.98200000,2308214.53765000
2025-08-23 06:00:00,0.98200000,1.02220000,0.98150000,1.00350000,2055481.25396000
2025-08-23 10:00:00,1.00350000,1.00680000,0.99190000,0.99510000,1370773.12932000
2025-08-23 14:00:00,0.99510000,1.00150000,0.98970000,0.99550000,1807035.16228000
2025-08-23 18:00:00,0.99550000,1.01260000,0.99090000,1.01190000,1806247.44174000
2025-08-23 22:00:00,1.01190000,1.01280000,0.99610000,1.00250000,1877502.57115000
2025-08-24 02:00:00,1.00250000,1.01090000,0.99230000,0.99950000,1449359.73292000
2025-08-24 06:00:00,0.99950000,1.00230000,0.97980000,0.98050000,2095506.18103000
2025-08-24 10:00:00,0.98050000,0.98610000,0.95810000,0.96340000,2284881.35835000
2025-08-24 14:00:00,0.96340000,0.98380000,0.96170000,0.97280000,1566752.22907000
2025-08-24 18:00:00,0.97280000,1.02890000,0.96750000,0.99210000,6810544.41975000
2025-08-24 22:00:00,0.99210000,0.99290000,0.96400000,0.97250000,3372001.55625000
2025-08-25 02:00:00,0.97250000,0.98880000,0.94830000,0.97390000,2784223.05441000
2025-08-25 06:00:00,0.97390000,0.97610000,0.92600000,0.93020000,2630089.32635000
2025-08-25 10:00:00,0.93020000,0.93660000,0.91470000,0.92630000,2030905.82973000
2025-08-25 14:00:00,0.92630000,0.93530000,0.91600000,0.92540000,2552118.98405000
2025-08-25 18:00:00,0.92540000,0.93240000,0.89620000,0.89680000,4335923.16487000
2025-08-25 22:00:00,0.89680000,0.90240000,0.87590000,0.89180000,5208772.20209000
2025-08-26 02:00:00,0.89180000,0.91080000,0.88480000,0.89900000,1973376.37155000
2025-08-26 06:00:00,0.89900000,0.91210000,0.89690000,0.90690000,1240647.35774000
2025-08-26 10:00:00,0.90690000,0.91110000,0.89950000,0.90550000,1586689.68621000
2025-08-26 14:00:00,0.90550000,0.92750000,0.89870000,0.91620000,3092804.64952000
2025-08-26 18:00:00,0.91620000,0.95050000,0.91270000,0.94840000,2871713.19750744
2025-08-26 22:00:00,0.94840000,0.94870000,0.93610000,0.94090000,1270300.08309000
2025-08-27 02:00:00,0.94090000,0.94220000,0.92590000,0.93430000,1458585.24961000
2025-08-27 06:00:00,0.93430000,0.94570000,0.92670000,0.93280000,1819977.15365000
2025-08-27 10:00:00,0.93280000,0.94440000,0.92840000,0.94140000,1225874.69718000
2025-08-27 14:00:00,0.94140000,0.95180000,0.93130000,0.94850000,3737691.46766000
2025-08-27 18:00:00,0.94850000,0.95490000,0.93320000,0.93830000,1858657.21908000
2025-08-27 22:00:00,0.93830000,0.95000000,0.92460000,0.92720000,3347248.65880000
2025-08-28 02:00:00,0.92720000,0.93990000,0.91940000,0.93680000,945781.71799000
2025-08-28 06:00:00,0.93680000,0.94550000,0.93340000,0.94030000,1348211.29718000
2025-08-28 10:00:00,0.94030000,0.94770000,0.93270000,0.94430000,1390510.66187000
2025-08-28 14:00:00,0.94430000,0.95200000,0.93530000,0.93830000,2512033.13819000
2025-08-28 18:00:00,0.93830000,0.94550000,0.92510000,0.92510000,1501771.21949000
2025-08-28 22:00:00,0.92510000,0.94890000,0.92380000,0.94560000,1138468.65215000
2025-08-29 02:00:00,0.94560000,0.94970000,0.92820000,0.93620000,1262659.64545000
2025-08-29 06:00:00,0.93620000,0.93820000,0.90890000,0.91250000,1446951.35254000
2025-08-29 10:00:00,0.91250000,0.91640000,0.89650000,0.91120000,1824707.89485000
2025-08-29 14:00:00,0.91120000,0.93480000,0.89620000,0.90050000,3287130.22873000
2025-08-29 18:00:00,0.90050000,0.90680000,0.89050000,0.90100000,1392062.07368000
2025-08-29 22:00:00,0.90100000,0.90820000,0.89110000,0.90550000,857530.56670000
2025-08-30 02:00:00,0.90550000,0.92090000,0.89290000,0.91470000,1018837.35554000
2025-08-30 06:00:00,0.91470000,0.92100000,0.91120000,0.92020000,446426.40188000
2025-08-30 10:00:00,0.92020000,0.92080000,0.90970000,0.91310000,601380.52628000
2025-08-30 14:00:00,0.91310000,0.91470000,0.89710000,0.91210000,949535.11102000
2025-08-30 18:00:00,0.91210000,0.91230000,0.90090000,0.90540000,483724.84552000
2025-08-30 22:00:00,0.90540000,0.90810000,0.90030000,0.90770000,320671.86646000
2025-08-31 02:00:00,0.90770000,0.91890000,0.90680000,0.91860000,667907.65504000
2025-08-31 06:00:00,0.91860000,0.91930000,0.90910000,0.91190000,431264.76104000
2025-08-31 10:00:00,0.91190000,0.92010000,0.90720000,0.91490000,831327.41186000
2025-08-31 14:00:00,0.91490000,0.91550000,0.90440000,0.90870000,540375.63582000
2025-08-31 18:00:00,0.90870000,0.91480000,0.90430000,0.90780000,533765.68691000
2025-08-31 22:00:00,0.90780000,0.91310000,0.89560000,0.89640000,915632.04160000
2025-09-01 02:00:00,0.89640000,0.89630000,0.87060000,0.87550000,2364267.61352000
2025-09-01 06:00:00,0.87550000,0.90290000,0.86780000,0.90290000,1356074.56318000
2025-09-01 10:00:00,0.90290000,0.91140000,0.88690000,0.88940000,1826192.88897000
2025-09-01 14:00:00,0.88940000,0.89560000,0.88030000,0.88240000,1067517.36667000
2025-09-01 18:00:00,0.88240000,0.88700000,0.87380000,0.88690000,899876.58091000
2025-09-01 22:00:00,0.88690000,0.88720000,0.85820000,0.87980000,2577676.31535000
2025-09-02 02:00:00,0.87980000,0.91840000,0.87570000,0.90340000,1974188.73743000
2025-09-02 06:00:00,0.90340000,0.92930000,0.90010000,0.91550000,1341897.64995000
2025-09-02 10:00:00,0.91550000,0.92410000,0.91230000,0.91410000,1323209.10739000
2025-09-02 14:00:00,0.91410000,0.92610000,0.89230000,0.90330000,3031626.81289000
2025-09-02 18:00:00,0.90330000,0.94260000,0.90310000,0.93070000,2764483.45981000
2025-09-02 22:00:00,0.93070000,0.95320000,0.92790000,0.94790000,2575447.76052000
2025-09-03 02:00:00,0.94790000,0.97440000,0.94070000,0.96450000,4748248.97461000
2025-09-03 06:00:00,0.96450000,0.96880000,0.94740000,0.96230000,1617822.84857000
2025-09-03 10:00:00,0.96230000,0.97360000,0.95850000,0.96980000,2406155.07957000
2025-09-03 14:00:00,0.96980000,0.98570000,0.96130000,0.97190000,3495746.62760000
2025-09-03 18:00:00,0.97190000,0.97370000,0.95470000,0.96140000,2594207.36377000
2025-09-03 22:00:00,0.96140000,0.96180000,0.93830000,0.94090000,3058254.13976000
2025-09-04 02:00:00,0.94090000,0.94670000,0.92930000,0.92990000,2818110.20802000
2025-09-04 06:00:00,0.92990000,0.93090000,0.91510000,0.91950000,2658014.06300000
2025-09-04 10:00:00,0.91950000,0.93120000,0.91920000,0.92080000,2231835.04522000
2025-09-04 14:00:00,0.92080000,0.92560000,0.90770000,0.91250000,2720726.45180000
2025-09-04 18:00:00,0.91250000,0.91430000,0.90330000,0.90480000,1416265.90750000
2025-09-04 22:00:00,0.90480000,0.91860000,0.90430000,0.90930000,1314634.96132000
2025-09-05 02:00:00,0.90930000,0.91840000,0.90570000,0.91800000,1551800.60828000
2025-09-05 06:00:00,0.91800000,0.93410000,0.91510000,0.93350000,1203309.50100000
2025-09-05 10:00:00,0.93350000,0.93390000,0.92240000,0.92960000,1485052.73467000
2025-09-05 14:00:00,0.92960000,0.94200000,0.90490000,0.91010000,4807215.63924000
2025-09-05 18:00:00,0.91010000,0.91920000,0.90580000,0.91770000,1436142.41062000
2025-09-05 22:00:00,0.91770000,0.91940000,0.90840000,0.91090000,1634263.26937000
2025-09-06 02:00:00,0.91090000,0.91500000,0.90870000,0.91210000,389411.84129000
2025-09-06 06:00:00,0.91210000,0.91220000,0.90200000,0.90510000,742705.23914000
2025-09-06 10:00:00,0.90510000,0.90590000,0.89680000,0.90080000,914889.95123000
2025-09-06 14:00:00,0.90080000,0.90540000,0.89900000,0.89920000,754325.96117000
2025-09-06 18:00:00,0.89920000,0.90360000,0.89570000,0.89670000,765253.30560000
2025-09-06 22:00:00,0.89670000,0.90270000,0.89640000,0.90120000,803271.54303000
2025-09-07 02:00:00,0.90120000,0.90630000,0.89970000,0.90460000,546363.62008000
2025-09-07 06:00:00,0.90460000,0.90950000,0.90230000,0.90430000,564347.38468000
2025-09-07 10:00:00,0.90430000,0.90970000,0.90320000,0.90950000,437661.14692000
2025-09-07 14:00:00,0.90950000,0.91350000,0.90410000,0.91230000,833402.82669000
2025-09-07 18:00:00,0.91230000,0.91320000,0.89950000,0.90360000,1041999.40507000
2025-09-07 22:00:00,0.90360000,0.91430000,0.90180000,0.91030000,724814.46522000
2025-09-08 02:00:00,0.91030000,0.92040000,0.90420000,0.91450000,1150142.91496000
2025-09-08 06:00:00,0.91450000,0.91860000,0.90780000,0.91510000,755322.68328000
2025-09-08 10:00:00,0.91510000,0.93290000,0.91400000,0.92750000,1760349.99550000
2025-09-08 14:00:00,0.92750000,0.94580000,0.92680000,0.94230000,2756078.14762000
2025-09-08 18:00:00,0.94230000,0.94450000,0.92620000,0.92840000,1683304.83951000
2025-09-08 22:00:00,0.92840000,0.93670000,0.92270000,0.93250000,820431.11403000
2025-09-09 02:00:00,0.93250000,0.94170000,0.92370000,0.93760000,1159254.21801000
2025-09-09 06:00:00,0.93760000,0.97120000,0.93480000,0.96950000,2112665.51046000
2025-09-09 10:00:00,0.96950000,0.97930000,0.96540000,0.96760000,2601086.20219000
2025-09-09 14:00:00,0.96760000,0.97830000,0.94010000,0.94390000,4826026.62386000
2025-09-09 18:00:00,0.94390000,0.95740000,0.94220000,0.95430000,1428676.01104000
2025-09-09 22:00:00,0.95430000,0.96060000,0.94770000,0.95330000,1633590.76541000
2025-09-10 02:00:00,0.95330000,1.06140000,0.95310000,1.03630000,14577625.98638000
2025-09-10 06:00:00,1.03630000,1.04650000,0.99770000,1.00750000,5673880.42781000
2025-09-10 10:00:00,1.00750000,1.02800000,1.00360000,1.00900000,3294198.13579000
2025-09-10 14:00:00,1.00900000,1.03700000,1.00540000,1.03290000,6349001.32064000
2025-09-10 18:00:00,1.03290000,1.03370000,1.00150000,1.00450000,2718203.05276000
2025-09-10 22:00:00,1.00450000,1.02730000,1.00410000,1.02350000,1468611.59547000
2025-09-11 02:00:00,1.02350000,1.02390000,1.00690000,1.01590000,1595299.83896000
2025-09-11 06:00:00,1.01590000,1.01590000,1.00460000,1.01090000,1401839.38286000
2025-09-11 10:00:00,1.01090000,1.02990000,1.00770000,1.01720000,2529200.81230000
2025-09-11 14:00:00,1.01720000,1.03010000,0.99920000,1.01340000,5138332.69948000
2025-09-11 18:00:00,1.01340000,1.07280000,1.01340000,1.06050000,5652745.56960000
2025-09-11 22:00:00,1.06050000,1.08130000,1.05370000,1.08010000,6840632.94126000
2025-09-12 02:00:00,1.08010000,1.13510000,1.07910000,1.10350000,10761006.60586000
2025-09-12 06:00:00,1.10350000,1.10790000,1.08480000,1.09810000,4826915.13874000
2025-09-12 10:00:00,1.09810000,1.09810000,1.07460000,1.07780000,3038777.61604000
2025-09-12 14:00:00,1.07780000,1.09620000,1.06690000,1.09060000,5254322.76048000
2025-09-12 18:00:00,1.09060000,1.11120000,1.08800000,1.11010000,3398389.36069000
2025-09-12 22:00:00,1.11010000,1.11120000,1.09710000,1.10110000,3455560.67061000
2025-09-13 02:00:00,1.10110000,1.11250000,1.08780000,1.09990000,2613818.65838000
2025-09-13 06:00:00,1.09990000,1.10130000,1.08910000,1.09430000,1249076.54539000
2025-09-13 10:00:00,1.09430000,1.11990000,1.09430000,1.11940000,3107012.50202000
2025-09-13 14:00:00,1.11940000,1.12040000,1.08390000,1.08780000,6121370.84487000
2025-09-13 18:00:00,1.08780000,1.09230000,1.06710000,1.08170000,5227623.39604000
2025-09-13 22:00:00,1.08170000,1.09200000,1.07950000,1.09160000,1765101.94855000
2025-09-14 02:00:00,1.09160000,1.09180000,1.06560000,1.06660000,3690516.03862000
2025-09-14 06:00:00,1.06660000,1.07460000,1.05420000,1.06420000,2873920.15068000
2025-09-14 10:00:00,1.06420000,1.07090000,1.05320000,1.05520000,3906995.61599000
2025-09-14 14:00:00,1.05520000,1.05950000,1.02760000,1.04240000,4673804.80333000
2025-09-14 18:00:00,1.04240000,1.05890000,1.04030000,1.04970000,3092616.28181000
2025-09-14 22:00:00,1.04970000,1.06240000,1.04110000,1.04920000,4900471.19009000
2025-09-15 02:00:00,1.04920000,1.06220000,1.03850000,1.06050000,1846797.94423000
2025-09-15 06:00:00,1.06050000,1.07650000,1.04450000,1.05010000,2800287.85227000
2025-09-15 10:00:00,1.05010000,1.05070000,1.01860000,1.02710000,3783169.23964000
2025-09-15 14:00:00,1.02710000,1.03260000,1.01070000,1.01820000,2892938.10852000
2025-09-15 18:00:00,1.01820000,1.02840000,1.00710000,1.02370000,1967306.93276000
2025-09-15 22:00:00,1.02370000,1.03670000,1.02230000,1.03610000,1144237.51543000
2025-09-16 02:00:00,1.03610000,1.03630000,1.01600000,1.01620000,1463680.85007000
2025-09-16 06:00:00,1.01620000,1.03480000,1.00730000,1.03420000,1330874.77972000
2025-09-16 10:00:00,1.03420000,1.04770000,1.03390000,1.04180000,1996991.96215000
2025-09-16 14:00:00,1.04180000,1.04680000,1.01940000,1.03260000,2925946.78756000
2025-09-16 18:00:00,1.03260000,1.03680000,1.01520000,1.02540000,3064225.44113000
2025-09-16 22:00:00,1.02540000,1.02950000,1.01700000,1.02030000,1380781.27860000
2025-09-17 02:00:00,1.02030000,1.02610000,1.01100000,1.01190000,1517683.88759000
2025-09-17 06:00:00,1.01190000,1.02730000,1.00350000,1.02500000,1696624.57941000
2025-09-17 10:00:00,1.02500000,1.02540000,1.00750000,1.00950000,1668711.40482000
2025-09-17 14:00:00,1.00950000,1.02360000,1.00490000,1.00700000,4582293.33595000
2025-09-17 18:00:00,1.00700000,1.04300000,0.99970000,1.03970000,8378026.11539000
2025-09-17 22:00:00,1.03970000,1.07250000,1.02060000,1.06620000,5341845.18910000
2025-09-18 02:00:00,1.06620000,1.07220000,1.04930000,1.06680000,4437188.16230000
2025-09-18 06:00:00,1.06680000,1.06940000,1.04330000,1.04910000,2156149.07473000
2025-09-18 10:00:00,1.04910000,1.05810000,1.04610000,1.05170000,1468784.27705000
2025-09-18 14:00:00,1.05170000,1.08890000,1.04690000,1.08190000,8387928.16950000
2025-09-18 18:00:00,1.08190000,1.09430000,1.07320000,1.09330000,5831131.51165000
2025-09-18 22:00:00,1.09330000,1.09560000,1.07100000,1.07790000,2713366.93243000
2025-09-19 02:00:00,1.07790000,1.08990000,1.06130000,1.06260000,2494451.78320000
2025-09-19 06:00:00,1.06260000,1.06890000,1.05150000,1.05830000,2689115.61815000
2025-09-19 10:00:00,1.05830000,1.06530000,1.03330000,1.03830000,2811375.51518000
2025-09-19 14:00:00,1.03830000,1.04770000,1.02010000,1.02760000,4297454.77879000
2025-09-19 18:00:00,1.02760000,1.03550000,1.01560000,1.01650000,1910658.63741000
2025-09-19 22:00:00,1.01650000,1.02790000,1.01230000,1.02210000,1744447.49580000
2025-09-20 02:00:00,1.02210000,1.02610000,1.01060000,1.01660000,1165971.15052000
2025-09-20 06:00:00,1.01660000,1.03120000,1.01380000,1.03100000,1044171.68534000
2025-09-20 10:00:00,1.03100000,1.03090000,1.01170000,1.01660000,1311822.57943000
2025-09-20 14:00:00,1.01660000,1.03250000,1.01360000,1.02550000,1885461.80571000
2025-09-20 18:00:00,1.02550000,1.03040000,1.01270000,1.01460000,1767745.48990000
2025-09-20 22:00:00,1.01460000,1.02190000,1.01220000,1.01480000,1050223.12998000
2025-09-21 02:00:00,1.01480000,1.01990000,1.00830000,1.01830000,1215260.52716000
2025-09-21 06:00:00,1.01830000,1.02320000,1.01350000,1.01610000,934911.52559000
2025-09-21 10:00:00,1.01610000,1.01790000,0.99870000,1.00370000,2379565.13556000
2025-09-21 14:00:00,1.00370000,1.01190000,0.99660000,0.99990000,1571160.15314000
2025-09-21 18:00:00,0.99990000,1.00370000,0.98890000,0.99940000,2298505.06136000
2025-09-21 22:00:00,0.99940000,0.99970000,0.98920000,0.98960000,987896.58040000
2025-09-22 02:00:00,0.98960000,0.99410000,0.94650000,0.95560000,5741980.14711000
2025-09-22 06:00:00,0.95560000,0.96100000,0.88900000,0.92080000,8128584.93637000
2025-09-22 10:00:00,0.92080000,0.93710000,0.91210000,0.92830000,2782687.62348000
2025-09-22 14:00:00,0.92830000,0.94610000,0.92570000,0.92990000,3507760.31196000
2025-09-22 18:00:00,0.92990000,0.93440000,0.91380000,0.91560000,2354810.24985000
2025-09-22 22:00:00,0.91560000,0.94230000,0.91480000,0.94050000,1683623.84379000
2025-09-23 02:00:00,0.94050000,0.95070000,0.91690000,0.92980000,2986911.81586000
2025-09-23 06:00:00,0.92980000,0.94360000,0.92160000,0.93690000,1665052.33612000
2025-09-23 10:00:00,0.93690000,0.94540000,0.93170000,0.93760000,1461494.87448000
2025-09-23 14:00:00,0.93760000,0.95060000,0.93280000,0.93780000,2571209.88796000
2025-09-23 18:00:00,0.93780000,0.94760000,0.91550000,0.91760000,3878462.71320000
2025-09-23 22:00:00,0.91760000,0.92900000,0.91420000,0.91720000,1377872.45938000
2025-09-24 02:00:00,0.91720000,0.93290000,0.90930000,0.91010000,2234174.94384000
2025-09-24 06:00:00,0.91010000,0.93270000,0.89950000,0.93120000,2309009.16824000
2025-09-24 10:00:00,0.93120000,0.93660000,0.92700000,0.93460000,1299116.11822000
2025-09-24 14:00:00,0.93460000,0.94430000,0.92870000,0.93610000,1742868.38967000
2025-09-24 18:00:00,0.93610000,0.93960000,0.92890000,0.93320000,903162.88889000
2025-09-24 22:00:00,0.93320000,0.93480000,0.92160000,0.92390000,929489.63430000
2025-09-25 02:00:00,0.92390000,0.92720000,0.90380000,0.90970000,1804512.66205000
2025-09-25 06:00:00,0.90970000,0.91250000,0.89360000,0.89800000,1807574.48546000
2025-09-25 10:00:00,0.89800000,0.90540000,0.88980000,0.89110000,1309383.99722000
2025-09-25 14:00:00,0.89110000,0.90930000,0.87880000,0.89610000,3921195.43845000
2025-09-25 18:00:00,0.89610000,0.89780000,0.85680000,0.88150000,5142581.27466000
2025-09-25 22:00:00,0.88150000,0.88460000,0.86530000,0.87250000,1632285.38817000
2025-09-26 02:00:00,0.87250000,0.89070000,0.87230000,0.88740000,1283076.19636000
2025-09-26 06:00:00,0.88740000,0.88880000,0.87060000,0.87730000,1027549.42763000
2025-09-26 10:00:00,0.87730000,0.88180000,0.85860000,0.86750000,1294577.88593000
2025-09-26 14:00:00,0.86750000,0.88660000,0.85960000,0.88320000,2215365.85608000
2025-09-26 18:00:00,0.88320000,0.90590000,0.88240000,0.89480000,1788862.38741000
2025-09-26 22:00:00,0.89480000,0.89920000,0.89160000,0.89610000,657723.43359000
2025-09-27 02:00:00,0.89610000,0.89650000,0.88860000,0.88960000,533114.41637000
2025-09-27 06:00:00,0.88960000,0.89540000,0.88650000,0.88800000,486724.47361000
2025-09-27 10:00:00,0.88800000,0.89060000,0.88020000,0.88710000,695053.22609000
2025-09-27 14:00:00,0.88710000,0.89240000,0.88190000,0.89020000,581502.93212000
2025-09-27 18:00:00,0.89020000,0.89090000,0.87800000,0.88070000,819760.76886000
2025-09-27 22:00:00,0.88070000,0.89150000,0.87940000,0.88370000,509455.65586000
2025-09-28 02:00:00,0.88370000,0.88580000,0.87310000,0.87890000,708776.71038000
2025-09-28 06:00:00,0.87890000,0.88240000,0.87170000,0.87840000,592433.22741000
2025-09-28 10:00:00,0.87840000,0.88080000,0.86730000,0.87060000,669294.15093000
2025-09-28 14:00:00,0.87060000,0.88150000,0.86420000,0.88150000,844575.50075000
2025-09-28 18:00:00,0.88150000,0.89000000,0.88040000,0.88790000,1570641.70246000
2025-09-28 22:00:00,0.88790000,0.90910000,0.88760000,0.90550000,1740525.12809000
2025-09-29 02:00:00,0.90550000,0.90590000,0.89140000,0.89420000,758514.63323000
2025-09-29 06:00:00,0.89420000,0.89510000,0.88180000,0.88850000,848293.45232000
2025-09-29 10:00:00,0.88850000,0.89400000,0.87500000,0.87950000,1311444.70363000
2025-09-29 14:00:00,0.87950000,0.90340000,0.87150000,0.88750000,3537959.40094000
2025-09-29 18:00:00,0.88750000,0.89690000,0.88020000,0.89590000,1795057.07830000
2025-09-29 22:00:00,0.89590000,0.90600000,0.89240000,0.89280000,1508181.55848000
2025-09-30 02:00:00,0.89280000,0.89560000,0.88270000,0.88360000,1020961.38029000
2025-09-30 06:00:00,0.88360000,0.88660000,0.87580000,0.87780000,691201.75438000
2025-09-30 10:00:00,0.87780000,0.88390000,0.87310000,0.87910000,1023685.84714000
2025-09-30 14:00:00,0.87910000,0.88990000,0.86280000,0.86620000,2376144.26916000
2025-09-30 18:00:00,0.86620000,0.88480000,0.86150000,0.88330000,1625822.47899000
2025-09-30 22:00:00,0.88330000,0.89180000,0.87610000,0.88370000,1474292.27265000
2025-10-01 02:00:00,0.88370000,0.88990000,0.87610000,0.87690000,831041.45498000
2025-10-01 06:00:00,0.87690000,0.89160000,0.87630000,0.88590000,1078015.30191000
2025-10-01 10:00:00,0.88590000,0.92890000,0.88410000,0.91990000,5073309.85231000
2025-10-01 14:00:00,0.91990000,0.93290000,0.91070000,0.93170000,2500516.86253000
2025-10-01 18:00:00,0.93170000,0.93560000,0.92020000,0.93120000,2051199.07035000
2025-10-01 22:00:00,0.93120000,0.93680000,0.92040000,0.93600000,1824571.08637000
2025-10-02 02:00:00,0.93600000,0.95000000,0.93290000,0.94560000,2180943.70203000
2025-10-02 06:00:00,0.94560000,0.95340000,0.93990000,0.94370000,1072894.96245000
2025-10-02 10:00:00,0.94370000,0.95260000,0.94220000,0.94660000,948064.47097000
2025-10-02 14:00:00,0.94660000,0.95030000,0.92400000,0.94470000,2933587.83774000
2025-10-02 18:00:00,0.94470000,0.96750000,0.94290000,0.96560000,2465932.01280000
2025-10-02 22:00:00,0.96560000,0.96580000,0.95310000,0.95680000,1214956.49348000
2025-10-03 02:00:00,0.95680000,0.95860000,0.94180000,0.94980000,1255134.67788000
2025-10-03 06:00:00,0.94980000,0.95970000,0.94060000,0.94480000,780046.06775000
2025-10-03 10:00:00,0.94480000,0.94840000,0.93820000,0.94280000,1144823.06402000
2025-10-03 14:00:00,0.94280000,0.96430000,0.93740000,0.96350000,2121200.67766000
2025-10-03 18:00:00,0.96350000,0.97930000,0.93780000,0.95490000,10222723.77818000
2025-10-03 22:00:00,0.95490000,0.95610000,0.94180000,0.94270000,1588218.36386000
2025-10-04 02:00:00,0.94270000,0.94560000,0.92610000,0.93020000,1388970.95282000
2025-10-04 06:00:00,0.93020000,0.93930000,0.92880000,0.93160000,1010332.58881000
2025-10-04 10:00:00,0.93160000,0.93320000,0.91740000,0.91910000,1500025.38767000
2025-10-04 14:00:00,0.91910000,0.92740000,0.90680000,0.90940000,2374925.94658000
2025-10-04 18:00:00,0.90940000,0.91570000,0.90710000,0.91470000,1060857.30427000
2025-10-04 22:00:00,0.91470000,0.92460000,0.91430000,0.92190000,755491.62935000
2025-10-05 02:00:00,0.92190000,0.93840000,0.91460000,0.93230000,1638613.03856000
2025-10-05 06:00:00,0.93230000,0.95910000,0.93080000,0.95790000,1605807.16996000
2025-10-05 10:00:00,0.95790000,0.96530000,0.93470000,0.94340000,3260811.46910000
2025-10-05 14:00:00,0.94340000,0.94510000,0.92900000,0.93060000,1694926.22791000
2025-10-05 18:00:00,0.93060000,0.93620000,0.91200000,0.91310000,2463617.35091000
2025-10-05 22:00:00,0.91310000,0.92050000,0.90270000,0.91650000,1885093.58407000
2025-10-06 02:00:00,0.91650000,0.92490000,0.90950000,0.91950000,1369760.78952000
2025-10-06 06:00:00,0.91950000,0.92910000,0.91110000,0.91810000,1398861.93630000
2025-10-06 10:00:00,0.91810000,0.93280000,0.91770000,0.92680000,1698086.86738000
2025-10-06 14:00:00,0.92680000,0.97790000,0.92680000,0.96690000,6084465.50548000
2025-10-06 18:00:00,0.96690000,0.97460000,0.95770000,0.97210000,2885976.54386000
2025-10-06 22:00:00,0.97210000,0.97370000,0.95970000,0.96220000,1517411.80501000
2025-10-07 02:00:00,0.96220000,0.96970000,0.95840000,0.96600000,1263715.03271000
2025-10-07 06:00:00,0.96600000,0.97040000,0.94240000,0.94510000,2375762.92034000
2025-10-07 10:00:00,0.94510000,0.95060000,0.93260000,0.94820000,2181926.52263000
2025-10-07 14:00:00,0.94820000,0.95370000,0.90530000,0.91050000,5658585.10318000
2025-10-07 18:00:00,0.91050000,0.91920000,0.90230000,0.90510000,2639385.46239000
2025-10-07 22:00:00,0.90510000,0.91800000,0.90430000,0.90810000,1660064.85028000
2025-10-08 02:00:00,0.90810000,0.92030000,0.89440000,0.90140000,2612304.26607000
2025-10-08 06:00:00,0.90140000,0.90890000,0.89540000,0.90820000,1014449.11905000
2025-10-08 10:00:00,0.90820000,0.91540000,0.90540000,0.90790000,958860.00097000
2025-10-08 14:00:00,0.90790000,0.92040000,0.90160000,0.90620000,1459207.16728000
2025-10-08 18:00:00,0.90620000,0.93330000,0.90430000,0.92430000,2511196.90418000
2025-10-08 22:00:00,0.92430000,0.92850000,0.91750000,0.92280000,1275951.05589000
2025-10-09 02:00:00,0.92280000,0.92690000,0.89520000,0.90520000,1849763.69860000
2025-10-09 06:00:00,0.90520000,0.90990000,0.89630000,0.89710000,877895.42672000
2025-10-09 10:00:00,0.89710000,0.89880000,0.88080000,0.89120000,1941120.35599000
2025-10-09 14:00:00,0.89120000,0.90020000,0.87290000,0.87590000,4831684.06190000
2025-10-09 18:00:00,0.87590000,0.88230000,0.86680000,0.88040000,2134706.73491000
2025-10-09 22:00:00,0.88040000,0.89070000,0.87770000,0.88360000,939752.20212000
2025-10-10 02:00:00,0.88360000,0.89140000,0.87470000,0.88440000,1127357.24513000
2025-10-10 06:00:00,0.88440000,0.89120000,0.87450000,0.87530000,1209486.28117000
2025-10-10 10:00:00,0.87530000,0.89000000,0.87340000,0.88860000,982615.07149000
2025-10-10 14:00:00,0.88860000,0.90160000,0.83710000,0.84900000,7100746.62302000
2025-10-10 18:00:00,0.84900000,0.85460000,0.81530000,0.82470000,4448588.50950000
2025-10-10 22:00:00,0.82470000,0.83380000,0.26030000,0.69230000,27832439.47009000
2025-10-11 02:00:00,0.69230000,0.75640000,0.68360000,0.73440000,10618500.85919000
2025-10-11 06:00:00,0.73440000,0.75800000,0.72660000,0.73650000,7958169.32394000
2025-10-11 10:00:00,0.73650000,0.76920000,0.73530000,0.76210000,5242353.12237000
2025-10-11 14:00:00,0.76210000,0.76910000,0.73520000,0.75190000,5533483.85517000
2025-10-11 18:00:00,0.75190000,0.75590000,0.71130000,0.71890000,2764826.07634000
2025-10-11 22:00:00,0.71890000,0.72190000,0.69450000,0.71690000,4692852.24014000
2025-10-12 02:00:00,0.71690000,0.72790000,0.69860000,0.72440000,1737884.52006000
2025-10-12 06:00:00,0.72440000,0.76260000,0.72330000,0.75640000,2284240.99454000
2025-10-12 10:00:00,0.75640000,0.76290000,0.73860000,0.75320000,1392417.77103000
2025-10-12 14:00:00,0.75320000,0.79980000,0.74180000,0.78750000,5807531.44631000
2025-10-12 18:00:00,0.78750000,0.82420000,0.78760000,0.81900000,3996945.31033000
2025-10-12 22:00:00,0.81900000,0.83540000,0.80700000,0.81460000,3414889.80045000
2025-10-13 02:00:00,0.81460000,0.82690000,0.80110000,0.80480000,1689846.91185000
2025-10-13 06:00:00,0.80480000,0.82950000,0.80040000,0.82380000,1685008.03624000
2025-10-13 10:00:00,0.82380000,0.83490000,0.78820000,0.80350000,2983869.66606000
2025-10-13 14:00:00,0.80350000,0.82820000,0.79660000,0.80980000,3215284.08038000
2025-10-13 18:00:00,0.80980000,0.83750000,0.79900000,0.82890000,2631683.93128000
2025-10-13 22:00:00,0.82890000,0.84260000,0.82510000,0.83230000,1316728.93843000
2025-10-14 02:00:00,0.83230000,0.83840000,0.80860000,0.81680000,1425497.37726000
2025-10-14 06:00:00,0.81680000,0.81820000,0.75470000,0.76370000,3838534.07601000
2025-10-14 10:00:00,0.76370000,0.77230000,0.74310000,0.76220000,3145234.53437000
2025-10-14 14:00:00,0.76220000,0.78880000,0.73920000,0.78810000,4896151.50160000
2025-10-14 18:00:00,0.78810000,0.80760000,0.77920000,0.79290000,4439974.47701000
2025-10-14 22:00:00,0.79290000,0.80110000,0.78580000,0.79960000,1280966.75874000
2025-10-15 02:00:00,0.79960000,0.80530000,0.78730000,0.79130000,1075072.03516000
2025-10-15 06:00:00,0.79130000,0.80450000,0.78750000,0.80350000,973314.10989000
2025-10-15 10:00:00,0.80350000,0.81990000,0.78830000,0.79280000,1830926.53902000
2025-10-15 14:00:00,0.79280000,0.79620000,0.76500000,0.77010000,3305976.71042000
2025-10-15 18:00:00,0.77010000,0.77260000,0.75890000,0.76280000,1927965.95416000
2025-10-15 22:00:00,0.76280000,0.76740000,0.75040000,0.76290000,2037482.52891000
2025-10-16 02:00:00,0.76290000,0.76990000,0.75570000,0.76170000,1186164.42122000
2025-10-16 06:00:00,0.76170000,0.77020000,0.75440000,0.76310000,727986.34570000
2025-10-16 10:00:00,0.76310000,0.77610000,0.73680000,0.77360000,2211176.86115000
2025-10-16 14:00:00,0.77360000,0.77940000,0.72880000,0.73280000,2975195.45817000
2025-10-16 18:00:00,0.73280000,0.75090000,0.71900000,0.72580000,4190587.32939000
2025-10-16 22:00:00,0.72580000,0.73060000,0.71310000,0.72680000,1996148.26666000
2025-10-17 02:00:00,0.72680000,0.73320000,0.71940000,0.72840000,974643.25600000
2025-10-17 06:00:00,0.72840000,0.72860000,0.67600000,0.68040000,2874017.88084000
2025-10-17 10:00:00,0.68040000,0.70580000,0.66420000,0.70080000,2980617.79308000
2025-10-17 14:00:00,0.70080000,0.70560000,0.68110000,0.70150000,2345103.57427000
2025-10-17 18:00:00,0.70150000,0.71070000,0.69350000,0.70010000,1687303.39019000
2025-10-17 22:00:00,0.70010000,0.71430000,0.69870000,0.70380000,733976.64490000
2025-10-18 02:00:00,0.70380000,0.71770000,0.70210000,0.71470000,628319.68006000
2025-10-18 06:00:00,0.71470000,0.72540000,0.70610000,0.71350000,776299.75467000
2025-10-18 10:00:00,0.71350000,0.72290000,0.71060000,0.72020000,589705.86085000
2025-10-18 14:00:00,0.72020000,0.72290000,0.70530000,0.70890000,854524.34561000
2025-10-18 18:00:00,0.70890000,0.71340000,0.70130000,0.71320000,649592.82541000
2025-10-18 22:00:00,0.71320000,0.71790000,0.70920000,0.71310000,488358.86144000
2025-10-19 02:00:00,0.71310000,0.71520000,0.70520000,0.71350000,370265.98213000
2025-10-19 06:00:00,0.71350000,0.71440000,0.70510000,0.70900000,406201.96132000
2025-10-19 10:00:00,0.70900000,0.73330000,0.70050000,0.72610000,1986875.67286000
2025-10-19 14:00:00,0.72610000,0.74590000,0.72070000,0.74070000,1348839.76062000
2025-10-19 18:00:00,0.74070000,0.74730000,0.73540000,0.74250000,1035020.98190000
2025-10-19 22:00:00,0.74250000,0.74510000,0.72980000,0.73120000,540550.54974000
2025-10-20 02:00:00,0.73120000,0.75250000,0.71450000,0.74990000,1054444.81280000
2025-10-20 06:00:00,0.74990000,0.77320000,0.74360000,0.76590000,1239416.10356000
2025-10-20 10:00:00,0.76590000,0.76790000,0.75380000,0.76110000,748160.50739000
2025-10-20 14:00:00,0.76110000,0.77000000,0.75570000,0.75600000,1003754.60556000
2025-10-20 18:00:00,0.75600000,0.75820000,0.74310000,0.75220000,1936215.44335000
2025-10-20 22:00:00,0.75220000,0.75490000,0.74510000,0.75170000,758985.26301000
2025-10-21 02:00:00,0.75170000,0.75370000,0.73570000,0.73640000,629650.46479000
2025-10-21 06:00:00,0.73640000,0.73670000,0.72060000,0.72780000,1106051.94892000
2025-10-21 10:00:00,0.72780000,0.73120000,0.71770000,0.72620000,852931.61824000
2025-10-21 14:00:00,0.72620000,0.77860000,0.72250000,0.77380000,3519904.41244000
2025-10-21 18:00:00,0.77380000,0.78130000,0.75620000,0.75750000,2242626.02901000
2025-10-21 22:00:00,0.75750000,0.75910000,0.72190000,0.72350000,1842993.82884000
2025-10-22 02:00:00,0.72350000,0.72860000,0.71720000,0.72190000,937428.67425000
2025-10-22 06:00:00,0.72190000,0.72920000,0.71340000,0.72080000,747676.09255000
2025-10-22 10:00:00,0.72080000,0.72520000,0.70550000,0.71890000,1180791.47196000
2025-10-22 14:00:00,0.71890000,0.72730000,0.71010000,0.71940000,1662145.50196000
2025-10-22 18:00:00,0.71940000,0.72230000,0.70230000,0.70870000,1289328.37290000
2025-10-22 22:00:00,0.70870000,0.71140000,0.68290000,0.70240000,1434397.31257000
2025-10-23 02:00:00,0.70240000,0.71360000,0.70110000,0.70800000,485911.94777000
2025-10-23 06:00:00,0.70800000,0.72360000,0.70680000,0.72070000,721792.11048000
2025-10-23 10:00:00,0.72070000,0.72580000,0.71420000,0.71550000,574934.78396000
2025-10-23 14:00:00,0.71550000,0.72420000,0.70880000,0.71980000,1108940.41283000
2025-10-23 18:00:00,0.71980000,0.73270000,0.71810000,0.72290000,966462.21653000
2025-10-23 22:00:00,0.72290000,0.72330000,0.71160000,0.72180000,902858.77346000
2025-10-24 02:00:00,0.72180000,0.72750000,0.71830000,0.72070000,618664.30506000
2025-10-24 06:00:00,0.72070000,0.73730000,0.71860000,0.73040000,751944.92970000
2025-10-24 10:00:00,0.73040000,0.73760000,0.72820000,0.73690000,711183.25123000
2025-10-24 14:00:00,0.73690000,0.75380000,0.72460000,0.72760000,1815931.42109000
2025-10-24 18:00:00,0.72760000,0.74070000,0.72310000,0.73880000,787440.46174000
2025-10-24 22:00:00,0.73880000,0.74460000,0.73840000,0.74390000,458970.98381000
2025-10-25 02:00:00,0.74390000,0.74440000,0.73010000,0.73010000,520829.43492000
2025-10-25 06:00:00,0.73010000,0.73320000,0.71920000,0.72030000,1009727.53527000
2025-10-25 10:00:00,0.72030000,0.72650000,0.71920000,0.72560000,700114.39073000
2025-10-25 14:00:00,0.72560000,0.73400000,0.72540000,0.73060000,630241.26136000
2025-10-25 18:00:00,0.73060000,0.73900000,0.72930000,0.73830000,585842.32327000
2025-10-25 22:00:00,0.73830000,0.73990000,0.73340000,0.73360000,522488.53412000
2025-10-26 02:00:00,0.73360000,0.73580000,0.72200000,0.72380000,667597.15589000
2025-10-26 05:00:00,0.72380000,0.73360000,0.72310000,0.73310000,253197.44965000
2025-10-26 09:00:00,0.73310000,0.75340000,0.73290000,0.75280000,830202.97222000
2025-10-26 13:00:00,0.75280000,0.76020000,0.74940000,0.75730000,929500.95893000
2025-10-26 17:00:00,0.75730000,0.75780000,0.75040000,0.75230000,423530.84028000
2025-10-26 21:00:00,0.75230000,0.76990000,0.74660000,0.76620000,1627145.97289000
2025-10-27 01:00:00,0.76620000,0.77700000,0.76390000,0.76780000,738509.27070000
2025-10-27 05:00:00,0.76780000,0.77950000,0.76010000,0.76460000,983489.45069000
2025-10-27 09:00:00,0.76460000,0.76650000,0.74600000,0.75120000,1546488.85681000
2025-10-27 13:00:00,0.75120000,0.75650000,0.73990000,0.75160000,1505946.01352000
2025-10-27 17:00:00,0.75160000,0.76670000,0.75160000,0.75300000,1573932.94058000
2025-10-27 21:00:00,0.75300000,0.75320000,0.73920000,0.74570000,954977.29161000
2025-10-28 01:00:00,0.74570000,0.75240000,0.73800000,0.74090000,712617.51833000
2025-10-28 05:00:00,0.74090000,0.75520000,0.73590000,0.74560000,1168385.47002000
2025-10-28 09:00:00,0.74560000,0.75350000,0.74460000,0.74690000,1467459.34102000
2025-10-28 13:00:00,0.74690000,0.76190000,0.73740000,0.74620000,2526083.27622000
2025-10-28 17:00:00,0.74620000,0.75270000,0.73010000,0.73390000,1457660.13625000
2025-10-28 21:00:00,0.73390000,0.73410000,0.71470000,0.72850000,1780046.40971000
2025-10-29 01:00:00,0.72850000,0.73260000,0.72610000,0.73080000,267418.15857000
2025-10-29 05:00:00,0.73080000,0.73760000,0.72920000,0.73190000,517177.81087000
2025-10-29 09:00:00,0.73190000,0.73960000,0.72840000,0.73750000,504174.77980000
2025-10-29 13:00:00,0.73750000,0.74390000,0.72230000,0.72570000,1274793.15171000
2025-10-29 17:00:00,0.72570000,0.75980000,0.71600000,0.74000000,3422133.23983000
2025-10-29 21:00:00,0.74000000,0.74970000,0.72250000,0.72820000,1178467.47975000
2025-10-30 01:00:00,0.72820000,0.73770000,0.72130000,0.73240000,737813.19669000
2025-10-30 05:00:00,0.73240000,0.73400000,0.70340000,0.73380000,1787327.14809000
2025-10-30 09:00:00,0.73380000,0.73420000,0.71340000,0.71390000,804544.58659000
2025-10-30 13:00:00,0.71390000,0.71520000,0.67710000,0.67950000,2790306.78963000
2025-10-30 17:00:00,0.67950000,0.68580000,0.66380000,0.66670000,2149260.43717000
2025-10-30 21:00:00,0.66670000,0.68890000,0.66410000,0.68820000,1194917.38108000
2025-10-31 01:00:00,0.68820000,0.69890000,0.68660000,0.69560000,761443.52801000
2025-10-31 05:00:00,0.69560000,0.70320000,0.68710000,0.68960000,772640.77083000
2025-10-31 09:00:00,0.68960000,0.69780000,0.68480000,0.69700000,824696.18497000
2025-10-31 13:00:00,0.69700000,0.70130000,0.68540000,0.69270000,1273252.45369000
2025-10-31 17:00:00,0.69270000,0.69530000,0.67230000,0.69200000,1436235.92704000
2025-10-31 21:00:00,0.69200000,0.69270000,0.68350000,0.68670000,816045.33547000
2025-11-01 01:00:00,0.68670000,0.69270000,0.67880000,0.69120000,577097.09051000
2025-11-01 05:00:00,0.69120000,0.69480000,0.68410000,0.69350000,429526.51152000
2025-11-01 09:00:00,0.69350000,0.69980000,0.69160000,0.69900000,553961.36449000
2025-11-01 13:00:00,0.69900000,0.69980000,0.68820000,0.69680000,853131.15951000
2025-11-01 17:00:00,0.69680000,0.70530000,0.69510000,0.70510000,713871.55128000
2025-11-01 21:00:00,0.70510000,0.70980000,0.69620000,0.70250000,737784.34380000
2025-11-02 01:00:00,0.70250000,0.70280000,0.69580000,0.69700000,338961.55688000
2025-11-02 05:00:00,0.69700000,0.70890000,0.69650000,0.70810000,514356.20084000
2025-11-02 09:00:00,0.70810000,0.70870000,0.69570000,0.70660000,683380.60905000
2025-11-02 13:00:00,0.70660000,0.70670000,0.68370000,0.68720000,1210946.32647000
2025-11-02 17:00:00,0.68720000,0.69030000,0.67940000,0.68380000,1223244.37378000
2025-11-02 21:00:00,0.68380000,0.69960000,0.68190000,0.69750000,581537.29394000
2025-11-03 01:00:00,0.69750000,0.69950000,0.65070000,0.65230000,2277442.42291000
2025-11-03 05:00:00,0.65230000,0.66050000,0.63980000,0.64670000,2131578.47324000
2025-11-03 09:00:00,0.64670000,0.65350000,0.63520000,0.64410000,1743179.78566000
2025-11-03 13:00:00,0.64410000,0.64940000,0.58630000,0.60930000,4640887.31992000
2025-11-03 17:00:00,0.60930000,0.63400000,0.60440000,0.61400000,1708024.57987000
2025-11-03 21:00:00,0.61400000,0.61540000,0.59960000,0.61450000,1917361.00947000
2025-11-04 01:00:00,0.61450000,0.62670000,0.60720000,0.62530000,1091045.50969000
2025-11-04 05:00:00,0.62530000,0.62820000,0.59080000,0.59590000,5016197.69139000
2025-11-04 09:00:00,0.59590000,0.61600000,0.59190000,0.61020000,1080503.60124000
2025-11-04 13:00:00,0.61020000,0.61730000,0.59270000,0.60080000,1955357.11524000
2025-11-04 17:00:00,0.60080000,0.60480000,0.56630000,0.57770000,4470441.61995000
2025-11-04 21:00:00,0.57770000,0.60030000,0.54920000,0.59280000,4661701.37894000
2025-11-05 01:00:00,0.59280000,0.60450000,0.56230000,0.60130000,1642122.69927000
2025-11-05 05:00:00,0.60130000,0.60690000,0.59730000,0.60280000,627699.29959000
2025-11-05 09:00:00,0.60280000,0.60490000,0.58970000,0.60420000,988811.55572000
2025-11-05 13:00:00,0.60420000,0.61430000,0.60180000,0.61400000,1231234.27507000
2025-11-05 17:00:00,0.61400000,0.62070000,0.60630000,0.61640000,1273775.67986000
2025-11-05 21:00:00,0.61640000,0.61920000,0.61060000,0.61600000,846877.83272000
2025-11-06 01:00:00,0.61600000,0.61730000,0.60220000,0.61200000,836066.55284000
2025-11-06 05:00:00,0.61200000,0.61350000,0.59900000,0.59990000,600519.30980000
2025-11-06 09:00:00,0.59990000,0.60320000,0.59630000,0.60020000,425889.98744000
2025-11-06 13:00:00,0.60020000,0.60530000,0.57920000,0.58230000,1679335.17955000
2025-11-06 17:00:00,0.58230000,0.59640000,0.57000000,0.59140000,1846952.54445000
2025-11-06 21:00:00,0.59140000,0.59660000,0.58360000,0.59510000,1041159.91684000
2025-11-07 01:00:00,0.59510000,0.61360000,0.59320000,0.61230000,1112788.20313000
2025-11-07 05:00:00,0.61230000,0.62090000,0.60480000,0.62090000,606430.55491000
2025-11-07 09:00:00,0.62090000,0.62290000,0.59670000,0.60490000,1053592.43223000
2025-11-07 13:00:00,0.60490000,0.63390000,0.59070000,0.63210000,1852059.29817000
2025-11-07 17:00:00,0.63210000,0.68750000,0.62930000,0.67560000,3087729.11434000
2025-11-07 21:00:00,0.67560000,0.68550000,0.66410000,0.66710000,1434821.42836000
2025-11-08 01:00:00,0.66710000,0.68130000,0.66250000,0.66390000,1957267.06711000
2025-11-08 05:00:00,0.66390000,0.67570000,0.65150000,0.66060000,705576.54747000
2025-11-08 09:00:00,0.66060000,0.67490000,0.65710000,0.66850000,907644.92540000
2025-11-08 13:00:00,0.66850000,0.67190000,0.64150000,0.64490000,1232410.22782000
2025-11-08 17:00:00,0.64490000,0.65630000,0.63960000,0.65350000,629171.89506000
2025-11-08 21:00:00,0.65350000,0.66090000,0.64950000,0.65970000,320831.70639000
2025-11-09 01:00:00,0.65970000,0.65990000,0.63140000,0.63530000,861228.40436000
2025-11-09 05:00:00,0.63530000,0.64760000,0.63500000,0.64720000,457147.97253000
2025-11-09 09:00:00,0.64720000,0.64940000,0.63410000,0.64630000,596558.17935000
2025-11-09 13:00:00,0.64630000,0.66980000,0.64470000,0.66400000,1086836.00082000
2025-11-09 17:00:00,0.66400000,0.67720000,0.65910000,0.67690000,925849.35140000
2025-11-09 21:00:00,0.67690000,0.67850000,0.66590000,0.67120000,723210.13270000
2025-11-10 01:00:00,0.67120000,0.69020000,0.66610000,0.68430000,1163580.09024000
2025-11-10 05:00:00,0.68430000,0.69520000,0.68110000,0.69410000,641085.44720000
2025-11-10 09:00:00,0.69410000,0.70210000,0.68730000,0.69260000,1122434.53549000
2025-11-10 13:00:00,0.69260000,0.69590000,0.67210000,0.68050000,1794741.39650000
2025-11-10 17:00:00,0.68050000,0.68940000,0.67110000,0.68310000,926363.47915000
2025-11-10 21:00:00,0.68310000,0.69830000,0.67630000,0.69260000,751001.96710000
2025-11-11 01:00:00,0.69260000,0.70540000,0.68260000,0.69580000,1244588.25779000
2025-11-11 05:00:00,0.69580000,0.69760000,0.66740000,0.66770000,788792.50902000
2025-11-11 09:00:00,0.66770000,0.67840000,0.66650000,0.67440000,572263.77141000
2025-11-11 13:00:00,0.67440000,0.67820000,0.66210000,0.66670000,878233.59538000
2025-11-11 17:00:00,0.66670000,0.67420000,0.65520000,0.65710000,805643.13567000
2025-11-11 21:00:00,0.65710000,0.65870000,0.64620000,0.64880000,801789.77020000
2025-11-12 01:00:00,0.64880000,0.65630000,0.64350000,0.65420000,576189.05125000
2025-11-12 05:00:00,0.65420000,0.66170000,0.65140000,0.65220000,372796.08789000
2025-11-12 09:00:00,0.65220000,0.67420000,0.65230000,0.67020000,529105.11649000
2025-11-12 13:00:00,0.67020000,0.67560000,0.64170000,0.64410000,1248569.05806000
2025-11-12 17:00:00,0.64410000,0.64580000,0.62780000,0.63490000,1217955.50170000
2025-11-12 21:00:00,0.63490000,0.64330000,0.63250000,0.63680000,992038.44946000
2025-11-13 01:00:00,0.63680000,0.65450000,0.63280000,0.64770000,768095.17218000
2025-11-13 05:00:00,0.64770000,0.66270000,0.64300000,0.65660000,686335.88783000
2025-11-13 09:00:00,0.65660000,0.66170000,0.65090000,0.65350000,682550.87345000
2025-11-13 13:00:00,0.65350000,0.65610000,0.63570000,0.63840000,1433498.02265000
2025-11-13 17:00:00,0.63840000,0.63910000,0.59670000,0.59930000,2551122.69778000
2025-11-13 21:00:00,0.59930000,0.61960000,0.59370000,0.61310000,819277.38293000
2025-11-14 01:00:00,0.61310000,0.61580000,0.60150000,0.60510000,670933.92931000
2025-11-14 05:00:00,0.60510000,0.60820000,0.58290000,0.60310000,1725771.38796000
2025-11-14 09:00:00,0.60310000,0.60340000,0.58580000,0.58950000,1106036.08490000
2025-11-14 13:00:00,0.58950000,0.60140000,0.57350000,0.59520000,1883490.80755000
2025-11-14 17:00:00,0.59520000,0.60470000,0.58850000,0.59860000,929228.38875000
2025-11-14 21:00:00,0.59860000,0.59930000,0.56560000,0.57480000,1198998.13746000
2025-11-15 01:00:00,0.57480000,0.59220000,0.57410000,0.59080000,598080.52837000
2025-11-15 05:00:00,0.59080000,0.59290000,0.58450000,0.58660000,342095.26178000
2025-11-15 09:00:00,0.58660000,0.58720000,0.57410000,0.57810000,475838.51321000
2025-11-15 13:00:00,0.57810000,0.58850000,0.57610000,0.58250000,404078.25992000
2025-11-15 17:00:00,0.58250000,0.59030000,0.57780000,0.58640000,413036.42830000
2025-11-15 21:00:00,0.58640000,0.58770000,0.57910000,0.58270000,273750.20038000
2025-11-16 01:00:00,0.58270000,0.58820000,0.57120000,0.58540000,490719.15564000
2025-11-16 05:00:00,0.58540000,0.58870000,0.58010000,0.58860000,252487.37766000
2025-11-16 09:00:00,0.58860000,0.59160000,0.57610000,0.57770000,583971.45758000
2025-11-16 13:00:00,0.57770000,0.58080000,0.55980000,0.56120000,1212043.03825000
2025-11-16 17:00:00,0.56120000,0.56690000,0.54670000,0.55440000,1838907.82740000
2025-11-16 21:00:00,0.55440000,0.56180000,0.54410000,0.55750000,1011092.50430000
2025-11-17 01:00:00,0.55750000,0.56530000,0.54950000,0.56290000,654799.65101000
2025-11-17 05:00:00,0.56290000,0.56690000,0.55800000,0.56440000,349572.12279000
2025-11-17 09:00:00,0.56440000,0.56930000,0.55830000,0.56490000,357783.26224000
2025-11-17 13:00:00,0.56490000,0.56640000,0.53830000,0.54090000,2441660.25685000
2025-11-17 17:00:00,0.54090000,0.55180000,0.52190000,0.52420000,1651022.06658000
2025-11-17 21:00:00,0.52420000,0.53200000,0.51910000,0.53120000,758218.66631000
2025-11-18 01:00:00,0.53120000,0.53590000,0.51800000,0.53270000,969066.33174000
2025-11-18 05:00:00,0.53270000,0.53910000,0.52170000,0.53210000,918161.33669000
2025-11-18 09:00:00,0.53210000,0.53990000,0.53120000,0.53370000,477818.51787000
2025-11-18 13:00:00,0.53370000,0.54700000,0.52720000,0.54250000,2058713.15396000
2025-11-18 17:00:00,0.54250000,0.55420000,0.54030000,0.55040000,1231730.72215000
2025-11-18 21:00:00,0.55040000,0.55300000,0.54210000,0.54610000,497150.52032000
2025-11-19 01:00:00,0.54610000,0.54820000,0.53570000,0.53700000,675957.99255000
2025-11-19 05:00:00,0.53700000,0.53830000,0.52180000,0.53590000,675219.82597000
2025-11-19 09:00:00,0.53590000,0.53770000,0.52940000,0.53350000,469157.43701000
2025-11-19 13:00:00,0.53350000,0.54070000,0.51860000,0.51970000,2731283.56259000
2025-11-19 17:00:00,0.51970000,0.52380000,0.50140000,0.50520000,1738402.40089000
2025-11-19 21:00:00,0.50520000,0.53120000,0.50450000,0.52930000,986320.20866000
2025-11-20 01:00:00,0.52930000,0.53560000,0.52640000,0.53350000,441203.06677000
2025-11-20 05:00:00,0.53350000,0.54090000,0.53050000,0.54050000,469751.55932000
2025-11-20 09:00:00,0.54050000,0.54450000,0.53480000,0.54060000,620160.26924000
2025-11-20 13:00:00,0.54060000,0.54970000,0.52920000,0.53000000,1104656.65518000
2025-11-20 17:00:00,0.53000000,0.53050000,0.49370000,0.50530000,2339132.16354000
2025-11-20 21:00:00,0.50530000,0.51890000,0.49990000,0.50050000,840569.71449000
2025-11-21 01:00:00,0.50050000,0.50980000,0.48830000,0.49150000,836953.24827000
2025-11-21 05:00:00,0.49150000,0.49560000,0.44380000,0.46900000,1939410.88898000
2025-11-21 09:00:00,0.46900000,0.47360000,0.45390000,0.45560000,1387952.09077000
2025-11-21 13:00:00,0.45560000,0.47560000,0.44380000,0.46390000,1820983.38811000
2025-11-21 17:00:00,0.46390000,0.48120000,0.45740000,0.46970000,1240301.91934000
2025-11-21 21:00:00,0.46970000,0.47080000,0.45180000,0.46640000,801963.79233000
2025-11-22 01:00:00,0.46640000,0.47150000,0.46310000,0.46560000,392600.77980000
2025-11-22 05:00:00,0.46560000,0.46590000,0.45330000,0.46390000,609698.71460000
2025-11-22 09:00:00,0.46390000,0.46390000,0.45390000,0.46140000,675440.55177000
2025-11-22 13:00:00,0.46140000,0.46470000,0.45200000,0.45900000,622267.74994000
2025-11-22 17:00:00,0.45900000,0.46520000,0.45730000,0.45890000,310248.36273000
2025-11-22 21:00:00,0.45890000,0.46850000,0.45510000,0.46240000,281876.50014000
2025-11-23 01:00:00,0.46240000,0.47190000,0.45990000,0.46920000,451846.94481000
2025-11-23 05:00:00,0.46920000,0.47520000,0.46410000,0.46810000,279863.24462000
2025-11-23 09:00:00,0.46810000,0.47250000,0.46730000,0.47070000,346289.16680000
2025-11-23 13:00:00,0.47070000,0.47960000,0.46920000,0.47780000,471301.90958000
2025-11-23 17:00:00,0.47780000,0.48360000,0.47270000,0.48130000,394325.76052000
2025-11-23 21:00:00,0.48130000,0.48560000,0.47430000,0.47520000,1097293.51515000
2025-11-24 01:00:00,0.47520000,0.48610000,0.46940000,0.48190000,543062.03288000
2025-11-24 05:00:00,0.48190000,0.48590000,0.47270000,0.47810000,440649.50039000
2025-11-24 09:00:00,0.47810000,0.47850000,0.46770000,0.47360000,535323.59179000
2025-11-24 13:00:00,0.47360000,0.48060000,0.46780000,0.47820000,820800.89133000
2025-11-24 17:00:00,0.47820000,0.50430000,0.47830000,0.50070000,851341.06300000
2025-11-24 21:00:00,0.50070000,0.50760000,0.49870000,0.49970000,359966.68838000
2025-11-25 01:00:00,0.49970000,0.50170000,0.49340000,0.49680000,326407.84752000
2025-11-25 05:00:00,0.49680000,0.50110000,0.49260000,0.49300000,441167.96066000
2025-11-25 09:00:00,0.49300000,0.49920000,0.48940000,0.49430000,410344.15215000
2025-11-25 13:00:00,0.49430000,0.50010000,0.48480000,0.49490000,712019.90129000
2025-11-25 17:00:00,0.49490000,0.50690000,0.49210000,0.50000000,1975531.08673000
2025-11-25 21:00:00,0.50000000,0.50990000,0.49440000,0.50540000,525893.47545000
2025-11-26 01:00:00,0.50540000,0.50780000,0.49870000,0.49890000,283617.01933000
2025-11-26 05:00:00,0.49890000,0.50550000,0.49740000,0.50530000,382301.77818000
2025-11-26 09:00:00,0.50530000,0.50570000,0.49630000,0.49720000,714220.26572000
2025-11-26 13:00:00,0.49720000,0.50080000,0.49190000,0.49470000,930675.79780000
2025-11-26 17:00:00,0.49470000,0.51930000,0.49490000,0.51750000,1864443.17045000
2025-11-26 21:00:00,0.51750000,0.52070000,0.51300000,0.51670000,642482.04970000
2025-11-27 01:00:00,0.51670000,0.52650000,0.51420000,0.51670000,687711.67057000
2025-11-27 05:00:00,0.51670000,0.52060000,0.51490000,0.51770000,323947.17747000
2025-11-27 09:00:00,0.51770000,0.52230000,0.51380000,0.51700000,831168.53093000
2025-11-27 13:00:00,0.51700000,0.52800000,0.51520000,0.52730000,497733.03189000
2025-11-27 17:00:00,0.52730000,0.53950000,0.52580000,0.53140000,1553327.31159000
2025-11-27 21:00:00,0.53140000,0.53190000,0.52010000,0.52140000,386993.67976000
2025-11-28 01:00:00,0.52140000,0.52350000,0.51240000,0.51840000,672756.97097000
2025-11-28 05:00:00,0.51840000,0.52010000,0.51450000,0.51490000,308044.89427000
2025-11-28 09:00:00,0.51490000,0.52930000,0.51490000,0.52190000,727253.85157000
2025-11-28 13:00:00,0.52190000,0.53350000,0.52000000,0.52960000,850281.24120000
2025-11-28 17:00:00,0.52960000,0.52970000,0.51040000,0.51980000,1033615.89149000
2025-11-28 21:00:00,0.51980000,0.52010000,0.51410000,0.51530000,425805.69507000
2025-11-29 01:00:00,0.51530000,0.51960000,0.51310000,0.51490000,329588.91463000
2025-11-29 05:00:00,0.51490000,0.51940000,0.51080000,0.51240000,245518.34959000
2025-11-29 09:00:00,0.51240000,0.51590000,0.50870000,0.51520000,321354.12841000
2025-11-29 13:00:00,0.51520000,0.51640000,0.50790000,0.51330000,673540.10162000
2025-11-29 17:00:00,0.51330000,0.51350000,0.50460000,0.50860000,443410.28560000
2025-11-29 21:00:00,0.50860000,0.51220000,0.50710000,0.50940000,273182.24454000
2025-11-30 01:00:00,0.50940000,0.51320000,0.50570000,0.51310000,279550.08296000
2025-11-30 05:00:00,0.51310000,0.51360000,0.50810000,0.51270000,266543.91205000
2025-11-30 09:00:00,0.51270000,0.51560000,0.50830000,0.50880000,353424.46154000
2025-11-30 13:00:00,0.50880000,0.51960000,0.50710000,0.51330000,540233.80509000
2025-11-30 17:00:00,0.51330000,0.52060000,0.51320000,0.51630000,438762.08957000
2025-11-30 21:00:00,0.51630000,0.51850000,0.50260000,0.50370000,355298.93482000
2025-12-01 01:00:00,0.50370000,0.50500000,0.46420000,0.46520000,1598914.79399000
2025-12-01 05:00:00,0.46520000,0.46740000,0.46130000,0.46700000,493794.14552000
2025-12-01 09:00:00,0.46700000,0.46850000,0.46030000,0.46080000,522339.04125000
2025-12-01 13:00:00,0.46080000,0.46590000,0.44710000,0.45440000,1124959.27815000
2025-12-01 17:00:00,0.45440000,0.45460000,0.44790000,0.45030000,727821.59458000
2025-12-01 21:00:00,0.45030000,0.46630000,0.45030000,0.46230000,453333.92308000
2025-12-02 01:00:00,0.46230000,0.46970000,0.45640000,0.46130000,539860.60052000
2025-12-02 05:00:00,0.46130000,0.46350000,0.45710000,0.45990000,366492.14133000
2025-12-02 09:00:00,0.45990000,0.46650000,0.45440000,0.46540000,520361.85181000
2025-12-02 13:00:00,0.46540000,0.51190000,0.46330000,0.51080000,1457998.32251000
2025-12-02 17:00:00,0.51080000,0.51540000,0.50430000,0.50450000,959597.26256000
2025-12-02 21:00:00,0.50450000,0.50680000,0.49690000,0.50130000,440557.11950000
2025-12-03 01:00:00,0.50130000,0.50960000,0.49950000,0.50540000,482385.62930000
2025-12-03 05:00:00,0.50540000,0.51890000,0.50450000,0.51060000,697465.26803000
2025-12-03 09:00:00,0.51060000,0.51280000,0.50340000,0.50820000,698464.80196000
2025-12-03 13:00:00,0.50820000,0.51220000,0.49450000,0.50370000,1146411.45127000
2025-12-03 17:00:00,0.50370000,0.51190000,0.49980000,0.50910000,682398.63006000
2025-12-03 21:00:00,0.50910000,0.52020000,0.50700000,0.51290000,466211.57300000
2025-12-04 01:00:00,0.51290000,0.51970000,0.50940000,0.51040000,458819.29195000
2025-12-04 05:00:00,0.51040000,0.51120000,0.50350000,0.50600000,695248.06433000
2025-12-04 09:00:00,0.50600000,0.50980000,0.50180000,0.50310000,842361.39169000
2025-12-04 13:00:00,0.50310000,0.50490000,0.49390000,0.50070000,2425567.72248000
2025-12-04 17:00:00,0.50070000,0.50170000,0.48130000,0.49090000,1478454.24874000
2025-12-04 21:00:00,0.49090000,0.49440000,0.48860000,0.49090000,279198.62690000
2025-12-05 01:00:00,0.49090000,0.49420000,0.48720000,0.48810000,408857.49312000
2025-12-05 05:00:00,0.48810000,0.49200000,0.48360000,0.49170000,467303.52497000
2025-12-05 09:00:00,0.49170000,0.49180000,0.47770000,0.47960000,679735.99247000
2025-12-05 13:00:00,0.47960000,0.48540000,0.47220000,0.47620000,853919.90987000
2025-12-05 17:00:00,0.47620000,0.47650000,0.45490000,0.46140000,2062208.43932000
2025-12-05 21:00:00,0.46140000,0.46410000,0.45880000,0.46310000,936217.96352000
2025-12-06 01:00:00,0.46310000,0.46820000,0.46190000,0.46810000,182200.73568000
2025-12-06 05:00:00,0.46810000,0.46970000,0.46150000,0.46370000,265155.84241000
2025-12-06 09:00:00,0.46370000,0.46510000,0.46120000,0.46450000,289881.79239000
2025-12-06 13:00:00,0.46450000,0.47050000,0.46390000,0.46520000,332146.99802000
2025-12-06 17:00:00,0.46520000,0.46920000,0.46350000,0.46480000,362449.86702000
2025-12-06 21:00:00,0.46480000,0.46990000,0.46450000,0.46760000,142858.20964000
2025-12-07 01:00:00,0.46760000,0.47020000,0.46720000,0.46890000,154344.60017000
2025-12-07 05:00:00,0.46890000,0.46940000,0.46320000,0.46520000,169836.47464000
2025-12-07 09:00:00,0.46520000,0.46540000,0.45890000,0.45980000,361833.24260000
2025-12-07 13:00:00,0.45980000,0.46350000,0.44590000,0.46100000,1266131.68340000
2025-12-07 17:00:00,0.46100000,0.47780000,0.45610000,0.47260000,766796.77237000
2025-12-07 21:00:00,0.47260000,0.47380000,0.45060000,0.45550000,599120.85640000
2025-12-08 01:00:00,0.45550000,0.46660000,0.45330000,0.46320000,498675.33648000
2025-12-08 05:00:00,0.46320000,0.47080000,0.46330000,0.46880000,364107.29466000
2025-12-08 09:00:00,0.46880000,0.47810000,0.46760000,0.47110000,345764.22811000
2025-12-08 13:00:00,0.47110000,0.50890000,0.46830000,0.47740000,6319832.81736000
2025-12-08 17:00:00,0.47740000,0.47910000,0.46800000,0.47380000,1879332.10337000
2025-12-08 21:00:00,0.47380000,0.48490000,0.47340000,0.48430000,1254663.28732000
2025-12-09 01:00:00,0.48430000,0.48460000,0.47330000,0.47980000,707518.81623000
2025-12-09 05:00:00,0.47980000,0.48290000,0.47160000,0.47810000,596667.11483000
2025-12-09 09:00:00,0.47810000,0.48040000,0.47280000,0.48010000,625976.89926000
2025-12-09 13:00:00,0.48010000,0.49960000,0.47860000,0.49880000,1573221.60563000
2025-12-09 17:00:00,0.49880000,0.52000000,0.49880000,0.50790000,2489264.50023000
2025-12-09 21:00:00,0.50790000,0.50830000,0.49340000,0.49900000,818354.28010000
2025-12-10 01:00:00,0.49900000,0.50110000,0.49240000,0.49740000,616455.32864000
2025-12-10 05:00:00,0.49740000,0.50250000,0.49440000,0.49620000,760883.62504000
2025-12-10 09:00:00,0.49620000,0.50070000,0.48880000,0.49110000,791694.76315000
2025-12-10 13:00:00,0.49110000,0.49620000,0.48960000,0.49160000,424317.19845000
2025-12-10 17:00:00,0.49160000,0.50740000,0.49070000,0.50360000,1014755.25465000
2025-12-10 21:00:00,0.50360000,0.51590000,0.48720000,0.48950000,1496382.61284000
2025-12-11 01:00:00,0.48950000,0.49000000,0.46350000,0.46480000,903329.57467000
2025-12-11 05:00:00,0.46480000,0.47230000,0.46360000,0.46790000,542568.27179000
2025-12-11 09:00:00,0.46790000,0.46840000,0.46430000,0.46660000,475028.09113000
2025-12-11 13:00:00,0.46660000,0.47020000,0.46110000,0.46470000,934886.81996000
2025-12-11 17:00:00,0.46470000,0.46990000,0.46020000,0.46460000,900620.01805000
2025-12-11 21:00:00,0.46460000,0.48290000,0.46410000,0.47330000,844703.38248000
2025-12-12 01:00:00,0.47330000,0.47950000,0.46740000,0.47370000,516183.09664000
2025-12-12 05:00:00,0.47370000,0.47910000,0.47070000,0.47460000,489722.82764000
2025-12-12 09:00:00,0.47460000,0.47930000,0.47180000,0.47660000,323661.75442000
2025-12-12 13:00:00,0.47660000,0.47910000,0.45350000,0.45580000,1078900.09326000
2025-12-12 17:00:00,0.45580000,0.46010000,0.44820000,0.45540000,1305719.81916000
2025-12-12 21:00:00,0.45540000,0.45990000,0.45320000,0.45840000,304439.35777000
2025-12-13 01:00:00,0.45840000,0.46310000,0.45830000,0.46190000,446847.90111000
2025-12-13 05:00:00,0.46190000,0.46250000,0.45790000,0.46050000,938756.82027000
2025-12-13 09:00:00,0.46050000,0.46510000,0.46070000,0.46180000,228637.86210000
2025-12-13 13:00:00,0.46180000,0.46440000,0.45960000,0.46260000,213100.26308000
2025-12-13 17:00:00,0.46260000,0.46420000,0.46090000,0.46290000,310149.59720000
2025-12-13 21:00:00,0.46290000,0.46350000,0.45830000,0.46290000,208635.05655000
2025-12-14 01:00:00,0.46290000,0.46540000,0.46110000,0.46370000,338516.43860000
2025-12-14 05:00:00,0.46370000,0.46430000,0.45840000,0.46080000,239424.65914000
2025-12-14 09:00:00,0.46080000,0.46180000,0.44880000,0.45380000,706168.17904000
2025-12-14 13:00:00,0.45380000,0.45620000,0.44840000,0.45010000,538719.74371000
2025-12-14 17:00:00,0.45010000,0.45250000,0.44500000,0.44690000,885365.33591000
2025-12-14 21:00:00,0.44690000,0.44910000,0.43700000,0.44110000,641464.93452000
2025-12-15 01:00:00,0.44110000,0.45550000,0.44050000,0.44920000,776954.11446000
2025-12-15 05:00:00,0.44920000,0.45270000,0.44700000,0.44790000,252209.10102000
2025-12-15 09:00:00,0.44790000,0.45380000,0.44730000,0.45020000,450190.02038000
2025-12-15 13:00:00,0.45020000,0.45190000,0.41680000,0.41870000,2358381.14980000
2025-12-15 17:00:00,0.41870000,0.42010000,0.40330000,0.40650000,2267728.52394000
2025-12-15 21:00:00,0.40650000,0.41650000,0.40200000,0.41620000,529546.47319000
2025-12-16 01:00:00,0.41620000,0.41730000,0.39980000,0.40570000,558551.08218000
2025-12-16 05:00:00,0.40570000,0.41000000,0.39840000,0.40280000,449122.26582000
2025-12-16 09:00:00,0.40280000,0.41460000,0.40120000,0.41400000,592144.61844000
2025-12-16 13:00:00,0.41400000,0.41860000,0.40370000,0.41650000,1052147.65646000
2025-12-16 17:00:00,0.41650000,0.41690000,0.40840000,0.41350000,484765.90482000
2025-12-16 21:00:00,0.41350000,0.41610000,0.41160000,0.41470000,253857.05467000
2025-12-17 01:00:00,0.41470000,0.41870000,0.41240000,0.41460000,303514.73657000
2025-12-17 05:00:00,0.41460000,0.41560000,0.40680000,0.40960000,327479.54459000
2025-12-17 09:00:00,0.40960000,0.40960000,0.40380000,0.40740000,302259.03758000
2025-12-17 13:00:00,0.40740000,0.42390000,0.40060000,0.40230000,1129522.93708000
2025-12-17 17:00:00,0.40230000,0.40530000,0.38520000,0.39110000,1152643.74266000
2025-12-17 21:00:00,0.39110000,0.39350000,0.38570000,0.39000000,389238.80820000
2025-12-18 01:00:00,0.39000000,0.39160000,0.38560000,0.38680000,319713.60280000
2025-12-18 05:00:00,0.38680000,0.38880000,0.38010000,0.38380000,361319.17031000
2025-12-18 09:00:00,0.38380000,0.38980000,0.38330000,0.38760000,404255.77596000
2025-12-18 13:00:00,0.38760000,0.40640000,0.38620000,0.40010000,842162.02075000
2025-12-18 17:00:00,0.40010000,0.40030000,0.36560000,0.36680000,1137099.08500000
2025-12-18 21:00:00,0.36680000,0.37550000,0.36620000,0.36840000,539966.90081000
2025-12-19 01:00:00,0.36840000,0.38120000,0.35980000,0.37740000,612280.48579000
2025-12-19 05:00:00,0.37740000,0.38910000,0.37630000,0.38460000,411938.89224000
2025-12-19 09:00:00,0.38460000,0.38810000,0.38200000,0.38750000,331678.97776000
2025-12-19 13:00:00,0.38750000,0.39880000,0.38490000,0.39060000,982398.77011000
2025-12-19 17:00:00,0.39060000,0.40050000,0.38710000,0.39720000,2289431.51312000
2025-12-19 21:00:00,0.39720000,0.40130000,0.39570000,0.39750000,678160.70400000
2025-12-20 01:00:00,0.39750000,0.39770000,0.39360000,0.39620000,270152.42195000
2025-12-20 05:00:00,0.39620000,0.40050000,0.39330000,0.40030000,318883.57844000
2025-12-20 09:00:00,0.40030000,0.40230000,0.39680000,0.40050000,435246.83099000
2025-12-20 13:00:00,0.40050000,0.40070000,0.39570000,0.39930000,196888.05699000
2025-12-20 17:00:00,0.39930000,0.39980000,0.39630000,0.39780000,223493.36814000
2025-12-20 21:00:00,0.39780000,0.40120000,0.39760000,0.39870000,165894.14226000
2025-12-21 01:00:00,0.39870000,0.39880000,0.39240000,0.39530000,257263.10312000
2025-12-21 05:00:00,0.39530000,0.39610000,0.39260000,0.39410000,215213.96998000
2025-12-21 09:00:00,0.39410000,0.39930000,0.39310000,0.39350000,336705.83192000
2025-12-21 13:00:00,0.39350000,0.39550000,0.37980000,0.38410000,626745.98640000
2025-12-21 17:00:00,0.38410000,0.38840000,0.38260000,0.38780000,375024.66293000
2025-12-21 21:00:00,0.38780000,0.39220000,0.38390000,0.39020000,222254.90667000
2025-12-22 01:00:00,0.39020000,0.40140000,0.38560000,0.39170000,723753.34964000
2025-12-22 05:00:00,0.39170000,0.39660000,0.39130000,0.39610000,158510.00594000
2025-12-22 09:00:00,0.39610000,0.40040000,0.39470000,0.39810000,242107.56146000
2025-12-22 13:00:00,0.39810000,0.40370000,0.39620000,0.40110000,413783.02193000
2025-12-22 17:00:00,0.40110000,0.40360000,0.38910000,0.39010000,588356.08843000
2025-12-22 21:00:00,0.39010000,0.39450000,0.38720000,0.39330000,239469.26607000
2025-12-23 01:00:00,0.39330000,0.39670000,0.38760000,0.39030000,260324.63261000
2025-12-23 05:00:00,0.39030000,0.39150000,0.38520000,0.38660000,244481.89339000
2025-12-23 09:00:00,0.38660000,0.39050000,0.38460000,0.38980000,499087.22233000
2025-12-23 13:00:00,0.38980000,0.39030000,0.38070000,0.38540000,629438.30745000
2025-12-23 17:00:00,0.38540000,0.39070000,0.38240000,0.38750000,427409.31592000
2025-12-23 21:00:00,0.38750000,0.39190000,0.38370000,0.38630000,258360.59686000
2025-12-24 01:00:00,0.38630000,0.38970000,0.37780000,0.38260000,402460.98053000
2025-12-24 05:00:00,0.38260000,0.38430000,0.37510000,0.37540000,310836.10837000
2025-12-24 09:00:00,0.37540000,0.37750000,0.37380000,0.37640000,488958.10175000
2025-12-24 13:00:00,0.37640000,0.37780000,0.37040000,0.37440000,476336.10522000
2025-12-24 17:00:00,0.37440000,0.37820000,0.37310000,0.37650000,437902.35348000
2025-12-24 21:00:00,0.37650000,0.37950000,0.37530000,0.37590000,161413.86304000
2025-12-25 01:00:00,0.37590000,0.38050000,0.37470000,0.37930000,253479.60969000
2025-12-25 05:00:00,0.37930000,0.38030000,0.37620000,0.37750000,214735.63229000
2025-12-25 09:00:00,0.37750000,0.37990000,0.37180000,0.37300000,431658.11536000
2025-12-25 13:00:00,0.37300000,0.38200000,0.37230000,0.38050000,280051.64324000
2025-12-25 17:00:00,0.38050000,0.38360000,0.37670000,0.38330000,288614.42009000
2025-12-25 21:00:00,0.38330000,0.38350000,0.36610000,0.36770000,484958.51255000
2025-12-26 01:00:00,0.36770000,0.38420000,0.36570000,0.38250000,674370.91233000
2025-12-26 05:00:00,0.38250000,0.38490000,0.37780000,0.37870000,426041.17306000
2025-12-26 09:00:00,0.37870000,0.38280000,0.37870000,0.38000000,424861.52739000
2025-12-26 13:00:00,0.38000000,0.38340000,0.37040000,0.37230000,622621.29406000
2025-12-26 17:00:00,0.37230000,0.37550000,0.36870000,0.37480000,206342.63390000
2025-12-26 21:00:00,0.37480000,0.37680000,0.37280000,0.37540000,125759.85249000
2025-12-27 01:00:00,0.37540000,0.37780000,0.37470000,0.37640000,152825.50856000
2025-12-27 05:00:00,0.37640000,0.37670000,0.37250000,0.37570000,317149.39620000
2025-12-27 09:00:00,0.37570000,0.37910000,0.37340000,0.37860000,215977.17089000
2025-12-27 13:00:00,0.37860000,0.38010000,0.37580000,0.37940000,231804.06218000
2025-12-27 17:00:00,0.37940000,0.38020000,0.37710000,0.37910000,158389.99544000
2025-12-27 21:00:00,0.37910000,0.38890000,0.37910000,0.38750000,276988.05868000
2025-12-28 01:00:00,0.38750000,0.38840000,0.38520000,0.38810000,191016.46689000
2025-12-28 05:00:00,0.38810000,0.39040000,0.38610000,0.38980000,211772.29534000
2025-12-28 09:00:00,0.38980000,0.39220000,0.38870000,0.38980000,204428.99575000
2025-12-28 13:00:00,0.38980000,0.39240000,0.38650000,0.38980000,288586.61985000
2025-12-28 17:00:00,0.38980000,0.39090000,0.38290000,0.38340000,379914.87234000
2025-12-28 21:00:00,0.38340000,0.38790000,0.38250000,0.38740000,231310.06461000
2025-12-29 01:00:00,0.38740000,0.39850000,0.38600000,0.39810000,667475.41908000
2025-12-29 05:00:00,0.39810000,0.39980000,0.38990000,0.39170000,436306.18045000
2025-12-29 09:00:00,0.39170000,0.39370000,0.38270000,0.38410000,341381.74563000
2025-12-29 13:00:00,0.38410000,0.38490000,0.37730000,0.38230000,605157.46428000
2025-12-29 17:00:00,0.38230000,0.38230000,0.37670000,0.37810000,1011369.39692000
2025-12-29 21:00:00,0.37810000,0.37940000,0.37610000,0.37670000,198723.70929000
2025-12-30 01:00:00,0.37670000,0.37810000,0.37290000,0.37690000,311675.10544000
2025-12-30 05:00:00,0.37690000,0.37790000,0.37350000,0.37560000,157361.76828000
2025-12-30 09:00:00,0.37560000,0.38160000,0.37540000,0.37850000,349338.05914000
2025-12-30 13:00:00,0.37850000,0.38170000,0.37430000,0.37930000,463006.78980000
2025-12-30 17:00:00,0.37930000,0.38240000,0.37240000,0.37580000,3078881.22970000
2025-12-30 21:00:00,0.37580000,0.37590000,0.37240000,0.37440000,239651.64704000
2025-12-31 01:00:00,0.37440000,0.37720000,0.37260000,0.37520000,247495.15573000
2025-12-31 05:00:00,0.37520000,0.37590000,0.37270000,0.37440000,114458.16774000
2025-12-31 09:00:00,0.37440000,0.37760000,0.37320000,0.37720000,165666.46872000
2025-12-31 13:00:00,0.37720000,0.37780000,0.36970000,0.37090000,494960.57920000
2025-12-31 17:00:00,0.37090000,0.37180000,0.36070000,0.36230000,910522.55231000
2025-12-31 21:00:00,0.36230000,0.36460000,0.35810000,0.35870000,428437.53340000
2026-01-01 01:00:00,0.35870000,0.36180000,0.35730000,0.35830000,284571.73012000
2026-01-01 05:00:00,0.35830000,0.36050000,0.35480000,0.35870000,257470.41670000
2026-01-01 09:00:00,0.35870000,0.36490000,0.35860000,0.36450000,192894.31748000
2026-01-01 13:00:00,0.36450000,0.37610000,0.36250000,0.37290000,399100.90108000
2026-01-01 17:00:00,0.37290000,0.38260000,0.37170000,0.38250000,1041926.90023000
2026-01-01 21:00:00,0.38250000,0.38750000,0.37870000,0.38710000,597561.09089000
2026-01-02 01:00:00,0.38710000,0.39590000,0.38390000,0.39430000,513258.64669000
2026-01-02 05:00:00,0.39430000,0.39520000,0.38950000,0.39210000,251112.19235000
2026-01-02 09:00:00,0.39210000,0.40520000,0.39180000,0.39880000,767239.00966000
2026-01-02 13:00:00,0.39880000,0.41070000,0.39740000,0.40740000,928265.81006000
2026-01-02 17:00:00,0.40740000,0.42050000,0.40650000,0.41930000,911294.50904000
2026-01-02 21:00:00,0.41930000,0.42720000,0.41930000,0.42360000,704432.91031000
2026-01-03 01:00:00,0.42360000,0.42990000,0.42310000,0.42840000,305689.25101000
2026-01-03 05:00:00,0.42840000,0.42920000,0.41020000,0.41270000,420844.27970000
2026-01-03 09:00:00,0.41270000,0.41790000,0.41060000,0.41580000,252716.39689000
2026-01-03 13:00:00,0.41580000,0.42220000,0.41490000,0.41780000,386725.76518000
2026-01-03 17:00:00,0.41780000,0.42420000,0.41790000,0.42400000,364097.53364000
2026-01-03 21:00:00,0.42400000,0.42840000,0.42080000,0.42740000,536035.73409000
2026-01-04 01:00:00,0.42740000,0.43570000,0.42580000,0.43410000,633672.98113000
2026-01-04 05:00:00,0.43410000,0.44320000,0.43160000,0.43410000,553804.97987000
2026-01-04 09:00:00,0.43410000,0.43970000,0.42990000,0.43720000,353664.07967000
2026-01-04 13:00:00,0.43720000,0.44210000,0.43540000,0.44140000,587705.32257000
2026-01-04 17:00:00,0.44140000,0.44460000,0.43250000,0.43630000,574001.23975000
2026-01-04 21:00:00,0.43630000,0.44110000,0.43480000,0.43850000,275070.96966000
2026-01-05 01:00:00,0.43850000,0.44940000,0.43660000,0.44370000,471508.88152000
2026-01-05 05:00:00,0.44370000,0.44460000,0.43100000,0.43970000,382910.57625000
2026-01-05 09:00:00,0.43970000,0.44180000,0.43370000,0.43670000,356113.46647000
2026-01-05 13:00:00,0.43670000,0.44370000,0.43210000,0.44330000,987887.61550000
2026-01-05 17:00:00,0.44330000,0.45440000,0.43740000,0.45120000,879123.80237000
2026-01-05 21:00:00,0.45120000,0.46190000,0.45080000,0.45460000,580477.52513000
2026-01-06 01:00:00,0.45460000,0.46210000,0.44910000,0.45860000,352886.79178000
2026-01-06 05:00:00,0.45860000,0.46040000,0.44610000,0.44720000,451446.01786000
2026-01-06 09:00:00,0.44720000,0.45670000,0.44640000,0.45640000,329722.91848000
2026-01-06 13:00:00,0.45640000,0.47080000,0.45500000,0.45840000,1671203.95292000
2026-01-06 17:00:00,0.45840000,0.46130000,0.43320000,0.44110000,2604771.52216000
2026-01-06 21:00:00,0.44110000,0.45840000,0.44110000,0.45730000,935943.57555000
2026-01-07 01:00:00,0.45730000,0.45730000,0.44010000,0.44440000,564758.08256000
2026-01-07 05:00:00,0.44440000,0.44850000,0.44090000,0.44850000,281370.34924000
2026-01-07 09:00:00,0.44850000,0.45120000,0.43720000,0.43970000,743989.91417000
2026-01-07 13:00:00,0.43970000,0.43990000,0.42320000,0.42560000,1159468.37689000
2026-01-07 17:00:00,0.42560000,0.42900000,0.41910000,0.42290000,730465.20444000
2026-01-07 21:00:00,0.42290000,0.42450000,0.41800000,0.42220000,432935.45711000
2026-01-08 01:00:00,0.42220000,0.42640000,0.41670000,0.41740000,621464.39881000
2026-01-08 05:00:00,0.41740000,0.42080000,0.40700000,0.41420000,860631.69584000
2026-01-08 09:00:00,0.41420000,0.41670000,0.40460000,0.40530000,609032.79000000
2026-01-08 13:00:00,0.40530000,0.41380000,0.39920000,0.41330000,832833.48788000
2026-01-08 17:00:00,0.41330000,0.41410000,0.40570000,0.40680000,564784.86680000
2026-01-08 21:00:00,0.40680000,0.41090000,0.40300000,0.40710000,475409.61608000
2026-01-09 01:00:00,0.40710000,0.41080000,0.40260000,0.40690000,302846.26188000
2026-01-09 05:00:00,0.40690000,0.40730000,0.40370000,0.40400000,157245.10259000
2026-01-09 09:00:00,0.40400000,0.40470000,0.39730000,0.40190000,413033.81574000
2026-01-09 13:00:00,0.40190000,0.41360000,0.39780000,0.40750000,752389.07613000
2026-01-09 17:00:00,0.40750000,0.41340000,0.39760000,0.39940000,904940.42107000
2026-01-09 21:00:00,0.39940000,0.40390000,0.39900000,0.40230000,306841.98190000
2026-01-10 01:00:00,0.40230000,0.40250000,0.39830000,0.40100000,382280.13374000
2026-01-10 05:00:00,0.40100000,0.40290000,0.39840000,0.40180000,177497.83852000
2026-01-10 09:00:00,0.40180000,0.40530000,0.40110000,0.40510000,247883.58802000
2026-01-10 13:00:00,0.40510000,0.40710000,0.40050000,0.40080000,304663.65808000
2026-01-10 17:00:00,0.40080000,0.40230000,0.39890000,0.40180000,323154.84932000
2026-01-10 21:00:00,0.40180000,0.40190000,0.39720000,0.39920000,275410.65066000
2026-01-11 01:00:00,0.39920000,0.40160000,0.39870000,0.40030000,114088.78768000
2026-01-11 05:00:00,0.40030000,0.40420000,0.39950000,0.40220000,323446.43887000
2026-01-11 09:00:00,0.40220000,0.40390000,0.40090000,0.40140000,230661.58340000
2026-01-11 13:00:00,0.40140000,0.40450000,0.39830000,0.39960000,362542.91998000
2026-01-11 17:00:00,0.39960000,0.40450000,0.39850000,0.39950000,478462.21829000
2026-01-11 21:00:00,0.39950000,0.39940000,0.39160000,0.39890000,860401.73108000
2026-01-12 01:00:00,0.39890000,0.40820000,0.39270000,0.40150000,1297589.75170000
2026-01-12 05:00:00,0.40150000,0.40520000,0.39490000,0.39520000,2970224.11375000
2026-01-12 09:00:00,0.39520000,0.39760000,0.38920000,0.39300000,902471.70115000
2026-01-12 13:00:00,0.39300000,0.39610000,0.38510000,0.39550000,824781.41628000
2026-01-12 17:00:00,0.39550000,0.39970000,0.38930000,0.39370000,527641.60611000
2026-01-12 21:00:00,0.39370000,0.39620000,0.38540000,0.38650000,415918.26328000
2026-01-13 01:00:00,0.38650000,0.39080000,0.38450000,0.38980000,345536.37001000
2026-01-13 05:00:00,0.38980000,0.39570000,0.38900000,0.39040000,267261.84466000
2026-01-13 09:00:00,0.39040000,0.40030000,0.38870000,0.39810000,1736228.43030000
2026-01-13 13:00:00,0.39810000,0.40820000,0.39750000,0.40820000,1460403.52162000
2026-01-13 17:00:00,0.40820000,0.41050000,0.40330000,0.40680000,729025.68878000
2026-01-13 21:00:00,0.40680000,0.42230000,0.40460000,0.41570000,1187916.51482000
2026-01-14 01:00:00,0.41570000,0.42070000,0.41420000,0.41930000,608665.88283000
2026-01-14 05:00:00,0.41930000,0.42030000,0.40990000,0.41420000,466483.48325000
2026-01-14 09:00:00,0.41420000,0.41630000,0.40500000,0.40580000,388345.32710000
2026-01-14 13:00:00,0.40580000,0.41630000,0.40250000,0.41320000,927313.22289000
2026-01-14 17:00:00,0.41320000,0.41890000,0.39840000,0.40320000,1480874.95087000
2026-01-14 21:00:00,0.40320000,0.40680000,0.39790000,0.40090000,507356.66357000
2026-01-15 01:00:00,0.40090000,0.40120000,0.38310000,0.38410000,859711.47916000
2026-01-15 05:00:00,0.38410000,0.39280000,0.38310000,0.39070000,657613.20976000
2026-01-15 09:00:00,0.39070000,0.39480000,0.38900000,0.39070000,522490.29601000
2026-01-15 13:00:00,0.39070000,0.39480000,0.37840000,0.38540000,1118030.01593000
2026-01-15 17:00:00,0.38540000,0.38620000,0.37450000,0.37870000,964048.68105000
2026-01-15 21:00:00,0.37870000,0.38070000,0.37510000,0.37990000,338112.71746000
2026-01-16 01:00:00,0.37990000,0.38270000,0.37710000,0.37850000,370617.46270000
2026-01-16 05:00:00,0.37850000,0.38070000,0.37600000,0.37910000,316560.84596000
2026-01-16 09:00:00,0.37910000,0.38150000,0.37780000,0.37890000,308155.57126000
2026-01-16 13:00:00,0.37890000,0.38100000,0.36940000,0.37190000,924195.64726000
2026-01-16 17:00:00,0.37190000,0.37740000,0.37130000,0.37570000,574092.81974000
2026-01-16 21:00:00,0.37570000,0.38750000,0.37370000,0.38350000,5527673.58629000
2026-01-17 01:00:00,0.38350000,0.38670000,0.38260000,0.38560000,538286.89486000
2026-01-17 05:00:00,0.38560000,0.38920000,0.38460000,0.38850000,477946.11411000
2026-01-17 09:00:00,0.38850000,0.39120000,0.38310000,0.38490000,797135.90799000
2026-01-17 13:00:00,0.38490000,0.39790000,0.38460000,0.39480000,1133095.20956000
2026-01-17 17:00:00,0.39480000,0.39530000,0.38790000,0.39080000,1071725.01934000
2026-01-17 21:00:00,0.39080000,0.39170000,0.38340000,0.38510000,651435.05923000
2026-01-18 01:00:00,0.38510000,0.38920000,0.38330000,0.38440000,380060.35342000
2026-01-18 05:00:00,0.38440000,0.38710000,0.38320000,0.38470000,221212.21252000
2026-01-18 09:00:00,0.38470000,0.38550000,0.37700000,0.37850000,592797.31500000
2026-01-18 13:00:00,0.37850000,0.37980000,0.36860000,0.37190000,2213188.39930000
2026-01-18 17:00:00,0.37190000,0.37290000,0.36460000,0.36580000,1832501.20492000
2026-01-18 21:00:00,0.36580000,0.37110000,0.35260000,0.35460000,3886164.78259000
2026-01-19 01:00:00,0.35460000,0.35460000,0.31880000,0.34070000,2915413.19664000
2026-01-19 05:00:00,0.34070000,0.34170000,0.33540000,0.33670000,703773.98121000
2026-01-19 09:00:00,0.33670000,0.34130000,0.33520000,0.33710000,650740.04304000
2026-01-19 13:00:00,0.33710000,0.33920000,0.33400000,0.33910000,749805.07804000
2026-01-19 17:00:00,0.33910000,0.35040000,0.33880000,0.34960000,997979.87284000
2026-01-19 21:00:00,0.34960000,0.35070000,0.34370000,0.34840000,705412.28665000
2026-01-20 01:00:00,0.34840000,0.34960000,0.34510000,0.34710000,407035.36437000
2026-01-20 05:00:00,0.34710000,0.34860000,0.33990000,0.33990000,673472.77618000
2026-01-20 09:00:00,0.33990000,0.34140000,0.33640000,0.33920000,488490.10388000
2026-01-20 13:00:00,0.33920000,0.34280000,0.33400000,0.33770000,1218993.24887000
2026-01-20 17:00:00,0.33770000,0.33880000,0.33040000,0.33360000,994551.61356000
2026-01-20 21:00:00,0.33360000,0.33650000,0.32640000,0.32890000,1109538.38892000
2026-01-21 01:00:00,0.32890000,0.33810000,0.32890000,0.33620000,418796.49203000
2026-01-21 05:00:00,0.33620000,0.34150000,0.33470000,0.33520000,1187103.00493000
2026-01-21 09:00:00,0.33520000,0.33670000,0.32920000,0.32990000,911847.13760000
2026-01-21 13:00:00,0.32990000,0.34140000,0.32510000,0.34010000,1063490.26976000
2026-01-21 17:00:00,0.34010000,0.34890000,0.32410000,0.34830000,1951786.39412000
2026-01-21 21:00:00,0.34830000,0.34860000,0.33860000,0.33990000,1339723.64651000
2026-01-22 01:00:00,0.33990000,0.34670000,0.33990000,0.34210000,1099530.18655000
2026-01-22 05:00:00,0.34210000,0.34460000,0.34110000,0.34230000,849426.15622000
2026-01-22 09:00:00,0.34230000,0.34540000,0.34130000,0.34290000,411501.02103000
2026-01-22 13:00:00,0.34290000,0.34570000,0.33420000,0.33780000,516461.62135000
2026-01-22 17:00:00,0.33780000,0.34500000,0.33710000,0.34140000,835269.50330000
2026-01-22 21:00:00,0.34140000,0.34470000,0.33790000,0.34210000,327363.96669000
2026-01-23 01:00:00,0.34210000,0.34640000,0.34120000,0.34600000,322021.65875000
2026-01-23 05:00:00,0.34600000,0.35430000,0.34520000,0.35310000,578954.19211000
2026-01-23 09:00:00,0.35310000,0.35460000,0.34740000,0.35070000,564309.80710000
2026-01-23 13:00:00,0.35070000,0.35720000,0.34430000,0.35640000,1456490.62147000
2026-01-23 17:00:00,0.35640000,0.36250000,0.34790000,0.34960000,992028.42796000
2026-01-23 21:00:00,0.34960000,0.35030000,0.34460000,0.34670000,739041.77008000
2026-01-24 01:00:00,0.34670000,0.34900000,0.34300000,0.34740000,409362.02517000
2026-01-24 05:00:00,0.34740000,0.34830000,0.34440000,0.34530000,255632.29961000
2026-01-24 09:00:00,0.34530000,0.34760000,0.34240000,0.34430000,259743.50597000
2026-01-24 13:00:00,0.34430000,0.34630000,0.34140000,0.34370000,274093.13309000
2026-01-24 17:00:00,0.34370000,0.34660000,0.34250000,0.34300000,219566.48868000
2026-01-24 21:00:00,0.34300000,0.34510000,0.34290000,0.34330000,145894.95740000
2026-01-25 01:00:00,0.34330000,0.34370000,0.33660000,0.33860000,569022.56853000
2026-01-25 05:00:00,0.33860000,0.33940000,0.33510000,0.33660000,171101.04649000
2026-01-25 09:00:00,0.33660000,0.34080000,0.33440000,0.33970000,437266.54047000
2026-01-25 13:00:00,0.33970000,0.33990000,0.33350000,0.33410000,377630.98682000
2026-01-25 17:00:00,0.33410000,0.33400000,0.31630000,0.31860000,1569422.95278000
2026-01-25 21:00:00,0.31860000,0.32390000,0.31760000,0.32250000,515736.30904000
2026-01-26 01:00:00,0.32250000,0.33090000,0.32160000,0.32560000,369062.72376000
2026-01-26 05:00:00,0.32560000,0.33140000,0.32570000,0.33070000,225642.14494000
2026-01-26 09:00:00,0.33070000,0.33390000,0.32660000,0.32960000,271445.35510000
2026-01-26 13:00:00,0.32960000,0.33800000,0.32770000,0.33230000,488664.66562000
2026-01-26 17:00:00,0.33230000,0.33910000,0.33140000,0.33380000,665530.88489000
2026-01-26 21:00:00,0.33380000,0.33760000,0.33140000,0.33170000,358088.40710000
2026-01-27 01:00:00,0.33170000,0.33720000,0.33030000,0.33580000,399472.34310000
2026-01-27 05:00:00,0.33580000,0.33760000,0.33310000,0.33430000,355043.24111000
2026-01-27 09:00:00,0.33430000,0.33520000,0.33080000,0.33180000,726113.42692000
2026-01-27 13:00:00,0.33180000,0.33310000,0.32690000,0.32980000,1345119.91551000
2026-01-27 17:00:00,0.32980000,0.33530000,0.32350000,0.33120000,1916370.37277000
2026-01-27 21:00:00,0.33120000,0.34180000,0.33080000,0.34050000,3392625.83983000
2026-01-28 01:00:00,0.34050000,0.34120000,0.33640000,0.33740000,517939.05567000
2026-01-28 05:00:00,0.33740000,0.34170000,0.33570000,0.34040000,236779.75242000
2026-01-28 09:00:00,0.34040000,0.34770000,0.33790000,0.34710000,1117829.18047000
2026-01-28 13:00:00,0.34710000,0.35230000,0.33470000,0.33640000,1702577.74929000
2026-01-28 17:00:00,0.33640000,0.34290000,0.33440000,0.34140000,1572545.90100000
2026-01-28 21:00:00,0.34140000,0.35010000,0.33740000,0.34620000,970028.01141000
2026-01-29 01:00:00,0.34620000,0.34690000,0.33160000,0.33500000,1185069.88582000
2026-01-29 05:00:00,0.33500000,0.33590000,0.33210000,0.33410000,196969.68757000
2026-01-29 09:00:00,0.33410000,0.33460000,0.32740000,0.32900000,458345.50168000
2026-01-29 13:00:00,0.32900000,0.33240000,0.31030000,0.31710000,1409423.67465000
2026-01-29 17:00:00,0.31710000,0.32310000,0.30630000,0.30910000,1300740.76286000
2026-01-29 21:00:00,0.30910000,0.31670000,0.30820000,0.31480000,332777.98963000
2026-01-30 01:00:00,0.31480000,0.31790000,0.30150000,0.30600000,855324.71627000
2026-01-30 05:00:00,0.30600000,0.31370000,0.30330000,0.31030000,435453.26915000
2026-01-30 09:00:00,0.31030000,0.31460000,0.30490000,0.31320000,257889.57670000
2026-01-30 13:00:00,0.31320000,0.31430000,0.30680000,0.31180000,490351.83444000
2026-01-30 17:00:00,0.31180000,0.32010000,0.30310000,0.31720000,692094.92537000
2026-01-30 21:00:00,0.31720000,0.31720000,0.30960000,0.31130000,301729.03596000
2026-01-31 01:00:00,0.31130000,0.31190000,0.30890000,0.31090000,129906.99350000
2026-01-31 05:00:00,0.31090000,0.31450000,0.30610000,0.30680000,215469.93058000
2026-01-31 09:00:00,0.30680000,0.30750000,0.29850000,0.30070000,413069.39590000
2026-01-31 13:00:00,0.30070000,0.30130000,0.28170000,0.28820000,1102137.21145000
2026-01-31 17:00:00,0.28820000,0.29270000,0.25560000,0.27690000,2220371.08262000
2026-01-31 21:00:00,0.27690000,0.29010000,0.27290000,0.28750000,1821739.77994000
2026-02-01 01:00:00,0.28750000,0.29060000,0.28360000,0.28980000,411524.66255000
2026-02-01 05:00:00,0.28980000,0.29110000,0.28680000,0.28910000,436458.05789000
2026-02-01 09:00:00,0.28910000,0.29200000,0.28400000,0.28650000,418866.77089000
2026-02-01 13:00:00,0.28650000,0.28700000,0.27230000,0.27630000,1039858.14588000
2026-02-01 17:00:00,0.27630000,0.28440000,0.27320000,0.27750000,937882.70552000
2026-02-01 21:00:00,0.27750000,0.28060000,0.26830000,0.27460000,607760.88893000
2026-02-02 01:00:00,0.27460000,0.28280000,0.26420000,0.27530000,737101.18411000
2026-02-02 05:00:00,0.27530000,0.27880000,0.26460000,0.27340000,584467.58743000
2026-02-02 09:00:00,0.27340000,0.28070000,0.27310000,0.27850000,389683.38860000
2026-02-02 13:00:00,0.27850000,0.28940000,0.27850000,0.28750000,908473.42470000
2026-02-02 17:00:00,0.28750000,0.28840000,0.28270000,0.28340000,518631.22048000
2026-02-02 21:00:00,0.28340000,0.28510000,0.28110000,0.28410000,541308.65431000
2026-02-03 01:00:00,0.28410000,0.28460000,0.27630000,0.28210000,412092.44025000
2026-02-03 05:00:00,0.28210000,0.28490000,0.27950000,0.28330000,225877.87678000
2026-02-03 09:00:00,0.28330000,0.28520000,0.27850000,0.28110000,308036.61909000
2026-02-03 13:00:00,0.28110000,0.29670000,0.27960000,0.29590000,1925077.87939000
2026-02-03 17:00:00,0.29590000,0.29610000,0.26810000,0.28220000,2525181.18188000
2026-02-03 21:00:00,0.28220000,0.29480000,0.27680000,0.27850000,914233.82282000
2026-02-04 01:00:00,0.27850000,0.28660000,0.27620000,0.28430000,293868.22942000
2026-02-04 05:00:00,0.28430000,0.28620000,0.28190000,0.28470000,423852.72741000
2026-02-04 09:00:00,0.28470000,0.28530000,0.27670000,0.28020000,288045.38111000
2026-02-04 13:00:00,0.28020000,0.28090000,0.26620000,0.26940000,913801.01010000
2026-02-04 17:00:00,0.26940000,0.27750000,0.26350000,0.27690000,920708.94331000
2026-02-04 21:00:00,0.27690000,0.27720000,0.26470000,0.26980000,512542.99704000
2026-02-05 01:00:00,0.26980000,0.27310000,0.26340000,0.26410000,396571.64363000
2026-02-05 05:00:00,0.26410000,0.26760000,0.25970000,0.26050000,431254.32661000
2026-02-05 09:00:00,0.26050000,0.26470000,0.24960000,0.25240000,530556.98996000
2026-02-05 13:00:00,0.25240000,0.25790000,0.23570000,0.24200000,1367476.52226000
2026-02-05 17:00:00,0.24200000,0.24690000,0.23210000,0.23290000,1505662.98914000
2026-02-05 21:00:00,0.23290000,0.23500000,0.22120000,0.22480000,1490278.77140000
2026-02-06 01:00:00,0.22480000,0.23320000,0.20180000,0.22920000,1605679.49409000
2026-02-06 05:00:00,0.22920000,0.23980000,0.22840000,0.23210000,488226.97641000
2026-02-06 09:00:00,0.23210000,0.24660000,0.23040000,0.24440000,679105.35286000
2026-02-06 13:00:00,0.24440000,0.25990000,0.24240000,0.25470000,1131398.52238000
2026-02-06 17:00:00,0.25470000,0.26930000,0.25350000,0.25870000,843449.65381000
2026-02-06 21:00:00,0.25870000,0.26220000,0.25610000,0.25790000,510744.04652000
2026-02-07 01:00:00,0.25790000,0.25820000,0.25250000,0.25640000,503906.77639000
2026-02-07 05:00:00,0.25640000,0.26050000,0.24620000,0.24940000,987554.80568000
2026-02-07 09:00:00,0.24940000,0.25140000,0.24730000,0.24920000,246659.65491000
2026-02-07 13:00:00,0.24920000,0.25830000,0.24890000,0.25640000,579964.36673000
2026-02-07 17:00:00,0.25640000,0.26330000,0.25520000,0.26130000,969634.95735000
2026-02-07 21:00:00,0.26130000,0.26830000,0.26080000,0.26230000,316195.90362000
2026-02-08 01:00:00,0.26230000,0.26280000,0.25830000,0.25880000,136034.70017000
2026-02-08 05:00:00,0.25880000,0.26030000,0.25670000,0.25850000,232329.03265000
2026-02-08 09:00:00,0.25850000,0.26370000,0.25790000,0.26250000,332815.61296000
2026-02-08 13:00:00,0.26250000,0.26290000,0.25840000,0.25950000,427658.97340000
2026-02-08 17:00:00,0.25950000,0.26090000,0.25330000,0.26040000,245182.28579000
2026-02-08 21:00:00,0.26040000,0.26390000,0.25520000,0.25780000,351829.60137000
2026-02-09 01:00:00,0.25780000,0.25850000,0.25290000,0.25820000,326009.99468000
2026-02-09 05:00:00,0.25820000,0.25810000,0.24760000,0.24770000,443998.34848000
2026-02-09 09:00:00,0.24770000,0.24830000,0.24040000,0.24260000,683668.08462000
2026-02-09 13:00:00,0.24260000,0.25010000,0.24060000,0.24910000,523620.36443000
2026-02-09 17:00:00,0.24910000,0.25570000,0.24670000,0.25290000,336824.82032000
2026-02-09 21:00:00,0.25290000,0.25420000,0.24840000,0.25040000,162318.00183000
2026-02-10 01:00:00,0.25040000,0.25360000,0.24630000,0.24860000,194536.47925000
2026-02-10 05:00:00,0.24860000,0.25020000,0.24290000,0.24520000,441194.06719000
2026-02-10 09:00:00,0.24520000,0.24740000,0.24470000,0.24480000,1065548.26744000
2026-02-10 13:00:00,0.24480000,0.24860000,0.24350000,0.24710000,1669461.42697000
2026-02-10 17:00:00,0.24710000,0.25130000,0.24360000,0.24620000,2811600.68374000
2026-02-10 21:00:00,0.24620000,0.24770000,0.24470000,0.24720000,1689224.17025000
2026-02-11 01:00:00,0.24720000,0.25050000,0.24530000,0.24810000,3068430.19553000
2026-02-11 05:00:00,0.24810000,0.24850000,0.23910000,0.23990000,1827980.25619000
2026-02-11 09:00:00,0.23990000,0.24020000,0.23730000,0.23980000,188221.80274000
2026-02-11 13:00:00,0.23980000,0.25140000,0.23520000,0.23820000,809682.54802000
2026-02-11 17:00:00,0.23820000,0.24480000,0.23640000,0.24270000,1258872.39503000
2026-02-11 21:00:00,0.24270000,0.24770000,0.23960000,0.24120000,470974.46819000
2026-02-12 01:00:00,0.24120000,0.24730000,0.24120000,0.24590000,378929.74123000
2026-02-12 05:00:00,0.24590000,0.25100000,0.24430000,0.25080000,299474.54979000
2026-02-12 09:00:00,0.25080000,0.25980000,0.24920000,0.25700000,1534062.55665000
2026-02-12 13:00:00,0.25700000,0.25770000,0.24890000,0.24930000,638283.42752000
2026-02-12 17:00:00,0.24930000,0.25220000,0.24260000,0.24790000,527368.54139000
2026-02-12 21:00:00,0.24790000,0.25210000,0.24460000,0.25110000,446138.64049000
2026-02-13 01:00:00,0.25110000,0.25230000,0.24710000,0.24860000,396831.88699000
2026-02-13 05:00:00,0.24860000,0.25040000,0.24570000,0.24880000,131454.36024000
2026-02-13 09:00:00,0.24880000,0.25540000,0.24840000,0.25390000,235353.16505000
2026-02-13 13:00:00,0.25390000,0.26470000,0.25200000,0.25990000,511818.93706000
2026-02-13 17:00:00,0.25990000,0.26560000,0.25890000,0.26290000,716160.97688000
2026-02-13 21:00:00,0.26290000,0.26530000,0.26220000,0.26320000,286676.13326000
2026-02-14 01:00:00,0.26320000,0.27260000,0.26330000,0.27230000,658779.98164000
2026-02-14 05:00:00,0.27230000,0.27590000,0.26930000,0.27350000,361086.94830000
2026-02-14 09:00:00,0.27350000,0.28320000,0.27350000,0.28270000,507805.96946000
2026-02-14 13:00:00,0.28270000,0.28530000,0.27740000,0.28510000,393352.15983000
2026-02-14 17:00:00,0.28510000,0.29540000,0.28060000,0.29440000,613453.13197000
2026-02-14 21:00:00,0.29440000,0.29750000,0.29050000,0.29430000,607514.95248000
2026-02-15 01:00:00,0.29430000,0.29730000,0.28550000,0.29080000,639938.64320000
2026-02-15 05:00:00,0.29080000,0.29650000,0.29040000,0.29150000,540633.53119000
2026-02-15 09:00:00,0.29150000,0.29200000,0.28380000,0.28580000,357442.14228000
2026-02-15 13:00:00,0.28580000,0.28630000,0.27570000,0.28050000,611905.43091000
2026-02-15 17:00:00,0.28050000,0.28060000,0.26970000,0.27150000,474907.87847000
2026-02-15 21:00:00,0.27150000,0.27660000,0.27040000,0.27540000,210749.90967000
2026-02-16 01:00:00,0.27540000,0.27770000,0.27350000,0.27510000,421393.16348000
2026-02-16 05:00:00,0.27510000,0.27850000,0.27270000,0.27460000,403106.36121000
2026-02-16 09:00:00,0.27460000,0.27880000,0.27170000,0.27540000,203336.89915000
2026-02-16 13:00:00,0.27540000,0.28220000,0.26830000,0.27030000,789914.53750000
2026-02-16 17:00:00,0.27030000,0.27530000,0.27010000,0.27420000,203751.31417000
2026-02-16 21:00:00,0.27420000,0.27890000,0.27320000,0.27830000,188514.04698000
2026-02-17 01:00:00,0.27830000,0.27860000,0.27450000,0.27680000,220193.44764000
2026-02-17 05:00:00,0.27680000,0.27870000,0.27370000,0.27620000,118899.55034000
2026-02-17 09:00:00,0.27620000,0.27710000,0.27250000,0.27410000,121842.52420000
2026-02-17 13:00:00,0.27410000,0.27830000,0.27010000,0.27420000,362165.14798000
2026-02-17 17:00:00,0.27420000,0.28050000,0.27170000,0.27480000,373244.85732000
2026-02-17 21:00:00,0.27480000,0.27620000,0.27320000,0.27430000,115374.40142000
2026-02-18 01:00:00,0.27430000,0.27610000,0.27160000,0.27560000,157990.14599000
2026-02-18 05:00:00,0.27560000,0.27910000,0.27470000,0.27790000,117106.55266000
2026-02-18 09:00:00,0.27790000,0.27930000,0.27110000,0.27160000,214930.82975000
2026-02-18 13:00:00,0.27160000,0.27770000,0.26920000,0.27410000,446237.41359000
2026-02-18 17:00:00,0.27410000,0.27420000,0.26340000,0.26510000,637994.41795000
2026-02-18 21:00:00,0.26510000,0.26680000,0.26270000,0.26460000,212619.32657000
2026-02-19 01:00:00,0.26460000,0.26790000,0.26280000,0.26760000,142758.21310000
2026-02-19 05:00:00,0.26760000,0.26850000,0.26490000,0.26710000,129064.10054000
2026-02-19 09:00:00,0.26710000,0.26710000,0.26030000,0.26060000,299852.19571000
2026-02-19 13:00:00,0.26060000,0.26080000,0.25540000,0.25740000,434200.41668000
2026-02-19 17:00:00,0.25740000,0.26100000,0.25410000,0.26010000,287575.85461000
2026-02-19 21:00:00,0.26010000,0.26190000,0.25860000,0.26170000,378522.83793000
2026-02-20 01:00:00,0.26170000,0.26450000,0.26110000,0.26230000,530012.31887000
2026-02-20 05:00:00,0.26230000,0.26430000,0.25950000,0.26270000,144329.33088000
2026-02-20 09:00:00,0.26270000,0.26690000,0.26200000,0.26280000,431356.32377000
2026-02-20 13:00:00,0.26280000,0.26980000,0.25620000,0.26970000,528554.60043000
2026-02-20 17:00:00,0.26970000,0.27220000,0.26250000,0.26690000,498906.36946000
2026-02-20 21:00:00,0.26690000,0.26840000,0.26530000,0.26740000,158445.91240000
2026-02-21 01:00:00,0.26740000,0.26910000,0.26550000,0.26760000,156713.81220000
2026-02-21 05:00:00,0.26760000,0.26910000,0.26630000,0.26770000,84460.44087000
2026-02-21 09:00:00,0.26770000,0.27330000,0.26740000,0.27180000,303863.74966000
2026-02-21 13:00:00,0.27180000,0.27470000,0.26940000,0.27160000,207971.10518000
2026-02-21 17:00:00,0.27160000,0.27170000,0.26830000,0.26920000,218934.23289000
2026-02-21 21:00:00,0.26920000,0.26990000,0.26640000,0.26710000,125317.25747000
2026-02-22 01:00:00,0.26710000,0.26730000,0.26210000,0.26410000,228650.87103000
2026-02-22 05:00:00,0.26410000,0.26520000,0.26210000,0.26270000,183576.88130000
2026-02-22 09:00:00,0.26270000,0.26580000,0.25950000,0.26510000,519214.04486000
2026-02-22 13:00:00,0.26510000,0.26530000,0.25930000,0.26130000,261247.92774000
2026-02-22 17:00:00,0.26130000,0.26130000,0.25860000,0.25940000,155814.53117000
2026-02-22 21:00:00,0.25940000,0.26260000,0.25870000,0.26230000,85830.94338000
2026-02-23 01:00:00,0.26230000,0.26280000,0.24660000,0.24940000,527057.05630000
2026-02-23 05:00:00,0.24940000,0.25450000,0.24750000,0.25300000,136406.60042000
2026-02-23 09:00:00,0.25300000,0.25850000,0.25090000,0.25560000,199828.85809000
2026-02-23 13:00:00,0.25560000,0.26010000,0.25140000,0.25200000,261607.15793000
2026-02-23 17:00:00,0.25200000,0.25310000,0.24570000,0.24690000,342732.63359000
2026-02-23 21:00:00,0.24690000,0.25090000,0.24530000,0.24840000,318816.40183000
2026-02-24 01:00:00,0.24840000,0.25040000,0.24340000,0.24490000,426973.05382000
2026-02-24 05:00:00,0.24490000,0.24640000,0.24320000,0.24430000,159062.64069000
2026-02-24 09:00:00,0.24430000,0.24570000,0.24230000,0.24330000,144090.51536000
2026-02-24 13:00:00,0.24330000,0.25080000,0.24170000,0.24760000,1306840.76428000
2026-02-24 17:00:00,0.24760000,0.25170000,0.24750000,0.24980000,569778.13364000
2026-02-24 21:00:00,0.24980000,0.25030000,0.24590000,0.24620000,587976.49486000
2026-02-25 01:00:00,0.24620000,0.25830000,0.24540000,0.25320000,1142376.00742000
2026-02-25 05:00:00,0.25320000,0.25460000,0.24910000,0.25310000,336486.35836000
2026-02-25 09:00:00,0.25310000,0.25750000,0.25230000,0.25710000,1145651.08704000
2026-02-25 13:00:00,0.25710000,0.27210000,0.25660000,0.27120000,1706859.93596000
2026-02-25 17:00:00,0.27120000,0.28490000,0.27050000,0.28440000,778885.29192000
2026-02-25 21:00:00,0.28440000,0.29200000,0.27260000,0.27550000,2748023.13411000
2026-02-26 01:00:00,0.27550000,0.27720000,0.27190000,0.27420000,432453.56475000
2026-02-26 05:00:00,0.27420000,0.27700000,0.26940000,0.27040000,548526.82033000
2026-02-26 09:00:00,0.27040000,0.27560000,0.26860000,0.26960000,531930.79127000
2026-02-26 13:00:00,0.26960000,0.27260000,0.26520000,0.26850000,658133.61207000
2026-02-26 17:00:00,0.26850000,0.26880000,0.25830000,0.26540000,1122646.44658000
2026-02-26 21:00:00,0.26540000,0.26650000,0.26340000,0.26580000,333519.74819000
2026-02-27 01:00:00,0.26580000,0.26780000,0.26280000,0.26730000,553935.87849000
2026-02-27 05:00:00,0.26730000,0.27250000,0.26720000,0.27100000,507077.33428000
2026-02-27 09:00:00,0.27100000,0.27320000,0.26050000,0.26160000,597523.11811000
2026-02-27 13:00:00,0.26160000,0.26320000,0.25770000,0.25890000,554528.64455000
2026-02-27 17:00:00,0.25890000,0.25910000,0.25430000,0.25480000,457699.63454000
2026-02-27 21:00:00,0.25480000,0.25730000,0.25170000,0.25660000,262101.25257000
2026-02-28 01:00:00,0.25660000,0.25870000,0.25570000,0.25580000,167138.97256000
2026-02-28 05:00:00,0.25580000,0.25590000,0.24100000,0.24490000,602037.66152000
2026-02-28 09:00:00,0.24490000,0.24490000,0.23940000,0.24030000,435160.55225000
2026-02-28 13:00:00,0.24030000,0.24940000,0.23980000,0.24690000,829133.34792000
2026-02-28 17:00:00,0.24690000,0.25900000,0.24550000,0.25710000,640944.01972000
2026-02-28 21:00:00,0.25710000,0.26490000,0.25630000,0.26110000,496591.58452000
2026-03-01 01:00:00,0.26110000,0.27240000,0.25730000,0.26610000,473568.65984000
2026-03-01 05:00:00,0.26610000,0.26700000,0.26170000,0.26370000,232749.25693000
2026-03-01 09:00:00,0.26370000,0.26480000,0.25680000,0.25810000,260839.08125000
2026-03-01 13:00:00,0.25810000,0.26340000,0.25510000,0.25870000,331312.29303000
2026-03-01 17:00:00,0.25870000,0.26080000,0.25130000,0.25170000,527357.36449000
2026-03-01 21:00:00,0.25170000,0.25570000,0.24720000,0.25160000,1202858.23975000
2026-03-02 01:00:00,0.25160000,0.25840000,0.25170000,0.25580000,1082106.35628000
2026-03-02 05:00:00,0.25580000,0.25630000,0.24920000,0.25120000,237666.19191000
2026-03-02 09:00:00,0.25120000,0.25460000,0.24930000,0.25240000,251250.45483000
2026-03-02 13:00:00,0.25240000,0.26740000,0.24940000,0.26520000,672801.84505000
2026-03-02 17:00:00,0.26520000,0.27070000,0.25960000,0.26170000,749447.23646000
2026-03-02 21:00:00,0.26170000,0.26330000,0.25670000,0.25760000,512023.79414000
2026-03-03 01:00:00,0.25760000,0.25850000,0.25370000,0.25640000,220942.03624000
2026-03-03 05:00:00,0.25640000,0.25750000,0.25330000,0.25530000,303260.82114000
2026-03-03 09:00:00,0.25530000,0.25610000,0.24830000,0.25010000,298524.70046000
2026-03-03 13:00:00,0.25010000,0.25430000,0.24710000,0.25240000,400254.44649000
2026-03-03 17:00:00,0.25240000,0.25880000,0.25090000,0.25460000,384450.19543000
2026-03-03 21:00:00,0.25460000,0.25720000,0.25070000,0.25560000,158394.57622000
2026-03-04 01:00:00,0.25560000,0.25890000,0.25230000,0.25550000,274603.18504000
2026-03-04 05:00:00,0.25550000,0.25990000,0.25300000,0.25870000,231466.88148000
2026-03-04 09:00:00,0.25870000,0.27320000,0.25770000,0.26600000,938320.03159000
2026-03-04 13:00:00,0.26600000,0.27690000,0.26250000,0.27670000,1315008.94576000
2026-03-04 17:00:00,0.27670000,0.27820000,0.27120000,0.27440000,791653.47639000
2026-03-04 21:00:00,0.27440000,0.27490000,0.26680000,0.26880000,688293.11491000
2026-03-05 01:00:00,0.26880000,0.27030000,0.26530000,0.26650000,335016.83483000
2026-03-05 05:00:00,0.26650000,0.26870000,0.26370000,0.26480000,227055.12490000
2026-03-05 09:00:00,0.26480000,0.27270000,0.26360000,0.26920000,292800.26098000
2026-03-05 13:00:00,0.26920000,0.27150000,0.26310000,0.26450000,321656.19878000
2026-03-05 17:00:00,0.26450000,0.26560000,0.25890000,0.26340000,339653.60416000
2026-03-05 21:00:00,0.26340000,0.26740000,0.26320000,0.26470000,500107.52978000
2026-03-06 01:00:00,0.26470000,0.26920000,0.26330000,0.26890000,835686.22189000
2026-03-06 05:00:00,0.26890000,0.26960000,0.26580000,0.26850000,425459.46615000
2026-03-06 09:00:00,0.26850000,0.26850000,0.26150000,0.26170000,230826.92768000
2026-03-06 13:00:00,0.26170000,0.26310000,0.25210000,0.25290000,772963.41662000
2026-03-06 17:00:00,0.25290000,0.25620000,0.25120000,0.25420000,399808.39843000
2026-03-06 21:00:00,0.25420000,0.25620000,0.25310000,0.25540000,211989.70328000
2026-03-07 01:00:00,0.25540000,0.25610000,0.25270000,0.25300000,144191.76623000
2026-03-07 05:00:00,0.25300000,0.25350000,0.25050000,0.25190000,192898.62032000
2026-03-07 09:00:00,0.25190000,0.25420000,0.25090000,0.25290000,162734.87757000
2026-03-07 13:00:00,0.25290000,0.25290000,0.24880000,0.25010000,317854.25289000
2026-03-07 17:00:00,0.25010000,0.25180000,0.24740000,0.24820000,371269.87299000
2026-03-07 21:00:00,0.24820000,0.24950000,0.24650000,0.24880000,297444.63858000
2026-03-08 01:00:00,0.24880000,0.24950000,0.24410000,0.24500000,262712.12081000
2026-03-08 05:00:00,0.24500000,0.24710000,0.24330000,0.24650000,189200.14465000
2026-03-08 09:00:00,0.24650000,0.25130000,0.24540000,0.24800000,199590.14816000
2026-03-08 13:00:00,0.24800000,0.24940000,0.24400000,0.24520000,300461.66353000
2026-03-08 17:00:00,0.24520000,0.24850000,0.24310000,0.24740000,172425.07642000
2026-03-08 21:00:00,0.24740000,0.24840000,0.24060000,0.24360000,269016.74099000
2026-03-09 01:00:00,0.24360000,0.25090000,0.24340000,0.24780000,230330.59095000
2026-03-09 05:00:00,0.24780000,0.25280000,0.24610000,0.24850000,286230.05886000
2026-03-09 09:00:00,0.24850000,0.25250000,0.24680000,0.24880000,181927.98489000
2026-03-09 13:00:00,0.24880000,0.25450000,0.24880000,0.25120000,353762.54751000
2026-03-09 17:00:00,0.25120000,0.25770000,0.24930000,0.25390000,555362.12070000
2026-03-09 21:00:00,0.25390000,0.25550000,0.25010000,0.25070000,241068.39081000
2026-03-10 01:00:00,0.25070000,0.25870000,0.25050000,0.25420000,213084.54327000
2026-03-10 05:00:00,0.25420000,0.25710000,0.25320000,0.25660000,214314.30519000
2026-03-10 09:00:00,0.25660000,0.26160000,0.25670000,0.25920000,448488.45681000
2026-03-10 13:00:00,0.25920000,0.26560000,0.25390000,0.26290000,543496.96486000
2026-03-10 17:00:00,0.26290000,0.26490000,0.25410000,0.25510000,509492.94819000
2026-03-10 21:00:00,0.25510000,0.25660000,0.25270000,0.25510000,201214.97324000
2026-03-11 01:00:00,0.25510000,0.25530000,0.25210000,0.25340000,149759.82438000
2026-03-11 05:00:00,0.25340000,0.25530000,0.25140000,0.25270000,184155.68026000
2026-03-11 09:00:00,0.25270000,0.25450000,0.25190000,0.25290000,132794.57373000
2026-03-11 13:00:00,0.25290000,0.26200000,0.25230000,0.25650000,438059.64983000
2026-03-11 17:00:00,0.25650000,0.25960000,0.25540000,0.25780000,305016.91541000
2026-03-11 21:00:00,0.25780000,0.25890000,0.25510000,0.25540000,174268.64875000
2026-03-12 01:00:00,0.25540000,0.25580000,0.25140000,0.25200000,155966.62924000
2026-03-12 05:00:00,0.25200000,0.25450000,0.25060000,0.25420000,125521.57385000
2026-03-12 09:00:00,0.25420000,0.25770000,0.25290000,0.25630000,215209.10470000
2026-03-12 13:00:00,0.25630000,0.25800000,0.25170000,0.25580000,568865.30714000
2026-03-12 17:00:00,0.25580000,0.25970000,0.25440000,0.25880000,295910.94737000
2026-03-12 21:00:00,0.25880000,0.26050000,0.25680000,0.25930000,252925.37042000
2026-03-13 01:00:00,0.25930000,0.26740000,0.25860000,0.26670000,684978.51485000
2026-03-13 05:00:00,0.26670000,0.26910000,0.26490000,0.26690000,284910.71920000
2026-03-13 09:00:00,0.26690000,0.27070000,0.26530000,0.26930000,366521.05969000
2026-03-13 13:00:00,0.26930000,0.27740000,0.26710000,0.26810000,831904.12067000
2026-03-13 17:00:00,0.26810000,0.26950000,0.26320000,0.26550000,396659.59242000
2026-03-13 21:00:00,0.26550000,0.26650000,0.26100000,0.26290000,476437.85243000
2026-03-14 01:00:00,0.26290000,0.26470000,0.26110000,0.26410000,183303.59109000
2026-03-14 05:00:00,0.26410000,0.26560000,0.25870000,0.25920000,268607.38734000
2026-03-14 09:00:00,0.25920000,0.26040000,0.25740000,0.26030000,168291.43673000
2026-03-14 13:00:00,0.26030000,0.26100000,0.25800000,0.25880000,121203.57431000
2026-03-14 17:00:00,0.25880000,0.26020000,0.25810000,0.25810000,103446.90039000
2026-03-14 21:00:00,0.25810000,0.26250000,0.25800000,0.26240000,331192.48769000
2026-03-15 01:00:00,0.26240000,0.26620000,0.26040000,0.26450000,368643.42143000
2026-03-15 05:00:00,0.26450000,0.26620000,0.26260000,0.26370000,269897.82847000
2026-03-15 09:00:00,0.26370000,0.26680000,0.26380000,0.26650000,108949.99129000
2026-03-15 13:00:00,0.26650000,0.26680000,0.26260000,0.26380000,184642.41907000
2026-03-15 17:00:00,0.26380000,0.26720000,0.26360000,0.26600000,209222.17915000
2026-03-15 21:00:00,0.26600000,0.27210000,0.26490000,0.27010000,430502.63479000
2026-03-16 01:00:00,0.27010000,0.27780000,0.26850000,0.27510000,501842.16367000
2026-03-16 05:00:00,0.27510000,0.28270000,0.27500000,0.28130000,534307.23475000
2026-03-16 09:00:00,0.28130000,0.28390000,0.27760000,0.27970000,345535.51939000
2026-03-16 13:00:00,0.27970000,0.28450000,0.27750000,0.27940000,641832.82136000
2026-03-16 17:00:00,0.27940000,0.28740000,0.27920000,0.28480000,1360090.31169000
2026-03-16 21:00:00,0.28480000,0.29090000,0.28420000,0.28910000,1257081.18529000
2026-03-17 01:00:00,0.28910000,0.29150000,0.28220000,0.28330000,1084186.32094000
2026-03-17 05:00:00,0.28330000,0.28410000,0.27910000,0.28250000,746335.79266000
2026-03-17 09:00:00,0.28250000,0.28320000,0.28020000,0.28080000,326538.81358000
2026-03-17 13:00:00,0.28080000,0.28240000,0.27770000,0.28010000,1131980.47484000
2026-03-17 17:00:00,0.28010000,0.28320000,0.27940000,0.28060000,855053.53744000
2026-03-17 21:00:00,0.28060000,0.28520000,0.28040000,0.28080000,385702.19709000
2026-03-18 01:00:00,0.28080000,0.28530000,0.27820000,0.28360000,247657.20665000
2026-03-18 05:00:00,0.28360000,0.28470000,0.27940000,0.28040000,274469.18562000
2026-03-18 09:00:00,0.28040000,0.28210000,0.27190000,0.27300000,391268.20317000
2026-03-18 13:00:00,0.27300000,0.27310000,0.26210000,0.26450000,1192893.81439000
2026-03-18 17:00:00,0.26450000,0.26820000,0.26160000,0.26420000,1271808.73053000
2026-03-18 21:00:00,0.26420000,0.26760000,0.26160000,0.26690000,2209295.35687000
2026-03-19 01:00:00,0.26690000,0.26900000,0.26430000,0.26660000,1530473.08228000
2026-03-19 05:00:00,0.26660000,0.26680000,0.25890000,0.26080000,1010416.80741000
2026-03-19 09:00:00,0.26080000,0.26310000,0.26000000,0.26000000,345135.98364000
2026-03-19 13:00:00,0.26000000,0.26000000,0.25380000,0.25590000,922658.28772000
2026-03-19 17:00:00,0.25590000,0.25770000,0.25260000,0.25570000,494594.78952000
2026-03-19 21:00:00,0.25570000,0.25830000,0.25540000,0.25760000,144464.98913000
2026-03-20 01:00:00,0.25760000,0.26060000,0.25700000,0.26000000,259350.39991000
2026-03-20 05:00:00,0.26000000,0.26270000,0.25880000,0.26130000,260009.94361000
2026-03-20 09:00:00,0.26130000,0.26410000,0.25840000,0.26030000,740408.62453000
2026-03-20 13:00:00,0.26030000,0.26100000,0.25660000,0.25860000,411666.28113000
2026-03-20 17:00:00,0.25860000,0.25910000,0.25520000,0.25750000,677386.67802000
2026-03-20 21:00:00,0.25750000,0.26130000,0.25570000,0.26000000,557480.72780000
2026-03-21 01:00:00,0.26000000,0.26120000,0.25970000,0.26010000,204160.31072000
2026-03-21 05:00:00,0.26010000,0.26160000,0.25970000,0.26050000,305059.21008000
2026-03-21 09:00:00,0.26050000,0.26160000,0.25820000,0.25840000,484799.67658000
2026-03-21 13:00:00,0.25840000,0.26100000,0.25780000,0.26090000,343971.99950000
2026-03-21 17:00:00,0.26090000,0.26100000,0.25880000,0.25950000,130156.48850000
2026-03-21 21:00:00,0.25950000,0.26070000,0.25050000,0.25230000,414931.93154000
2026-03-22 01:00:00,0.25230000,0.25590000,0.24830000,0.25410000,327034.36339000
2026-03-22 05:00:00,0.25410000,0.25550000,0.25070000,0.25070000,280192.26912000
2026-03-22 09:00:00,0.25070000,0.25110000,0.24690000,0.24730000,418196.79850000
2026-03-22 13:00:00,0.24730000,0.24990000,0.24720000,0.24830000,258108.91259000
2026-03-22 17:00:00,0.24830000,0.24850000,0.24490000,0.24580000,179613.79444000
2026-03-22 21:00:00,0.24580000,0.24730000,0.24230000,0.24540000,1150818.46504000
2026-03-23 01:00:00,0.24540000,0.24830000,0.24420000,0.24610000,209583.27726000
2026-03-23 05:00:00,0.24610000,0.24850000,0.24260000,0.24410000,285792.20797000
2026-03-23 09:00:00,0.24410000,0.25850000,0.24160000,0.25220000,1055504.07679000
2026-03-23 13:00:00,0.25220000,0.26010000,0.25050000,0.25280000,868744.98073000
2026-03-23 17:00:00,0.25280000,0.25510000,0.24970000,0.24990000,690315.97114000
2026-03-23 21:00:00,0.24990000,0.25420000,0.24930000,0.25390000,331734.29521000
2026-03-24 01:00:00,0.25390000,0.25470000,0.25110000,0.25290000,182234.00557000
2026-03-24 05:00:00,0.25290000,0.25770000,0.25120000,0.25730000,221546.02765000
2026-03-24 09:00:00,0.25730000,0.26670000,0.25420000,0.25730000,1099832.00095000
2026-03-24 13:00:00,0.25730000,0.26010000,0.25160000,0.25260000,1258263.46731000
2026-03-24 17:00:00,0.25260000,0.25380000,0.24810000,0.24870000,530750.48599000
2026-03-24 21:00:00,0.24870000,0.25700000,0.24860000,0.25590000,343402.90126000
2026-03-25 01:00:00,0.25590000,0.25730000,0.25310000,0.25520000,241270.11834000
2026-03-25 05:00:00,0.25520000,0.26100000,0.25440000,0.25970000,309796.80767000
2026-03-25 09:00:00,0.25970000,0.26280000,0.25980000,0.26180000,338583.78270000
2026-03-25 13:00:00,0.26180000,0.26330000,0.25740000,0.25780000,521056.64507000
2026-03-25 17:00:00,0.25780000,0.26290000,0.25680000,0.26240000,421240.20919000
2026-03-25 21:00:00,0.26240000,0.26730000,0.25950000,0.26530000,713420.98660000
2026-03-26 01:00:00,0.26530000,0.27360000,0.26530000,0.26910000,944374.81732000
2026-03-26 05:00:00,0.26910000,0.26960000,0.25990000,0.26360000,642316.31001000
2026-03-26 09:00:00,0.26360000,0.26380000,0.25490000,0.25520000,791092.80187000
2026-03-26 13:00:00,0.25520000,0.26520000,0.25400000,0.26280000,801583.61213000
2026-03-26 17:00:00,0.26280000,0.26430000,0.25780000,0.25850000,767267.61207000
2026-03-26 21:00:00,0.25850000,0.27010000,0.25790000,0.26880000,837657.62556000
2026-03-27 01:00:00,0.26880000,0.28730000,0.26860000,0.28000000,2593457.10159000
2026-03-27 05:00:00,0.28000000,0.29100000,0.27640000,0.28060000,2609149.09072000
2026-03-27 09:00:00,0.28060000,0.28150000,0.26640000,0.26670000,1953332.22738000
2026-03-27 13:00:00,0.26670000,0.26680000,0.25980000,0.26570000,1443744.92731000
2026-03-27 17:00:00,0.26570000,0.27130000,0.26150000,0.27020000,1517430.44400000
2026-03-27 21:00:00,0.27020000,0.27440000,0.26770000,0.26840000,1818485.50347000
2026-03-28 01:00:00,0.26840000,0.27140000,0.25990000,0.26380000,972650.66447000
2026-03-28 05:00:00,0.26380000,0.26670000,0.26070000,0.26470000,691925.97543000
2026-03-28 09:00:00,0.26470000,0.26850000,0.26240000,0.26810000,1381757.10296000
2026-03-28 13:00:00,0.26810000,0.27890000,0.26580000,0.27670000,1580389.48884000
2026-03-28 17:00:00,0.27670000,0.27790000,0.27260000,0.27450000,797264.78987000
2026-03-28 21:00:00,0.27450000,0.27720000,0.26690000,0.26840000,1033437.21333000
2026-03-29 01:00:00,0.26840000,0.27160000,0.26680000,0.27080000,604934.13899000
2026-03-29 06:00:00,0.27080000,0.27150000,0.26770000,0.26810000,349698.22111000
2026-03-29 10:00:00,0.26810000,0.26980000,0.26520000,0.26760000,742857.17575000
2026-03-29 14:00:00,0.26760000,0.26790000,0.26180000,0.26270000,918266.30466000
2026-03-29 18:00:00,0.26270000,0.26350000,0.25860000,0.25870000,410672.33191000
2026-03-29 22:00:00,0.25870000,0.26110000,0.25120000,0.25750000,747027.25792000
2026-03-30 02:00:00,0.25750000,0.27090000,0.25700000,0.26870000,607758.29096000
2026-03-30 06:00:00,0.26870000,0.27160000,0.26680000,0.27030000,629937.45297000
2026-03-30 10:00:00,0.27030000,0.27240000,0.26620000,0.26780000,429207.79902000
2026-03-30 14:00:00,0.26780000,0.27180000,0.26400000,0.27030000,529315.62688000
2026-03-30 18:00:00,0.27030000,0.27130000,0.26140000,0.26290000,588489.22328000
2026-03-30 22:00:00,0.26290000,0.26780000,0.26110000,0.26190000,276592.07433000
2026-03-31 02:00:00,0.26190000,0.26770000,0.26070000,0.26370000,292024.17350000
2026-03-31 06:00:00,0.26370000,0.26420000,0.25960000,0.26090000,352047.06955000
2026-03-31 10:00:00,0.26090000,0.26270000,0.25570000,0.25780000,549978.11599000
2026-03-31 14:00:00,0.25780000,0.26710000,0.25700000,0.26220000,662748.80422000
2026-03-31 18:00:00,0.26220000,0.27240000,0.26200000,0.27150000,990222.46012000
2026-03-31 22:00:00,0.27150000,0.28050000,0.27050000,0.27270000,1055105.13672000
2026-04-01 02:00:00,0.27270000,0.27510000,0.27000000,0.27370000,497581.18331000
2026-04-01 06:00:00,0.27370000,0.27890000,0.27280000,0.27410000,549112.87081000
2026-04-01 10:00:00,0.27410000,0.27460000,0.27120000,0.27340000,490256.90061000
2026-04-01 14:00:00,0.27340000,0.27700000,0.27050000,0.27310000,736282.34693000
2026-04-01 18:00:00,0.27310000,0.27550000,0.26870000,0.27020000,1178039.82623000
2026-04-01 22:00:00,0.27020000,0.27190000,0.26860000,0.26980000,220703.45776000
2026-04-02 02:00:00,0.26980000,0.27330000,0.25860000,0.25990000,2231137.20690000
2026-04-02 06:00:00,0.25990000,0.26330000,0.25800000,0.26170000,2306494.72091000
2026-04-02 10:00:00,0.26170000,0.26280000,0.25620000,0.25710000,2442010.35335000
2026-04-02 14:00:00,0.25710000,0.26080000,0.25230000,0.25820000,1296480.08852000
2026-04-02 18:00:00,0.25820000,0.26110000,0.25650000,0.25780000,911727.68485000
2026-04-02 22:00:00,0.25780000,0.25930000,0.25620000,0.25740000,139732.55342000
2026-04-03 02:00:00,0.25740000,0.25920000,0.25630000,0.25850000,498835.85133000
2026-04-03 06:00:00,0.25850000,0.26350000,0.25820000,0.26210000,265541.40226000
2026-04-03 10:00:00,0.26210000,0.26420000,0.26040000,0.26140000,197643.82631000
2026-04-03 14:00:00,0.26140000,0.26450000,0.25930000,0.25940000,249785.12046000
2026-04-03 18:00:00,0.25940000,0.26170000,0.25840000,0.25990000,274297.98804000
2026-04-03 22:00:00,0.25990000,0.26110000,0.25810000,0.25910000,138839.57729000
2026-04-04 02:00:00,0.25910000,0.25970000,0.25730000,0.25790000,93799.93209000
2026-04-04 06:00:00,0.25790000,0.25950000,0.25750000,0.25810000,136583.61851000
2026-04-04 10:00:00,0.25810000,0.25920000,0.25630000,0.25710000,112992.83460000
2026-04-04 14:00:00,0.25710000,0.25780000,0.25470000,0.25610000,559959.08965000
2026-04-04 18:00:00,0.25610000,0.25880000,0.25480000,0.25620000,621230.53624000
2026-04-04 22:00:00,0.25620000,0.25640000,0.25420000,0.25530000,164977.83155000
2026-04-05 02:00:00,0.25530000,0.25550000,0.25260000,0.25330000,363083.05203000
2026-04-05 06:00:00,0.25330000,0.25370000,0.24840000,0.24900000,512866.16343000
2026-04-05 10:00:00,0.24900000,0.25040000,0.24870000,0.24940000,130653.75898000
2026-04-05 14:00:00,0.24940000,0.25230000,0.24690000,0.25010000,283939.68520000
2026-04-05 18:00:00,0.25010000,0.25120000,0.24900000,0.24990000,163842.72036000
2026-04-05 22:00:00,0.24990000,0.25870000,0.24980000,0.25850000,318413.64143000
2026-04-06 02:00:00,0.25850000,0.26720000,0.25830000,0.26510000,502754.22342000
2026-04-06 06:00:00,0.26510000,0.26860000,0.26080000,0.26320000,483887.68396000
2026-04-06 10:00:00,0.26320000,0.27020000,0.26260000,0.26830000,458997.19148000
2026-04-06 14:00:00,0.26830000,0.26890000,0.26310000,0.26470000,419120.96614000
2026-04-06 18:00:00,0.26470000,0.26560000,0.26080000,0.26180000,248661.41706000
2026-04-06 22:00:00,0.26180000,0.26290000,0.25440000,0.25590000,247102.32751000
2026-04-07 02:00:00,0.25590000,0.25700000,0.25210000,0.25390000,257964.91694000
2026-04-07 06:00:00,0.25390000,0.25460000,0.25100000,0.25230000,167633.78198000
2026-04-07 10:00:00,0.25230000,0.25550000,0.24910000,0.24990000,296583.38712000
2026-04-07 14:00:00,0.24990000,0.25350000,0.24760000,0.24960000,512336.47936000
2026-04-07 18:00:00,0.24960000,0.25420000,0.24940000,0.25350000,464047.30997000
2026-04-07 22:00:00,0.25350000,0.27280000,0.25350000,0.26950000,1035488.39347000
2026-04-08 02:00:00,0.26950000,0.27090000,0.26700000,0.26940000,404532.15429000
2026-04-08 06:00:00,0.26940000,0.27270000,0.26920000,0.26970000,333657.58511000
2026-04-08 10:00:00,0.26970000,0.27140000,0.26650000,0.26770000,224479.39582000
2026-04-08 14:00:00,0.26770000,0.27070000,0.26030000,0.26240000,447380.71777000
2026-04-08 18:00:00,0.26240000,0.26430000,0.25830000,0.25910000,257446.10434000
2026-04-08 22:00:00,0.25910000,0.26110000,0.25520000,0.25540000,208499.63503000
2026-04-09 02:00:00,0.25540000,0.25610000,0.25030000,0.25040000,412949.10266000
2026-04-09 06:00:00,0.25040000,0.25370000,0.24920000,0.25240000,970098.53708000
2026-04-09 10:00:00,0.25240000,0.25410000,0.25150000,0.25190000,222735.94190000
2026-04-09 14:00:00,0.25190000,0.25850000,0.25030000,0.25710000,935992.36547000
2026-04-09 18:00:00,0.25710000,0.25890000,0.25380000,0.25540000,499297.11034000
2026-04-09 22:00:00,0.25540000,0.26310000,0.25370000,0.25420000,463461.04207000
2026-04-10 02:00:00,0.25420000,0.25540000,0.25080000,0.25280000,340656.08411000
2026-04-10 06:00:00,0.25280000,0.25640000,0.25180000,0.25220000,205438.15822000
2026-04-10 10:00:00,0.25220000,0.25460000,0.25120000,0.25380000,216835.27884000
2026-04-10 14:00:00,0.25380000,0.25800000,0.25180000,0.25200000,525064.11419000
2026-04-10 18:00:00,0.25200000,0.25790000,0.25200000,0.25790000,266147.98764000
2026-04-10 22:00:00,0.25790000,0.25870000,0.25570000,0.25650000,243022.55483000
2026-04-11 02:00:00,0.25650000,0.25660000,0.25360000,0.25360000,133277.33983000
2026-04-11 06:00:00,0.25360000,0.25460000,0.25220000,0.25390000,166520.30141000
2026-04-11 10:00:00,0.25390000,0.25470000,0.25300000,0.25340000,177040.18418000
2026-04-11 14:00:00,0.25340000,0.25420000,0.25140000,0.25390000,372726.60966000
2026-04-11 18:00:00,0.25390000,0.26150000,0.25390000,0.26140000,388112.86145000
2026-04-11 22:00:00,0.26140000,0.26190000,0.25510000,0.25590000,249004.68346000
2026-04-12 02:00:00,0.25590000,0.25690000,0.24690000,0.24730000,574398.42314000
2026-04-12 06:00:00,0.24730000,0.24860000,0.24640000,0.24820000,217254.38440000
2026-04-12 10:00:00,0.24820000,0.24920000,0.24520000,0.24690000,300381.69455000
2026-04-12 14:00:00,0.24690000,0.24770000,0.24380000,0.24490000,371373.06449000
2026-04-12 18:00:00,0.24490000,0.24660000,0.24320000,0.24370000,402531.45913000
2026-04-12 22:00:00,0.24370000,0.24580000,0.24120000,0.24230000,555461.74972000
2026-04-13 02:00:00,0.24230000,0.24590000,0.24210000,0.24510000,228505.59065000
2026-04-13 06:00:00,0.24510000,0.24870000,0.24320000,0.24490000,344513.89323000
2026-04-13 10:00:00,0.24490000,0.24780000,0.24430000,0.24760000,237055.35839000
2026-04-13 14:00:00,0.24760000,0.25420000,0.24630000,0.24830000,903347.29630000
2026-04-13 18:00:00,0.24830000,0.25190000,0.24640000,0.25140000,487100.79999000
2026-04-13 22:00:00,0.25140000,0.25870000,0.24880000,0.25750000,599462.20846000
2026-04-14 02:00:00,0.25750000,0.25790000,0.25330000,0.25520000,296221.88967000
2026-04-14 06:00:00,0.25520000,0.25560000,0.25190000,0.25330000,204256.44922000
2026-04-14 10:00:00,0.25330000,0.25730000,0.25270000,0.25500000,320447.17487000
2026-04-14 14:00:00,0.25500000,0.26090000,0.25330000,0.25380000,554195.87352000
2026-04-14 18:00:00,0.25380000,0.25550000,0.24770000,0.25030000,332240.52830000
2026-04-14 22:00:00,0.25030000,0.25150000,0.24940000,0.25090000,135590.29191000
2026-04-15 02:00:00,0.25090000,0.25420000,0.25080000,0.25170000,217691.31466000
2026-04-15 06:00:00,0.25170000,0.25340000,0.24880000,0.24920000,180195.43996000
2026-04-15 10:00:00,0.24920000,0.25420000,0.24890000,0.25290000,194073.34877000
2026-04-15 14:00:00,0.25290000,0.25560000,0.25090000,0.25230000,315802.82886000
2026-04-15 18:00:00,0.25230000,0.25910000,0.25190000,0.25810000,415199.14451000
2026-04-15 22:00:00,0.25810000,0.26010000,0.25610000,0.25850000,426421.78727000
2026-04-16 02:00:00,0.25850000,0.26110000,0.25620000,0.26050000,351121.53785000
2026-04-16 06:00:00,0.26050000,0.26470000,0.26010000,0.26260000,342880.52921000
2026-04-16 10:00:00,0.26260000,0.26530000,0.26050000,0.26350000,328795.84091000
2026-04-16 14:00:00,0.26350000,0.26930000,0.25840000,0.26850000,859846.95030000
2026-04-16 18:00:00,0.26850000,0.27330000,0.26410000,0.27290000,623284.30365000
2026-04-16 22:00:00,0.27290000,0.27360000,0.26770000,0.26960000,309670.49584000
2026-04-17 02:00:00,0.26960000,0.26980000,0.26290000,0.26430000,472174.91069000
2026-04-17 06:00:00,0.26430000,0.26600000,0.26140000,0.26530000,480014.24210000
2026-04-17 10:00:00,0.26530000,0.26840000,0.26210000,0.26640000,486181.72737000
2026-04-17 14:00:00,0.26640000,0.27560000,0.26600000,0.27400000,952707.31531000
2026-04-17 18:00:00,0.27400000,0.27980000,0.27170000,0.27390000,819626.37834000
2026-04-17 22:00:00,0.27390000,0.27480000,0.26890000,0.27030000,580107.12043000
2026-04-18 02:00:00,0.27030000,0.27150000,0.26780000,0.26920000,360941.23753000
2026-04-18 06:00:00,0.26920000,0.27190000,0.26840000,0.27120000,285301.25375000
2026-04-18 10:00:00,0.27120000,0.27130000,0.25920000,0.26090000,547085.59568000
2026-04-18 14:00:00,0.26090000,0.26210000,0.25810000,0.26050000,446540.75005000
2026-04-18 18:00:00,0.26050000,0.26100000,0.25540000,0.25690000,886984.12623000
2026-04-18 22:00:00,0.25690000,0.26020000,0.25610000,0.25780000,189158.62038000
2026-04-19 02:00:00,0.25780000,0.25800000,0.25360000,0.25580000,332419.02054000
2026-04-19 06:00:00,0.25580000,0.25690000,0.25230000,0.25430000,661091.79851000
2026-04-19 10:00:00,0.25430000,0.25630000,0.25250000,0.25610000,1049528.82117000
2026-04-19 14:00:00,0.25610000,0.26120000,0.25550000,0.25860000,1090323.05083000
2026-04-19 18:00:00,0.25860000,0.25900000,0.25300000,0.25470000,925193.89197000
2026-04-19 22:00:00,0.25470000,0.25470000,0.24910000,0.25010000,632324.07197000
2026-04-20 02:00:00,0.25010000,0.25370000,0.24960000,0.25300000,424693.17910000
2026-04-20 06:00:00,0.25300000,0.25620000,0.24930000,0.25260000,392402.76452000
2026-04-20 10:00:00,0.25260000,0.25500000,0.25110000,0.25330000,203809.43538000
2026-04-20 14:00:00,0.25330000,0.25500000,0.25060000,0.25310000,524105.15378000
2026-04-20 18:00:00,0.25310000,0.25720000,0.25180000,0.25580000,384626.03386000
2026-04-20 22:00:00,0.25580000,0.25730000,0.25350000,0.25490000,217464.17334000
2026-04-21 02:00:00,0.25490000,0.25840000,0.25340000,0.25510000,181640.55859000
2026-04-21 06:00:00,0.25510000,0.25820000,0.25440000,0.25740000,203926.17930000
2026-04-21 10:00:00,0.25740000,0.26140000,0.25710000,0.25950000,368472.25083000
2026-04-21 14:00:00,0.25950000,0.26010000,0.25510000,0.25740000,541072.95692000
2026-04-21 18:00:00,0.25740000,0.25820000,0.25200000,0.25280000,483915.15931000
2026-04-21 22:00:00,0.25280000,0.25800000,0.25260000,0.25790000,363663.93891000
2026-04-22 02:00:00,0.25790000,0.26540000,0.25720000,0.26390000,598973.34306000
2026-04-22 06:00:00,0.26390000,0.27020000,0.26310000,0.26860000,611851.93122000
2026-04-22 10:00:00,0.26860000,0.27190000,0.26780000,0.27020000,525567.17167000
2026-04-22 14:00:00,0.27020000,0.27080000,0.26610000,0.26730000,366870.92284000
2026-04-22 18:00:00,0.26730000,0.26800000,0.26280000,0.26430000,419568.26724000
2026-04-22 22:00:00,0.26430000,0.26470000,0.26060000,0.26070000,233214.00937000
2026-04-23 02:00:00,0.26070000,0.26160000,0.25510000,0.25640000,456357.25087000
2026-04-23 06:00:00,0.25640000,0.25950000,0.25590000,0.25840000,198501.44072000
2026-04-23 10:00:00,0.25840000,0.25910000,0.25480000,0.25760000,206331.52047000
2026-04-23 14:00:00,0.25760000,0.26320000,0.25750000,0.26310000,478596.59726000
2026-04-23 18:00:00,0.26310000,0.26340000,0.25630000,0.25790000,590463.07265000
2026-04-23 22:00:00,0.25790000,0.26230000,0.25780000,0.26210000,278295.48554000
2026-04-24 02:00:00,0.26210000,0.26560000,0.26040000,0.26150000,378306.23562000
2026-04-24 06:00:00,0.26150000,0.26270000,0.26000000,0.26110000,161427.01895000
2026-04-24 10:00:00,0.26110000,0.26500000,0.25960000,0.26400000,227418.78054000
2026-04-24 14:00:00,0.26400000,0.26670000,0.26170000,0.26670000,334984.33822000
2026-04-24 18:00:00,0.26670000,0.26720000,0.26360000,0.26560000,419583.02639000
2026-04-24 22:00:00,0.26560000,0.26590000,0.26130000,0.26180000,268894.77354000
2026-04-25 02:00:00,0.26180000,0.26370000,0.26020000,0.26320000,314606.13556000
2026-04-25 06:00:00,0.26320000,0.26350000,0.26140000,0.26190000,95015.98824000
2026-04-25 10:00:00,0.26190000,0.26400000,0.26020000,0.26130000,180480.31912000
2026-04-25 14:00:00,0.26130000,0.26240000,0.25930000,0.26020000,189266.37191000
2026-04-25 18:00:00,0.26020000,0.26050000,0.25760000,0.25820000,170029.65386000
2026-04-25 22:00:00,0.25820000,0.26100000,0.25790000,0.26080000,105610.08696000
2026-04-26 02:00:00,0.26080000,0.26090000,0.25810000,0.25920000,135520.18616000
2026-04-26 06:00:00,0.25920000,0.26330000,0.25860000,0.26330000,324304.05581000
2026-04-26 10:00:00,0.26330000,0.27340000,0.26250000,0.27070000,799319.02879000
2026-04-26 14:00:00,0.27070000,0.27280000,0.26660000,0.26960000,921067.54906000
2026-04-26 18:00:00,0.26960000,0.27020000,0.26710000,0.26790000,380315.61658000
2026-04-26 22:00:00,0.26790000,0.26910000,0.26530000,0.26680000,488548.59799000
2026-04-27 02:00:00,0.26680000,0.27340000,0.26610000,0.27130000,490266.28752000
2026-04-27 06:00:00,0.27130000,0.27170000,0.26100000,0.26140000,968160.01840000
2026-04-27 10:00:00,0.26140000,0.26290000,0.26010000,0.26190000,400982.17017000
2026-04-27 14:00:00,0.26190000,0.26510000,0.25720000,0.26020000,947224.73233000
2026-04-27 18:00:00,0.26020000,0.26260000,0.25940000,0.26010000,315111.50051000
2026-04-27 22:00:00,0.26010000,0.26650000,0.26010000,0.26630000,192019.03048000
2026-04-28 02:00:00,0.26630000,0.26720000,0.26230000,0.26290000,390933.54753000
2026-04-28 06:00:00,0.26290000,0.26490000,0.26000000,0.26170000,289413.58743000
2026-04-28 10:00:00,0.26170000,0.26280000,0.25970000,0.26040000,332060.08758000
2026-04-28 14:00:00,0.26040000,0.26460000,0.25880000,0.26460000,619788.61832000
2026-04-28 18:00:00,0.26460000,0.26490000,0.26190000,0.26390000,369382.42496000
2026-04-28 22:00:00,0.26390000,0.26470000,0.26260000,0.26410000,204217.30376000
2026-04-29 02:00:00,0.26410000,0.26690000,0.26330000,0.26680000,218830.26553000
2026-04-29 06:00:00,0.26680000,0.26810000,0.26510000,0.26550000,475195.38849000
2026-04-29 10:00:00,0.26550000,0.27030000,0.26400000,0.26900000,654873.88848000
2026-04-29 14:00:00,0.26900000,0.26930000,0.26020000,0.26090000,794823.69206000
2026-04-29 18:00:00,0.26090000,0.26250000,0.25390000,0.25820000,1080217.54405000
2026-04-29 22:00:00,0.25820000,0.26360000,0.25800000,0.26340000,2448291.49255000
2026-04-30 02:00:00,0.26340000,0.26800000,0.26110000,0.26240000,1140698.79140000
2026-04-30 06:00:00,0.26240000,0.26380000,0.25870000,0.26380000,423257.35380000
2026-04-30 10:00:00,0.26380000,0.26580000,0.26180000,0.26330000,717626.66844000
2026-04-30 14:00:00,0.26330000,0.26480000,0.26150000,0.26410000,475104.40613000
2026-04-30 18:00:00,0.26410000,0.26410000,0.26200000,0.26280000,651312.85425000
2026-04-30 22:00:00,0.26280000,0.26370000,0.26130000,0.26250000,361784.32284000
2026-05-01 02:00:00,0.26250000,0.26870000,0.26200000,0.26700000,361402.71480000
2026-05-01 06:00:00,0.26700000,0.26840000,0.26430000,0.26600000,250842.11835000
2026-05-01 10:00:00,0.26600000,0.26790000,0.26460000,0.26540000,249243.68443000
2026-05-01 14:00:00,0.26540000,0.27240000,0.26510000,0.27120000,534090.98651000
2026-05-01 18:00:00,0.27120000,0.27360000,0.26910000,0.27130000,634956.97432000
2026-05-01 22:00:00,0.27130000,0.27150000,0.26690000,0.26770000,617083.06016000
2026-05-02 02:00:00,0.26770000,0.27020000,0.26710000,0.26930000,198822.95112000
2026-05-02 06:00:00,0.26930000,0.27200000,0.26750000,0.26970000,364524.04072000
2026-05-02 10:00:00,0.26970000,0.27810000,0.26920000,0.27490000,705944.68470000
2026-05-02 14:00:00,0.27490000,0.29010000,0.27420000,0.28920000,1652284.48354000
2026-05-02 18:00:00,0.28920000,0.28980000,0.28150000,0.28640000,1333242.83052000
2026-05-02 22:00:00,0.28640000,0.28760000,0.28180000,0.28340000,662565.55730000
2026-05-03 02:00:00,0.28340000,0.28410000,0.27680000,0.27840000,824083.16152000
2026-05-03 06:00:00,0.27840000,0.27970000,0.27630000,0.27890000,275933.07658000
2026-05-03 10:00:00,0.27890000,0.28090000,0.27490000,0.27690000,504241.16430000
2026-05-03 14:00:00,0.27690000,0.27920000,0.27690000,0.27730000,352878.23540000
2026-05-03 18:00:00,0.27730000,0.29550000,0.27690000,0.29230000,1738683.39484000
2026-05-03 22:00:00,0.29230000,0.29390000,0.28570000,0.28710000,1445036.28705000
2026-05-04 02:00:00,0.28710000,0.30250000,0.28420000,0.29950000,1140838.33653000
2026-05-04 06:00:00,0.29950000,0.31870000,0.29740000,0.30650000,2350312.68710000
2026-05-04 10:00:00,0.30650000,0.31760000,0.30070000,0.30310000,3082537.93051000
2026-05-04 14:00:00,0.30310000,0.31870000,0.30040000,0.31030000,3935057.91950000
2026-05-04 18:00:00,0.31030000,0.32570000,0.30650000,0.32380000,3267498.25094000
2026-05-04 22:00:00,0.32380000,0.32440000,0.31380000,0.31390000,2138315.74097000
2026-05-05 02:00:00,0.31390000,0.32220000,0.30600000,0.32220000,1335650.76251000
2026-05-05 06:00:00,0.32220000,0.32690000,0.31520000,0.31860000,1384267.30663000
2026-05-05 10:00:00,0.31860000,0.32740000,0.31620000,0.32160000,1600818.77055000
2026-05-05 14:00:00,0.32160000,0.32390000,0.31410000,0.31640000,1657211.26805000
2026-05-05 18:00:00,0.31640000,0.32060000,0.31290000,0.31390000,879114.67637000
2026-05-05 22:00:00,0.31390000,0.32900000,0.31330000,0.32100000,2263722.02091000
2026-05-06 02:00:00,0.32100000,0.32540000,0.31530000,0.32030000,1049842.00762000
2026-05-06 06:00:00,0.32030000,0.32280000,0.31470000,0.32100000,974353.38174000
2026-05-06 10:00:00,0.32100000,0.32540000,0.31910000,0.32030000,929219.67656000
2026-05-06 14:00:00,0.32030000,0.33860000,0.30880000,0.32830000,4859700.31012000
2026-05-06 18:00:00,0.32830000,0.33280000,0.32250000,0.32580000,1702018.98357000
2026-05-06 22:00:00,0.32580000,0.32960000,0.32090000,0.32330000,647845.95407000
2026-05-07 02:00:00,0.32330000,0.32370000,0.31650000,0.32300000,653750.70434000
2026-05-07 06:00:00,0.32300000,0.34780000,0.32190000,0.34620000,2869069.02824000
2026-05-07 10:00:00,0.34620000,0.35680000,0.33760000,0.34900000,3220995.95092000
2026-05-07 14:00:00,0.34900000,0.37820000,0.34790000,0.35620000,9982232.47101000
2026-05-07 18:00:00,0.35620000,0.36100000,0.34530000,0.35080000,2681357.55619000
2026-05-07 22:00:00,0.35080000,0.35390000,0.34610000,0.35230000,988894.72781000
2026-05-08 02:00:00,0.35230000,0.36050000,0.34420000,0.35850000,1510144.14185000
2026-05-08 06:00:00,0.35850000,0.36970000,0.35590000,0.36570000,2551550.05542000
2026-05-08 10:00:00,0.36570000,0.40870000,0.36480000,0.39670000,11060990.33179000
2026-05-08 14:00:00,0.39670000,0.42610000,0.38820000,0.42460000,14815471.36407000
2026-05-08 18:00:00,0.42460000,0.46500000,0.41490000,0.43330000,29711950.70592000
2026-05-08 22:00:00,0.43330000,0.45590000,0.42980000,0.45140000,12174842.53385000
2026-05-09 02:00:00,0.45140000,0.48650000,0.44360000,0.45000000,16743816.52576000
2026-05-09 06:00:00,0.45000000,0.45480000,0.43310000,0.43480000,5200338.57952000
2026-05-09 10:00:00,0.43480000,0.43690000,0.41280000,0.42560000,8663057.45070000
2026-05-09 14:00:00,0.42560000,0.42880000,0.41920000,0.42160000,5489121.05786000
2026-05-09 18:00:00,0.42160000,0.43310000,0.41920000,0.42490000,5475407.30145000
2026-05-09 22:00:00,0.42490000,0.42560000,0.41750000,0.41810000,1658430.76104000
2026-05-10 02:00:00,0.41810000,0.42410000,0.40860000,0.41020000,3571514.60790000
2026-05-10 06:00:00,0.41020000,0.41460000,0.40170000,0.40560000,3127678.48177000
2026-05-10 10:00:00,0.40560000,0.42150000,0.40420000,0.41450000,3354356.91502000
2026-05-10 14:00:00,0.41450000,0.41770000,0.40870000,0.41670000,2293564.69668000
2026-05-10 18:00:00,0.41670000,0.42340000,0.41170000,0.41770000,3154885.83231000
2026-05-10 22:00:00,0.41770000,0.42970000,0.40400000,0.42340000,3195824.79408000
2026-05-11 02:00:00,0.42340000,0.44640000,0.41950000,0.43670000,6188754.30291000
2026-05-11 06:00:00,0.43670000,0.46090000,0.42670000,0.42890000,5153370.55525000
2026-05-11 10:00:00,0.42890000,0.43070000,0.41830000,0.42080000,2423870.51533000
2026-05-11 14:00:00,0.42080000,0.44060000,0.41520000,0.43320000,4088971.00927000
2026-05-11 18:00:00,0.43320000,0.43490000,0.42210000,0.43210000,1929217.50151000
2026-05-11 22:00:00,0.43210000,0.43850000,0.42610000,0.42830000,1896437.60954000
2026-05-12 02:00:00,0.42830000,0.44700000,0.42550000,0.42750000,3487515.37262000
2026-05-12 06:00:00,0.42750000,0.43670000,0.41980000,0.42000000,2410892.83484000
2026-05-12 10:00:00,0.42000000,0.42250000,0.40550000,0.40920000,2698393.63814000
2026-05-12 14:00:00,0.40920000,0.41340000,0.38880000,0.38930000,4834212.85645000
2026-05-12 18:00:00,0.38930000,0.39860000,0.38750000,0.39500000,2258869.21493000
2026-05-12 22:00:00,0.39500000,0.39510000,0.38810000,0.38840000,1138756.82443000
2026-05-13 02:00:00,0.38840000,0.40890000,0.38770000,0.40780000,2640786.64984000
2026-05-13 06:00:00,0.40780000,0.40930000,0.39600000,0.39830000,1960442.96590000
2026-05-13 10:00:00,0.39830000,0.40890000,0.39270000,0.39390000,2317878.86171000
2026-05-13 14:00:00,0.39390000,0.39400000,0.37840000,0.37940000,2978682.72279000
2026-05-13 18:00:00,0.37940000,0.38760000,0.37950000,0.38120000,2473218.08539000
2026-05-13 22:00:00,0.38120000,0.38580000,0.38020000,0.38530000,836237.00681000
2026-05-14 02:00:00,0.38530000,0.38610000,0.37350000,0.37440000,1379500.27376000
2026-05-14 06:00:00,0.37440000,0.38960000,0.37340000,0.38490000,1407481.29386000
2026-05-14 10:00:00,0.38490000,0.38620000,0.37980000,0.38020000,1199501.32639000
2026-05-14 14:00:00,0.38020000,0.41510000,0.38000000,0.40280000,3655529.92871000
2026-05-14 18:00:00,0.40280000,0.40490000,0.39250000,0.39380000,3085879.90082000
2026-05-14 22:00:00,0.39380000,0.39510000,0.38630000,0.38810000,1431960.59545000
2026-05-15 02:00:00,0.38810000,0.39460000,0.38710000,0.38870000,922006.53352000
2026-05-15 06:00:00,0.38870000,0.38980000,0.37620000,0.38080000,1432241.59211000
2026-05-15 10:00:00,0.38080000,0.38270000,0.37560000,0.38090000,1177600.41122000
2026-05-15 14:00:00,0.38090000,0.38210000,0.35950000,0.36130000,3644871.06520000
2026-05-15 18:00:00,0.36130000,0.37150000,0.35910000,0.36730000,1737366.64230000
2026-05-15 22:00:00,0.36730000,0.36750000,0.36150000,0.36300000,475656.97383000
2026-05-16 02:00:00,0.36300000,0.36450000,0.35840000,0.35990000,568146.83782000
2026-05-16 06:00:00,0.35990000,0.35990000,0.34590000,0.34650000,1625481.40305000
2026-05-16 10:00:00,0.34650000,0.34900000,0.34040000,0.34480000,1802794.87237000
2026-05-16 14:00:00,0.34480000,0.34800000,0.34260000,0.34660000,930266.24546000
2026-05-16 18:00:00,0.34660000,0.34940000,0.34540000,0.34700000,635129.03953000
2026-05-16 22:00:00,0.34700000,0.34750000,0.34330000,0.34410000,384515.60705000
2026-05-17 02:00:00,0.34410000,0.34560000,0.33930000,0.34270000,890246.80521000
2026-05-17 06:00:00,0.34270000,0.36060000,0.34250000,0.35760000,1889892.19550000
2026-05-17 10:00:00,0.35760000,0.36320000,0.35410000,0.35590000,1289838.00492000
2026-05-17 14:00:00,0.35590000,0.35820000,0.34990000,0.35180000,828711.81448000
2026-05-17 18:00:00,0.35180000,0.35600000,0.34670000,0.35500000,1080018.39680000
2026-05-17 22:00:00,0.35500000,0.35620000,0.33380000,0.34570000,2256385.09555000
2026-05-18 02:00:00,0.34570000,0.34570000,0.33910000,0.33990000,1071503.79997000
2026-05-18 06:00:00,0.33990000,0.34340000,0.33630000,0.33910000,840463.15099000
2026-05-18 10:00:00,0.33910000,0.34180000,0.33290000,0.34070000,1276720.76288000
2026-05-18 14:00:00,0.34070000,0.34950000,0.33770000,0.34130000,2497389.90172000
2026-05-18 18:00:00,0.34130000,0.34910000,0.33770000,0.34770000,1567444.92996000
2026-05-18 22:00:00,0.34770000,0.38730000,0.34770000,0.38610000,6241508.01964000
2026-05-19 02:00:00,0.38610000,0.39750000,0.37750000,0.39520000,5512125.71991000
2026-05-19 06:00:00,0.39520000,0.39930000,0.38010000,0.38710000,5023384.88879000
2026-05-19 10:00:00,0.38710000,0.38730000,0.36630000,0.36710000,4657643.32292000
2026-05-19 14:00:00,0.36710000,0.37180000,0.35870000,0.36490000,7571905.58030000
2026-05-19 18:00:00,0.36490000,0.37900000,0.36320000,0.36410000,3079848.09734000
2026-05-19 22:00:00,0.36410000,0.37000000,0.36160000,0.36860000,1303524.04001000
2026-05-20 02:00:00,0.36860000,0.37850000,0.36280000,0.37110000,2147255.54581000
2026-05-20 06:00:00,0.37110000,0.38760000,0.37110000,0.37630000,2224964.50211000
2026-05-20 10:00:00,0.37630000,0.38670000,0.37230000,0.38650000,2279050.90516000
2026-05-20 14:00:00,0.38650000,0.40660000,0.37860000,0.40310000,5708018.11377000
2026-05-20 18:00:00,0.40310000,0.40850000,0.39340000,0.39890000,3476894.85315000
2026-05-20 22:00:00,0.39890000,0.40620000,0.39330000,0.40130000,2025979.88730000
2026-05-21 02:00:00,0.40130000,0.41380000,0.39590000,0.40760000,3023337.03174000
2026-05-21 06:00:00,0.40760000,0.41060000,0.39780000,0.40560000,2313675.63430000
2026-05-21 10:00:00,0.40560000,0.41790000,0.39590000,0.40630000,3218754.17326000
2026-05-21 14:00:00,0.40630000,0.41680000,0.39610000,0.40900000,3515896.88054000
2026-05-21 18:00:00,0.40900000,0.42790000,0.40610000,0.41750000,4051853.83550000
2026-05-21 22:00:00,0.41750000,0.42710000,0.41280000,0.41390000,2744627.28608000
2026-05-22 02:00:00,0.41390000,0.42090000,0.40860000,0.41140000,1311499.67707000
2026-05-22 06:00:00,0.41140000,0.41510000,0.40450000,0.40910000,1297081.08080000
2026-05-22 10:00:00,0.40910000,0.43990000,0.40810000,0.42760000,5565509.94858000
2026-05-22 14:00:00,0.42760000,0.47540000,0.42650000,0.44360000,14057702.34010000
2026-05-22 18:00:00,0.44360000,0.44850000,0.39010000,0.39140000,7973412.13373000
2026-05-22 22:00:00,0.39140000,0.39690000,0.37900000,0.38360000,3218435.15201000
2026-05-23 02:00:00,0.38360000,0.38630000,0.37650000,0.38250000,2104633.48944000
2026-05-23 06:00:00,0.38250000,0.38640000,0.37340000,0.37950000,2155998.58017000
2026-05-23 10:00:00,0.37950000,0.40290000,0.37720000,0.39260000,4016460.50380000
2026-05-23 14:00:00,0.39260000,0.42210000,0.39020000,0.41660000,4955448.02189000
2026-05-23 18:00:00,0.41660000,0.42690000,0.40930000,0.42620000,4235011.77295000
2026-05-23 22:00:00,0.42620000,0.42730000,0.41460000,0.42610000,3155001.22872000
2026-05-24 02:00:00,0.42610000,0.43690000,0.41820000,0.42200000,2449601.39241000
2026-05-24 06:00:00,0.42200000,0.44250000,0.41920000,0.43210000,3258052.85993000
2026-05-24 10:00:00,0.43210000,0.44500000,0.43180000,0.44240000,2623451.16892000
2026-05-24 14:00:00,0.44240000,0.45090000,0.42850000,0.44290000,5582783.24965000
2026-05-24 18:00:00,0.44290000,0.45230000,0.43680000,0.43750000,4786721.50975000
2026-05-24 22:00:00,0.43750000,0.44200000,0.42210000,0.43950000,3429219.89239000
2026-05-25 02:00:00,0.43950000,0.44890000,0.43620000,0.43820000,2687153.93870000
2026-05-25 06:00:00,0.43820000,0.44570000,0.43450000,0.44340000,2317885.53222000
2026-05-25 10:00:00,0.44340000,0.44410000,0.42810000,0.43110000,2205052.65025000
2026-05-25 14:00:00,0.43110000,0.44380000,0.42830000,0.43570000,3364546.01662000
2026-05-25 18:00:00,0.43570000,0.44210000,0.43090000,0.43540000,3027182.48123000
2026-05-25 22:00:00,0.43540000,0.44330000,0.42400000,0.42730000,3218551.56471000
2026-05-26 02:00:00,0.42730000,0.42960000,0.40840000,0.41340000,3563648.04681000
2026-05-26 06:00:00,0.41340000,0.42530000,0.41350000,0.42040000,1786037.32063000
2026-05-26 10:00:00,0.42040000,0.43230000,0.41670000,0.42050000,2339807.34743000
2026-05-26 14:00:00,0.42050000,0.42290000,0.41010000,0.41760000,3737577.67290000
2026-05-26 18:00:00,0.41760000,0.42920000,0.40430000,0.40750000,3320881.65088000
2026-05-26 22:00:00,0.40750000,0.41290000,0.40450000,0.40530000,1028846.53248000
2026-05-27 02:00:00,0.40530000,0.41280000,0.40200000,0.40740000,2059124.44774000
2026-05-27 06:00:00,0.40740000,0.41440000,0.40340000,0.40650000,1381642.68664000
2026-05-27 10:00:00,0.40650000,0.40870000,0.39490000,0.39640000,2556727.68961000
2026-05-27 14:00:00,0.39640000,0.40740000,0.39290000,0.40210000,2738592.66289000
2026-05-27 18:00:00,0.40210000,0.40360000,0.39140000,0.39660000,2398688.15774000
2026-05-27 22:00:00,0.39660000,0.40070000,0.38310000,0.38310000,2608635.59410000
2026-05-28 02:00:00,0.38310000,0.38580000,0.36020000,0.36040000,2914874.94661000
2026-05-28 06:00:00,0.36040000,0.36470000,0.35120000,0.36190000,2802931.00052000
2026-05-28 10:00:00,0.36190000,0.36530000,0.35480000,0.35890000,2340049.19442000
2026-05-28 14:00:00,0.35890000,0.36490000,0.35440000,0.36110000,4395865.42179000
2026-05-28 18:00:00,0.36110000,0.37550000,0.35940000,0.36920000,2313682.79423000
2026-05-28 22:00:00,0.36920000,0.37490000,0.36590000,0.36870000,1291643.81367000
2026-05-29 02:00:00,0.36870000,0.37310000,0.36330000,0.36440000,1724969.11729000
2026-05-29 06:00:00,0.36440000,0.37390000,0.36160000,0.36870000,983566.73746000
2026-05-29 10:00:00,0.36870000,0.37440000,0.36210000,0.36530000,1472191.40338000
2026-05-29 14:00:00,0.36530000,0.37250000,0.35520000,0.36920000,3152128.08812000
2026-05-29 18:00:00,0.36920000,0.37080000,0.35950000,0.36200000,2606542.39758000
2026-05-29 22:00:00,0.36200000,0.36430000,0.35290000,0.35450000,1436165.35983000
2026-05-30 02:00:00,0.35450000,0.35540000,0.34500000,0.34910000,3671313.79845000
2026-05-30 06:00:00,0.34910000,0.35280000,0.34460000,0.34590000,986906.37800000
2026-05-30 10:00:00,0.34590000,0.34830000,0.34360000,0.34790000,892669.61973000
2026-05-30 14:00:00,0.34790000,0.34820000,0.34120000,0.34260000,1450372.68759000
2026-05-30 18:00:00,0.34260000,0.35740000,0.34180000,0.35520000,2690292.80610000
2026-05-30 22:00:00,0.35520000,0.37870000,0.35340000,0.37570000,6595020.26008000
2026-05-31 02:00:00,0.37570000,0.38860000,0.36260000,0.37610000,4755559.61652000
2026-05-31 06:00:00,0.37610000,0.37720000,0.36010000,0.36130000,2386400.25940000
2026-05-31 10:00:00,0.36130000,0.36730000,0.35670000,0.35860000,2292152.29688000
2026-05-31 14:00:00,0.35860000,0.36240000,0.35310000,0.35960000,2813606.04455000
2026-05-31 18:00:00,0.35960000,0.36090000,0.35380000,0.35780000,1133281.71253000
2026-05-31 22:00:00,0.35780000,0.36680000,0.35780000,0.36380000,1694717.08560000
2026-06-01 02:00:00,0.36380000,0.37300000,0.35960000,0.36980000,2864235.09397000
2026-06-01 06:00:00,0.36980000,0.37180000,0.35190000,0.35300000,2360747.47979000
2026-06-01 10:00:00,0.35300000,0.37340000,0.34760000,0.35180000,3885193.64674000
2026-06-01 14:00:00,0.35180000,0.35750000,0.34380000,0.34660000,3255688.37704000
2026-06-01 18:00:00,0.34660000,0.35970000,0.34320000,0.35760000,2169487.11411000
2026-06-01 22:00:00,0.35760000,0.35850000,0.34890000,0.35630000,1597800.86001000
2026-06-02 02:00:00,0.35630000,0.36750000,0.34450000,0.36410000,1978722.06866000
2026-06-02 06:00:00,0.36410000,0.36740000,0.34820000,0.35380000,2665571.62797000
2026-06-02 10:00:00,0.35380000,0.36190000,0.35050000,0.35890000,1848564.94849000
2026-06-02 14:00:00,0.35890000,0.37780000,0.35210000,0.36370000,6296862.66016000
2026-06-02 18:00:00,0.36370000,0.39610000,0.36110000,0.38520000,6615274.21947000
2026-06-02 22:00:00,0.38520000,0.40230000,0.37840000,0.38860000,6942535.06022000
2026-06-03 02:00:00,0.38860000,0.39540000,0.37660000,0.37870000,2931516.14144000
2026-06-03 06:00:00,0.37870000,0.42050000,0.37860000,0.41090000,4595684.19928000
2026-06-03 10:00:00,0.41090000,0.42970000,0.40870000,0.41420000,4115617.84793000
2026-06-03 14:00:00,0.41420000,0.43290000,0.41150000,0.42270000,4942487.04381000
2026-06-03 18:00:00,0.42270000,0.42840000,0.41450000,0.42260000,2652492.59428000
2026-06-03 22:00:00,0.42260000,0.42910000,0.41290000,0.41350000,2884807.36578000
2026-06-04 02:00:00,0.41350000,0.42500000,0.37760000,0.41060000,7702038.45121000
2026-06-04 06:00:00,0.41060000,0.41160000,0.37880000,0.37910000,4970168.86322000
2026-06-04 10:00:00,0.37910000,0.38210000,0.34960000,0.36230000,5376471.12160000
2026-06-04 14:00:00,0.36230000,0.39120000,0.36130000,0.38210000,4214036.52754000
2026-06-04 18:00:00,0.38210000,0.39460000,0.37540000,0.38170000,3614358.06344000
2026-06-04 22:00:00,0.38170000,0.38210000,0.36300000,0.36990000,1841514.72707000
2026-06-05 02:00:00,0.36990000,0.37510000,0.35610000,0.35750000,2219845.08395000
2026-06-05 06:00:00,0.35750000,0.37020000,0.34210000,0.36430000,3446035.31298000
2026-06-05 10:00:00,0.36430000,0.36440000,0.34830000,0.35010000,2371791.81816000
2026-06-05 14:00:00,0.35010000,0.36270000,0.32570000,0.33020000,5341303.62877000
2026-06-05 18:00:00,0.33020000,0.34540000,0.32090000,0.33240000,4473826.59699000
2026-06-05 22:00:00,0.33240000,0.35190000,0.32730000,0.34400000,2472524.24827000
2026-06-06 02:00:00,0.34400000,0.34860000,0.32590000,0.32950000,1264705.05902000
2026-06-06 06:00:00,0.32950000,0.33520000,0.31270000,0.33030000,1848403.17461000
2026-06-06 10:00:00,0.33030000,0.33790000,0.31950000,0.32350000,1485220.41683000
2026-06-06 14:00:00,0.32350000,0.33180000,0.32110000,0.32520000,1286129.60762000
2026-06-06 18:00:00,0.32520000,0.33030000,0.31890000,0.31930000,1091124.41148000
2026-06-06 22:00:00,0.31930000,0.32610000,0.31790000,0.32420000,663201.97807000
2026-06-07 02:00:00,0.32420000,0.33880000,0.32180000,0.33310000,1243097.69587000
2026-06-07 06:00:00,0.33310000,0.35410000,0.33030000,0.34920000,1468573.55747000
2026-06-07 10:00:00,0.34920000,0.35740000,0.33950000,0.34330000,1659458.58620000
2026-06-07 14:00:00,0.34330000,0.35250000,0.33270000,0.34840000,1734212.73515000
2026-06-07 18:00:00,0.34840000,0.35130000,0.33000000,0.33240000,1463078.29538000
2026-06-07 22:00:00,0.33240000,0.35360000,0.33120000,0.34910000,1523891.57308000
2026-06-08 02:00:00,0.34910000,0.35420000,0.34280000,0.34950000,916780.28394000
2026-06-08 06:00:00,0.34950000,0.36550000,0.34170000,0.36220000,1498578.74171000
2026-06-08 10:00:00,0.36220000,0.37050000,0.35470000,0.36360000,4650924.31713000
2026-06-08 14:00:00,0.36360000,0.37090000,0.35820000,0.36970000,4117434.60803000
2026-06-08 18:00:00,0.36970000,0.37950000,0.36620000,0.37460000,3327412.11896000
2026-06-08 22:00:00,0.37460000,0.37810000,0.36290000,0.36450000,2021822.46972000
2026-06-09 02:00:00,0.36450000,0.36490000,0.35210000,0.35560000,1315903.06719000
2026-06-09 06:00:00,0.35560000,0.37360000,0.35450000,0.37220000,1542112.39497000
2026-06-09 10:00:00,0.37220000,0.37480000,0.35940000,0.36060000,1977459.44686000
2026-06-09 14:00:00,0.36060000,0.36820000,0.35540000,0.35650000,2654000.78044000
2026-06-09 18:00:00,0.35650000,0.36450000,0.34680000,0.36080000,2121570.21263000
2026-06-09 22:00:00,0.36080000,0.36820000,0.35530000,0.35740000,984738.81828000
2026-06-10 02:00:00,0.35740000,0.36450000,0.35030000,0.35150000,1213200.60826000
2026-06-10 06:00:00,0.35150000,0.35210000,0.34390000,0.34860000,1149660.12795000
2026-06-10 10:00:00,0.34860000,0.34870000,0.33900000,0.34080000,1323671.85395000
2026-06-10 14:00:00,0.34080000,0.35990000,0.33920000,0.35310000,3491270.88337000
2026-06-10 18:00:00,0.35310000,0.35430000,0.33380000,0.33440000,2275387.97008000
2026-06-10 22:00:00,0.33440000,0.33590000,0.32680000,0.33290000,1512036.13013000
2026-06-11 02:00:00,0.33290000,0.34810000,0.33210000,0.34550000,1090037.90354000
2026-06-11 06:00:00,0.34550000,0.34860000,0.34250000,0.34640000,1004479.05463000
2026-06-11 10:00:00,0.34640000,0.35240000,0.34370000,0.34880000,1149466.05835000
2026-06-11 14:00:00,0.34880000,0.35660000,0.34210000,0.35000000,2355719.98654000
2026-06-11 18:00:00,0.35000000,0.36340000,0.34390000,0.36270000,1552791.68784000
2026-06-11 22:00:00,0.36270000,0.36940000,0.35640000,0.36550000,1407985.99469000
2026-06-12 02:00:00,0.36550000,0.36910000,0.36140000,0.36380000,624314.73675000
2026-06-12 06:00:00,0.36380000,0.36670000,0.35350000,0.35730000,935017.13933000
2026-06-12 10:00:00,0.35730000,0.36850000,0.35710000,0.36610000,1470147.14662000
2026-06-12 14:00:00,0.36610000,0.37040000,0.35620000,0.35910000,1961106.93525000
2026-06-12 18:00:00,0.35910000,0.36910000,0.35760000,0.35840000,2030414.78856000
2026-06-12 22:00:00,0.35840000,0.35880000,0.35170000,0.35360000,1507282.38696000
2026-06-13 02:00:00,0.35360000,0.35970000,0.35230000,0.35510000,1010793.18709000
2026-06-13 06:00:00,0.35510000,0.36520000,0.35270000,0.36510000,1235573.33314000
2026-06-13 10:00:00,0.36510000,0.36820000,0.36080000,0.36670000,1021062.46828000
2026-06-13 14:00:00,0.36670000,0.37620000,0.36560000,0.37160000,1758843.06084000
2026-06-13 18:00:00,0.37160000,0.37190000,0.36450000,0.36530000,1518737.75983000
2026-06-13 22:00:00,0.36530000,0.37020000,0.36180000,0.36470000,1775649.94520000
2026-06-14 02:00:00,0.36470000,0.36600000,0.35970000,0.36190000,686593.00426000
2026-06-14 06:00:00,0.36190000,0.36300000,0.35660000,0.35870000,972999.91780000
2026-06-14 10:00:00,0.35870000,0.36230000,0.35590000,0.35610000,1107358.05492000
2026-06-14 14:00:00,0.35610000,0.35650000,0.34350000,0.34830000,2377721.17287000
2026-06-14 18:00:00,0.34830000,0.35050000,0.34430000,0.34550000,771964.82968000
2026-06-14 22:00:00,0.34550000,0.37020000,0.34470000,0.36780000,1987991.78075000
2026-06-15 02:00:00,0.36780000,0.38260000,0.36250000,0.37820000,1595195.63197000
2026-06-15 06:00:00,0.37820000,0.38550000,0.37650000,0.37730000,1529482.68254000
2026-06-15 10:00:00,0.37730000,0.38590000,0.37670000,0.38300000,1567334.11146000
2026-06-15 14:00:00,0.38300000,0.39200000,0.37930000,0.38920000,2461396.37083000
2026-06-15 18:00:00,0.38920000,0.38920000,0.37400000,0.37520000,1702075.34089000
2026-06-15 22:00:00,0.37520000,0.37740000,0.36530000,0.36990000,1305060.87952000
2026-06-16 02:00:00,0.36990000,0.37510000,0.36270000,0.37450000,1554308.45858000
2026-06-16 06:00:00,0.37450000,0.37870000,0.36700000,0.37790000,1404904.68658000
2026-06-16 10:00:00,0.37790000,0.39080000,0.37670000,0.38440000,1747973.16264000
2026-06-16 14:00:00,0.38440000,0.38710000,0.36550000,0.37010000,2761458.63639000
2026-06-16 18:00:00,0.37010000,0.37270000,0.36450000,0.36640000,1173789.99302000
2026-06-16 22:00:00,0.36640000,0.37940000,0.36540000,0.36950000,807654.93569000
2026-06-17 02:00:00,0.36950000,0.38330000,0.36960000,0.37810000,1193708.01071000
2026-06-17 06:00:00,0.37810000,0.38260000,0.36930000,0.37130000,1032369.68804000
2026-06-17 10:00:00,0.37130000,0.37290000,0.36520000,0.37110000,1143676.53233000
2026-06-17 14:00:00,0.37110000,0.38270000,0.36370000,0.38270000,1875057.74631000
2026-06-17 18:00:00,0.38270000,0.38430000,0.36470000,0.36660000,2901172.68006000
2026-06-17 22:00:00,0.36660000,0.37090000,0.35730000,0.36470000,1343184.35637000
2026-06-18 02:00:00,0.36470000,0.37240000,0.36250000,0.36420000,1376509.30172000
2026-06-18 06:00:00,0.36420000,0.36560000,0.35300000,0.36390000,1228082.17821000
2026-06-18 10:00:00,0.36390000,0.37160000,0.35960000,0.36200000,1611079.62994000
2026-06-18 14:00:00,0.36200000,0.37850000,0.35540000,0.35610000,3328075.03098000
2026-06-18 18:00:00,0.35610000,0.36180000,0.34980000,0.35670000,2197408.86933000
2026-06-18 22:00:00,0.35670000,0.36650000,0.35670000,0.36620000,970214.92722000
2026-06-19 02:00:00,0.36620000,0.36660000,0.35380000,0.35770000,861001.06609000
2026-06-19 06:00:00,0.35770000,0.36060000,0.34680000,0.34850000,1172418.08597000
2026-06-19 10:00:00,0.34850000,0.35300000,0.34480000,0.34810000,899297.78735000
2026-06-19 14:00:00,0.34810000,0.35990000,0.34510000,0.35460000,1586021.86255000
2026-06-19 18:00:00,0.35460000,0.35730000,0.34790000,0.34930000,1086919.78172000
2026-06-19 22:00:00,0.34930000,0.35660000,0.34760000,0.35550000,744326.13248000
2026-06-20 02:00:00,0.35550000,0.35660000,0.34830000,0.34980000,378021.81354000
2026-06-20 06:00:00,0.34980000,0.35460000,0.34820000,0.35010000,1257630.23278000
2026-06-20 10:00:00,0.35010000,0.35260000,0.34660000,0.34740000,858033.57341000
2026-06-20 14:00:00,0.34740000,0.34940000,0.33670000,0.34420000,2423292.83029000
2026-06-20 18:00:00,0.34420000,0.34430000,0.33570000,0.33850000,927990.49033000
2026-06-20 22:00:00,0.33850000,0.34540000,0.33730000,0.34330000,750939.34589000
2026-06-21 02:00:00,0.34330000,0.34350000,0.33740000,0.34010000,566861.38060000
2026-06-21 06:00:00,0.34010000,0.34120000,0.33590000,0.33850000,818013.06690000
2026-06-21 10:00:00,0.33850000,0.34290000,0.33390000,0.33670000,2213223.75431000
2026-06-21 14:00:00,0.33670000,0.34260000,0.33550000,0.34140000,787347.79974000
2026-06-21 18:00:00,0.34140000,0.34170000,0.33580000,0.34030000,1066973.79703000
2026-06-21 22:00:00,0.34030000,0.34050000,0.32920000,0.32960000,928503.58997000
2026-06-22 02:00:00,0.32960000,0.34170000,0.32950000,0.33340000,836427.90518000
2026-06-22 06:00:00,0.33340000,0.33940000,0.33250000,0.33730000,585687.58973000
2026-06-22 10:00:00,0.33730000,0.33990000,0.33340000,0.33920000,739312.21145000
2026-06-22 14:00:00,0.33920000,0.34390000,0.33180000,0.33270000,1746789.16266000
2026-06-22 18:00:00,0.33270000,0.33370000,0.32870000,0.33080000,1020979.47097000
2026-06-22 22:00:00,0.33080000,0.33310000,0.32570000,0.32880000,834248.00675000
2026-06-23 02:00:00,0.32880000,0.32920000,0.32230000,0.32470000,582819.72120000
2026-06-23 06:00:00,0.32470000,0.32510000,0.31020000,0.31430000,1253873.24757000
2026-06-23 10:00:00,0.31430000,0.31670000,0.30870000,0.31340000,1243575.69566000
2026-06-23 14:00:00,0.31340000,0.31570000,0.30790000,0.31070000,1284225.15649000
2026-06-23 18:00:00,0.31070000,0.31300000,0.30820000,0.31160000,846922.67996000
2026-06-23 22:00:00,0.31160000,0.31630000,0.31140000,0.31460000,688697.94351000
2026-06-24 02:00:00,0.31460000,0.31560000,0.30740000,0.30890000,497392.30027000
2026-06-24 06:00:00,0.30890000,0.31190000,0.30570000,0.30710000,476007.03060000
2026-06-24 10:00:00,0.30710000,0.30910000,0.30170000,0.30670000,823834.13498000
2026-06-24 14:00:00,0.30670000,0.30820000,0.29660000,0.29820000,1813527.16323000
2026-06-24 18:00:00,0.29820000,0.30420000,0.29330000,0.30170000,1581106.00718000
2026-06-24 22:00:00,0.30170000,0.31440000,0.30100000,0.31430000,1039318.50076000
2026-06-25 02:00:00,0.31430000,0.31940000,0.31260000,0.31470000,819544.67674000
2026-06-25 06:00:00,0.31470000,0.32360000,0.31220000,0.32000000,891967.69542000
2026-06-25 10:00:00,0.32000000,0.32020000,0.31140000,0.31260000,852600.88937000
2026-06-25 14:00:00,0.31260000,0.32010000,0.29520000,0.30860000,2391370.99740000
2026-06-25 18:00:00,0.30860000,0.31320000,0.30290000,0.30640000,1101937.73460000
2026-06-25 22:00:00,0.30640000,0.31530000,0.30650000,0.31370000,598419.17843000
2026-06-26 02:00:00,0.31370000,0.31550000,0.30160000,0.30890000,940529.07159000
2026-06-26 06:00:00,0.30890000,0.31830000,0.30610000,0.31700000,633550.65095000
2026-06-26 10:00:00,0.31700000,0.31760000,0.30540000,0.30650000,532972.64767000
2026-06-26 14:00:00,0.30650000,0.31690000,0.30290000,0.31520000,981140.60051000
2026-06-26 18:00:00,0.31520000,0.32060000,0.31260000,0.31710000,841674.88361000
2026-06-26 22:00:00,0.31710000,0.32100000,0.31410000,0.31700000,413860.97758000
2026-06-27 02:00:00,0.31700000,0.32240000,0.31400000,0.32100000,435404.87571000
2026-06-27 06:00:00,0.32100000,0.32310000,0.31740000,0.31920000,399876.54312000
2026-06-27 10:00:00,0.31920000,0.31920000,0.31490000,0.31790000,338922.83941000
2026-06-27 14:00:00,0.31790000,0.32130000,0.31610000,0.31900000,432476.98987000
2026-06-27 18:00:00,0.31900000,0.31920000,0.30920000,0.31180000,725127.02379000
2026-06-27 22:00:00,0.31180000,0.31460000,0.30920000,0.31080000,576511.29660000
2026-06-28 02:00:00,0.31080000,0.31330000,0.30810000,0.31010000,297882.97771000
2026-06-28 06:00:00,0.31010000,0.31100000,0.30650000,0.31050000,297069.03920000
2026-06-28 10:00:00,0.31050000,0.31310000,0.30750000,0.30980000,333430.80953000
2026-06-28 14:00:00,0.30980000,0.31250000,0.30750000,0.30830000,613744.84046000
2026-06-28 18:00:00,0.30830000,0.30960000,0.30490000,0.30730000,708651.81735000
2026-06-28 22:00:00,0.30730000,0.31080000,0.30400000,0.30950000,584777.86190000
2026-06-29 02:00:00,0.30950000,0.31340000,0.30530000,0.31210000,575744.78145000
2026-06-29 06:00:00,0.31210000,0.31320000,0.30830000,0.31130000,356524.10778000
2026-06-29 10:00:00,0.31130000,0.31450000,0.30920000,0.31100000,536995.39869000
2026-06-29 14:00:00,0.31100000,0.31650000,0.30770000,0.31210000,1198117.84997000
2026-06-29 18:00:00,0.31210000,0.32250000,0.31090000,0.31930000,905127.29710000
2026-06-29 22:00:00,0.31930000,0.32010000,0.31570000,0.31730000,359213.08048000
2026-06-30 02:00:00,0.31730000,0.31750000,0.31070000,0.31190000,409214.81744000
2026-06-30 06:00:00,0.31190000,0.31740000,0.31060000,0.31410000,379644.44291000
2026-06-30 10:00:00,0.31410000,0.31410000,0.30820000,0.30880000,443502.97760000
2026-06-30 14:00:00,0.30880000,0.31190000,0.30440000,0.30870000,1228846.07911000
2026-06-30 18:00:00,0.30870000,0.31260000,0.30650000,0.31180000,429442.74718000
2026-06-30 22:00:00,0.31180000,0.31340000,0.30770000,0.30820000,243055.15049000
2026-07-01 02:00:00,0.30820000,0.31520000,0.30260000,0.31460000,852169.97055000
2026-07-01 06:00:00,0.31460000,0.31620000,0.30820000,0.31140000,533727.37477000
2026-07-01 10:00:00,0.31140000,0.31290000,0.30810000,0.31070000,549768.71973000
2026-07-01 14:00:00,0.31070000,0.32140000,0.30740000,0.32060000,1503472.58115000
2026-07-01 18:00:00,0.32060000,0.32210000,0.31640000,0.31790000,626916.71331000
2026-07-01 22:00:00,0.31790000,0.33070000,0.31670000,0.32450000,1126086.36902000
2026-07-02 02:00:00,0.32450000,0.33670000,0.32210000,0.33360000,1010320.26502000
2026-07-02 06:00:00,0.33360000,0.33370000,0.32800000,0.33060000,575676.69179000
2026-07-02 10:00:00,0.33060000,0.33550000,0.33000000,0.33380000,698502.41040000
2026-07-02 14:00:00,0.33380000,0.33940000,0.33040000,0.33310000,1570907.71578000
2026-07-02 18:00:00,0.33310000,0.33480000,0.33000000,0.33100000,538173.53311000
2026-07-02 22:00:00,0.33100000,0.33180000,0.32610000,0.32830000,588723.10569000
2026-07-03 02:00:00,0.32830000,0.33490000,0.32740000,0.33160000,687107.13266000
2026-07-03 06:00:00,0.33160000,0.33190000,0.32880000,0.33040000,373289.72193000
2026-07-03 10:00:00,0.33040000,0.33370000,0.32850000,0.33360000,608906.92994000
2026-07-03 14:00:00,0.33360000,0.33820000,0.33130000,0.33190000,1066639.91878000
2026-07-03 18:00:00,0.33190000,0.33750000,0.32990000,0.33500000,745464.83410000
2026-07-03 22:00:00,0.33500000,0.33920000,0.33290000,0.33390000,1004644.20387000
2026-07-04 02:00:00,0.33390000,0.33810000,0.33140000,0.33590000,731278.28242000
2026-07-04 06:00:00,0.33590000,0.33940000,0.33130000,0.33260000,481058.75128000
2026-07-04 10:00:00,0.33260000,0.33440000,0.32930000,0.33140000,605718.82114000
2026-07-04 14:00:00,0.33140000,0.33700000,0.33080000,0.33620000,614935.63329000
2026-07-04 18:00:00,0.33620000,0.34800000,0.33480000,0.33980000,1784401.71992000
2026-07-04 22:00:00,0.33980000,0.34110000,0.33380000,0.33570000,689720.78533000
2026-07-05 02:00:00,0.33570000,0.33570000,0.32580000,0.32700000,816882.06915000
2026-07-05 06:00:00,0.32700000,0.32970000,0.32630000,0.32960000,442577.65655000
2026-07-05 10:00:00,0.32960000,0.33020000,0.32270000,0.32460000,749853.19701000
2026-07-05 14:00:00,0.32460000,0.33150000,0.32390000,0.33000000,780948.82461000
2026-07-05 18:00:00,0.33000000,0.33080000,0.32640000,0.32960000,419416.47385000
2026-07-05 22:00:00,0.32960000,0.33650000,0.32840000,0.33280000,817250.77944000
2026-07-06 02:00:00,0.33280000,0.33520000,0.32690000,0.32820000,788043.85630000
2026-07-06 06:00:00,0.32820000,0.32840000,0.32380000,0.32640000,466861.33002000
2026-07-06 10:00:00,0.32640000,0.33450000,0.32380000,0.32880000,892464.77466000
2026-07-06 14:00:00,0.32880000,0.33640000,0.32310000,0.33590000,1246605.68970000
2026-07-06 18:00:00,0.33590000,0.33960000,0.33380000,0.33770000,830999.15703000
2026-07-06 22:00:00,0.33770000,0.34160000,0.33280000,0.33290000,428957.17160000
2026-07-07 02:00:00,0.33290000,0.33690000,0.32760000,0.32850000,642504.57972000
2026-07-07 06:00:00,0.32850000,0.33250000,0.32640000,0.33070000,535002.49543000
2026-07-07 10:00:00,0.33070000,0.33300000,0.32840000,0.33200000,408930.21787000
2026-07-07 14:00:00,0.33200000,0.33670000,0.32780000,0.33670000,835755.07622000
2026-07-07 18:00:00,0.33670000,0.33780000,0.32740000,0.33120000,524157.15459000
2026-07-07 22:00:00,0.33120000,0.33210000,0.32520000,0.32740000,387347.44525000
2026-07-08 02:00:00,0.32740000,0.33240000,0.32300000,0.32740000,561060.26565000
2026-07-08 06:00:00,0.32740000,0.32740000,0.31750000,0.32050000,706113.77376000
2026-07-08 10:00:00,0.32050000,0.32290000,0.31430000,0.31920000,744713.24793000
2026-07-08 14:00:00,0.31920000,0.32010000,0.30890000,0.31130000,1143434.47302000
2026-07-08 18:00:00,0.31130000,0.31780000,0.31120000,0.31490000,400944.79246000
2026-07-08 22:00:00,0.31490000,0.31670000,0.31220000,0.31560000,375650.06267000
2026-07-09 02:00:00,0.31560000,0.31650000,0.30920000,0.31320000,457474.17574000
2026-07-09 06:00:00,0.31320000,0.32180000,0.31290000,0.31890000,777433.79478000
2026-07-09 10:00:00,0.31890000,0.31990000,0.31600000,0.31790000,476108.68974000
2026-07-09 14:00:00,0.31790000,0.32030000,0.31430000,0.31680000,492654.71606000
2026-07-09 18:00:00,0.31680000,0.32030000,0.31330000,0.31820000,494095.02843000
2026-07-09 22:00:00,0.31820000,0.31870000,0.31560000,0.31650000,213497.03046000
2026-07-10 02:00:00,0.31650000,0.32290000,0.31440000,0.32040000,460312.15470000
2026-07-10 06:00:00,0.32040000,0.32470000,0.32000000,0.32070000,528366.24119000
2026-07-10 10:00:00,0.32070000,0.32820000,0.32040000,0.32690000,626367.11875000
2026-07-10 14:00:00,0.32690000,0.33050000,0.32200000,0.32620000,1279209.94618000
2026-07-10 18:00:00,0.32620000,0.32910000,0.32410000,0.32630000,422069.10805000
2026-07-10 22:00:00,0.32630000,0.33040000,0.32440000,0.32810000,274739.68022000
